Electrode,Cluster,onset_start_ms,onset_end_ms,onset_duration_ms,span_start_ms,span_end_ms,span_duration_ms,Num_Spikes,RS,Method
microGPi_L_1-2+,4,83845.28384,84350.68928,505.4054400000023,83845.28384,84350.68928,505.4054400000023,4,4.263095360785549,RankSurprise
microGPi_L_1-2+,4,103630.27456,105154.9696,1524.6950399999914,103630.27456,105154.9696,1524.6950399999914,6,3.7552367341875357,RankSurprise
microGPi_L_1-2+,4,150272.53248,153476.25984,3203.727360000019,150272.53248,153476.25984,3203.727360000019,10,4.489504460281252,RankSurprise
microGPi_L_1-2+,4,168545.23904,168611.79904,66.56000000002678,168545.23904,168611.79904,66.56000000002678,3,5.612802774058228,RankSurprise
microGPi_L_1-2+,4,230424.86272,230561.87392,137.0112000000081,230424.86272,230561.87392,137.0112000000081,3,4.497690405688731,RankSurprise
microGPi_L_1-2+,4,234460.07808,236082.09408,1622.0160000000033,234460.07808,236082.09408,1622.0160000000033,6,3.744926093561033,RankSurprise
microGPi_L_1-2+,4,292796.08832,292932.32128,136.2329599999939,292796.08832,292932.32128,136.2329599999939,3,4.791822221988398,RankSurprise
microGPi_L_1-2+,4,294380.66688,295356.0064,975.3395200000377,294380.66688,295356.0064,975.3395200000377,5,3.5131525994127095,RankSurprise
microGPi_L_1-2+,4,341064.66304,341202.1248,137.4617599999765,341064.66304,341202.1248,137.4617599999765,3,4.567267901571171,RankSurprise
microGPi_L_1-2+,4,359963.68896,360106.27072,142.58175999997184,359963.68896,360106.27072,142.58175999997184,3,4.602985984173248,RankSurprise
microGPi_L_1-2+,4,364650.496,364896.78848,246.2924800000037,364650.496,364896.78848,246.2924800000037,4,5.890134435635499,RankSurprise
microGPi_L_1-2+,4,370868.46976,371686.07232,817.6025599999703,370868.46976,371686.07232,817.6025599999703,5,3.909404846531949,RankSurprise
microGPi_L_1-2+,4,375750.73792,375986.62656,235.88864000001922,375750.73792,375986.62656,235.88864000001922,4,6.044025123261061,RankSurprise
microGPi_L_1-2+,4,380113.3056,380302.09024,188.78463999996893,380113.3056,380302.09024,188.78463999996893,3,3.935156611597595,RankSurprise
microGPi_L_1-2+,4,387041.44384,392551.66976,5510.225919999997,387041.44384,392551.66976,5510.225919999997,14,4.914877068289664,RankSurprise
microGPi_L_1-3+,0,22920.43776,23319.01952,398.58176000000094,22920.43776,23319.01952,398.58176000000094,5,4.0915794301760116,RankSurprise
microGPi_L_1-3+,0,39280.80384,40742.54336,1461.7395200000028,39280.80384,40742.54336,1461.7395200000028,11,6.322468305868409,RankSurprise
microGPi_L_1-3+,0,63781.43744,65085.27616,1303.8387199999997,63781.43744,65085.27616,1303.8387199999997,9,4.818054242565845,RankSurprise
microGPi_L_1-3+,0,68746.24,69269.0944,522.8543999999965,68746.24,69269.0944,522.8543999999965,6,5.014970272657926,RankSurprise
microGPi_L_1-3+,0,87449.76384,87523.5328,73.76896000000124,87449.76384,87523.5328,73.76896000000124,3,4.5755777383207334,RankSurprise
microGPi_L_1-3+,0,92222.54592,92278.04672,55.50079999999434,92222.54592,92278.04672,55.50079999999434,3,5.1603711797538026,RankSurprise
microGPi_L_1-3+,0,147243.86816,147292.52864,48.66047999999137,147243.86816,147292.52864,48.66047999999137,3,5.263624213072065,RankSurprise
microGPi_L_1-3+,0,166126.63296,166514.19648,387.56352000002516,166126.63296,166514.19648,387.56352000002516,7,8.14578656198934,RankSurprise
microGPi_L_1-3+,0,207667.56864,207784.38656,116.81792000000132,207667.56864,207784.38656,116.81792000000132,3,3.576575697933041,RankSurprise
microGPi_L_1-3+,0,210468.864,210680.6272,211.76319999998668,210468.864,210680.6272,211.76319999998668,4,4.35259057244037,RankSurprise
microGPi_L_1-3+,0,233338.96192,234697.15456,1358.1926399999938,233338.96192,234697.15456,1358.1926399999938,9,4.506470633855711,RankSurprise
microGPi_L_1-3+,0,247170.8672,247238.12352,67.25631999998586,247170.8672,247238.12352,67.25631999998586,3,4.772786496923487,RankSurprise
microGPi_L_1-3+,0,248793.62048,248858.4192,64.79871999999159,248793.62048,248858.4192,64.79871999999159,3,4.857457596692409,RankSurprise
microGPi_L_1-3+,0,295320.41216,295631.872,311.4598399999668,295320.41216,295631.872,311.4598399999668,5,5.138671251027745,RankSurprise
microGPi_L_1-3+,0,300739.74784,301305.32352,565.5756799999508,300739.74784,301305.32352,565.5756799999508,6,4.641407676889814,RankSurprise
microGPi_L_1-3+,0,345446.15424,345517.83424,71.67999999999302,345446.15424,345517.83424,71.67999999999302,3,4.6521438653808005,RankSurprise
microGPi_L_1-3+,0,348055.22432,349662.33088,1607.1065600000438,348055.22432,349662.33088,1607.1065600000438,10,4.4235014628658265,RankSurprise
microGPi_L_1-3+,0,351408.7424,351660.48256,251.74015999998664,351408.7424,351660.48256,251.74015999998664,4,3.7757090483552496,RankSurprise
microGPi_L_1-3+,0,352872.07936,353012.20352,140.12416000000667,352872.07936,353012.20352,140.12416000000667,4,5.650801056957992,RankSurprise
microGPi_L_1-3+,0,363302.83008,364139.19232,836.3622399999877,363302.83008,364139.19232,836.3622399999877,8,5.414888120255295,RankSurprise
microGPi_L_1-3+,0,380457.90208,381960.56064,1502.6585599999526,380457.90208,381960.56064,1502.6585599999526,10,4.801559183386505,RankSurprise
microGPi_L_1-3+,0,385100.67712,387832.13568,2731.458559999999,385100.67712,387832.13568,2731.458559999999,13,3.6738990746366285,RankSurprise
microGPi_L_1-3+,0,389269.504,391895.32672,2625.8227199999965,389269.504,391895.32672,2625.8227199999965,24,17.364501218635823,RankSurprise
microGPi_L_1-3+,1,11698.50368,11769.48736,70.98367999999937,11698.50368,11769.48736,70.98367999999937,4,5.598835421935583,RankSurprise
microGPi_L_1-3+,1,16331.776,16387.11296,55.336959999998726,16331.776,16387.11296,55.336959999998726,3,3.7375088414579416,RankSurprise
microGPi_L_1-3+,1,17755.50464,17808.71168,53.20704000000114,17755.50464,17808.71168,53.20704000000114,3,3.7435511559139023,RankSurprise
microGPi_L_1-3+,1,20978.97472,21015.26528,36.29056000000128,20978.97472,21015.26528,36.29056000000128,3,4.438402616828089,RankSurprise
microGPi_L_1-3+,1,37506.21184,37686.0672,179.8553599999941,37506.21184,37686.0672,179.8553599999941,5,4.699155585541028,RankSurprise
microGPi_L_1-3+,1,48173.6704,48211.64032,37.96991999999591,48173.6704,48211.64032,37.96991999999591,3,4.346335749913562,RankSurprise
microGPi_L_1-3+,1,49520.10752,49567.08864,46.98112000000401,49520.10752,49567.08864,46.98112000000401,3,3.9472251258554003,RankSurprise
microGPi_L_1-3+,1,51472.54784,51724.65664,252.1088000000018,51472.54784,51724.65664,252.1088000000018,5,3.645403746564668,RankSurprise
microGPi_L_1-3+,1,64377.28256,66534.4,2157.1174399999945,64377.28256,66534.4,2157.1174399999945,19,4.538784573310771,RankSurprise
microGPi_L_1-3+,1,69919.41632,69951.61088,32.194559999988996,69919.41632,69951.61088,32.194559999988996,3,4.580369769421942,RankSurprise
microGPi_L_1-3+,1,76562.47296,76724.30592,161.83295999999973,76562.47296,76724.30592,161.83295999999973,4,3.745499395798447,RankSurprise
microGPi_L_1-3+,1,87197.24544,87624.94976,427.7043200000044,87197.24544,87624.94976,427.7043200000044,8,5.387518572981371,RankSurprise
microGPi_L_1-3+,1,90932.87936,91036.4672,103.58783999999287,90932.87936,91036.4672,103.58783999999287,4,4.403588759210397,RankSurprise
microGPi_L_1-3+,1,93677.89568,93780.09088,102.19520000000193,93677.89568,93780.09088,102.19520000000193,4,4.484868768833952,RankSurprise
microGPi_L_1-3+,1,119154.11456,121377.30048,2223.1859200000035,119154.11456,121377.30048,2223.1859200000035,20,4.698005781975653,RankSurprise
microGPi_L_1-3+,1,125113.9584,125643.3664,529.4079999999958,125113.9584,125643.3664,529.4079999999958,7,4.144378700285554,RankSurprise
microGPi_L_1-3+,1,131441.17248,131769.1392,327.9667199999967,131441.17248,131769.1392,327.9667199999967,6,3.848722315061424,RankSurprise
microGPi_L_1-3+,1,132280.07424,132343.43936,63.36512000000221,132280.07424,132343.43936,63.36512000000221,4,5.925083826640428,RankSurprise
microGPi_L_1-3+,1,137279.61088,137321.14432,41.533439999999246,137279.61088,137321.14432,41.533439999999246,3,4.1221622841784615,RankSurprise
microGPi_L_1-3+,1,149842.20672,149850.27584,8.069120000000112,149842.20672,149850.27584,8.069120000000112,3,7.581740876732974,RankSurprise
microGPi_L_1-3+,1,151641.7024,151884.8,243.09759999997914,151641.7024,151884.8,243.09759999997914,5,3.5954030617139736,RankSurprise
microGPi_L_1-3+,1,159418.69568,159670.39488,251.69920000000275,159418.69568,159670.39488,251.69920000000275,5,3.566280234484225,RankSurprise
microGPi_L_1-3+,1,162223.55456,162362.08128,138.5267200000235,162223.55456,162362.08128,138.5267200000235,4,3.637614132248469,RankSurprise
microGPi_L_1-3+,1,169206.784,169807.4624,600.6783999999752,169206.784,169807.4624,600.6783999999752,8,4.344346782684347,RankSurprise
microGPi_L_1-3+,1,175656.50944,175687.39328,30.88383999999496,175656.50944,175687.39328,30.88383999999496,3,4.608148142601978,RankSurprise
microGPi_L_1-3+,1,190181.7856,190655.97952,474.1939199999906,190181.7856,190655.97952,474.1939199999906,7,4.344625978049564,RankSurprise
microGPi_L_1-3+,1,201055.68256,201265.11104,209.4284800000023,201055.68256,201265.11104,209.4284800000023,5,4.007600246021646,RankSurprise
microGPi_L_1-3+,1,212272.3328,212290.02752,17.694719999999506,212272.3328,212290.02752,17.694719999999506,3,5.898875495744058,RankSurprise
microGPi_L_1-3+,1,216187.45344,216296.52992,109.0764799999888,216187.45344,216296.52992,109.0764799999888,4,4.394169583720888,RankSurprise
microGPi_L_1-3+,1,224101.04832,224327.51616,226.46783999999752,224101.04832,224327.51616,226.46783999999752,5,3.790052378594286,RankSurprise
microGPi_L_1-3+,1,227390.17728,227424.21504,34.03776000000653,227390.17728,227424.21504,34.03776000000653,3,4.455607103563388,RankSurprise
microGPi_L_1-3+,1,230887.79264,230998.99904,111.20639999999548,230887.79264,230998.99904,111.20639999999548,6,8.806076078098691,RankSurprise
microGPi_L_1-3+,1,247473.07008,248579.8912,1106.8211200000078,247473.07008,248579.8912,1106.8211200000078,12,4.159055573885828,RankSurprise
microGPi_L_1-3+,1,249615.60576,249809.59232,193.98655999999028,249615.60576,249809.59232,193.98655999999028,5,4.3951646589751725,RankSurprise
microGPi_L_1-3+,1,271637.42208,271673.42592,36.00384000001941,271637.42208,271673.42592,36.00384000001941,3,4.429855556249631,RankSurprise
microGPi_L_1-3+,1,282192.65024,282205.5936,12.943360000033863,282192.65024,282205.5936,12.943360000033863,3,6.618605506594879,RankSurprise
microGPi_L_1-3+,1,288524.288,290393.00608,1868.7180800000206,288524.288,290393.00608,1868.7180800000206,20,6.643628104494034,RankSurprise
microGPi_L_1-3+,1,294816.27648,295692.73856,876.4620800000266,294816.27648,295692.73856,876.4620800000266,14,8.380634288738435,RankSurprise
microGPi_L_1-3+,1,315019.50976,315165.65504,146.145279999997,315019.50976,315165.65504,146.145279999997,5,5.437311603247984,RankSurprise
microGPi_L_1-3+,1,315986.41152,316164.096,177.68447999999626,315986.41152,316164.096,177.68447999999626,6,6.567580322846176,RankSurprise
microGPi_L_1-3+,1,327789.1584,328228.74112,439.5827200000058,327789.1584,328228.74112,439.5827200000058,10,9.6794243695284,RankSurprise
microGPi_L_1-3+,1,340317.67552,340346.6752,28.999680000008084,340317.67552,340346.6752,28.999680000008084,3,4.964419529020526,RankSurprise
microGPi_L_1-3+,1,342776.13568,342819.67616,43.54047999996692,342776.13568,342819.67616,43.54047999996692,3,4.043298767321634,RankSurprise
microGPi_L_1-3+,1,344668.52864,344701.952,33.423360000015236,344668.52864,344701.952,33.423360000015236,3,4.664889854085363,RankSurprise
microGPi_L_1-3+,1,349669.04832,350194.36032,525.3119999999763,349669.04832,350194.36032,525.3119999999763,10,8.352033382933325,RankSurprise
microGPi_L_1-3+,1,358639.73888,359192.28928,552.5504000000074,358639.73888,359192.28928,552.5504000000074,9,5.456761970944003,RankSurprise
microGPi_L_1-3+,1,363330.64192,364023.02976,692.3878399999812,363330.64192,364023.02976,692.3878399999812,12,8.341725176390863,RankSurprise
microGPi_L_1-3+,1,366192.06656,366312.40704,120.34048000001349,366192.06656,366312.40704,120.34048000001349,4,4.518987799395241,RankSurprise
microGPi_L_1-3+,1,380127.88736,380164.38272,36.4953600000008,380127.88736,380164.38272,36.4953600000008,3,4.297848328757462,RankSurprise
microGPi_L_1-3+,1,381548.70784,381579.14112,30.433279999997467,381548.70784,381579.14112,30.433279999997467,3,4.855991098531362,RankSurprise
microGPi_L_1-3+,1,385186.69312,385405.3376,218.6444800000172,385186.69312,385405.3376,218.6444800000172,7,7.351734938209397,RankSurprise
microGPi_L_1-3+,1,389171.24096,390438.74816,1267.5071999999927,389171.24096,390438.74816,1267.5071999999927,16,7.3041315072258435,RankSurprise
microGPi_L_1-3+,1,391430.38976,391729.5616,299.17184000002453,391430.38976,391729.5616,299.17184000002453,7,6.459974408957846,RankSurprise
microGPi_L_1-3+,1,392803.28704,393042.28864,239.00159999995958,392803.28704,393042.28864,239.00159999995958,5,4.5147389027671,RankSurprise
microGPi_L_2-3+,2,3352.41216,3421.7984,69.38624000000027,3352.41216,3421.7984,69.38624000000027,3,4.283586561860631,RankSurprise
microGPi_L_2-3+,2,15060.66432,15154.05312,93.38880000000063,15060.66432,15154.05312,93.38880000000063,3,3.9762709095308715,RankSurprise
microGPi_L_2-3+,2,16309.6576,17475.46112,1165.8035199999995,16309.6576,17475.46112,1165.8035199999995,9,5.129112208766385,RankSurprise
microGPi_L_2-3+,2,36567.6544,37674.06592,1106.4115200000015,36567.6544,37674.06592,1106.4115200000015,9,4.917814493212679,RankSurprise
microGPi_L_2-3+,2,68332.66688,68395.6224,62.95551999998861,68332.66688,68395.6224,62.95551999998861,3,4.565537959603425,RankSurprise
microGPi_L_2-3+,2,79100.47744,79201.11616,100.63872000000265,79100.47744,79201.11616,100.63872000000265,4,6.232463520016928,RankSurprise
microGPi_L_2-3+,2,86251.80672,86721.24928,469.4425600000104,86251.80672,86721.24928,469.4425600000104,5,3.87711443708028,RankSurprise
microGPi_L_2-3+,2,88542.69952,89263.9232,721.2236800000101,88542.69952,89263.9232,721.2236800000101,11,11.572863456311769,RankSurprise
microGPi_L_2-3+,2,89978.34752,90073.16992,94.82240000000456,89978.34752,90073.16992,94.82240000000456,3,3.741362516637075,RankSurprise
microGPi_L_2-3+,2,96350.0032,96478.33088,128.3276799999876,96350.0032,96478.33088,128.3276799999876,4,5.581261021068876,RankSurprise
microGPi_L_2-3+,2,125367.0912,125680.8448,313.7536000000109,125367.0912,125680.8448,313.7536000000109,4,3.5884112833832305,RankSurprise
microGPi_L_2-3+,2,128242.2784,128344.10496,101.82656000000134,128242.2784,128344.10496,101.82656000000134,3,3.7625830241726685,RankSurprise
microGPi_L_2-3+,2,148815.70816,149842.20672,1026.4985599999782,148815.70816,149842.20672,1026.4985599999782,10,6.745508642563427,RankSurprise
microGPi_L_2-3+,2,153961.8816,154070.91712,109.03552000000491,153961.8816,154070.91712,109.03552000000491,3,3.699585255888991,RankSurprise
microGPi_L_2-3+,2,160362.82368,160531.2512,168.42751999999746,160362.82368,160531.2512,168.42751999999746,4,4.736556369580246,RankSurprise
microGPi_L_2-3+,2,168878.57152,170690.92864,1812.3571200000006,168878.57152,170690.92864,1812.3571200000006,13,6.170456133635598,RankSurprise
microGPi_L_2-3+,2,177824.60416,177917.66528,93.06111999999848,177824.60416,177917.66528,93.06111999999848,3,3.8057116934067974,RankSurprise
microGPi_L_2-3+,2,216664.8832,217226.97728,562.0940799999807,216664.8832,217226.97728,562.0940799999807,6,4.933281666811922,RankSurprise
microGPi_L_2-3+,2,230935.7568,231207.15776,271.40095999999903,230935.7568,231207.15776,271.40095999999903,4,3.697049680612416,RankSurprise
microGPi_L_2-3+,2,268532.77696,268625.14176,92.3648000000394,268532.77696,268625.14176,92.3648000000394,3,3.9762709095308715,RankSurprise
microGPi_L_2-3+,2,282089.10336,282205.5936,116.49024000001373,282089.10336,282205.5936,116.49024000001373,3,3.5311679396636695,RankSurprise
microGPi_L_2-3+,2,288341.11488,288822.10816,480.99327999999514,288341.11488,288822.10816,480.99327999999514,5,3.6586841899192066,RankSurprise
microGPi_L_2-3+,2,295050.52672,295207.7312,157.20447999995667,295050.52672,295207.7312,157.20447999995667,4,5.036324526171384,RankSurprise
microGPi_L_2-3+,2,303300.15744,303389.4912,89.33376000000862,303300.15744,303389.4912,89.33376000000862,3,4.0860555864031465,RankSurprise
microGPi_L_2-3+,2,315019.55072,315133.70624,114.15552000002936,315019.55072,315133.70624,114.15552000002936,4,6.0846479792424475,RankSurprise
microGPi_L_2-3+,2,316008.32512,316164.096,155.7708800000255,316008.32512,316164.096,155.7708800000255,4,5.108369720165946,RankSurprise
microGPi_L_2-3+,2,339692.42112,339706.42944,14.008319999964442,339692.42112,339706.42944,14.008319999964442,3,7.833203948641058,RankSurprise
microGPi_L_2-3+,2,341532.0576,341580.5952,48.53759999998147,341532.0576,341580.5952,48.53759999998147,3,5.029843567734524,RankSurprise
microGPi_L_2-3+,2,345600.16384,346033.64352,433.47967999998946,345600.16384,346033.64352,433.47967999998946,6,5.846076108725164,RankSurprise
microGPi_L_2-3+,2,353789.62432,354615.58272,825.9584000000032,353789.62432,354615.58272,825.9584000000032,8,5.2474386329466265,RankSurprise
microGPi_L_2-3+,2,356725.47328,359629.45536,2903.9820800000452,356725.47328,359629.45536,2903.9820800000452,16,4.547537652158376,RankSurprise
microGPi_L_2-3+,2,365465.23136,366475.50976,1010.2784000000102,365465.23136,366475.50976,1010.2784000000102,8,4.251686209158184,RankSurprise
microGPi_L_2-3+,2,384995.00032,385502.90432,507.90399999998044,384995.00032,385502.90432,507.90399999998044,7,6.385861089207065,RankSurprise
microGPi_L_2-3+,2,390063.02208,390135.31648,72.2943999999552,390063.02208,390135.31648,72.2943999999552,3,4.297475674021296,RankSurprise
microGPi_L_2-3+,4,17012.03968,18533.376,1521.3363199999985,17012.03968,18533.376,1521.3363199999985,8,6.05689447614367,RankSurprise
microGPi_L_2-3+,4,45382.98368,45971.12832,588.1446400000059,45382.98368,45971.12832,588.1446400000059,4,3.592293477740192,RankSurprise
microGPi_L_2-3+,4,87560.97024,87763.27168,202.3014400000102,87560.97024,87763.27168,202.3014400000102,3,3.728442106063506,RankSurprise
microGPi_L_2-3+,4,140464.128,141390.35648,926.2284799999907,140464.128,141390.35648,926.2284799999907,5,3.8523583978556104,RankSurprise
microGPi_L_2-3+,4,142984.192,143618.2528,634.0607999999775,142984.192,143618.2528,634.0607999999775,5,5.229958332108843,RankSurprise
microGPi_L_2-3+,4,150169.23136,150554.66496,385.4335999999894,150169.23136,150554.66496,385.4335999999894,4,4.579384045873818,RankSurprise
microGPi_L_2-3+,4,177652.61312,179085.27104,1432.6579199999978,177652.61312,179085.27104,1432.6579199999978,6,3.908606983367925,RankSurprise
microGPi_L_2-3+,4,213969.14176,214066.46272,97.32096000001184,213969.14176,214066.46272,97.32096000001184,4,8.270706166421453,RankSurprise
microGPi_L_2-3+,4,253198.41792,253414.15424,215.73631999999634,253198.41792,253414.15424,215.73631999999634,4,6.292607457212831,RankSurprise
microGPi_L_2-3+,4,279862.23104,280064.98304,202.7520000000368,279862.23104,280064.98304,202.7520000000368,3,3.8489648694610086,RankSurprise
microGPi_L_2-3+,4,362052.03456,363267.44064,1215.406079999986,362052.03456,363267.44064,1215.406079999986,6,4.711186270425804,RankSurprise
microGPi_L_2-3+,4,373657.8048,375189.01248,1531.2076799999923,373657.8048,375189.01248,1531.2076799999923,7,4.591031750119015,RankSurprise
microGPi_L_2-3+,4,385100.67712,386895.6672,1794.9900800000178,385100.67712,386895.6672,1794.9900800000178,9,6.553892615413361,RankSurprise
microGPi_L_2-3+,4,387683.24608,387712.36864,29.12255999998888,387683.24608,387712.36864,29.12255999998888,4,11.57050343364188,RankSurprise
microGPi_R_7-8+,0,5600.99328,5898.77248,297.77919999999995,5600.99328,5898.77248,297.77919999999995,4,4.201063991710642,RankSurprise
microGPi_R_7-8+,0,90866.31936,91000.91392,134.59456000001228,90866.31936,91000.91392,134.59456000001228,3,3.8197869515739207,RankSurprise
microGPi_R_7-8+,0,173322.52672,173488.16896,165.6422400000156,173322.52672,173488.16896,165.6422400000156,3,3.8197869515739207,RankSurprise
microGPi_R_7-8+,0,180259.51232,180408.40192,148.88959999999497,180259.51232,180408.40192,148.88959999999497,3,3.751596326419607,RankSurprise
microGPi_R_7-8+,0,306635.85792,306776.80128,140.94336000003386,306635.85792,306776.80128,140.94336000003386,3,4.286428156708645,RankSurprise
microGPi_R_7-8+,0,318888.96,319530.31168,641.3516799999634,318888.96,319530.31168,641.3516799999634,6,4.848423872397568,RankSurprise
microGPi_R_7-8+,0,338672.2304,339529.85088,857.6204799999832,338672.2304,339529.85088,857.6204799999832,6,3.5243328393421174,RankSurprise
microGPi_R_7-8+,0,344420.47488,346518.36416,2097.889280000003,344420.47488,346518.36416,2097.889280000003,11,4.555334512048335,RankSurprise
microGPi_R_7-8+,0,351046.656,354294.3744,3247.7183999999543,351046.656,354294.3744,3247.7183999999543,13,3.8676411151316796,RankSurprise
microGPi_R_7-8+,0,363348.1728,363825.7664,477.593600000022,363348.1728,363825.7664,477.593600000022,5,4.6130938952035585,RankSurprise
microGPi_R_7-8+,0,365367.54176,368262.43072,2894.888960000011,365367.54176,368262.43072,2894.888960000011,14,5.7383589353889395,RankSurprise
microGPi_R_7-8+,0,377931.07968,392660.13184,14729.052159999963,377931.07968,392660.13184,14729.052159999963,69,24.363602876165743,RankSurprise
microGPi_R_7-8+,4,19937.32096,20076.99456,139.67359999999826,19937.32096,20076.99456,139.67359999999826,4,6.726633298548286,RankSurprise
microGPi_R_7-8+,4,36417.7408,36478.27968,60.53888000000006,36417.7408,36478.27968,60.53888000000006,3,5.807701952517624,RankSurprise
microGPi_R_7-8+,4,44368.52736,44584.5504,216.02304000000004,44368.52736,44584.5504,216.02304000000004,4,5.334959461346999,RankSurprise
microGPi_R_7-8+,4,82304.45056,82347.13088,42.68031999999948,82304.45056,82347.13088,42.68031999999948,3,6.369820870671165,RankSurprise
microGPi_R_7-8+,4,112146.96448,112291.4304,144.46592000000237,112146.96448,112291.4304,144.46592000000237,3,3.840589595811707,RankSurprise
microGPi_R_7-8+,4,142735.64672,143356.928,621.2812800000247,142735.64672,143356.928,621.2812800000247,5,4.220597079360431,RankSurprise
microGPi_R_7-8+,4,215960.7808,216425.39008,464.6092800000042,215960.7808,216425.39008,464.6092800000042,4,4.191554531749455,RankSurprise
microGPi_R_7-8+,4,300074.3936,300216.15616,141.76256000000285,300074.3936,300216.15616,141.76256000000285,3,3.840589595811707,RankSurprise
microGPi_R_7-8+,4,375312.5888,392871.07584,17558.487039999978,375312.5888,392871.07584,17558.487039999978,54,16.54746980861797,RankSurprise
microGPi_R_9-10+,0,12153.56928,12603.55584,449.9865600000012,12153.56928,12603.55584,449.9865600000012,4,4.622876813886384,RankSurprise
microGPi_R_9-10+,0,15340.50304,18441.216,3100.7129600000007,15340.50304,18441.216,3100.7129600000007,15,11.204261847138515,RankSurprise
microGPi_R_9-10+,0,44585.32864,45182.60736,597.2787200000021,44585.32864,45182.60736,597.2787200000021,4,3.9038398886156624,RankSurprise
microGPi_R_9-10+,0,78903.82848,79760.7936,856.965120000008,78903.82848,79760.7936,856.965120000008,5,4.257382976824722,RankSurprise
microGPi_R_9-10+,0,95527.89504,95706.3168,178.42175999999745,95527.89504,95706.3168,178.42175999999745,3,5.966219787810674,RankSurprise
microGPi_R_9-10+,0,111785.7792,112619.43808,833.6588800000027,111785.7792,112619.43808,833.6588800000027,5,4.475622525606383,RankSurprise
microGPi_R_9-10+,0,129157.12,130494.70976,1337.5897600000026,129157.12,130494.70976,1337.5897600000026,6,4.094769814002289,RankSurprise
microGPi_R_9-10+,0,176669.2864,179393.16736,2723.8809599999804,176669.2864,179393.16736,2723.8809599999804,12,8.84344325203683,RankSurprise
microGPi_R_9-10+,0,203623.8336,205476.08576,1852.2521599999745,203623.8336,205476.08576,1852.2521599999745,9,7.2126431073087325,RankSurprise
microGPi_R_9-10+,0,225700.6592,227280.4864,1579.8271999999997,225700.6592,227280.4864,1579.8271999999997,7,4.278488870404202,RankSurprise
microGPi_R_9-10+,0,248036.5568,248211.33312,174.7763200000045,248036.5568,248211.33312,174.7763200000045,3,6.123223536620339,RankSurprise
microGPi_R_9-10+,0,294404.54656,295563.91936,1159.372800000012,294404.54656,295563.91936,1159.372800000012,6,4.828234653725506,RankSurprise
microPPN_L_1-2+,0,3114.76224,3127.21408,12.451840000000175,3114.76224,3127.21408,12.451840000000175,3,4.012400646310256,RankSurprise
microPPN_L_1-2+,0,15658.8032,15672.03328,13.230079999999361,15658.8032,15672.03328,13.230079999999361,3,3.7903124183882237,RankSurprise
microPPN_L_1-2+,0,38056.83712,38081.90464,25.06752000000415,38056.83712,38081.90464,25.06752000000415,4,4.169379377954641,RankSurprise
microPPN_L_1-2+,0,40550.31808,40683.23328,132.9152000000031,40550.31808,40683.23328,132.9152000000031,7,4.316173648686462,RankSurprise
microPPN_L_1-2+,0,42226.4832,42290.21696,63.73375999999553,42226.4832,42290.21696,63.73375999999553,5,4.730225029787988,RankSurprise
microPPN_L_1-2+,0,85052.29312,85062.94272,10.649600000004284,85052.29312,85062.94272,10.649600000004284,3,4.946204539060586,RankSurprise
microPPN_L_1-2+,0,86084.64896,86098.00192,13.352959999989253,86084.64896,86098.00192,13.352959999989253,4,8.993392540376927,RankSurprise
microPPN_L_1-2+,0,87305.46176,87334.99392,29.532159999987925,87305.46176,87334.99392,29.532159999987925,4,3.7212674639903867,RankSurprise
microPPN_L_1-2+,0,88710.9632,88723.41504,12.451840000008815,88710.9632,88723.41504,12.451840000008815,3,4.118809053348565,RankSurprise
microPPN_L_1-2+,0,89363.33312,89372.30336,8.970240000009653,89363.33312,89372.30336,8.970240000009653,3,6.108614927277678,RankSurprise
microPPN_L_1-2+,0,92581.6832,92591.06304,9.379839999994147,92581.6832,92591.06304,9.379839999994147,3,6.0695883700322,RankSurprise
microPPN_L_1-2+,0,97775.04256,97791.7952,16.752639999991516,97775.04256,97791.7952,16.752639999991516,4,6.517393246172151,RankSurprise
microPPN_L_1-2+,0,104489.3696,104518.73792,29.368319999994128,104489.3696,104518.73792,29.368319999994128,5,5.823898205055045,RankSurprise
microPPN_L_1-2+,0,127724.25728,127754.4448,30.18751999999222,127724.25728,127754.4448,30.18751999999222,5,6.086978445288906,RankSurprise
microPPN_L_1-2+,0,137474.90816,137510.21568,35.307520000002114,137474.90816,137510.21568,35.307520000002114,5,4.710901298160454,RankSurprise
microPPN_L_1-2+,0,141169.50016,141193.05216,23.551999999996042,141169.50016,141193.05216,23.551999999996042,4,4.466652547599669,RankSurprise
microPPN_L_1-2+,0,142907.35104,143101.58336,194.23231999998097,142907.35104,143101.58336,194.23231999998097,7,4.053649756730389,RankSurprise
microPPN_L_1-2+,0,145342.34112,145366.54848,24.207360000000335,145342.34112,145366.54848,24.207360000000335,5,7.371348484670779,RankSurprise
microPPN_L_1-2+,0,146611.03616,146630.41024,19.37408000000869,146611.03616,146630.41024,19.37408000000869,4,5.501176556923269,RankSurprise
microPPN_L_1-2+,0,147027.84512,147075.44064,47.595519999973476,147027.84512,147075.44064,47.595519999973476,5,5.326541115331402,RankSurprise
microPPN_L_1-2+,0,151829.38112,151857.39776,28.016639999987092,151829.38112,151857.39776,28.016639999987092,5,6.103327279822217,RankSurprise
microPPN_L_1-2+,0,162240.22528,162268.89728,28.671999999991385,162240.22528,162268.89728,28.671999999991385,4,3.793377274424312,RankSurprise
microPPN_L_1-2+,0,166194.7904,166213.18144,18.391039999987697,166194.7904,166213.18144,18.391039999987697,4,5.861322072847859,RankSurprise
microPPN_L_1-2+,0,168054.70208,168062.85312,8.151040000026114,168054.70208,168062.85312,8.151040000026114,3,7.669919259204055,RankSurprise
microPPN_L_1-2+,0,169877.83168,169890.16064,12.328959999984363,169877.83168,169890.16064,12.328959999984363,3,4.133434395922251,RankSurprise
microPPN_L_1-2+,0,170983.424,171018.11712,34.69312000001082,170983.424,171018.11712,34.69312000001082,5,5.295185922423691,RankSurprise
microPPN_L_1-2+,0,171716.68992,171724.10368,7.413759999995818,171716.68992,171724.10368,7.413759999995818,3,8.794774853377398,RankSurprise
microPPN_L_1-2+,0,175469.3632,175518.88384,49.52064000000246,175469.3632,175518.88384,49.52064000000246,5,4.832241471531734,RankSurprise
microPPN_L_1-2+,0,176218.48064,176248.95488,30.474240000010468,176218.48064,176248.95488,30.474240000010468,4,3.728776862486651,RankSurprise
microPPN_L_1-2+,0,179094.81472,179104.1536,9.338879999995697,179094.81472,179104.1536,9.338879999995697,3,6.108614927277678,RankSurprise
microPPN_L_1-2+,0,179591.08608,179630.6944,39.60831999999937,179591.08608,179630.6944,39.60831999999937,5,4.589392055585584,RankSurprise
microPPN_L_1-2+,0,180963.04128,180971.9296,8.888319999998203,180963.04128,180971.9296,8.888319999998203,3,6.547539855466516,RankSurprise
microPPN_L_1-2+,0,181629.46048,181646.41792,16.957439999998314,181629.46048,181646.41792,16.957439999998314,4,6.460787420024754,RankSurprise
microPPN_L_1-2+,0,182994.57536,183028.49024,33.91488000002573,182994.57536,183028.49024,33.91488000002573,5,5.215669102035701,RankSurprise
microPPN_L_1-2+,0,187921.28512,187945.08288,23.797760000015842,187921.28512,187945.08288,23.797760000015842,4,4.515118952603078,RankSurprise
microPPN_L_1-2+,0,188516.47488,188568.576,52.10112000000663,188516.47488,188568.576,52.10112000000663,5,3.522279724405969,RankSurprise
microPPN_L_1-2+,0,202863.65696,202902.20032,38.54336000001058,202863.65696,202902.20032,38.54336000001058,6,7.065759297476738,RankSurprise
microPPN_L_1-2+,0,205300.69504,205310.68928,9.99423999999999,205300.69504,205310.68928,9.99423999999999,3,5.361063396860358,RankSurprise
microPPN_L_1-2+,0,207117.96736,207131.648,13.680639999976847,207117.96736,207131.648,13.680639999976847,3,3.601659737075762,RankSurprise
microPPN_L_1-2+,0,215200.68608,215223.296,22.60991999998805,215200.68608,215223.296,22.60991999998805,6,13.415868413929331,RankSurprise
microPPN_L_1-2+,0,216473.92768,216496.98816,23.06048000001465,216473.92768,216496.98816,23.06048000001465,4,4.807408587933772,RankSurprise
microPPN_L_1-2+,0,221681.2544,221707.71456,26.46015999998781,221681.2544,221707.71456,26.46015999998781,4,3.9918625766394236,RankSurprise
microPPN_L_1-2+,0,229305.01632,229330.5344,25.518080000008922,229305.01632,229330.5344,25.518080000008922,4,4.344186362690607,RankSurprise
microPPN_L_1-2+,0,231907.08224,232016.44544,109.3632000000216,231907.08224,232016.44544,109.3632000000216,6,4.338517586737124,RankSurprise
microPPN_L_1-2+,0,233731.97312,233760.89088,28.91775999998208,233731.97312,233760.89088,28.91775999998208,4,3.98776140889521,RankSurprise
microPPN_L_1-2+,0,235189.28896,235215.91296,26.623999999981606,235189.28896,235215.91296,26.623999999981606,4,3.7895384981171496,RankSurprise
microPPN_L_1-2+,0,252231.2704,252277.06368,45.7932799999835,252231.2704,252277.06368,45.7932799999835,5,4.074245024476344,RankSurprise
microPPN_L_1-2+,0,257245.06112,257287.94624,42.88511999999173,257245.06112,257287.94624,42.88511999999173,5,4.699351709871543,RankSurprise
microPPN_L_1-2+,0,261217.40288,261243.4944,26.091519999987213,261217.40288,261243.4944,26.091519999987213,4,3.98776140889521,RankSurprise
microPPN_L_1-2+,0,263144.57088,263165.91104,21.34015999996336,263144.57088,263165.91104,21.34015999996336,4,5.155377369102702,RankSurprise
microPPN_L_1-2+,0,267635.63008,267645.91104,10.280960000003688,267635.63008,267645.91104,10.280960000003688,3,5.229867419027935,RankSurprise
microPPN_L_1-2+,0,269561.52832,269573.61152,12.083199999993667,269561.52832,269573.61152,12.083199999993667,3,4.223506219064987,RankSurprise
microPPN_L_1-2+,0,271613.5424,271634.80064,21.258239999995567,271613.5424,271634.80064,21.258239999995567,4,4.905957813863846,RankSurprise
microPPN_L_1-2+,0,272452.608,272463.09376,10.485760000010487,272452.608,272463.09376,10.485760000010487,3,5.106750465583195,RankSurprise
microPPN_L_1-2+,0,274402.67264,274487.82848,85.15584000002127,274402.67264,274487.82848,85.15584000002127,5,4.009017271317731,RankSurprise
microPPN_L_1-2+,0,275018.21952,275059.05664,40.83712000004016,275018.21952,275059.05664,40.83712000004016,5,5.002739342074296,RankSurprise
microPPN_L_1-2+,0,280660.04992,280669.88032,9.83039999997709,280660.04992,280669.88032,9.83039999997709,3,5.575557206595084,RankSurprise
microPPN_L_1-2+,0,283668.84864,283682.07872,13.230080000008456,283668.84864,283682.07872,13.230080000008456,3,3.7535578521773107,RankSurprise
microPPN_L_1-2+,0,285778.69824,285794.34496,15.646720000018831,285778.69824,285794.34496,15.646720000018831,3,3.540713075947272,RankSurprise
microPPN_L_1-2+,0,286869.38112,286905.26208,35.88096000003861,286869.38112,286905.26208,35.88096000003861,6,7.555281533728881,RankSurprise
microPPN_L_1-2+,0,289585.7664,290629.87776,1044.1113599999808,289585.7664,290629.87776,1044.1113599999808,27,9.90102140662325,RankSurprise
microPPN_L_1-2+,0,291977.95328,291984.50688,6.553599999984726,291977.95328,291984.50688,6.553599999984726,3,10.00160072668574,RankSurprise
microPPN_L_1-2+,0,293315.66592,293427.11808,111.45215999998618,293315.66592,293427.11808,111.45215999998618,8,7.705798399127878,RankSurprise
microPPN_L_1-2+,0,294725.79584,294736.32256,10.526720000023488,294725.79584,294736.32256,10.526720000023488,3,5.059550224087095,RankSurprise
microPPN_L_1-2+,0,294939.60704,294952.50944,12.902400000020862,294939.60704,294952.50944,12.902400000020862,4,10.242643330596794,RankSurprise
microPPN_L_1-2+,0,295909.25312,295927.31648,18.063359999971,295909.25312,295927.31648,18.063359999971,4,5.954594251563389,RankSurprise
microPPN_L_1-2+,0,319799.66464,319859.79392,60.12928000005195,319799.66464,319859.79392,60.12928000005195,7,6.144047849493715,RankSurprise
microPPN_L_1-2+,0,322964.6848,322992.66048,27.9756800000323,322964.6848,322992.66048,27.9756800000323,4,3.596402315116503,RankSurprise
microPPN_L_1-2+,0,378704.19968,378714.07104,9.87135999999009,378704.19968,378714.07104,9.87135999999009,3,5.516072445839031,RankSurprise
microPPN_L_1-2+,0,382065.2544,382078.07488,12.820479999994859,382065.2544,382078.07488,12.820479999994859,3,3.9113687793895746,RankSurprise
microPPN_L_1-2+,0,382770.33984,382781.89056,11.550720000057481,382770.33984,382781.89056,11.550720000057481,3,4.416816311242465,RankSurprise
microPPN_L_1-2+,0,384855.20384,384910.45888,55.2550400000182,384855.20384,384910.45888,55.2550400000182,7,8.331689357171598,RankSurprise
microPPN_L_1-2+,1,52703.60064,62638.24384,9934.643200000006,52703.60064,62638.24384,9934.643200000006,23,6.9397709353815955,RankSurprise
microPPN_L_1-2+,1,72914.82112,72917.97504,3.153920000011567,72914.82112,72917.97504,3.153920000011567,3,8.498359808536609,RankSurprise
microPPN_L_1-2+,1,87260.20096,87366.08256,105.88159999999334,87260.20096,87366.08256,105.88159999999334,4,7.3109904818842,RankSurprise
microPPN_L_1-2+,1,93036.58496,93877.0432,840.4582400000072,93036.58496,93877.0432,840.4582400000072,5,4.090966981316264,RankSurprise
microPPN_L_1-2+,1,148403.69152,148437.03296,33.34144000001834,148403.69152,148437.03296,33.34144000001834,3,6.401218689757372,RankSurprise
microPPN_L_1-2+,1,246488.63744,247342.03904,853.401600000012,246488.63744,247342.03904,853.401600000012,6,5.524674993349066,RankSurprise
microPPN_L_1-2+,1,289451.008,294202.69568,4751.687680000032,289451.008,294202.69568,4751.687680000032,16,8.071865430925168,RankSurprise
microPPN_L_1-2+,4,6381.24032,6390.29248,9.052160000000185,6381.24032,6390.29248,9.052160000000185,3,6.462280068996828,RankSurprise
microPPN_L_1-2+,4,17363.968,17390.75584,26.78784000000087,17363.968,17390.75584,26.78784000000087,4,5.807307538754266,RankSurprise
microPPN_L_1-2+,4,18735.75936,19074.8672,339.1078400000006,18735.75936,19074.8672,339.1078400000006,7,3.864435906217401,RankSurprise
microPPN_L_1-2+,4,19963.45344,19970.41664,6.963199999998324,19963.45344,19970.41664,6.963199999998324,3,6.742471469719451,RankSurprise
microPPN_L_1-2+,4,35260.29312,35263.11936,2.8262399999948684,35260.29312,35263.11936,2.8262399999948684,3,10.436338465344427,RankSurprise
microPPN_L_1-2+,4,39769.94816,39792.47616,22.52799999999843,39769.94816,39792.47616,22.52799999999843,4,6.510356629020308,RankSurprise
microPPN_L_1-2+,4,54034.8416,54310.54336,275.70176000000356,54034.8416,54310.54336,275.70176000000356,6,3.511582460444187,RankSurprise
microPPN_L_1-2+,4,69527.3472,69621.06368,93.71648000000278,69527.3472,69621.06368,93.71648000000278,5,4.525406580480539,RankSurprise
microPPN_L_1-2+,4,80792.90368,80807.97696,15.073279999996885,80792.90368,80807.97696,15.073279999996885,3,4.637521330929726,RankSurprise
microPPN_L_1-2+,4,81905.17248,81922.21184,17.039360000009765,81905.17248,81922.21184,17.039360000009765,3,4.381643069912219,RankSurprise
microPPN_L_1-2+,4,92394.16832,92633.33376,239.16543999999703,92394.16832,92633.33376,239.16543999999703,6,3.909408613780795,RankSurprise
microPPN_L_1-2+,4,93822.32064,93844.56192,22.241279999987455,93822.32064,93844.56192,22.241279999987455,3,3.6412226546884376,RankSurprise
microPPN_L_1-2+,4,94921.19552,94999.01952,77.8240000000078,94921.19552,94999.01952,77.8240000000078,5,5.435925291401315,RankSurprise
microPPN_L_1-2+,4,97754.3168,97817.72288,63.40608000000066,97754.3168,97817.72288,63.40608000000066,4,4.0171356116817485,RankSurprise
microPPN_L_1-2+,4,100018.21696,101088.256,1070.0390399999887,100018.21696,101088.256,1070.0390399999887,18,6.469959308160454,RankSurprise
microPPN_L_1-2+,4,102454.4768,103424.08192,969.6051199999929,102454.4768,103424.08192,969.6051199999929,12,4.341437800647533,RankSurprise
microPPN_L_1-2+,4,124488.33536,124498.98496,10.649600000004284,124488.33536,124498.98496,10.649600000004284,3,5.638296511667228,RankSurprise
microPPN_L_1-2+,4,133578.17856,133770.4448,192.2662399999972,133578.17856,133770.4448,192.2662399999972,6,3.8638043091158667,RankSurprise
microPPN_L_1-2+,4,138026.02496,138074.56256,48.53759999998147,138026.02496,138074.56256,48.53759999998147,7,11.346505886186982,RankSurprise
microPPN_L_1-2+,4,145370.64448,145388.58496,17.940480000019306,145370.64448,145388.58496,17.940480000019306,4,7.430287082709803,RankSurprise
microPPN_L_1-2+,4,146398.28992,149058.56,2660.2700799999875,146398.28992,149058.56,2660.2700799999875,26,5.914734180640186,RankSurprise
microPPN_L_1-2+,4,151346.25792,151358.21824,11.960319999983767,151346.25792,151358.21824,11.960319999983767,4,10.237257935360109,RankSurprise
microPPN_L_1-2+,4,157632.83968,157673.8816,41.04191999998875,157632.83968,157673.8816,41.04191999998875,4,4.494965297169102,RankSurprise
microPPN_L_1-2+,4,168683.60192,168855.22432,171.62240000002203,168683.60192,168855.22432,171.62240000002203,6,4.424795063652764,RankSurprise
microPPN_L_1-2+,4,169895.48544,169926.28736,30.801919999998063,169895.48544,169926.28736,30.801919999998063,4,5.2589480580579355,RankSurprise
microPPN_L_1-2+,4,170998.00576,171034.33728,36.331520000007,170998.00576,171034.33728,36.331520000007,5,7.382783206809091,RankSurprise
microPPN_L_1-2+,4,175310.06976,176252.64128,942.5715199999977,175310.06976,176252.64128,942.5715199999977,13,4.917496756487078,RankSurprise
microPPN_L_1-2+,4,179619.34848,179627.04896,7.700479999999516,179619.34848,179627.04896,7.700479999999516,4,11.38153080129123,RankSurprise
microPPN_L_1-2+,4,190002.3808,190014.79168,12.410879999981262,190002.3808,190014.79168,12.410879999981262,4,9.79574707975502,RankSurprise
microPPN_L_1-2+,4,192431.39072,192445.27616,13.88544000001275,192431.39072,192445.27616,13.88544000001275,3,4.8244719374245335,RankSurprise
microPPN_L_1-2+,4,192988.07808,193002.61888,14.54079999998794,192988.07808,193002.61888,14.54079999998794,4,8.763803238482307,RankSurprise
microPPN_L_1-2+,4,194967.79776,195062.1696,94.37184000000707,194967.79776,195062.1696,94.37184000000707,4,4.10112256961931,RankSurprise
microPPN_L_1-2+,4,206606.336,206614.48704,8.15103999999701,206606.336,206614.48704,8.15103999999701,3,6.931600404741431,RankSurprise
microPPN_L_1-2+,4,217149.31712,217186.0992,36.7820800000045,217149.31712,217186.0992,36.7820800000045,4,4.979985249320837,RankSurprise
microPPN_L_1-2+,4,220312.61696,220334.94016,22.323199999984354,220312.61696,220334.94016,22.323199999984354,3,3.966073863954893,RankSurprise
microPPN_L_1-2+,4,232812.05248,232823.6032,11.550719999999274,232812.05248,232823.6032,11.550719999999274,3,5.348629902964177,RankSurprise
microPPN_L_1-2+,4,236731.10528,237123.91168,392.8064000000013,236731.10528,237123.91168,392.8064000000013,8,3.605690215690179,RankSurprise
microPPN_L_1-2+,4,245697.536,245710.39744,12.86144000000786,245697.536,245710.39744,12.86144000000786,3,5.149173970593992,RankSurprise
microPPN_L_1-2+,4,264969.78944,264988.34432,18.55487999995239,264969.78944,264988.34432,18.55487999995239,3,4.081936804493637,RankSurprise
microPPN_L_1-2+,4,265492.64384,265509.02784,16.384000000020023,265492.64384,265509.02784,16.384000000020023,3,4.372426414807293,RankSurprise
microPPN_L_1-2+,4,274494.30016,274515.3536,21.05343999998877,274494.30016,274515.3536,21.05343999998877,3,3.988715695812761,RankSurprise
microPPN_L_1-2+,4,279180.45184,279199.62112,19.169280000030994,279180.45184,279199.62112,19.169280000030994,3,4.0116167927986215,RankSurprise
microPPN_L_1-2+,4,282414.85824,282432.18432,17.326080000028014,282414.85824,282432.18432,17.326080000028014,4,7.638294568235809,RankSurprise
microPPN_L_1-2+,4,284159.50848,284189.57312,30.06463999999687,284159.50848,284189.57312,30.06463999999687,5,8.299469689965605,RankSurprise
microPPN_L_1-2+,4,284628.3776,285309.82912,681.4515200000023,284628.3776,285309.82912,681.4515200000023,11,4.02321067304534,RankSurprise
microPPN_L_1-2+,4,285967.07328,286016.34816,49.27487999998266,285967.07328,286016.34816,49.27487999998266,4,4.2966318211874,RankSurprise
microPPN_L_1-2+,4,289593.83552,291959.84896,2366.0134399999515,289593.83552,291959.84896,2366.0134399999515,25,5.602829145519471,RankSurprise
microPPN_L_1-2+,4,293542.66624,294255.16544,712.4992000000202,293542.66624,294255.16544,712.4992000000202,12,5.189570769429322,RankSurprise
microPPN_L_1-2+,4,294694.33856,295314.67776,620.3391999999876,294694.33856,295314.67776,620.3391999999876,9,4.0122941240157015,RankSurprise
microPPN_L_1-2+,4,305295.93344,305345.7408,49.80736000003526,305295.93344,305345.7408,49.80736000003526,4,4.357858554159559,RankSurprise
microPPN_L_1-2+,4,317190.88128,317209.6,18.718720000004396,317190.88128,317209.6,18.718720000004396,3,4.282523184700999,RankSurprise
microPPN_L_1-2+,4,331107.24608,331167.66208,60.415999999968335,331107.24608,331167.66208,60.415999999968335,4,3.6987538830282176,RankSurprise
microPPN_L_1-2+,4,365977.1904,365992.42752,15.237120000005234,365977.1904,365992.42752,15.237120000005234,3,4.53519655652973,RankSurprise
microPPN_L_1-2+,4,367265.50528,367328.82944,63.32416000001831,367265.50528,367328.82944,63.32416000001831,6,7.05996186401687,RankSurprise
microPPN_L_1-2+,4,367942.53312,367968.21504,25.68192000000272,367942.53312,367968.21504,25.68192000000272,3,3.597056712213055,RankSurprise
microPPN_L_1-2+,4,376519.8848,376540.03712,20.15231999999378,376519.8848,376540.03712,20.15231999999378,3,3.9963202951979824,RankSurprise
microPPN_L_1-2+,4,377191.05536,377306.60352,115.54816000000574,377191.05536,377306.60352,115.54816000000574,7,7.717175841923954,RankSurprise
microPPN_L_1-2+,4,377965.73184,378000.95744,35.225600000005215,377965.73184,378000.95744,35.225600000005215,4,5.203773894729476,RankSurprise
microPPN_L_1-3+,0,21484.21632,21572.68992,88.47360000000117,21484.21632,21572.68992,88.47360000000117,4,6.940839645483976,RankSurprise
microPPN_L_1-3+,0,40510.91456,40669.51168,158.59712000000582,40510.91456,40669.51168,158.59712000000582,5,7.908898269156079,RankSurprise
microPPN_L_1-3+,0,65459.28192,65475.584,16.302080000001297,65459.28192,65475.584,16.302080000001297,3,7.514601573895344,RankSurprise
microPPN_L_1-3+,0,112175.80032,113742.39744,1566.5971200000058,112175.80032,113742.39744,1566.5971200000058,11,6.853512756800213,RankSurprise
microPPN_L_1-3+,0,122264.00256,123044.94592,780.9433600000048,122264.00256,123044.94592,780.9433600000048,6,4.396170331866142,RankSurprise
microPPN_L_1-3+,0,130330.86976,131108.12672,777.2569599999988,130330.86976,131108.12672,777.2569599999988,7,4.608937622142976,RankSurprise
microPPN_L_1-3+,0,133495.43936,133578.17856,82.7392000000109,133495.43936,133578.17856,82.7392000000109,5,9.925665572958646,RankSurprise
microPPN_L_1-3+,0,142037.4016,142137.05728,99.65567999999621,142037.4016,142137.05728,99.65567999999621,3,4.066884176598297,RankSurprise
microPPN_L_1-3+,0,144715.1616,146725.39648,2010.2348800000036,144715.1616,146725.39648,2010.2348800000036,10,3.8971271148289612,RankSurprise
microPPN_L_1-3+,0,160343.36768,163439.12448,3095.756800000003,160343.36768,163439.12448,3095.756800000003,15,5.2568874298712664,RankSurprise
microPPN_L_1-3+,0,165568.67584,167123.18976,1554.5139199999976,165568.67584,167123.18976,1554.5139199999976,9,3.9435407526362756,RankSurprise
microPPN_L_1-3+,0,175175.51616,175405.2608,229.7446399999899,175175.51616,175405.2608,229.7446399999899,4,4.301579757938665,RankSurprise
microPPN_L_1-3+,0,192959.03744,193299.57888,340.5414400000009,192959.03744,193299.57888,340.5414400000009,5,4.945399113659111,RankSurprise
microPPN_L_1-3+,0,204389.1712,204815.03232,425.86111999998684,204389.1712,204815.03232,425.86111999998684,5,4.142711613049869,RankSurprise
microPPN_L_1-3+,0,226075.56608,226631.72096,556.1548800000164,226075.56608,226631.72096,556.1548800000164,6,5.469448358217875,RankSurprise
microPPN_L_1-3+,0,235923.33312,236653.11744,729.7843200000061,235923.33312,236653.11744,729.7843200000061,6,3.814426684716081,RankSurprise
microPPN_L_1-3+,0,245620.44928,247203.4304,1582.9811200000113,245620.44928,247203.4304,1582.9811200000113,11,6.230638851359464,RankSurprise
microPPN_L_1-3+,0,261605.00736,261817.7536,212.74624000000767,261605.00736,261817.7536,212.74624000000767,4,4.556819118217081,RankSurprise
microPPN_L_1-3+,0,291291.21792,292072.77568,781.557759999996,291291.21792,292072.77568,781.557759999996,9,8.714524534195922,RankSurprise
microPPN_L_1-3+,0,293827.01056,295361.9456,1534.935039999953,293827.01056,295361.9456,1534.935039999953,12,7.566283717203557,RankSurprise
microPPN_L_1-3+,0,377658.32704,377781.61664,123.28960000001825,377658.32704,377781.61664,123.28960000001825,3,3.6090061073158815,RankSurprise
microPPN_L_2-3+,1,649.95328,756.5312,106.57792000000006,649.95328,756.5312,106.57792000000006,6,5.867411783310608,RankSurprise
microPPN_L_2-3+,1,25480.47872,25501.12256,20.643840000000637,25480.47872,25501.12256,20.643840000000637,4,6.41311111676152,RankSurprise
microPPN_L_2-3+,1,26806.84544,26846.4128,39.56735999999728,26806.84544,26846.4128,39.56735999999728,4,4.581417696509973,RankSurprise
microPPN_L_2-3+,1,43702.19008,43731.02592,28.835839999999735,43702.19008,43731.02592,28.835839999999735,4,4.947211136833015,RankSurprise
microPPN_L_2-3+,1,46950.85056,47004.0576,53.20704000000114,46950.85056,47004.0576,53.20704000000114,4,4.15609010616566,RankSurprise
microPPN_L_2-3+,1,52121.23136,52134.78912,13.557760000003327,52121.23136,52134.78912,13.557760000003327,3,4.519003182345633,RankSurprise
microPPN_L_2-3+,1,58764.61568,59385.97888,621.3631999999998,58764.61568,59385.97888,621.3631999999998,9,4.972584614867253,RankSurprise
microPPN_L_2-3+,1,64441.05728,64498.31936,57.262080000000424,64441.05728,64498.31936,57.262080000000424,4,3.977598397850535,RankSurprise
microPPN_L_2-3+,1,69492.3264,69621.10464,128.77823999999964,69492.3264,69621.10464,128.77823999999964,5,3.5445158090932978,RankSurprise
microPPN_L_2-3+,1,76366.47936,76711.64928,345.1699200000003,76366.47936,76711.64928,345.1699200000003,7,4.58483646690019,RankSurprise
microPPN_L_2-3+,1,80783.68768,80820.38784,36.70015999999305,80783.68768,80820.38784,36.70015999999305,4,4.483688877833764,RankSurprise
microPPN_L_2-3+,1,83278.60224,83350.40512,71.80288000000292,83278.60224,83350.40512,71.80288000000292,4,3.8348398917427744,RankSurprise
microPPN_L_2-3+,1,86387.46624,91828.55168,5441.08544000001,86387.46624,91828.55168,5441.08544000001,37,4.97024013466204,RankSurprise
microPPN_L_2-3+,1,97754.3168,97797.03808,42.72127999999793,97754.3168,97797.03808,42.72127999999793,4,4.315419993385049,RankSurprise
microPPN_L_2-3+,1,100755.16928,100857.61024,102.44095999999263,100755.16928,100857.61024,102.44095999999263,6,5.5939466051605535,RankSurprise
microPPN_L_2-3+,1,102510.7968,102527.63136,16.834560000002966,102510.7968,102527.63136,16.834560000002966,4,7.350249511869798,RankSurprise
microPPN_L_2-3+,1,102894.34624,103424.08192,529.735679999998,102894.34624,103424.08192,529.735679999998,8,4.3676949466490615,RankSurprise
microPPN_L_2-3+,1,134235.9552,134388.16256,152.20736000000034,134235.9552,134388.16256,152.20736000000034,5,4.600280134815073,RankSurprise
microPPN_L_2-3+,1,140500.7872,140515.328,14.540800000017043,140500.7872,140515.328,14.540800000017043,3,4.32784504375118,RankSurprise
microPPN_L_2-3+,1,147601.53088,147635.97824,34.44735999999102,147601.53088,147635.97824,34.44735999999102,4,4.772827229440843,RankSurprise
microPPN_L_2-3+,1,151350.14912,151363.05152,12.902400000020862,151350.14912,151363.05152,12.902400000020862,4,9.463306345325977,RankSurprise
microPPN_L_2-3+,1,157651.64032,157664.95232,13.312000000005355,157651.64032,157664.95232,13.312000000005355,3,4.566767072061845,RankSurprise
microPPN_L_2-3+,1,161601.00352,161616.65024,15.646719999989728,161601.00352,161616.65024,15.646719999989728,3,4.085734670125433,RankSurprise
microPPN_L_2-3+,1,170435.1744,171729.3056,1294.1312000000034,170435.1744,171729.3056,1294.1312000000034,16,6.883420610243471,RankSurprise
microPPN_L_2-3+,1,179036.93824,179627.04896,590.110719999997,179036.93824,179627.04896,590.110719999997,10,6.183578184753682,RankSurprise
microPPN_L_2-3+,1,190945.28,193737.68704,2792.407039999991,190945.28,193737.68704,2792.407039999991,24,5.514976302548104,RankSurprise
microPPN_L_2-3+,1,209676.53376,209691.93472,15.400959999999031,209676.53376,209691.93472,15.400959999999031,4,8.019697527610107,RankSurprise
microPPN_L_2-3+,1,216840.3968,217153.3312,312.9343999999983,216840.3968,217153.3312,312.9343999999983,6,4.561829818564668,RankSurprise
microPPN_L_2-3+,1,220271.69792,220339.97824,68.28031999999075,220271.69792,220339.97824,68.28031999999075,6,7.106258524447249,RankSurprise
microPPN_L_2-3+,1,229241.2416,229330.5344,89.29279999999562,229241.2416,229330.5344,89.29279999999562,6,5.88365439118008,RankSurprise
microPPN_L_2-3+,1,230769.50016,230788.01408,18.513919999997597,230769.50016,230788.01408,18.513919999997597,5,11.580456834146567,RankSurprise
microPPN_L_2-3+,1,260809.97376,260823.16288,13.189119999995455,260809.97376,260823.16288,13.189119999995455,3,4.554718733545668,RankSurprise
microPPN_L_2-3+,1,265485.7216,265508.98688,23.265279999992345,265485.7216,265508.98688,23.265279999992345,4,5.671381361545791,RankSurprise
microPPN_L_2-3+,1,275047.17824,275063.56224,16.384000000020023,275047.17824,275063.56224,16.384000000020023,3,4.114443461352282,RankSurprise
microPPN_L_2-3+,1,286885.4784,286908.78464,23.306240000005346,286885.4784,286908.78464,23.306240000005346,4,5.898839521409744,RankSurprise
microPPN_L_2-3+,1,290210.77504,290233.99936,23.22432000003755,290210.77504,290233.99936,23.22432000003755,4,5.624135978157955,RankSurprise
microPPN_L_2-3+,1,290995.32288,291031.61344,36.290559999994,290995.32288,291031.61344,36.290559999994,4,4.315419993385049,RankSurprise
microPPN_L_2-3+,1,295213.2608,295551.7952,338.5344000000041,295213.2608,295551.7952,338.5344000000041,10,7.922479449710769,RankSurprise
microPPN_L_2-3+,1,321021.3376,321034.77248,13.434879999957047,321021.3376,321034.77248,13.434879999957047,3,4.4608590611809245,RankSurprise
microPPN_L_2-3+,1,322320.87552,322341.56032,20.684799999988172,322320.87552,322341.56032,20.684799999988172,4,6.28187608557019,RankSurprise
microPPN_L_2-3+,1,331132.96896,331155.41504,22.44607999996515,331132.96896,331155.41504,22.44607999996515,4,5.9298211086376895,RankSurprise
microPPN_L_2-3+,1,369358.39744,369386.94656,28.549120000039693,369358.39744,369386.94656,28.549120000039693,3,3.62902140518643,RankSurprise
microPPN_L_2-3+,1,384832.67584,384916.31616,83.64032000000589,384832.67584,384916.31616,83.64032000000589,5,4.321822902887082,RankSurprise
microPPN_L_2-3+,3,15658.84416,15672.03328,13.189119999999093,15658.84416,15672.03328,13.189119999999093,3,3.7648420530069746,RankSurprise
microPPN_L_2-3+,3,18815.13984,18824.97024,9.830399999998917,18815.13984,18824.97024,9.830399999998917,3,5.219449974978396,RankSurprise
microPPN_L_2-3+,3,21010.26816,21033.65632,23.388159999998607,21010.26816,21033.65632,23.388159999998607,4,4.289357775666172,RankSurprise
microPPN_L_2-3+,3,38056.83712,38081.90464,25.06752000000415,38056.83712,38081.90464,25.06752000000415,4,4.2591633742018296,RankSurprise
microPPN_L_2-3+,3,40550.31808,40683.23328,132.9152000000031,40550.31808,40683.23328,132.9152000000031,7,4.078652569073281,RankSurprise
microPPN_L_2-3+,3,42226.4832,42236.06784,9.584640000000945,42226.4832,42236.06784,9.584640000000945,3,5.74116588685731,RankSurprise
microPPN_L_2-3+,3,43067.1872,43088.60928,21.42207999999664,43067.1872,43088.60928,21.42207999999664,4,4.767748816283962,RankSurprise
microPPN_L_2-3+,3,50391.90016,50403.45088,11.550719999999274,50391.90016,50403.45088,11.550719999999274,3,4.259147598324413,RankSurprise
microPPN_L_2-3+,3,84339.79392,84403.77344,63.97952000000805,84339.79392,84403.77344,63.97952000000805,5,3.628655456553645,RankSurprise
microPPN_L_2-3+,3,86074.73664,86098.00192,23.265279999992345,86074.73664,86098.00192,23.265279999992345,4,4.36842542281185,RankSurprise
microPPN_L_2-3+,3,87317.05344,87326.76096,9.707519999996293,87317.05344,87326.76096,9.707519999996293,3,5.710036382418265,RankSurprise
microPPN_L_2-3+,3,102499.65568,102537.09312,37.43744000000879,102499.65568,102537.09312,37.43744000000879,5,4.930887370452201,RankSurprise
microPPN_L_2-3+,3,104489.3696,104518.73792,29.368319999994128,104489.3696,104518.73792,29.368319999994128,6,9.126652221965081,RankSurprise
microPPN_L_2-3+,3,127188.5824,127242.36288,53.78048000000126,127188.5824,127242.36288,53.78048000000126,6,4.950395515715449,RankSurprise
microPPN_L_2-3+,3,127724.21632,127754.40384,30.18751999999222,127724.21632,127754.40384,30.18751999999222,5,6.001248164719666,RankSurprise
microPPN_L_2-3+,3,138025.984,138053.87776,27.893760000006296,138025.984,138053.87776,27.893760000006296,4,4.004215207412706,RankSurprise
microPPN_L_2-3+,3,145342.34112,145393.2544,50.913280000007944,145342.34112,145393.2544,50.913280000007944,8,9.311257210449767,RankSurprise
microPPN_L_2-3+,3,147016.13056,147075.44064,59.31007999999565,147016.13056,147075.44064,59.31007999999565,7,7.513910229694716,RankSurprise
microPPN_L_2-3+,3,149031.89504,149053.80864,21.91359999999986,149031.89504,149053.80864,21.91359999999986,4,4.477198832439072,RankSurprise
microPPN_L_2-3+,3,151829.38112,151865.5488,36.1676799999841,151829.38112,151865.5488,36.1676799999841,6,6.841606147189083,RankSurprise
microPPN_L_2-3+,3,159645.2864,159673.63072,28.344319999974687,159645.2864,159673.63072,28.344319999974687,4,3.976746050220843,RankSurprise
microPPN_L_2-3+,3,162240.22528,162268.93824,28.712959999975283,162240.22528,162268.93824,28.712959999975283,4,3.6901050726820586,RankSurprise
microPPN_L_2-3+,3,165530.95168,165544.05888,13.107199999998556,165530.95168,165544.05888,13.107199999998556,3,3.7531971628307605,RankSurprise
microPPN_L_2-3+,3,168054.70208,168062.85312,8.151040000026114,168054.70208,168062.85312,8.151040000026114,3,7.716034624617569,RankSurprise
microPPN_L_2-3+,3,169877.79072,169890.07872,12.288000000000466,169877.79072,169890.07872,12.288000000000466,3,4.107996068987141,RankSurprise
microPPN_L_2-3+,3,170983.424,171027.94752,44.52351999998791,170983.424,171027.94752,44.52351999998791,7,8.189566321377974,RankSurprise
microPPN_L_2-3+,3,172969.61536,172981.8624,12.247040000016568,172969.61536,172981.8624,12.247040000016568,3,4.107996068987141,RankSurprise
microPPN_L_2-3+,3,175469.3632,175514.17344,44.81024000002071,175469.3632,175514.17344,44.81024000002071,5,4.084165981213758,RankSurprise
microPPN_L_2-3+,3,176218.48064,176248.95488,30.474240000010468,176218.48064,176248.95488,30.474240000010468,5,5.664463357340342,RankSurprise
microPPN_L_2-3+,3,176746.41408,176779.01824,32.604160000017146,176746.41408,176779.01824,32.604160000017146,5,5.159406704742995,RankSurprise
microPPN_L_2-3+,3,177992.99072,178039.3984,46.40768000000389,177992.99072,178039.3984,46.40768000000389,5,3.866320581093113,RankSurprise
microPPN_L_2-3+,3,179094.81472,179115.49952,20.684800000017276,179094.81472,179115.49952,20.684800000017276,4,4.9404210576822365,RankSurprise
microPPN_L_2-3+,3,179591.04512,179630.6944,39.64928000001237,179591.04512,179630.6944,39.64928000001237,5,4.412623158760496,RankSurprise
microPPN_L_2-3+,3,180952.02304,180971.9296,19.906560000003083,180952.02304,180971.9296,19.906560000003083,5,9.91187922689383,RankSurprise
microPPN_L_2-3+,3,181629.50144,181664.5632,35.06176000001142,181629.50144,181664.5632,35.06176000001142,6,7.586362464806214,RankSurprise
microPPN_L_2-3+,3,182994.61632,183028.49024,33.87392000001273,182994.61632,183028.49024,33.87392000001273,5,5.126535392677891,RankSurprise
microPPN_L_2-3+,3,187921.28512,187945.08288,23.797760000015842,187921.28512,187945.08288,23.797760000015842,4,4.386282644756491,RankSurprise
microPPN_L_2-3+,3,189123.46112,189137.42848,13.967360000009649,189123.46112,189137.42848,13.967360000009649,3,3.7590111326961804,RankSurprise
microPPN_L_2-3+,3,189995.66336,190006.51776,10.854399999981979,189995.66336,190006.51776,10.854399999981979,3,4.776788275180568,RankSurprise
microPPN_L_2-3+,3,190631.48544,190642.95424,11.468800000002375,190631.48544,190642.95424,11.468800000002375,3,4.430793490758429,RankSurprise
microPPN_L_2-3+,3,202863.65696,202898.26816,34.61120000001392,202863.65696,202898.26816,34.61120000001392,5,4.903702767770103,RankSurprise
microPPN_L_2-3+,3,205300.69504,205310.64832,9.953280000016093,205300.69504,205310.64832,9.953280000016093,3,5.369992713429454,RankSurprise
microPPN_L_2-3+,3,207117.96736,207131.648,13.680639999976847,207117.96736,207131.648,13.680639999976847,3,3.538705695467147,RankSurprise
microPPN_L_2-3+,3,215200.72704,215211.6224,10.89535999999498,215200.72704,215211.6224,10.89535999999498,4,13.419509565359045,RankSurprise
microPPN_L_2-3+,3,217160.58112,217186.14016,25.559040000021923,217160.58112,217186.14016,25.559040000021923,6,11.604046141873145,RankSurprise
microPPN_L_2-3+,3,221690.51136,221721.96864,31.457280000002356,221690.51136,221721.96864,31.457280000002356,5,5.650444627487353,RankSurprise
microPPN_L_2-3+,3,232800.17408,232812.01152,11.837440000002971,232800.17408,232812.01152,11.837440000002971,3,4.335347567418681,RankSurprise
microPPN_L_2-3+,3,233731.93216,233760.84992,28.917760000011185,233731.93216,233760.84992,28.917760000011185,4,3.9148881201177943,RankSurprise
microPPN_L_2-3+,3,235189.32992,235215.91296,26.58303999999771,235189.32992,235215.91296,26.58303999999771,4,3.7007749220242836,RankSurprise
microPPN_L_2-3+,3,243901.15328,243914.5472,13.393920000002254,243901.15328,243914.5472,13.393920000002254,3,3.8061415454472485,RankSurprise
microPPN_L_2-3+,3,249075.75296,249090.2528,14.499839999974938,249075.75296,249090.2528,14.499839999974938,3,3.6624012474524825,RankSurprise
microPPN_L_2-3+,3,257245.10208,257287.94624,42.84415999997873,257245.10208,257287.94624,42.84415999997873,5,4.481679750484158,RankSurprise
microPPN_L_2-3+,3,261217.36192,261246.85312,29.49120000001858,261217.36192,261246.85312,29.49120000001858,6,9.134142893694232,RankSurprise
microPPN_L_2-3+,3,263144.52992,263165.91104,21.381119999976363,263144.52992,263165.91104,21.381119999976363,4,5.022318954021351,RankSurprise
microPPN_L_2-3+,3,267635.67104,267645.952,10.280960000003688,267635.67104,267645.952,10.280960000003688,3,5.256036701196372,RankSurprise
microPPN_L_2-3+,3,271613.50144,271634.75968,21.258239999995567,271613.50144,271634.75968,21.258239999995567,4,4.824209104455576,RankSurprise
microPPN_L_2-3+,3,272452.608,272463.09376,10.485760000010487,272452.608,272463.09376,10.485760000010487,3,5.0570405805045535,RankSurprise
microPPN_L_2-3+,3,274398.53568,274515.39456,116.85888000001432,274398.53568,274515.39456,116.85888000001432,8,7.036645896017839,RankSurprise
microPPN_L_2-3+,3,280660.04992,280680.98048,20.930560000007972,280660.04992,280680.98048,20.930560000007972,5,9.105496907825433,RankSurprise
microPPN_L_2-3+,3,283645.46048,283682.07872,36.6182399999816,283645.46048,283682.07872,36.6182399999816,5,4.748085244716094,RankSurprise
microPPN_L_2-3+,3,284159.46752,284189.57312,30.105600000009872,284159.46752,284189.57312,30.105600000009872,4,3.8467892853597796,RankSurprise
microPPN_L_2-3+,3,286869.38112,286880.48128,11.100160000030883,286869.38112,286880.48128,11.100160000030883,3,4.548228155047415,RankSurprise
microPPN_L_2-3+,3,289585.7664,290629.87776,1044.1113599999808,289585.7664,290629.87776,1044.1113599999808,23,5.652798262096043,RankSurprise
microPPN_L_2-3+,3,291977.99424,291989.38112,11.386879999947269,291977.99424,291989.38112,11.386879999947269,4,10.651736900337248,RankSurprise
microPPN_L_2-3+,3,293400.45312,293427.15904,26.705919999978505,293400.45312,293427.15904,26.705919999978505,4,4.055906407616899,RankSurprise
microPPN_L_2-3+,3,294705.7664,294730.30144,24.53503999998793,294705.7664,294730.30144,24.53503999998793,4,5.0894860945950064,RankSurprise
microPPN_L_2-3+,3,294939.56608,294952.46848,12.902399999962654,294939.56608,294952.46848,12.902399999962654,4,10.215177492669653,RankSurprise
microPPN_L_2-3+,3,295909.21216,295927.35744,18.145279999997,295909.21216,295927.35744,18.145279999997,4,5.874318038351856,RankSurprise
microPPN_L_2-3+,3,318488.3712,318534.28736,45.9161600000225,318488.3712,318534.28736,45.9161600000225,5,4.018488145893247,RankSurprise
microPPN_L_2-3+,3,319799.66464,319852.544,52.879360000020824,319799.66464,319852.544,52.879360000020824,6,4.8794722817855956,RankSurprise
microPPN_L_2-3+,3,325858.83648,325868.58496,9.748480000009295,325858.83648,325868.58496,9.748480000009295,3,5.575655618947621,RankSurprise
microPPN_L_2-3+,3,339015.76192,339029.6064,13.844479999970645,339015.76192,339029.6064,13.844479999970645,3,3.5808680678752136,RankSurprise
microPPN_L_2-3+,3,377958.97344,377990.47168,31.49824000004446,377958.97344,377990.47168,31.49824000004446,6,8.33881635806113,RankSurprise
microPPN_L_2-3+,3,378704.19968,378714.112,9.912320000003092,378704.19968,378714.112,9.912320000003092,3,5.436224657525944,RankSurprise
microPPN_L_4-6+,1,33780.03968,38959.88224,5179.842559999997,33780.03968,38959.88224,5179.842559999997,12,3.773886596008028,RankSurprise
microPPN_L_4-6+,1,44484.97664,44745.07264,260.09599999999773,44484.97664,44745.07264,260.09599999999773,3,3.747054868151345,RankSurprise
microPPN_L_4-6+,1,120999.48544,121081.36448,81.8790399999998,120999.48544,121081.36448,81.8790399999998,3,5.345739988809182,RankSurprise
microPPN_L_4-6+,1,123651.11296,125174.04672,1522.93376,123651.11296,125174.04672,1522.93376,6,4.171255167521544,RankSurprise
microPPN_L_4-6+,1,137163.89888,138442.21952,1278.32064000002,137163.89888,138442.21952,1278.32064000002,7,6.9305228236198815,RankSurprise
microPPN_L_4-6+,1,141234.5856,143348.77696,2114.191359999997,141234.5856,143348.77696,2114.191359999997,8,5.51019739725548,RankSurprise
microPPN_L_4-6+,1,159703.49056,160367.08352,663.5929599999799,159703.49056,160367.08352,663.5929599999799,4,3.6929609395418304,RankSurprise
microPPN_L_4-6+,1,306240.88064,306696.11008,455.2294400000246,306240.88064,306696.11008,455.2294400000246,4,4.48007456460771,RankSurprise
microPPN_L_4-6+,1,326204.45696,326292.80768,88.35072000004584,326204.45696,326292.80768,88.35072000004584,3,5.016166974648241,RankSurprise
microPPN_L_4-6+,1,363212.5952,363268.25984,55.664640000031795,363212.5952,363268.25984,55.664640000031795,3,5.8146746708660135,RankSurprise
microPPN_L_4-6+,1,389422.40768,392777.3184,3354.9107199999853,389422.40768,392777.3184,3354.9107199999853,12,7.495138910995823,RankSurprise
microPPN_L_4-6+,2,18031.73888,18779.09504,747.3561599999994,18031.73888,18779.09504,747.3561599999994,6,5.69697372421982,RankSurprise
microPPN_L_4-6+,2,32256.12288,35890.42176,3634.2988799999985,32256.12288,35890.42176,3634.2988799999985,11,3.6754436961442463,RankSurprise
microPPN_L_4-6+,2,72252.49792,72419.40992,166.91200000001118,72252.49792,72419.40992,166.91200000001118,4,6.359677115373135,RankSurprise
microPPN_L_4-6+,2,93574.88128,93969.48992,394.60864000000583,93574.88128,93969.48992,394.60864000000583,4,3.9037936900548793,RankSurprise
microPPN_L_4-6+,2,121485.7216,121641.5744,155.8527999999933,121485.7216,121641.5744,155.8527999999933,5,9.056602540837165,RankSurprise
microPPN_L_4-6+,2,140964.37248,142449.0496,1484.6771200000076,140964.37248,142449.0496,1484.6771200000076,8,5.353606210457373,RankSurprise
microPPN_L_4-6+,2,143865.0368,148597.88288,4732.846079999988,143865.0368,148597.88288,4732.846079999988,13,3.540463945062981,RankSurprise
microPPN_L_4-6+,2,193971.56864,194084.57728,113.00863999998546,193971.56864,194084.57728,113.00863999998546,3,4.401475728567968,RankSurprise
microPPN_L_4-6+,2,226334.02368,226767.17568,433.15199999997276,226334.02368,226767.17568,433.15199999997276,4,3.916922981496672,RankSurprise
microPPN_L_4-6+,2,239465.0624,240454.57408,989.511679999996,239465.0624,240454.57408,989.511679999996,7,5.684113740582812,RankSurprise
microPPN_L_4-6+,2,289600.75776,289680.09728,79.33951999997953,289600.75776,289680.09728,79.33951999997953,3,5.3777491650438325,RankSurprise
microPPN_L_4-6+,2,292080.51712,295597.01504,3516.4979200000525,292080.51712,295597.01504,3516.4979200000525,13,5.096276143761284,RankSurprise
microPPN_L_4-6+,2,334968.87296,336574.83264,1605.9596799999708,334968.87296,336574.83264,1605.9596799999708,7,3.669451091371307,RankSurprise
microPPN_L_4-6+,2,347101.22496,347142.92224,41.69727999996394,347101.22496,347142.92224,41.69727999996394,3,6.742064619444948,RankSurprise
microPPN_L_4-6+,2,357332.33664,357532.50816,200.17152000003261,357332.33664,357532.50816,200.17152000003261,4,5.380064385368593,RankSurprise
microPPN_L_5-6+,3,125527.36768,154474.0864,28946.718720000004,125527.36768,154474.0864,28946.718720000004,137,44.86888777764938,RankSurprise
microPPN_L_5-6+,3,172136.12032,172210.95424,74.83392000000458,172136.12032,172210.95424,74.83392000000458,3,4.657058541386954,RankSurprise
microPPN_L_5-6+,3,239266.97984,240972.5952,1705.6153599999961,239266.97984,240972.5952,1705.6153599999961,10,4.841715349929668,RankSurprise
microPPN_L_5-6+,3,293758.32064,293833.07264,74.75200000003679,293758.32064,293833.07264,74.75200000003679,3,4.553579493828833,RankSurprise
microPPN_L_5-6+,4,59580.12928,59591.84384,11.714560000000347,59580.12928,59591.84384,11.714560000000347,3,7.140347385115958,RankSurprise
microPPN_L_5-6+,4,124811.14112,133839.70816,9028.567040000009,124811.14112,133839.70816,9028.567040000009,42,18.866974469136487,RankSurprise
microPPN_L_5-6+,4,136299.88864,152013.49632,15713.607680000016,136299.88864,152013.49632,15713.607680000016,61,23.60035640481367,RankSurprise
microPPN_L_7-8+,0,64416.1536,65811.94752,1395.7939200000037,64416.1536,65811.94752,1395.7939200000037,6,3.9191029209584802,RankSurprise
microPPN_L_7-8+,0,90660.4544,91461.2224,800.7679999999964,90660.4544,91461.2224,800.7679999999964,6,5.551222461801782,RankSurprise
microPPN_L_7-8+,0,94834.8928,94872.08448,37.191680000003544,94834.8928,94872.08448,37.191680000003544,4,11.077311372629737,RankSurprise
microPPN_L_7-8+,0,124880.11776,150152.47872,25272.36096000002,124880.11776,150152.47872,25272.36096000002,69,18.809511956764197,RankSurprise
microPPN_L_7-8+,0,178862.32576,179002.5728,140.24703999998746,178862.32576,179002.5728,140.24703999998746,3,4.4668073343101415,RankSurprise
microPPN_L_7-8+,0,192914.71872,193878.75328,964.03456,192914.71872,193878.75328,964.03456,7,6.536977295035015,RankSurprise
microPPN_L_7-8+,0,197549.056,197690.1632,141.10719999999856,197549.056,197690.1632,141.10719999999856,3,4.4668073343101415,RankSurprise
microPPN_L_7-8+,0,200988.8768,203647.42656,2658.5497599999944,200988.8768,203647.42656,2658.5497599999944,9,4.228072439856704,RankSurprise
microPPN_L_7-8+,1,60303.68768,62885.888,2582.2003199999963,60303.68768,62885.888,2582.2003199999963,15,4.354166870489302,RankSurprise
microPPN_L_7-8+,1,86987.44832,92437.87264,5450.4243200000055,86987.44832,92437.87264,5450.4243200000055,27,4.787672256940475,RankSurprise
microPPN_L_7-8+,1,97301.87264,97417.87136,115.99872000000323,97301.87264,97417.87136,115.99872000000323,4,4.866549984560031,RankSurprise
microPPN_L_7-8+,1,102008.66816,102335.81568,327.1475199999986,102008.66816,102335.81568,327.1475199999986,6,5.249371350778723,RankSurprise
microPPN_L_7-8+,1,104816.18944,104883.93728,67.74783999999636,104816.18944,104883.93728,67.74783999999636,3,3.7361741971906746,RankSurprise
microPPN_L_7-8+,1,114371.50208,114435.97312,64.47103999998944,114371.50208,114435.97312,64.47103999998944,3,3.7094176459890704,RankSurprise
microPPN_L_7-8+,1,124895.6416,136365.09696,11469.455359999993,124895.6416,136365.09696,11469.455359999993,83,25.44273369117325,RankSurprise
microPPN_L_7-8+,1,138787.0208,153237.34016,14450.319359999994,138787.0208,153237.34016,14450.319359999994,97,26.3399873199077,RankSurprise
microPPN_L_7-8+,1,175752.8064,175810.02752,57.221120000001974,175752.8064,175810.02752,57.221120000001974,3,4.056863783490179,RankSurprise
microPPN_L_7-8+,1,178164.49024,178289.21344,124.72319999997853,178164.49024,178289.21344,124.72319999997853,4,4.710824749442111,RankSurprise
microPPN_L_7-8+,1,180304.52736,180488.64256,184.1152000000002,180304.52736,180488.64256,184.1152000000002,4,3.758641718073342,RankSurprise
microPPN_L_7-8+,1,200625.80736,200954.51136,328.7039999999979,200625.80736,200954.51136,328.7039999999979,7,6.672640531570671,RankSurprise
microPPN_L_7-8+,3,61074.26816,61118.8736,44.60543999999936,61074.26816,61118.8736,44.60543999999936,3,5.314194575508519,RankSurprise
microPPN_L_7-8+,3,64130.49856,64375.11168,244.6131200000018,64130.49856,64375.11168,244.6131200000018,5,6.111026481439197,RankSurprise
microPPN_L_7-8+,3,67299.5328,67353.02656,53.493759999997565,67299.5328,67353.02656,53.493759999997565,3,4.887774102224366,RankSurprise
microPPN_L_7-8+,3,86826.1888,86951.07584,124.88704000000143,86826.1888,86951.07584,124.88704000000143,3,3.5255772926835363,RankSurprise
microPPN_L_7-8+,3,87890.78016,88124.416,233.63584000000264,87890.78016,88124.416,233.63584000000264,4,4.2275180999215145,RankSurprise
microPPN_L_7-8+,3,94227.53792,94347.0592,119.52128000000084,94227.53792,94347.0592,119.52128000000084,4,5.980320788167251,RankSurprise
microPPN_L_7-8+,3,122496.24576,127446.09792,4949.852159999995,122496.24576,127446.09792,4949.852159999995,19,3.7840802258336907,RankSurprise
microPPN_L_7-8+,3,132264.18176,132668.33408,404.1523199999938,132264.18176,132668.33408,404.1523199999938,9,12.44310149276098,RankSurprise
microPPN_L_7-8+,3,138870.3744,152766.2592,13895.8848,138870.3744,152766.2592,13895.8848,73,25.37796656315429,RankSurprise
microPPN_L_7-8+,3,179638.43584,181909.46304,2271.0272000000114,179638.43584,181909.46304,2271.0272000000114,13,5.039167616764635,RankSurprise
microPPN_L_7-8+,3,198433.1776,199029.1456,595.9679999999935,198433.1776,199029.1456,595.9679999999935,6,4.661412282427477,RankSurprise
microPPN_L_7-8+,3,213669.76512,213963.61216,293.8470399999933,213669.76512,213963.61216,293.8470399999933,4,3.6170640332844997,RankSurprise
microPPN_L_7-8+,3,226647.20384,226968.65792,321.4540799999959,226647.20384,226968.65792,321.4540799999959,5,5.1294536201129155,RankSurprise
microPPN_L_7-8+,3,294810.17344,294890.0864,79.91295999998692,294810.17344,294890.0864,79.91295999998692,3,4.192070029450644,RankSurprise
microPPN_L_9-10+,1,52041.1136,52352.32768,311.2140800000052,52041.1136,52352.32768,311.2140800000052,4,5.238375359734739,RankSurprise
microPPN_L_9-10+,1,102173.73696,103470.6944,1296.9574399999983,102173.73696,103470.6944,1296.9574399999983,7,4.74175929390536,RankSurprise
microPPN_L_9-10+,1,141809.17248,148539.51488,6730.342399999994,141809.17248,148539.51488,6730.342399999994,17,4.457896546518889,RankSurprise
microPPN_L_9-10+,1,168592.30208,168784.896,192.5939200000139,168592.30208,168784.896,192.5939200000139,3,3.880621621362989,RankSurprise
microPPN_L_9-10+,1,173588.72576,180928.26624,7339.540479999996,173588.72576,180928.26624,7339.540479999996,29,14.370568946177253,RankSurprise
microPPN_L_9-10+,1,193272.05376,193388.66688,116.61311999999452,193272.05376,193388.66688,116.61311999999452,3,5.143292668083054,RankSurprise
microPPN_L_9-10+,1,215164.55936,216155.70944,991.1500799999922,215164.55936,216155.70944,991.1500799999922,6,5.54870451483729,RankSurprise
microPPN_L_9-10+,1,294266.22464,295136.33792,870.1132800000487,294266.22464,295136.33792,870.1132800000487,6,5.208209264150252,RankSurprise
microPPN_R_1-2+,0,359.424,422.46144,63.037440000000004,359.424,422.46144,63.037440000000004,6,3.6940420808725887,RankSurprise
microPPN_R_1-2+,0,10286.65344,10289.64352,2.9900799999995797,10286.65344,10289.64352,2.9900799999995797,3,3.76900215113959,RankSurprise
microPPN_R_1-2+,0,12241.34656,12311.83872,70.49215999999979,12241.34656,12311.83872,70.49215999999979,9,6.594928892459145,RankSurprise
microPPN_R_1-2+,0,12859.92448,12981.08416,121.15968000000066,12859.92448,12981.08416,121.15968000000066,10,5.522534771592334,RankSurprise
microPPN_R_1-2+,0,13584.62976,13849.92768,265.2979200000009,13584.62976,13849.92768,265.2979200000009,16,5.775949494269131,RankSurprise
microPPN_R_1-2+,0,14050.75456,14104.65792,53.90336000000025,14050.75456,14104.65792,53.90336000000025,6,3.706698606550612,RankSurprise
microPPN_R_1-2+,0,14646.10816,14771.77344,125.66528000000108,14646.10816,14771.77344,125.66528000000108,11,4.967501072306481,RankSurprise
microPPN_R_1-2+,0,14937.16992,15489.80224,552.6323200000006,14937.16992,15489.80224,552.6323200000006,31,7.790805693022831,RankSurprise
microPPN_R_1-2+,0,17288.68352,17293.43488,4.751360000002023,17288.68352,17293.43488,4.751360000002023,3,3.5845685263457057,RankSurprise
microPPN_R_1-2+,0,20511.70304,20661.61664,149.91359999999986,20511.70304,20661.61664,149.91359999999986,15,8.314271040633077,RankSurprise
microPPN_R_1-2+,0,21428.26496,21554.05312,125.78816000000006,21428.26496,21554.05312,125.78816000000006,9,3.8549626850026053,RankSurprise
microPPN_R_1-2+,0,22146.08896,22231.81824,85.72927999999956,22146.08896,22231.81824,85.72927999999956,9,4.9162572073168915,RankSurprise
microPPN_R_1-2+,0,22604.67712,22606.848,2.170880000001489,22604.67712,22606.848,2.170880000001489,3,5.498281598862933,RankSurprise
microPPN_R_1-2+,0,23027.01568,23030.5792,3.5635199999996985,23027.01568,23030.5792,3.5635199999996985,3,3.6934911622702753,RankSurprise
microPPN_R_1-2+,0,23888.0768,24172.42112,284.34432000000015,23888.0768,24172.42112,284.34432000000015,20,6.8681101861091856,RankSurprise
microPPN_R_1-2+,0,24496.9472,24501.37088,4.423679999999877,24496.9472,24501.37088,4.423679999999877,3,3.5475852189593677,RankSurprise
microPPN_R_1-2+,0,24792.63744,24807.6288,14.991359999999986,24792.63744,24807.6288,14.991359999999986,5,5.408698624371407,RankSurprise
microPPN_R_1-2+,0,25922.10944,25925.26336,3.153920000000653,25922.10944,25925.26336,3.153920000000653,3,4.272800981777321,RankSurprise
microPPN_R_1-2+,0,26152.50944,26239.50848,86.99903999999879,26152.50944,26239.50848,86.99903999999879,9,5.314543527085363,RankSurprise
microPPN_R_1-2+,0,27312.90624,27318.10816,5.201919999999518,27312.90624,27318.10816,5.201919999999518,3,3.7172820888928992,RankSurprise
microPPN_R_1-2+,0,28140.7488,28154.75712,14.008319999997184,28140.7488,28154.75712,14.008319999997184,5,5.716346242585853,RankSurprise
microPPN_R_1-2+,0,28812.16512,28815.52384,3.358720000000176,28812.16512,28815.52384,3.358720000000176,4,7.921284510342204,RankSurprise
microPPN_R_1-2+,0,29300.57216,29325.68064,25.108479999998963,29300.57216,29325.68064,25.108479999998963,5,4.250758183281459,RankSurprise
microPPN_R_1-2+,0,33173.83168,33205.98528,32.15359999999782,33173.83168,33205.98528,32.15359999999782,6,4.914847619472482,RankSurprise
microPPN_R_1-2+,0,33719.95136,33725.80864,5.857280000003811,33719.95136,33725.80864,5.857280000003811,3,3.77227949777326,RankSurprise
microPPN_R_1-2+,0,35863.87968,36019.89632,156.01664000000164,35863.87968,36019.89632,156.01664000000164,11,5.098835595700664,RankSurprise
microPPN_R_1-2+,0,36974.3872,36990.3616,15.97439999999915,36974.3872,36990.3616,15.97439999999915,4,3.8188985504146657,RankSurprise
microPPN_R_1-2+,0,37381.03808,37470.74048,89.70240000000194,37381.03808,37470.74048,89.70240000000194,8,5.3734847382514115,RankSurprise
microPPN_R_1-2+,0,38188.56448,38216.00768,27.443200000001525,38188.56448,38216.00768,27.443200000001525,6,5.172121261370123,RankSurprise
microPPN_R_1-2+,0,39460.53632,39846.58432,386.0480000000025,39460.53632,39846.58432,386.0480000000025,20,5.533386836974916,RankSurprise
microPPN_R_1-2+,0,40304.76288,40563.79392,259.0310399999944,40304.76288,40563.79392,259.0310399999944,19,5.953523424096636,RankSurprise
microPPN_R_1-2+,0,42737.00864,42740.5312,3.522559999997611,42737.00864,42740.5312,3.522559999997611,3,4.122705193430756,RankSurprise
microPPN_R_1-2+,0,44268.7488,44272.59904,3.850239999999758,44268.7488,44272.59904,3.850239999999758,3,3.9776321694726935,RankSurprise
microPPN_R_1-2+,0,46232.9856,46452.24448,219.25888000000123,46232.9856,46452.24448,219.25888000000123,14,4.41107815868583,RankSurprise
microPPN_R_1-2+,0,55419.41248,55531.52,112.10751999999775,55419.41248,55531.52,112.10751999999775,14,8.912317640516838,RankSurprise
microPPN_R_1-2+,0,56536.2688,56583.33184,47.06304000000091,56536.2688,56583.33184,47.06304000000091,7,5.106633066508294,RankSurprise
microPPN_R_1-2+,0,58149.72416,58162.66752,12.943360000004759,58149.72416,58162.66752,12.943360000004759,5,5.737633506813264,RankSurprise
microPPN_R_1-2+,0,59040.48128,59052.31872,11.837440000002971,59040.48128,59052.31872,11.837440000002971,4,3.860667415076417,RankSurprise
microPPN_R_1-2+,0,61100.07296,61244.98944,144.91647999999986,61100.07296,61244.98944,144.91647999999986,11,4.408304673728449,RankSurprise
microPPN_R_1-2+,0,62017.536,62048.01024,30.474240000003192,62017.536,62048.01024,30.474240000003192,5,4.084987350368362,RankSurprise
microPPN_R_1-2+,0,63712.09216,63768.86272,56.770559999997204,63712.09216,63768.86272,56.770559999997204,7,4.455557114057034,RankSurprise
microPPN_R_1-2+,0,63991.76704,64031.66208,39.895040000003064,63991.76704,64031.66208,39.895040000003064,5,3.7216374365487646,RankSurprise
microPPN_R_1-2+,0,66322.75968,66375.8848,53.12511999999697,66322.75968,66375.8848,53.12511999999697,6,4.061380001980355,RankSurprise
microPPN_R_1-2+,0,66556.55936,66573.39392,16.834560000002966,66556.55936,66573.39392,16.834560000002966,6,6.2653352295448315,RankSurprise
microPPN_R_1-2+,0,70132.57216,70159.31904,26.74688000000606,70132.57216,70159.31904,26.74688000000606,5,4.3911727505219,RankSurprise
microPPN_R_1-2+,0,70791.49568,70854.53312,63.03743999998551,70791.49568,70854.53312,63.03743999998551,7,4.5770850395567235,RankSurprise
microPPN_R_1-2+,0,71471.67744,71669.1456,197.468160000004,71471.67744,71669.1456,197.468160000004,15,6.53514410119507,RankSurprise
microPPN_R_1-2+,0,72731.27936,72734.67904,3.399680000002263,72731.27936,72734.67904,3.399680000002263,3,3.9079822601461114,RankSurprise
microPPN_R_1-2+,0,80864.99328,80928.5632,63.569920000009006,80864.99328,80928.5632,63.569920000009006,7,5.230668350745653,RankSurprise
microPPN_R_1-2+,0,85706.9568,85762.6624,55.70560000000114,85706.9568,85762.6624,55.70560000000114,9,6.674849797944627,RankSurprise
microPPN_R_1-2+,0,89389.42464,89391.55456,2.1299200000066776,89389.42464,89391.55456,2.1299200000066776,3,5.768401294475215,RankSurprise
microPPN_R_1-2+,0,103058.8416,103148.99456,90.15296000000671,103058.8416,103148.99456,90.15296000000671,9,4.574901437109547,RankSurprise
microPPN_R_1-2+,0,104578.6624,104591.81056,13.148159999997006,104578.6624,104591.81056,13.148159999997006,5,5.9471269957803266,RankSurprise
microPPN_R_1-2+,0,106613.63712,106934.39488,320.7577600000077,106613.63712,106934.39488,320.7577600000077,20,5.865014749650589,RankSurprise
microPPN_R_1-2+,0,107157.25824,107212.75904,55.500800000008894,107157.25824,107212.75904,55.500800000008894,8,5.99046440137611,RankSurprise
microPPN_R_1-2+,0,110409.80992,110450.0736,40.26368000000366,110409.80992,110450.0736,40.26368000000366,7,5.749339158340697,RankSurprise
microPPN_R_1-2+,0,110802.98496,111005.696,202.71103999999468,110802.98496,111005.696,202.71103999999468,12,3.573744586781265,RankSurprise
microPPN_R_1-2+,0,113340.66176,113428.64384,87.98208000000159,113340.66176,113428.64384,87.98208000000159,12,8.880100873204274,RankSurprise
microPPN_R_1-2+,0,114183.3728,114320.01536,136.6425600000075,114183.3728,114320.01536,136.6425600000075,12,5.513845345680218,RankSurprise
microPPN_R_1-2+,0,114972.42624,114975.21152,2.785279999996419,114972.42624,114975.21152,2.785279999996419,3,3.955941938895762,RankSurprise
microPPN_R_1-2+,0,115939.45088,116055.53152,116.08064000000013,115939.45088,116055.53152,116.08064000000013,11,6.079993608290425,RankSurprise
microPPN_R_1-2+,0,118085.4272,118138.51136,53.08415999999852,118085.4272,118138.51136,53.08415999999852,7,5.815857474584601,RankSurprise
microPPN_R_1-2+,0,119165.3376,119366.28736,200.94976000000315,119165.3376,119366.28736,200.94976000000315,12,3.8040934077418833,RankSurprise
microPPN_R_1-2+,0,119838.35136,119966.88384,128.5324799999944,119838.35136,119966.88384,128.5324799999944,13,6.608126141036379,RankSurprise
microPPN_R_1-2+,0,120986.50112,121241.14944,254.64831999999296,120986.50112,121241.14944,254.64831999999296,21,11.880608138485707,RankSurprise
microPPN_R_1-2+,0,125354.5984,125357.30176,2.7033599999995204,125354.5984,125357.30176,2.7033599999995204,3,4.950807416026596,RankSurprise
microPPN_R_1-2+,0,125579.38688,125701.20192,121.81504000000132,125579.38688,125701.20192,121.81504000000132,10,5.14601823817929,RankSurprise
microPPN_R_1-2+,0,126334.07488,126520.5248,186.4499199999991,126334.07488,126520.5248,186.4499199999991,11,4.3012512773604055,RankSurprise
microPPN_R_1-2+,0,126781.89056,126803.43552,21.544959999999264,126781.89056,126803.43552,21.544959999999264,5,4.714480876735916,RankSurprise
microPPN_R_1-2+,0,127436.22656,127439.29856,3.0720000000001164,127436.22656,127439.29856,3.0720000000001164,3,4.311079673019178,RankSurprise
microPPN_R_1-2+,0,128420.20864,128489.84064,69.63199999999779,128420.20864,128489.84064,69.63199999999779,7,3.954984379073801,RankSurprise
microPPN_R_1-2+,0,130043.98592,130058.36288,14.376959999994142,130043.98592,130058.36288,14.376959999994142,4,3.555014043662254,RankSurprise
microPPN_R_1-2+,0,133816.9344,133912.33024,95.39584000001196,133816.9344,133912.33024,95.39584000001196,9,4.163877735067362,RankSurprise
microPPN_R_1-2+,0,134949.02784,134951.5264,2.4985600000072736,134949.02784,134951.5264,2.4985600000072736,3,4.214675442904236,RankSurprise
microPPN_R_1-2+,0,135281.58208,135353.18016,71.59807999999612,135281.58208,135353.18016,71.59807999999612,11,8.679536338528216,RankSurprise
microPPN_R_1-2+,0,135442.6368,135531.84768,89.21087999999872,135442.6368,135531.84768,89.21087999999872,7,3.8679949937354885,RankSurprise
microPPN_R_1-2+,0,138649.92768,138693.75488,43.82719999999972,138649.92768,138693.75488,43.82719999999972,7,5.985466840162737,RankSurprise
microPPN_R_1-2+,0,139811.6352,139816.3456,4.71040000001085,139811.6352,139816.3456,4.71040000001085,3,3.897478951718808,RankSurprise
microPPN_R_1-2+,0,141736.63232,141782.17984,45.5475199999928,141736.63232,141782.17984,45.5475199999928,8,7.030021689590809,RankSurprise
microPPN_R_1-2+,0,144109.07648,144114.52416,5.447680000012042,144109.07648,144114.52416,5.447680000012042,4,6.596948415468489,RankSurprise
microPPN_R_1-2+,0,144250.55232,144358.23616,107.68384000001242,144250.55232,144358.23616,107.68384000001242,8,3.510499623690601,RankSurprise
microPPN_R_1-2+,0,145061.02784,145063.7312,2.7033600000140723,145061.02784,145063.7312,2.7033600000140723,3,3.943397092380769,RankSurprise
microPPN_R_1-2+,0,147585.92512,147795.1488,209.2236799999955,147585.92512,147795.1488,209.2236799999955,14,5.063610174160328,RankSurprise
microPPN_R_1-2+,0,149160.38656,149202.49344,42.10687999997754,149160.38656,149202.49344,42.10687999997754,7,5.879368086118777,RankSurprise
microPPN_R_1-2+,0,150613.03296,150615.12192,2.0889599999936763,150613.03296,150615.12192,2.0889599999936763,3,6.383460735144245,RankSurprise
microPPN_R_1-2+,0,150714.81856,150752.74752,37.928959999990184,150714.81856,150752.74752,37.928959999990184,6,4.201591432188423,RankSurprise
microPPN_R_1-2+,0,151781.41696,151792.80384,11.386880000005476,151781.41696,151792.80384,11.386880000005476,4,4.1542839487222665,RankSurprise
microPPN_R_1-2+,0,153850.63424,153919.65184,69.01759999999194,153850.63424,153919.65184,69.01759999999194,7,3.762680479431237,RankSurprise
microPPN_R_1-2+,0,155077.67296,155125.39136,47.71840000001248,155077.67296,155125.39136,47.71840000001248,7,4.791032488411885,RankSurprise
microPPN_R_1-2+,0,155613.92128,155615.8464,1.925119999999879,155613.92128,155615.8464,1.925119999999879,3,7.174822611649438,RankSurprise
microPPN_R_1-2+,0,155966.21824,155987.92704,21.708800000022165,155966.21824,155987.92704,21.708800000022165,5,5.230864843458139,RankSurprise
microPPN_R_1-2+,0,157247.2832,157250.47808,3.1948799999954645,157247.2832,157250.47808,3.1948799999954645,3,4.639340851753113,RankSurprise
microPPN_R_1-2+,0,157771.81696,157929.6768,157.85983999999007,157771.81696,157929.6768,157.85983999999007,15,8.271089761151565,RankSurprise
microPPN_R_1-2+,0,158184.6528,158211.8912,27.238400000002002,158184.6528,158211.8912,27.238400000002002,4,3.5304237404203533,RankSurprise
microPPN_R_1-2+,0,159263.17056,159266.2016,3.031040000001667,159263.17056,159266.2016,3.031040000001667,3,4.74585957493426,RankSurprise
microPPN_R_1-2+,0,159702.4256,159794.01216,91.5865600000252,159702.4256,159794.01216,91.5865600000252,8,4.131714912754292,RankSurprise
microPPN_R_1-2+,0,161413.28384,161641.472,228.1881600000197,161413.28384,161641.472,228.1881600000197,15,5.393703611389347,RankSurprise
microPPN_R_1-2+,0,162679.27552,162703.44192,24.166400000016438,162679.27552,162703.44192,24.166400000016438,6,6.381299795197741,RankSurprise
microPPN_R_1-2+,0,164155.47392,164158.83264,3.3587200000183657,164155.47392,164158.83264,3.3587200000183657,3,4.478963470242313,RankSurprise
microPPN_R_1-2+,0,164388.33152,164400.29184,11.960319999983767,164388.33152,164400.29184,11.960319999983767,4,4.350761353742119,RankSurprise
microPPN_R_1-2+,0,164615.41376,164617.58464,2.170879999990575,164615.41376,164617.58464,2.170879999990575,3,5.316337885344085,RankSurprise
microPPN_R_1-2+,0,165215.4368,165257.50272,42.06591999999364,165215.4368,165257.50272,42.06591999999364,5,4.065618982972129,RankSurprise
microPPN_R_1-2+,0,165390.09024,165393.12128,3.031040000001667,165390.09024,165393.12128,3.031040000001667,3,4.1502511347929225,RankSurprise
microPPN_R_1-2+,0,165530.37824,165734.52288,204.14464000001317,165530.37824,165734.52288,204.14464000001317,12,3.7400394797864887,RankSurprise
microPPN_R_1-2+,0,169157.79584,169160.04864,2.2527999999874737,169157.79584,169160.04864,2.2527999999874737,3,4.864025861592021,RankSurprise
microPPN_R_1-2+,0,188164.13696,188166.22592,2.0889599999936763,188164.13696,188166.22592,2.0889599999936763,3,5.668597390904347,RankSurprise
microPPN_R_1-2+,0,207607.52128,207613.41952,5.898240000009537,207607.52128,207613.41952,5.898240000009537,4,5.036331189370301,RankSurprise
microPPN_R_1-2+,0,213823.81568,213837.45536,13.63967999999295,213823.81568,213837.45536,13.63967999999295,4,4.667806088931503,RankSurprise
microPPN_R_1-2+,0,216942.1824,216945.78688,3.6044800000090618,216942.1824,216945.78688,3.6044800000090618,3,3.9469733121975903,RankSurprise
microPPN_R_1-2+,0,221438.60736,221444.38272,5.775359999999637,221438.60736,221444.38272,5.775359999999637,4,5.955923811013463,RankSurprise
microPPN_R_1-2+,0,251001.89696,251027.2512,25.35423999998602,251001.89696,251027.2512,25.35423999998602,5,3.8244897566707614,RankSurprise
microPPN_R_1-2+,0,265205.63712,265207.93088,2.293759999971371,265205.63712,265207.93088,2.293759999971371,3,5.246583595803115,RankSurprise
microPPN_R_1-2+,0,265591.68512,265595.53536,3.850239999999758,265591.68512,265595.53536,3.850239999999758,4,6.2981941616740045,RankSurprise
microPPN_R_1-2+,0,266645.38112,266666.63936,21.258239999995567,266645.38112,266666.63936,21.258239999995567,4,4.35819937492796,RankSurprise
microPPN_R_1-2+,0,279420.7232,279426.94912,6.2259199999971315,279420.7232,279426.94912,6.2259199999971315,3,3.6268183117141017,RankSurprise
microPPN_R_1-2+,0,280738.03776,280747.4176,9.379840000008699,280738.03776,280747.4176,9.379840000008699,4,4.1927983893891145,RankSurprise
microPPN_R_1-2+,0,281089.6384,281105.65376,16.015360000019427,281089.6384,281105.65376,16.015360000019427,4,3.7471738170436026,RankSurprise
microPPN_R_1-2+,0,281539.1744,281541.95968,2.785280000010971,281539.1744,281541.95968,2.785280000010971,3,4.533404720456245,RankSurprise
microPPN_R_1-2+,0,282056.4992,282104.70912,48.20991999999387,282056.4992,282104.70912,48.20991999999387,6,4.034120444428195,RankSurprise
microPPN_R_1-2+,0,292617.91232,292750.49984,132.58752000000095,292617.91232,292750.49984,132.58752000000095,10,5.453442654411427,RankSurprise
microPPN_R_1-2+,0,294181.92896,294199.86944,17.940479999990202,294181.92896,294199.86944,17.940479999990202,4,3.74616150043952,RankSurprise
microPPN_R_1-2+,0,295682.90816,295715.18464,32.27648000000045,295682.90816,295715.18464,32.27648000000045,6,5.030739301332389,RankSurprise
microPPN_R_1-2+,0,297199.2064,297203.54816,4.34175999998115,297199.2064,297203.54816,4.34175999998115,3,4.006923317007683,RankSurprise
microPPN_R_1-2+,0,297261.50656,297263.47264,1.9660799999837764,297261.50656,297263.47264,1.9660799999837764,3,8.368466364876161,RankSurprise
microPPN_R_1-2+,0,302145.20832,302171.136,25.92768000002252,302145.20832,302171.136,25.92768000002252,5,3.86103865792494,RankSurprise
microPPN_R_1-2+,0,303823.62624,303827.02592,3.3996799999731593,303823.62624,303827.02592,3.3996799999731593,4,7.00878301191873,RankSurprise
microPPN_R_1-2+,0,305330.46272,305351.35232,20.88959999999497,305330.46272,305351.35232,20.88959999999497,5,4.645866797534762,RankSurprise
microPPN_R_1-2+,0,306109.11232,306149.29408,40.18176000000676,306109.11232,306149.29408,40.18176000000676,8,6.872770797141294,RankSurprise
microPPN_R_1-2+,0,315259.41248,315281.16224,21.74975999997696,315259.41248,315281.16224,21.74975999997696,7,7.837275837035364,RankSurprise
microPPN_R_1-2+,0,315967.40608,316000.8704,33.46432000002824,315967.40608,316000.8704,33.46432000002824,5,3.846046447994791,RankSurprise
microPPN_R_1-2+,0,316160.53248,316274.23744,113.70496000000276,316160.53248,316274.23744,113.70496000000276,14,9.904734885400565,RankSurprise
microPPN_R_1-2+,0,317597.45024,317800.8576,203.40736000001198,317597.45024,317800.8576,203.40736000001198,17,7.815336981124597,RankSurprise
microPPN_R_1-2+,0,317984.84992,318260.18304,275.3331199999666,317984.84992,318260.18304,275.3331199999666,23,9.627324402977193,RankSurprise
microPPN_R_1-2+,0,319307.53024,319585.32096,277.79071999998996,319307.53024,319585.32096,277.79071999998996,18,7.561677514155225,RankSurprise
microPPN_R_1-2+,0,320827.392,320849.87904,22.48704000003636,320827.392,320849.87904,22.48704000003636,5,4.579408372392248,RankSurprise
microPPN_R_1-2+,0,321439.1296,321469.93152,30.801919999998063,321439.1296,321469.93152,30.801919999998063,7,6.9982231578478675,RankSurprise
microPPN_R_1-2+,0,323465.13408,323467.55072,2.416640000010375,323465.13408,323467.55072,2.416640000010375,3,4.716719973839771,RankSurprise
microPPN_R_1-2+,0,325730.95936,325736.2432,5.283840000047348,325730.95936,325736.2432,5.283840000047348,3,3.9613424833250885,RankSurprise
microPPN_R_1-2+,0,325919.08864,325948.57984,29.491200000047684,325919.08864,325948.57984,29.491200000047684,5,3.9428117947955776,RankSurprise
microPPN_R_1-2+,0,326281.6256,326300.79488,19.169279999972787,326281.6256,326300.79488,19.169279999972787,4,3.7350485049080753,RankSurprise
microPPN_R_1-2+,0,326790.3488,326869.77024,79.42144000000553,326790.3488,326869.77024,79.42144000000553,8,4.346009773013407,RankSurprise
microPPN_R_1-2+,0,327561.09312,327563.22304,2.1299200000357814,327561.09312,327563.22304,2.1299200000357814,3,5.610199017998751,RankSurprise
microPPN_R_1-2+,0,328154.39872,328169.63584,15.237120000005234,328154.39872,328169.63584,15.237120000005234,5,5.88574827558995,RankSurprise
microPPN_R_1-2+,0,330786.2016,330788.29056,2.08896000002278,330786.2016,330788.29056,2.08896000002278,3,6.187620543762604,RankSurprise
microPPN_R_1-2+,0,331147.30496,331161.8048,14.499840000004042,331147.30496,331161.8048,14.499840000004042,4,4.091172033877196,RankSurprise
microPPN_R_1-2+,0,331725.37344,331728.60928,3.235839999979362,331725.37344,331728.60928,3.235839999979362,4,7.962268805305886,RankSurprise
microPPN_R_1-2+,0,331993.66144,332024.38144,30.720000000030268,331993.66144,332024.38144,30.720000000030268,4,3.5807652764715954,RankSurprise
microPPN_R_1-2+,0,334335.75424,334398.464,62.709759999997914,334335.75424,334398.464,62.709759999997914,8,6.235622950529387,RankSurprise
microPPN_R_1-2+,0,336331.9808,336373.88288,41.90207999997074,336331.9808,336373.88288,41.90207999997074,7,4.993281178968025,RankSurprise
microPPN_R_1-2+,0,337020.06784,337058.816,38.74816000001738,337020.06784,337058.816,38.74816000001738,6,4.473109262859273,RankSurprise
microPPN_R_1-2+,0,337472.59392,337595.88352,123.28959999996005,337472.59392,337595.88352,123.28959999996005,10,4.223469368522313,RankSurprise
microPPN_R_1-2+,0,339362.32448,339402.38336,40.05887999996776,339362.32448,339402.38336,40.05887999996776,6,5.078977155606005,RankSurprise
microPPN_R_1-2+,0,339574.04672,339576.0128,1.966080000041984,339574.04672,339576.0128,1.966080000041984,3,7.061254445812066,RankSurprise
microPPN_R_1-2+,0,340066.46784,340307.59936,241.13151999999536,340066.46784,340307.59936,241.13151999999536,15,5.112041566806701,RankSurprise
microPPN_R_1-2+,0,342091.40736,342099.68128,8.27392000000691,342091.40736,342099.68128,8.27392000000691,3,3.5786050473755022,RankSurprise
microPPN_R_1-2+,0,342777.36448,342781.1328,3.768320000031963,342777.36448,342781.1328,3.768320000031963,3,4.120752067809873,RankSurprise
microPPN_R_1-2+,0,342923.6736,342956.19584,32.52224000002025,342923.6736,342956.19584,32.52224000002025,5,3.72970439542566,RankSurprise
microPPN_R_1-2+,0,344939.7248,344964.096,24.371199999994133,344939.7248,344964.096,24.371199999994133,6,7.482223463544216,RankSurprise
microPPN_R_1-2+,0,345425.67424,345472.90112,47.22687999997288,345425.67424,345472.90112,47.22687999997288,6,3.5401218024885366,RankSurprise
microPPN_R_1-2+,0,345605.5296,345981.70624,376.1766400000197,345605.5296,345981.70624,376.1766400000197,28,10.928065751819686,RankSurprise
microPPN_R_1-2+,0,346505.74848,346570.1376,64.3891200000071,346505.74848,346570.1376,64.3891200000071,10,7.775531775601056,RankSurprise
microPPN_R_1-2+,0,347680.19456,347682.85696,2.662400000030175,347680.19456,347682.85696,2.662400000030175,3,4.989614625319538,RankSurprise
microPPN_R_1-2+,0,351230.73024,351247.44192,16.711680000007618,351230.73024,351247.44192,16.711680000007618,6,6.995678915040706,RankSurprise
microPPN_R_1-2+,0,351555.91168,351569.79712,13.885439999983646,351555.91168,351569.79712,13.885439999983646,4,3.8934430741926427,RankSurprise
microPPN_R_1-2+,0,352194.27328,352196.23936,1.9660799999837764,352194.27328,352196.23936,1.9660799999837764,3,6.371394306084904,RankSurprise
microPPN_R_1-2+,0,354395.62752,354485.8624,90.23488000000361,354395.62752,354485.8624,90.23488000000361,9,4.325379420686554,RankSurprise
microPPN_R_1-2+,0,354819.52256,354821.36576,1.8432000000029802,354819.52256,354821.36576,1.8432000000029802,3,7.324076802926884,RankSurprise
microPPN_R_1-2+,0,355430.93248,355534.47936,103.54687999997986,355430.93248,355534.47936,103.54687999997986,11,6.854174590445024,RankSurprise
microPPN_R_1-2+,0,356602.79808,357027.88096,425.08288000000175,356602.79808,357027.88096,425.08288000000175,27,8.571582998864619,RankSurprise
microPPN_R_1-2+,0,357206.87616,357290.55744,83.68128000001889,357206.87616,357290.55744,83.68128000001889,8,4.170740047785045,RankSurprise
microPPN_R_1-2+,0,358224.15872,358226.04288,1.8841600000159815,358224.15872,358226.04288,1.8841600000159815,3,8.866446681913457,RankSurprise
microPPN_R_1-2+,0,359388.65152,359390.6176,1.9660799999837764,359388.65152,359390.6176,1.9660799999837764,3,8.35220584400438,RankSurprise
microPPN_R_1-2+,0,361332.5312,361365.17632,32.64512000000104,361332.5312,361365.17632,32.64512000000104,7,7.107846544243287,RankSurprise
microPPN_R_1-2+,0,363449.42592,363457.41312,7.987199999974109,363449.42592,363457.41312,7.987199999974109,3,3.635989135388664,RankSurprise
microPPN_R_1-2+,0,363945.24672,363975.63904,30.392319999984466,363945.24672,363975.63904,30.392319999984466,6,4.730658197365251,RankSurprise
microPPN_R_1-2+,0,364777.51296,364919.93088,142.41791999997804,364777.51296,364919.93088,142.41791999997804,13,5.448850069744697,RankSurprise
microPPN_R_1-2+,0,365467.07456,365520.81408,53.73952000000281,365467.07456,365520.81408,53.73952000000281,9,8.428546403030062,RankSurprise
microPPN_R_1-2+,0,365836.57472,365937.74592,101.1712000000407,365836.57472,365937.74592,101.1712000000407,11,5.929162080675542,RankSurprise
microPPN_R_1-2+,0,366288.2816,366362.25536,73.9737600000226,366288.2816,366362.25536,73.9737600000226,7,3.586433841711817,RankSurprise
microPPN_R_1-2+,0,376060.14976,376078.99136,18.841599999985192,376060.14976,376078.99136,18.841599999985192,6,6.935863075905331,RankSurprise
microPPN_R_1-2+,0,378592.82944,378595.08224,2.2528000000165775,378592.82944,378595.08224,2.2528000000165775,3,5.189147175230481,RankSurprise
microPPN_R_1-2+,0,382284.75904,382415.21664,130.45760000002338,382284.75904,382415.21664,130.45760000002338,10,5.348113648076026,RankSurprise
microPPN_R_1-2+,0,385695.98976,385804.94336,108.9535999999498,385695.98976,385804.94336,108.9535999999498,9,5.48367683272007,RankSurprise
microPPN_R_1-2+,0,386350.12096,386383.74912,33.628160000022035,386350.12096,386383.74912,33.628160000022035,5,3.6600608476152168,RankSurprise
microPPN_R_1-2+,0,388070.31808,388114.35008,44.03200000000652,388070.31808,388114.35008,44.03200000000652,7,5.7520959970710335,RankSurprise
microPPN_R_1-2+,0,388572.24192,388576.82944,4.58752000000095,388572.24192,388576.82944,4.58752000000095,4,6.700820363762741,RankSurprise
microPPN_R_1-2+,0,391018.53696,391020.17536,1.6383999999961816,391018.53696,391020.17536,1.6383999999961816,3,11.022428300715628,RankSurprise
microPPN_R_1-2+,0,391050.6496,391061.62688,10.977279999991879,391050.6496,391061.62688,10.977279999991879,5,5.959798602849016,RankSurprise
microPPN_R_1-2+,0,391913.10336,391915.56096,2.4575999999651685,391913.10336,391915.56096,2.4575999999651685,3,4.898287958910238,RankSurprise
microPPN_R_1-2+,1,63782.21568,68151.5008,4369.285119999993,63782.21568,68151.5008,4369.285119999993,14,4.494016087101985,RankSurprise
microPPN_R_1-2+,1,69519.93344,69521.94048,2.0070400000113295,69519.93344,69521.94048,2.0070400000113295,3,7.78147248329723,RankSurprise
microPPN_R_1-2+,1,85425.43872,85578.38336,152.94464000000153,85425.43872,85578.38336,152.94464000000153,4,5.942510218126449,RankSurprise
microPPN_R_1-2+,1,110066.03264,110762.63936,696.6067199999961,110066.03264,110762.63936,696.6067199999961,5,3.9875047314353615,RankSurprise
microPPN_R_1-2+,1,121208.4224,125025.6896,3817.267200000002,121208.4224,125025.6896,3817.267200000002,14,6.6009961938536446,RankSurprise
microPPN_R_1-2+,1,132360.31488,144212.86912,11852.554239999998,132360.31488,144212.86912,11852.554239999998,29,6.61510038372577,RankSurprise
microPPN_R_1-2+,1,222913.00352,223007.17056,94.16704000000027,222913.00352,223007.17056,94.16704000000027,3,4.179935039338442,RankSurprise
microPPN_R_1-2+,1,279486.21824,280976.13824,1489.9199999999837,279486.21824,280976.13824,1489.9199999999837,7,3.921806959548031,RankSurprise
microPPN_R_1-2+,1,296230.25664,297826.38592,1596.1292799999937,296230.25664,297826.38592,1596.1292799999937,7,3.942539992700061,RankSurprise
microPPN_R_1-2+,1,339588.87424,341622.41536,2033.541120000009,339588.87424,341622.41536,2033.541120000009,10,6.436544097880205,RankSurprise
microPPN_R_1-2+,1,363944.30464,365877.94432,1933.639680000022,363944.30464,365877.94432,1933.639680000022,9,4.555014548466691,RankSurprise
microPPN_R_1-2+,1,388595.13856,389473.15712,878.0185599999968,388595.13856,389473.15712,878.0185599999968,5,3.881007781931963,RankSurprise
microPPN_R_1-2+,4,2074.09152,2102.35392,28.26240000000007,2074.09152,2102.35392,28.26240000000007,5,4.209559706286971,RankSurprise
microPPN_R_1-2+,4,11252.24448,11308.032,55.78751999999986,11252.24448,11308.032,55.78751999999986,7,3.629911595725073,RankSurprise
microPPN_R_1-2+,4,11627.97056,11633.664,5.693440000000919,11627.97056,11633.664,5.693440000000919,4,4.979959562388853,RankSurprise
microPPN_R_1-2+,4,12240.2816,12257.28,16.9984000000004,12240.2816,12257.28,16.9984000000004,5,4.603190753268432,RankSurprise
microPPN_R_1-2+,4,12465.3568,12521.39008,56.03327999999965,12465.3568,12521.39008,56.03327999999965,9,6.157927402407128,RankSurprise
microPPN_R_1-2+,4,12832.07168,13101.42464,269.35296000000017,12832.07168,13101.42464,269.35296000000017,23,6.600138044760016,RankSurprise
microPPN_R_1-2+,4,13354.43456,13407.0272,52.592640000000756,13354.43456,13407.0272,52.592640000000756,7,3.8576091030275084,RankSurprise
microPPN_R_1-2+,4,14165.31968,14236.71296,71.39328000000023,14165.31968,14236.71296,71.39328000000023,10,5.1653523523207365,RankSurprise
microPPN_R_1-2+,4,14364.54912,14389.00224,24.453120000000126,14364.54912,14389.00224,24.453120000000126,5,3.668827052834157,RankSurprise
microPPN_R_1-2+,4,15089.78688,15309.78304,219.9961600000006,15089.78688,15309.78304,219.9961600000006,28,13.951110523967596,RankSurprise
microPPN_R_1-2+,4,15999.75424,16002.12992,2.3756799999991927,15999.75424,16002.12992,2.3756799999991927,3,5.116612256146267,RankSurprise
microPPN_R_1-2+,4,16416.80896,16528.95744,112.14847999999984,16416.80896,16528.95744,112.14847999999984,19,13.254017264370958,RankSurprise
microPPN_R_1-2+,4,17156.83328,17319.7312,162.89791999999943,17156.83328,17319.7312,162.89791999999943,19,8.768544210642492,RankSurprise
microPPN_R_1-2+,4,17902.30528,17978.12224,75.81696000000011,17902.30528,17978.12224,75.81696000000011,12,7.000873552276195,RankSurprise
microPPN_R_1-2+,4,19715.2768,19756.032,40.755199999999604,19715.2768,19756.032,40.755199999999604,6,3.621548168043067,RankSurprise
microPPN_R_1-2+,4,21853.14304,21906.96448,53.82143999999971,21853.14304,21906.96448,53.82143999999971,13,10.930849203674441,RankSurprise
microPPN_R_1-2+,4,22707.52768,22810.8288,103.30112000000008,22707.52768,22810.8288,103.30112000000008,12,5.249131993470216,RankSurprise
microPPN_R_1-2+,4,22983.59808,22987.03872,3.4406400000007125,22983.59808,22987.03872,3.4406400000007125,4,7.519060809232045,RankSurprise
microPPN_R_1-2+,4,23368.00768,23370.01472,2.0070400000004156,23368.00768,23370.01472,2.0070400000004156,3,7.956455458741152,RankSurprise
microPPN_R_1-2+,4,23885.0048,24012.88192,127.87712000000101,23885.0048,24012.88192,127.87712000000101,14,5.790571662556279,RankSurprise
microPPN_R_1-2+,4,24442.0608,24571.86304,129.8022400000009,24442.0608,24571.86304,129.8022400000009,19,10.41855871326031,RankSurprise
microPPN_R_1-2+,4,24705.18784,24782.52032,77.33248000000094,24705.18784,24782.52032,77.33248000000094,8,3.7902372020875155,RankSurprise
microPPN_R_1-2+,4,25898.88512,26054.41024,155.52512000000206,25898.88512,26054.41024,155.52512000000206,13,4.154333392670887,RankSurprise
microPPN_R_1-2+,4,26240.90112,26251.79648,10.895360000002256,26240.90112,26251.79648,10.895360000002256,4,3.8328251488671086,RankSurprise
microPPN_R_1-2+,4,26754.58048,26820.23936,65.65887999999904,26754.58048,26820.23936,65.65887999999904,9,5.109577488262321,RankSurprise
microPPN_R_1-2+,4,27241.02144,27282.06336,41.041919999999664,27241.02144,27282.06336,41.041919999999664,6,3.7173993637846463,RankSurprise
microPPN_R_1-2+,4,27533.68064,27536.50688,2.8262400000021444,27533.68064,27536.50688,2.8262400000021444,3,4.248224546437411,RankSurprise
microPPN_R_1-2+,4,28057.1904,28128.4608,71.27040000000125,28057.1904,28128.4608,71.27040000000125,8,4.335843395362568,RankSurprise
microPPN_R_1-2+,4,29274.9312,29449.78944,174.8582400000014,29274.9312,29449.78944,174.8582400000014,20,7.565365962221536,RankSurprise
microPPN_R_1-2+,4,29971.53792,30005.8624,34.32448000000295,29971.53792,30005.8624,34.32448000000295,6,3.8457497341728324,RankSurprise
microPPN_R_1-2+,4,30602.56768,30674.98496,72.41728000000148,30602.56768,30674.98496,72.41728000000148,10,5.880992108291145,RankSurprise
microPPN_R_1-2+,4,31267.67616,31301.46816,33.79200000000128,31267.67616,31301.46816,33.79200000000128,9,9.914898345251984,RankSurprise
microPPN_R_1-2+,4,31934.464,31936.512,2.047999999998865,31934.464,31936.512,2.047999999998865,3,6.860803942036073,RankSurprise
microPPN_R_1-2+,4,33083.392,33180.672,97.27999999999884,33083.392,33180.672,97.27999999999884,12,5.504118292498045,RankSurprise
microPPN_R_1-2+,4,34197.25824,34364.17024,166.91199999999662,34197.25824,34364.17024,166.91199999999662,13,3.8521248725653288,RankSurprise
microPPN_R_1-2+,4,34900.82816,34946.6624,45.834240000003774,34900.82816,34946.6624,45.834240000003774,10,7.846134262346591,RankSurprise
microPPN_R_1-2+,4,35425.8944,35566.7968,140.90239999999903,35425.8944,35566.7968,140.90239999999903,13,3.8324505535541946,RankSurprise
microPPN_R_1-2+,4,36640.19456,36851.67104,211.47647999999754,36640.19456,36851.67104,211.47647999999754,17,4.152214739252662,RankSurprise
microPPN_R_1-2+,4,37584.0768,37587.02592,2.9491199999974924,37584.0768,37587.02592,2.9491199999974924,3,4.635652944971616,RankSurprise
microPPN_R_1-2+,4,38835.56864,38941.98272,106.41408000000229,38835.56864,38941.98272,106.41408000000229,15,8.561000798739737,RankSurprise
microPPN_R_1-2+,4,40080.91648,40165.21216,84.2956800000029,40080.91648,40165.21216,84.2956800000029,10,5.072302503262201,RankSurprise
microPPN_R_1-2+,4,41376.89088,41523.11808,146.22720000000118,41376.89088,41523.11808,146.22720000000118,16,7.251486972005848,RankSurprise
microPPN_R_1-2+,4,43493.33504,43496.28416,2.9491200000047684,43493.33504,43496.28416,2.9491200000047684,3,4.160687278121225,RankSurprise
microPPN_R_1-2+,4,44142.96064,44199.07584,56.115200000000186,44142.96064,44199.07584,56.115200000000186,7,3.70094576052156,RankSurprise
microPPN_R_1-2+,4,46212.13696,46214.26688,2.1299199999994016,46212.13696,46214.26688,2.1299199999994016,3,5.954915533437378,RankSurprise
microPPN_R_1-2+,4,48460.43136,48485.94944,25.51807999999437,48460.43136,48485.94944,25.51807999999437,5,4.101078475685053,RankSurprise
microPPN_R_1-2+,4,50474.55744,50484.87936,10.321920000002137,50474.55744,50484.87936,10.321920000002137,4,4.359837294146214,RankSurprise
microPPN_R_1-2+,4,50771.47648,50826.36288,54.88640000000305,50771.47648,50826.36288,54.88640000000305,7,3.665866913770361,RankSurprise
microPPN_R_1-2+,4,53695.8976,53702.656,6.758400000006077,53695.8976,53702.656,6.758400000006077,4,5.133324718864472,RankSurprise
microPPN_R_1-2+,4,55379.72224,55453.12256,73.40032000000065,55379.72224,55453.12256,73.40032000000065,7,3.5364870614189656,RankSurprise
microPPN_R_1-2+,4,55708.672,55711.00672,2.3347199999989243,55708.672,55711.00672,2.3347199999989243,3,5.00237701117088,RankSurprise
microPPN_R_1-2+,4,57908.38784,58089.22624,180.83840000000055,57908.38784,58089.22624,180.83840000000055,17,6.568013307732939,RankSurprise
microPPN_R_1-2+,4,58231.72608,58279.69024,47.964160000003176,58231.72608,58279.69024,47.964160000003176,14,12.81920342296313,RankSurprise
microPPN_R_1-2+,4,59160.1664,59195.06432,34.89791999999579,59160.1664,59195.06432,34.89791999999579,8,6.566314106556816,RankSurprise
microPPN_R_1-2+,4,59624.52992,59631.73888,7.208959999996296,59624.52992,59631.73888,7.208959999996296,4,4.904075993475601,RankSurprise
microPPN_R_1-2+,4,59816.59136,59818.47552,1.8841600000014296,59816.59136,59818.47552,1.8841600000014296,3,8.562455770135932,RankSurprise
microPPN_R_1-2+,4,61195.96032,61208.73984,12.779520000003686,61195.96032,61208.73984,12.779520000003686,5,5.193452769352053,RankSurprise
microPPN_R_1-2+,4,61715.21024,61906.944,191.7337600000028,61715.21024,61906.944,191.7337600000028,14,3.8974615434617568,RankSurprise
microPPN_R_1-2+,4,62183.87456,62224.30208,40.42752000000473,62183.87456,62224.30208,40.42752000000473,6,3.6272421817826674,RankSurprise
microPPN_R_1-2+,4,62472.3968,62489.14944,16.75263999999879,62472.3968,62489.14944,16.75263999999879,7,7.479183497126016,RankSurprise
microPPN_R_1-2+,4,66155.56096,66158.26432,2.7033599999995204,66155.56096,66158.26432,2.7033599999995204,3,4.868188472054873,RankSurprise
microPPN_R_1-2+,4,67007.73376,67054.26432,46.53055999999924,67007.73376,67054.26432,46.53055999999924,9,6.020781700840497,RankSurprise
microPPN_R_1-2+,4,68564.5824,68567.94112,3.3587200000038138,68564.5824,68567.94112,3.3587200000038138,3,3.9913016021477734,RankSurprise
microPPN_R_1-2+,4,68780.27776,68797.68576,17.40799999999581,68780.27776,68797.68576,17.40799999999581,5,5.63215584049723,RankSurprise
microPPN_R_1-2+,4,69113.0368,69121.31072,8.273919999992358,69113.0368,69121.31072,8.273919999992358,4,5.105512853881621,RankSurprise
microPPN_R_1-2+,4,88865.87392,88902.57408,36.7001600000076,88865.87392,88902.57408,36.7001600000076,6,3.9025318572568652,RankSurprise
microPPN_R_1-2+,4,92253.75744,92256.256,2.4985599999927217,92253.75744,92256.256,2.4985599999927217,3,4.571975004415918,RankSurprise
microPPN_R_1-2+,4,92977.9712,93015.53152,37.56032000000414,92977.9712,93015.53152,37.56032000000414,8,6.7814249815209156,RankSurprise
microPPN_R_1-2+,4,94017.69984,94019.7888,2.0889599999936763,94017.69984,94019.7888,2.0889599999936763,3,6.519138534630551,RankSurprise
microPPN_R_1-2+,4,95941.67296,96037.0688,95.3958399999974,95941.67296,96037.0688,95.3958399999974,10,4.664348370877301,RankSurprise
microPPN_R_1-2+,4,98084.37248,98088.38656,4.014079999993555,98084.37248,98088.38656,4.014079999993555,3,3.7621641218298016,RankSurprise
microPPN_R_1-2+,4,98744.36096,98916.27008,171.90911999999662,98744.36096,98916.27008,171.90911999999662,16,5.997194598939098,RankSurprise
microPPN_R_1-2+,4,102086.81984,102192.41472,105.5948800000042,102086.81984,102192.41472,105.5948800000042,13,6.929239572494314,RankSurprise
microPPN_R_1-2+,4,102736.24064,102907.04384,170.80319999999483,102736.24064,102907.04384,170.80319999999483,17,7.201005536752767,RankSurprise
microPPN_R_1-2+,4,104785.63328,104883.85536,98.22208000000683,104785.63328,104883.85536,98.22208000000683,13,7.318739640076013,RankSurprise
microPPN_R_1-2+,4,106472.20224,106671.34976,199.14751999999862,106472.20224,106671.34976,199.14751999999862,18,7.016613616308757,RankSurprise
microPPN_R_1-2+,4,107016.11008,107055.18592,39.07584000000497,107016.11008,107055.18592,39.07584000000497,6,3.690998041356637,RankSurprise
microPPN_R_1-2+,4,107271.49568,107308.6464,37.15071999999054,107271.49568,107308.6464,37.15071999999054,10,9.355066863334558,RankSurprise
microPPN_R_1-2+,4,107806.9248,107870.6176,63.692800000004354,107806.9248,107870.6176,63.692800000004354,10,5.462809313581209,RankSurprise
microPPN_R_1-2+,4,110415.2576,110418.5344,3.276800000006915,110415.2576,110418.5344,3.276800000006915,3,4.0233698054291,RankSurprise
microPPN_R_1-2+,4,112735.31392,112780.04224,44.72831999999471,112735.31392,112780.04224,44.72831999999471,7,4.0933759842674045,RankSurprise
microPPN_R_1-2+,4,113386.57792,113409.06496,22.487040000007255,113386.57792,113409.06496,22.487040000007255,6,5.049297206327573,RankSurprise
microPPN_R_1-2+,4,114215.3216,114219.95008,4.628479999999399,114215.3216,114219.95008,4.628479999999399,3,3.596057952103706,RankSurprise
microPPN_R_1-2+,4,114848.64512,114980.82304,132.1779200000019,114848.64512,114980.82304,132.1779200000019,13,4.410829203943364,RankSurprise
microPPN_R_1-2+,4,115986.47296,116086.29248,99.81952000000456,115986.47296,116086.29248,99.81952000000456,11,4.644334243933636,RankSurprise
microPPN_R_1-2+,4,117431.05024,117453.70112,22.650880000001052,117431.05024,117453.70112,22.650880000001052,6,5.5407082502660145,RankSurprise
microPPN_R_1-2+,4,117515.59168,117523.0464,7.45472000000882,117515.59168,117523.0464,7.45472000000882,4,4.46271773832807,RankSurprise
microPPN_R_1-2+,4,118051.0208,118077.19424,26.173439999998664,118051.0208,118077.19424,26.173439999998664,8,7.497151607834181,RankSurprise
microPPN_R_1-2+,4,119220.55168,119256.84224,36.290559999994,119220.55168,119256.84224,36.290559999994,7,5.549563594944628,RankSurprise
microPPN_R_1-2+,4,120812.58496,120842.6496,30.064640000011423,120812.58496,120842.6496,30.064640000011423,7,5.253127416237437,RankSurprise
microPPN_R_1-2+,4,121155.7888,121237.74976,81.96096000001126,121155.7888,121237.74976,81.96096000001126,10,4.719339390503756,RankSurprise
microPPN_R_1-2+,4,122105.40544,122246.7584,141.3529600000038,122105.40544,122246.7584,141.3529600000038,15,6.381092101208368,RankSurprise
microPPN_R_1-2+,4,123015.82336,123028.52096,12.697599999999511,123015.82336,123028.52096,12.697599999999511,4,3.6274357571000095,RankSurprise
microPPN_R_1-2+,4,124887.36768,124974.24384,86.8761599999998,124887.36768,124974.24384,86.8761599999998,9,3.721701610084136,RankSurprise
microPPN_R_1-2+,4,125573.85728,125632.47104,58.61376000000746,125573.85728,125632.47104,58.61376000000746,10,5.945467578839859,RankSurprise
microPPN_R_1-2+,4,126678.95808,126900.87936,221.92128000000957,126678.95808,126900.87936,221.92128000000957,22,8.716516628849162,RankSurprise
microPPN_R_1-2+,4,130591.21152,130781.5936,190.38207999999577,130591.21152,130781.5936,190.38207999999577,17,5.743598677022668,RankSurprise
microPPN_R_1-2+,4,132418.10944,132464.31232,46.202879999997094,132418.10944,132464.31232,46.202879999997094,7,4.375548246776095,RankSurprise
microPPN_R_1-2+,4,133955.70688,134020.5056,64.79871999999159,133955.70688,134020.5056,64.79871999999159,7,3.523691420966207,RankSurprise
microPPN_R_1-2+,4,134183.60832,134185.984,2.3756799999973737,134183.60832,134185.984,2.3756799999973737,3,4.8398374700809335,RankSurprise
microPPN_R_1-2+,4,134794.56768,134796.57472,2.0070399999967776,134794.56768,134796.57472,2.0070399999967776,3,7.726975777778621,RankSurprise
microPPN_R_1-2+,4,135341.8752,135461.56032,119.68511999998009,135341.8752,135461.56032,119.68511999998009,14,6.181428600042954,RankSurprise
microPPN_R_1-2+,4,136315.6992,136424.73472,109.03552000000491,136315.6992,136424.73472,109.03552000000491,13,5.536583309285431,RankSurprise
microPPN_R_1-2+,4,136725.25824,136749.01504,23.75680000000284,136725.25824,136749.01504,23.75680000000284,7,6.709558737864263,RankSurprise
microPPN_R_1-2+,4,140661.80096,140663.93088,2.1299200000066776,140661.80096,140663.93088,2.1299200000066776,3,5.932693055150665,RankSurprise
microPPN_R_1-2+,4,142062.87872,142065.62304,2.7443199999979697,142062.87872,142065.62304,2.7443199999979697,3,4.799304084225907,RankSurprise
microPPN_R_1-2+,4,143991.6032,144164.57728,172.9740799999854,143991.6032,144164.57728,172.9740799999854,16,4.707620511689476,RankSurprise
microPPN_R_1-2+,4,144636.3136,144639.3856,3.0720000000146683,144636.3136,144639.3856,3.0720000000146683,3,3.9862848762325633,RankSurprise
microPPN_R_1-2+,4,148702.74048,148733.3376,30.597119999991264,148702.74048,148733.3376,30.597119999991264,7,5.875354266394836,RankSurprise
microPPN_R_1-2+,4,150514.93376,150719.11936,204.18559999999707,150514.93376,150719.11936,204.18559999999707,16,4.070042330781558,RankSurprise
microPPN_R_1-2+,4,151579.2384,151766.05696,186.81855999998515,151579.2384,151766.05696,186.81855999998515,18,6.363459772375537,RankSurprise
microPPN_R_1-2+,4,152594.92352,152597.01248,2.0889599999936763,152594.92352,152597.01248,2.0889599999936763,3,6.525073270150365,RankSurprise
microPPN_R_1-2+,4,153405.8496,153410.72384,4.874240000004647,153405.8496,153410.72384,4.874240000004647,3,3.513946814915082,RankSurprise
microPPN_R_1-2+,4,153837.07648,153900.07296,62.99648000000161,153837.07648,153900.07296,62.99648000000161,10,6.264892784719769,RankSurprise
microPPN_R_1-2+,4,154907.68896,154957.90592,50.21695999999065,154907.68896,154957.90592,50.21695999999065,11,9.694573674398157,RankSurprise
microPPN_R_1-2+,4,155373.73184,155389.7472,16.015360000019427,155373.73184,155389.7472,16.015360000019427,4,3.872166831617772,RankSurprise
microPPN_R_1-2+,4,155558.912,155779.72736,220.81535999997868,155558.912,155779.72736,220.81535999997868,24,8.935757615326931,RankSurprise
microPPN_R_1-2+,4,156879.50336,156919.1936,39.690239999996265,156879.50336,156919.1936,39.690239999996265,6,3.5556491692738152,RankSurprise
microPPN_R_1-2+,4,157522.5344,157601.01376,78.47935999999754,157522.5344,157601.01376,78.47935999999754,11,5.982031351381415,RankSurprise
microPPN_R_1-2+,4,158807.77728,158878.55616,70.77887999999803,158807.77728,158878.55616,70.77887999999803,9,4.721900942125861,RankSurprise
microPPN_R_1-2+,4,159809.37216,159816.66304,7.290880000015022,159809.37216,159816.66304,7.290880000015022,4,4.655784568649814,RankSurprise
microPPN_R_1-2+,4,161452.6464,161554.35008,101.70368000000599,161452.6464,161554.35008,101.70368000000599,10,3.9402055867768304,RankSurprise
microPPN_R_1-2+,4,161854.8736,161870.35648,15.48287999999593,161854.8736,161870.35648,15.48287999999593,4,3.6479807247195666,RankSurprise
microPPN_R_1-2+,4,161975.9104,162048.53248,72.622080000001,161975.9104,162048.53248,72.622080000001,9,4.431334829167265,RankSurprise
microPPN_R_1-2+,4,163154.78016,163157.72928,2.9491200000047684,163154.78016,163157.72928,2.9491200000047684,3,4.158865783992834,RankSurprise
microPPN_R_1-2+,4,163279.0528,163324.43648,45.383679999999,163279.0528,163324.43648,45.383679999999,9,7.0858601869336235,RankSurprise
microPPN_R_1-2+,4,163936.50176,163940.1472,3.645439999992959,163936.50176,163940.1472,3.645439999992959,3,3.976289018622486,RankSurprise
microPPN_R_1-2+,4,164522.88512,164530.50368,7.618560000002617,164522.88512,164530.50368,7.618560000002617,4,4.420677341948412,RankSurprise
microPPN_R_1-2+,4,165120.36864,165134.45888,14.090239999990445,165120.36864,165134.45888,14.090239999990445,5,5.749172642324336,RankSurprise
microPPN_R_1-2+,4,165616.88576,165903.48288,286.59711999999126,165616.88576,165903.48288,286.59711999999126,25,7.350171530935641,RankSurprise
microPPN_R_1-2+,4,166432.68608,166525.41952,92.73343999998178,166432.68608,166525.41952,92.73343999998178,10,4.421987816166343,RankSurprise
microPPN_R_1-2+,4,183178.81344,183188.84864,10.035200000012992,183178.81344,183188.84864,10.035200000012992,4,4.260368311236334,RankSurprise
microPPN_R_1-2+,4,184834.74432,184854.48704,19.742720000009285,184834.74432,184854.48704,19.742720000009285,5,4.747316776245366,RankSurprise
microPPN_R_1-2+,4,188099.9936,188104.2944,4.300800000026356,188099.9936,188104.2944,4.300800000026356,3,3.568763086531593,RankSurprise
microPPN_R_1-2+,4,192816.70144,192820.92032,4.218880000000354,192816.70144,192820.92032,4.218880000000354,3,3.663126766633555,RankSurprise
microPPN_R_1-2+,4,197986.7136,198042.46016,55.74655999999959,197986.7136,198042.46016,55.74655999999959,8,4.382518658956138,RankSurprise
microPPN_R_1-2+,4,198985.07264,198988.84096,3.768320000002859,198985.07264,198988.84096,3.768320000002859,3,4.108526037726518,RankSurprise
microPPN_R_1-2+,4,199747.1744,199782.68672,35.51232000000891,199747.1744,199782.68672,35.51232000000891,7,4.830762905947349,RankSurprise
microPPN_R_1-2+,4,201877.9136,201921.49504,43.581440000009025,201877.9136,201921.49504,43.581440000009025,8,5.541845205202634,RankSurprise
microPPN_R_1-2+,4,209001.22624,209044.35712,43.13088000001153,209001.22624,209044.35712,43.13088000001153,7,5.129248081283113,RankSurprise
microPPN_R_1-2+,4,214667.83744,214670.00832,2.170879999990575,214667.83744,214670.00832,2.170879999990575,3,5.779589465137912,RankSurprise
microPPN_R_1-2+,4,217511.1168,217525.6576,14.540800000017043,217511.1168,217525.6576,14.540800000017043,4,3.635458344436117,RankSurprise
microPPN_R_1-2+,4,221334.20032,221392.93696,58.736639999988256,221334.20032,221392.93696,58.736639999988256,8,4.116279105323656,RankSurprise
microPPN_R_1-2+,4,234330.97216,234345.43104,14.45887999999104,234330.97216,234345.43104,14.45887999999104,5,4.869227297341521,RankSurprise
microPPN_R_1-2+,4,237068.00128,237111.62368,43.62239999999292,237068.00128,237111.62368,43.62239999999292,6,3.7161079411294864,RankSurprise
microPPN_R_1-2+,4,239809.16736,239830.2208,21.053440000017872,239809.16736,239830.2208,21.053440000017872,4,3.599965470519777,RankSurprise
microPPN_R_1-2+,4,241117.71648,241136.0256,18.3091199999908,241117.71648,241136.0256,18.3091199999908,4,3.644397564928635,RankSurprise
microPPN_R_1-2+,4,255508.6848,255524.61824,15.933440000022529,255508.6848,255524.61824,15.933440000022529,5,5.436117749866607,RankSurprise
microPPN_R_1-2+,4,256305.52064,256314.73664,9.215999999985797,256305.52064,256314.73664,9.215999999985797,5,6.425075386948034,RankSurprise
microPPN_R_1-2+,4,266459.99616,266475.88864,15.892480000038631,266459.99616,266475.88864,15.892480000038631,4,4.099844987897551,RankSurprise
microPPN_R_1-2+,4,266996.89984,267056.04608,59.14623999997275,266996.89984,267056.04608,59.14623999997275,8,4.150146012312398,RankSurprise
microPPN_R_1-2+,4,269265.87904,269288.93952,23.060479999985546,269265.87904,269288.93952,23.060479999985546,5,5.1405349404144935,RankSurprise
microPPN_R_1-2+,4,269768.37632,269770.3424,1.966080000041984,269768.37632,269770.3424,1.966080000041984,3,7.770813478309895,RankSurprise
microPPN_R_1-2+,4,272778.15808,272816.98816,38.83007999998517,272778.15808,272816.98816,38.83007999998517,6,4.333987046605068,RankSurprise
microPPN_R_1-2+,4,273520.27136,273523.17952,2.908159999991767,273520.27136,273523.17952,2.908159999991767,3,4.809360677583948,RankSurprise
microPPN_R_1-2+,4,280096.768,280099.79904,3.031040000030771,280096.768,280099.79904,3.031040000030771,3,3.918955025592247,RankSurprise
microPPN_R_1-2+,4,281047.81824,281049.74336,1.9251200000289828,281047.81824,281049.74336,1.9251200000289828,3,9.12961927690004,RankSurprise
microPPN_R_1-2+,4,282203.83232,282205.75744,1.9251200000289828,282203.83232,282205.75744,1.9251200000289828,3,9.065095686595386,RankSurprise
microPPN_R_1-2+,4,283408.50688,283410.47296,1.9660799999837764,283408.50688,283410.47296,1.9660799999837764,3,8.863916111167034,RankSurprise
microPPN_R_1-2+,4,297888.9728,297891.96288,2.9900800000177696,297888.9728,297891.96288,2.9900800000177696,3,4.267354299715544,RankSurprise
microPPN_R_1-2+,4,302132.26496,302236.99968,104.73472000000766,302132.26496,302236.99968,104.73472000000766,17,11.677022103043903,RankSurprise
microPPN_R_1-2+,4,303853.73184,303979.3152,125.58335999998963,303853.73184,303979.3152,125.58335999998963,9,3.5308712248969187,RankSurprise
microPPN_R_1-2+,4,305275.4944,305277.37856,1.8841599999577738,305275.4944,305277.37856,1.8841599999577738,3,11.080558774360355,RankSurprise
microPPN_R_1-2+,4,306096.82432,306102.0672,5.2428799999761395,306096.82432,306102.0672,5.2428799999761395,3,3.7846868855486537,RankSurprise
microPPN_R_1-2+,4,306724.37248,306761.27744,36.90495999995619,306724.37248,306761.27744,36.90495999995619,8,7.282619636337677,RankSurprise
microPPN_R_1-2+,4,315155.74272,315213.70112,57.95840000000317,315155.74272,315213.70112,57.95840000000317,9,4.954056336752645,RankSurprise
microPPN_R_1-2+,4,318685.30688,318689.85344,4.546559999987949,318685.30688,318689.85344,4.546559999987949,4,5.775307917202959,RankSurprise
microPPN_R_1-2+,4,320937.5744,320940.52352,2.9491200000047684,320937.5744,320940.52352,2.9491200000047684,3,4.092610831269331,RankSurprise
microPPN_R_1-2+,4,322177.88416,322225.80736,47.92319999996107,322177.88416,322225.80736,47.92319999996107,6,3.7844041622528004,RankSurprise
microPPN_R_1-2+,4,322736.98816,322947.8912,210.9030400000047,322736.98816,322947.8912,210.9030400000047,18,4.7045142474702395,RankSurprise
microPPN_R_1-2+,4,323304.52992,323307.9296,3.3996799999731593,323304.52992,323307.9296,3.3996799999731593,3,4.195614643738855,RankSurprise
microPPN_R_1-2+,4,326292.19328,326301.81888,9.62559999997029,326292.19328,326301.81888,9.62559999997029,4,3.7817842167726887,RankSurprise
microPPN_R_1-2+,4,326894.87872,326900.77696,5.898240000009537,326894.87872,326900.77696,5.898240000009537,4,5.109887095928684,RankSurprise
microPPN_R_1-2+,4,327252.992,327255.94112,2.9491199999465607,327252.992,327255.94112,2.9491199999465607,3,4.7868040386526545,RankSurprise
microPPN_R_1-2+,4,328403.92704,328405.8112,1.8841600000159815,328403.92704,328405.8112,1.8841600000159815,3,9.567742826113369,RankSurprise
microPPN_R_1-2+,4,328439.72608,328443.24864,3.522560000012163,328439.72608,328443.24864,3.522560000012163,3,3.657450990559928,RankSurprise
microPPN_R_1-2+,4,330424.85248,330486.3744,61.52191999997012,330424.85248,330486.3744,61.52191999997012,10,6.5634773415161805,RankSurprise
microPPN_R_1-2+,4,331541.62688,331667.82464,126.19776000001002,331541.62688,331667.82464,126.19776000001002,11,4.551536077570975,RankSurprise
microPPN_R_1-2+,4,336127.01696,336194.02752,67.01056000002427,336127.01696,336194.02752,67.01056000002427,8,3.729901578739554,RankSurprise
microPPN_R_1-2+,4,337583.34976,337586.09408,2.7443199999979697,337583.34976,337586.09408,2.7443199999979697,3,4.647240466790647,RankSurprise
microPPN_R_1-2+,4,338743.66464,338801.74592,58.08128000004217,338743.66464,338801.74592,58.08128000004217,7,3.9685986078343443,RankSurprise
microPPN_R_1-2+,4,339420.32384,339475.53792,55.21407999994699,339420.32384,339475.53792,55.21407999994699,8,4.7377946264641615,RankSurprise
microPPN_R_1-2+,4,340138.47552,340144.70144,6.2259199999971315,340138.47552,340144.70144,6.2259199999971315,4,4.830064604941942,RankSurprise
microPPN_R_1-2+,4,342020.3008,342174.67904,154.3782399999909,342020.3008,342174.67904,154.3782399999909,15,4.593682274539111,RankSurprise
microPPN_R_1-2+,4,342720.75776,342723.33824,2.5804800000041723,342720.75776,342723.33824,2.5804800000041723,3,5.093237251518929,RankSurprise
microPPN_R_1-2+,4,344873.08288,344920.39168,47.30879999999888,344873.08288,344920.39168,47.30879999999888,9,7.397715707964158,RankSurprise
microPPN_R_1-2+,4,345853.21472,345872.13824,18.923520000011194,345853.21472,345872.13824,18.923520000011194,5,4.154951346692879,RankSurprise
microPPN_R_1-2+,4,346504.84736,346596.88448,92.03711999999359,346504.84736,346596.88448,92.03711999999359,14,8.070448434156294,RankSurprise
microPPN_R_1-2+,4,346893.14816,346899.98848,6.8403200000175275,346893.14816,346899.98848,6.8403200000175275,4,4.7838996959410025,RankSurprise
microPPN_R_1-2+,4,349867.90912,350033.83808,165.92895999999018,349867.90912,350033.83808,165.92895999999018,16,5.66932554308699,RankSurprise
microPPN_R_1-2+,4,350485.13536,350487.10144,1.9660799999837764,350485.13536,350487.10144,1.9660799999837764,3,8.807307298879804,RankSurprise
microPPN_R_1-2+,4,351095.93088,351098.79808,2.867199999978766,351095.93088,351098.79808,2.867199999978766,3,4.292499704522262,RankSurprise
microPPN_R_1-2+,4,352960.83968,352978.78016,17.94048000004841,352960.83968,352978.78016,17.94048000004841,6,6.0070731225402625,RankSurprise
microPPN_R_1-2+,4,354753.24928,354808.832,55.58272000000579,354753.24928,354808.832,55.58272000000579,9,6.179824738879926,RankSurprise
microPPN_R_1-2+,4,355802.97216,355839.91808,36.94591999996919,355802.97216,355839.91808,36.94591999996919,8,6.188299619458799,RankSurprise
microPPN_R_1-2+,4,356707.98336,356735.71328,27.7299200000125,356707.98336,356735.71328,27.7299200000125,6,5.076503532465466,RankSurprise
microPPN_R_1-2+,4,356953.37472,357007.72864,54.353919999965,356953.37472,357007.72864,54.353919999965,8,4.337631324155229,RankSurprise
microPPN_R_1-2+,4,361296.24064,361496.24832,200.00768000003882,361296.24064,361496.24832,200.00768000003882,17,5.492036686328212,RankSurprise
microPPN_R_1-2+,4,363798.48704,363808.44032,9.953280000016093,363798.48704,363808.44032,9.953280000016093,5,5.996609172739806,RankSurprise
microPPN_R_1-2+,4,367709.5936,367711.8464,2.25279999995837,367709.5936,367711.8464,2.25279999995837,3,5.595866452499122,RankSurprise
microPPN_R_1-2+,4,370421.51424,370430.85312,9.338879999995697,370421.51424,370430.85312,9.338879999995697,4,3.94945792115967,RankSurprise
microPPN_R_1-2+,4,371358.96576,371381.28896,22.323199999984354,371358.96576,371381.28896,22.323199999984354,6,5.031523170510695,RankSurprise
microPPN_R_1-2+,4,385776.39424,385807.68768,31.293439999979455,385776.39424,385807.68768,31.293439999979455,5,3.681947794072695,RankSurprise
microPPN_R_1-2+,4,386394.35776,386482.50368,88.14592000003904,386394.35776,386482.50368,88.14592000003904,9,3.9230122341659692,RankSurprise
microPPN_R_1-2+,4,388069.29408,388105.70752,36.4134399999748,388069.29408,388105.70752,36.4134399999748,8,6.034797321836534,RankSurprise
microPPN_R_1-2+,4,388438.71232,388470.29248,31.580160000012256,388438.71232,388470.29248,31.580160000012256,7,5.16872402232617,RankSurprise
microPPN_R_1-2+,4,390652.39552,390739.3536,86.95807999995304,390652.39552,390739.3536,86.95807999995304,9,4.614230602087494,RankSurprise
microPPN_R_1-2+,4,391004.20096,391197.77792,193.5769600000349,391004.20096,391197.77792,193.5769600000349,15,4.674605902664988,RankSurprise
microPPN_R_1-2+,4,391994.81856,392093.9008,99.08224000001792,391994.81856,392093.9008,99.08224000001792,11,4.809514007113815,RankSurprise
microPPN_R_1-2+,4,393093.77536,393130.1888,36.4134399999748,393093.77536,393130.1888,36.4134399999748,6,3.7083670694630344,RankSurprise
microPPN_R_1-2+,4,393192.07936,393234.39104,42.31168000004254,393192.07936,393234.39104,42.31168000004254,8,5.99481676322378,RankSurprise
microPPN_R_1-3+,0,9977.40544,10009.47712,32.071679999999105,9977.40544,10009.47712,32.071679999999105,4,3.597106534305013,RankSurprise
microPPN_R_1-3+,0,12243.72224,12311.83872,68.11648000000059,12243.72224,12311.83872,68.11648000000059,9,8.263639734501647,RankSurprise
microPPN_R_1-3+,0,12534.9888,12543.54944,8.560640000001513,12534.9888,12543.54944,8.560640000001513,3,3.9309128603817864,RankSurprise
microPPN_R_1-3+,0,13522.24768,13822.07488,299.8271999999997,13522.24768,13822.07488,299.8271999999997,17,6.873160005620888,RankSurprise
microPPN_R_1-3+,0,14938.19392,16212.1728,1273.9788800000006,14938.19392,16212.1728,1273.9788800000006,47,9.88240558288373,RankSurprise
microPPN_R_1-3+,0,17189.23264,17257.472,68.23936000000322,17189.23264,17257.472,68.23936000000322,7,5.269358268795664,RankSurprise
microPPN_R_1-3+,0,21238.94784,21286.13376,47.185919999999896,21238.94784,21286.13376,47.185919999999896,5,3.8474388123609664,RankSurprise
microPPN_R_1-3+,0,22146.12992,22250.2912,104.16128000000026,22146.12992,22250.2912,104.16128000000026,8,4.4579375513268555,RankSurprise
microPPN_R_1-3+,0,23894.95808,24163.77856,268.8204799999985,23894.95808,24163.77856,268.8204799999985,14,6.00112355043925,RankSurprise
microPPN_R_1-3+,0,24442.0608,24571.86304,129.8022400000009,24442.0608,24571.86304,129.8022400000009,14,11.516962999147891,RankSurprise
microPPN_R_1-3+,0,28153.36448,28158.7712,5.406719999999041,28153.36448,28158.7712,5.406719999999041,3,4.319482477381728,RankSurprise
microPPN_R_1-3+,0,30551.36768,30662.49216,111.12448000000222,30551.36768,30662.49216,111.12448000000222,8,4.790835706398938,RankSurprise
microPPN_R_1-3+,0,34205.16352,34288.96768,83.80415999999968,34205.16352,34288.96768,83.80415999999968,9,7.265845404664254,RankSurprise
microPPN_R_1-3+,0,34877.27616,35122.25792,244.98175999999512,34877.27616,35122.25792,244.98175999999512,11,3.8354338022342582,RankSurprise
microPPN_R_1-3+,0,35414.8352,36148.96128,734.1260800000018,35414.8352,36148.96128,734.1260800000018,30,9.817313377654974,RankSurprise
microPPN_R_1-3+,0,36472.75008,36484.3008,11.550719999999274,36472.75008,36484.3008,11.550719999999274,3,3.5335064237555223,RankSurprise
microPPN_R_1-3+,0,36640.19456,36703.232,63.03744000000006,36640.19456,36703.232,63.03744000000006,8,7.219018316272373,RankSurprise
microPPN_R_1-3+,0,37812.8384,37854.208,41.36959999999817,37812.8384,37854.208,41.36959999999817,5,4.414738224135764,RankSurprise
microPPN_R_1-3+,0,38172.95872,38207.73376,34.775040000000445,38172.95872,38207.73376,34.775040000000445,6,6.342270937597121,RankSurprise
microPPN_R_1-3+,0,40137.56416,40165.21216,27.648000000001048,40137.56416,40165.21216,27.648000000001048,5,5.192427782655972,RankSurprise
microPPN_R_1-3+,0,40892.66176,40906.01472,13.352959999996528,40892.66176,40906.01472,13.352959999996528,3,3.531537919182851,RankSurprise
microPPN_R_1-3+,0,41492.11136,41497.06752,4.95615999999427,41492.11136,41497.06752,4.95615999999427,3,4.296276983673129,RankSurprise
microPPN_R_1-3+,0,42737.00864,42740.5312,3.522559999997611,42737.00864,42740.5312,3.522559999997611,4,9.670634829919887,RankSurprise
microPPN_R_1-3+,0,43956.51072,44205.58848,249.07776000000013,43956.51072,44205.58848,249.07776000000013,13,5.7870266821880705,RankSurprise
microPPN_R_1-3+,0,45388.06272,45541.90848,153.84575999999652,45388.06272,45541.90848,153.84575999999652,11,5.849190579497418,RankSurprise
microPPN_R_1-3+,0,46222.66368,46271.52896,48.86528000000544,46222.66368,46271.52896,48.86528000000544,6,5.068946340902869,RankSurprise
microPPN_R_1-3+,0,53362.11456,53436.04736,73.93279999999504,53362.11456,53436.04736,73.93279999999504,6,3.9246107130573993,RankSurprise
microPPN_R_1-3+,0,56677.86752,56680.448,2.5804799999968964,56677.86752,56680.448,2.5804799999968964,3,5.736650117534458,RankSurprise
microPPN_R_1-3+,0,57733.28384,57768.05888,34.775040000000445,57733.28384,57768.05888,34.775040000000445,5,5.52396876886456,RankSurprise
microPPN_R_1-3+,0,58071.08096,58088.28416,17.203200000003562,58071.08096,58088.28416,17.203200000003562,4,4.699701928963737,RankSurprise
microPPN_R_1-3+,0,58240.2048,58272.80896,32.604160000002594,58240.2048,58272.80896,32.604160000002594,6,6.410944366679402,RankSurprise
microPPN_R_1-3+,0,58922.92608,58924.68736,1.7612800000060815,58922.92608,58924.68736,1.7612800000060815,3,11.153242274082372,RankSurprise
microPPN_R_1-3+,0,59146.77248,59240.12032,93.34784000000218,59146.77248,59240.12032,93.34784000000218,7,4.271655344038085,RankSurprise
microPPN_R_1-3+,0,59624.57088,59631.73888,7.167999999997846,59624.57088,59631.73888,7.167999999997846,3,3.816529261426867,RankSurprise
microPPN_R_1-3+,0,60508.93824,60511.68256,2.7443199999979697,60508.93824,60511.68256,2.7443199999979697,3,5.909865368992898,RankSurprise
microPPN_R_1-3+,0,60741.79584,60768.62464,26.828800000002957,60741.79584,60768.62464,26.828800000002957,4,3.6311829207478787,RankSurprise
microPPN_R_1-3+,0,61193.54368,61246.50496,52.961279999995895,61193.54368,61246.50496,52.961279999995895,7,6.714267354584315,RankSurprise
microPPN_R_1-3+,0,62481.89952,62489.14944,7.249920000002021,62481.89952,62489.14944,7.249920000002021,3,3.791726229913328,RankSurprise
microPPN_R_1-3+,0,62643.52768,62651.88352,8.355840000003809,62643.52768,62651.88352,8.355840000003809,3,4.065041373320698,RankSurprise
microPPN_R_1-3+,0,63204.51584,63250.35008,45.8342399999965,63204.51584,63250.35008,45.8342399999965,5,3.88134211236623,RankSurprise
microPPN_R_1-3+,0,63760.13824,63783.23968,23.101439999998547,63760.13824,63783.23968,23.101439999998547,6,7.5630142200113255,RankSurprise
microPPN_R_1-3+,0,66133.6064,66140.03712,6.430719999989378,66133.6064,66140.03712,6.430719999989378,3,4.351836141585,RankSurprise
microPPN_R_1-3+,0,67025.75616,67045.7856,20.02943999999843,67025.75616,67045.7856,20.02943999999843,4,4.306881211148056,RankSurprise
microPPN_R_1-3+,0,70760.36608,70812.95872,52.59263999998802,70760.36608,70812.95872,52.59263999998802,6,4.928686412966698,RankSurprise
microPPN_R_1-3+,0,71346.50368,71515.5456,169.0419200000033,71346.50368,71515.5456,169.0419200000033,9,3.8037680673773013,RankSurprise
microPPN_R_1-3+,0,88242.74944,88265.60512,22.8556799999933,88242.74944,88265.60512,22.8556799999933,4,3.966954061287275,RankSurprise
microPPN_R_1-3+,0,93417.59488,93420.05248,2.4575999999942724,93417.59488,93420.05248,2.4575999999942724,3,5.9490184364542475,RankSurprise
microPPN_R_1-3+,0,103046.5536,103077.56032,31.00672000000486,103046.5536,103077.56032,31.00672000000486,5,4.943587500215667,RankSurprise
microPPN_R_1-3+,0,104807.0144,104919.08096,112.06656000000658,104807.0144,104919.08096,112.06656000000658,11,8.281663582585992,RankSurprise
microPPN_R_1-3+,0,105261.71136,105358.09024,96.37888000000385,105261.71136,105358.09024,96.37888000000385,8,6.492708364030911,RankSurprise
microPPN_R_1-3+,0,106568.82688,106714.39872,145.57184000000416,106568.82688,106714.39872,145.57184000000416,10,5.250115510809173,RankSurprise
microPPN_R_1-3+,0,107189.6576,107361.60768,171.95007999999507,107189.6576,107361.60768,171.95007999999507,14,8.40512567294072,RankSurprise
microPPN_R_1-3+,0,107587.87072,107606.95808,19.08735999999044,107587.87072,107606.95808,19.08735999999044,4,4.729967010818392,RankSurprise
microPPN_R_1-3+,0,110883.0208,111008.93184,125.91104000000632,110883.0208,111008.93184,125.91104000000632,8,4.967140709448624,RankSurprise
microPPN_R_1-3+,0,113390.34624,113428.64384,38.29760000000533,113390.34624,113428.64384,38.29760000000533,5,4.309788981475538,RankSurprise
microPPN_R_1-3+,0,114168.87296,114320.01536,151.14240000001155,114168.87296,114320.01536,151.14240000001155,10,5.404432653456855,RankSurprise
microPPN_R_1-3+,0,114953.25696,114979.14368,25.886719999994966,114953.25696,114979.14368,25.886719999994966,4,3.6978227197496913,RankSurprise
microPPN_R_1-3+,0,116012.07296,116055.53152,43.458559999999125,116012.07296,116055.53152,43.458559999999125,7,7.5732096101244935,RankSurprise
microPPN_R_1-3+,0,118066.87232,118093.53728,26.66496000000916,118066.87232,118093.53728,26.66496000000916,5,5.620964234783038,RankSurprise
microPPN_R_1-3+,0,119181.9264,119370.26048,188.33408000000054,119181.9264,119370.26048,188.33408000000054,10,4.068234022857667,RankSurprise
microPPN_R_1-3+,0,119574.36416,119590.01088,15.64672000000428,119574.36416,119590.01088,15.64672000000428,4,5.151820606772574,RankSurprise
microPPN_R_1-3+,0,121169.18272,121241.14944,71.96671999999671,121169.18272,121241.14944,71.96671999999671,9,8.577972102066417,RankSurprise
microPPN_R_1-3+,0,125402.43968,125752.56576,350.1260800000018,125402.43968,125752.56576,350.1260800000018,13,3.8495632825126265,RankSurprise
microPPN_R_1-3+,0,126335.09888,126363.2384,28.139519999996992,126335.09888,126363.2384,28.139519999996992,5,5.513714541724987,RankSurprise
microPPN_R_1-3+,0,126788.48512,126900.87936,112.39424000000872,126788.48512,126900.87936,112.39424000000872,12,10.655413329435802,RankSurprise
microPPN_R_1-3+,0,128153.23136,128222.78144,69.55008000000089,128153.23136,128222.78144,69.55008000000089,6,3.8140835032693046,RankSurprise
microPPN_R_1-3+,0,131835.0848,131881.32864,46.24383999998099,131835.0848,131881.32864,46.24383999998099,5,3.9121027341826924,RankSurprise
microPPN_R_1-3+,0,134752.41984,134840.03328,87.61344000001554,134752.41984,134840.03328,87.61344000001554,6,4.936035753731552,RankSurprise
microPPN_R_1-3+,0,135283.0976,135453.57312,170.47551999997813,135283.0976,135453.57312,170.47551999997813,11,7.168374164942821,RankSurprise
microPPN_R_1-3+,0,138286.36672,138296.68864,10.32192000001669,138286.36672,138296.68864,10.32192000001669,3,3.914166345065272,RankSurprise
microPPN_R_1-3+,0,140685.88544,140694.03648,8.15103999999701,140685.88544,140694.03648,8.15103999999701,3,4.042052605094556,RankSurprise
microPPN_R_1-3+,0,141740.11392,141785.25184,45.13792000000831,141740.11392,141785.25184,45.13792000000831,5,4.373454188370477,RankSurprise
microPPN_R_1-3+,0,147475.08736,147502.32576,27.238400000002002,147475.08736,147502.32576,27.238400000002002,4,4.0189999848166735,RankSurprise
microPPN_R_1-3+,0,149110.45632,149171.24096,60.784639999998035,149110.45632,149171.24096,60.784639999998035,7,5.6836310828132,RankSurprise
microPPN_R_1-3+,0,152165.90848,152174.67392,8.765439999988303,152165.90848,152174.67392,8.765439999988303,4,6.2872618099643525,RankSurprise
microPPN_R_1-3+,0,154808.23808,154971.83232,163.5942399999767,154808.23808,154971.83232,163.5942399999767,11,6.066536408475305,RankSurprise
microPPN_R_1-3+,0,155374.71488,155890.60608,515.8911999999837,155374.71488,155890.60608,515.8911999999837,24,8.638713002626815,RankSurprise
microPPN_R_1-3+,0,156847.47264,156885.77024,38.297600000019884,156847.47264,156885.77024,38.297600000019884,6,6.081259548755803,RankSurprise
microPPN_R_1-3+,0,157485.8752,157549.64992,63.7747199999867,157485.8752,157549.64992,63.7747199999867,6,4.182042282024915,RankSurprise
microPPN_R_1-3+,0,157911.77728,157916.11904,4.34175999998115,157911.77728,157916.11904,4.34175999998115,4,7.666126760198516,RankSurprise
microPPN_R_1-3+,0,159066.23488,159070.45376,4.218880000000354,159066.23488,159070.45376,4.218880000000354,3,4.631434333964728,RankSurprise
microPPN_R_1-3+,0,159610.55232,159612.96896,2.416640000010375,159610.55232,159612.96896,2.416640000010375,3,6.13536057146535,RankSurprise
microPPN_R_1-3+,0,161359.95392,161647.04256,287.08864000000176,161359.95392,161647.04256,287.08864000000176,16,6.921228807531369,RankSurprise
microPPN_R_1-3+,0,162679.27552,162700.04224,20.766720000014175,162679.27552,162700.04224,20.766720000014175,5,6.154714277148042,RankSurprise
microPPN_R_1-3+,0,165616.88576,165735.71072,118.8249599999981,165616.88576,165735.71072,118.8249599999981,14,12.736530272534697,RankSurprise
microPPN_R_1-3+,0,192983.12192,193003.68384,20.561920000007376,192983.12192,193003.68384,20.561920000007376,4,4.735675862787986,RankSurprise
microPPN_R_1-3+,0,196881.65376,196892.54912,10.895360000024084,196881.65376,196892.54912,10.895360000024084,3,3.611829704913964,RankSurprise
microPPN_R_1-3+,0,201879.01952,201949.67552,70.65599999998813,201879.01952,201949.67552,70.65599999998813,8,6.425843387173864,RankSurprise
microPPN_R_1-3+,0,209001.30816,209044.35712,43.04896000001463,209001.30816,209044.35712,43.04896000001463,6,6.27452795176621,RankSurprise
microPPN_R_1-3+,0,217410.10944,217464.17664,54.06719999999041,217410.10944,217464.17664,54.06719999999041,5,3.6670149761968283,RankSurprise
microPPN_R_1-3+,0,221336.94464,221356.97408,20.029440000012983,221336.94464,221356.97408,20.029440000012983,4,4.256129649654898,RankSurprise
microPPN_R_1-3+,0,225653.71904,225689.23136,35.51232000000891,225653.71904,225689.23136,35.51232000000891,4,3.7126842698278963,RankSurprise
microPPN_R_1-3+,0,229633.26976,229679.3088,46.0390400000033,229633.26976,229679.3088,46.0390400000033,5,3.865484805569235,RankSurprise
microPPN_R_1-3+,0,230873.00608,230952.3456,79.33952000000863,230873.00608,230952.3456,79.33952000000863,6,3.755933417426325,RankSurprise
microPPN_R_1-3+,0,248000.22528,248027.58656,27.3612799999828,248000.22528,248027.58656,27.3612799999828,4,3.6325013125011374,RankSurprise
microPPN_R_1-3+,0,251449.50784,251452.8256,3.3177600000053644,251449.50784,251452.8256,3.3177600000053644,3,5.2685555838718425,RankSurprise
microPPN_R_1-3+,0,253973.13536,254017.20832,44.07296000001952,253973.13536,254017.20832,44.07296000001952,5,4.001149496842029,RankSurprise
microPPN_R_1-3+,0,254506.3936,254685.51168,179.11807999998564,254506.3936,254685.51168,179.11807999998564,10,5.126720578852125,RankSurprise
microPPN_R_1-3+,0,256394.32192,256415.29344,20.971520000020973,256394.32192,256415.29344,20.971520000020973,4,4.256129649654898,RankSurprise
microPPN_R_1-3+,0,267041.71008,267056.04608,14.336000000010245,267041.71008,267056.04608,14.336000000010245,4,5.627430760581305,RankSurprise
microPPN_R_1-3+,0,269914.60352,269922.54976,7.946240000019316,269914.60352,269922.54976,7.946240000019316,3,4.296276983673129,RankSurprise
microPPN_R_1-3+,0,273068.97408,273074.7904,5.816319999983534,273068.97408,273074.7904,5.816319999983534,3,4.366717170856598,RankSurprise
microPPN_R_1-3+,0,302146.64192,302184.6528,38.01087999995798,302146.64192,302184.6528,38.01087999995798,5,4.3173755185996505,RankSurprise
microPPN_R_1-3+,0,303360.77824,303364.096,3.3177600000053644,303360.77824,303364.096,3.3177600000053644,3,4.956572770593665,RankSurprise
microPPN_R_1-3+,0,306097.84832,306138.15296,40.30463999998756,306097.84832,306138.15296,40.30463999998756,5,4.1512788248878145,RankSurprise
microPPN_R_1-3+,0,313146.94144,313306.60352,159.66207999998005,313146.94144,313306.60352,159.66207999998005,9,4.5383081684409525,RankSurprise
microPPN_R_1-3+,0,315039.49824,315278.09024,238.5920000000042,315039.49824,315278.09024,238.5920000000042,13,5.059892041106095,RankSurprise
microPPN_R_1-3+,0,315725.49632,315845.95968,120.46336000005249,315725.49632,315845.95968,120.46336000005249,9,5.755088550045784,RankSurprise
microPPN_R_1-3+,0,316755.64032,316778.61888,22.97856000001775,316755.64032,316778.61888,22.97856000001775,4,3.9172453138096124,RankSurprise
microPPN_R_1-3+,0,322798.01856,322850.73408,52.71552000002703,322798.01856,322850.73408,52.71552000002703,6,5.079026990759274,RankSurprise
microPPN_R_1-3+,0,323279.09376,323307.88864,28.794880000001285,323279.09376,323307.88864,28.794880000001285,4,3.5763272278552876,RankSurprise
microPPN_R_1-3+,0,326794.60864,326847.0784,52.46976000000723,326794.60864,326847.0784,52.46976000000723,6,4.972945374628175,RankSurprise
microPPN_R_1-3+,0,330405.02784,330499.85024,94.82240000000456,330405.02784,330499.85024,94.82240000000456,7,4.104886691523546,RankSurprise
microPPN_R_1-3+,0,331722.99776,331726.4384,3.4406399999861605,331722.99776,331726.4384,3.4406399999861605,3,5.486323345582617,RankSurprise
microPPN_R_1-3+,0,335625.50272,335635.57888,10.07615999999689,335625.50272,335635.57888,10.07615999999689,3,3.8007099648637617,RankSurprise
microPPN_R_1-3+,0,338743.66464,338801.70496,58.04032000002917,338743.66464,338801.70496,58.04032000002917,7,6.708428647362119,RankSurprise
microPPN_R_1-3+,0,339003.51488,339104.03072,100.5158400000073,339003.51488,339104.03072,100.5158400000073,9,6.5948083346968795,RankSurprise
microPPN_R_1-3+,0,339394.06848,339642.65472,248.58623999997508,339394.06848,339642.65472,248.58623999997508,12,5.327561071072727,RankSurprise
microPPN_R_1-3+,0,342150.02112,342175.70304,25.68192000000272,342150.02112,342175.70304,25.68192000000272,5,5.369554764135447,RankSurprise
microPPN_R_1-3+,0,342563.71712,342625.77152,62.054400000022724,342563.71712,342625.77152,62.054400000022724,5,4.08505213900774,RankSurprise
microPPN_R_1-3+,0,344601.84576,344606.67904,4.83328000002075,344601.84576,344606.67904,4.83328000002075,3,5.046844598250075,RankSurprise
microPPN_R_1-3+,0,345700.352,345719.88992,19.537919999973383,345700.352,345719.88992,19.537919999973383,4,4.233488028362039,RankSurprise
microPPN_R_1-3+,0,346512.22016,346603.80672,91.586559999967,346512.22016,346603.80672,91.586559999967,9,6.775495509520614,RankSurprise
microPPN_R_1-3+,0,346809.1392,346907.36128,98.22208000003593,346809.1392,346907.36128,98.22208000003593,7,4.1067410582121155,RankSurprise
microPPN_R_1-3+,0,347527.08608,347543.51104,16.424960000033025,347527.08608,347543.51104,16.424960000033025,4,5.470091261719748,RankSurprise
microPPN_R_1-3+,0,348020.16256,348079.104,58.94143999996595,348020.16256,348079.104,58.94143999996595,6,4.408385517635059,RankSurprise
microPPN_R_1-3+,0,351458.95936,351669.98528,211.0259200000437,351458.95936,351669.98528,211.0259200000437,10,3.8933990079528056,RankSurprise
microPPN_R_1-3+,0,353719.37792,353845.98528,126.60736000002362,353719.37792,353845.98528,126.60736000002362,8,4.584550833101145,RankSurprise
microPPN_R_1-3+,0,354792.81664,354841.96864,49.15200000000186,354792.81664,354841.96864,49.15200000000186,5,3.632739760059355,RankSurprise
microPPN_R_1-3+,0,355521.08544,355534.52032,13.434880000015255,355521.08544,355534.52032,13.434880000015255,4,5.617191837823114,RankSurprise
microPPN_R_1-3+,0,356974.87872,357008.9984,34.11968000000343,356974.87872,357008.9984,34.11968000000343,6,6.401075940287626,RankSurprise
microPPN_R_1-3+,0,358784.65536,358801.98144,17.326080000028014,358784.65536,358801.98144,17.326080000028014,4,4.487207633352305,RankSurprise
microPPN_R_1-3+,0,361333.59616,361365.13536,31.539199999999255,361333.59616,361365.13536,31.539199999999255,5,4.933240116478057,RankSurprise
microPPN_R_1-3+,0,363787.55072,363960.07424,172.5235199999879,363787.55072,363960.07424,172.5235199999879,9,4.87251106577883,RankSurprise
microPPN_R_1-3+,0,364255.27296,364378.27584,123.00288000004366,364255.27296,364378.27584,123.00288000004366,11,7.932328146647515,RankSurprise
microPPN_R_1-3+,0,364963.88096,364966.7072,2.8262400000239722,364963.88096,364966.7072,2.8262400000239722,3,6.043471332276885,RankSurprise
microPPN_R_1-3+,0,367752.3968,367759.07328,6.67648000002373,367752.3968,367759.07328,6.67648000002373,3,4.594271076026603,RankSurprise
microPPN_R_1-3+,0,371373.50656,371417.16992,43.66336000000592,371373.50656,371417.16992,43.66336000000592,6,6.460580787836243,RankSurprise
microPPN_R_1-3+,0,384376.05376,384378.63424,2.5804800000041723,384376.05376,384378.63424,2.5804800000041723,3,6.239280407430977,RankSurprise
microPPN_R_1-3+,0,385696.03072,385701.96992,5.939200000022538,385696.03072,385701.96992,5.939200000022538,3,4.067612068823799,RankSurprise
microPPN_R_1-3+,0,385797.81632,385804.98432,7.168000000005122,385797.81632,385804.98432,7.168000000005122,4,6.690139268675985,RankSurprise
microPPN_R_1-3+,0,386357.248,386486.14912,128.901119999995,386357.248,386486.14912,128.901119999995,9,4.732616803161777,RankSurprise
microPPN_R_1-3+,0,386665.79968,386725.31456,59.51488000003155,386665.79968,386725.31456,59.51488000003155,5,3.7452252142834688,RankSurprise
microPPN_R_1-3+,0,388069.33504,388110.78656,41.45152000000235,388069.33504,388110.78656,41.45152000000235,7,7.172354639850255,RankSurprise
microPPN_R_1-3+,0,390133.9648,390164.35712,30.392319999984466,390133.9648,390164.35712,30.392319999984466,6,7.0962722775955385,RankSurprise
microPPN_R_1-3+,0,391018.496,391316.84864,298.35263999999734,391018.496,391316.84864,298.35263999999734,13,6.133421344042436,RankSurprise
microPPN_R_1-3+,1,11538.14528,11629.64992,91.5046399999992,11538.14528,11629.64992,91.5046399999992,4,4.377181488286837,RankSurprise
microPPN_R_1-3+,1,12853.37088,12864.67584,11.304959999999483,12853.37088,12864.67584,11.304959999999483,3,6.220814153077969,RankSurprise
microPPN_R_1-3+,1,14057.18528,15402.35264,1345.1673599999995,14057.18528,15402.35264,1345.1673599999995,15,6.9981040798977965,RankSurprise
microPPN_R_1-3+,1,16103.58784,16131.72736,28.13952000000063,16103.58784,16131.72736,28.13952000000063,3,4.0611944849418045,RankSurprise
microPPN_R_1-3+,1,17175.1424,17188.12672,12.98431999999957,17175.1424,17188.12672,12.98431999999957,3,5.8399047342272485,RankSurprise
microPPN_R_1-3+,1,21842.00192,21885.09184,43.08992000000217,21842.00192,21885.09184,43.08992000000217,5,8.43742238202335,RankSurprise
microPPN_R_1-3+,1,22736.73216,22809.1904,72.45823999999993,22736.73216,22809.1904,72.45823999999993,4,4.130796185596417,RankSurprise
microPPN_R_1-3+,1,23888.0768,24775.96672,887.8899200000014,23888.0768,24775.96672,887.8899200000014,13,6.005782977947643,RankSurprise
microPPN_R_1-3+,1,30653.8496,30674.98496,21.13536000000022,30653.8496,30674.98496,21.13536000000022,3,4.718999791474138,RankSurprise
microPPN_R_1-3+,1,33121.85344,33239.90016,118.04671999999846,33121.85344,33239.90016,118.04671999999846,5,4.893599943562506,RankSurprise
microPPN_R_1-3+,1,33720.97536,34921.34912,1200.3737600000022,33720.97536,34921.34912,1200.3737600000022,15,6.906373863247295,RankSurprise
microPPN_R_1-3+,1,37733.9904,38496.8704,762.8799999999974,37733.9904,38496.8704,762.8799999999974,10,4.012588733054716,RankSurprise
microPPN_R_1-3+,1,55757.29152,55829.01248,71.72095999999874,55757.29152,55829.01248,71.72095999999874,4,4.1597819904906785,RankSurprise
microPPN_R_1-3+,1,57614.66368,58345.39008,730.7263999999996,57614.66368,58345.39008,730.7263999999996,13,6.124273253100969,RankSurprise
microPPN_R_1-3+,1,61862.37952,62259.77344,397.393919999995,61862.37952,62259.77344,397.393919999995,8,5.49677830228817,RankSurprise
microPPN_R_1-3+,1,68564.5824,68567.94112,3.3587200000038138,68564.5824,68567.94112,3.3587200000038138,3,9.413052618417872,RankSurprise
microPPN_R_1-3+,1,70013.62432,70036.8896,23.265279999992345,70013.62432,70036.8896,23.265279999992345,3,4.518202357315326,RankSurprise
microPPN_R_1-3+,1,98744.36096,98916.27008,171.90911999999662,98744.36096,98916.27008,171.90911999999662,6,5.1201929127551935,RankSurprise
microPPN_R_1-3+,1,102736.24064,102762.9056,26.664959999994608,102736.24064,102762.9056,26.664959999994608,3,4.281971171245749,RankSurprise
microPPN_R_1-3+,1,106489.40544,107308.6464,819.2409599999955,106489.40544,107308.6464,819.2409599999955,12,5.472666640974809,RankSurprise
microPPN_R_1-3+,1,113230.6432,113386.53696,155.89375999999174,113230.6432,113386.53696,155.89375999999174,5,3.846433221212262,RankSurprise
microPPN_R_1-3+,1,115515.55584,115539.72224,24.166400000001886,115515.55584,115539.72224,24.166400000001886,4,7.648104406640471,RankSurprise
microPPN_R_1-3+,1,117432.07424,117446.73792,14.66367999999784,117432.07424,117446.73792,14.66367999999784,3,5.461808899836443,RankSurprise
microPPN_R_1-3+,1,120833.2288,120842.6496,9.420800000007148,120833.2288,120842.6496,9.420800000007148,3,6.522151899916937,RankSurprise
microPPN_R_1-3+,1,125425.82784,125616.98816,191.1603199999954,125425.82784,125616.98816,191.1603199999954,5,4.667223261439297,RankSurprise
microPPN_R_1-3+,1,136351.86688,136512.79872,160.93184000000474,136351.86688,136512.79872,160.93184000000474,5,3.719242851132524,RankSurprise
microPPN_R_1-3+,1,148597.80096,148844.99456,247.1935999999987,148597.80096,148844.99456,247.1935999999987,6,3.919946873789491,RankSurprise
microPPN_R_1-3+,1,151694.78656,151719.81312,25.026559999998426,151694.78656,151719.81312,25.026559999998426,3,4.346667309217123,RankSurprise
microPPN_R_1-3+,1,163142.20544,163369.5744,227.36896000002162,163142.20544,163369.5744,227.36896000002162,7,6.430327769005032,RankSurprise
microPPN_R_1-3+,1,165804.2368,165858.83648,54.5996799999848,165804.2368,165858.83648,54.5996799999848,4,4.940476424865036,RankSurprise
microPPN_R_1-3+,1,179774.21824,179798.67136,24.453120000020135,179774.21824,179798.67136,24.453120000020135,3,4.413526421523359,RankSurprise
microPPN_R_1-3+,1,199628.1856,199780.59776,152.41216000000713,199628.1856,199780.59776,152.41216000000713,7,8.022868503395358,RankSurprise
microPPN_R_1-3+,1,201921.49504,201954.304,32.80895999999484,201921.49504,201954.304,32.80895999999484,3,3.819829334328732,RankSurprise
microPPN_R_1-3+,1,203011.6864,203047.1168,35.43039999998291,203011.6864,203047.1168,35.43039999998291,3,3.8710050669472356,RankSurprise
microPPN_R_1-3+,1,211226.8288,211469.84448,243.01568000001134,211226.8288,211469.84448,243.01568000001134,7,5.3517100928524926,RankSurprise
microPPN_R_1-3+,1,254600.31488,254616.00256,15.687680000002729,254600.31488,254616.00256,15.687680000002729,3,5.481040261764331,RankSurprise
microPPN_R_1-3+,1,281009.68448,281089.59744,79.91295999998692,281009.68448,281089.59744,79.91295999998692,4,4.017574932777343,RankSurprise
microPPN_R_1-3+,1,297766.83008,297892.00384,125.17376000003424,297766.83008,297892.00384,125.17376000003424,5,4.920774023823419,RankSurprise
microPPN_R_1-3+,1,318204.64128,319522.89792,1318.256640000036,318204.64128,319522.89792,1318.256640000036,12,3.914067105662757,RankSurprise
microPPN_R_1-3+,1,334336.8192,334373.39648,36.577279999968596,334336.8192,334373.39648,36.577279999968596,4,6.153103684176905,RankSurprise
microPPN_R_1-3+,1,336127.01696,336211.92704,84.91008000000147,336127.01696,336211.92704,84.91008000000147,5,5.7746833968482605,RankSurprise
microPPN_R_1-3+,1,388074.94656,388105.70752,30.76095999998506,388074.94656,388105.70752,30.76095999998506,3,3.9503109958029423,RankSurprise
microPPN_R_1-3+,2,12966.66624,12975.59552,8.92928000000029,12966.66624,12975.59552,8.92928000000029,4,5.2618894574539254,RankSurprise
microPPN_R_1-3+,2,16416.80896,16446.38208,29.573120000000927,16416.80896,16446.38208,29.573120000000927,5,5.618033793686205,RankSurprise
microPPN_R_1-3+,2,21829.0176,21931.45856,102.4409599999999,21829.0176,21931.45856,102.4409599999999,7,4.56455711504956,RankSurprise
microPPN_R_1-3+,2,22144.0,22161.94048,17.940480000001116,22144.0,22161.94048,17.940480000001116,4,4.840399016704318,RankSurprise
microPPN_R_1-3+,2,23368.00768,23370.05568,2.048000000002503,23368.00768,23370.05568,2.048000000002503,3,6.584905316096602,RankSurprise
microPPN_R_1-3+,2,24524.3904,24526.56128,2.170880000001489,24524.3904,24526.56128,2.170880000001489,3,5.514048708209028,RankSurprise
microPPN_R_1-3+,2,29332.11136,29459.00544,126.89408000000185,29332.11136,29459.00544,126.89408000000185,11,8.515708079850354,RankSurprise
microPPN_R_1-3+,2,29927.17824,30005.8624,78.6841600000007,29927.17824,30005.8624,78.6841600000007,6,4.356716940455657,RankSurprise
microPPN_R_1-3+,2,31935.56992,31966.49472,30.92479999999705,31935.56992,31966.49472,30.92479999999705,4,4.290610424909552,RankSurprise
microPPN_R_1-3+,2,33083.392,33231.29856,147.90656000000308,33083.392,33231.29856,147.90656000000308,9,5.787755719103885,RankSurprise
microPPN_R_1-3+,2,34196.19328,34202.66496,6.4716800000023795,34196.19328,34202.66496,6.4716800000023795,3,4.387667280625276,RankSurprise
microPPN_R_1-3+,2,46268.29312,46311.50592,43.21280000000115,46268.29312,46311.50592,43.21280000000115,6,6.566487964651145,RankSurprise
microPPN_R_1-3+,2,53694.83264,53702.656,7.82336000000214,53694.83264,53702.656,7.82336000000214,4,6.758177487242783,RankSurprise
microPPN_R_1-3+,2,55426.6624,55469.54752,42.885119999999006,55426.6624,55469.54752,42.885119999999006,5,4.845573595636573,RankSurprise
microPPN_R_1-3+,2,57908.4288,58007.38816,98.95936000000074,57908.4288,58007.38816,98.95936000000074,6,3.98825282220755,RankSurprise
microPPN_R_1-3+,2,63122.67776,63179.44832,56.77056000000448,63122.67776,63179.44832,56.77056000000448,5,3.9093043324272543,RankSurprise
microPPN_R_1-3+,2,65852.53888,65864.45824,11.919360000014422,65852.53888,65864.45824,11.919360000014422,3,3.614267261928987,RankSurprise
microPPN_R_1-3+,2,68779.86816,68849.50016,69.63199999999779,68779.86816,68849.50016,69.63199999999779,6,4.694296992519317,RankSurprise
microPPN_R_1-3+,2,70711.37792,70854.53312,143.15519999999378,70711.37792,70854.53312,143.15519999999378,7,4.559343286264298,RankSurprise
microPPN_R_1-3+,2,94017.65888,94019.82976,2.170879999990575,94017.65888,94019.82976,2.170879999990575,3,5.33964550910439,RankSurprise
microPPN_R_1-3+,2,104552.12032,104581.65248,29.532160000002477,104552.12032,104581.65248,29.532160000002477,4,4.158114116198433,RankSurprise
microPPN_R_1-3+,2,104862.76096,104883.8144,21.05344000000332,104862.76096,104883.8144,21.05344000000332,5,6.277774368547899,RankSurprise
microPPN_R_1-3+,2,105197.85472,105206.70208,8.847359999999753,105197.85472,105206.70208,8.847359999999753,3,3.5078956323118113,RankSurprise
microPPN_R_1-3+,2,106612.57216,106662.7072,50.1350400000083,106612.57216,106662.7072,50.1350400000083,5,4.245137289429756,RankSurprise
microPPN_R_1-3+,2,112734.24896,112778.77248,44.52352000000246,112734.24896,112778.77248,44.52352000000246,5,4.793784931448357,RankSurprise
microPPN_R_1-3+,2,115956.44928,116079.37024,122.9209600000031,115956.44928,116079.37024,122.9209600000031,8,5.458231251021229,RankSurprise
microPPN_R_1-3+,2,117977.78432,118073.91744,96.1331199999986,117977.78432,118073.91744,96.1331199999986,7,5.305326720505283,RankSurprise
microPPN_R_1-3+,2,119220.51072,119256.84224,36.33151999999245,119220.51072,119256.84224,36.33151999999245,4,3.6798875325750124,RankSurprise
microPPN_R_1-3+,2,121155.7888,121261.42464,105.63584000000264,121155.7888,121261.42464,105.63584000000264,8,5.930585220672115,RankSurprise
microPPN_R_1-3+,2,122091.68384,122262.36416,170.68031999999948,122091.68384,122262.36416,170.68031999999948,10,5.976640278457633,RankSurprise
microPPN_R_1-3+,2,124157.91104,124160.0,2.0889599999936763,124157.91104,124160.0,2.0889599999936763,3,5.950114256765911,RankSurprise
microPPN_R_1-3+,2,130647.8592,130721.50528,73.64607999999134,130647.8592,130721.50528,73.64607999999134,6,4.767084380786059,RankSurprise
microPPN_R_1-3+,2,132344.70912,132507.15648,162.44735999999102,132344.70912,132507.15648,162.44735999999102,8,4.252942096964812,RankSurprise
microPPN_R_1-3+,2,133905.48992,134020.5056,115.01568000001134,133905.48992,134020.5056,115.01568000001134,7,4.766451479062849,RankSurprise
microPPN_R_1-3+,2,135328.39936,135477.0432,148.64383999997517,135328.39936,135477.0432,148.64383999997517,11,7.930147007055708,RankSurprise
microPPN_R_1-3+,2,137897.53344,138445.4144,547.8809600000095,137897.53344,138445.4144,547.8809600000095,14,4.188528567250932,RankSurprise
microPPN_R_1-3+,2,143225.81504,143243.34592,17.53088000000571,143225.81504,143243.34592,17.53088000000571,4,5.000529976168323,RankSurprise
microPPN_R_1-3+,2,143338.04544,143340.01152,1.9660800000128802,143338.04544,143340.01152,1.9660800000128802,3,8.533726675359373,RankSurprise
microPPN_R_1-3+,2,144110.10048,144149.46304,39.36256000000867,144110.10048,144149.46304,39.36256000000867,4,3.5492362068639522,RankSurprise
microPPN_R_1-3+,2,144636.3136,144639.3856,3.0720000000146683,144636.3136,144639.3856,3.0720000000146683,3,4.341511310178834,RankSurprise
microPPN_R_1-3+,2,152164.5568,152169.472,4.915200000017649,152164.5568,152169.472,4.915200000017649,3,3.9596207609980922,RankSurprise
microPPN_R_1-3+,2,154903.79776,154956.67712,52.879360000020824,154903.79776,154956.67712,52.879360000020824,5,4.0736973514902,RankSurprise
microPPN_R_1-3+,2,155725.45536,155769.28256,43.82719999999972,155725.45536,155769.28256,43.82719999999972,6,6.769017284059387,RankSurprise
microPPN_R_1-3+,2,157242.5728,157249.61792,7.045119999995222,157242.5728,157249.61792,7.045119999995222,3,4.398070442609519,RankSurprise
microPPN_R_1-3+,2,157462.85568,157602.16064,139.30495999997947,157462.85568,157602.16064,139.30495999997947,7,4.580228672762306,RankSurprise
microPPN_R_1-3+,2,158182.8096,158186.7008,3.8911999999836553,158182.8096,158186.7008,3.8911999999836553,3,4.139172545933267,RankSurprise
microPPN_R_1-3+,2,161500.28288,161543.12704,42.84415999997873,161500.28288,161543.12704,42.84415999997873,5,4.498665752618997,RankSurprise
microPPN_R_1-3+,2,163291.83232,163363.59424,71.76192000001902,163291.83232,163363.59424,71.76192000001902,6,4.930626235595099,RankSurprise
microPPN_R_1-3+,2,163939.08224,163971.93216,32.84992000000784,163939.08224,163971.93216,32.84992000000784,4,4.338975655060654,RankSurprise
microPPN_R_1-3+,2,165711.62624,165758.11584,46.48960000000079,165711.62624,165758.11584,46.48960000000079,6,6.263536361453006,RankSurprise
microPPN_R_1-3+,2,217271.0912,217512.18176,241.09056000001146,217271.0912,217512.18176,241.09056000001146,12,6.360555217630479,RankSurprise
microPPN_R_1-3+,2,266459.99616,266475.88864,15.892480000038631,266459.99616,266475.88864,15.892480000038631,3,3.635525228961505,RankSurprise
microPPN_R_1-3+,2,272547.59424,272816.98816,269.39392000000225,272547.59424,272816.98816,269.39392000000225,9,5.588556113079166,RankSurprise
microPPN_R_1-3+,2,280971.55072,281105.6128,134.06208000000333,280971.55072,281105.6128,134.06208000000333,7,4.454405072248022,RankSurprise
microPPN_R_1-3+,2,291742.26944,291746.816,4.546559999987949,291742.26944,291746.816,4.546559999987949,3,4.162214306030034,RankSurprise
microPPN_R_1-3+,2,302133.28896,302170.07104,36.7820800000336,302133.28896,302170.07104,36.7820800000336,4,3.5624910196686095,RankSurprise
microPPN_R_1-3+,2,306759.18848,306761.27744,2.0889599999645725,306759.18848,306761.27744,2.0889599999645725,3,6.229357460571826,RankSurprise
microPPN_R_1-3+,2,315724.3904,315780.13696,55.74655999999959,315724.3904,315780.13696,55.74655999999959,5,4.081891979322336,RankSurprise
microPPN_R_1-3+,2,316226.84672,316291.39968,64.5529600000009,316226.84672,316291.39968,64.5529600000009,6,4.909626617310039,RankSurprise
microPPN_R_1-3+,2,320837.8368,320940.52352,102.68671999999788,320837.8368,320940.52352,102.68671999999788,6,4.845082704697283,RankSurprise
microPPN_R_1-3+,2,323382.4768,323487.25248,104.77568000002066,323382.4768,323487.25248,104.77568000002066,9,7.85154504161861,RankSurprise
microPPN_R_1-3+,2,326227.23072,326256.27136,29.040640000021085,326227.23072,326256.27136,29.040640000021085,4,3.8092686702199856,RankSurprise
microPPN_R_1-3+,2,329146.53184,329152.14336,5.611519999976736,329146.53184,329152.14336,5.611519999976736,3,4.7383521453629065,RankSurprise
microPPN_R_1-3+,2,331595.40736,331710.09536,114.68799999996554,331595.40736,331710.09536,114.68799999996554,7,4.368220599390641,RankSurprise
microPPN_R_1-3+,2,336130.49856,336132.58752,2.08896000002278,336130.49856,336132.58752,2.08896000002278,3,5.995961913066658,RankSurprise
microPPN_R_1-3+,2,345111.92064,345114.0096,2.0889599999645725,345111.92064,345114.0096,2.0889599999645725,3,6.216370265045015,RankSurprise
microPPN_R_1-3+,2,345606.47168,346915.34848,1308.876799999969,345606.47168,346915.34848,1308.876799999969,28,6.882047167689804,RankSurprise
microPPN_R_1-3+,2,350485.13536,350495.29344,10.158079999964684,350485.13536,350495.29344,10.158079999964684,3,4.232976502317825,RankSurprise
microPPN_R_1-3+,2,351229.70624,351243.01824,13.311999999976251,351229.70624,351243.01824,13.311999999976251,3,3.914070089049872,RankSurprise
microPPN_R_1-3+,2,351503.03232,351532.52352,29.491199999989476,351503.03232,351532.52352,29.491199999989476,4,4.908973490656603,RankSurprise
microPPN_R_1-3+,2,354753.29024,354801.17248,47.88224000000628,354753.29024,354801.17248,47.88224000000628,8,9.633387039166195,RankSurprise
microPPN_R_1-3+,2,356672.14336,356735.71328,63.56992000003811,356672.14336,356735.71328,63.56992000003811,7,7.705663077718427,RankSurprise
microPPN_R_1-3+,2,361332.49024,361494.28224,161.79199999995762,361332.49024,361494.28224,161.79199999995762,8,3.9569818519101227,RankSurprise
microPPN_R_1-3+,2,365468.09856,365918.65856,450.5599999999977,365468.09856,365918.65856,450.5599999999977,17,6.920648184857283,RankSurprise
microPPN_R_1-3+,2,373600.58368,373627.0848,26.501120000029914,373600.58368,373627.0848,26.501120000029914,4,4.504046865873637,RankSurprise
microPPN_R_1-3+,2,386394.3168,386481.47968,87.16288000001805,386394.3168,386481.47968,87.16288000001805,6,3.890136834426454,RankSurprise
microPPN_R_1-3+,2,388411.84256,388464.14848,52.30591999995522,388411.84256,388464.14848,52.30591999995522,6,5.500638026492588,RankSurprise
microPPN_R_1-3+,2,391055.19616,391061.62688,6.43072000000393,391055.19616,391061.62688,6.43072000000393,3,4.276667624531136,RankSurprise
microPPN_R_1-3+,2,391287.808,391372.26752,84.45951999997487,391287.808,391372.26752,84.45951999997487,7,5.996250985742298,RankSurprise
microPPN_R_1-3+,2,391980.032,392093.9008,113.86879999999655,391980.032,392093.9008,113.86879999999655,8,5.541080172644758,RankSurprise
microPPN_R_1-3+,2,393192.07936,393234.432,42.352639999997336,393192.07936,393234.432,42.352639999997336,7,8.034262542646019,RankSurprise
microPPN_R_1-3+,3,4707.69664,4847.616,139.91935999999987,4707.69664,4847.616,139.91935999999987,4,3.88612314191543,RankSurprise
microPPN_R_1-3+,3,11023.52384,11063.0912,39.56736000000092,11023.52384,11063.0912,39.56736000000092,3,4.677069523332907,RankSurprise
microPPN_R_1-3+,3,12863.488,13570.70336,707.2153600000001,12863.488,13570.70336,707.2153600000001,10,5.60121045541041,RankSurprise
microPPN_R_1-3+,3,25394.54464,26223.0016,828.4569599999995,25394.54464,26223.0016,828.4569599999995,12,7.925415740174723,RankSurprise
microPPN_R_1-3+,3,38202.73664,38258.72896,55.99231999999756,38202.73664,38258.72896,55.99231999999756,5,9.66862963289061,RankSurprise
microPPN_R_1-3+,3,40095.49824,40444.68224,349.1840000000011,40095.49824,40444.68224,349.1840000000011,6,3.7809666079145012,RankSurprise
microPPN_R_1-3+,3,42712.96512,42801.88928,88.9241600000023,42712.96512,42801.88928,88.9241600000023,4,5.070639629013932,RankSurprise
microPPN_R_1-3+,3,50566.26688,50821.36576,255.09887999999773,50566.26688,50821.36576,255.09887999999773,6,5.71116589269166,RankSurprise
microPPN_R_1-3+,3,54348.43136,54381.7728,33.34143999999651,54348.43136,54381.7728,33.34143999999651,3,5.053177066811516,RankSurprise
microPPN_R_1-3+,3,67145.728,67323.98592,178.25792000000365,67145.728,67323.98592,178.25792000000365,6,7.041352516280853,RankSurprise
microPPN_R_1-3+,3,81788.47744,81930.40384,141.92639999999665,81788.47744,81930.40384,141.92639999999665,4,3.732029393039607,RankSurprise
microPPN_R_1-3+,3,84823.20384,85068.71808,245.51424000000407,84823.20384,85068.71808,245.51424000000407,5,3.8043558149550236,RankSurprise
microPPN_R_1-3+,3,87658.7008,87862.39488,203.69408000000112,87658.7008,87862.39488,203.69408000000112,5,4.252965923757472,RankSurprise
microPPN_R_1-3+,3,92879.99488,92989.89056,109.89568000000145,92879.99488,92989.89056,109.89568000000145,4,4.505756762922093,RankSurprise
microPPN_R_1-3+,3,98285.60896,98342.83008,57.221120000001974,98285.60896,98342.83008,57.221120000001974,3,3.7599156062519405,RankSurprise
microPPN_R_1-3+,3,105941.85216,106177.65888,235.80672000000777,105941.85216,106177.65888,235.80672000000777,6,5.477984264511164,RankSurprise
microPPN_R_1-3+,3,114087.03488,114424.70912,337.674239999993,114087.03488,114424.70912,337.674239999993,6,3.951294612333311,RankSurprise
microPPN_R_1-3+,3,116915.03616,117009.32608,94.28991999999562,116915.03616,117009.32608,94.28991999999562,5,7.412742223531993,RankSurprise
microPPN_R_1-3+,3,120961.18784,120989.53216,28.34432000000379,120961.18784,120989.53216,28.34432000000379,3,5.350020473280244,RankSurprise
microPPN_R_1-3+,3,123606.67136,123867.01312,260.34176000001025,123606.67136,123867.01312,260.34176000001025,6,5.030736664667543,RankSurprise
microPPN_R_1-3+,3,124877.57824,124957.2864,79.70815999999468,124877.57824,124957.2864,79.70815999999468,4,5.514125808896939,RankSurprise
microPPN_R_1-3+,3,130635.65312,130776.02304,140.36991999999736,130635.65312,130776.02304,140.36991999999736,5,5.778637303027683,RankSurprise
microPPN_R_1-3+,3,132232.88832,132506.25536,273.3670400000119,132232.88832,132506.25536,273.3670400000119,6,4.794586461090027,RankSurprise
microPPN_R_1-3+,3,136836.87424,137098.60864,261.73439999998664,136836.87424,137098.60864,261.73439999998664,5,3.632390830544029,RankSurprise
microPPN_R_1-3+,3,140805.3248,141622.72256,817.3977599999926,140805.3248,141622.72256,817.3977599999926,10,5.631491078359007,RankSurprise
microPPN_R_1-3+,3,143766.28224,144144.42496,378.14272000000346,143766.28224,144144.42496,378.14272000000346,7,4.722315846127958,RankSurprise
microPPN_R_1-3+,3,146720.93184,148501.54496,1780.6131199999945,146720.93184,148501.54496,1780.6131199999945,15,3.742257579983437,RankSurprise
microPPN_R_1-3+,3,159203.28704,159535.34976,332.06272000001627,159203.28704,159535.34976,332.06272000001627,6,3.9483050975398086,RankSurprise
microPPN_R_1-3+,3,163768.03328,163892.92032,124.88704000000143,163768.03328,163892.92032,124.88704000000143,5,6.184120731170903,RankSurprise
microPPN_R_1-3+,3,165375.67232,165418.22976,42.55743999997503,165375.67232,165418.22976,42.55743999997503,3,4.565929111379571,RankSurprise
microPPN_R_1-3+,3,172057.10848,172111.54432,54.435839999991,172057.10848,172111.54432,54.435839999991,3,3.996714304387499,RankSurprise
microPPN_R_1-3+,3,187438.81728,187570.66752,131.85023999999976,187438.81728,187570.66752,131.85023999999976,4,3.9465569236171447,RankSurprise
microPPN_R_1-3+,3,205292.91264,205903.29856,610.3859200000006,205292.91264,205903.29856,610.3859200000006,9,4.511307413902296,RankSurprise
microPPN_R_1-3+,3,219970.7648,220094.09536,123.33056000000215,219970.7648,220094.09536,123.33056000000215,4,4.075753023938201,RankSurprise
microPPN_R_1-3+,3,229501.91104,229830.77888,328.8678399999917,229501.91104,229830.77888,328.8678399999917,6,4.0601833877451545,RankSurprise
microPPN_R_1-3+,3,240519.53664,240683.90912,164.3724799999909,240519.53664,240683.90912,164.3724799999909,5,5.193580241076262,RankSurprise
microPPN_R_1-3+,3,244234.6496,245801.7792,1567.1295999999857,244234.6496,245801.7792,1567.1295999999857,16,5.295763528096407,RankSurprise
microPPN_R_1-3+,3,252510.98624,252651.9296,140.94336000000476,252510.98624,252651.9296,140.94336000000476,4,3.789408262721313,RankSurprise
microPPN_R_1-3+,3,267003.24864,267023.27808,20.029440000012983,267003.24864,267023.27808,20.029440000012983,3,6.10008341039503,RankSurprise
microPPN_R_1-3+,3,292771.38944,292790.0672,18.677759999991395,292771.38944,292790.0672,18.677759999991395,3,6.1428670140632775,RankSurprise
microPPN_R_1-3+,3,296220.09856,296295.99744,75.89887999999337,296220.09856,296295.99744,75.89887999999337,4,5.664911948514995,RankSurprise
microPPN_R_1-3+,3,321455.5136,321499.01312,43.499520000012126,321455.5136,321499.01312,43.499520000012126,3,4.432862667936025,RankSurprise
microPPN_R_1-3+,3,327423.87712,327450.25536,26.37823999999091,327423.87712,327450.25536,26.37823999999091,3,5.501037733887365,RankSurprise
microPPN_R_1-3+,3,335864.66816,335893.87264,29.204480000014883,335864.66816,335893.87264,29.204480000014883,3,5.223215875778502,RankSurprise
microPPN_R_1-3+,3,338696.64256,338705.77664,9.134079999988899,338696.64256,338705.77664,9.134079999988899,3,7.651865334653751,RankSurprise
microPPN_R_1-3+,3,341497.32352,341534.02368,36.7001600000076,341497.32352,341534.02368,36.7001600000076,3,4.873413811127531,RankSurprise
microPPN_R_1-3+,3,342490.9312,342610.04288,119.1116800000309,342490.9312,342610.04288,119.1116800000309,4,4.201255645954252,RankSurprise
microPPN_R_1-3+,3,346775.63392,346826.50624,50.87232000002405,346775.63392,346826.50624,50.87232000002405,3,4.07974539155051,RankSurprise
microPPN_R_1-3+,3,356936.0896,356956.7744,20.684799999988172,356936.0896,356956.7744,20.684799999988172,3,5.976964381436222,RankSurprise
microPPN_R_1-3+,3,363106.75456,363238.76864,132.01408000005176,363106.75456,363238.76864,132.01408000005176,4,4.066662093977332,RankSurprise
microPPN_R_1-3+,3,376190.1568,376334.90944,144.75264000002062,376190.1568,376334.90944,144.75264000002062,4,3.5508717942244736,RankSurprise
microPPN_R_1-3+,3,388433.83808,388497.2032,63.3651199999731,388433.83808,388497.2032,63.3651199999731,3,3.566013392477304,RankSurprise
microPPN_R_1-3+,3,389368.66816,389436.45696,67.78879999998026,389368.66816,389436.45696,67.78879999998026,4,6.043497663274437,RankSurprise
microPPN_R_1-3+,4,10895.07328,10920.71424,25.640959999998813,10895.07328,10920.71424,25.640959999998813,3,4.211342078842643,RankSurprise
microPPN_R_1-3+,4,12465.31584,12469.6576,4.341760000001159,12465.31584,12469.6576,4.341760000001159,3,7.645672395357231,RankSurprise
microPPN_R_1-3+,4,13057.55648,13151.27296,93.71648000000096,13057.55648,13151.27296,93.71648000000096,4,3.6419112000397114,RankSurprise
microPPN_R_1-3+,4,15373.06624,15469.03552,95.96927999999934,15373.06624,15469.03552,95.96927999999934,5,5.710599556110903,RankSurprise
microPPN_R_1-3+,4,16369.33632,16755.46624,386.1299200000012,16369.33632,16755.46624,386.1299200000012,8,4.441802573139407,RankSurprise
microPPN_R_1-3+,4,24079.11424,24584.35584,505.2416000000012,24079.11424,24584.35584,505.2416000000012,10,6.174908556888107,RankSurprise
microPPN_R_1-3+,4,35489.13664,36045.57824,556.4416000000056,35489.13664,36045.57824,556.4416000000056,10,4.720685499204426,RankSurprise
microPPN_R_1-3+,4,38835.56864,38941.98272,106.41408000000229,38835.56864,38941.98272,106.41408000000229,6,6.968528061844928,RankSurprise
microPPN_R_1-3+,4,40088.9856,40354.97984,265.99424,40088.9856,40354.97984,265.99424,5,3.587651325425547,RankSurprise
microPPN_R_1-3+,4,47373.5168,47629.23008,255.71328000000358,47373.5168,47629.23008,255.71328000000358,6,3.7306604738491975,RankSurprise
microPPN_R_1-3+,4,58158.98112,58237.29664,78.31552000000374,58158.98112,58237.29664,78.31552000000374,4,4.601800633779693,RankSurprise
microPPN_R_1-3+,4,70825.45152,71545.69216,720.2406400000036,70825.45152,71545.69216,720.2406400000036,13,6.12871332533854,RankSurprise
microPPN_R_1-3+,4,101964.8,102899.38432,934.5843199999945,101964.8,102899.38432,934.5843199999945,13,4.345862630075551,RankSurprise
microPPN_R_1-3+,4,110387.77344,111007.86688,620.0934399999969,110387.77344,111007.86688,620.0934399999969,15,10.546956474400718,RankSurprise
microPPN_R_1-3+,4,125615.7184,125641.40032,25.68192000000272,125615.7184,125641.40032,25.68192000000272,3,4.22652247203632,RankSurprise
microPPN_R_1-3+,4,126301.75744,126965.43232,663.6748800000059,126301.75744,126965.43232,663.6748800000059,12,6.698188542270845,RankSurprise
microPPN_R_1-3+,4,130952.84736,131158.87616,206.0288000000146,130952.84736,131158.87616,206.0288000000146,6,4.4234769050225635,RankSurprise
microPPN_R_1-3+,4,134991.38048,135461.56032,470.17983999999706,134991.38048,135461.56032,470.17983999999706,10,7.058585337944014,RankSurprise
microPPN_R_1-3+,4,136294.15424,136872.83712,578.6828800000076,136294.15424,136872.83712,578.6828800000076,14,9.815102568791412,RankSurprise
microPPN_R_1-3+,4,138371.03104,138683.10528,312.0742399999872,138371.03104,138683.10528,312.0742399999872,7,4.4106327430784935,RankSurprise
microPPN_R_1-3+,4,140732.8256,141270.09792,537.2723199999891,140732.8256,141270.09792,537.2723199999891,9,4.202300359805216,RankSurprise
microPPN_R_1-3+,4,144093.92128,144164.57728,70.65599999998813,144093.92128,144164.57728,70.65599999998813,4,4.227483386787142,RankSurprise
microPPN_R_1-3+,4,148676.23936,148718.592,42.352639999997336,148676.23936,148718.592,42.352639999997336,5,8.156052395176513,RankSurprise
microPPN_R_1-3+,4,150716.70272,150752.74752,36.044800000003306,150716.70272,150752.74752,36.044800000003306,3,3.665493748253846,RankSurprise
microPPN_R_1-3+,4,157521.5104,157600.03072,78.52032000001054,157521.5104,157600.03072,78.52032000001054,4,4.094127916185052,RankSurprise
microPPN_R_1-3+,4,161823.08864,161863.63904,40.55040000000736,161823.08864,161863.63904,40.55040000000736,3,3.5105058386148755,RankSurprise
microPPN_R_1-3+,4,198011.24864,198040.08448,28.835839999985183,198011.24864,198040.08448,28.835839999985183,3,3.949483725851435,RankSurprise
microPPN_R_1-3+,4,199025.58208,199344.78336,319.2012800000084,199025.58208,199344.78336,319.2012800000084,7,3.9921798885357704,RankSurprise
microPPN_R_1-3+,4,214126.05952,214424.08448,298.02495999998064,214126.05952,214424.08448,298.02495999998064,7,5.045957013565571,RankSurprise
microPPN_R_1-3+,4,220163.4816,220257.11616,93.63456000000588,220163.4816,220257.11616,93.63456000000588,4,4.1968485038126,RankSurprise
microPPN_R_1-3+,4,221391.70816,221444.34176,52.633600000001024,221391.70816,221444.34176,52.633600000001024,4,5.256319759044221,RankSurprise
microPPN_R_1-3+,4,234332.24192,234348.66688,16.42496000000392,234332.24192,234348.66688,16.42496000000392,3,5.009087725109266,RankSurprise
microPPN_R_1-3+,4,236174.25408,236191.21152,16.957439999998314,236174.25408,236191.21152,16.957439999998314,3,4.910165717407393,RankSurprise
microPPN_R_1-3+,4,239354.92096,239442.00192,87.08096000002115,239354.92096,239442.00192,87.08096000002115,5,5.875829878452208,RankSurprise
microPPN_R_1-3+,4,247938.82624,247944.76544,5.939199999993434,247938.82624,247944.76544,5.939199999993434,3,6.942820683408108,RankSurprise
microPPN_R_1-3+,4,281189.08928,281553.46944,364.3801600000006,281189.08928,281553.46944,364.3801600000006,8,4.690428286994889,RankSurprise
microPPN_R_1-3+,4,291262.99648,291309.568,46.5715200000559,291262.99648,291309.568,46.5715200000559,5,7.793342409971235,RankSurprise
microPPN_R_1-3+,4,315266.82624,315298.2016,31.37535999994725,315266.82624,315298.2016,31.37535999994725,3,3.7537435490782496,RankSurprise
microPPN_R_1-3+,4,317562.88,318487.7568,924.8767999999691,317562.88,318487.7568,924.8767999999691,13,4.233725795824893,RankSurprise
microPPN_R_1-3+,4,330442.9568,330454.95808,12.001280000025872,330442.9568,330454.95808,12.001280000025872,3,5.624289234318448,RankSurprise
microPPN_R_1-3+,4,336306.62656,336402.14528,95.51871999999275,336306.62656,336402.14528,95.51871999999275,4,3.7003783946388786,RankSurprise
microPPN_R_1-3+,4,339466.69056,340353.8432,887.1526399999857,339466.69056,340353.8432,887.1526399999857,14,6.571849408366711,RankSurprise
microPPN_R_1-3+,4,342921.29792,343063.51104,142.21312000002945,342921.29792,343063.51104,142.21312000002945,5,4.9858109341572145,RankSurprise
microPPN_R_1-3+,4,345447.71072,346034.3808,586.6700800000108,345447.71072,346034.3808,586.6700800000108,12,6.93645830875981,RankSurprise
microPPN_R_1-3+,4,351095.93088,351255.10144,159.17055999999866,351095.93088,351255.10144,159.17055999999866,5,3.9782794582552903,RankSurprise
microPPN_R_1-3+,4,354392.43264,354422.62016,30.187519999977667,354392.43264,354422.62016,30.187519999977667,3,3.8335089093965653,RankSurprise
microPPN_R_1-3+,4,355430.89152,355496.83712,65.94559999997728,355430.89152,355496.83712,65.94559999997728,4,4.38090050279364,RankSurprise
microPPN_R_1-3+,4,355801.53856,355821.19936,19.660800000012387,355801.53856,355821.19936,19.660800000012387,4,7.70466400149197,RankSurprise
microPPN_R_1-3+,4,358206.70976,358292.48,85.77023999998346,358206.70976,358292.48,85.77023999998346,4,3.8751115060953865,RankSurprise
microPPN_R_1-3+,4,366814.69952,366840.0128,25.313280000002123,366814.69952,366840.0128,25.313280000002123,4,7.074737249040606,RankSurprise
microPPN_R_1-3+,4,367710.65856,367785.73824,75.07967999996617,367710.65856,367785.73824,75.07967999996617,4,4.209939452140446,RankSurprise
microPPN_R_1-3+,4,374819.92192,374985.56416,165.6422400000156,374819.92192,374985.56416,165.6422400000156,5,3.5474643809780417,RankSurprise
microPPN_R_1-3+,4,391003.17696,391078.66624,75.48927999997977,391003.17696,391078.66624,75.48927999997977,4,4.060654722163029,RankSurprise
microPPN_R_2-3+,4,1638.27712,1727.6928,89.41568000000007,1638.27712,1727.6928,89.41568000000007,4,4.123217378493084,RankSurprise
microPPN_R_2-3+,4,14165.11488,14217.58464,52.46975999999995,14165.11488,14217.58464,52.46975999999995,3,3.51883296436044,RankSurprise
microPPN_R_2-3+,4,21843.06688,21896.06912,53.00224000000162,21843.06688,21896.06912,53.00224000000162,3,3.5310529743158927,RankSurprise
microPPN_R_2-3+,4,22735.21664,22831.3088,96.09216000000015,22735.21664,22831.3088,96.09216000000015,4,3.8226595889535737,RankSurprise
microPPN_R_2-3+,4,23316.8896,23533.19936,216.3097600000001,23316.8896,23533.19936,216.3097600000001,6,4.777616413282727,RankSurprise
microPPN_R_2-3+,4,45297.664,45734.46144,436.7974400000021,45297.664,45734.46144,436.7974400000021,9,5.084481636149426,RankSurprise
microPPN_R_2-3+,4,48171.37664,48309.90336,138.52671999999438,48171.37664,48309.90336,138.52671999999438,5,4.445819121744272,RankSurprise
microPPN_R_2-3+,4,54826.31168,54965.82144,139.50976000000082,54826.31168,54965.82144,139.50976000000082,6,6.710866071931257,RankSurprise
microPPN_R_2-3+,4,58024.09984,58268.91776,244.81791999999405,58024.09984,58268.91776,244.81791999999405,9,9.25920783181141,RankSurprise
microPPN_R_2-3+,4,59504.92672,59867.87328,362.9465599999967,59504.92672,59867.87328,362.9465599999967,8,4.925662020508979,RankSurprise
microPPN_R_2-3+,4,61048.832,61135.79008,86.9580799999967,61048.832,61135.79008,86.9580799999967,5,6.528223833697204,RankSurprise
microPPN_R_2-3+,4,61461.62688,61495.13216,33.50527999999758,61461.62688,61495.13216,33.50527999999758,3,4.554068478539689,RankSurprise
microPPN_R_2-3+,4,62544.77312,62626.11968,81.34656000000541,62544.77312,62626.11968,81.34656000000541,4,4.582445758724994,RankSurprise
microPPN_R_2-3+,4,64222.08512,64249.77408,27.688959999999497,64222.08512,64249.77408,27.688959999999497,3,4.886939212265746,RankSurprise
microPPN_R_2-3+,4,65447.3216,65470.6688,23.34719999999652,65447.3216,65470.6688,23.34719999999652,3,5.356502466926932,RankSurprise
microPPN_R_2-3+,4,68770.89792,69409.13664,638.2387199999939,68770.89792,69409.13664,638.2387199999939,10,4.671072480648372,RankSurprise
microPPN_R_2-3+,4,82151.95648,82198.44608,46.48960000000079,82151.95648,82198.44608,46.48960000000079,3,3.7972407403856234,RankSurprise
microPPN_R_2-3+,4,85403.77088,85742.87872,339.10783999999694,85403.77088,85742.87872,339.10783999999694,9,6.136266831254267,RankSurprise
microPPN_R_2-3+,4,86739.68128,87132.52864,392.84735999999975,86739.68128,87132.52864,392.84735999999975,8,4.749821846278988,RankSurprise
microPPN_R_2-3+,4,91387.24864,91477.64736,90.39871999999741,91387.24864,91477.64736,90.39871999999741,6,9.260159764220866,RankSurprise
microPPN_R_2-3+,4,91911.70048,92916.49024,1004.7897599999997,91911.70048,92916.49024,1004.7897599999997,14,3.7352716047996504,RankSurprise
microPPN_R_2-3+,4,94374.13376,94508.032,133.89824000000954,94374.13376,94508.032,133.89824000000954,5,5.048195793282108,RankSurprise
microPPN_R_2-3+,4,99063.3984,99156.66432,93.26591999999073,99063.3984,99156.66432,93.26591999999073,5,6.358270671619959,RankSurprise
microPPN_R_2-3+,4,99477.79072,100202.00448,724.2137599999987,99477.79072,100202.00448,724.2137599999987,13,5.886084638609333,RankSurprise
microPPN_R_2-3+,4,103369.5232,103400.52992,31.00672000000486,103369.5232,103400.52992,31.00672000000486,3,4.651819469904822,RankSurprise
microPPN_R_2-3+,4,104794.112,104846.37696,52.26496000000043,104794.112,104846.37696,52.26496000000043,4,5.8214847166253705,RankSurprise
microPPN_R_2-3+,4,116914.9952,116962.38592,47.39071999999578,116914.9952,116962.38592,47.39071999999578,3,3.635898897081825,RankSurprise
microPPN_R_2-3+,4,125945.36448,126268.78464,323.4201599999942,125945.36448,126268.78464,323.4201599999942,9,8.080607602104669,RankSurprise
microPPN_R_2-3+,4,129451.49952,129657.93792,206.4383999999991,129451.49952,129657.93792,206.4383999999991,8,8.466586977465386,RankSurprise
microPPN_R_2-3+,4,132307.68128,132359.74144,52.060160000022734,132307.68128,132359.74144,52.060160000022734,5,8.853873764791718,RankSurprise
microPPN_R_2-3+,4,138336.41984,138451.02592,114.60607999999775,138336.41984,138451.02592,114.60607999999775,5,5.272098703981957,RankSurprise
microPPN_R_2-3+,4,141008.52736,141037.28128,28.753919999988284,141008.52736,141037.28128,28.753919999988284,3,4.7773223189565766,RankSurprise
microPPN_R_2-3+,4,142592.2048,142594.62144,2.416639999981271,142592.2048,142594.62144,2.416639999981271,3,10.713814167818642,RankSurprise
microPPN_R_2-3+,4,143743.46752,144239.8208,496.35327999998117,143743.46752,144239.8208,496.35327999998117,9,4.473243509144555,RankSurprise
microPPN_R_2-3+,4,146689.88416,146763.20256,73.3184000000183,146689.88416,146763.20256,73.3184000000183,4,4.7966836580130625,RankSurprise
microPPN_R_2-3+,4,148993.51552,149024.03072,30.51520000002347,148993.51552,149024.03072,30.51520000002347,3,4.588433686647059,RankSurprise
microPPN_R_2-3+,4,149389.06624,149569.82272,180.75648000001092,149389.06624,149569.82272,180.75648000001092,5,3.670871725782522,RankSurprise
microPPN_R_2-3+,4,150366.49472,150705.68448,339.1897600000084,150366.49472,150705.68448,339.1897600000084,7,3.8510299973729394,RankSurprise
microPPN_R_2-3+,4,152629.90336,152794.03008,164.1267200000002,152629.90336,152794.03008,164.1267200000002,5,4.013939159060953,RankSurprise
microPPN_R_2-3+,4,161418.11712,161487.62624,69.50912000000244,161418.11712,161487.62624,69.50912000000244,4,5.296378738177076,RankSurprise
microPPN_R_2-3+,4,166396.35456,166577.5616,181.20703999997932,166396.35456,166577.5616,181.20703999997932,5,4.087719336671665,RankSurprise
microPPN_R_2-3+,4,171411.82464,171445.00224,33.17759999999544,171411.82464,171445.00224,33.17759999999544,3,4.540486044231557,RankSurprise
microPPN_R_2-3+,4,173898.91584,175973.00736,2074.091519999987,173898.91584,175973.00736,2074.091519999987,27,5.817797340551056,RankSurprise
microPPN_R_2-3+,4,177181.73696,177304.86272,123.12575999999535,177181.73696,177304.86272,123.12575999999535,7,9.710317812387757,RankSurprise
microPPN_R_2-3+,4,177814.56896,178893.37344,1078.8044799999916,177814.56896,178893.37344,1078.8044799999916,18,9.845526621486552,RankSurprise
microPPN_R_2-3+,4,179980.77952,180681.40032,700.6207999999751,179980.77952,180681.40032,700.6207999999751,10,3.567070379688193,RankSurprise
microPPN_R_2-3+,4,187973.26336,188429.39392,456.1305599999905,187973.26336,188429.39392,456.1305599999905,10,6.041362688317358,RankSurprise
microPPN_R_2-3+,4,192549.2736,192583.96672,34.69312000001082,192549.2736,192583.96672,34.69312000001082,4,7.5274504461789995,RankSurprise
microPPN_R_2-3+,4,193405.87008,193504.0512,98.18111999999383,193405.87008,193504.0512,98.18111999999383,5,6.034564262652719,RankSurprise
microPPN_R_2-3+,4,194119.68,194433.80224,314.12223999999696,194119.68,194433.80224,314.12223999999696,7,3.769396421234253,RankSurprise
microPPN_R_2-3+,4,197412.41344,197613.40416,200.9907200000016,197412.41344,197613.40416,200.9907200000016,7,6.5040957382626114,RankSurprise
microPPN_R_2-3+,4,198131.17952,198208.75776,77.57824000000255,198131.17952,198208.75776,77.57824000000255,7,13.178363550049212,RankSurprise
microPPN_R_2-3+,4,201465.4464,201528.1152,62.668800000014016,201465.4464,201528.1152,62.668800000014016,4,5.442987973449064,RankSurprise
microPPN_R_2-3+,4,202973.184,203131.41248,158.22847999999067,202973.184,203131.41248,158.22847999999067,5,4.058043761343516,RankSurprise
microPPN_R_2-3+,4,205004.43136,205677.7728,673.3414400000183,205004.43136,205677.7728,673.3414400000183,14,7.2401638557191,RankSurprise
microPPN_R_2-3+,4,207621.24288,207666.7904,45.5475199999928,207621.24288,207666.7904,45.5475199999928,3,3.6402092485829467,RankSurprise
microPPN_R_2-3+,4,208141.59872,208263.08608,121.48735999999917,208141.59872,208263.08608,121.48735999999917,6,7.440636528921232,RankSurprise
microPPN_R_2-3+,4,208640.04096,208665.6,25.55903999999282,208640.04096,208665.6,25.55903999999282,3,5.1260306070253225,RankSurprise
microPPN_R_2-3+,4,212431.0528,212886.77376,455.720960000006,212431.0528,212886.77376,455.720960000006,8,4.187870594622854,RankSurprise
microPPN_R_2-3+,4,213416.67328,214076.33408,659.6608000000124,213416.67328,214076.33408,659.6608000000124,12,6.422458400055042,RankSurprise
microPPN_R_2-3+,4,217510.37952,217595.94496,85.56544000000576,217510.37952,217595.94496,85.56544000000576,5,6.886458950649853,RankSurprise
microPPN_R_2-3+,4,233613.5168,233666.56,53.04319999998552,233613.5168,233666.56,53.04319999998552,4,6.164200206425214,RankSurprise
microPPN_R_2-3+,4,247039.83616,247081.45152,41.615359999996144,247039.83616,247081.45152,41.615359999996144,3,3.7740385927925413,RankSurprise
microPPN_R_2-3+,4,252524.58496,252572.79488,48.20991999999387,252524.58496,252572.79488,48.20991999999387,3,3.7511025314438182,RankSurprise
microPPN_R_2-3+,4,263479.78752,263570.80064,91.0131199999596,263479.78752,263570.80064,91.0131199999596,4,4.228261015898674,RankSurprise
microPPN_R_2-3+,4,279608.9344,279772.7744,163.8399999999674,279608.9344,279772.7744,163.8399999999674,5,3.788894519351228,RankSurprise
microPPN_R_2-3+,4,281015.82848,281128.30464,112.47615999996196,281015.82848,281128.30464,112.47615999996196,4,3.520325273013384,RankSurprise
microPPN_R_2-3+,4,293469.22496,293527.38816,58.16319999995176,293469.22496,293527.38816,58.16319999995176,4,5.754065991417491,RankSurprise
microPPN_R_2-3+,4,326821.92896,326917.61152,95.68255999998655,326821.92896,326917.61152,95.68255999998655,4,3.9845371239049037,RankSurprise
microPPN_R_2-3+,4,332935.08608,333042.03264,106.94656000001123,332935.08608,333042.03264,106.94656000001123,5,5.876205931902728,RankSurprise
microPPN_R_2-3+,4,343036.06784,343067.89376,31.825920000032056,343036.06784,343067.89376,31.825920000032056,3,4.644676582392442,RankSurprise
microPPN_R_2-3+,4,363185.27488,363229.47072,44.19584000000032,363185.27488,363229.47072,44.19584000000032,3,3.9075806281871657,RankSurprise
microPPN_R_2-3+,4,383634.96448,383817.9328,182.9683199999854,383634.96448,383817.9328,182.9683199999854,5,3.9896451163022277,RankSurprise
microPPN_R_4-5+,0,16887.93088,20883.41504,3995.48416,16887.93088,20883.41504,3995.48416,16,8.344347244169208,RankSurprise
microPPN_R_4-5+,0,132423.84384,134224.93696,1801.093120000005,132423.84384,134224.93696,1801.093120000005,9,4.80629945698775,RankSurprise
microPPN_R_4-5+,0,144756.1216,146032.72192,1276.6003199999977,144756.1216,146032.72192,1276.6003199999977,8,6.427984175632093,RankSurprise
microPPN_R_4-5+,0,177658.34752,177707.74528,49.39775999999256,177658.34752,177707.74528,49.39775999999256,3,5.171905459385529,RankSurprise
microPPN_R_4-5+,0,240887.68512,240959.20128,71.51615999999922,240887.68512,240959.20128,71.51615999999922,3,4.424092299959393,RankSurprise
microPPN_R_4-5+,0,286410.05568,286512.66048,102.60480000003008,286410.05568,286512.66048,102.60480000003008,3,3.93780778510952,RankSurprise
microPPN_R_4-5+,0,288980.00896,295164.88704,6184.878079999995,288980.00896,295164.88704,6184.878079999995,30,18.474872312809477,RankSurprise
microPPN_R_4-6+,0,16936.91904,17032.47872,95.55967999999848,16936.91904,17032.47872,95.55967999999848,4,5.931176153333828,RankSurprise
microPPN_R_4-6+,0,38697.53344,39273.02144,575.4879999999976,38697.53344,39273.02144,575.4879999999976,8,6.254689746046912,RankSurprise
microPPN_R_4-6+,0,68352.45056,68417.00352,64.5529600000009,68352.45056,68417.00352,64.5529600000009,3,4.250773928477203,RankSurprise
microPPN_R_4-6+,0,102344.13056,102418.10432,73.97375999999349,102344.13056,102418.10432,73.97375999999349,4,6.588986146747411,RankSurprise
microPPN_R_4-6+,0,103657.59488,103836.38528,178.79039999999804,103657.59488,103836.38528,178.79039999999804,5,6.379645739188547,RankSurprise
microPPN_R_4-6+,0,113428.6848,113709.34272,280.65791999999783,113428.6848,113709.34272,280.65791999999783,6,6.56995261607187,RankSurprise
microPPN_R_4-6+,0,124578.77504,125442.08896,863.3139200000005,124578.77504,125442.08896,863.3139200000005,8,4.882524656301834,RankSurprise
microPPN_R_4-6+,0,137341.05088,137768.18176,427.13088000001153,137341.05088,137768.18176,427.13088000001153,6,5.027867807869498,RankSurprise
microPPN_R_4-6+,0,139337.76896,140186.74688,848.9779200000048,139337.76896,140186.74688,848.9779200000048,11,8.568314879858795,RankSurprise
microPPN_R_4-6+,0,147542.91712,147908.52608,365.6089600000123,147542.91712,147908.52608,365.6089600000123,5,3.698054563864254,RankSurprise
microPPN_R_4-6+,0,178156.62592,179020.47232,863.8464000000095,178156.62592,179020.47232,863.8464000000095,11,8.507947165346835,RankSurprise
microPPN_R_4-6+,0,194542.30528,194654.12608,111.82079999998678,194542.30528,194654.12608,111.82079999998678,4,5.327742413024922,RankSurprise
microPPN_R_4-6+,0,197633.14688,198107.62752,474.4806400000234,197633.14688,198107.62752,474.4806400000234,6,4.250331464738096,RankSurprise
microPPN_R_4-6+,0,211796.41856,211875.38944,78.97088000000804,211796.41856,211875.38944,78.97088000000804,4,6.32955874195323,RankSurprise
microPPN_R_4-6+,0,218389.0944,218576.77312,187.67871999999625,218389.0944,218576.77312,187.67871999999625,4,4.128334417332564,RankSurprise
microPPN_R_4-6+,0,234457.78432,235516.76416,1058.9798399999854,234457.78432,235516.76416,1058.9798399999854,10,5.7315526428222725,RankSurprise
microPPN_R_4-6+,0,246520.25856,247244.26752,724.0089600000065,246520.25856,247244.26752,724.0089600000065,12,11.456541979332819,RankSurprise
microPPN_R_4-6+,0,265338.63424,265521.47968,182.8454400000046,265338.63424,265521.47968,182.8454400000046,4,4.086020374297451,RankSurprise
microPPN_R_4-6+,0,289014.08768,290067.61984,1053.5321600000025,289014.08768,290067.61984,1053.5321600000025,13,10.124338364396639,RankSurprise
microPPN_R_4-6+,0,292000.89088,292017.9712,17.080320000008214,292000.89088,292017.9712,17.080320000008214,4,10.887196862503103,RankSurprise
microPPN_R_4-6+,0,294377.75872,295763.968,1386.20928000001,294377.75872,295763.968,1386.20928000001,19,17.670224345926723,RankSurprise
microPPN_R_4-6+,0,321222.57408,321901.19936,678.6252800000366,321222.57408,321901.19936,678.6252800000366,6,3.6617366499683244,RankSurprise
microPPN_R_4-6+,0,324418.88768,324530.09408,111.20640000002459,324418.88768,324530.09408,111.20640000002459,4,5.552025534371872,RankSurprise
microPPN_R_4-6+,0,363842.1504,364158.03392,315.88352000003215,363842.1504,364158.03392,315.88352000003215,5,4.038818803730159,RankSurprise
microPPN_R_4-6+,0,383479.02976,386283.60192,2804.5721599999815,383479.02976,386283.60192,2804.5721599999815,19,7.9369081557525085,RankSurprise
microPPN_R_4-6+,3,17670.43072,18971.72992,1301.2992000000013,17670.43072,18971.72992,1301.2992000000013,12,5.836030119736674,RankSurprise
microPPN_R_4-6+,3,40480.60416,40875.008,394.40383999999904,40480.60416,40875.008,394.40383999999904,6,4.313829134000837,RankSurprise
microPPN_R_4-6+,3,96571.88352,97946.37824,1374.4947200000024,96571.88352,97946.37824,1374.4947200000024,12,5.373916208567331,RankSurprise
microPPN_R_4-6+,3,112396.9024,113707.99104,1311.0886399999872,112396.9024,113707.99104,1311.0886399999872,12,6.140998275316088,RankSurprise
microPPN_R_4-6+,3,123737.12896,124358.98368,621.854720000003,123737.12896,124358.98368,621.854720000003,7,3.6042598803007744,RankSurprise
microPPN_R_4-6+,3,130333.45024,130522.43968,188.98943999999028,130333.45024,130522.43968,188.98943999999028,4,3.6592094727168174,RankSurprise
microPPN_R_4-6+,3,131531.28448,133754.59328,2223.308799999999,131531.28448,133754.59328,2223.308799999999,16,5.455613556456374,RankSurprise
microPPN_R_4-6+,3,141159.66976,141272.63744,112.96768000000156,141159.66976,141272.63744,112.96768000000156,4,4.902041587908581,RankSurprise
microPPN_R_4-6+,3,145935.36,146064.62976,129.2697600000247,145935.36,146064.62976,129.2697600000247,5,6.749159731784765,RankSurprise
microPPN_R_4-6+,3,150279.7824,150280.97024,1.1878399999986868,150279.7824,150280.97024,1.1878399999986868,3,11.422930733108757,RankSurprise
microPPN_R_4-6+,3,161231.872,161250.34496,18.472959999984596,161231.872,161250.34496,18.472959999984596,3,6.2806825522106084,RankSurprise
microPPN_R_4-6+,3,162386.78016,163006.6688,619.8886400000192,162386.78016,163006.6688,619.8886400000192,8,6.92238689079781,RankSurprise
microPPN_R_4-6+,3,171117.60896,171321.71264,204.10368000000017,171117.60896,171321.71264,204.10368000000017,5,4.998273365427728,RankSurprise
microPPN_R_4-6+,3,175017.69728,177726.83264,2709.1353600000148,175017.69728,177726.83264,2709.1353600000148,20,8.053234950333772,RankSurprise
microPPN_R_4-6+,3,201638.21568,202026.76224,388.54656000001705,201638.21568,202026.76224,388.54656000001705,6,4.5625107355937145,RankSurprise
microPPN_R_4-6+,3,230808.20736,231148.50304,340.2956800000102,230808.20736,231148.50304,340.2956800000102,6,4.893209632799284,RankSurprise
microPPN_R_4-6+,3,231882.46528,233899.95008,2017.4848000000056,231882.46528,233899.95008,2017.4848000000056,24,14.891341392753663,RankSurprise
microPPN_R_4-6+,3,235792.50688,236244.09088,451.58400000000256,235792.50688,236244.09088,451.58400000000256,7,5.017058950065943,RankSurprise
microPPN_R_4-6+,3,246520.38144,247294.52544,774.1440000000002,246520.38144,247294.52544,774.1440000000002,11,7.564790358548363,RankSurprise
microPPN_R_4-6+,3,284392.48896,284473.83552,81.34656000003451,284392.48896,284473.83552,81.34656000003451,3,3.5295079244746432,RankSurprise
microPPN_R_4-6+,3,289176.08448,291467.83744,2291.7529599999543,289176.08448,291467.83744,2291.7529599999543,22,10.363818965712163,RankSurprise
microPPN_R_4-6+,3,294318.81728,294871.61344,552.796159999969,294318.81728,294871.61344,552.796159999969,13,13.848755722640929,RankSurprise
microPPN_R_4-6+,3,309233.29536,309324.3904,91.0950399999856,309233.29536,309324.3904,91.0950399999856,4,5.349783529925414,RankSurprise
microPPN_R_4-6+,3,323646.17728,324738.62144,1092.4441600000137,323646.17728,324738.62144,1092.4441600000137,12,6.566357533513402,RankSurprise
microPPN_R_4-6+,3,349784.14592,349849.51808,65.37216000002809,349784.14592,349849.51808,65.37216000002809,3,3.7387906749966184,RankSurprise
microPPN_R_4-6+,3,352048.90624,352171.04896,122.14272000000346,352048.90624,352171.04896,122.14272000000346,6,9.232265622194905,RankSurprise
microPPN_R_4-6+,3,376675.1232,376721.85856,46.735360000049695,376675.1232,376721.85856,46.735360000049695,3,4.404081406621032,RankSurprise
microPPN_R_4-6+,3,380714.27072,380792.54528,78.27456000004895,380714.27072,380792.54528,78.27456000004895,4,5.768045907477777,RankSurprise
microVoSTN_L_1-2+,1,731.79136,761.97888,30.18751999999995,731.79136,761.97888,30.18751999999995,3,4.480642935773506,RankSurprise
microVoSTN_L_1-2+,1,11223.90016,11265.55648,41.65632000000005,11223.90016,11265.55648,41.65632000000005,3,3.716121950612571,RankSurprise
microVoSTN_L_1-2+,1,12102.36928,12132.18816,29.8188799999989,12102.36928,12132.18816,29.8188799999989,4,8.268023980306026,RankSurprise
microVoSTN_L_1-2+,1,22637.1584,22731.69408,94.53568000000087,22637.1584,22731.69408,94.53568000000087,5,6.167991070484312,RankSurprise
microVoSTN_L_1-2+,1,28720.25088,28952.33024,232.07935999999972,28720.25088,28952.33024,232.07935999999972,6,4.3590695626750975,RankSurprise
microVoSTN_L_1-2+,1,35487.04768,35527.84384,40.79615999999805,35487.04768,35527.84384,40.79615999999805,3,3.7605682695400837,RankSurprise
microVoSTN_L_1-2+,1,51881.7792,52628.76672,746.9875200000024,51881.7792,52628.76672,746.9875200000024,11,3.8681732996333635,RankSurprise
microVoSTN_L_1-2+,1,58356.24448,58386.0224,29.77792000000045,58356.24448,58386.0224,29.77792000000045,3,4.528052667162484,RankSurprise
microVoSTN_L_1-2+,1,59264.73728,59300.78208,36.04479999999603,59264.73728,59300.78208,36.04479999999603,3,4.088372369627667,RankSurprise
microVoSTN_L_1-2+,1,60198.37952,60229.59104,31.21151999999711,60198.37952,60229.59104,31.21151999999711,3,4.32845656791017,RankSurprise
microVoSTN_L_1-2+,1,62173.71648,62755.71712,582.0006399999984,62173.71648,62755.71712,582.0006399999984,13,8.195732692052008,RankSurprise
microVoSTN_L_1-2+,1,64715.12064,64960.79872,245.67807999999786,64715.12064,64960.79872,245.67807999999786,8,6.939234589630851,RankSurprise
microVoSTN_L_1-2+,1,66026.86464,66269.83936,242.97471999999834,66026.86464,66269.83936,242.97471999999834,6,3.846968120879201,RankSurprise
microVoSTN_L_1-2+,1,66746.04032,67130.49088,384.4505599999975,66746.04032,67130.49088,384.4505599999975,10,7.308831564938183,RankSurprise
microVoSTN_L_1-2+,1,68887.67488,68959.39584,71.72095999999146,68887.67488,68959.39584,71.72095999999146,4,5.073089355029886,RankSurprise
microVoSTN_L_1-2+,1,73907.2,73959.17824,51.97823999999673,73907.2,73959.17824,51.97823999999673,5,8.70740434613522,RankSurprise
microVoSTN_L_1-2+,1,86852.73088,87151.98464,299.2537599999923,86852.73088,87151.98464,299.2537599999923,7,4.491300562746901,RankSurprise
microVoSTN_L_1-2+,1,91847.4752,92156.928,309.4527999999991,91847.4752,92156.928,309.4527999999991,7,4.708141699420225,RankSurprise
microVoSTN_L_1-2+,1,94389.94432,94836.9408,446.9964800000016,94389.94432,94836.9408,446.9964800000016,9,4.915349569443444,RankSurprise
microVoSTN_L_1-2+,1,103222.39488,103331.4304,109.03551999999036,103222.39488,103331.4304,109.03551999999036,4,3.5875557296107736,RankSurprise
microVoSTN_L_1-2+,1,114731.45856,115246.94016,515.4815999999992,114731.45856,115246.94016,515.4815999999992,10,4.642129355471831,RankSurprise
microVoSTN_L_1-2+,1,115984.87552,116013.91616,29.04063999999198,115984.87552,116013.91616,29.04063999999198,3,4.55218574489373,RankSurprise
microVoSTN_L_1-2+,1,123122.72896,123604.91008,482.1811200000084,123122.72896,123604.91008,482.1811200000084,8,3.7599847756117524,RankSurprise
microVoSTN_L_1-2+,1,129165.76256,129194.43456,28.671999999991385,129165.76256,129194.43456,28.671999999991385,3,4.510142059804062,RankSurprise
microVoSTN_L_1-2+,1,130412.09344,130709.13536,297.0419200000033,130412.09344,130709.13536,297.0419200000033,6,3.6825810617925434,RankSurprise
microVoSTN_L_1-2+,1,131659.03872,132032.26624,373.2275199999858,131659.03872,132032.26624,373.2275199999858,10,7.12746924981284,RankSurprise
microVoSTN_L_1-2+,1,132338.688,133483.84768,1145.1596800000116,132338.688,133483.84768,1145.1596800000116,22,12.071891337717904,RankSurprise
microVoSTN_L_1-2+,1,135151.53408,135780.27008,628.7359999999753,135151.53408,135780.27008,628.7359999999753,10,3.876958521073684,RankSurprise
microVoSTN_L_1-2+,1,137683.92704,138426.85952,742.9324799999886,137683.92704,138426.85952,742.9324799999886,15,8.275059101398181,RankSurprise
microVoSTN_L_1-2+,1,141685.02272,141883.1872,198.16447999997763,141685.02272,141883.1872,198.16447999997763,9,10.734344492418245,RankSurprise
microVoSTN_L_1-2+,1,143090.52416,144195.54304,1105.0188799999887,143090.52416,144195.54304,1105.0188799999887,18,7.143245515843517,RankSurprise
microVoSTN_L_1-2+,1,147285.93408,147468.86144,182.9273600000015,147285.93408,147468.86144,182.9273600000015,6,5.103578975238413,RankSurprise
microVoSTN_L_1-2+,1,149360.2304,149712.93696,352.70655999999144,149360.2304,149712.93696,352.70655999999144,8,4.915017106289918,RankSurprise
microVoSTN_L_1-2+,1,151235.66592,151276.05248,40.38656000001356,151235.66592,151276.05248,40.38656000001356,4,6.585897039909707,RankSurprise
microVoSTN_L_1-2+,1,152607.86688,152687.57504,79.70816000000923,152607.86688,152687.57504,79.70816000000923,4,4.698760759228602,RankSurprise
microVoSTN_L_1-2+,1,153802.09664,154303.8976,501.8009599999932,153802.09664,154303.8976,501.8009599999932,11,6.813271826089876,RankSurprise
microVoSTN_L_1-2+,1,158139.06432,158345.74848,206.68416000000434,158139.06432,158345.74848,206.68416000000434,5,3.6459926218914553,RankSurprise
microVoSTN_L_1-2+,1,159605.26848,160367.37024,762.1017599999905,159605.26848,160367.37024,762.1017599999905,13,5.48608142121673,RankSurprise
microVoSTN_L_1-2+,1,162086.2976,162133.23776,46.940159999998286,162086.2976,162133.23776,46.940159999998286,4,6.246376912277906,RankSurprise
microVoSTN_L_1-2+,1,169171.18976,169197.1584,25.968639999977313,169171.18976,169197.1584,25.968639999977313,3,4.888503254607626,RankSurprise
microVoSTN_L_1-2+,1,172066.85696,172091.67872,24.821759999991627,172066.85696,172091.67872,24.821759999991627,3,4.9320622886386705,RankSurprise
microVoSTN_L_1-2+,1,175435.12064,175532.032,96.91135999999824,175435.12064,175532.032,96.91135999999824,4,3.982999296104264,RankSurprise
microVoSTN_L_1-2+,1,175883.79648,176589.66016,705.8636800000095,175883.79648,176589.66016,705.8636800000095,14,7.031854220060721,RankSurprise
microVoSTN_L_1-2+,1,180047.17568,180114.10432,66.92864000002737,180047.17568,180114.10432,66.92864000002737,5,7.592832197945484,RankSurprise
microVoSTN_L_1-2+,1,182772.03968,182785.92512,13.88544000001275,182772.03968,182785.92512,13.88544000001275,3,6.389336904332106,RankSurprise
microVoSTN_L_1-2+,1,190008.19712,190047.47776,39.28064000001177,190008.19712,190047.47776,39.28064000001177,3,3.9399843230910747,RankSurprise
microVoSTN_L_1-2+,1,190407.14752,190427.9552,20.807679999998072,190407.14752,190427.9552,20.807679999998072,3,5.525862473676636,RankSurprise
microVoSTN_L_1-2+,1,194451.456,194513.79712,62.34111999999732,194451.456,194513.79712,62.34111999999732,4,5.252004373313305,RankSurprise
microVoSTN_L_1-2+,1,201725.05088,201751.42912,26.37823999999091,201725.05088,201751.42912,26.37823999999091,3,4.804131959967616,RankSurprise
microVoSTN_L_1-2+,1,210078.35136,210341.43744,263.0860800000082,210078.35136,210341.43744,263.0860800000082,6,3.6825810617925434,RankSurprise
microVoSTN_L_1-2+,1,211936.33792,212217.856,281.5180800000089,211936.33792,212217.856,281.5180800000089,10,9.682391903192924,RankSurprise
microVoSTN_L_1-2+,1,223468.05248,223530.35264,62.30015999998432,223468.05248,223530.35264,62.30015999998432,4,5.3499550082532,RankSurprise
microVoSTN_L_1-2+,1,240408.00256,240451.50208,43.499520000012126,240408.00256,240451.50208,43.499520000012126,3,3.748348259584631,RankSurprise
microVoSTN_L_1-2+,1,242774.09792,242950.63552,176.53760000001057,242774.09792,242950.63552,176.53760000001057,5,3.5830765847329182,RankSurprise
microVoSTN_L_1-2+,1,243618.4064,243859.6608,241.25440000000526,243618.4064,243859.6608,241.25440000000526,6,4.405800438783962,RankSurprise
microVoSTN_L_1-2+,1,263564.4928,263606.19008,41.69727999996394,263564.4928,263606.19008,41.69727999996394,3,3.7402428703630157,RankSurprise
microVoSTN_L_1-2+,1,281230.90944,281281.57696,50.66751999995904,281230.90944,281281.57696,50.66751999995904,4,5.951968122915492,RankSurprise
microVoSTN_L_1-2+,1,282129.408,283064.9344,935.5264000000316,282129.408,283064.9344,935.5264000000316,13,3.900652282130137,RankSurprise
microVoSTN_L_1-2+,1,286710.25152,286740.97152,30.720000000030268,286710.25152,286740.97152,30.720000000030268,3,4.528052667162484,RankSurprise
microVoSTN_L_1-2+,1,291255.25504,291361.01376,105.75871999998344,291255.25504,291361.01376,105.75871999998344,5,5.648549907997499,RankSurprise
microVoSTN_L_1-2+,1,309149.16352,309181.19424,32.03071999998065,309149.16352,309181.19424,32.03071999998065,3,4.333891363896125,RankSurprise
microVoSTN_L_1-2+,1,312958.89408,313116.42624,157.53216000000248,312958.89408,313116.42624,157.53216000000248,5,4.134377842924238,RankSurprise
microVoSTN_L_1-2+,1,315167.70304,315207.10656,39.40351999999257,315167.70304,315207.10656,39.40351999999257,3,3.9045459216542913,RankSurprise
microVoSTN_L_1-2+,1,315936.68608,315982.88896,46.202879999997094,315936.68608,315982.88896,46.202879999997094,4,6.148760406437827,RankSurprise
microVoSTN_L_1-2+,1,318911.32416,319024.16896,112.84479999996256,318911.32416,319024.16896,112.84479999996256,4,3.5803470726787445,RankSurprise
microVoSTN_L_1-2+,1,324571.83232,324615.24992,43.41759999998612,324571.83232,324615.24992,43.41759999998612,3,3.764658254791609,RankSurprise
microVoSTN_L_1-2+,1,340132.20864,340211.63008,79.42143999994732,340132.20864,340211.63008,79.42143999994732,4,4.552556066058493,RankSurprise
microVoSTN_L_1-2+,1,341281.25952,341327.58528,46.32575999997789,341281.25952,341327.58528,46.32575999997789,3,3.5476011086004426,RankSurprise
microVoSTN_L_1-2+,1,347073.61792,347109.86752,36.24960000003921,347073.61792,347109.86752,36.24960000003921,3,4.003553888016732,RankSurprise
microVoSTN_L_1-2+,1,359402.86464,359680.73728,277.87264000001596,359402.86464,359680.73728,277.87264000001596,7,5.018560399280401,RankSurprise
microVoSTN_L_1-2+,1,361539.9936,361577.30816,37.314560000027996,361539.9936,361577.30816,37.314560000027996,3,4.040807634925841,RankSurprise
microVoSTN_L_1-2+,1,361846.00576,361926.69696,80.69120000000112,361846.00576,361926.69696,80.69120000000112,4,4.483662879767291,RankSurprise
microVoSTN_L_1-2+,1,389388.0832,389598.0032,209.9199999999837,389388.0832,389598.0032,209.9199999999837,6,4.498521345144184,RankSurprise
microVoSTN_L_1-2+,2,6646.33344,7058.39104,412.0576000000001,6646.33344,7058.39104,412.0576000000001,10,4.155552719787608,RankSurprise
microVoSTN_L_1-2+,2,8245.248,8355.92192,110.67392000000109,8245.248,8355.92192,110.67392000000109,5,4.065137684372555,RankSurprise
microVoSTN_L_1-2+,2,9570.79552,9687.12192,116.32639999999992,9570.79552,9687.12192,116.32639999999992,5,3.867849957245909,RankSurprise
microVoSTN_L_1-2+,2,10465.52576,10536.96,71.43423999999868,10465.52576,10536.96,71.43423999999868,5,6.135707155255986,RankSurprise
microVoSTN_L_1-2+,2,13219.34848,13249.90464,30.55616000000009,13219.34848,13249.90464,30.55616000000009,3,3.9548654294155927,RankSurprise
microVoSTN_L_1-2+,2,16758.12864,16784.50688,26.378240000001824,16758.12864,16784.50688,26.378240000001824,3,4.475908942564777,RankSurprise
microVoSTN_L_1-2+,2,20141.50656,20174.6432,33.13663999999699,20141.50656,20174.6432,33.13663999999699,3,3.651840646893005,RankSurprise
microVoSTN_L_1-2+,2,22745.12896,22797.06624,51.93728000000192,22745.12896,22797.06624,51.93728000000192,5,7.428806562747379,RankSurprise
microVoSTN_L_1-2+,2,47613.952,47647.82592,33.873920000005455,47613.952,47647.82592,33.873920000005455,3,3.724831239295261,RankSurprise
microVoSTN_L_1-2+,2,48252.39552,48431.80032,179.4048000000039,48252.39552,48431.80032,179.4048000000039,6,3.750454620039653,RankSurprise
microVoSTN_L_1-2+,2,49307.77088,49337.05728,29.286400000004505,49307.77088,49337.05728,29.286400000004505,3,3.9452654048394553,RankSurprise
microVoSTN_L_1-2+,2,49496.80128,49514.61888,17.81760000000213,49496.80128,49514.61888,17.81760000000213,3,5.919202747649072,RankSurprise
microVoSTN_L_1-2+,2,50181.20192,50192.54784,11.34591999999975,50181.20192,50192.54784,11.34591999999975,3,7.258947080678899,RankSurprise
microVoSTN_L_1-2+,2,52108.98432,52135.15776,26.173439999998664,52108.98432,52135.15776,26.173439999998664,3,4.434712797673283,RankSurprise
microVoSTN_L_1-2+,2,58669.71136,58696.41728,26.705920000000333,58669.71136,58696.41728,26.705920000000333,3,4.218494538405588,RankSurprise
microVoSTN_L_1-2+,2,59190.31296,59243.15136,52.83840000000055,59190.31296,59243.15136,52.83840000000055,5,7.524443403390006,RankSurprise
microVoSTN_L_1-2+,2,63218.97472,63293.56288,74.58815999999933,63218.97472,63293.56288,74.58815999999933,5,5.925604320711972,RankSurprise
microVoSTN_L_1-2+,2,64281.96864,64570.61376,288.64512000000104,64281.96864,64570.61376,288.64512000000104,11,9.342300723845524,RankSurprise
microVoSTN_L_1-2+,2,65362.24768,65861.14048,498.89280000000144,65362.24768,65861.14048,498.89280000000144,12,4.519924789771273,RankSurprise
microVoSTN_L_1-2+,2,68880.13824,69165.50656,285.3683199999941,68880.13824,69165.50656,285.3683199999941,8,3.895685820616838,RankSurprise
microVoSTN_L_1-2+,2,70195.93728,70366.0032,170.0659200000082,70195.93728,70366.0032,170.0659200000082,6,3.7822919108264417,RankSurprise
microVoSTN_L_1-2+,2,72798.12608,72828.47744,30.351360000000568,72798.12608,72828.47744,30.351360000000568,4,6.839865121959022,RankSurprise
microVoSTN_L_1-2+,2,74607.45216,74733.40416,125.95200000000477,74607.45216,74733.40416,125.95200000000477,6,5.153807416894971,RankSurprise
microVoSTN_L_1-2+,2,84198.1952,84227.35872,29.16352000000188,84198.1952,84227.35872,29.16352000000188,3,3.977446329133567,RankSurprise
microVoSTN_L_1-2+,2,85397.05344,85471.31392,74.26047999999719,85397.05344,85471.31392,74.26047999999719,4,3.6593914662860385,RankSurprise
microVoSTN_L_1-2+,2,91386.59328,91406.5408,19.947520000001532,91386.59328,91406.5408,19.947520000001532,3,4.704982202062661,RankSurprise
microVoSTN_L_1-2+,2,94005.248,94041.4976,36.24959999999555,94005.248,94041.4976,36.24959999999555,3,3.52888939298437,RankSurprise
microVoSTN_L_1-2+,2,94260.06016,94288.19968,28.139520000011544,94260.06016,94288.19968,28.139520000011544,3,4.160780838539093,RankSurprise
microVoSTN_L_1-2+,2,96205.4144,96383.13984,177.72544000000926,96205.4144,96383.13984,177.72544000000926,8,7.100366930259239,RankSurprise
microVoSTN_L_1-2+,2,98469.84704,98487.86944,18.022400000001653,98469.84704,98487.86944,18.022400000001653,3,6.326264816365358,RankSurprise
microVoSTN_L_1-2+,2,114770.08384,114795.64288,25.55903999999282,114770.08384,114795.64288,25.55903999999282,4,8.909197093614686,RankSurprise
microVoSTN_L_1-2+,2,122729.75872,122839.8592,110.10048000000825,122729.75872,122839.8592,110.10048000000825,5,3.905331497448671,RankSurprise
microVoSTN_L_1-2+,2,126981.03808,127118.90944,137.87136000000464,126981.03808,127118.90944,137.87136000000464,5,3.559232053899521,RankSurprise
microVoSTN_L_1-2+,2,129843.36384,130029.03552,185.67167999999947,129843.36384,130029.03552,185.67167999999947,6,3.6849327827233305,RankSurprise
microVoSTN_L_1-2+,2,133072.85504,133538.77504,465.9200000000128,133072.85504,133538.77504,465.9200000000128,11,3.8178582018310383,RankSurprise
microVoSTN_L_1-2+,2,135423.54944,135714.28352,290.7340799999947,135423.54944,135714.28352,290.7340799999947,9,5.4477701929379005,RankSurprise
microVoSTN_L_1-2+,2,137120.39936,137266.3808,145.9814400000032,137120.39936,137266.3808,145.9814400000032,6,4.587465988302061,RankSurprise
microVoSTN_L_1-2+,2,138567.39328,138691.74784,124.35456000000704,138567.39328,138691.74784,124.35456000000704,8,10.387475193952056,RankSurprise
microVoSTN_L_1-2+,2,141851.648,142000.00512,148.35712000000058,141851.648,142000.00512,148.35712000000058,7,6.570780818083357,RankSurprise
microVoSTN_L_1-2+,2,147745.46432,147864.28928,118.8249599999981,147745.46432,147864.28928,118.8249599999981,6,6.359003841587878,RankSurprise
microVoSTN_L_1-2+,2,148105.6256,148222.81216,117.18656000000192,148105.6256,148222.81216,117.18656000000192,6,6.280094092331616,RankSurprise
microVoSTN_L_1-2+,2,149069.98784,150299.4432,1229.4553600000218,149069.98784,150299.4432,1229.4553600000218,24,5.777122480770734,RankSurprise
microVoSTN_L_1-2+,2,150661.28384,150822.5024,161.21856000000844,150661.28384,150822.5024,161.21856000000844,6,4.496298640715226,RankSurprise
microVoSTN_L_1-2+,2,153096.15104,153150.38208,54.23104000001331,153096.15104,153150.38208,54.23104000001331,4,4.819271970036695,RankSurprise
microVoSTN_L_1-2+,2,156561.98144,156638.16704,76.18559999999707,156561.98144,156638.16704,76.18559999999707,5,5.597472950216616,RankSurprise
microVoSTN_L_1-2+,2,161716.59264,161733.95968,17.36704000001191,161716.59264,161733.95968,17.36704000001191,3,6.49029234761081,RankSurprise
microVoSTN_L_1-2+,2,162996.87936,163060.98176,64.1024000000034,162996.87936,163060.98176,64.1024000000034,4,4.34245770515583,RankSurprise
microVoSTN_L_1-2+,2,163297.40288,163312.2304,14.827519999991637,163297.40288,163312.2304,14.827519999991637,3,7.007632652397993,RankSurprise
microVoSTN_L_1-2+,2,165985.28,166029.76256,44.482560000004014,165985.28,166029.76256,44.482560000004014,4,5.576539842158901,RankSurprise
microVoSTN_L_1-2+,2,170243.52256,170458.03008,214.50751999998465,170243.52256,170458.03008,214.50751999998465,7,4.757244619526769,RankSurprise
microVoSTN_L_1-2+,2,172368.2816,172409.81504,41.533439999999246,172368.2816,172409.81504,41.533439999999246,4,5.826106522465462,RankSurprise
microVoSTN_L_1-2+,2,173175.27552,173250.27328,74.99775999999838,173175.27552,173250.27328,74.99775999999838,4,3.6611473929883047,RankSurprise
microVoSTN_L_1-2+,2,174727.45472,174851.6864,124.23167999999714,174727.45472,174851.6864,124.23167999999714,6,5.2527530093039445,RankSurprise
microVoSTN_L_1-2+,2,175315.06688,175390.55616,75.48928000000888,175315.06688,175390.55616,75.48928000000888,4,3.508760822569581,RankSurprise
microVoSTN_L_1-2+,2,175844.63872,175871.34464,26.70592000000761,175844.63872,175871.34464,26.70592000000761,3,4.434712797673283,RankSurprise
microVoSTN_L_1-2+,2,177036.9024,177539.93216,503.0297600000049,177036.9024,177539.93216,503.0297600000049,12,4.852238743294853,RankSurprise
microVoSTN_L_1-2+,2,178471.7312,178491.31008,19.578879999986384,178471.7312,178491.31008,19.578879999986384,3,5.802745233779515,RankSurprise
microVoSTN_L_1-2+,2,179762.9952,180000.1536,237.1583999999857,179762.9952,180000.1536,237.1583999999857,7,4.104338374803125,RankSurprise
microVoSTN_L_1-2+,2,181877.06368,181926.7072,49.64352000001236,181877.06368,181926.7072,49.64352000001236,4,5.1064949339691665,RankSurprise
microVoSTN_L_1-2+,2,182933.87264,183197.36832,263.4956800000218,182933.87264,183197.36832,263.4956800000218,8,4.271660897042068,RankSurprise
microVoSTN_L_1-2+,2,187785.91232,187914.36288,128.4505599999975,187785.91232,187914.36288,128.4505599999975,6,5.282129288831172,RankSurprise
microVoSTN_L_1-2+,2,188925.87008,189105.64352,179.77344000001904,188925.87008,189105.64352,179.77344000001904,7,5.70356601534311,RankSurprise
microVoSTN_L_1-2+,2,193171.90656,193200.08704,28.180480000009993,193171.90656,193200.08704,28.180480000009993,3,4.251705661901825,RankSurprise
microVoSTN_L_1-2+,2,193893.29408,193978.368,85.07391999999527,193893.29408,193978.368,85.07391999999527,5,5.24129148432856,RankSurprise
microVoSTN_L_1-2+,2,194610.66752,194679.76704,69.09952000001795,194610.66752,194679.76704,69.09952000001795,4,4.255558043711957,RankSurprise
microVoSTN_L_1-2+,2,196758.528,196783.06304,24.535040000017034,196758.528,196783.06304,24.535040000017034,3,4.308313264624912,RankSurprise
microVoSTN_L_1-2+,2,198567.56736,198593.61792,26.050560000003316,198567.56736,198593.61792,26.050560000003316,4,9.022418966398725,RankSurprise
microVoSTN_L_1-2+,2,199749.34528,199927.97184,178.62656000000425,199749.34528,199927.97184,178.62656000000425,9,9.233375508120142,RankSurprise
microVoSTN_L_1-2+,2,203348.66432,203525.03808,176.37375999998767,203348.66432,203525.03808,176.37375999998767,6,3.5312150593999383,RankSurprise
microVoSTN_L_1-2+,2,206538.752,206560.54272,21.79071999998996,206538.752,206560.54272,21.79071999998996,3,5.273358447805409,RankSurprise
microVoSTN_L_1-2+,2,209724.8256,209910.21056,185.38495999999577,209724.8256,209910.21056,185.38495999999577,6,3.9171263546818635,RankSurprise
microVoSTN_L_1-2+,2,212514.97984,212718.91968,203.93983999997727,212514.97984,212718.91968,203.93983999997727,7,5.213377479059126,RankSurprise
microVoSTN_L_1-2+,2,213381.40672,213444.52608,63.11936000001151,213381.40672,213444.52608,63.11936000001151,4,4.234220819968634,RankSurprise
microVoSTN_L_1-2+,2,217758.9248,217906.9952,148.07039999999688,217758.9248,217906.9952,148.07039999999688,6,4.607112198155401,RankSurprise
microVoSTN_L_1-2+,2,218585.2928,218623.46752,38.174720000009984,218585.2928,218623.46752,38.174720000009984,4,6.324313521252332,RankSurprise
microVoSTN_L_1-2+,2,218749.99296,218764.9024,14.909439999988535,218749.99296,218764.9024,14.909439999988535,3,7.242280028193688,RankSurprise
microVoSTN_L_1-2+,2,224730.48064,224752.64,22.15936000001966,224730.48064,224752.64,22.15936000001966,3,4.663410211100439,RankSurprise
microVoSTN_L_1-2+,2,225574.17472,225606.16448,31.98975999999675,225574.17472,225606.16448,31.98975999999675,3,3.7334272454775306,RankSurprise
microVoSTN_L_1-2+,2,225830.05184,225858.19136,28.139519999996992,225830.05184,225858.19136,28.139519999996992,3,4.225827275053289,RankSurprise
microVoSTN_L_1-2+,2,231710.59712,231730.09408,19.49696000001859,231710.59712,231730.09408,19.49696000001859,3,5.893670370411732,RankSurprise
microVoSTN_L_1-2+,2,234977.44384,235090.82112,113.37728000001516,234977.44384,235090.82112,113.37728000001516,6,6.1074838372909,RankSurprise
microVoSTN_L_1-2+,2,237799.66976,237862.5024,62.832640000007814,237799.66976,237862.5024,62.832640000007814,4,4.179443999278664,RankSurprise
microVoSTN_L_1-2+,2,244611.6864,244637.0816,25.395199999999022,244611.6864,244637.0816,25.395199999999022,3,4.578386116163882,RankSurprise
microVoSTN_L_1-2+,2,257708.4416,257757.92128,49.47968000001856,257708.4416,257757.92128,49.47968000001856,4,5.175529661964699,RankSurprise
microVoSTN_L_1-2+,2,258390.91712,258486.59968,95.68256000001566,258390.91712,258486.59968,95.68256000001566,5,4.6516754801342834,RankSurprise
microVoSTN_L_1-2+,2,260053.97504,260224.73728,170.76224000001093,260053.97504,260224.73728,170.76224000001093,6,3.8882782499922195,RankSurprise
microVoSTN_L_1-2+,2,261553.60256,261628.23168,74.62911999999778,261553.60256,261628.23168,74.62911999999778,6,8.694427372067757,RankSurprise
microVoSTN_L_1-2+,2,262911.22176,263222.31296,311.0912000000244,262911.22176,263222.31296,311.0912000000244,8,3.542488303482243,RankSurprise
microVoSTN_L_1-2+,2,264189.41952,264314.14272,124.72320000000764,264189.41952,264314.14272,124.72320000000764,5,3.6232891331678587,RankSurprise
microVoSTN_L_1-2+,2,265853.09184,265902.24384,49.15200000000186,265853.09184,265902.24384,49.15200000000186,4,5.1581214784720615,RankSurprise
microVoSTN_L_1-2+,2,267066.32704,267297.09568,230.76864000002388,267066.32704,267297.09568,230.76864000002388,7,3.5553417559768303,RankSurprise
microVoSTN_L_1-2+,2,267669.79072,267743.35488,73.564160000009,267669.79072,267743.35488,73.564160000009,4,3.669942476061582,RankSurprise
microVoSTN_L_1-2+,2,268644.02432,268702.18752,58.16319999995176,268644.02432,268702.18752,58.16319999995176,4,4.757888724675997,RankSurprise
microVoSTN_L_1-2+,2,269329.24416,269601.83296,272.5888000000268,269329.24416,269601.83296,272.5888000000268,9,5.591761786812979,RankSurprise
microVoSTN_L_1-2+,2,275575.02976,275970.70336,395.67359999998007,275575.02976,275970.70336,395.67359999998007,10,4.326086389496788,RankSurprise
microVoSTN_L_1-2+,2,277079.57248,277301.69856,222.12608000001637,277079.57248,277301.69856,222.12608000001637,8,5.222144555084694,RankSurprise
microVoSTN_L_1-2+,2,284624.52736,284855.66464,231.13727999996627,284624.52736,284855.66464,231.13727999996627,8,5.2478926829069135,RankSurprise
microVoSTN_L_1-2+,2,285485.21984,285513.56416,28.344320000032894,285485.21984,285513.56416,28.344320000032894,3,4.090904682490544,RankSurprise
microVoSTN_L_1-2+,2,288035.51232,288115.38432,79.87200000003213,288035.51232,288115.38432,79.87200000003213,4,3.5104307366787637,RankSurprise
microVoSTN_L_1-2+,2,296371.56864,296406.91712,35.34847999998601,296371.56864,296406.91712,35.34847999998601,3,3.660127955520883,RankSurprise
microVoSTN_L_1-2+,2,298736.35328,299038.80192,302.4486400000169,298736.35328,299038.80192,302.4486400000169,11,8.478912320059948,RankSurprise
microVoSTN_L_1-2+,2,300924.35456,300938.0352,13.680639999976847,300924.35456,300938.0352,13.680639999976847,3,6.668984136354185,RankSurprise
microVoSTN_L_1-2+,2,306700.57472,306732.4416,31.866880000045057,306700.57472,306732.4416,31.866880000045057,3,3.7711095393791343,RankSurprise
microVoSTN_L_1-2+,2,315773.21472,315893.67808,120.46335999999428,315773.21472,315893.67808,120.46335999999428,6,5.292538732987808,RankSurprise
microVoSTN_L_1-2+,2,324023.5008,324050.1248,26.62400000001071,324023.5008,324050.1248,26.62400000001071,3,4.354782000650399,RankSurprise
microVoSTN_L_1-2+,2,326923.71456,326976.22528,52.51072000002023,326923.71456,326976.22528,52.51072000002023,4,4.921778709353607,RankSurprise
microVoSTN_L_1-2+,2,327254.79424,327519.51872,264.7244799999753,327254.79424,327519.51872,264.7244799999753,8,4.213373291457558,RankSurprise
microVoSTN_L_1-2+,2,328374.39488,328492.72832,118.33344000001671,328374.39488,328492.72832,118.33344000001671,5,4.208779718190602,RankSurprise
microVoSTN_L_1-2+,2,335037.35808,335064.92416,27.5660800000187,335037.35808,335064.92416,27.5660800000187,3,4.189429516078755,RankSurprise
microVoSTN_L_1-2+,2,349472.07168,349515.776,43.704320000018924,349472.07168,349515.776,43.704320000018924,4,5.589873208414232,RankSurprise
microVoSTN_L_1-2+,2,349942.00576,349960.11008,18.104320000042208,349942.00576,349960.11008,18.104320000042208,3,6.264243928603969,RankSurprise
microVoSTN_L_1-2+,2,354401.15712,354434.33472,33.17759999999544,354401.15712,354434.33472,33.17759999999544,3,3.6740169069246296,RankSurprise
microVoSTN_L_1-2+,2,355992.61696,356130.32448,137.7075199999963,355992.61696,356130.32448,137.7075199999963,6,4.629877321069728,RankSurprise
microVoSTN_L_1-2+,2,359058.39104,359085.38368,26.992640000011306,359058.39104,359085.38368,26.992640000011306,3,4.293060555293403,RankSurprise
microVoSTN_L_1-2+,2,359597.62944,359627.03872,29.40928000002168,359597.62944,359627.03872,29.40928000002168,3,4.1360455216175485,RankSurprise
microVoSTN_L_1-2+,2,360095.1296,360282.19392,187.06432000000495,360095.1296,360282.19392,187.06432000000495,7,5.284197467770081,RankSurprise
microVoSTN_L_1-2+,2,376727.7568,376973.35296,245.59616000001552,376727.7568,376973.35296,245.59616000001552,9,6.632961964529266,RankSurprise
microVoSTN_L_1-2+,2,381081.6,381153.23904,71.63904000003822,381081.6,381153.23904,71.63904000003822,4,3.648877434441175,RankSurprise
microVoSTN_L_1-2+,2,392192.6144,392262.4512,69.83679999999003,392192.6144,392262.4512,69.83679999999003,4,3.892944061688766,RankSurprise
microVoSTN_L_1-2+,2,393303.61344,393658.28608,354.6726400000043,393303.61344,393658.28608,354.6726400000043,9,4.441466525402502,RankSurprise
microVoSTN_L_1-3+,0,3548.48768,3581.58336,33.0956799999999,3548.48768,3581.58336,33.0956799999999,3,4.269462663973412,RankSurprise
microVoSTN_L_1-3+,0,9663.36512,9687.12192,23.756799999999203,9663.36512,9687.12192,23.756799999999203,3,5.281072885295288,RankSurprise
microVoSTN_L_1-3+,0,11860.45952,11895.15264,34.69311999999991,11860.45952,11895.15264,34.69311999999991,3,3.958388989999774,RankSurprise
microVoSTN_L_1-3+,0,13675.02848,13757.68576,82.65727999999945,13675.02848,13757.68576,82.65727999999945,4,3.753372797402527,RankSurprise
microVoSTN_L_1-3+,0,15685.0176,15749.89824,64.88064000000122,15685.0176,15749.89824,64.88064000000122,4,4.67174957629501,RankSurprise
microVoSTN_L_1-3+,0,16423.36256,16676.12672,252.7641599999988,16423.36256,16676.12672,252.7641599999988,7,4.2075201638933715,RankSurprise
microVoSTN_L_1-3+,0,17939.53792,17965.38368,25.845760000000155,17939.53792,17965.38368,25.845760000000155,3,4.828354892336579,RankSurprise
microVoSTN_L_1-3+,0,19079.41376,19180.46208,101.0483200000017,19079.41376,19180.46208,101.0483200000017,5,4.997043010597885,RankSurprise
microVoSTN_L_1-3+,0,23061.54496,23094.8864,33.34144000000015,23061.54496,23094.8864,33.34144000000015,3,3.9806733623190933,RankSurprise
microVoSTN_L_1-3+,0,24435.34336,24449.06496,13.721600000000763,24435.34336,24449.06496,13.721600000000763,3,7.514426186720012,RankSurprise
microVoSTN_L_1-3+,0,27991.57248,28027.65824,36.085760000001756,27991.57248,28027.65824,36.085760000001756,3,3.9073378622888857,RankSurprise
microVoSTN_L_1-3+,0,28558.29504,28653.32224,95.02720000000045,28558.29504,28653.32224,95.02720000000045,5,5.267575362934625,RankSurprise
microVoSTN_L_1-3+,0,42154.5984,42169.05728,14.458879999998317,42154.5984,42169.05728,14.458879999998317,3,7.770598480939581,RankSurprise
microVoSTN_L_1-3+,0,42746.30656,42798.32576,52.019200000002456,42746.30656,42798.32576,52.019200000002456,4,5.4265014140518595,RankSurprise
microVoSTN_L_1-3+,0,47832.064,47999.3856,167.32160000000295,47832.064,47999.3856,167.32160000000295,5,3.5349017673346985,RankSurprise
microVoSTN_L_1-3+,0,48414.84288,48431.75936,16.916479999999865,48414.84288,48431.75936,16.916479999999865,3,7.697416863645991,RankSurprise
microVoSTN_L_1-3+,0,50921.63584,50946.82624,25.1903999999995,50921.63584,50946.82624,25.1903999999995,3,4.988678431270918,RankSurprise
microVoSTN_L_1-3+,0,62197.67808,62216.192,18.513920000004873,62197.67808,62216.192,18.513920000004873,3,6.963791981907116,RankSurprise
microVoSTN_L_1-3+,0,64245.67808,64330.30144,84.62336000000505,64245.67808,64330.30144,84.62336000000505,5,5.936234608102968,RankSurprise
microVoSTN_L_1-3+,0,65486.11072,65676.94336,190.8326400000078,65486.11072,65676.94336,190.8326400000078,6,3.857381689840933,RankSurprise
microVoSTN_L_1-3+,0,70642.0736,70717.19424,75.12063999999373,70642.0736,70717.19424,75.12063999999373,4,4.191978322271659,RankSurprise
microVoSTN_L_1-3+,0,72615.3216,72828.43648,213.11488000000827,72615.3216,72828.43648,213.11488000000827,6,3.640151347859294,RankSurprise
microVoSTN_L_1-3+,0,78913.49504,79149.6704,236.17536000000837,78913.49504,79149.6704,236.17536000000837,6,3.7482111034603958,RankSurprise
microVoSTN_L_1-3+,0,81856.88064,81876.5824,19.701759999996284,81856.88064,81876.5824,19.701759999996284,3,6.14457055194328,RankSurprise
microVoSTN_L_1-3+,0,83582.40256,83616.9728,34.57024000000092,83582.40256,83616.9728,34.57024000000092,3,4.084144806156898,RankSurprise
microVoSTN_L_1-3+,0,84198.1952,84234.32192,36.126720000000205,84198.1952,84234.32192,36.126720000000205,4,7.120846344748962,RankSurprise
microVoSTN_L_1-3+,0,89166.11072,89246.47424,80.36351999999897,89166.11072,89246.47424,80.36351999999897,4,3.962434094174718,RankSurprise
microVoSTN_L_1-3+,0,91847.43424,91931.11552,83.68128000000434,91847.43424,91931.11552,83.68128000000434,4,3.8962062151660533,RankSurprise
microVoSTN_L_1-3+,0,95218.19648,95255.87968,37.68319999999949,95218.19648,95255.87968,37.68319999999949,3,3.8365965687926593,RankSurprise
microVoSTN_L_1-3+,0,96172.4416,96383.09888,210.65727999999945,96172.4416,96383.09888,210.65727999999945,8,6.589199971275129,RankSurprise
microVoSTN_L_1-3+,0,99424.0512,99782.61504,358.56384000000253,99424.0512,99782.61504,358.56384000000253,9,5.048708906629671,RankSurprise
microVoSTN_L_1-3+,0,101323.40736,101479.17824,155.7708799999964,101323.40736,101479.17824,155.7708799999964,5,3.5207229391837025,RankSurprise
microVoSTN_L_1-3+,0,104254.50496,104284.61056,30.10559999999532,104254.50496,104284.61056,30.10559999999532,3,4.492929776229891,RankSurprise
microVoSTN_L_1-3+,0,106852.18816,106969.12896,116.94079999999667,106852.18816,106969.12896,116.94079999999667,5,4.507377256572433,RankSurprise
microVoSTN_L_1-3+,0,117940.67456,118676.80768,736.1331199999986,117940.67456,118676.80768,736.1331199999986,13,3.5726901592554503,RankSurprise
microVoSTN_L_1-3+,0,123182.61248,123246.71488,64.1024000000034,123182.61248,123246.71488,64.1024000000034,4,4.568914067068661,RankSurprise
microVoSTN_L_1-3+,0,126915.25632,126942.78144,27.5251200000057,126915.25632,126942.78144,27.5251200000057,3,4.648396728517531,RankSurprise
microVoSTN_L_1-3+,0,127325.3888,127692.75904,367.37024000000383,127325.3888,127692.75904,367.37024000000383,9,5.036231821575999,RankSurprise
microVoSTN_L_1-3+,0,128048.20992,128122.2656,74.05568000000494,128048.20992,128122.2656,74.05568000000494,4,4.078489565641739,RankSurprise
microVoSTN_L_1-3+,0,128792.33024,128826.61376,34.283519999997225,128792.33024,128826.61376,34.283519999997225,3,4.13998099052929,RankSurprise
microVoSTN_L_1-3+,0,130869.78048,131029.36064,159.5801599999977,130869.78048,131029.36064,159.5801599999977,5,3.523869449295592,RankSurprise
microVoSTN_L_1-3+,0,133116.76416,133515.63264,398.86848000000464,133116.76416,133515.63264,398.86848000000464,9,4.9797000339330735,RankSurprise
microVoSTN_L_1-3+,0,135572.64384,135714.32448,141.68064000000595,135572.64384,135714.32448,141.68064000000595,5,3.645308798416014,RankSurprise
microVoSTN_L_1-3+,0,136845.88544,137020.57984,174.6943999999785,136845.88544,137020.57984,174.6943999999785,6,4.587643037765523,RankSurprise
microVoSTN_L_1-3+,0,137548.22656,137592.79104,44.56448000000091,137548.22656,137592.79104,44.56448000000091,4,5.79763078946921,RankSurprise
microVoSTN_L_1-3+,0,138560.14336,138639.64672,79.50336000000243,138560.14336,138639.64672,79.50336000000243,4,3.872284369268087,RankSurprise
microVoSTN_L_1-3+,0,141961.78944,142000.00512,38.21567999999388,141961.78944,142000.00512,38.21567999999388,3,3.7851357159800383,RankSurprise
microVoSTN_L_1-3+,0,144972.34944,145106.5344,134.18496000001323,144972.34944,145106.5344,134.18496000001323,6,5.671389583162096,RankSurprise
microVoSTN_L_1-3+,0,146728.1408,146972.95872,244.81792000000132,146728.1408,146972.95872,244.81792000000132,7,4.101065421986521,RankSurprise
microVoSTN_L_1-3+,0,147425.97632,147445.10464,19.128320000017993,147425.97632,147445.10464,19.128320000017993,3,6.699839659300572,RankSurprise
microVoSTN_L_1-3+,0,149527.552,149588.13184,60.579839999991236,149527.552,149588.13184,60.579839999991236,4,5.125731335887732,RankSurprise
microVoSTN_L_1-3+,0,150271.54944,150299.40224,27.852799999993294,150271.54944,150299.40224,27.852799999993294,3,4.586774294130299,RankSurprise
microVoSTN_L_1-3+,0,156528.0256,156638.12608,110.1004799999937,156528.0256,156638.12608,110.1004799999937,5,4.617560234341944,RankSurprise
microVoSTN_L_1-3+,0,158484.35712,158629.84704,145.4899199999927,158484.35712,158629.84704,145.4899199999927,5,3.6291177185507912,RankSurprise
microVoSTN_L_1-3+,0,161313.5872,161383.8336,70.24640000000363,161313.5872,161383.8336,70.24640000000363,4,4.28000423611665,RankSurprise
microVoSTN_L_1-3+,0,162403.61472,162442.6496,39.03487999999197,162403.61472,162442.6496,39.03487999999197,3,3.768272197674923,RankSurprise
microVoSTN_L_1-3+,0,163047.6288,163101.65504,54.02624000000651,163047.6288,163101.65504,54.02624000000651,4,5.2431304268733,RankSurprise
microVoSTN_L_1-3+,0,164281.63072,164310.71232,29.081600000004983,164281.63072,164310.71232,29.081600000004983,3,4.5716608481116,RankSurprise
microVoSTN_L_1-3+,0,167556.95616,167962.09152,405.13535999998567,167556.95616,167962.09152,405.13535999998567,10,5.715313608450944,RankSurprise
microVoSTN_L_1-3+,0,168476.672,168912.65024,435.97823999999673,168476.672,168912.65024,435.97823999999673,9,3.6933276126662515,RankSurprise
microVoSTN_L_1-3+,0,170706.90304,170926.40768,219.5046399999992,170706.90304,170926.40768,219.5046399999992,9,8.312293775701773,RankSurprise
microVoSTN_L_1-3+,0,173241.5488,173453.06624,211.517439999996,173241.5488,173453.06624,211.517439999996,6,3.754046789560919,RankSurprise
microVoSTN_L_1-3+,0,175883.79648,175924.38784,40.59136000002036,175883.79648,175924.38784,40.59136000002036,3,3.660402847117263,RankSurprise
microVoSTN_L_1-3+,0,177451.45856,177524.69504,73.2364799999923,177451.45856,177524.69504,73.2364799999923,4,4.139429185794558,RankSurprise
microVoSTN_L_1-3+,0,177860.608,178121.27744,260.66943999999785,177860.608,178121.27744,260.66943999999785,7,3.906816698966927,RankSurprise
microVoSTN_L_1-3+,0,178471.69024,178491.35104,19.660800000012387,178471.69024,178491.35104,19.660800000012387,3,6.505913912624701,RankSurprise
microVoSTN_L_1-3+,0,182480.4864,182514.40128,33.91487999999663,182480.4864,182514.40128,33.91487999999663,3,4.18911350258273,RankSurprise
microVoSTN_L_1-3+,0,185040.19968,185078.70208,38.50239999999758,185040.19968,185078.70208,38.50239999999758,3,3.6828030956132434,RankSurprise
microVoSTN_L_1-3+,0,185662.50496,185932.75904,270.25408000001335,185662.50496,185932.75904,270.25408000001335,8,4.786750655416392,RankSurprise
microVoSTN_L_1-3+,0,187695.80032,187810.69312,114.89280000000144,187695.80032,187810.69312,114.89280000000144,5,4.596925670498219,RankSurprise
microVoSTN_L_1-3+,0,189170.97472,189197.9264,26.951679999998305,189170.97472,189197.9264,26.951679999998305,3,4.7336294840624,RankSurprise
microVoSTN_L_1-3+,0,192022.40512,192550.2976,527.8924799999804,192022.40512,192550.2976,527.8924799999804,13,7.143123680914509,RankSurprise
microVoSTN_L_1-3+,0,192849.01888,192983.6544,134.63552000001073,192849.01888,192983.6544,134.63552000001073,5,4.080203331737341,RankSurprise
microVoSTN_L_1-3+,0,195191.84896,195324.1088,132.25983999998425,195191.84896,195324.1088,132.25983999998425,5,3.8877566393516965,RankSurprise
microVoSTN_L_1-3+,0,200508.33408,200591.72864,83.39455999998609,200508.33408,200591.72864,83.39455999998609,5,5.8847869206965875,RankSurprise
microVoSTN_L_1-3+,0,210313.70752,210341.43744,27.7299200000125,210313.70752,210341.43744,27.7299200000125,3,4.717369202040198,RankSurprise
microVoSTN_L_1-3+,0,210765.25056,210847.9488,82.698240000027,210765.25056,210847.9488,82.698240000027,4,3.807996173029469,RankSurprise
microVoSTN_L_1-3+,0,211843.76832,211904.59392,60.825600000011036,211843.76832,211904.59392,60.825600000011036,4,4.749080873929508,RankSurprise
microVoSTN_L_1-3+,0,218560.47104,218623.42656,62.95551999998861,218560.47104,218623.42656,62.95551999998861,5,7.560254739289199,RankSurprise
microVoSTN_L_1-3+,0,226157.81376,226214.0928,56.27904000002309,226157.81376,226214.0928,56.27904000002309,4,5.212500525894399,RankSurprise
microVoSTN_L_1-3+,0,227305.02144,227419.46368,114.44223999997484,227305.02144,227419.46368,114.44223999997484,4,3.5191758364945223,RankSurprise
microVoSTN_L_1-3+,0,227763.28192,227824.35328,61.07136000000173,227763.28192,227824.35328,61.07136000000173,4,4.683081041262298,RankSurprise
microVoSTN_L_1-3+,0,234942.01344,235230.6176,288.60415999998804,234942.01344,235230.6176,288.60415999998804,10,7.490684474278105,RankSurprise
microVoSTN_L_1-3+,0,246111.19104,246317.79328,206.60224000000744,246111.19104,246317.79328,206.60224000000744,7,5.932281992731128,RankSurprise
microVoSTN_L_1-3+,0,253943.72608,253969.24416,25.518080000008922,253943.72608,253969.24416,25.518080000008922,3,4.9277907873287585,RankSurprise
microVoSTN_L_1-3+,0,254164.09088,254245.23264,81.14175999999861,254164.09088,254245.23264,81.14175999999861,4,3.759624972569604,RankSurprise
microVoSTN_L_1-3+,0,254684.73344,254708.77696,24.043519999977434,254684.73344,254708.77696,24.043519999977434,3,5.273929997782908,RankSurprise
microVoSTN_L_1-3+,0,257072.90624,257890.18112,817.2748799999827,257072.90624,257890.18112,817.2748799999827,15,4.157609370127071,RankSurprise
microVoSTN_L_1-3+,0,258818.99008,258920.8576,101.86751999999979,258818.99008,258920.8576,101.86751999999979,5,5.040496857643472,RankSurprise
microVoSTN_L_1-3+,0,261553.60256,261638.06208,84.45952000000398,261553.60256,261638.06208,84.45952000000398,5,5.8933157139612575,RankSurprise
microVoSTN_L_1-3+,0,267669.79072,268218.24512,548.4543999999878,267669.79072,268218.24512,548.4543999999878,11,4.524756770304194,RankSurprise
microVoSTN_L_1-3+,0,269444.38272,269578.40384,134.02111999999033,269444.38272,269578.40384,134.02111999999033,5,3.8860332438368204,RankSurprise
microVoSTN_L_1-3+,0,271622.3488,271866.83904,244.49024000001373,271622.3488,271866.83904,244.49024000001373,7,4.5314170445789355,RankSurprise
microVoSTN_L_1-3+,0,274942.52544,274973.40928,30.883840000024065,274942.52544,274973.40928,30.883840000024065,3,4.184972709916698,RankSurprise
microVoSTN_L_1-3+,0,298856.36608,299044.0448,187.67871999996714,298856.36608,299044.0448,187.67871999996714,5,3.5554714369405467,RankSurprise
microVoSTN_L_1-3+,0,302632.26368,302689.93536,57.67168000002857,302632.26368,302689.93536,57.67168000002857,4,5.411991093505794,RankSurprise
microVoSTN_L_1-3+,0,313859.56352,313947.38176,87.81823999999324,313859.56352,313947.38176,87.81823999999324,4,3.6210133196476804,RankSurprise
microVoSTN_L_1-3+,0,315893.67808,316038.06208,144.38400000002002,315893.67808,316038.06208,144.38400000002002,7,7.16205833141661,RankSurprise
microVoSTN_L_1-3+,0,320685.62944,320768.53248,82.9030400000047,320685.62944,320768.53248,82.9030400000047,4,3.7120213370541855,RankSurprise
microVoSTN_L_1-3+,0,324010.96704,324038.53312,27.566079999960493,324010.96704,324038.53312,27.566079999960493,3,4.602002818626179,RankSurprise
microVoSTN_L_1-3+,0,328374.43584,328464.42496,89.98911999998381,328374.43584,328464.42496,89.98911999998381,4,3.687481315316255,RankSurprise
microVoSTN_L_1-3+,0,336218.5216,336242.56512,24.043520000006538,336218.5216,336242.56512,24.043520000006538,3,5.273929997782908,RankSurprise
microVoSTN_L_1-3+,0,339585.06496,339610.74688,25.68192000000272,339585.06496,339610.74688,25.68192000000272,3,4.921802745484134,RankSurprise
microVoSTN_L_1-3+,0,344849.16224,344880.78336,31.621120000025257,344849.16224,344880.78336,31.621120000025257,3,4.380355946834284,RankSurprise
microVoSTN_L_1-3+,0,345720.13568,345989.16096,269.02528000000166,345720.13568,345989.16096,269.02528000000166,8,5.323457697272655,RankSurprise
microVoSTN_L_1-3+,0,346585.53856,346622.5664,37.027839999995194,346585.53856,346622.5664,37.027839999995194,3,3.882292792252521,RankSurprise
microVoSTN_L_1-3+,0,348608.1024,349104.49664,496.3942400000524,348608.1024,349104.49664,496.3942400000524,10,3.8805090846809165,RankSurprise
microVoSTN_L_1-3+,0,351050.30144,351321.04704,270.74559999996563,351050.30144,351321.04704,270.74559999996563,8,5.251202665678163,RankSurprise
microVoSTN_L_1-3+,0,351576.10496,351720.61184,144.50688000000082,351576.10496,351720.61184,144.50688000000082,6,5.162059187192639,RankSurprise
microVoSTN_L_1-3+,0,352155.93472,352176.78336,20.84863999998197,352155.93472,352176.78336,20.84863999998197,3,6.177904914153062,RankSurprise
microVoSTN_L_1-3+,0,354234.12224,354434.33472,200.2124799999874,354234.12224,354434.33472,200.2124799999874,6,4.382160100934025,RankSurprise
microVoSTN_L_1-3+,0,355385.87648,355421.92128,36.04480000003241,355385.87648,355421.92128,36.04480000003241,3,3.788525549734551,RankSurprise
microVoSTN_L_1-3+,0,357784.1664,357812.87936,28.71296000003349,357784.1664,357812.87936,28.71296000003349,3,4.384922164813867,RankSurprise
microVoSTN_L_1-3+,0,360114.74944,360164.1472,49.39776000002166,360114.74944,360164.1472,49.39776000002166,4,5.793518377916115,RankSurprise
microVoSTN_L_1-3+,0,362097.13152,362156.19584,59.064320000004955,362097.13152,362156.19584,59.064320000004955,4,5.076790570818755,RankSurprise
microVoSTN_L_1-3+,0,370352.37376,370386.5344,34.16064000001643,370352.37376,370386.5344,34.16064000001643,3,4.12386809750973,RankSurprise
microVoSTN_L_1-3+,0,372483.31776,372569.4976,86.17983999999706,372483.31776,372569.4976,86.17983999999706,4,3.5520900189659272,RankSurprise
microVoSTN_L_1-3+,0,374896.51712,374973.19424,76.67712000000756,374896.51712,374973.19424,76.67712000000756,4,4.011947614768076,RankSurprise
microVoSTN_L_1-3+,0,378212.06528,378331.50464,119.4393600000185,378212.06528,378331.50464,119.4393600000185,6,6.7645489960356855,RankSurprise
microVoSTN_L_1-3+,0,383833.12896,383933.80864,100.6796800000011,383833.12896,383933.80864,100.6796800000011,5,5.581362643148896,RankSurprise
microVoSTN_L_1-3+,0,389172.10112,389571.584,399.4828799999668,389172.10112,389571.584,399.4828799999668,9,3.85917832907136,RankSurprise
microVoSTN_L_1-3+,3,4347.45344,4395.13088,47.67743999999948,4347.45344,4395.13088,47.67743999999948,3,3.737607830770605,RankSurprise
microVoSTN_L_1-3+,3,7889.18272,7937.92512,48.74240000000009,7889.18272,7937.92512,48.74240000000009,3,3.694748987106191,RankSurprise
microVoSTN_L_1-3+,3,16131.97312,16186.85952,54.88639999999941,16131.97312,16186.85952,54.88639999999941,3,3.6071772787852066,RankSurprise
microVoSTN_L_1-3+,3,22745.16992,23020.78976,275.6198399999994,22745.16992,23020.78976,275.6198399999994,7,5.904863255839189,RankSurprise
microVoSTN_L_1-3+,3,24306.40128,24891.1872,584.7859200000021,24306.40128,24891.1872,584.7859200000021,8,3.765875240514635,RankSurprise
microVoSTN_L_1-3+,3,38073.18016,38308.20864,235.02847999999358,38073.18016,38308.20864,235.02847999999358,5,3.5787755228024025,RankSurprise
microVoSTN_L_1-3+,3,45467.4432,45589.42208,121.97887999999512,45467.4432,45589.42208,121.97887999999512,4,3.580119198853133,RankSurprise
microVoSTN_L_1-3+,3,58356.28544,58407.28064,50.99519999999757,58356.28544,58407.28064,50.99519999999757,3,3.662037932914709,RankSurprise
microVoSTN_L_1-3+,3,61366.64064,61742.08,375.43936000000394,61366.64064,61742.08,375.43936000000394,7,4.708696175365031,RankSurprise
microVoSTN_L_1-3+,3,62648.19712,62699.35616,51.159040000005916,62648.19712,62699.35616,51.159040000005916,3,3.6759914967527525,RankSurprise
microVoSTN_L_1-3+,3,64120.87296,64920.00256,799.1296000000002,64120.87296,64920.00256,799.1296000000002,15,8.55199881887935,RankSurprise
microVoSTN_L_1-3+,3,65349.38624,65466.73664,117.35040000000299,65349.38624,65466.73664,117.35040000000299,4,3.899698391926666,RankSurprise
microVoSTN_L_1-3+,3,66617.50784,66656.37888,38.871039999998175,66617.50784,66656.37888,38.871039999998175,3,4.005014909360975,RankSurprise
microVoSTN_L_1-3+,3,68887.63392,68914.66752,27.033600000009756,68887.63392,68914.66752,27.033600000009756,3,5.088127203114487,RankSurprise
microVoSTN_L_1-3+,3,82803.01568,83233.3824,430.36672000000544,82803.01568,83233.3824,430.36672000000544,9,5.920773706402266,RankSurprise
microVoSTN_L_1-3+,3,92503.16288,92547.93216,44.76927999999316,92503.16288,92547.93216,44.76927999999316,4,6.9777671820661595,RankSurprise
microVoSTN_L_1-3+,3,93898.87488,94059.3152,160.44031999999424,93898.87488,94059.3152,160.44031999999424,5,4.669196947987462,RankSurprise
microVoSTN_L_1-3+,3,95398.13376,95533.21984,135.08608000000822,95398.13376,95533.21984,135.08608000000822,6,7.20093930819997,RankSurprise
microVoSTN_L_1-3+,3,100056.39168,100513.91488,457.523199999996,100056.39168,100513.91488,457.523199999996,8,3.9651573526997117,RankSurprise
microVoSTN_L_1-3+,3,110137.63072,110271.0784,133.4476799999975,110137.63072,110271.0784,133.4476799999975,5,5.22801644683943,RankSurprise
microVoSTN_L_1-3+,3,135511.8592,135533.32224,21.463040000002366,135511.8592,135533.32224,21.463040000002366,3,6.0083826830899,RankSurprise
microVoSTN_L_1-3+,3,147931.83232,148222.81216,290.9798400000145,147931.83232,148222.81216,290.9798400000145,6,4.316704138022574,RankSurprise
microVoSTN_L_1-3+,3,149917.65504,149954.19136,36.5363199999847,149917.65504,149954.19136,36.5363199999847,3,4.1357435163688425,RankSurprise
microVoSTN_L_1-3+,3,150791.53664,150850.72384,59.18719999998575,150791.53664,150850.72384,59.18719999998575,4,5.749555925434613,RankSurprise
microVoSTN_L_1-3+,3,156733.31712,156779.60192,46.28479999999399,156733.31712,156779.60192,46.28479999999399,3,3.690043096068779,RankSurprise
microVoSTN_L_1-3+,3,159145.94304,159790.85824,644.9151999999885,159145.94304,159790.85824,644.9151999999885,9,4.096213830669407,RankSurprise
microVoSTN_L_1-3+,3,163297.40288,163319.72608,22.323199999984354,163297.40288,163319.72608,22.323199999984354,3,5.677730772887292,RankSurprise
microVoSTN_L_1-3+,3,165199.99488,165395.16928,195.17439999998896,165199.99488,165395.16928,195.17439999998896,5,3.7983356512052673,RankSurprise
microVoSTN_L_1-3+,3,165958.98368,166059.78624,100.8025599999819,165958.98368,166059.78624,100.8025599999819,4,4.043048249183855,RankSurprise
microVoSTN_L_1-3+,3,173533.10208,173628.90752,95.80543999999645,173533.10208,173628.90752,95.80543999999645,4,4.389314832679187,RankSurprise
microVoSTN_L_1-3+,3,175315.10784,175517.9008,202.79295999999158,175315.10784,175517.9008,202.79295999999158,5,3.6537850779635193,RankSurprise
microVoSTN_L_1-3+,3,177876.25472,178007.28576,131.03104000000167,177876.25472,178007.28576,131.03104000000167,6,7.782414166320706,RankSurprise
microVoSTN_L_1-3+,3,178792.93952,178816.69632,23.756799999973737,178792.93952,178816.69632,23.756799999973737,3,5.566590010489266,RankSurprise
microVoSTN_L_1-3+,3,180919.86944,180938.1376,18.268159999977797,180919.86944,180938.1376,18.268159999977797,3,5.993457032873225,RankSurprise
microVoSTN_L_1-3+,3,181877.06368,182438.33856,561.2748800000118,181877.06368,182438.33856,561.2748800000118,10,5.094325348391381,RankSurprise
microVoSTN_L_1-3+,3,184966.67648,185094.02112,127.3446399999957,184966.67648,185094.02112,127.3446399999957,4,3.6175297785335623,RankSurprise
microVoSTN_L_1-3+,3,193084.12928,193208.36096,124.23167999999714,193084.12928,193208.36096,124.23167999999714,4,3.7537823062006517,RankSurprise
microVoSTN_L_1-3+,3,203084.75904,203239.0144,154.255359999981,203084.75904,203239.0144,154.255359999981,6,6.695458060873314,RankSurprise
microVoSTN_L_1-3+,3,203866.43968,203880.20224,13.76256000000285,203866.43968,203880.20224,13.76256000000285,3,7.913502259956813,RankSurprise
microVoSTN_L_1-3+,3,206445.7728,206560.54272,114.76991999999154,206445.7728,206560.54272,114.76991999999154,6,8.185417682125127,RankSurprise
microVoSTN_L_1-3+,3,206969.93792,207070.86336,100.9254399999918,206969.93792,207070.86336,100.9254399999918,4,4.341016526490776,RankSurprise
microVoSTN_L_1-3+,3,218234.79808,218931.69152,696.8934399999853,218234.79808,218931.69152,696.8934399999853,10,4.1669813731117005,RankSurprise
microVoSTN_L_1-3+,3,224256.0,224267.71456,11.714559999993071,224256.0,224267.71456,11.714559999993071,3,7.372371286695493,RankSurprise
microVoSTN_L_1-3+,3,226277.21216,226534.11328,256.901119999995,226277.21216,226534.11328,256.901119999995,6,4.212678490390645,RankSurprise
microVoSTN_L_1-3+,3,231796.89984,231838.96576,42.06591999999364,231796.89984,231838.96576,42.06591999999364,3,4.183294152365635,RankSurprise
microVoSTN_L_1-3+,3,237489.88928,238507.8272,1017.9379199999967,237489.88928,238507.8272,1017.9379199999967,12,4.205159778209124,RankSurprise
microVoSTN_L_1-3+,3,244611.6864,244758.97856,147.2921599999827,244611.6864,244758.97856,147.2921599999827,6,6.626702122549865,RankSurprise
microVoSTN_L_1-3+,3,248865.91488,249048.96512,183.0502400000114,248865.91488,249048.96512,183.0502400000114,6,5.79990076427665,RankSurprise
microVoSTN_L_1-3+,3,274820.05504,274843.40224,23.347200000018347,274820.05504,274843.40224,23.347200000018347,4,9.375297836228352,RankSurprise
microVoSTN_L_1-3+,3,280288.01024,280710.71744,422.7072000000044,280288.01024,280710.71744,422.7072000000044,8,4.598018450493794,RankSurprise
microVoSTN_L_1-3+,3,282095.28832,282141.40928,46.1209600000293,282095.28832,282141.40928,46.1209600000293,3,3.8978940694941944,RankSurprise
microVoSTN_L_1-3+,3,283012.7104,284980.71552,1968.0051200000453,283012.7104,284980.71552,1968.0051200000453,24,7.104785123637674,RankSurprise
microVoSTN_L_1-3+,3,287401.53344,287775.70304,374.1695999999647,287401.53344,287775.70304,374.1695999999647,7,4.420711001218912,RankSurprise
microVoSTN_L_1-3+,3,290493.35808,290528.01024,34.65215999999782,290493.35808,290528.01024,34.65215999999782,3,4.392345563215679,RankSurprise
microVoSTN_L_1-3+,3,297135.06304,297618.2272,483.1641600000439,297135.06304,297618.2272,483.1641600000439,8,4.403733384052494,RankSurprise
microVoSTN_L_1-3+,3,304116.65408,304136.15104,19.49696000001859,304116.65408,304136.15104,19.49696000001859,3,6.479172166992976,RankSurprise
microVoSTN_L_1-3+,3,318901.00224,318989.63968,88.63744000002043,318901.00224,318989.63968,88.63744000002043,4,4.4999441431064575,RankSurprise
microVoSTN_L_1-3+,3,319544.64768,319600.0256,55.377919999998994,319544.64768,319600.0256,55.377919999998994,3,3.5319470787827765,RankSurprise
microVoSTN_L_1-3+,3,322015.4368,322247.18848,231.75167999998666,322015.4368,322247.18848,231.75167999998666,6,4.753470464965916,RankSurprise
microVoSTN_L_1-3+,3,326205.89056,326451.48672,245.5961599999573,326205.89056,326451.48672,245.5961599999573,6,4.529058985646313,RankSurprise
microVoSTN_L_1-3+,3,326923.71456,327043.11296,119.3984000000055,326923.71456,327043.11296,119.3984000000055,6,7.957529671850487,RankSurprise
microVoSTN_L_1-3+,3,339084.16512,339557.41696,473.2518399999826,339084.16512,339557.41696,473.2518399999826,8,4.549323772983629,RankSurprise
microVoSTN_L_1-3+,3,352282.2144,352319.03744,36.823039999988396,352282.2144,352319.03744,36.823039999988396,3,4.412480018135806,RankSurprise
microVoSTN_L_1-3+,3,361888.48128,361900.40064,11.91935999999987,361888.48128,361900.40064,11.91935999999987,3,7.526302499825942,RankSurprise
microVoSTN_L_1-3+,3,362647.18336,362688.512,41.32863999996334,362647.18336,362688.512,41.32863999996334,4,7.022477663408356,RankSurprise
microVoSTN_L_1-3+,3,383870.68928,383905.3824,34.69312000001082,383870.68928,383905.3824,34.69312000001082,3,4.29460598652868,RankSurprise
microVoSTN_L_1-3+,4,21.9136,193.536,171.6224,21.9136,193.536,171.6224,4,4.058853374082773,RankSurprise
microVoSTN_L_1-3+,4,13831.70048,14119.1168,287.41632000000027,13831.70048,14119.1168,287.41632000000027,5,4.4129225346639736,RankSurprise
microVoSTN_L_1-3+,4,18547.38432,18632.25344,84.86911999999938,18547.38432,18632.25344,84.86911999999938,4,6.121014768984299,RankSurprise
microVoSTN_L_1-3+,4,28730.9824,28952.33024,221.34783999999854,28730.9824,28952.33024,221.34783999999854,6,7.518166137854635,RankSurprise
microVoSTN_L_1-3+,4,32336.15872,32714.67008,378.5113600000004,32336.15872,32714.67008,378.5113600000004,5,3.583442182251364,RankSurprise
microVoSTN_L_1-3+,4,38457.63072,38483.3536,25.72288000000117,38457.63072,38483.3536,25.72288000000117,3,6.375078055208343,RankSurprise
microVoSTN_L_1-3+,4,46197.18656,46716.47744,519.2908800000005,46197.18656,46716.47744,519.2908800000005,6,3.750456922239249,RankSurprise
microVoSTN_L_1-3+,4,56809.2672,57222.26688,412.9996800000008,56809.2672,57222.26688,412.9996800000008,7,6.3007547628381895,RankSurprise
microVoSTN_L_1-3+,4,64323.46112,64836.11648,512.655359999997,64323.46112,64836.11648,512.655359999997,8,6.779532384107035,RankSurprise
microVoSTN_L_1-3+,4,78877.94176,80117.39136,1239.4495999999926,78877.94176,80117.39136,1239.4495999999926,10,4.26858958211918,RankSurprise
microVoSTN_L_1-3+,4,84110.90944,84206.01856,95.10911999999371,84110.90944,84206.01856,95.10911999999371,4,5.733376231451452,RankSurprise
microVoSTN_L_1-3+,4,120397.66016,120468.93056,71.27039999999397,120397.66016,120468.93056,71.27039999999397,3,3.9624319726518227,RankSurprise
microVoSTN_L_1-3+,4,121687.69536,121766.21568,78.52031999999599,121687.69536,121766.21568,78.52031999999599,3,3.7596141828606644,RankSurprise
microVoSTN_L_1-3+,4,137866.93632,137902.32576,35.38943999999901,137866.93632,137902.32576,35.38943999999901,3,5.409997159164755,RankSurprise
microVoSTN_L_1-3+,4,141136.4864,141180.02688,43.54047999999602,141136.4864,141180.02688,43.54047999999602,3,4.9965057401823625,RankSurprise
microVoSTN_L_1-3+,4,147231.25248,147727.81056,496.55808000001707,147231.25248,147727.81056,496.55808000001707,6,3.899135890328542,RankSurprise
microVoSTN_L_1-3+,4,154616.25856,154640.09728,23.83871999999974,154616.25856,154640.09728,23.83871999999974,3,6.712031176666906,RankSurprise
microVoSTN_L_1-3+,4,167393.93536,168465.408,1071.4726399999927,167393.93536,168465.408,1071.4726399999927,9,4.511193402806765,RankSurprise
microVoSTN_L_1-3+,4,173689.856,173955.39968,265.5436800000025,173689.856,173955.39968,265.5436800000025,6,6.516229286131463,RankSurprise
microVoSTN_L_1-3+,4,193671.49568,193893.33504,221.83936000001268,193671.49568,193893.33504,221.83936000001268,7,9.567790205156115,RankSurprise
microVoSTN_L_1-3+,4,224454.73792,224566.10816,111.37023999998928,224454.73792,224566.10816,111.37023999998928,4,5.32773310880944,RankSurprise
microVoSTN_L_1-3+,4,242005.64736,242174.32064,168.67327999998815,242005.64736,242174.32064,168.67327999998815,4,4.440515926560838,RankSurprise
microVoSTN_L_1-3+,4,250537.41056,250759.33184,221.92128000000957,250537.41056,250759.33184,221.92128000000957,5,5.117150396433534,RankSurprise
microVoSTN_L_1-3+,4,270056.16128,270475.38688,419.2256000000052,270056.16128,270475.38688,419.2256000000052,7,5.7702921293553375,RankSurprise
microVoSTN_L_1-3+,4,279593.65632,280502.72256,909.0662400000147,279593.65632,280502.72256,909.0662400000147,10,5.624281515994549,RankSurprise
microVoSTN_L_1-3+,4,281230.90944,283064.9344,1834.0249600000097,281230.90944,283064.9344,1834.0249600000097,15,6.8299571437033695,RankSurprise
microVoSTN_L_1-3+,4,290366.99648,290430.68928,63.692800000018906,290366.99648,290430.68928,63.692800000018906,3,4.157234190669387,RankSurprise
microVoSTN_L_1-3+,4,324846.05952,324930.72384,84.66431999998167,324846.05952,324930.72384,84.66431999998167,4,6.167348196787216,RankSurprise
microVoSTN_L_1-3+,4,326347.20256,326415.68768,68.48511999996845,326347.20256,326415.68768,68.48511999996845,3,4.0284760767975225,RankSurprise
microVoSTN_L_1-3+,4,328218.09152,328362.02496,143.93343999999342,328218.09152,328362.02496,143.93343999999342,4,4.47351966626567,RankSurprise
microVoSTN_L_1-3+,4,332380.61056,332511.60064,130.99008000001777,332380.61056,332511.60064,130.99008000001777,4,5.065962388564763,RankSurprise
microVoSTN_L_1-3+,4,342663.3728,342757.53984,94.16703999997117,342663.3728,342757.53984,94.16703999997117,5,8.852012958860715,RankSurprise
microVoSTN_L_1-3+,4,365783.90016,365879.62368,95.72351999999955,365783.90016,365879.62368,95.72351999999955,3,3.5226500483509557,RankSurprise
microVoSTN_L_1-3+,4,372337.4592,372905.90208,568.442880000046,372337.4592,372905.90208,568.442880000046,6,3.5535997824845964,RankSurprise
microVoSTN_L_1-3+,4,374633.92256,374718.8736,84.95104000001447,374633.92256,374718.8736,84.95104000001447,3,3.5376034412817017,RankSurprise
microVoSTN_L_2-3+,0,57277.72672,59537.03936,2259.3126400000037,57277.72672,59537.03936,2259.3126400000037,19,7.546673122600548,RankSurprise
microVoSTN_L_2-3+,0,67930.39872,68269.01504,338.616320000001,67930.39872,68269.01504,338.616320000001,7,7.187334073558738,RankSurprise
microVoSTN_L_2-3+,0,73169.96096,73501.65504,331.6940800000011,73169.96096,73501.65504,331.6940800000011,5,3.682918613678506,RankSurprise
microVoSTN_L_2-3+,0,76512.70656,76735.03744,222.33087999999407,76512.70656,76735.03744,222.33087999999407,6,6.725104651443452,RankSurprise
microVoSTN_L_2-3+,0,89894.37952,92385.44384,2491.064320000005,89894.37952,92385.44384,2491.064320000005,17,5.139637079286288,RankSurprise
microVoSTN_L_2-3+,0,93935.98464,94108.34432,172.35968000000867,93935.98464,94108.34432,172.35968000000867,4,3.8294423044617005,RankSurprise
microVoSTN_L_2-3+,0,96163.4304,96271.31904,107.88864000000467,96163.4304,96271.31904,107.88864000000467,5,7.741962269379314,RankSurprise
microVoSTN_L_2-3+,0,102045.36832,102126.75584,81.38752000000386,102045.36832,102126.75584,81.38752000000386,4,6.064965656459922,RankSurprise
microVoSTN_L_2-3+,0,104690.85184,105050.48064,359.6287999999913,104690.85184,105050.48064,359.6287999999913,6,4.799194510302691,RankSurprise
microVoSTN_L_2-3+,0,122550.39488,122813.6448,263.24991999998747,122550.39488,122813.6448,263.24991999998747,6,6.580903835750576,RankSurprise
microVoSTN_L_2-3+,0,126017.45408,135108.97664,9091.522560000012,126017.45408,135108.97664,9091.522560000012,61,14.724700111768552,RankSurprise
microVoSTN_L_2-3+,0,140004.9664,140516.80256,511.8361600000062,140004.9664,140516.80256,511.8361600000062,8,6.471110773952445,RankSurprise
microVoSTN_L_2-3+,0,141666.46784,146655.72352,4989.255680000002,141666.46784,146655.72352,4989.255680000002,33,8.814225300326314,RankSurprise
microVoSTN_L_2-3+,0,147303.91552,147359.90784,55.992319999990286,147303.91552,147359.90784,55.992319999990286,3,4.379758268668947,RankSurprise
microVoSTN_L_2-3+,0,173933.9776,174258.87232,324.89471999998204,173933.9776,174258.87232,324.89471999998204,5,4.031687958748368,RankSurprise
microVoSTN_L_2-3+,0,178591.62112,178683.04384,91.4227200000023,178591.62112,178683.04384,91.4227200000023,5,8.173989026516644,RankSurprise
microVoSTN_L_2-3+,0,184750.20288,184784.65024,34.44735999999102,184750.20288,184784.65024,34.44735999999102,3,5.300689380099605,RankSurprise
microVoSTN_L_2-3+,0,192097.60768,194320.34304,2222.7353600000206,192097.60768,194320.34304,2222.7353600000206,15,4.342572710515432,RankSurprise
microVoSTN_L_2-3+,0,196940.63616,197019.19744,78.56127999999444,196940.63616,197019.19744,78.56127999999444,4,6.291777725418385,RankSurprise
microVoSTN_L_2-3+,0,203916.65664,204485.71392,569.0572800000082,203916.65664,204485.71392,569.0572800000082,7,4.1432545474533296,RankSurprise
microVoSTN_L_2-3+,0,213069.33248,213147.07456,77.74207999999635,213069.33248,213147.07456,77.74207999999635,3,3.7301373531588933,RankSurprise
microVoSTN_L_2-3+,0,215523.86048,215627.20256,103.34208000000217,215523.86048,215627.20256,103.34208000000217,4,5.220168629784254,RankSurprise
microVoSTN_L_2-3+,0,219734.2208,219837.19424,102.97344000000157,219734.2208,219837.19424,102.97344000000157,4,5.332122958568103,RankSurprise
microVoSTN_L_2-3+,0,390004.49024,390060.52352,56.033279999974184,390004.49024,390060.52352,56.033279999974184,3,4.293100984864001,RankSurprise
microVoSTN_L_2-3+,1,2518.09792,2598.83008,80.73216000000002,2518.09792,2598.83008,80.73216000000002,3,4.38285303361852,RankSurprise
microVoSTN_L_2-3+,1,58093.11744,61946.34752,3853.230080000001,58093.11744,61946.34752,3853.230080000001,16,4.560705808027539,RankSurprise
microVoSTN_L_2-3+,1,65259.64288,68412.6208,3152.977920000005,65259.64288,68412.6208,3152.977920000005,19,11.604667000182738,RankSurprise
microVoSTN_L_2-3+,1,86192.00512,99595.01824,13403.013120000003,86192.00512,99595.01824,13403.013120000003,49,10.297234546209378,RankSurprise
microVoSTN_L_2-3+,1,128179.8144,128441.09824,261.2838400000037,128179.8144,128441.09824,261.2838400000037,4,3.9497720077569802,RankSurprise
microVoSTN_L_2-3+,1,139862.6304,147864.82176,8002.191359999997,139862.6304,147864.82176,8002.191359999997,33,9.66076002171281,RankSurprise
microVoSTN_L_2-3+,1,168984.45312,169660.6208,676.1676800000132,168984.45312,169660.6208,676.1676800000132,5,3.636792213211727,RankSurprise
microVoSTN_L_2-3+,1,173556.28544,182489.7024,8933.416960000002,173556.28544,182489.7024,8933.416960000002,42,15.38041606037554,RankSurprise
microVoSTN_L_2-3+,1,197724.3648,198555.81184,831.4470399999991,197724.3648,198555.81184,831.4470399999991,6,3.948091432002382,RankSurprise
microVoSTN_L_2-3+,1,234419.03616,234682.90048,263.8643200000224,234419.03616,234682.90048,263.8643200000224,4,3.9620421003487927,RankSurprise
microVoSTN_L_2-3+,2,60716.89216,61115.1872,398.29503999999724,60716.89216,61115.1872,398.29503999999724,6,6.330346996410235,RankSurprise
microVoSTN_L_2-3+,2,84641.34144,85243.0848,601.7433599999931,84641.34144,85243.0848,601.7433599999931,5,3.589623622371292,RankSurprise
microVoSTN_L_2-3+,2,86390.45632,86792.35584,401.8995200000063,86390.45632,86792.35584,401.8995200000063,6,6.319536080306019,RankSurprise
microVoSTN_L_2-3+,2,90280.18176,90331.38176,51.19999999999709,90280.18176,90331.38176,51.19999999999709,3,5.311140582524203,RankSurprise
microVoSTN_L_2-3+,2,92649.92256,94311.09632,1661.1737599999906,92649.92256,94311.09632,1661.1737599999906,20,18.3749569176181,RankSurprise
microVoSTN_L_2-3+,2,95933.19424,98275.5328,2342.338560000004,95933.19424,98275.5328,2342.338560000004,14,6.6449929388710505,RankSurprise
microVoSTN_L_2-3+,2,99330.41664,99401.68704,71.27040000000852,99330.41664,99401.68704,71.27040000000852,5,11.451946388646775,RankSurprise
microVoSTN_L_2-3+,2,105250.4064,105374.14656,123.74015999998664,105250.4064,105374.14656,123.74015999998664,3,3.6627380060996604,RankSurprise
microVoSTN_L_2-3+,2,122826.67008,134465.90464,11639.234559999997,122826.67008,134465.90464,11639.234559999997,48,11.624597946173918,RankSurprise
microVoSTN_L_2-3+,2,140037.77536,140440.33024,402.5548800000106,140037.77536,140440.33024,402.5548800000106,5,4.322439067360726,RankSurprise
microVoSTN_L_2-3+,2,141926.97344,150021.65248,8094.679039999988,141926.97344,150021.65248,8094.679039999988,30,4.141688067029525,RankSurprise
microVoSTN_L_2-3+,2,151034.83904,155197.6448,4162.8057600000175,151034.83904,155197.6448,4162.8057600000175,19,5.818267172721354,RankSurprise
microVoSTN_L_2-3+,2,175422.70976,175611.20768,188.49791999999434,175422.70976,175611.20768,188.49791999999434,4,4.889235013809799,RankSurprise
microVoSTN_L_2-3+,2,195270.28736,195448.25856,177.97119999999995,195270.28736,195448.25856,177.97119999999995,4,5.097173376945779,RankSurprise
microVoSTN_L_2-3+,2,197923.96288,200079.52384,2155.5609600000025,197923.96288,200079.52384,2155.5609600000025,12,4.120977361051749,RankSurprise
microVoSTN_L_2-3+,2,207829.52448,211721.99424,3892.469760000007,207829.52448,211721.99424,3892.469760000007,16,3.9162856889794635,RankSurprise
microVoSTN_L_4-5+,3,121938.41152,122401.91488,463.50336000000243,121938.41152,122401.91488,463.50336000000243,9,7.764965895776365,RankSurprise
microVoSTN_L_4-5+,3,124715.58144,142834.93376,18119.35232000002,124715.58144,142834.93376,18119.35232000002,149,41.4338543870708,RankSurprise
microVoSTN_L_4-5+,3,143795.52768,154066.78016,10271.252479999996,143795.52768,154066.78016,10271.252479999996,92,31.467311265300747,RankSurprise
microVoSTN_L_4-6+,0,13975.06048,14911.44704,936.386559999999,13975.06048,14911.44704,936.386559999999,7,4.943240272150685,RankSurprise
microVoSTN_L_4-6+,0,71269.7856,71315.94752,46.161919999998645,71269.7856,71315.94752,46.161919999998645,3,5.286485129936237,RankSurprise
microVoSTN_L_4-6+,0,90375.7824,91707.88352,1332.1011200000066,90375.7824,91707.88352,1332.1011200000066,9,4.889619336273828,RankSurprise
microVoSTN_L_4-6+,0,99079.49568,101890.78528,2811.289599999989,99079.49568,101890.78528,2811.289599999989,12,3.511007317305664,RankSurprise
microVoSTN_L_4-6+,0,126111.82592,126635.17184,523.3459199999925,126111.82592,126635.17184,523.3459199999925,7,6.628653963529388,RankSurprise
microVoSTN_L_4-6+,0,131295.06816,131410.61632,115.54816000000574,131295.06816,131410.61632,115.54816000000574,3,3.5170688258723484,RankSurprise
microVoSTN_L_4-6+,0,138947.25632,140070.5024,1123.2460800000117,138947.25632,140070.5024,1123.2460800000117,10,7.406230685353206,RankSurprise
microVoSTN_L_4-6+,0,204240.6912,204287.50848,46.817279999988386,204240.6912,204287.50848,46.817279999988386,3,5.199510335412635,RankSurprise
microVoSTN_L_4-6+,0,206770.29888,208383.91808,1613.6192000000156,206770.29888,208383.91808,1613.6192000000156,9,4.447783620612737,RankSurprise
microVoSTN_L_4-6+,0,224891.12576,224952.7296,61.603839999996126,224891.12576,224952.7296,61.603839999996126,3,4.5716262845320905,RankSurprise
microVoSTN_L_4-6+,0,227835.16672,228232.76544,397.59871999997995,227835.16672,228232.76544,397.59871999997995,5,5.047366599316728,RankSurprise
microVoSTN_L_4-6+,0,232073.66656,235235.90144,3162.2348799999745,232073.66656,235235.90144,3162.2348799999745,14,4.1926561765510915,RankSurprise
microVoSTN_L_4-6+,0,238954.82368,239229.21472,274.3910399999877,238954.82368,239229.21472,274.3910399999877,4,3.975845858798376,RankSurprise
microVoSTN_L_4-6+,0,257561.55904,258152.07936,590.5203200000105,257561.55904,258152.07936,590.5203200000105,6,4.750382989049248,RankSurprise
microVoSTN_L_4-6+,0,289177.06752,289666.70336,489.63584000000264,289177.06752,289666.70336,489.63584000000264,5,4.065423991584222,RankSurprise
microVoSTN_L_4-6+,0,294696.87808,294707.77344,10.895360000024084,294696.87808,294707.77344,10.895360000024084,3,8.36357792378584,RankSurprise
microVoSTN_L_4-6+,0,308073.10336,308131.6352,58.53184000001056,308073.10336,308131.6352,58.53184000001056,4,8.172143238329756,RankSurprise
microVoSTN_L_4-6+,0,316519.71072,316536.79104,17.080320000008214,316519.71072,316536.79104,17.080320000008214,3,7.575120563421571,RankSurprise
microVoSTN_L_4-6+,0,318654.38208,318767.02208,112.64000000001397,318654.38208,318767.02208,112.64000000001397,3,3.5416847542864627,RankSurprise
microVoSTN_L_4-6+,0,337013.80096,337104.32256,90.5215999999782,337013.80096,337104.32256,90.5215999999782,4,6.692533183899997,RankSurprise
microVoSTN_L_4-6+,0,390875.58656,392945.41824,2069.831680000003,390875.58656,392945.41824,2069.831680000003,11,4.918315291125788,RankSurprise
microVoSTN_L_4-6+,4,11133.41952,13669.70368,2536.284160000001,11133.41952,13669.70368,2536.284160000001,11,4.430425081437953,RankSurprise
microVoSTN_L_4-6+,4,16669.16352,17933.5168,1264.353280000003,16669.16352,17933.5168,1264.353280000003,7,3.6634958650280467,RankSurprise
microVoSTN_L_4-6+,4,19854.5408,20185.86624,331.3254400000005,19854.5408,20185.86624,331.3254400000005,4,4.170647958685489,RankSurprise
microVoSTN_L_4-6+,4,24002.7648,25672.45824,1669.693439999999,24002.7648,25672.45824,1669.693439999999,9,5.107924232185994,RankSurprise
microVoSTN_L_4-6+,4,37703.39328,39834.70592,2131.3126400000037,37703.39328,39834.70592,2131.3126400000037,10,4.248773449879258,RankSurprise
microVoSTN_L_4-6+,4,86010.0608,86057.61536,47.55455999998958,86010.0608,86057.61536,47.55455999998958,3,5.736963137506783,RankSurprise
microVoSTN_L_4-6+,4,90755.35872,91842.06848,1086.709759999998,90755.35872,91842.06848,1086.709759999998,8,5.980780132140539,RankSurprise
microVoSTN_L_4-6+,4,99262.62784,99859.2512,596.6233599999978,99262.62784,99859.2512,596.6233599999978,7,7.888433877836043,RankSurprise
microVoSTN_L_4-6+,4,106077.63456,106192.36352,114.7289599999931,106077.63456,106192.36352,114.7289599999931,3,4.2560736785319815,RankSurprise
microVoSTN_L_4-6+,4,116829.83936,117526.03648,696.1971199999971,116829.83936,117526.03648,696.1971199999971,5,3.5658720324481905,RankSurprise
microVoSTN_L_4-6+,4,122701.90592,123940.2496,1238.3436799999909,122701.90592,123940.2496,1238.3436799999909,7,3.8006727169435286,RankSurprise
microVoSTN_L_4-6+,4,128310.23104,129134.96064,824.729600000006,128310.23104,129134.96064,824.729600000006,6,4.365434981104725,RankSurprise
microVoSTN_L_4-6+,4,140569.02656,142286.35648,1717.3299199999892,140569.02656,142286.35648,1717.3299199999892,8,3.6727534753251656,RankSurprise
microVoSTN_L_4-6+,4,148945.75616,148964.39296,18.636800000007497,148945.75616,148964.39296,18.636800000007497,3,7.01882248048979,RankSurprise
microVoSTN_L_4-6+,4,165184.75776,167207.5264,2022.7686399999948,165184.75776,167207.5264,2022.7686399999948,10,5.048505750657469,RankSurprise
microVoSTN_L_4-6+,4,215630.39744,215700.60288,70.20543999999063,215630.39744,215700.60288,70.20543999999063,3,5.145483024269312,RankSurprise
microVoSTN_L_4-6+,4,233984.16384,234082.14016,97.97632000001613,233984.16384,234082.14016,97.97632000001613,4,7.478074672560744,RankSurprise
microVoSTN_L_4-6+,4,235128.25856,235280.05632,151.79776000001584,235128.25856,235280.05632,151.79776000001584,3,3.8324698473271503,RankSurprise
microVoSTN_L_4-6+,4,237036.25728,237208.90368,172.6463999999978,237036.25728,237208.90368,172.6463999999978,4,5.924893951039396,RankSurprise
microVoSTN_L_4-6+,4,288555.78624,289635.28704,1079.500800000038,288555.78624,289635.28704,1079.500800000038,7,4.796903068438189,RankSurprise
microVoSTN_L_4-6+,4,304057.7536,304310.96832,253.21471999998903,304057.7536,304310.96832,253.21471999998903,4,4.906660760174837,RankSurprise
microVoSTN_L_4-6+,4,307102.22848,309011.49696,1909.268480000028,307102.22848,309011.49696,1909.268480000028,9,3.946280742180029,RankSurprise
microVoSTN_L_4-6+,4,354600.96,354667.23328,66.27327999996487,354600.96,354667.23328,66.27327999996487,3,5.312257857324967,RankSurprise
microVoSTN_L_4-6+,4,358460.0064,358528.0,67.99359999998705,358460.0064,358528.0,67.99359999998705,3,5.347349177136238,RankSurprise
microVoSTN_L_7-8+,0,1730.10944,1777.78688,47.67744000000016,1730.10944,1777.78688,47.67744000000016,3,3.821960775978214,RankSurprise
microVoSTN_L_7-8+,0,13851.77088,14103.06048,251.28960000000006,13851.77088,14103.06048,251.28960000000006,6,4.80510608632418,RankSurprise
microVoSTN_L_7-8+,0,29082.78784,29099.90912,17.121279999999388,29082.78784,29099.90912,17.121279999999388,3,5.857826339700191,RankSurprise
microVoSTN_L_7-8+,0,56240.86528,56292.06528,51.200000000004366,56240.86528,56292.06528,51.200000000004366,3,3.69183324462886,RankSurprise
microVoSTN_L_7-8+,0,66303.01696,66327.87968,24.86272000000463,66303.01696,66327.87968,24.86272000000463,3,4.947089249312983,RankSurprise
microVoSTN_L_7-8+,0,66844.38528,66946.17088,101.78560000000289,66844.38528,66946.17088,101.78560000000289,5,6.424946773582864,RankSurprise
microVoSTN_L_7-8+,0,72960.36864,73190.03136,229.662719999993,72960.36864,73190.03136,229.662719999993,5,3.5507257613775423,RankSurprise
microVoSTN_L_7-8+,0,77957.03808,78038.58944,81.55135999999766,77957.03808,78038.58944,81.55135999999766,4,5.031172625897806,RankSurprise
microVoSTN_L_7-8+,0,86375.0144,86468.52608,93.51167999999598,86375.0144,86468.52608,93.51167999999598,5,6.988591462694647,RankSurprise
microVoSTN_L_7-8+,0,90446.27456,90820.8128,374.5382399999944,90446.27456,90820.8128,374.5382399999944,8,7.132607965034279,RankSurprise
microVoSTN_L_7-8+,0,91464.94976,91740.69248,275.74271999999473,91464.94976,91740.69248,275.74271999999473,12,16.1296305376149,RankSurprise
microVoSTN_L_7-8+,0,94458.79808,94745.06752,286.26944000000367,94458.79808,94745.06752,286.26944000000367,7,6.11459931792513,RankSurprise
microVoSTN_L_7-8+,0,98763.73504,99211.6736,447.93855999999505,98763.73504,99211.6736,447.93855999999505,8,5.506879962020884,RankSurprise
microVoSTN_L_7-8+,0,105988.54656,106044.12928,55.58271999999124,105988.54656,106044.12928,55.58271999999124,3,3.7171902248379123,RankSurprise
microVoSTN_L_7-8+,0,123358.90432,123444.4288,85.52447999999276,123358.90432,123444.4288,85.52447999999276,4,4.844552289027938,RankSurprise
microVoSTN_L_7-8+,0,128143.03232,132792.7296,4649.697279999993,128143.03232,132792.7296,4649.697279999993,56,18.597289176288943,RankSurprise
microVoSTN_L_7-8+,0,133420.19584,135726.81728,2306.621439999988,133420.19584,135726.81728,2306.621439999988,23,7.6421363174072505,RankSurprise
microVoSTN_L_7-8+,0,137763.30752,138485.76,722.4524800000072,137763.30752,138485.76,722.4524800000072,12,6.825216942347944,RankSurprise
microVoSTN_L_7-8+,0,139545.84576,139824.70144,278.85568000000785,139545.84576,139824.70144,278.85568000000785,7,5.79895551092093,RankSurprise
microVoSTN_L_7-8+,0,140749.2096,141534.4128,785.203199999989,140749.2096,141534.4128,785.203199999989,15,10.16928742161903,RankSurprise
microVoSTN_L_7-8+,0,141988.49536,141995.25376,6.758399999991525,141988.49536,141995.25376,6.758399999991525,3,8.513286061124639,RankSurprise
microVoSTN_L_7-8+,0,143853.81376,144525.55776,671.744000000006,143853.81376,144525.55776,671.744000000006,11,5.832161744948035,RankSurprise
microVoSTN_L_7-8+,0,144978.61632,145314.32448,335.70816000000923,144978.61632,145314.32448,335.70816000000923,7,5.140536668901708,RankSurprise
microVoSTN_L_7-8+,0,147959.31648,149897.6256,1938.3091199999908,147959.31648,149897.6256,1938.3091199999908,19,5.442458846480739,RankSurprise
microVoSTN_L_7-8+,0,152697.32352,152718.1312,20.807679999998072,152697.32352,152718.1312,20.807679999998072,3,5.532317407876247,RankSurprise
microVoSTN_L_7-8+,0,176577.08544,176924.34432,347.2588800000085,176577.08544,176924.34432,347.2588800000085,7,5.990926246985464,RankSurprise
microVoSTN_L_7-8+,0,182688.768,183444.80768,756.0396799999871,182688.768,183444.80768,756.0396799999871,11,6.425625567533964,RankSurprise
microVoSTN_L_7-8+,0,189356.72832,189397.4016,40.67328000001726,189356.72832,189397.4016,40.67328000001726,3,4.019653062686103,RankSurprise
microVoSTN_L_7-8+,0,195041.4848,195159.81824,118.3334399999876,195041.4848,195159.81824,118.3334399999876,4,3.9742175424360333,RankSurprise
microVoSTN_L_7-8+,0,197110.29248,197138.39104,28.09855999998399,197110.29248,197138.39104,28.09855999998399,3,4.69260084035365,RankSurprise
microVoSTN_L_7-8+,0,199908.43392,199983.84128,75.40735999998287,199908.43392,199983.84128,75.40735999998287,4,5.158041802923382,RankSurprise
microVoSTN_L_7-8+,0,214045.24544,214103.49056,58.245120000006864,214045.24544,214103.49056,58.245120000006864,3,3.6237150421368014,RankSurprise
microVoSTN_L_7-8+,0,217980.5184,218030.32576,49.807360000006156,217980.5184,218030.32576,49.807360000006156,3,3.7558388707255457,RankSurprise
microVoSTN_L_7-8+,0,223739.41248,224153.6,414.18752000000677,223739.41248,224153.6,414.18752000000677,8,5.450088087247959,RankSurprise
microVoSTN_L_7-8+,0,230307.4304,230395.33056,87.90015999999014,230307.4304,230395.33056,87.90015999999014,4,4.69651431100381,RankSurprise
microVoSTN_L_7-8+,0,242635.03872,242887.02464,251.98591999997734,242635.03872,242887.02464,251.98591999997734,7,6.5813656179118,RankSurprise
microVoSTN_L_7-8+,0,246737.3056,246791.61856,54.31296000001021,246737.3056,246791.61856,54.31296000001021,3,3.5755923109707517,RankSurprise
microVoSTN_L_7-8+,0,302439.91552,302581.02272,141.10720000002766,302439.91552,302581.02272,141.10720000002766,4,3.825144801981068,RankSurprise
microVoSTN_L_7-8+,0,307287.61344,310355.3536,3067.7401599999866,307287.61344,310355.3536,3067.7401599999866,25,3.8801527182351765,RankSurprise
microVoSTN_L_7-8+,0,312771.46112,312781.4144,9.953280000016093,312771.46112,312781.4144,9.953280000016093,3,7.291250769152768,RankSurprise
microVoSTN_L_7-8+,0,338487.82848,338542.7968,54.9683199999854,338487.82848,338542.7968,54.9683199999854,3,3.666793732611893,RankSurprise
microVoSTN_L_7-8+,0,387841.2288,387968.45056,127.22176000004401,387841.2288,387968.45056,127.22176000004401,4,3.7716086537613833,RankSurprise
microVoSTN_L_7-8+,0,392962.00704,393238.3232,276.3161599999876,392962.00704,393238.3232,276.3161599999876,6,4.5238263159700205,RankSurprise
microVoSTN_L_7-8+,1,85027.55328,85118.48448,90.93120000000636,85027.55328,85118.48448,90.93120000000636,3,4.118958875331485,RankSurprise
microVoSTN_L_7-8+,1,91354.35776,91841.41312,487.0553599999985,91354.35776,91841.41312,487.0553599999985,5,4.09648913281659,RankSurprise
microVoSTN_L_7-8+,1,94017.41312,94042.64448,25.231360000005225,94017.41312,94042.64448,25.231360000005225,3,6.6621971451762185,RankSurprise
microVoSTN_L_7-8+,1,99260.98944,100178.16576,917.1763199999987,99260.98944,100178.16576,917.1763199999987,6,3.538897186911548,RankSurprise
microVoSTN_L_7-8+,1,119992.97536,140143.16544,20150.190080000015,119992.97536,140143.16544,20150.190080000015,89,23.428227236453424,RankSurprise
microVoSTN_L_7-8+,1,144004.95616,150846.91456,6841.958400000003,144004.95616,150846.91456,6841.958400000003,40,16.060814231813353,RankSurprise
microVoSTN_L_7-8+,1,175594.94656,175712.37888,117.43231999999261,175594.94656,175712.37888,117.43231999999261,3,3.683271989938609,RankSurprise
microVoSTN_L_7-8+,1,177764.10624,178769.18272,1005.0764800000179,177764.10624,178769.18272,1005.0764800000179,10,8.46035109328502,RankSurprise
microVoSTN_L_7-8+,1,214741.8112,214788.3008,46.48960000000079,214741.8112,214788.3008,46.48960000000079,3,5.372281911049558,RankSurprise
microVoSTN_L_7-8+,1,229584.52736,230267.61728,683.0899199999985,229584.52736,230267.61728,683.0899199999985,7,5.731780410991727,RankSurprise
microVoSTN_L_7-8+,1,237903.872,237964.6976,60.825600000011036,237903.872,237964.6976,60.825600000011036,3,4.978122299983626,RankSurprise
microVoSTN_R_1-2+,1,2344.67328,2481.72544,137.05216000000019,2344.67328,2481.72544,137.05216000000019,4,4.639862314574625,RankSurprise
microVoSTN_R_1-2+,1,12763.01312,12863.97952,100.96640000000116,12763.01312,12863.97952,100.96640000000116,4,5.6018724293458,RankSurprise
microVoSTN_R_1-2+,1,23611.26912,23865.42592,254.15680000000066,23611.26912,23865.42592,254.15680000000066,6,6.477571554669808,RankSurprise
microVoSTN_R_1-2+,1,28632.22784,28784.68096,152.45312000000195,28632.22784,28784.68096,152.45312000000195,4,4.3191374015297335,RankSurprise
microVoSTN_R_1-2+,1,35329.06496,35405.16864,76.10368000000017,35329.06496,35405.16864,76.10368000000017,4,6.759408754205133,RankSurprise
microVoSTN_R_1-2+,1,36987.16672,37082.5216,95.35487999999896,36987.16672,37082.5216,95.35487999999896,4,5.829831675869567,RankSurprise
microVoSTN_R_1-2+,1,44580.74112,45057.6384,476.8972800000047,44580.74112,45057.6384,476.8972800000047,7,5.206004331070252,RankSurprise
microVoSTN_R_1-2+,1,45932.78976,47056.97792,1124.1881599999979,45932.78976,47056.97792,1124.1881599999979,11,4.860329861308641,RankSurprise
microVoSTN_R_1-2+,1,64183.17312,66670.42816,2487.2550399999964,64183.17312,66670.42816,2487.2550399999964,18,5.514717666348338,RankSurprise
microVoSTN_R_1-2+,1,67481.88672,68144.128,662.241280000002,67481.88672,68144.128,662.241280000002,7,4.1597819611342315,RankSurprise
microVoSTN_R_1-2+,1,89887.58016,89913.46688,25.886720000009518,89887.58016,89913.46688,25.886720000009518,3,6.365629297562924,RankSurprise
microVoSTN_R_1-2+,1,99492.49536,100224.8192,732.3238399999973,99492.49536,100224.8192,732.3238399999973,8,4.533903648949255,RankSurprise
microVoSTN_R_1-2+,1,107870.04416,108109.37344,239.32927999999083,107870.04416,108109.37344,239.32927999999083,5,4.821380012186921,RankSurprise
microVoSTN_R_1-2+,1,118045.73696,118283.63264,237.89568000000145,118045.73696,118283.63264,237.89568000000145,5,4.8785982739364755,RankSurprise
microVoSTN_R_1-2+,1,121335.76704,121775.3088,439.5417599999928,121335.76704,121775.3088,439.5417599999928,7,5.893150858422161,RankSurprise
microVoSTN_R_1-2+,1,134441.65632,134714.85952,273.203199999989,134441.65632,134714.85952,273.203199999989,5,4.423505526435786,RankSurprise
microVoSTN_R_1-2+,1,136466.47296,136489.1648,22.69183999998495,136466.47296,136489.1648,22.69183999998495,3,6.455201495414228,RankSurprise
microVoSTN_R_1-2+,1,157932.99456,159519.41632,1586.4217599999974,157932.99456,159519.41632,1586.4217599999974,13,4.308279118558542,RankSurprise
microVoSTN_R_1-2+,1,164255.82592,164282.20416,26.37823999999091,164255.82592,164282.20416,26.37823999999091,3,5.808574330489176,RankSurprise
microVoSTN_R_1-2+,1,195363.0208,195672.02304,309.0022400000016,195363.0208,195672.02304,309.0022400000016,6,5.568963676503692,RankSurprise
microVoSTN_R_1-2+,1,196611.80928,196742.06208,130.25280000001658,196611.80928,196742.06208,130.25280000001658,4,4.8175914309701575,RankSurprise
microVoSTN_R_1-2+,1,205438.3616,205631.73376,193.37215999999898,205438.3616,205631.73376,193.37215999999898,4,3.7801343828213554,RankSurprise
microVoSTN_R_1-2+,1,211541.48352,211853.06624,311.5827199999767,211541.48352,211853.06624,311.5827199999767,5,3.8172685125390338,RankSurprise
microVoSTN_R_1-2+,1,220005.9904,221477.76512,1471.7747199999867,220005.9904,221477.76512,1471.7747199999867,12,4.589963979692032,RankSurprise
microVoSTN_R_1-2+,1,230230.95808,230394.92096,163.9628799999773,230230.95808,230394.92096,163.9628799999773,4,4.265933898978588,RankSurprise
microVoSTN_R_1-2+,1,236898.79552,239059.10784,2160.3123199999973,236898.79552,239059.10784,2160.3123199999973,15,3.676282443772014,RankSurprise
microVoSTN_R_1-2+,1,241686.48704,242327.26528,640.7782399999851,241686.48704,242327.26528,640.7782399999851,7,4.116143999220785,RankSurprise
microVoSTN_R_1-2+,1,248613.76512,248683.35616,69.59103999999934,248613.76512,248683.35616,69.59103999999934,3,3.982608105859585,RankSurprise
microVoSTN_R_1-2+,1,293323.73504,293507.35872,183.6236800000188,293323.73504,293507.35872,183.6236800000188,4,3.7454518525491487,RankSurprise
microVoSTN_R_1-2+,1,296133.91872,296495.67744,361.75871999998344,296133.91872,296495.67744,361.75871999998344,7,7.135985008122638,RankSurprise
microVoSTN_R_1-2+,1,314208.95232,315150.29504,941.3427200000151,314208.95232,315150.29504,941.3427200000151,13,9.431790105678862,RankSurprise
microVoSTN_R_1-2+,1,316216.60672,316698.33728,481.73055999999633,316216.60672,316698.33728,481.73055999999633,6,3.639477915458849,RankSurprise
microVoSTN_R_1-2+,1,320746.7008,320938.27072,191.5699199999799,320746.7008,320938.27072,191.5699199999799,4,3.67245542249929,RankSurprise
microVoSTN_R_1-2+,1,328698.63424,328769.37216,70.73792000004323,328698.63424,328769.37216,70.73792000004323,4,6.65366956828127,RankSurprise
microVoSTN_R_1-2+,1,330240.65536,330703.6672,463.01184000005014,330240.65536,330703.6672,463.01184000005014,8,7.317189372042139,RankSurprise
microVoSTN_R_1-2+,1,336505.40544,336652.00128,146.5958400000236,336505.40544,336652.00128,146.5958400000236,4,4.497286445170921,RankSurprise
microVoSTN_R_1-2+,1,342532.95616,342888.93952,355.9833600000129,342532.95616,342888.93952,355.9833600000129,6,4.908818700122879,RankSurprise
microVoSTN_R_1-2+,1,343697.48992,343909.08928,211.59935999999288,343697.48992,343909.08928,211.59935999999288,5,5.59376591425243,RankSurprise
microVoSTN_R_1-2+,1,358807.47008,359298.08896,490.61888000002364,358807.47008,359298.08896,490.61888000002364,6,4.2637382623509374,RankSurprise
microVoSTN_R_1-2+,1,365497.30304,366007.54176,510.2387199999648,365497.30304,366007.54176,510.2387199999648,6,3.759249872631509,RankSurprise
microVoSTN_R_1-2+,2,24841.74848,25752.94464,911.1961600000031,24841.74848,25752.94464,911.1961600000031,6,4.27615593082123,RankSurprise
microVoSTN_R_1-2+,2,42055.43424,43416.61696,1361.182719999997,42055.43424,43416.61696,1361.182719999997,8,5.385381170065602,RankSurprise
microVoSTN_R_1-2+,2,60251.9552,61629.19424,1377.2390400000004,60251.9552,61629.19424,1377.2390400000004,7,3.620962211671239,RankSurprise
microVoSTN_R_1-2+,2,66198.24128,67081.74848,883.5071999999927,66198.24128,67081.74848,883.5071999999927,6,4.488915236411851,RankSurprise
microVoSTN_R_1-2+,2,73784.9344,73908.79744,123.86303999999654,73784.9344,73908.79744,123.86303999999654,3,4.168156720145001,RankSurprise
microVoSTN_R_1-2+,2,90011.60704,90797.99808,786.3910400000022,90011.60704,90797.99808,786.3910400000022,7,6.678172013324897,RankSurprise
microVoSTN_R_1-2+,2,101722.3168,101770.0352,47.71839999999793,101722.3168,101770.0352,47.71839999999793,3,6.006367952610557,RankSurprise
microVoSTN_R_1-2+,2,107834.69568,108029.21472,194.51903999999922,107834.69568,108029.21472,194.51903999999922,3,3.536209159457112,RankSurprise
microVoSTN_R_1-2+,2,130308.34176,130659.49184,351.1500800000067,130308.34176,130659.49184,351.1500800000067,4,4.252098962522595,RankSurprise
microVoSTN_R_1-2+,2,150503.424,150946.93888,443.51488000000245,150503.424,150946.93888,443.51488000000245,6,7.655830998524067,RankSurprise
microVoSTN_R_1-2+,2,154607.86176,155360.50176,752.640000000014,154607.86176,155360.50176,752.640000000014,5,3.5952360599129136,RankSurprise
microVoSTN_R_1-2+,2,197374.60736,197483.19232,108.58496000000741,197374.60736,197483.19232,108.58496000000741,3,4.474648124554278,RankSurprise
microVoSTN_R_1-2+,2,290660.9664,292573.184,1912.2176000000327,290660.9664,292573.184,1912.2176000000327,10,5.914222867069414,RankSurprise
microVoSTN_R_1-2+,2,322347.58144,324787.44576,2439.8643199999933,322347.58144,324787.44576,2439.8643199999933,11,5.529486122871699,RankSurprise
microVoSTN_R_1-2+,2,341989.70368,343917.1584,1927.454720000038,341989.70368,343917.1584,1927.454720000038,9,4.345207789948861,RankSurprise
microVoSTN_R_1-2+,2,356576.09216,356895.744,319.6518400000059,356576.09216,356895.744,319.6518400000059,4,4.584239762182268,RankSurprise
microVoSTN_R_1-2+,2,381765.59104,382191.12448,425.53343999997014,381765.59104,382191.12448,425.53343999997014,4,3.7915139562616673,RankSurprise
microVoSTN_R_1-2+,2,390189.50656,391338.31168,1148.8051199999754,390189.50656,391338.31168,1148.8051199999754,8,6.248124940265901,RankSurprise
microVoSTN_R_1-2+,2,392431.0016,392558.05952,127.05791999999201,392431.0016,392558.05952,127.05791999999201,3,4.327336748377261,RankSurprise
microVoSTN_R_1-2+,4,1800.47872,2110.6688,310.19007999999985,1800.47872,2110.6688,310.19007999999985,4,3.5543819418697353,RankSurprise
microVoSTN_R_1-2+,4,6017.35168,6155.75552,138.40383999999995,6017.35168,6155.75552,138.40383999999995,4,5.574298703359464,RankSurprise
microVoSTN_R_1-2+,4,7823.5648,7867.47392,43.90912000000026,7823.5648,7867.47392,43.90912000000026,3,5.51514573743769,RankSurprise
microVoSTN_R_1-2+,4,17138.2784,17161.70752,23.429120000000694,17138.2784,17161.70752,23.429120000000694,3,6.887834446501801,RankSurprise
microVoSTN_R_1-2+,4,33675.83744,33899.9296,224.09216000000015,33675.83744,33899.9296,224.09216000000015,5,6.417464699760313,RankSurprise
microVoSTN_R_1-2+,4,35216.91648,35428.67968,211.76320000000123,35216.91648,35428.67968,211.76320000000123,4,4.542498260231948,RankSurprise
microVoSTN_R_1-2+,4,42649.92768,43948.89216,1298.9644800000024,42649.92768,43948.89216,1298.9644800000024,9,4.374873566913847,RankSurprise
microVoSTN_R_1-2+,4,57178.23488,57302.17984,123.94495999999344,57178.23488,57302.17984,123.94495999999344,4,5.950667060289273,RankSurprise
microVoSTN_R_1-2+,4,59770.38848,60198.2976,427.9091199999966,59770.38848,60198.2976,427.9091199999966,5,4.119821494784119,RankSurprise
microVoSTN_R_1-2+,4,66518.016,66541.07648,23.060480000000098,66518.016,66541.07648,23.060480000000098,3,6.833767225231526,RankSurprise
microVoSTN_R_1-2+,4,79149.95712,79252.48,102.52287999998953,79149.95712,79252.48,102.52287999998953,3,3.9381932801480772,RankSurprise
microVoSTN_R_1-2+,4,103139.20512,103783.75168,644.5465600000025,103139.20512,103783.75168,644.5465600000025,6,3.87961749458699,RankSurprise
microVoSTN_R_1-2+,4,107846.41024,107959.21408,112.80384000000777,107846.41024,107959.21408,112.80384000000777,4,6.313319437768291,RankSurprise
microVoSTN_R_1-2+,4,114439.24992,114460.75392,21.504000000000815,114439.24992,114460.75392,21.504000000000815,3,7.00056271149656,RankSurprise
microVoSTN_R_1-2+,4,117995.64288,118021.57056,25.927679999993416,117995.64288,118021.57056,25.927679999993416,3,6.536881547990312,RankSurprise
microVoSTN_R_1-2+,4,122984.52992,123913.91232,929.3824000000022,122984.52992,123913.91232,929.3824000000022,8,5.093460925382758,RankSurprise
microVoSTN_R_1-2+,4,131353.76384,131432.81664,79.05280000000494,131353.76384,131432.81664,79.05280000000494,3,4.339539523945403,RankSurprise
microVoSTN_R_1-2+,4,147729.65376,147844.79232,115.13856000002124,147729.65376,147844.79232,115.13856000002124,3,3.5620857366694683,RankSurprise
microVoSTN_R_1-2+,4,157561.32352,157964.0832,402.7596799999883,157561.32352,157964.0832,402.7596799999883,6,6.479778802394232,RankSurprise
microVoSTN_R_1-2+,4,180890.54208,180997.40672,106.86463999998523,180890.54208,180997.40672,106.86463999998523,3,3.7470013286404704,RankSurprise
microVoSTN_R_1-2+,4,200808.6528,200912.93696,104.28415999998106,200808.6528,200912.93696,104.28415999998106,3,3.7814852262909024,RankSurprise
microVoSTN_R_1-2+,4,208110.7968,208178.66752,67.87071999997715,208110.7968,208178.66752,67.87071999997715,3,4.636384607594701,RankSurprise
microVoSTN_R_1-2+,4,212082.11456,212097.06496,14.950400000001537,212082.11456,212097.06496,14.950400000001537,3,7.85573462831467,RankSurprise
microVoSTN_R_1-2+,4,219350.95808,220765.3888,1414.4307199999748,219350.95808,220765.3888,1414.4307199999748,9,4.248495522550144,RankSurprise
microVoSTN_R_1-2+,4,222011.84256,222077.3376,65.49504000000888,222011.84256,222077.3376,65.49504000000888,3,4.6904430495805745,RankSurprise
microVoSTN_R_1-2+,4,229660.91776,229737.51296,76.59519999998156,229660.91776,229737.51296,76.59519999998156,3,4.386053947223926,RankSurprise
microVoSTN_R_1-2+,4,282223.45216,282435.13344,211.6812800000189,282223.45216,282435.13344,211.6812800000189,4,4.267562885248854,RankSurprise
microVoSTN_R_1-2+,4,293670.46144,293726.28992,55.82848000002559,293670.46144,293726.28992,55.82848000002559,3,5.116298113391789,RankSurprise
microVoSTN_R_1-2+,4,308567.32672,308764.99968,197.67295999999624,308567.32672,308764.99968,197.67295999999624,4,4.478176864188381,RankSurprise
microVoSTN_R_1-2+,4,332641.40288,332793.93792,152.53503999998793,332641.40288,332793.93792,152.53503999998793,4,5.421072061802008,RankSurprise
microVoSTN_R_1-2+,4,336632.09472,336696.81152,64.71679999999469,336632.09472,336696.81152,64.71679999999469,4,7.857046489093147,RankSurprise
microVoSTN_R_1-2+,4,346409.69728,346691.05152,281.3542399999569,346409.69728,346691.05152,281.3542399999569,4,3.6015211172216617,RankSurprise
microVoSTN_R_1-3+,0,9266.62656,9335.72608,69.09951999999976,9266.62656,9335.72608,69.09951999999976,4,4.667735907839834,RankSurprise
microVoSTN_R_1-3+,0,12134.89152,12418.33472,283.4432000000015,12134.89152,12418.33472,283.4432000000015,7,4.187659934601314,RankSurprise
microVoSTN_R_1-3+,0,14087.3728,14341.07904,253.70624000000134,14087.3728,14341.07904,253.70624000000134,6,3.5374171525790827,RankSurprise
microVoSTN_R_1-3+,0,24984.49408,25236.72576,252.23168000000078,24984.49408,25236.72576,252.23168000000078,7,4.761921697936741,RankSurprise
microVoSTN_R_1-3+,0,28825.8048,29130.09664,304.29183999999805,28825.8048,29130.09664,304.29183999999805,8,5.391020359365486,RankSurprise
microVoSTN_R_1-3+,0,30393.9584,32640.65536,2246.696960000001,30393.9584,32640.65536,2246.696960000001,36,10.32083940403801,RankSurprise
microVoSTN_R_1-3+,0,33266.60608,33503.8464,237.24032000000443,33266.60608,33503.8464,237.24032000000443,6,3.814549509762205,RankSurprise
microVoSTN_R_1-3+,0,33902.10048,34202.33728,300.23679999999877,33902.10048,34202.33728,300.23679999999877,10,8.811074686240385,RankSurprise
microVoSTN_R_1-3+,0,35313.33632,35336.97024,23.633920000000217,35313.33632,35336.97024,23.633920000000217,3,4.783510877689475,RankSurprise
microVoSTN_R_1-3+,0,48710.98368,49087.20128,376.2176000000036,48710.98368,49087.20128,376.2176000000036,12,9.356888447416551,RankSurprise
microVoSTN_R_1-3+,0,59027.49696,59160.9856,133.48864000000322,59027.49696,59160.9856,133.48864000000322,5,4.4302055334738775,RankSurprise
microVoSTN_R_1-3+,0,60548.3008,60610.10944,61.808640000002924,60548.3008,60610.10944,61.808640000002924,4,4.890946655843287,RankSurprise
microVoSTN_R_1-3+,0,63477.3504,63590.93248,113.58208000000013,63477.3504,63590.93248,113.58208000000013,5,4.9362329686400805,RankSurprise
microVoSTN_R_1-3+,0,71023.08352,71805.58336,782.499840000004,71023.08352,71805.58336,782.499840000004,12,4.446645967727471,RankSurprise
microVoSTN_R_1-3+,0,73067.60192,73768.67328,701.0713600000017,73067.60192,73768.67328,701.0713600000017,14,7.170382734770782,RankSurprise
microVoSTN_R_1-3+,0,74231.11168,74390.24128,159.1296000000002,74231.11168,74390.24128,159.1296000000002,6,5.231260286746725,RankSurprise
microVoSTN_R_1-3+,0,74866.19648,74891.14112,24.944640000001527,74866.19648,74891.14112,24.944640000001527,4,8.195086134919137,RankSurprise
microVoSTN_R_1-3+,0,77921.40288,78101.2992,179.89631999999983,77921.40288,78101.2992,179.89631999999983,7,6.687739325995231,RankSurprise
microVoSTN_R_1-3+,0,78792.62208,78869.25824,76.63615999999456,78792.62208,78869.25824,76.63615999999456,5,6.394624127815014,RankSurprise
microVoSTN_R_1-3+,0,79803.71968,80029.73696,226.01728000000003,79803.71968,80029.73696,226.01728000000003,8,7.013584161250829,RankSurprise
microVoSTN_R_1-3+,0,98728.83712,99450.30656,721.4694400000008,98728.83712,99450.30656,721.4694400000008,12,4.526811099852694,RankSurprise
microVoSTN_R_1-3+,0,105518.77632,106084.80256,566.026239999992,105518.77632,106084.80256,566.026239999992,11,5.79622049856233,RankSurprise
microVoSTN_R_1-3+,0,107539.41504,107612.32384,72.90879999999015,107539.41504,107612.32384,72.90879999999015,4,4.417283546320856,RankSurprise
microVoSTN_R_1-3+,0,111460.51584,111523.14368,62.627840000001015,111460.51584,111523.14368,62.627840000001015,4,4.890946655843287,RankSurprise
microVoSTN_R_1-3+,0,114150.48192,114162.76992,12.288000000000466,114150.48192,114162.76992,12.288000000000466,3,6.920944836166441,RankSurprise
microVoSTN_R_1-3+,0,116487.65952,116797.27616,309.6166399999929,116487.65952,116797.27616,309.6166399999929,11,10.321597257728026,RankSurprise
microVoSTN_R_1-3+,0,119646.4128,119946.40384,299.9910399999935,119646.4128,119946.40384,299.9910399999935,7,3.8530548066024366,RankSurprise
microVoSTN_R_1-3+,0,122787.14368,122881.14688,94.00320000000647,122787.14368,122881.14688,94.00320000000647,5,5.526258015060215,RankSurprise
microVoSTN_R_1-3+,0,123337.19552,124355.33824,1018.1427200000035,123337.19552,124355.33824,1018.1427200000035,14,3.582368110192642,RankSurprise
microVoSTN_R_1-3+,0,128833.65888,128990.0032,156.3443200000038,128833.65888,128990.0032,156.3443200000038,7,7.659061768073563,RankSurprise
microVoSTN_R_1-3+,0,134783.83616,135144.07936,360.24319999999716,134783.83616,135144.07936,360.24319999999716,9,5.9968931524971,RankSurprise
microVoSTN_R_1-3+,0,151613.19424,151670.08768,56.893439999985276,151613.19424,151670.08768,56.893439999985276,5,7.84364455644095,RankSurprise
microVoSTN_R_1-3+,0,153671.02464,153842.31936,171.29472000000533,153671.02464,153842.31936,171.29472000000533,8,8.716766834287526,RankSurprise
microVoSTN_R_1-3+,0,154784.52224,154967.53152,183.0092799999984,154784.52224,154967.53152,183.0092799999984,6,4.580733169782368,RankSurprise
microVoSTN_R_1-3+,0,157344.03072,157380.608,36.5772799999977,157344.03072,157380.608,36.5772799999977,3,3.760339873026078,RankSurprise
microVoSTN_R_1-3+,0,159420.08832,159515.40224,95.31391999998596,159420.08832,159515.40224,95.31391999998596,4,3.642992682648913,RankSurprise
microVoSTN_R_1-3+,0,160074.87488,160096.09216,21.21728000001167,160074.87488,160096.09216,21.21728000001167,3,5.112796189698399,RankSurprise
microVoSTN_R_1-3+,0,165774.70464,166107.46368,332.75903999997536,165774.70464,166107.46368,332.75903999997536,7,3.9801110123759886,RankSurprise
microVoSTN_R_1-3+,0,171399.7824,171481.66144,81.8790399999998,171399.7824,171481.66144,81.8790399999998,4,4.083234432448936,RankSurprise
microVoSTN_R_1-3+,0,176458.05568,176476.16,18.104320000013104,176458.05568,176476.16,18.104320000013104,4,9.349897615376928,RankSurprise
microVoSTN_R_1-3+,0,180052.992,180790.43584,737.4438399999926,180052.992,180790.43584,737.4438399999926,14,6.819484881369482,RankSurprise
microVoSTN_R_1-3+,0,181295.14496,181328.60928,33.464319999999134,181295.14496,181328.60928,33.464319999999134,3,3.981453491846361,RankSurprise
microVoSTN_R_1-3+,0,203845.09952,203877.49888,32.39936000001035,203845.09952,203877.49888,32.39936000001035,3,4.0277281261380455,RankSurprise
microVoSTN_R_1-3+,0,206052.84352,206253.50656,200.663040000014,206052.84352,206253.50656,200.663040000014,7,6.458243182981065,RankSurprise
microVoSTN_R_1-3+,0,211662.80704,211691.56096,28.753919999988284,211662.80704,211691.56096,28.753919999988284,3,4.42964838827967,RankSurprise
microVoSTN_R_1-3+,0,216640.9216,216708.17792,67.25631999998586,216640.9216,216708.17792,67.25631999998586,4,4.558358499068085,RankSurprise
microVoSTN_R_1-3+,0,226503.02464,226555.6992,52.674560000014026,226503.02464,226555.6992,52.674560000014026,4,5.458673530041668,RankSurprise
microVoSTN_R_1-3+,0,238087.94624,238569.02144,481.07520000002114,238087.94624,238569.02144,481.07520000002114,9,5.022187241860398,RankSurprise
microVoSTN_R_1-3+,0,240628.03968,241464.97536,836.9356800000241,240628.03968,241464.97536,836.9356800000241,18,9.837321244823162,RankSurprise
microVoSTN_R_1-3+,0,251462.61504,251891.99872,429.383679999999,251462.61504,251891.99872,429.383679999999,9,4.60240301974162,RankSurprise
microVoSTN_R_1-3+,0,253629.52192,253668.27008,38.748159999988275,253629.52192,253668.27008,38.748159999988275,3,3.6282785498631736,RankSurprise
microVoSTN_R_1-3+,0,298569.9328,298597.86752,27.934720000019297,298569.9328,298597.86752,27.934720000019297,3,4.404371527448534,RankSurprise
microVoSTN_R_1-3+,0,302500.00384,304247.48032,1747.4764799999539,302500.00384,304247.48032,1747.4764799999539,30,9.941532526189247,RankSurprise
microVoSTN_R_1-3+,0,304912.87552,307802.80832,2889.9328000000096,304912.87552,307802.80832,2889.9328000000096,41,11.424860836098826,RankSurprise
microVoSTN_R_1-3+,0,309448.37632,310494.0032,1045.6268799999962,309448.37632,310494.0032,1045.6268799999962,22,11.346430574269727,RankSurprise
microVoSTN_R_1-3+,0,311001.57952,313822.98624,2821.40671999997,311001.57952,313822.98624,2821.40671999997,43,12.28593796146114,RankSurprise
microVoSTN_R_1-3+,0,316955.48416,317008.03584,52.55168000003323,316955.48416,317008.03584,52.55168000003323,4,5.448690141337256,RankSurprise
microVoSTN_R_1-3+,0,328671.6416,328855.7568,184.1152000000002,328671.6416,328855.7568,184.1152000000002,6,4.611444062239619,RankSurprise
microVoSTN_R_1-3+,0,346293.00224,346304.3072,11.304959999979474,346293.00224,346304.3072,11.304959999979474,3,7.130445611076864,RankSurprise
microVoSTN_R_1-3+,0,347444.14208,347458.1504,14.008319999964442,347444.14208,347458.1504,14.008319999964442,3,6.415849887109436,RankSurprise
microVoSTN_R_1-3+,1,1903.616,2422.784,519.1680000000001,1903.616,2422.784,519.1680000000001,5,3.604139505510993,RankSurprise
microVoSTN_R_1-3+,1,67072.45056,67211.75552,139.30496000000858,67072.45056,67211.75552,139.30496000000858,4,5.593406083977538,RankSurprise
microVoSTN_R_1-3+,1,68594.44224,69260.57472,666.1324800000002,68594.44224,69260.57472,666.1324800000002,6,4.23280679480424,RankSurprise
microVoSTN_R_1-3+,1,70527.54944,70646.33344,118.78399999999965,70527.54944,70646.33344,118.78399999999965,4,5.946760884350526,RankSurprise
microVoSTN_R_1-3+,1,72304.72192,73328.4352,1023.7132800000109,72304.72192,73328.4352,1023.7132800000109,7,4.2635747069553265,RankSurprise
microVoSTN_R_1-3+,1,118932.31616,118951.23968,18.923519999996643,118932.31616,118951.23968,18.923519999996643,3,6.8392537833489335,RankSurprise
microVoSTN_R_1-3+,1,124009.0624,124499.43552,490.37312000000384,124009.0624,124499.43552,490.37312000000384,5,3.7699668148219416,RankSurprise
microVoSTN_R_1-3+,1,157340.0576,158148.97664,808.919040000008,157340.0576,158148.97664,808.919040000008,8,6.221857460671549,RankSurprise
microVoSTN_R_1-3+,1,223443.3536,223931.392,488.03839999999036,223443.3536,223931.392,488.03839999999036,6,5.531167994120793,RankSurprise
microVoSTN_R_1-3+,1,227141.79584,227324.68224,182.8863999999885,227141.79584,227324.68224,182.8863999999885,5,7.201737910554499,RankSurprise
microVoSTN_R_1-3+,1,233684.3776,233816.80128,132.42368000000715,233684.3776,233816.80128,132.42368000000715,3,3.6889627499783444,RankSurprise
microVoSTN_R_1-3+,1,242372.608,242568.43776,195.82975999999326,242372.608,242568.43776,195.82975999999326,4,4.63803479369766,RankSurprise
microVoSTN_R_1-3+,1,243613.40928,244606.3616,992.9523200000112,243613.40928,244606.3616,992.9523200000112,7,3.880275210216981,RankSurprise
microVoSTN_R_1-3+,1,267581.48096,267655.45472,73.97375999996439,267581.48096,267655.45472,73.97375999996439,3,4.189931855121792,RankSurprise
microVoSTN_R_1-3+,1,270290.5344,270336.2048,45.6704000000027,270290.5344,270336.2048,45.6704000000027,3,5.201644993948136,RankSurprise
microVoSTN_R_1-3+,1,287890.2272,288327.96672,437.7395200000028,287890.2272,288327.96672,437.7395200000028,5,4.340976890605518,RankSurprise
microVoSTN_R_1-3+,1,289906.19648,290181.98016,275.7836799999932,289906.19648,290181.98016,275.7836799999932,5,5.940242790295983,RankSurprise
microVoSTN_R_1-3+,1,296143.83104,297192.98048,1049.1494400000083,296143.83104,297192.98048,1049.1494400000083,8,5.165204025428683,RankSurprise
microVoSTN_R_1-3+,1,326021.48864,326999.73632,978.2476800000295,326021.48864,326999.73632,978.2476800000295,10,8.09063882982933,RankSurprise
microVoSTN_R_1-3+,1,329587.79392,329702.35904,114.56511999998474,329587.79392,329702.35904,114.56511999998474,3,3.665773889582148,RankSurprise
microVoSTN_R_1-3+,1,342828.93312,343642.43968,813.5065600000089,342828.93312,343642.43968,813.5065600000089,10,9.898595222302408,RankSurprise
microVoSTN_R_1-3+,1,353334.10816,353389.85472,55.74655999999959,353334.10816,353389.85472,55.74655999999959,3,4.818442326120502,RankSurprise
microVoSTN_R_1-3+,1,357260.45184,357333.6064,73.1545599999954,357260.45184,357333.6064,73.1545599999954,3,4.411505547400882,RankSurprise
microVoSTN_R_1-3+,1,385333.90336,385769.39008,435.48671999998624,385333.90336,385769.39008,435.48671999998624,5,4.790807709947824,RankSurprise
microVoSTN_R_1-3+,1,388983.93088,391370.5472,2386.616319999972,388983.93088,391370.5472,2386.616319999972,15,7.292041624328842,RankSurprise
microVoSTN_R_1-3+,2,852.5824,1009.17248,156.59007999999994,852.5824,1009.17248,156.59007999999994,4,4.381003079641776,RankSurprise
microVoSTN_R_1-3+,2,22426.91072,22591.73376,164.8230399999993,22426.91072,22591.73376,164.8230399999993,4,4.17616597209539,RankSurprise
microVoSTN_R_1-3+,2,28947.456,30803.84512,1856.3891200000035,28947.456,30803.84512,1856.3891200000035,19,9.783491593528574,RankSurprise
microVoSTN_R_1-3+,2,36061.67552,36259.4304,197.7548800000004,36061.67552,36259.4304,197.7548800000004,5,5.705389072904417,RankSurprise
microVoSTN_R_1-3+,2,53047.62368,53111.808,64.1843200000003,53047.62368,53111.808,64.1843200000003,3,4.331622389246254,RankSurprise
microVoSTN_R_1-3+,2,58267.56608,58617.0368,349.4707200000048,58267.56608,58617.0368,349.4707200000048,5,3.5349808039147987,RankSurprise
microVoSTN_R_1-3+,2,63355.33056,63445.97504,90.64447999999538,63355.33056,63445.97504,90.64447999999538,3,3.5188317073770055,RankSurprise
microVoSTN_R_1-3+,2,67563.80672,67631.63648,67.82976000000781,67563.80672,67631.63648,67.82976000000781,3,4.080639073091216,RankSurprise
microVoSTN_R_1-3+,2,73059.5328,73560.14592,500.6131199999945,73059.5328,73560.14592,500.6131199999945,6,4.116607732377524,RankSurprise
microVoSTN_R_1-3+,2,76064.23552,77187.97312,1123.737599999993,76064.23552,77187.97312,1123.737599999993,14,8.487552952754463,RankSurprise
microVoSTN_R_1-3+,2,107288.86272,107749.376,460.5132799999992,107288.86272,107749.376,460.5132799999992,6,4.570935584486459,RankSurprise
microVoSTN_R_1-3+,2,114122.1376,114785.81248,663.6748799999914,114122.1376,114785.81248,663.6748799999914,7,3.5376184323025415,RankSurprise
microVoSTN_R_1-3+,2,117101.9776,119638.87616,2536.8985600000015,117101.9776,119638.87616,2536.8985600000015,21,8.011727765899607,RankSurprise
microVoSTN_R_1-3+,2,133270.48704,133338.7264,68.23936000000685,133270.48704,133338.7264,68.23936000000685,3,4.181416698009006,RankSurprise
microVoSTN_R_1-3+,2,136850.10432,136926.74048,76.63615999999456,136850.10432,136926.74048,76.63615999999456,3,3.797058416475359,RankSurprise
microVoSTN_R_1-3+,2,152896.22528,153751.01952,854.7942399999883,152896.22528,153751.01952,854.7942399999883,8,4.158011877264158,RankSurprise
microVoSTN_R_1-3+,2,157297.70496,158983.33184,1685.6268799999962,157297.70496,158983.33184,1685.6268799999962,13,3.9299010956871316,RankSurprise
microVoSTN_R_1-3+,2,184597.46304,184781.824,184.36095999999088,184597.46304,184781.824,184.36095999999088,5,5.986948752076451,RankSurprise
microVoSTN_R_1-3+,2,201151.2832,201191.71072,40.42751999999746,201151.2832,201191.71072,40.42751999999746,3,5.375697117403247,RankSurprise
microVoSTN_R_1-3+,2,208854.38464,209014.70208,160.31743999998434,208854.38464,209014.70208,160.31743999998434,5,6.4096083908908845,RankSurprise
microVoSTN_R_1-3+,2,214182.13376,214240.70656,58.57279999999446,214182.13376,214240.70656,58.57279999999446,3,4.365331318365239,RankSurprise
microVoSTN_R_1-3+,2,219244.70784,220970.96704,1726.2592000000004,219244.70784,220970.96704,1726.2592000000004,13,4.298244442912894,RankSurprise
microVoSTN_R_1-3+,2,240502.3744,240816.3328,313.95840000000317,240502.3744,240816.3328,313.95840000000317,5,3.8642158301436496,RankSurprise
microVoSTN_R_1-3+,2,241577.41056,242856.46848,1279.057920000021,241577.41056,242856.46848,1279.057920000021,16,10.345585252376425,RankSurprise
microVoSTN_R_1-3+,2,250905.68192,251318.4768,412.7948800000013,250905.68192,251318.4768,412.7948800000013,7,5.852731107064274,RankSurprise
microVoSTN_R_1-3+,2,253137.42848,254291.968,1154.5395199999912,253137.42848,254291.968,1154.5395199999912,11,5.09977842864,RankSurprise
microVoSTN_R_1-3+,2,281016.77056,281956.59776,939.8271999999997,281016.77056,281956.59776,939.8271999999997,10,5.127645890892521,RankSurprise
microVoSTN_R_1-3+,2,300717.8752,308822.87616,8105.000959999976,300717.8752,308822.87616,8105.000959999976,60,15.660638330009963,RankSurprise
microVoSTN_R_1-3+,2,309465.78432,313305.2928,3839.5084800000186,309465.78432,313305.2928,3839.5084800000186,29,8.542690638405988,RankSurprise
microVoSTN_R_1-3+,2,315564.27776,316555.42784,991.1500799999922,315564.27776,316555.42784,991.1500799999922,10,5.469537588460426,RankSurprise
microVoSTN_R_1-3+,2,334792.45824,334918.49216,126.03392000001622,334792.45824,334918.49216,126.03392000001622,4,5.063311930829567,RankSurprise
microVoSTN_R_1-3+,2,336112.68096,336201.80992,89.12896000000183,336112.68096,336201.80992,89.12896000000183,3,3.54122007879527,RankSurprise
microVoSTN_R_1-3+,2,365158.15424,365212.42624,54.271999999997206,365158.15424,365212.42624,54.271999999997206,3,4.697383445935504,RankSurprise
microVoSTN_R_1-3+,4,20234.81344,20322.63168,87.81823999999688,20234.81344,20322.63168,87.81823999999688,3,3.9108911963426465,RankSurprise
microVoSTN_R_1-3+,4,30770.176,32868.43392,2098.2579200000037,30770.176,32868.43392,2098.2579200000037,15,7.502208864699104,RankSurprise
microVoSTN_R_1-3+,4,64028.95872,64106.37312,77.4143999999942,64028.95872,64106.37312,77.4143999999942,4,6.877105930893929,RankSurprise
microVoSTN_R_1-3+,4,65030.63552,66127.872,1097.2364799999996,65030.63552,66127.872,1097.2364799999996,8,3.6695784225987618,RankSurprise
microVoSTN_R_1-3+,4,76246.13888,76317.77792,71.63903999999457,76246.13888,76317.77792,71.63903999999457,4,7.0694847945871455,RankSurprise
microVoSTN_R_1-3+,4,85840.24064,86508.21632,667.9756800000032,85840.24064,86508.21632,667.9756800000032,7,4.988167557178857,RankSurprise
microVoSTN_R_1-3+,4,90303.11936,90359.97184,56.85248000000138,90303.11936,90359.97184,56.85248000000138,3,4.836150598199561,RankSurprise
microVoSTN_R_1-3+,4,103241.85088,104508.90752,1267.0566399999952,103241.85088,104508.90752,1267.0566399999952,12,8.154756552427227,RankSurprise
microVoSTN_R_1-3+,4,113503.35488,113999.62624,496.2713599999988,113503.35488,113999.62624,496.2713599999988,6,4.569951537613211,RankSurprise
microVoSTN_R_1-3+,4,170626.58048,170801.7664,175.18591999998898,170626.58048,170801.7664,175.18591999998898,4,4.60809760474266,RankSurprise
microVoSTN_R_1-3+,4,194743.86944,194999.05024,255.1808000000019,194743.86944,194999.05024,255.1808000000019,4,3.7669937038692716,RankSurprise
microVoSTN_R_1-3+,4,215181.84448,216365.62944,1183.78495999999,215181.84448,216365.62944,1183.78495999999,11,6.5741229371128185,RankSurprise
microVoSTN_R_1-3+,4,233968.64,234587.87328,619.2332799999858,233968.64,234587.87328,619.2332799999858,8,6.489937671393771,RankSurprise
microVoSTN_R_1-3+,4,240251.2896,241050.95168,799.6620800000092,240251.2896,241050.95168,799.6620800000092,7,3.6842934766982594,RankSurprise
microVoSTN_R_1-3+,4,242678.86592,242801.58208,122.71615999998176,242678.86592,242801.58208,122.71615999998176,4,5.742542011817132,RankSurprise
microVoSTN_R_1-3+,4,246241.03424,246677.46304,436.4287999999942,246241.03424,246677.46304,436.4287999999942,6,5.184863087119801,RankSurprise
microVoSTN_R_1-3+,4,250507.4688,251368.48896,861.0201599999855,250507.4688,251368.48896,861.0201599999855,7,3.741696948565476,RankSurprise
microVoSTN_R_1-3+,4,260087.27552,261261.39392,1174.1184000000067,260087.27552,261261.39392,1174.1184000000067,10,5.546606159921854,RankSurprise
microVoSTN_R_1-3+,4,265512.38656,265586.56512,74.17855999997118,265512.38656,265586.56512,74.17855999997118,3,4.272121956817239,RankSurprise
microVoSTN_R_1-3+,4,294611.51744,295374.6432,763.1257599999662,294611.51744,295374.6432,763.1257599999662,13,13.924757474616335,RankSurprise
microVoSTN_R_1-3+,4,305517.60896,305908.44928,390.8403200000175,305517.60896,305908.44928,390.8403200000175,6,6.171102807868799,RankSurprise
microVoSTN_R_1-3+,4,306959.60576,307018.62912,59.02335999999195,306959.60576,307018.62912,59.02335999999195,3,4.8543329172827505,RankSurprise
microVoSTN_R_1-3+,4,322347.58144,322541.1584,193.5769600000349,322347.58144,322541.1584,193.5769600000349,6,8.8521630292624,RankSurprise
microVoSTN_R_1-3+,4,323135.32416,323891.97824,756.6540800000075,323135.32416,323891.97824,756.6540800000075,7,4.6778072793877765,RankSurprise
microVoSTN_R_1-3+,4,327531.76576,327806.7712,275.0054400000372,327531.76576,327806.7712,275.0054400000372,5,5.280330988327407,RankSurprise
microVoSTN_R_1-3+,4,360226.69312,360329.58464,102.89152000000468,360226.69312,360329.58464,102.89152000000468,3,3.6445388906971985,RankSurprise
microVoSTN_R_1-3+,4,363424.44032,364027.82208,603.3817600000184,363424.44032,364027.82208,603.3817600000184,6,4.166487192362779,RankSurprise
microVoSTN_R_1-3+,4,366801.42848,368241.09056,1439.66207999998,366801.42848,368241.09056,1439.66207999998,12,6.268084684397897,RankSurprise
microVoSTN_R_1-3+,4,380549.40672,382145.24928,1595.842559999961,380549.40672,382145.24928,1595.842559999961,11,4.535341334444513,RankSurprise
microVoSTN_R_1-3+,4,383496.31488,384222.57664,726.2617599999649,383496.31488,384222.57664,726.2617599999649,9,7.337886091177122,RankSurprise
microVoSTN_R_1-3+,4,387393.3312,388904.67328,1511.342079999973,387393.3312,388904.67328,1511.342079999973,11,5.280417948152771,RankSurprise
microVoSTN_R_2-3+,0,20234.81344,20322.63168,87.81823999999688,20234.81344,20322.63168,87.81823999999688,3,4.40888492217675,RankSurprise
microVoSTN_R_2-3+,0,37428.224,37540.70016,112.47615999999834,37428.224,37540.70016,112.47615999999834,3,3.867961267253481,RankSurprise
microVoSTN_R_2-3+,0,52384.39936,52492.77952,108.38015999999334,52384.39936,52492.77952,108.38015999999334,3,3.9452673813975405,RankSurprise
microVoSTN_R_2-3+,0,103616.63488,103720.7552,104.12032000000181,103616.63488,103720.7552,104.12032000000181,3,3.7753501444183204,RankSurprise
microVoSTN_R_2-3+,0,126400.88064,126623.1296,222.24895999999717,126400.88064,126623.1296,222.24895999999717,4,4.984760676966072,RankSurprise
microVoSTN_R_2-3+,0,185701.7856,185822.45376,120.66816000000108,185701.7856,185822.45376,120.66816000000108,4,7.6180671177838715,RankSurprise
microVoSTN_R_2-3+,0,234058.83392,234654.72,595.8860799999966,234058.83392,234654.72,595.8860799999966,6,4.836196767506987,RankSurprise
microVoSTN_R_2-3+,0,246199.82848,246908.55936,708.7308800000174,246199.82848,246908.55936,708.7308800000174,6,4.450307624751002,RankSurprise
microVoSTN_R_2-3+,0,259888.16896,263289.61024,3401.441279999999,259888.16896,263289.61024,3401.441279999999,14,5.164348947887884,RankSurprise
microVoSTN_R_2-3+,0,294611.47648,295221.32992,609.8534399999771,294611.47648,295221.32992,609.8534399999771,9,10.13062739201507,RankSurprise
microVoSTN_R_2-3+,0,305560.3712,307168.70656,1608.3353600000264,305560.3712,307168.70656,1608.3353600000264,8,4.052640745456019,RankSurprise
microVoSTN_R_2-3+,0,317232.86528,317291.39712,58.53183999995235,317232.86528,317291.39712,58.53183999995235,3,5.782909190704826,RankSurprise
microVoSTN_R_2-3+,0,363857.7152,368088.22784,4230.51264000003,363857.7152,368088.22784,4230.51264000003,22,11.517398884515062,RankSurprise
microVoSTN_R_2-3+,0,377080.46336,392932.88448,15852.421120000014,377080.46336,392932.88448,15852.421120000014,70,22.718931250172297,RankSurprise
microVoSTN_R_2-3+,1,869.25312,885.26848,16.015359999999987,869.25312,885.26848,16.015359999999987,3,4.616699529176197,RankSurprise
microVoSTN_R_2-3+,1,6854.81984,6875.99616,21.176319999999578,6854.81984,6875.99616,21.176319999999578,3,3.821356762913817,RankSurprise
microVoSTN_R_2-3+,1,8008.704,8046.592,37.88799999999992,8008.704,8046.592,37.88799999999992,4,4.51569886217214,RankSurprise
microVoSTN_R_2-3+,1,11348.82816,11354.84928,6.021120000001247,11348.82816,11354.84928,6.021120000001247,3,8.051161004478866,RankSurprise
microVoSTN_R_2-3+,1,12605.27616,12689.08032,83.80415999999968,12605.27616,12689.08032,83.80415999999968,7,7.141675860067593,RankSurprise
microVoSTN_R_2-3+,1,13324.61568,13348.16768,23.55199999999968,13324.61568,13348.16768,23.55199999999968,3,3.514931170348502,RankSurprise
microVoSTN_R_2-3+,1,13593.64096,13631.11936,37.478399999999965,13593.64096,13631.11936,37.478399999999965,5,7.115764714727991,RankSurprise
microVoSTN_R_2-3+,1,13769.60512,13792.50176,22.896639999999024,13769.60512,13792.50176,22.896639999999024,3,3.603480399583548,RankSurprise
microVoSTN_R_2-3+,1,14051.328,14622.06464,570.736640000001,14051.328,14622.06464,570.736640000001,22,9.43926515684295,RankSurprise
microVoSTN_R_2-3+,1,15782.62528,15804.12928,21.503999999998996,15782.62528,15804.12928,21.503999999998996,3,3.6678834018914444,RankSurprise
microVoSTN_R_2-3+,1,18738.46272,18758.69696,20.23424000000159,18738.46272,18758.69696,20.23424000000159,4,6.581030921630617,RankSurprise
microVoSTN_R_2-3+,1,22752.54272,22787.76832,35.22559999999794,22752.54272,22787.76832,35.22559999999794,5,7.623963977912133,RankSurprise
microVoSTN_R_2-3+,1,24973.18912,25051.91424,78.72511999999915,24973.18912,25051.91424,78.72511999999915,5,3.665010742183771,RankSurprise
microVoSTN_R_2-3+,1,25693.3888,25753.02656,59.6377599999978,25693.3888,25753.02656,59.6377599999978,6,7.1563500543428304,RankSurprise
microVoSTN_R_2-3+,1,25866.0352,25885.57312,19.537920000002487,25866.0352,25885.57312,19.537920000002487,3,4.040959515070691,RankSurprise
microVoSTN_R_2-3+,1,26322.61632,26389.58592,66.96960000000036,26322.61632,26389.58592,66.96960000000036,5,4.353933415977121,RankSurprise
microVoSTN_R_2-3+,1,26516.56192,26605.60896,89.04704000000129,26516.56192,26605.60896,89.04704000000129,7,6.872151091644831,RankSurprise
microVoSTN_R_2-3+,1,26926.08,27138.70336,212.62335999999777,26926.08,27138.70336,212.62335999999777,9,4.499772518698444,RankSurprise
microVoSTN_R_2-3+,1,28313.92768,28517.90848,203.98079999999754,28313.92768,28517.90848,203.98079999999754,12,8.860707714714216,RankSurprise
microVoSTN_R_2-3+,1,28825.8048,29305.89696,480.0921599999965,28825.8048,29305.89696,480.0921599999965,18,6.807975217980532,RankSurprise
microVoSTN_R_2-3+,1,29989.76512,32303.43168,2313.6665600000015,29989.76512,32303.43168,2313.6665600000015,81,21.87924972916676,RankSurprise
microVoSTN_R_2-3+,1,32472.71936,32488.73472,16.015360000001237,32472.71936,32488.73472,16.015360000001237,3,4.5928007998154055,RankSurprise
microVoSTN_R_2-3+,1,32640.6144,32685.21984,44.605440000003,32640.6144,32685.21984,44.605440000003,4,3.911401732049182,RankSurprise
microVoSTN_R_2-3+,1,33447.64928,33609.68704,162.03775999999925,33447.64928,33609.68704,162.03775999999925,8,4.6222919238141715,RankSurprise
microVoSTN_R_2-3+,1,33902.10048,34404.1472,502.04671999999846,33902.10048,34404.1472,502.04671999999846,22,10.940996745608281,RankSurprise
microVoSTN_R_2-3+,1,44634.27584,44684.288,50.0121599999984,44634.27584,44684.288,50.0121599999984,7,11.430747920491015,RankSurprise
microVoSTN_R_2-3+,1,46840.29952,46971.74016,131.4406400000007,46840.29952,46971.74016,131.4406400000007,7,4.773959094211945,RankSurprise
microVoSTN_R_2-3+,1,48372.5312,49001.22624,628.695040000006,48372.5312,49001.22624,628.695040000006,20,5.928853097285241,RankSurprise
microVoSTN_R_2-3+,1,53272.3712,53314.02752,41.65632000000187,53272.3712,53314.02752,41.65632000000187,4,4.306311540614537,RankSurprise
microVoSTN_R_2-3+,1,55128.22784,55151.04256,22.814720000002126,55128.22784,55151.04256,22.814720000002126,3,3.5675888952802843,RankSurprise
microVoSTN_R_2-3+,1,57011.8144,57025.57696,13.762559999995574,57011.8144,57025.57696,13.762559999995574,4,9.438201346660566,RankSurprise
microVoSTN_R_2-3+,1,57242.17344,57395.93728,153.76383999999962,57242.17344,57395.93728,153.76383999999962,8,4.774080600683189,RankSurprise
microVoSTN_R_2-3+,1,61645.08672,61953.2288,308.1420799999978,61645.08672,61953.2288,308.1420799999978,12,4.955879182580548,RankSurprise
microVoSTN_R_2-3+,1,63104.32768,63213.69088,109.36319999999978,63104.32768,63213.69088,109.36319999999978,6,3.8999272648648438,RankSurprise
microVoSTN_R_2-3+,1,64021.54496,64806.13376,784.5887999999977,64021.54496,64806.13376,784.5887999999977,22,4.555197884729979,RankSurprise
microVoSTN_R_2-3+,1,69073.79712,69094.85056,21.05344000000332,69073.79712,69094.85056,21.05344000000332,3,3.831478244597717,RankSurprise
microVoSTN_R_2-3+,1,71947.0592,71973.51936,26.46016000000236,71947.0592,71973.51936,26.46016000000236,4,6.023136939690538,RankSurprise
microVoSTN_R_2-3+,1,72556.544,72618.3936,61.849600000001374,72556.544,72618.3936,61.849600000001374,5,4.794635935558684,RankSurprise
microVoSTN_R_2-3+,1,73059.5328,73702.03136,642.4985599999927,73059.5328,73702.03136,642.4985599999927,21,6.358287858174987,RankSurprise
microVoSTN_R_2-3+,1,74231.11168,74344.98048,113.86879999999655,74231.11168,74344.98048,113.86879999999655,7,4.951209720971764,RankSurprise
microVoSTN_R_2-3+,1,75351.6544,75389.58336,37.928960000004736,75351.6544,75389.58336,37.928960000004736,4,4.481323479846889,RankSurprise
microVoSTN_R_2-3+,1,75616.29696,75638.41536,22.118399999992107,75616.29696,75638.41536,22.118399999992107,3,3.658555024741867,RankSurprise
microVoSTN_R_2-3+,1,76789.39136,77091.88096,302.4896000000008,76789.39136,77091.88096,302.4896000000008,16,10.702828965218977,RankSurprise
microVoSTN_R_2-3+,1,77966.29504,78070.53824,104.24319999999716,77966.29504,78070.53824,104.24319999999716,7,5.759972591875399,RankSurprise
microVoSTN_R_2-3+,1,78674.28864,78726.63552,52.34687999999733,78674.28864,78726.63552,52.34687999999733,5,5.479229062565977,RankSurprise
microVoSTN_R_2-3+,1,79803.71968,79975.0144,171.29472000000533,79803.71968,79975.0144,171.29472000000533,11,8.645504039412042,RankSurprise
microVoSTN_R_2-3+,1,91929.3952,91988.33664,58.941439999995055,91929.3952,91988.33664,58.941439999995055,5,5.037332276137359,RankSurprise
microVoSTN_R_2-3+,1,94383.84128,94406.20544,22.364160000011907,94383.84128,94406.20544,22.364160000011907,3,3.6418728113718597,RankSurprise
microVoSTN_R_2-3+,1,96157.20448,96173.58848,16.38400000000547,96157.20448,96173.58848,16.38400000000547,3,4.5313924343008445,RankSurprise
microVoSTN_R_2-3+,1,105944.35072,106347.88864,403.5379200000025,105944.35072,106347.88864,403.5379200000025,13,3.7002693038245145,RankSurprise
microVoSTN_R_2-3+,1,112435.44576,112469.11488,33.66911999999138,112435.44576,112469.11488,33.66911999999138,4,4.973178694971711,RankSurprise
microVoSTN_R_2-3+,1,112672.89088,112941.99808,269.10719999999856,112672.89088,112941.99808,269.10719999999856,11,4.337904934141907,RankSurprise
microVoSTN_R_2-3+,1,114202.17344,114218.92608,16.752640000006068,114202.17344,114218.92608,16.752640000006068,3,4.227415264792855,RankSurprise
microVoSTN_R_2-3+,1,114746.1632,114785.81248,39.649279999997816,114746.1632,114785.81248,39.649279999997816,4,4.3283758750396935,RankSurprise
microVoSTN_R_2-3+,1,114908.5696,115164.48768,255.9180800000031,114908.5696,115164.48768,255.9180800000031,11,6.37832874601967,RankSurprise
microVoSTN_R_2-3+,1,115289.74336,115368.3456,78.60224000000744,115289.74336,115368.3456,78.60224000000744,5,3.732392920404063,RankSurprise
microVoSTN_R_2-3+,1,116612.096,116621.18912,9.09311999999045,116612.096,116621.18912,9.09311999999045,3,6.337514500100582,RankSurprise
microVoSTN_R_2-3+,1,117086.208,117108.61312,22.405119999995804,117086.208,117108.61312,22.405119999995804,3,3.6529788117471096,RankSurprise
microVoSTN_R_2-3+,1,117818.368,118094.4384,276.0703999999969,117818.368,118094.4384,276.0703999999969,15,10.080477454862672,RankSurprise
microVoSTN_R_2-3+,1,118859.9808,118898.31936,38.33855999998923,118859.9808,118898.31936,38.33855999998923,4,4.4534882236789635,RankSurprise
microVoSTN_R_2-3+,1,119151.86176,119172.38272,20.520959999994375,119151.86176,119172.38272,20.520959999994375,3,3.89330698684031,RankSurprise
microVoSTN_R_2-3+,1,119631.62624,119937.31072,305.68447999999626,119631.62624,119937.31072,305.68447999999626,11,4.543871476056127,RankSurprise
microVoSTN_R_2-3+,1,120519.18848,120542.04416,22.85568000000785,120519.18848,120542.04416,22.85568000000785,3,3.57293173121764,RankSurprise
microVoSTN_R_2-3+,1,122985.79968,123048.22272,62.42304000000877,122985.79968,123048.22272,62.42304000000877,6,7.390808759984218,RankSurprise
microVoSTN_R_2-3+,1,124127.76448,124295.3728,167.60831999999937,124127.76448,124295.3728,167.60831999999937,7,3.8227069218600134,RankSurprise
microVoSTN_R_2-3+,1,125091.26656,125140.25472,48.98815999999351,125091.26656,125140.25472,48.98815999999351,4,3.5808369642819606,RankSurprise
microVoSTN_R_2-3+,1,126125.54752,126145.3312,19.783680000007735,126125.54752,126145.3312,19.783680000007735,3,3.922827826210698,RankSurprise
microVoSTN_R_2-3+,1,128676.37248,128696.5248,20.15231999999378,128676.37248,128696.5248,20.15231999999378,3,3.8995963019268753,RankSurprise
microVoSTN_R_2-3+,1,129499.70944,129651.63008,151.92063999999664,129499.70944,129651.63008,151.92063999999664,7,3.7082502718774855,RankSurprise
microVoSTN_R_2-3+,1,130778.9312,130797.64992,18.718719999989844,130778.9312,130797.64992,18.718719999989844,3,4.180958390963491,RankSurprise
microVoSTN_R_2-3+,1,132057.2928,132087.64416,30.351360000000568,132057.2928,132087.64416,30.351360000000568,4,5.426797026957917,RankSurprise
microVoSTN_R_2-3+,1,132464.35328,132470.21056,5.8572799999965355,132464.35328,132470.21056,5.8572799999965355,3,8.136645663614695,RankSurprise
microVoSTN_R_2-3+,1,134845.52192,134913.4336,67.91167999999016,134845.52192,134913.4336,67.91167999999016,5,4.323433406366174,RankSurprise
microVoSTN_R_2-3+,1,135391.39584,135403.02848,11.632639999996172,135391.39584,135403.02848,11.632639999996172,3,5.703514177877828,RankSurprise
microVoSTN_R_2-3+,1,137588.98176,137660.8256,71.84384000001592,137588.98176,137660.8256,71.84384000001592,5,3.9344762159525892,RankSurprise
microVoSTN_R_2-3+,1,138293.8624,138369.96608,76.10368000000017,138293.8624,138369.96608,76.10368000000017,7,7.876896467942402,RankSurprise
microVoSTN_R_2-3+,1,142460.84608,142508.89216,48.046080000000075,142460.84608,142508.89216,48.046080000000075,4,3.6707794700101424,RankSurprise
microVoSTN_R_2-3+,1,148030.464,148034.88768,4.423680000007153,148030.464,148034.88768,4.423680000007153,3,9.106601121281766,RankSurprise
microVoSTN_R_2-3+,1,149873.78688,149937.5616,63.7747199999867,149873.78688,149937.5616,63.7747199999867,5,4.507665151970496,RankSurprise
microVoSTN_R_2-3+,1,152655.0528,152949.3504,294.2975999999908,152655.0528,152949.3504,294.2975999999908,11,4.22967932483075,RankSurprise
microVoSTN_R_2-3+,1,153475.39968,153544.25344,68.85375999999815,153475.39968,153544.25344,68.85375999999815,6,6.282208215854645,RankSurprise
microVoSTN_R_2-3+,1,154128.26112,154280.05888,151.79775999998674,154128.26112,154280.05888,151.79775999998674,11,10.222322581598789,RankSurprise
microVoSTN_R_2-3+,1,156042.52672,156290.78528,248.2585600000166,156042.52672,156290.78528,248.2585600000166,10,4.473525293369893,RankSurprise
microVoSTN_R_2-3+,1,159385.31328,159511.83872,126.52543999999762,159385.31328,159511.83872,126.52543999999762,7,4.787037111540681,RankSurprise
microVoSTN_R_2-3+,1,160110.05952,160132.21888,22.159359999990556,160110.05952,160132.21888,22.159359999990556,3,3.6923427902359958,RankSurprise
microVoSTN_R_2-3+,1,161647.65696,161705.90208,58.245120000006864,161647.65696,161705.90208,58.245120000006864,5,4.933758010515586,RankSurprise
microVoSTN_R_2-3+,1,162553.89696,162621.07136,67.17439999998896,162553.89696,162621.07136,67.17439999998896,5,4.290931122918781,RankSurprise
microVoSTN_R_2-3+,1,164425.56416,164446.28992,20.725760000001173,164425.56416,164446.28992,20.725760000001173,3,3.8745568444229104,RankSurprise
microVoSTN_R_2-3+,1,165845.48352,166000.27136,154.7878400000045,165845.48352,166000.27136,154.7878400000045,8,5.204959507377473,RankSurprise
microVoSTN_R_2-3+,1,172350.2592,172397.1584,46.899199999985285,172350.2592,172397.1584,46.899199999985285,4,3.7258268918545348,RankSurprise
microVoSTN_R_2-3+,1,183491.9936,183514.68544,22.691840000014054,183491.9936,183514.68544,22.691840000014054,3,3.5836604135369665,RankSurprise
microVoSTN_R_2-3+,1,188884.50048,188934.63552,50.135040000022855,188884.50048,188934.63552,50.135040000022855,4,3.5510657247020525,RankSurprise
microVoSTN_R_2-3+,1,194213.72416,194233.87648,20.15231999999378,194213.72416,194233.87648,20.15231999999378,3,3.6885602823527908,RankSurprise
microVoSTN_R_2-3+,1,196513.21856,196535.45984,22.241279999987455,196513.21856,196535.45984,22.241279999987455,3,3.654835822494322,RankSurprise
microVoSTN_R_2-3+,1,198613.52448,198645.02272,31.498240000015358,198613.52448,198645.02272,31.498240000015358,4,5.259109312558547,RankSurprise
microVoSTN_R_2-3+,1,198870.99904,199118.4384,247.4393600000185,198870.99904,199118.4384,247.4393600000185,10,4.677669133075174,RankSurprise
microVoSTN_R_2-3+,1,199923.67104,200235.78624,312.1152000000002,199923.67104,200235.78624,312.1152000000002,11,4.0328725030011325,RankSurprise
microVoSTN_R_2-3+,1,201842.97472,201860.5056,17.53088000000571,201842.97472,201860.5056,17.53088000000571,3,4.3683186445645905,RankSurprise
microVoSTN_R_2-3+,1,205146.60352,205184.69632,38.09279999998398,205146.60352,205184.69632,38.09279999998398,4,4.335766862975095,RankSurprise
microVoSTN_R_2-3+,1,205498.69568,205670.6048,171.90911999999662,205498.69568,205670.6048,171.90911999999662,7,3.819598278366348,RankSurprise
microVoSTN_R_2-3+,1,206026.50624,206444.3392,417.83295999999973,206026.50624,206444.3392,417.83295999999973,13,3.5338424782340003,RankSurprise
microVoSTN_R_2-3+,1,207997.17376,208219.5456,222.37184000000707,207997.17376,208219.5456,222.37184000000707,9,4.239018554698008,RankSurprise
microVoSTN_R_2-3+,1,208846.60224,209005.73184,159.12959999998566,208846.60224,209005.73184,159.12959999998566,8,4.392399631778934,RankSurprise
microVoSTN_R_2-3+,1,209137.29536,209521.09056,383.7952000000223,209137.29536,209521.09056,383.7952000000223,15,6.161124217309512,RankSurprise
microVoSTN_R_2-3+,1,209811.0464,210094.6944,283.6480000000156,209811.0464,210094.6944,283.6480000000156,11,4.66784656952087,RankSurprise
microVoSTN_R_2-3+,1,223803.06432,223817.03168,13.967359999980545,223803.06432,223817.03168,13.967359999980545,3,5.018041198853256,RankSurprise
microVoSTN_R_2-3+,1,225239.94112,225408.94208,169.00096000000485,225239.94112,225408.94208,169.00096000000485,9,5.965506838739305,RankSurprise
microVoSTN_R_2-3+,1,229733.66272,229751.72608,18.063360000000102,229733.66272,229751.72608,18.063360000000102,3,4.195512735863835,RankSurprise
microVoSTN_R_2-3+,1,238256.82432,238336.32768,79.50335999997333,238256.82432,238336.32768,79.50335999997333,5,3.7275420826835237,RankSurprise
microVoSTN_R_2-3+,1,239637.01248,239828.21376,191.2012800000084,239637.01248,239828.21376,191.2012800000084,8,3.6266419059101027,RankSurprise
microVoSTN_R_2-3+,1,240476.7744,240926.84288,450.0684800000163,240476.7744,240926.84288,450.0684800000163,18,7.910670078738647,RankSurprise
microVoSTN_R_2-3+,1,242082.69312,242259.1488,176.45567999998457,242082.69312,242259.1488,176.45567999998457,14,14.33468998021748,RankSurprise
microVoSTN_R_2-3+,1,242774.2208,243018.752,244.53119999999763,242774.2208,243018.752,244.53119999999763,11,5.586847459631873,RankSurprise
microVoSTN_R_2-3+,1,247594.5984,247657.59488,62.99648000000161,247594.5984,247657.59488,62.99648000000161,5,4.565826420447916,RankSurprise
microVoSTN_R_2-3+,1,253062.3488,253225.984,163.6351999999897,253062.3488,253225.984,163.6351999999897,8,4.675216856668615,RankSurprise
microVoSTN_R_2-3+,1,253624.15616,253642.67008,18.513919999997597,253624.15616,253642.67008,18.513919999997597,3,4.220007846095351,RankSurprise
microVoSTN_R_2-3+,1,261107.46624,261120.45056,12.984319999988656,261107.46624,261120.45056,12.984319999988656,3,4.84570252201207,RankSurprise
microVoSTN_R_2-3+,1,271998.60736,272011.0592,12.451839999994263,271998.60736,272011.0592,12.451839999994263,3,5.182570019595849,RankSurprise
microVoSTN_R_2-3+,1,273916.96896,273931.8784,14.909439999959432,273916.96896,273931.8784,14.909439999959432,3,4.835618459914489,RankSurprise
microVoSTN_R_2-3+,1,297402.61376,297424.40448,21.790720000048168,297402.61376,297424.40448,21.790720000048168,3,3.7344294796045983,RankSurprise
microVoSTN_R_2-3+,1,298231.68512,298381.59872,149.91360000002896,298231.68512,298381.59872,149.91360000002896,7,3.5757982519939913,RankSurprise
microVoSTN_R_2-3+,1,298566.90176,298571.81696,4.915200000046752,298566.90176,298571.81696,4.915200000046752,3,8.76811883373253,RankSurprise
microVoSTN_R_2-3+,1,299418.05056,299488.62464,70.57407999999123,299418.05056,299488.62464,70.57407999999123,7,8.416660066830815,RankSurprise
microVoSTN_R_2-3+,1,300411.61728,300849.72544,438.1081600000034,300411.61728,300849.72544,438.1081600000034,14,3.9905633927134336,RankSurprise
microVoSTN_R_2-3+,1,301409.0752,301423.57504,14.499840000004042,301409.0752,301423.57504,14.499840000004042,3,4.95299476233906,RankSurprise
microVoSTN_R_2-3+,1,301837.02528,301850.09152,13.066240000014659,301837.02528,301850.09152,13.066240000014659,3,5.331553200659441,RankSurprise
microVoSTN_R_2-3+,1,302151.0656,302260.10112,109.03552000003401,302151.0656,302260.10112,109.03552000003401,7,5.786568421849351,RankSurprise
microVoSTN_R_2-3+,1,302511.47264,303348.28544,836.8128000000142,302511.47264,303348.28544,836.8128000000142,25,6.182416478371315,RankSurprise
microVoSTN_R_2-3+,1,303804.2112,303823.83104,19.619839999999385,303804.2112,303823.83104,19.619839999999385,3,4.045471644759431,RankSurprise
microVoSTN_R_2-3+,1,304208.2816,304247.3984,39.116800000017975,304208.2816,304247.3984,39.116800000017975,4,4.378997431822086,RankSurprise
microVoSTN_R_2-3+,1,304414.06464,304478.57664,64.51199999998789,304414.06464,304478.57664,64.51199999998789,5,4.681055748008443,RankSurprise
microVoSTN_R_2-3+,1,304933.84704,305078.35392,144.50688000000082,304933.84704,305078.35392,144.50688000000082,10,9.050473236277698,RankSurprise
microVoSTN_R_2-3+,1,305726.464,306364.53888,638.0748800000292,305726.464,306364.53888,638.0748800000292,30,17.394289750329136,RankSurprise
microVoSTN_R_2-3+,1,307183.90272,307405.824,221.92128000000957,307183.90272,307405.824,221.92128000000957,10,5.371887888011575,RankSurprise
microVoSTN_R_2-3+,1,307622.42048,308602.14272,979.7222400000319,307622.42048,308602.14272,979.7222400000319,35,11.651312928044039,RankSurprise
microVoSTN_R_2-3+,1,309045.12512,309882.88,837.7548800000222,309045.12512,309882.88,837.7548800000222,30,11.409448180877984,RankSurprise
microVoSTN_R_2-3+,1,310407.12704,310433.09568,25.96864000003552,310407.12704,310433.09568,25.96864000003552,4,6.096760304149381,RankSurprise
microVoSTN_R_2-3+,1,311115.44832,311160.54528,45.096959999995306,311115.44832,311160.54528,45.096959999995306,4,3.9126868039758698,RankSurprise
microVoSTN_R_2-3+,1,311899.3408,312330.15808,430.8172800000175,311899.3408,312330.15808,430.8172800000175,21,11.981883474320258,RankSurprise
microVoSTN_R_2-3+,1,312711.33184,313031.10656,319.7747199999867,312711.33184,313031.10656,319.7747199999867,15,8.88172958640369,RankSurprise
microVoSTN_R_2-3+,1,313456.72192,313673.60512,216.88320000004023,313456.72192,313673.60512,216.88320000004023,9,3.748985880117358,RankSurprise
microVoSTN_R_2-3+,1,326785.10592,326807.06048,21.954559999983758,326785.10592,326807.06048,21.954559999983758,3,3.6716269695505463,RankSurprise
microVoSTN_R_2-3+,1,331366.56384,331424.9728,58.40895999997156,331366.56384,331424.9728,58.40895999997156,5,5.054858427325286,RankSurprise
microVoSTN_R_2-3+,1,331975.14752,331989.27872,14.131200000003446,331975.14752,331989.27872,14.131200000003446,3,5.055113654516239,RankSurprise
microVoSTN_R_2-3+,1,332829.0816,332846.12096,17.039359999995213,332829.0816,332846.12096,17.039359999995213,3,4.403125428878139,RankSurprise
microVoSTN_R_2-3+,1,337198.57152,337217.90464,19.333120000024792,337198.57152,337217.90464,19.333120000024792,3,4.0750512606238605,RankSurprise
microVoSTN_R_2-3+,1,338564.5056,338652.03712,87.53152000001865,338564.5056,338652.03712,87.53152000001865,6,5.1590883865608035,RankSurprise
microVoSTN_R_2-3+,1,343661.9776,343785.10336,123.12576000002446,343661.9776,343785.10336,123.12576000002446,6,3.6027656909697754,RankSurprise
microVoSTN_R_2-3+,1,359230.50496,359368.78592,138.2809600000037,359230.50496,359368.78592,138.2809600000037,7,3.9710977112696444,RankSurprise
microVoSTN_R_2-3+,1,369597.44,369639.91552,42.47551999997813,369597.44,369639.91552,42.47551999997813,4,4.114711769802209,RankSurprise
microVoSTN_R_2-3+,3,15728.68096,15917.34272,188.66176000000087,15728.68096,15917.34272,188.66176000000087,5,5.973552190459799,RankSurprise
microVoSTN_R_2-3+,3,27976.00768,29453.96736,1477.95968,27976.00768,29453.96736,1477.95968,17,10.480795226041298,RankSurprise
microVoSTN_R_2-3+,3,31329.93536,33556.19328,2226.25792,31329.93536,33556.19328,2226.25792,21,9.827052280266496,RankSurprise
microVoSTN_R_2-3+,3,71204.2496,71229.19424,24.944640000001527,71204.2496,71229.19424,24.944640000001527,3,6.400030724280257,RankSurprise
microVoSTN_R_2-3+,3,72952.70912,74110.07488,1157.3657600000006,72952.70912,74110.07488,1157.3657600000006,15,11.679190281095346,RankSurprise
microVoSTN_R_2-3+,3,76230.0416,76274.97472,44.93312000000151,76230.0416,76274.97472,44.93312000000151,3,5.043589326310048,RankSurprise
microVoSTN_R_2-3+,3,77728.768,77822.976,94.20799999999872,77728.768,77822.976,94.20799999999872,4,6.0340032866339435,RankSurprise
microVoSTN_R_2-3+,3,110043.29984,110343.90528,300.60543999999936,110043.29984,110343.90528,300.60543999999936,5,4.211793866325351,RankSurprise
microVoSTN_R_2-3+,3,118446.98112,119091.93728,644.9561600000015,118446.98112,119091.93728,644.9561600000015,8,6.156169926732591,RankSurprise
microVoSTN_R_2-3+,3,123475.72224,124088.32,612.5977600000042,123475.72224,124088.32,612.5977600000042,7,4.028338168616472,RankSurprise
microVoSTN_R_2-3+,3,153763.6352,153842.2784,78.64320000002044,153763.6352,153842.2784,78.64320000002044,3,3.765690384543138,RankSurprise
microVoSTN_R_2-3+,3,154887.12704,155077.30432,190.17728000000352,154887.12704,155077.30432,190.17728000000352,4,3.9195388550017647,RankSurprise
microVoSTN_R_2-3+,3,186154.43456,186416.3328,261.89824000000954,186154.43456,186416.3328,261.89824000000954,5,4.742121823443039,RankSurprise
microVoSTN_R_2-3+,3,211597.55776,212045.45536,447.8975999999966,211597.55776,212045.45536,447.8975999999966,8,8.197358879053517,RankSurprise
microVoSTN_R_2-3+,3,216600.41216,216669.96224,69.55007999998634,216600.41216,216669.96224,69.55007999998634,3,4.125038524057455,RankSurprise
microVoSTN_R_2-3+,3,219292.99968,219654.144,361.14431999999215,219292.99968,219654.144,361.14431999999215,5,3.5686702107128134,RankSurprise
microVoSTN_R_2-3+,3,222565.13024,222583.3984,18.2681600000069,222565.13024,222583.3984,18.2681600000069,3,7.475386150784099,RankSurprise
microVoSTN_R_2-3+,3,223482.18368,223504.50688,22.323200000013458,223482.18368,223504.50688,22.323200000013458,3,6.841427841614484,RankSurprise
microVoSTN_R_2-3+,3,239496.192,239560.74496,64.5529600000009,239496.192,239560.74496,64.5529600000009,3,4.21596423152155,RankSurprise
microVoSTN_R_2-3+,3,241956.49536,242345.32864,388.83327999999165,241956.49536,242345.32864,388.83327999999165,6,4.891308492004711,RankSurprise
microVoSTN_R_2-3+,3,302556.52864,313830.8096,11274.280960000004,302556.52864,313830.8096,11274.280960000004,90,31.419256638264645,RankSurprise
microVoSTN_R_2-3+,3,346160.20992,346304.3072,144.09727999998722,346160.20992,346304.3072,144.09727999998722,5,7.200013426840474,RankSurprise
microVoSTN_R_2-3+,4,5208.4736,5302.02624,93.55263999999988,5208.4736,5302.02624,93.55263999999988,4,5.702093904755657,RankSurprise
microVoSTN_R_2-3+,4,11150.86848,12150.45632,999.5878400000001,11150.86848,12150.45632,999.5878400000001,13,7.307183821514285,RankSurprise
microVoSTN_R_2-3+,4,17025.31072,17058.36544,33.05472000000009,17025.31072,17058.36544,33.05472000000009,3,5.529044598460841,RankSurprise
microVoSTN_R_2-3+,4,20778.1888,21068.88192,290.6931199999999,20778.1888,21068.88192,290.6931199999999,5,3.776283223615227,RankSurprise
microVoSTN_R_2-3+,4,31825.5104,31884.32896,58.81855999999971,31825.5104,31884.32896,58.81855999999971,3,4.121020093030483,RankSurprise
microVoSTN_R_2-3+,4,38122.25024,38182.46144,60.211199999997916,38122.25024,38182.46144,60.211199999997916,3,4.053072699945085,RankSurprise
microVoSTN_R_2-3+,4,39912.57088,40013.90592,101.33503999999812,39912.57088,40013.90592,101.33503999999812,4,5.2854233981824414,RankSurprise
microVoSTN_R_2-3+,4,42730.25024,43147.63264,417.38240000000224,42730.25024,43147.63264,417.38240000000224,8,7.235337632510959,RankSurprise
microVoSTN_R_2-3+,4,62229.17632,62530.39616,301.21983999999793,62229.17632,62530.39616,301.21983999999793,5,3.7188573253183463,RankSurprise
microVoSTN_R_2-3+,4,63592.32512,64832.47104,1240.1459199999954,63592.32512,64832.47104,1240.1459199999954,13,5.559289094792255,RankSurprise
microVoSTN_R_2-3+,4,75216.81408,75954.21696,737.4028800000087,75216.81408,75954.21696,737.4028800000087,12,8.759135438408325,RankSurprise
microVoSTN_R_2-3+,4,85904.71168,86102.87616,198.16448000000673,85904.71168,86102.87616,198.16448000000673,5,5.361262921531058,RankSurprise
microVoSTN_R_2-3+,4,89806.4384,89881.68192,75.24352000000363,89806.4384,89881.68192,75.24352000000363,3,3.660098105778813,RankSurprise
microVoSTN_R_2-3+,4,100554.09664,100609.26976,55.173119999992196,100554.09664,100609.26976,55.173119999992196,3,4.173539773741881,RankSurprise
microVoSTN_R_2-3+,4,102620.07808,103300.3008,680.2227199999907,102620.07808,103300.3008,680.2227199999907,8,4.757806267448555,RankSurprise
microVoSTN_R_2-3+,4,105873.48992,106173.07136,299.5814399999945,105873.48992,106173.07136,299.5814399999945,5,3.6412191706676467,RankSurprise
microVoSTN_R_2-3+,4,123316.0192,123375.2064,59.1872000000003,123316.0192,123375.2064,59.1872000000003,3,4.1123993499865765,RankSurprise
microVoSTN_R_2-3+,4,126935.77728,126994.92352,59.14624000000185,126935.77728,126994.92352,59.14624000000185,3,4.138373862741151,RankSurprise
microVoSTN_R_2-3+,4,134555.27936,134930.0224,374.7430400000012,134555.27936,134930.0224,374.7430400000012,6,4.214675493670711,RankSurprise
microVoSTN_R_2-3+,4,136467.08736,136525.49632,58.40896000000066,136467.08736,136525.49632,58.40896000000066,3,4.191357351903429,RankSurprise
microVoSTN_R_2-3+,4,146872.1152,147006.6688,134.55360000001383,146872.1152,147006.6688,134.55360000001383,6,9.282172688815056,RankSurprise
microVoSTN_R_2-3+,4,152336.42496,152412.11904,75.69407999998657,152336.42496,152412.11904,75.69407999998657,3,3.6532487639332363,RankSurprise
microVoSTN_R_2-3+,4,154007.42912,154048.18432,40.755200000014156,154007.42912,154048.18432,40.755200000014156,3,4.92979745588571,RankSurprise
microVoSTN_R_2-3+,4,158896.16896,159777.75104,881.5820799999929,158896.16896,159777.75104,881.5820799999929,8,3.5430711559626187,RankSurprise
microVoSTN_R_2-3+,4,167934.64832,167989.4528,54.8044799999916,167934.64832,167989.4528,54.8044799999916,3,4.320733392536306,RankSurprise
microVoSTN_R_2-3+,4,195191.3984,195267.29728,75.89887999999337,195191.3984,195267.29728,75.89887999999337,3,3.7087117567887287,RankSurprise
microVoSTN_R_2-3+,4,219044.90496,219093.27872,48.37375999998767,219044.90496,219093.27872,48.37375999998767,3,4.564072676427061,RankSurprise
microVoSTN_R_2-3+,4,224633.856,224710.8608,77.00479999999516,224633.856,224710.8608,77.00479999999516,3,3.639620051540085,RankSurprise
microVoSTN_R_2-3+,4,233250.69312,233317.41696,66.72383999999147,233250.69312,233317.41696,66.72383999999147,3,3.839430208036637,RankSurprise
microVoSTN_R_2-3+,4,234717.7984,234768.09728,50.29887999998755,234717.7984,234768.09728,50.29887999998755,3,4.448856787250081,RankSurprise
microVoSTN_R_2-3+,4,236735.03744,237190.67648,455.6390400000091,236735.03744,237190.67648,455.6390400000091,6,3.6066036751484485,RankSurprise
microVoSTN_R_2-3+,4,239928.5248,242028.87168,2100.3468799999973,239928.5248,242028.87168,2100.3468799999973,19,6.044698405258542,RankSurprise
microVoSTN_R_2-3+,4,285170.93376,285238.23104,67.29727999999886,285170.93376,285238.23104,67.29727999999886,4,6.6084377296996415,RankSurprise
microVoSTN_R_2-3+,4,289891.28704,290033.37728,142.09023999999044,289891.28704,290033.37728,142.09023999999044,7,11.600360425778021,RankSurprise
microVoSTN_R_2-3+,4,290714.95168,290758.81984,43.86816000001272,290714.95168,290758.81984,43.86816000001272,3,4.780193574445287,RankSurprise
microVoSTN_R_2-3+,4,308293.05856,308650.43456,357.3760000000475,308293.05856,308650.43456,357.3760000000475,6,4.416408018267755,RankSurprise
microVoSTN_R_2-3+,4,312394.42432,312510.58688,116.16256000002613,312394.42432,312510.58688,116.16256000002613,4,4.946237758294409,RankSurprise
microVoSTN_R_2-3+,4,342335.73376,342380.46208,44.72832000005292,342335.73376,342380.46208,44.72832000005292,3,4.697828281506277,RankSurprise
microVoSTN_R_2-3+,4,362855.424,362866.15552,10.731519999972079,362855.424,362866.15552,10.731519999972079,3,8.174990589071285,RankSurprise
microVoSTN_R_2-3+,4,369784.6272,369857.49504,72.8678400000208,369784.6272,369857.49504,72.8678400000208,3,3.737030902715592,RankSurprise
microVoSTN_R_2-3+,4,380758.6304,380837.39648,78.76607999997213,380758.6304,380837.39648,78.76607999997213,3,3.6328403645547063,RankSurprise
microVoSTN_R_2-3+,4,382142.70976,382293.36064,150.65088000003016,382142.70976,382293.36064,150.65088000003016,4,4.061552621245191,RankSurprise
microVoSTN_R_2-3+,4,383750.7584,385061.76512,1311.0067200000049,383750.7584,385061.76512,1311.0067200000049,13,5.387655918687694,RankSurprise
microVoSTN_R_2-3+,4,390311.85408,391011.24608,699.3919999999925,390311.85408,391011.24608,699.3919999999925,8,5.22232083646662,RankSurprise
microVoSTN_R_4-5+,2,8643.25632,9252.94592,609.6895999999997,8643.25632,9252.94592,609.6895999999997,7,5.831978569226076,RankSurprise
microVoSTN_R_4-5+,2,29657.25184,29840.26112,183.0092799999984,29657.25184,29840.26112,183.0092799999984,4,5.308017900070922,RankSurprise
microVoSTN_R_4-5+,2,31403.33568,31525.56032,122.22464000000036,31403.33568,31525.56032,122.22464000000036,4,6.813743641132966,RankSurprise
microVoSTN_R_4-5+,2,38644.85888,39041.51552,396.65664000000106,38644.85888,39041.51552,396.65664000000106,6,6.511713397741964,RankSurprise
microVoSTN_R_4-5+,2,95454.98624,96051.77344,596.7872000000061,95454.98624,96051.77344,596.7872000000061,7,6.064495118013062,RankSurprise
microVoSTN_R_4-5+,2,104782.4384,104877.4656,95.02719999999681,104782.4384,104877.4656,95.02719999999681,3,4.405762914572714,RankSurprise
microVoSTN_R_4-5+,2,124543.34464,124674.21184,130.86720000000787,124543.34464,124674.21184,130.86720000000787,3,3.6580329759491867,RankSurprise
microVoSTN_R_4-5+,2,129245.30688,129344.34816,99.04127999999037,129245.30688,129344.34816,99.04127999999037,3,4.139806936298859,RankSurprise
microVoSTN_R_4-5+,2,148499.0464,148636.18048,137.134080000018,148499.0464,148636.18048,137.134080000018,3,3.562491571264035,RankSurprise
microVoSTN_R_4-5+,2,151168.16384,151663.2064,495.0425600000017,151168.16384,151663.2064,495.0425600000017,7,7.461965671517433,RankSurprise
microVoSTN_R_4-5+,2,154050.64192,154150.05184,99.40992000000551,154050.64192,154150.05184,99.40992000000551,3,4.353127285110533,RankSurprise
microVoSTN_R_4-5+,2,190560.99328,192736.21504,2175.221760000015,190560.99328,192736.21504,2175.221760000015,12,4.558022086396967,RankSurprise
microVoSTN_R_4-5+,2,195085.84448,195173.86752,88.02304000000004,195085.84448,195173.86752,88.02304000000004,3,4.754477930709603,RankSurprise
microVoSTN_R_4-5+,2,209316.61824,209790.3616,473.7433599999931,209316.61824,209790.3616,473.7433599999931,5,3.7665215068891023,RankSurprise
microVoSTN_R_4-5+,2,211372.93312,212154.1632,781.2300800000085,211372.93312,212154.1632,781.2300800000085,6,3.8135072503152863,RankSurprise
microVoSTN_R_4-5+,2,225540.95616,225656.6272,115.67103999998653,225540.95616,225656.6272,115.67103999998653,4,6.903979409015257,RankSurprise
microVoSTN_R_4-5+,2,236632.18688,237220.6592,588.4723200000008,236632.18688,237220.6592,588.4723200000008,6,4.6370107820076045,RankSurprise
microVoSTN_R_4-5+,2,253313.88416,254148.89472,835.0105600000243,253313.88416,254148.89472,835.0105600000243,11,11.606740238448493,RankSurprise
microVoSTN_R_4-5+,2,271346.36032,271450.64448,104.28416000003926,271346.36032,271450.64448,104.28416000003926,3,4.155432254201939,RankSurprise
microVoSTN_R_4-5+,2,282960.4864,283032.45312,71.96672000002582,282960.4864,283032.45312,71.96672000002582,3,5.203428150757507,RankSurprise
microVoSTN_R_4-5+,2,286769.3568,286961.00864,191.6518400000059,286769.3568,286961.00864,191.6518400000059,5,7.8218272075752004,RankSurprise
microVoSTN_R_4-5+,2,290687.63136,290808.54528,120.91392000002088,290687.63136,290808.54528,120.91392000002088,3,3.745547791982302,RankSurprise
microVoSTN_R_4-5+,2,292057.33376,292275.6096,218.27584000001661,292057.33376,292275.6096,218.27584000001661,4,4.582602789185266,RankSurprise
microVoSTN_R_4-5+,2,320564.8384,320701.07136,136.2329599999939,320564.8384,320701.07136,136.2329599999939,4,6.069671734732598,RankSurprise
microVoSTN_R_4-5+,2,336207.58528,336284.18048,76.59519999998156,336207.58528,336284.18048,76.59519999998156,3,4.978181549246518,RankSurprise
microVoSTN_R_4-5+,2,342425.8048,342549.21728,123.41247999999905,342425.8048,342549.21728,123.41247999999905,3,3.797331162341436,RankSurprise
microVoSTN_R_4-5+,2,367470.83776,367758.37696,287.53919999999925,367470.83776,367758.37696,287.53919999999925,4,3.772838768733962,RankSurprise
microVoSTN_R_4-5+,2,377463.27552,377703.54688,240.27135999995517,377463.27552,377703.54688,240.27135999995517,4,4.290913741000473,RankSurprise
microVoSTN_R_4-6+,0,5012.60288,5177.18016,164.57727999999952,5012.60288,5177.18016,164.57727999999952,4,4.636758176633865,RankSurprise
microVoSTN_R_4-6+,0,16894.60736,17470.50496,575.8975999999966,16894.60736,17470.50496,575.8975999999966,6,4.109457454241897,RankSurprise
microVoSTN_R_4-6+,0,19372.52352,20496.9984,1124.4748800000016,19372.52352,20496.9984,1124.4748800000016,14,11.25085950150301,RankSurprise
microVoSTN_R_4-6+,0,55839.00672,55991.54176,152.53504000000248,55839.00672,55991.54176,152.53504000000248,4,4.81645367685984,RankSurprise
microVoSTN_R_4-6+,0,69355.60192,69515.79648,160.19456000000355,69355.60192,69515.79648,160.19456000000355,4,4.752328699450487,RankSurprise
microVoSTN_R_4-6+,0,84130.4064,86835.89632,2705.4899199999927,84130.4064,86835.89632,2705.4899199999927,18,6.480955404018066,RankSurprise
microVoSTN_R_4-6+,0,90456.43264,90606.87872,150.44607999999425,90456.43264,90606.87872,150.44607999999425,4,4.968385890746049,RankSurprise
microVoSTN_R_4-6+,0,92516.5568,92573.696,57.139199999990524,92516.5568,92573.696,57.139199999990524,3,4.622495363636947,RankSurprise
microVoSTN_R_4-6+,0,95710.78144,95760.384,49.60255999999936,95710.78144,95760.384,49.60255999999936,3,4.861080099439535,RankSurprise
microVoSTN_R_4-6+,0,127031.66464,127110.144,78.47935999999754,127031.66464,127110.144,78.47935999999754,3,3.9703045952330527,RankSurprise
microVoSTN_R_4-6+,0,132551.4752,132593.33632,41.861120000015944,132551.4752,132593.33632,41.861120000015944,3,5.216702596341989,RankSurprise
microVoSTN_R_4-6+,0,147376.00512,147607.42912,231.42399999999907,147376.00512,147607.42912,231.42399999999907,4,3.7390256863047178,RankSurprise
microVoSTN_R_4-6+,0,167560.47872,167955.49696,395.0182399999758,167560.47872,167955.49696,395.0182399999758,5,3.8191350378082447,RankSurprise
microVoSTN_R_4-6+,0,171050.27072,171114.82368,64.5529600000009,171050.27072,171114.82368,64.5529600000009,3,4.467976088154945,RankSurprise
microVoSTN_R_4-6+,0,175701.15584,175796.224,95.06815999999526,175701.15584,175796.224,95.06815999999526,3,3.6008337935776,RankSurprise
microVoSTN_R_4-6+,0,215467.25376,216517.38624,1050.1324800000002,215467.25376,216517.38624,1050.1324800000002,8,3.677658406399302,RankSurprise
microVoSTN_R_4-6+,0,234970.9312,235752.20224,781.2710400000215,234970.9312,235752.20224,781.2710400000215,9,6.1089189135530395,RankSurprise
microVoSTN_R_4-6+,0,238142.17728,239297.3312,1155.1539199999825,238142.17728,239297.3312,1155.1539199999825,8,3.7368069169163616,RankSurprise
microVoSTN_R_4-6+,0,244153.79456,244228.7104,74.91584000000148,244153.79456,244228.7104,74.91584000000148,4,6.9145001827538906,RankSurprise
microVoSTN_R_4-6+,0,293458.3296,293646.78656,188.45695999998134,293458.3296,293646.78656,188.45695999998134,4,4.3067538221484085,RankSurprise
microVoSTN_R_4-6+,0,295395.1232,295808.90112,413.7779200000223,295395.1232,295808.90112,413.7779200000223,6,5.077267075382068,RankSurprise
microVoSTN_R_4-6+,0,321411.03104,321751.94112,340.91008000000147,321411.03104,321751.94112,340.91008000000147,5,4.289937884264756,RankSurprise
microVoSTN_R_4-6+,0,326236.20096,326585.58976,349.3888000000152,326236.20096,326585.58976,349.3888000000152,6,6.085266922339095,RankSurprise
microVoSTN_R_4-6+,0,344973.88544,345607.45472,633.5692799999961,344973.88544,345607.45472,633.5692799999961,7,5.01064421327187,RankSurprise
microVoSTN_R_4-6+,0,348410.59328,349155.40992,744.8166400000337,348410.59328,349155.40992,744.8166400000337,6,3.7003127921698766,RankSurprise
microVoSTN_R_4-6+,0,362640.71168,362691.95264,51.240959999966435,362640.71168,362691.95264,51.240959999966435,3,4.807504399437448,RankSurprise
microVoSTN_R_4-6+,0,366135.13216,366745.68192,610.5497600000235,366135.13216,366745.68192,610.5497600000235,8,6.691289936758387,RankSurprise
microVoSTN_R_4-6+,0,372830.8224,373375.83616,545.0137600000016,372830.8224,373375.83616,545.0137600000016,6,4.895641452535479,RankSurprise
microVoSTN_R_4-6+,0,374626.05824,374629.66272,3.6044800000381656,374626.05824,374629.66272,3.6044800000381656,3,10.245738975809136,RankSurprise
microVoSTN_R_4-6+,0,382001.27488,384941.83424,2940.559360000014,382001.27488,384941.83424,2940.559360000014,19,7.371995819912091,RankSurprise
microVoSTN_R_4-6+,0,385993.19552,388008.3456,2015.1500799999922,385993.19552,388008.3456,2015.1500799999922,13,4.171608713644885,RankSurprise
microVoSTN_R_4-6+,0,388893.04064,389150.26944,257.2287999999826,388893.04064,389150.26944,257.2287999999826,4,3.514854402945989,RankSurprise
microVoSTN_R_4-6+,1,3033.74336,3106.28352,72.54016000000001,3033.74336,3106.28352,72.54016000000001,3,4.003165512242477,RankSurprise
microVoSTN_R_4-6+,1,8806.48192,9435.87328,629.3913599999996,8806.48192,9435.87328,629.3913599999996,8,5.08824721207844,RankSurprise
microVoSTN_R_4-6+,1,14441.71776,15023.5136,581.7958400000007,14441.71776,15023.5136,581.7958400000007,8,5.490546702959392,RankSurprise
microVoSTN_R_4-6+,1,17187.96288,17542.79936,354.83648000000176,17187.96288,17542.79936,354.83648000000176,5,3.809953185836644,RankSurprise
microVoSTN_R_4-6+,1,29754.9824,29840.30208,85.31968000000052,29754.9824,29840.30208,85.31968000000052,4,6.013761202772436,RankSurprise
microVoSTN_R_4-6+,1,31321.94816,31642.29632,320.34816000000137,31321.94816,31642.29632,320.34816000000137,5,3.7403525085122986,RankSurprise
microVoSTN_R_4-6+,1,33491.68128,33549.47584,57.79456000000209,33491.68128,33549.47584,57.79456000000209,3,4.293394969300884,RankSurprise
microVoSTN_R_4-6+,1,38644.85888,38827.33568,182.47679999999673,38644.85888,38827.33568,182.47679999999673,5,5.970682986143849,RankSurprise
microVoSTN_R_4-6+,1,55823.07328,55909.62176,86.54848000000493,55823.07328,55909.62176,86.54848000000493,3,3.587612856138561,RankSurprise
microVoSTN_R_4-6+,1,68253.2864,68637.61408,384.32768000000215,68253.2864,68637.61408,384.32768000000215,6,4.512123826182822,RankSurprise
microVoSTN_R_4-6+,1,80004.87424,80318.38208,313.5078399999911,80004.87424,80318.38208,313.5078399999911,6,5.516790175172524,RankSurprise
microVoSTN_R_4-6+,1,95365.81632,96163.06176,797.2454399999988,95365.81632,96163.06176,797.2454399999988,12,9.277163529145398,RankSurprise
microVoSTN_R_4-6+,1,97072.86528,97119.55968,46.69440000000759,97072.86528,97119.55968,46.69440000000759,3,4.794589105387036,RankSurprise
microVoSTN_R_4-6+,1,103717.15072,103898.89024,181.73951999998826,103717.15072,103898.89024,181.73951999998826,5,5.957316176850448,RankSurprise
microVoSTN_R_4-6+,1,113144.0128,113217.98656,73.97376000000804,113144.0128,113217.98656,73.97376000000804,3,3.836053010392959,RankSurprise
microVoSTN_R_4-6+,1,145789.00992,146230.0672,441.0572799999791,145789.00992,146230.0672,441.0572799999791,6,3.8876087312044465,RankSurprise
microVoSTN_R_4-6+,1,151053.06624,151770.23488,717.1686400000181,151053.06624,151770.23488,717.1686400000181,8,3.933918563174775,RankSurprise
microVoSTN_R_4-6+,1,153859.85024,154050.64192,190.7916799999948,153859.85024,154050.64192,190.7916799999948,4,3.751236546262078,RankSurprise
microVoSTN_R_4-6+,1,168677.49888,169871.36,1193.8611199999868,168677.49888,169871.36,1193.8611199999868,10,3.5437315513558105,RankSurprise
microVoSTN_R_4-6+,1,188104.74496,188542.44352,437.6985599999898,188104.74496,188542.44352,437.6985599999898,6,3.9539328963815006,RankSurprise
microVoSTN_R_4-6+,1,195105.1776,195221.0944,115.91680000000633,195105.1776,195221.0944,115.91680000000633,4,5.196983538685608,RankSurprise
microVoSTN_R_4-6+,1,196978.19648,197153.5872,175.39071999999578,196978.19648,197153.5872,175.39071999999578,6,8.452844538935246,RankSurprise
microVoSTN_R_4-6+,1,200243.07712,201423.91296,1180.8358399999852,200243.07712,201423.91296,1180.8358399999852,10,4.290302770902685,RankSurprise
microVoSTN_R_4-6+,1,209213.07136,209850.53184,637.4604800000088,209213.07136,209850.53184,637.4604800000088,9,6.504120004891013,RankSurprise
microVoSTN_R_4-6+,1,218878.81216,219190.59968,311.7875200000126,218878.81216,219190.59968,311.7875200000126,6,5.574930474335616,RankSurprise
microVoSTN_R_4-6+,1,225614.06976,225656.6272,42.55743999997503,225614.06976,225656.6272,42.55743999997503,3,4.860385224678197,RankSurprise
microVoSTN_R_4-6+,1,234954.42432,235018.07616,63.651840000005905,234954.42432,235018.07616,63.651840000005905,3,4.204709951753227,RankSurprise
microVoSTN_R_4-6+,1,249108.52096,249382.01088,273.4899199999927,249108.52096,249382.01088,273.4899199999927,5,4.352167350185784,RankSurprise
microVoSTN_R_4-6+,1,253897.3184,254148.93568,251.61728000000585,253897.3184,254148.93568,251.61728000000585,5,4.653585027065283,RankSurprise
microVoSTN_R_4-6+,1,263734.19008,264035.77856,301.5884800000349,263734.19008,264035.77856,301.5884800000349,5,3.969099186407419,RankSurprise
microVoSTN_R_4-6+,1,282960.44544,283087.01184,126.56640000001062,282960.44544,283087.01184,126.56640000001062,4,4.929478608703334,RankSurprise
microVoSTN_R_4-6+,1,286769.3568,287424.96256,655.6057600000058,286769.3568,287424.96256,655.6057600000058,9,6.115241981331265,RankSurprise
microVoSTN_R_4-6+,1,288994.54976,289836.76928,842.2195199999842,288994.54976,289836.76928,842.2195199999842,11,7.231200397771391,RankSurprise
microVoSTN_R_4-6+,1,295049.05216,295168.49152,119.43935999996029,295049.05216,295168.49152,119.43935999996029,4,5.090101544163591,RankSurprise
microVoSTN_R_4-6+,1,309047.78752,309101.03552,53.24799999996321,309047.78752,309101.03552,53.24799999996321,3,4.494624167988947,RankSurprise
microVoSTN_R_4-6+,1,336207.62624,336270.70464,63.07839999999851,336207.62624,336270.70464,63.07839999999851,3,4.185525042037632,RankSurprise
microVoSTN_R_4-6+,1,350032.11776,350329.93792,297.82016000000294,350032.11776,350329.93792,297.82016000000294,5,4.3655902025670486,RankSurprise
microVoSTN_R_4-6+,1,362496.65536,362599.34208,102.68671999999788,362496.65536,362599.34208,102.68671999999788,4,5.622106250703034,RankSurprise
microVoSTN_R_4-6+,1,367027.65056,367091.99872,64.3481599999941,367027.65056,367091.99872,64.3481599999941,3,4.09226754855105,RankSurprise
microVoSTN_R_4-6+,1,370544.0256,370630.61504,86.58944000001065,370544.0256,370630.61504,86.58944000001065,3,3.608965439729298,RankSurprise
microVoSTN_R_4-6+,1,373162.10688,373619.9168,457.8099200000288,373162.10688,373619.9168,457.8099200000288,7,5.320128337892834,RankSurprise
microVoSTN_R_4-6+,1,377305.53856,377926.2464,620.7078399999882,377305.53856,377926.2464,620.7078399999882,8,5.00806615380464,RankSurprise
microVoSTN_R_4-6+,1,380206.16192,386084.37248,5878.210560000036,380206.16192,386084.37248,5878.210560000036,45,10.898734014807633,RankSurprise
microVoSTN_R_4-6+,1,387725.88544,388032.59392,306.70848000003025,387725.88544,388032.59392,306.70848000003025,6,5.718292033516917,RankSurprise
microVoSTN_R_4-6+,1,392133.95968,392522.87488,388.91519999998854,392133.95968,392522.87488,388.91519999998854,6,5.468851081257704,RankSurprise
microVoSTN_R_5-6+,0,3605.21728,4471.808,866.5907200000001,3605.21728,4471.808,866.5907200000001,5,3.918408918829023,RankSurprise
microVoSTN_R_5-6+,0,17328.90624,20899.18464,3570.2783999999992,17328.90624,20899.18464,3570.2783999999992,11,4.1084459439693815,RankSurprise
microVoSTN_R_5-6+,0,39525.33504,43292.91776,3767.5827199999985,39525.33504,43292.91776,3767.5827199999985,12,4.824685005597886,RankSurprise
microVoSTN_R_5-6+,0,86374.4,86566.46144,192.06144000000495,86374.4,86566.46144,192.06144000000495,3,4.638620816341902,RankSurprise
microVoSTN_R_5-6+,0,122203.25888,125495.13216,3291.87328,122203.25888,125495.13216,3291.87328,10,3.7129938969744045,RankSurprise
microVoSTN_R_5-6+,0,128528.22016,129514.04544,985.8252800000046,128528.22016,129514.04544,985.8252800000046,5,3.8416935188003833,RankSurprise
microVoSTN_R_5-6+,0,219081.9328,219240.12032,158.18751999997767,219081.9328,219240.12032,158.18751999997767,3,4.847522010940568,RankSurprise
microVoSTN_R_5-6+,0,246403.4816,247459.79904,1056.3174400000134,246403.4816,247459.79904,1056.3174400000134,6,5.022858329148356,RankSurprise
microVoSTN_R_5-6+,0,289891.1232,290684.84608,793.7228800000157,289891.1232,290684.84608,793.7228800000157,5,4.578593545582116,RankSurprise
microVoSTN_R_5-6+,0,294562.11968,295740.2112,1178.0915200000163,294562.11968,295740.2112,1178.0915200000163,9,9.943163252656092,RankSurprise
microVoSTN_R_5-6+,0,324122.50112,324864.86016,742.3590400000103,324122.50112,324864.86016,742.3590400000103,5,4.526728280337025,RankSurprise
microVoSTN_R_5-6+,0,351501.84448,352006.3488,504.5043199999491,351501.84448,352006.3488,504.5043199999491,4,4.214249655962146,RankSurprise
microVoSTN_R_5-6+,0,357025.01376,363888.51712,6863.503359999973,357025.01376,363888.51712,6863.503359999973,19,6.108945841096619,RankSurprise
microVoSTN_R_5-6+,0,380508.44672,383573.11488,3064.668160000001,380508.44672,383573.11488,3064.668160000001,12,7.647647544725624,RankSurprise
microVoSTN_R_5-6+,0,384987.136,386261.31968,1274.1836800000165,384987.136,386261.31968,1274.1836800000165,6,4.421911923474121,RankSurprise
microVoSTN_R_5-6+,2,16116.77696,18396.81536,2280.0384000000013,16116.77696,18396.81536,2280.0384000000013,9,5.0684168351802406,RankSurprise
microVoSTN_R_5-6+,2,39021.93664,40536.18688,1514.2502400000012,39021.93664,40536.18688,1514.2502400000012,9,7.741427352091841,RankSurprise
microVoSTN_R_5-6+,2,96378.10176,97776.10752,1398.00576,96378.10176,97776.10752,1398.00576,7,4.2815392696521375,RankSurprise
microVoSTN_R_5-6+,2,102726.81984,102877.51168,150.6918399999995,102726.81984,102877.51168,150.6918399999995,3,4.25326809496649,RankSurprise
microVoSTN_R_5-6+,2,127869.25568,127980.25728,111.00160000000324,127869.25568,127980.25728,111.00160000000324,3,4.796296859227115,RankSurprise
microVoSTN_R_5-6+,2,146037.43232,146498.72384,461.29151999999885,146037.43232,146498.72384,461.29151999999885,5,5.88519784690164,RankSurprise
microVoSTN_R_5-6+,2,324837.00736,325691.63776,854.6304000000237,324837.00736,325691.63776,854.6304000000237,5,3.5796461666130455,RankSurprise
microVoSTN_R_5-6+,2,353043.37408,353230.31552,186.94144000002416,353043.37408,353230.31552,186.94144000002416,3,3.87235867611577,RankSurprise
microVoSTN_R_5-6+,2,357922.97984,368968.82688,11045.847040000022,357922.97984,368968.82688,11045.847040000022,29,5.387291220084009,RankSurprise
microVoSTN_R_5-6+,2,383216.14848,388970.9056,5754.757120000024,383216.14848,388970.9056,5754.757120000024,21,10.091477532534936,RankSurprise
microVoSTN_R_5-6+,2,390495.8464,391557.20192,1061.355520000041,390495.8464,391557.20192,1061.355520000041,6,3.9635439501745613,RankSurprise
microVA_L_1-2+,0,6701.91616,7467.04896,765.1328000000003,6701.91616,7467.04896,765.1328000000003,6,3.8440709395958974,RankSurprise
microVA_L_1-2+,0,11389.78816,13476.00384,2086.2156799999993,11389.78816,13476.00384,2086.2156799999993,12,4.550797819718661,RankSurprise
microVA_L_1-2+,0,14200.99584,14833.74592,632.7500799999998,14200.99584,14833.74592,632.7500799999998,6,4.545106278955079,RankSurprise
microVA_L_1-2+,0,23054.37696,26425.344,3370.9670399999995,23054.37696,26425.344,3370.9670399999995,16,4.11207562851092,RankSurprise
microVA_L_1-2+,0,42912.39936,43318.76352,406.36415999999736,42912.39936,43318.76352,406.36415999999736,5,4.186681374682738,RankSurprise
microVA_L_1-2+,0,67807.06816,68096.12288,289.0547200000001,67807.06816,68096.12288,289.0547200000001,5,5.450003284218397,RankSurprise
microVA_L_1-2+,0,79716.7616,81071.63648,1354.874880000003,79716.7616,81071.63648,1354.874880000003,10,5.571308013608886,RankSurprise
microVA_L_1-2+,0,93114.85952,94270.75072,1155.8911999999982,93114.85952,94270.75072,1155.8911999999982,8,3.8736854259222384,RankSurprise
microVA_L_1-2+,0,129994.1376,130209.01376,214.8761599999998,129994.1376,130209.01376,214.8761599999998,5,6.759164889216969,RankSurprise
microVA_L_1-2+,0,131757.91616,132650.63936,892.7232000000076,131757.91616,132650.63936,892.7232000000076,8,5.754076422508266,RankSurprise
microVA_L_1-2+,0,138272.64512,138462.24896,189.60383999999613,138272.64512,138462.24896,189.60383999999613,4,4.630201891075497,RankSurprise
microVA_L_1-2+,0,140178.10432,140829.2864,651.1820799999987,140178.10432,140829.2864,651.1820799999987,6,3.6332956990415126,RankSurprise
microVA_L_1-2+,0,158655.0784,158838.784,183.7056000000157,158655.0784,158838.784,183.7056000000157,4,4.839347485112537,RankSurprise
microVA_L_1-2+,0,180868.87424,181739.43808,870.563839999988,180868.87424,181739.43808,870.563839999988,7,3.9828525289303167,RankSurprise
microVA_L_1-2+,0,185385.20576,185449.79968,64.59391999998479,185385.20576,185449.79968,64.59391999998479,3,4.6745475989141205,RankSurprise
microVA_L_1-2+,0,193729.37216,193803.96032,74.58816000001389,193729.37216,193803.96032,74.58816000001389,3,4.581070600191456,RankSurprise
microVA_L_1-2+,0,205518.15168,205605.02784,86.87615999998525,205518.15168,205605.02784,86.87615999998525,3,4.184709920040351,RankSurprise
microVA_L_1-2+,0,211464.97024,212058.48064,593.5103999999992,211464.97024,212058.48064,593.5103999999992,5,3.5532911462319774,RankSurprise
microVA_L_1-2+,0,213113.48736,214099.31264,985.82527999999,213113.48736,214099.31264,985.82527999999,7,3.754673826812843,RankSurprise
microVA_L_1-2+,0,219988.21376,220060.30336,72.08959999997751,219988.21376,220060.30336,72.08959999997751,3,4.474376528743402,RankSurprise
microVA_L_1-2+,0,224267.0592,224738.79552,471.73632000002544,224267.0592,224738.79552,471.73632000002544,6,5.413318431529916,RankSurprise
microVA_L_1-2+,0,226001.22368,227380.75648,1379.5328000000154,226001.22368,227380.75648,1379.5328000000154,9,4.7585452708328715,RankSurprise
microVA_L_1-2+,0,240326.32832,240751.86176,425.53343999999925,240326.32832,240751.86176,425.53343999999925,5,4.126579867652424,RankSurprise
microVA_L_1-2+,0,244281.91744,244788.87936,506.96192000000156,244281.91744,244788.87936,506.96192000000156,6,4.893184906995714,RankSurprise
microVA_L_1-2+,0,246181.19168,246759.34208,578.1504000000132,246181.19168,246759.34208,578.1504000000132,6,4.337781225048387,RankSurprise
microVA_L_1-2+,0,248556.62592,248664.35072,107.72479999999632,248556.62592,248664.35072,107.72479999999632,3,3.7309410563930037,RankSurprise
microVA_L_1-2+,0,270958.01856,271429.67296,471.65439999999944,270958.01856,271429.67296,471.65439999999944,5,3.5360990985799106,RankSurprise
microVA_L_1-2+,0,332066.6112,332184.45312,117.84192000003532,332066.6112,332184.45312,117.84192000003532,3,3.637628879251352,RankSurprise
microVA_L_1-2+,0,350680.76032,350795.44832,114.68800000002375,350680.76032,350795.44832,114.68800000002375,3,3.637628879251352,RankSurprise
microVA_L_1-2+,0,362399.82592,363556.00384,1156.1779200000456,362399.82592,363556.00384,1156.1779200000456,9,6.209507596549271,RankSurprise
microVA_L_1-2+,0,392917.07392,392985.31328,68.23936000000685,392917.07392,392985.31328,68.23936000000685,3,4.599419738859654,RankSurprise
microVA_L_1-2+,1,6518.25152,7337.984,819.7324800000006,6518.25152,7337.984,819.7324800000006,8,3.611676666862814,RankSurprise
microVA_L_1-2+,1,18200.12544,18268.11904,67.9936000000016,18200.12544,18268.11904,67.9936000000016,3,4.120793067408327,RankSurprise
microVA_L_1-2+,1,34541.81376,34583.7568,41.94304000000557,34541.81376,34583.7568,41.94304000000557,3,5.351912473286202,RankSurprise
microVA_L_1-2+,1,60204.72832,60684.45184,479.72351999999955,60204.72832,60684.45184,479.72351999999955,7,5.426319350189968,RankSurprise
microVA_L_1-2+,1,88242.9952,88663.36768,420.3724799999909,88242.9952,88663.36768,420.3724799999909,6,4.627100338017828,RankSurprise
microVA_L_1-2+,1,89582.55104,89619.53792,36.986879999996745,89582.55104,89619.53792,36.986879999996745,3,5.406962978804826,RankSurprise
microVA_L_1-2+,1,98901.8112,99113.94304,212.13184000000183,98901.8112,99113.94304,212.13184000000183,4,3.5673052951730035,RankSurprise
microVA_L_1-2+,1,101469.47072,101803.70432,334.23360000000685,101469.47072,101803.70432,334.23360000000685,5,3.686587436752582,RankSurprise
microVA_L_1-2+,1,103676.88704,103798.21056,121.32352000000537,103676.88704,103798.21056,121.32352000000537,5,7.591950997582057,RankSurprise
microVA_L_1-2+,1,114304.65536,114488.27904,183.6236799999897,114304.65536,114488.27904,183.6236799999897,7,11.030640920653951,RankSurprise
microVA_L_1-2+,1,130905.25184,130985.69728,80.44543999999587,130905.25184,130985.69728,80.44543999999587,3,3.7310413977612615,RankSurprise
microVA_L_1-2+,1,142565.25312,142625.91488,60.661759999988135,142565.25312,142625.91488,60.661759999988135,3,4.370469158234917,RankSurprise
microVA_L_1-2+,1,164773.92896,164828.61056,54.6816000000108,164773.92896,164828.61056,54.6816000000108,3,4.426653071429287,RankSurprise
microVA_L_1-2+,1,167070.96576,167674.22464,603.2588800000085,167070.96576,167674.22464,603.2588800000085,8,5.2959996241635565,RankSurprise
microVA_L_1-2+,1,168999.36256,169292.71808,293.3555199999828,168999.36256,169292.71808,293.3555199999828,6,5.8922144327356065,RankSurprise
microVA_L_1-2+,1,175482.96192,175667.97824,185.01631999999518,175482.96192,175667.97824,185.01631999999518,4,3.6792406169395946,RankSurprise
microVA_L_1-2+,1,182396.06784,182556.63104,160.56320000000414,182396.06784,182556.63104,160.56320000000414,4,4.185818318012984,RankSurprise
microVA_L_1-2+,1,207680.1024,208279.22432,599.121920000005,207680.1024,208279.22432,599.121920000005,8,4.816037184116919,RankSurprise
microVA_L_1-2+,1,209871.99488,209911.52128,39.526399999973364,209871.99488,209911.52128,39.526399999973364,3,5.521829710265422,RankSurprise
microVA_L_1-2+,1,213931.13088,214386.52416,455.3932799999893,213931.13088,214386.52416,455.3932799999893,7,5.292735866984782,RankSurprise
microVA_L_1-2+,1,215483.10528,215747.584,264.4787200000137,215483.10528,215747.584,264.4787200000137,5,4.3653694558126475,RankSurprise
microVA_L_1-2+,1,218603.27424,219007.67232,404.3980800000136,218603.27424,219007.67232,404.3980800000136,6,4.713160957126152,RankSurprise
microVA_L_1-2+,1,225929.25696,226105.46688,176.20991999999387,225929.25696,226105.46688,176.20991999999387,4,3.8791441458971896,RankSurprise
microVA_L_1-2+,1,226682.4704,226743.86944,61.39904000001843,226682.4704,226743.86944,61.39904000001843,3,4.337501129940545,RankSurprise
microVA_L_1-2+,1,246122.82368,248923.83232,2801.0086399999855,246122.82368,248923.83232,2801.0086399999855,19,4.590838078769696,RankSurprise
microVA_L_1-2+,1,255195.5456,255685.95968,490.41407999998773,255195.5456,255685.95968,490.41407999998773,7,5.0876385056588145,RankSurprise
microVA_L_1-2+,1,303804.12928,304145.94048,341.81119999999646,303804.12928,304145.94048,341.81119999999646,7,7.587114403097985,RankSurprise
microVA_L_1-2+,1,323765.98528,323941.25312,175.26783999998588,323765.98528,323941.25312,175.26783999998588,6,8.576231612103768,RankSurprise
microVA_L_1-2+,1,325116.02688,325533.696,417.66911999997683,325116.02688,325533.696,417.66911999997683,6,3.9577287525724585,RankSurprise
microVA_L_1-2+,1,327628.88192,327785.92256,157.04063999996288,327628.88192,327785.92256,157.04063999996288,4,4.257108987776199,RankSurprise
microVA_L_1-2+,1,332807.7824,332865.29024,57.50783999997657,332807.7824,332865.29024,57.50783999997657,3,4.35941932204833,RankSurprise
microVA_L_1-2+,1,355092.35712,355505.80736,413.4502399999765,355092.35712,355505.80736,413.4502399999765,6,4.300976297555422,RankSurprise
microVA_L_1-2+,1,369232.65024,369469.19424,236.5439999999944,369232.65024,369469.19424,236.5439999999944,8,11.643418016527455,RankSurprise
microVA_L_1-2+,1,377214.52544,378067.84512,853.3196800000151,377214.52544,378067.84512,853.3196800000151,8,3.5329102286713128,RankSurprise
microVA_L_1-2+,1,383757.59872,383806.54592,48.947199999995064,383757.59872,383806.54592,48.947199999995064,3,4.914688429405622,RankSurprise
microVA_L_1-2+,1,386239.32416,386438.67648,199.35232000000542,386239.32416,386438.67648,199.35232000000542,4,3.863285045298486,RankSurprise
microVA_L_1-2+,1,389416.42752,389724.07808,307.65055999998003,389416.42752,389724.07808,307.65055999998003,5,4.758721725991855,RankSurprise
microVA_L_1-2+,2,3958.74304,3995.15648,36.413440000000264,3958.74304,3995.15648,36.413440000000264,3,4.268243096935846,RankSurprise
microVA_L_1-2+,2,6700.72832,6835.28192,134.5536000000002,6700.72832,6835.28192,134.5536000000002,5,4.6650266597372685,RankSurprise
microVA_L_1-2+,2,7202.2016,7233.65888,31.457279999999628,7202.2016,7233.65888,31.457279999999628,3,4.453071418718865,RankSurprise
microVA_L_1-2+,2,7803.65824,7990.272,186.61376000000018,7803.65824,7990.272,186.61376000000018,6,5.15754559990215,RankSurprise
microVA_L_1-2+,2,9940.50048,9966.14144,25.640959999998813,9940.50048,9966.14144,25.640959999998813,3,4.953331848605657,RankSurprise
microVA_L_1-2+,2,11518.19776,11683.55328,165.35552000000098,11518.19776,11683.55328,165.35552000000098,5,3.8125669024360533,RankSurprise
microVA_L_1-2+,2,27966.95552,28042.8544,75.89888000000064,27966.95552,28042.8544,75.89888000000064,4,4.755854199157479,RankSurprise
microVA_L_1-2+,2,30463.09888,30556.07808,92.97919999999795,30463.09888,30556.07808,92.97919999999795,4,4.190239728933509,RankSurprise
microVA_L_1-2+,2,33625.9072,33751.69536,125.78815999999642,33625.9072,33751.69536,125.78815999999642,6,7.112668944821557,RankSurprise
microVA_L_1-2+,2,35088.7936,35164.44672,75.65312000000267,35088.7936,35164.44672,75.65312000000267,4,4.762664650610802,RankSurprise
microVA_L_1-2+,2,50716.18048,50862.57152,146.39103999999497,50716.18048,50862.57152,146.39103999999497,5,4.318103494513402,RankSurprise
microVA_L_1-2+,2,52434.41152,52455.0144,20.60287999999855,52434.41152,52455.0144,20.60287999999855,3,5.396958187400811,RankSurprise
microVA_L_1-2+,2,53740.09344,53893.89824,153.80480000000534,53740.09344,53893.89824,153.80480000000534,5,4.025923788348511,RankSurprise
microVA_L_1-2+,2,54419.00544,54445.95712,26.951679999998305,54419.00544,54445.95712,26.951679999998305,3,4.8160563067537705,RankSurprise
microVA_L_1-2+,2,57160.82688,57219.19488,58.36800000000221,57160.82688,57219.19488,58.36800000000221,4,5.406636155333683,RankSurprise
microVA_L_1-2+,2,58375.12704,58412.76928,37.64224000000104,58375.12704,58412.76928,37.64224000000104,3,4.165025934553958,RankSurprise
microVA_L_1-2+,2,59072.79872,59103.35488,30.55616000000009,59072.79872,59103.35488,30.55616000000009,3,4.656736036613555,RankSurprise
microVA_L_1-2+,2,60066.97984,60155.78112,88.80127999999968,60066.97984,60155.78112,88.80127999999968,4,4.1206309977151925,RankSurprise
microVA_L_1-2+,2,61043.5072,61426.60608,383.09887999999773,61043.5072,61426.60608,383.09887999999773,8,4.500867693363008,RankSurprise
microVA_L_1-2+,2,63069.26592,63396.82304,327.55712000000494,63069.26592,63396.82304,327.55712000000494,7,3.686007364321183,RankSurprise
microVA_L_1-2+,2,65999.872,66140.85632,140.9843200000032,65999.872,66140.85632,140.9843200000032,6,6.532721911276475,RankSurprise
microVA_L_1-2+,2,69092.7616,69193.40032,100.63872000000265,69092.7616,69193.40032,100.63872000000265,4,3.792463570416121,RankSurprise
microVA_L_1-2+,2,77624.7296,77733.76512,109.03551999999036,77624.7296,77733.76512,109.03551999999036,5,5.5554593255954465,RankSurprise
microVA_L_1-2+,2,79738.0608,79831.32672,93.26591999999073,79738.0608,79831.32672,93.26591999999073,5,6.4652799089186175,RankSurprise
microVA_L_1-2+,2,84029.15328,84062.08512,32.93184000000474,84029.15328,84062.08512,32.93184000000474,3,4.371759258039612,RankSurprise
microVA_L_1-2+,2,114270.57664,114380.84096,110.26432000000204,114270.57664,114380.84096,110.26432000000204,5,5.51891545910058,RankSurprise
microVA_L_1-2+,2,117390.09024,117423.18592,33.09567999999854,117390.09024,117423.18592,33.09567999999854,3,4.4753248206971765,RankSurprise
microVA_L_1-2+,2,119577.84576,119821.23008,243.3843199999974,119577.84576,119821.23008,243.3843199999974,6,3.608830886135802,RankSurprise
microVA_L_1-2+,2,121168.03584,121269.94432,101.90847999999824,121168.03584,121269.94432,101.90847999999824,4,3.690594401809431,RankSurprise
microVA_L_1-2+,2,122217.71776,122465.19808,247.4803200000024,122217.71776,122465.19808,247.4803200000024,6,3.799672670924402,RankSurprise
microVA_L_1-2+,2,122802.25792,122931.03616,128.77823999999964,122802.25792,122931.03616,128.77823999999964,5,4.804561273940763,RankSurprise
microVA_L_1-2+,2,128707.13344,128800.23552,93.10207999999693,128707.13344,128800.23552,93.10207999999693,4,4.126140644234354,RankSurprise
microVA_L_1-2+,2,134065.60256,134095.17568,29.573119999986375,134065.60256,134095.17568,29.573119999986375,3,4.620316129980585,RankSurprise
microVA_L_1-2+,2,135703.51104,135956.76672,253.25568000000203,135703.51104,135956.76672,253.25568000000203,10,10.607803989991007,RankSurprise
microVA_L_1-2+,2,148535.0912,148550.57408,15.48287999999593,148535.0912,148550.57408,15.48287999999593,3,6.089515571423458,RankSurprise
microVA_L_1-2+,2,151087.63648,151199.58016,111.94368000002578,151087.63648,151199.58016,111.94368000002578,4,3.5191190920302553,RankSurprise
microVA_L_1-2+,2,154196.70528,154431.56992,234.86464000001433,154196.70528,154431.56992,234.86464000001433,6,3.872672380669606,RankSurprise
microVA_L_1-2+,2,169505.25952,169533.93152,28.67200000002049,169505.25952,169533.93152,28.67200000002049,3,4.681389720110451,RankSurprise
microVA_L_1-2+,2,176864.13312,176970.58816,106.45504000000074,176864.13312,176970.58816,106.45504000000074,4,3.564505754133883,RankSurprise
microVA_L_1-2+,2,179200.73728,179302.93248,102.19519999998738,179200.73728,179302.93248,102.19519999998738,4,3.849750518028653,RankSurprise
microVA_L_1-2+,2,182571.37664,182874.39872,303.0220799999952,182571.37664,182874.39872,303.0220799999952,9,7.132008800947383,RankSurprise
microVA_L_1-2+,2,188862.8736,189029.21216,166.33856000000378,188862.8736,189029.21216,166.33856000000378,5,3.7673130858533987,RankSurprise
microVA_L_1-2+,2,190054.4,190392.56576,338.1657600000035,190054.4,190392.56576,338.1657600000035,7,3.6559188166635623,RankSurprise
microVA_L_1-2+,2,190867.74272,190995.61984,127.8771199999901,190867.74272,190995.61984,127.8771199999901,5,4.96758521505155,RankSurprise
microVA_L_1-2+,2,196737.4336,197078.05696,340.6233599999978,196737.4336,197078.05696,340.6233599999978,9,6.316796991612318,RankSurprise
microVA_L_1-2+,2,199421.41952,199465.94304,44.523520000017015,199421.41952,199465.94304,44.523520000017015,3,3.7317144634521444,RankSurprise
microVA_L_1-2+,2,202962.78016,203101.96224,139.18207999999868,202962.78016,203101.96224,139.18207999999868,5,4.452819478032303,RankSurprise
microVA_L_1-2+,2,203608.76032,203710.8736,102.11327999999048,203608.76032,203710.8736,102.11327999999048,4,3.736250088231646,RankSurprise
microVA_L_1-2+,2,206011.55584,206118.05184,106.49600000001374,206011.55584,206118.05184,106.49600000001374,4,3.5394581606808693,RankSurprise
microVA_L_1-2+,2,208587.1616,209227.85792,640.6963200000173,208587.1616,209227.85792,640.6963200000173,12,4.859372509761012,RankSurprise
microVA_L_1-2+,2,211991.83872,212027.84256,36.003839999990305,211991.83872,212027.84256,36.003839999990305,3,4.268243096935846,RankSurprise
microVA_L_1-2+,2,213587.64032,213762.37568,174.7353599999915,213587.64032,213762.37568,174.7353599999915,7,7.312445028056366,RankSurprise
microVA_L_1-2+,2,216307.87584,216420.10624,112.23040000000037,216307.87584,216420.10624,112.23040000000037,6,8.012195542169295,RankSurprise
microVA_L_1-2+,2,217903.88224,218071.16288,167.28063999998267,217903.88224,218071.16288,167.28063999998267,6,5.464505542865346,RankSurprise
microVA_L_1-2+,2,220420.17792,221184.16384,763.9859200000064,220420.17792,221184.16384,763.9859200000064,14,5.630062637952022,RankSurprise
microVA_L_1-2+,2,222779.71968,222995.0464,215.32671999998274,222779.71968,222995.0464,215.32671999998274,7,5.802351408566362,RankSurprise
microVA_L_1-2+,2,238995.37408,239044.73088,49.35679999997956,238995.37408,239044.73088,49.35679999997956,3,3.575935899625625,RankSurprise
microVA_L_1-2+,2,248088.08448,248179.54816,91.4636800000153,248088.08448,248179.54816,91.4636800000153,4,4.07962805883324,RankSurprise
microVA_L_1-2+,2,250266.33728,250331.87328,65.53599999999278,250266.33728,250331.87328,65.53599999999278,4,5.1399731818001975,RankSurprise
microVA_L_1-2+,2,254555.21792,254650.9824,95.76448000001255,254555.21792,254650.9824,95.76448000001255,4,3.931318878494256,RankSurprise
microVA_L_1-2+,2,273528.66816,273576.59136,47.92320000001928,273528.66816,273576.59136,47.92320000001928,4,6.289467359593683,RankSurprise
microVA_L_1-2+,2,274657.36192,274705.2032,47.841279999993276,274657.36192,274705.2032,47.841279999993276,3,3.62652581071063,RankSurprise
microVA_L_1-2+,2,276140.4416,276190.28992,49.84831999999005,276140.4416,276190.28992,49.84831999999005,3,3.512717242632144,RankSurprise
microVA_L_1-2+,2,276659.77344,276803.66592,143.89247999998042,276659.77344,276803.66592,143.89247999998042,5,4.386036091362104,RankSurprise
microVA_L_1-2+,2,281739.79648,281820.52864,80.73215999995591,281739.79648,281820.52864,80.73215999995591,4,4.558414384909209,RankSurprise
microVA_L_1-2+,2,292173.25056,292264.30464,91.0540799999726,292173.25056,292264.30464,91.0540799999726,4,4.255738335775359,RankSurprise
microVA_L_1-2+,2,292630.60992,292827.99616,197.38623999996344,292630.60992,292827.99616,197.38623999996344,8,8.483917915845007,RankSurprise
microVA_L_1-2+,2,300738.60096,301008.77312,270.17216000001645,300738.60096,301008.77312,270.17216000001645,7,4.56386727303735,RankSurprise
microVA_L_1-2+,2,303869.952,303947.776,77.82400000002235,303869.952,303947.776,77.82400000002235,4,4.718670593074389,RankSurprise
microVA_L_1-2+,2,318756.78208,318783.488,26.705920000036713,318756.78208,318783.488,26.705920000036713,3,4.918119562298044,RankSurprise
microVA_L_1-2+,2,325987.49184,326090.83392,103.34208000003127,325987.49184,326090.83392,103.34208000003127,5,5.991374464206896,RankSurprise
microVA_L_1-2+,2,328010.26048,328177.50016,167.23967999999877,328010.26048,328177.50016,167.23967999999877,6,5.53508353084613,RankSurprise
microVA_L_1-2+,2,328907.3664,328949.76,42.39360000001034,328907.3664,328949.76,42.39360000001034,3,3.8305488976469046,RankSurprise
microVA_L_1-2+,2,331380.16256,331418.37824,38.21567999996478,331380.16256,331418.37824,38.21567999996478,3,4.080605314439799,RankSurprise
microVA_L_1-2+,2,332180.80768,332251.50464,70.69695999997202,332180.80768,332251.50464,70.69695999997202,4,5.041104812822777,RankSurprise
microVA_L_1-2+,2,335168.02048,335408.98816,240.96768000000156,335168.02048,335408.98816,240.96768000000156,7,5.222091704607399,RankSurprise
microVA_L_1-2+,2,344214.03648,344258.56,44.52351999998791,344214.03648,344258.56,44.52351999998791,3,3.7549931186672385,RankSurprise
microVA_L_1-2+,2,344913.55136,345111.06048,197.50912000000244,344913.55136,345111.06048,197.50912000000244,6,4.623475554627165,RankSurprise
microVA_L_1-2+,2,348506.64448,348615.14752,108.50303999998141,348506.64448,348615.14752,108.50303999998141,4,3.5213721909931657,RankSurprise
microVA_L_1-2+,2,356200.0384,356246.69184,46.653439999965485,356200.0384,356246.69184,46.653439999965485,3,3.6010709006078976,RankSurprise
microVA_L_1-2+,2,356727.31648,356764.79488,37.47840000002179,356727.31648,356764.79488,37.47840000002179,3,4.099059910529659,RankSurprise
microVA_L_1-2+,2,358281.4208,358364.03712,82.61631999997189,358281.4208,358364.03712,82.61631999997189,4,4.4306027561505275,RankSurprise
microVA_L_1-2+,2,359292.02688,359518.37184,226.34495999995852,359292.02688,359518.37184,226.34495999995852,6,3.993318311737139,RankSurprise
microVA_L_1-2+,2,362326.17984,362521.76384,195.58400000003166,362326.17984,362521.76384,195.58400000003166,7,6.495001107877927,RankSurprise
microVA_L_1-2+,2,365525.36064,365698.82624,173.4655999999959,365525.36064,365698.82624,173.4655999999959,5,3.625092923752515,RankSurprise
microVA_L_1-2+,2,390387.46624,390537.58464,150.11840000003576,390387.46624,390537.58464,150.11840000003576,6,6.067335986016666,RankSurprise
microVA_L_1-2+,2,391966.14656,392141.86496,175.71839999995427,391966.14656,392141.86496,175.71839999995427,5,3.5410169424279125,RankSurprise
microVA_L_1-2+,2,393532.53888,393915.51488,382.975999999966,393532.53888,393915.51488,382.975999999966,8,3.9136725211858177,RankSurprise
microVA_L_1-2+,3,9285.0176,10206.0032,920.9856,9285.0176,10206.0032,920.9856,8,4.610348386886056,RankSurprise
microVA_L_1-2+,3,21968.11776,22356.992,388.87423999999737,21968.11776,22356.992,388.87423999999737,6,5.4657013488779285,RankSurprise
microVA_L_1-2+,3,44809.78944,46835.3024,2025.51296,44809.78944,46835.3024,2025.51296,14,4.992088086311646,RankSurprise
microVA_L_1-2+,3,59785.91232,59944.5504,158.638079999997,59785.91232,59944.5504,158.638079999997,5,7.859893802344104,RankSurprise
microVA_L_1-2+,3,66137.53856,66301.21472,163.6761600000027,66137.53856,66301.21472,163.6761600000027,4,5.0964677241579075,RankSurprise
microVA_L_1-2+,3,81198.12096,85456.6912,4258.570240000001,81198.12096,85456.6912,4258.570240000001,26,7.4033890734780154,RankSurprise
microVA_L_1-2+,3,90330.27584,90540.68736,210.4115199999942,90330.27584,90540.68736,210.4115199999942,4,4.133044359991835,RankSurprise
microVA_L_1-2+,3,109651.06688,109838.25408,187.1872000000003,109651.06688,109838.25408,187.1872000000003,4,4.374246439654364,RankSurprise
microVA_L_1-2+,3,122766.5408,123007.7952,241.2543999999907,122766.5408,123007.7952,241.2543999999907,4,3.821471775124259,RankSurprise
microVA_L_1-2+,3,131885.21984,131949.3632,64.1433599999873,131885.21984,131949.3632,64.1433599999873,3,4.769220921848941,RankSurprise
microVA_L_1-2+,3,141497.50784,141568.32768,70.81983999998192,141497.50784,141568.32768,70.81983999998192,3,4.651969659669593,RankSurprise
microVA_L_1-2+,3,148341.22752,148886.1184,544.8908800000208,148341.22752,148886.1184,544.8908800000208,7,5.263206946962783,RankSurprise
microVA_L_1-2+,3,149600.95232,149772.32896,171.37664000000223,149600.95232,149772.32896,171.37664000000223,4,4.849518537748867,RankSurprise
microVA_L_1-2+,3,197787.93472,198131.3024,343.36767999999574,197787.93472,198131.3024,343.36767999999574,5,4.120598546131376,RankSurprise
microVA_L_1-2+,3,205508.23936,205740.56448,232.32511999999406,205508.23936,205740.56448,232.32511999999406,4,3.735669722624305,RankSurprise
microVA_L_1-2+,3,206304.50176,206408.17152,103.66975999998976,206304.50176,206408.17152,103.66975999998976,3,3.732522819324668,RankSurprise
microVA_L_1-2+,3,211074.74432,211295.10912,220.3648000000103,211074.74432,211295.10912,220.3648000000103,4,4.037999169315437,RankSurprise
microVA_L_1-2+,3,219822.61248,220186.25536,363.6428799999994,219822.61248,220186.25536,363.6428799999994,7,8.252494645845054,RankSurprise
microVA_L_1-2+,3,224714.50624,224811.78624,97.27999999999884,224714.50624,224811.78624,97.27999999999884,3,3.960800117238037,RankSurprise
microVA_L_1-2+,3,227659.5712,227966.85312,307.28192000000854,227659.5712,227966.85312,307.28192000000854,5,5.00261014362184,RankSurprise
microVA_L_1-2+,3,229185.49504,230798.7456,1613.2505599999859,229185.49504,230798.7456,1613.2505599999859,11,3.9361605447884815,RankSurprise
microVA_L_1-2+,3,239828.82816,239890.35008,61.52191999999923,239828.82816,239890.35008,61.52191999999923,3,4.877776328403286,RankSurprise
microVA_L_1-2+,3,244613.16096,244629.79072,16.629759999981616,244613.16096,244629.79072,16.629759999981616,3,7.842871632495387,RankSurprise
microVA_L_1-2+,3,258065.89952,258128.52736,62.627840000001015,258065.89952,258128.52736,62.627840000001015,3,4.830529304375776,RankSurprise
microVA_L_1-2+,3,289233.92,290399.10912,1165.1891199999955,289233.92,290399.10912,1165.1891199999955,10,4.412050570739577,RankSurprise
microVA_L_1-2+,3,294100.82816,295332.33152,1231.5033600000315,294100.82816,295332.33152,1231.5033600000315,11,5.81793265579673,RankSurprise
microVA_L_1-2+,3,318361.64096,318437.90848,76.26751999999397,318361.64096,318437.90848,76.26751999999397,3,4.423531134281792,RankSurprise
microVA_L_1-2+,3,327585.5872,327822.41792,236.830719999969,327585.5872,327822.41792,236.830719999969,5,5.736245851904727,RankSurprise
microVA_L_1-2+,3,339859.37408,339922.57536,63.201280000037514,339859.37408,339922.57536,63.201280000037514,3,4.861902979246995,RankSurprise
microVA_L_1-2+,3,341878.12864,343770.39872,1892.2700799999875,341878.12864,343770.39872,1892.2700799999875,14,4.952838771873091,RankSurprise
microVA_L_1-2+,3,346652.50816,347202.9696,550.4614399999846,346652.50816,347202.9696,550.4614399999846,7,5.239601331350028,RankSurprise
microVA_L_1-2+,3,361136.9472,361365.2992,228.3520000000135,361136.9472,361365.2992,228.3520000000135,4,3.752634935263007,RankSurprise
microVA_L_1-2+,3,392526.6432,392631.5008,104.85759999998845,392526.6432,392631.5008,104.85759999998845,3,3.777979556327516,RankSurprise
microVA_L_1-2+,4,4763.27936,4789.78048,26.5011199999999,4763.27936,4789.78048,26.5011199999999,3,3.7234384405465413,RankSurprise
microVA_L_1-2+,4,6732.92288,6748.81536,15.892479999999523,6732.92288,6748.81536,15.892479999999523,3,4.841840714365711,RankSurprise
microVA_L_1-2+,4,8232.38656,8599.7568,367.3702399999984,8232.38656,8599.7568,367.3702399999984,10,3.94580547910653,RankSurprise
microVA_L_1-2+,4,11843.33824,11869.14304,25.804800000001705,11843.33824,11869.14304,25.804800000001705,3,3.756921375849627,RankSurprise
microVA_L_1-2+,4,14353.89952,14377.984,24.08447999999953,14353.89952,14377.984,24.08447999999953,4,6.751341099217203,RankSurprise
microVA_L_1-2+,4,16051.03616,16063.0784,12.042240000000675,16051.03616,16063.0784,12.042240000000675,3,5.458282896552845,RankSurprise
microVA_L_1-2+,4,16181.37088,16187.10528,5.7343999999993684,16181.37088,16187.10528,5.7343999999993684,3,7.459873998615707,RankSurprise
microVA_L_1-2+,4,25397.61664,25424.2816,26.664959999998246,25397.61664,25424.2816,26.664959999998246,3,3.6753223821970984,RankSurprise
microVA_L_1-2+,4,47907.38944,47989.02272,81.63328000000183,47907.38944,47989.02272,81.63328000000183,5,4.666668586882853,RankSurprise
microVA_L_1-2+,4,49621.4016,49644.3392,22.93760000000475,49621.4016,49644.3392,22.93760000000475,3,4.026397483804837,RankSurprise
microVA_L_1-2+,4,51998.35136,52256.72704,258.3756799999974,51998.35136,52256.72704,258.3756799999974,8,3.933183566097617,RankSurprise
microVA_L_1-2+,4,54838.43584,54888.81664,50.380799999999,54838.43584,54888.81664,50.380799999999,4,4.340228318751915,RankSurprise
microVA_L_1-2+,4,55502.4384,55516.61056,14.172160000001895,55502.4384,55516.61056,14.172160000001895,3,5.080070960180972,RankSurprise
microVA_L_1-2+,4,55715.75808,55742.0544,26.296320000001288,55715.75808,55742.0544,26.296320000001288,3,3.714603525639273,RankSurprise
microVA_L_1-2+,4,58228.81792,58251.8784,23.060480000000098,58228.81792,58251.8784,23.060480000000098,3,4.011002917819589,RankSurprise
microVA_L_1-2+,4,60998.73792,61284.18816,285.4502399999983,60998.73792,61284.18816,285.4502399999983,10,5.39964357108111,RankSurprise
microVA_L_1-2+,4,65442.93888,65456.86528,13.926399999996647,65442.93888,65456.86528,13.926399999996647,3,5.115275432088659,RankSurprise
microVA_L_1-2+,4,70735.01184,70817.42336,82.4115199999942,70735.01184,70817.42336,82.4115199999942,5,5.1476063645,RankSurprise
microVA_L_1-2+,4,75226.48064,75269.40672,42.92608000000473,75226.48064,75269.40672,42.92608000000473,4,4.957638379590698,RankSurprise
microVA_L_1-2+,4,78659.1744,78764.52352,105.34911999999895,78659.1744,78764.52352,105.34911999999895,6,5.556421503433889,RankSurprise
microVA_L_1-2+,4,79723.76576,79746.74432,22.9785600000032,79723.76576,79746.74432,22.9785600000032,3,3.9755364897211045,RankSurprise
microVA_L_1-2+,4,84107.42784,84212.03968,104.61183999999776,84107.42784,84212.03968,104.61183999999776,5,3.7892278569741116,RankSurprise
microVA_L_1-2+,4,88909.0048,88946.0736,37.068800000008196,88909.0048,88946.0736,37.068800000008196,4,5.310987616274765,RankSurprise
microVA_L_1-2+,4,91689.86112,91706.28608,16.42496000000392,91689.86112,91706.28608,16.42496000000392,3,4.762133699685053,RankSurprise
microVA_L_1-2+,4,92020.28544,92045.39392,25.108479999995325,92020.28544,92045.39392,25.108479999995325,3,3.839644280034708,RankSurprise
microVA_L_1-2+,4,94130.62656,94236.91776,106.29119999999239,94130.62656,94236.91776,106.29119999999239,5,3.6752377323319756,RankSurprise
microVA_L_1-2+,4,97090.92864,97100.63616,9.707519999996293,97090.92864,97100.63616,9.707519999996293,3,6.0275093632672,RankSurprise
microVA_L_1-2+,4,103307.34592,103413.5552,106.20927999999549,103307.34592,103413.5552,106.20927999999549,5,3.722896931915809,RankSurprise
microVA_L_1-2+,4,104245.69856,104273.42848,27.729919999997946,104245.69856,104273.42848,27.729919999997946,3,3.6115211008235715,RankSurprise
microVA_L_1-2+,4,106204.73344,106292.87936,88.14592000000994,106204.73344,106292.87936,88.14592000000994,5,4.537490674920345,RankSurprise
microVA_L_1-2+,4,108586.43456,108731.96544,145.5308800000057,108586.43456,108731.96544,145.5308800000057,6,3.9356957544530107,RankSurprise
microVA_L_1-2+,4,115077.20192,115100.0576,22.8556799999933,115077.20192,115100.0576,22.8556799999933,3,4.034139432178554,RankSurprise
microVA_L_1-2+,4,117306.08128,117381.3248,75.24352000000363,117306.08128,117381.3248,75.24352000000363,5,5.125379670664618,RankSurprise
microVA_L_1-2+,4,118262.21056,118288.71168,26.50111999998626,118262.21056,118288.71168,26.50111999998626,3,3.699235717626033,RankSurprise
microVA_L_1-2+,4,118664.76544,118752.01024,87.2448000000004,118664.76544,118752.01024,87.2448000000004,5,4.361020930462285,RankSurprise
microVA_L_1-2+,4,127219.58912,127242.32192,22.73279999999795,127219.58912,127242.32192,22.73279999999795,3,4.034139432178554,RankSurprise
microVA_L_1-2+,4,128983.90016,129081.09824,97.19808000000194,128983.90016,129081.09824,97.19808000000194,5,4.498047983087364,RankSurprise
microVA_L_1-2+,4,129916.06784,130202.78784,286.72000000000116,129916.06784,130202.78784,286.72000000000116,9,4.858673796366361,RankSurprise
microVA_L_1-2+,4,132443.01312,132451.65568,8.642560000007506,132443.01312,132451.65568,8.642560000007506,3,6.218480661640639,RankSurprise
microVA_L_1-2+,4,135576.24832,135706.54208,130.29376000000047,135576.24832,135706.54208,130.29376000000047,6,4.565075341370007,RankSurprise
microVA_L_1-2+,4,138466.26304,138518.20032,51.937280000012834,138466.26304,138518.20032,51.937280000012834,4,4.372828017533497,RankSurprise
microVA_L_1-2+,4,140331.2128,140387.1232,55.91039999999339,140331.2128,140387.1232,55.91039999999339,4,4.049337506227463,RankSurprise
microVA_L_1-2+,4,141984.68608,142065.50016,80.81407999998191,141984.68608,142065.50016,80.81407999998191,5,4.800157852869223,RankSurprise
microVA_L_1-2+,4,143978.9056,144266.81344,287.90783999999985,143978.9056,144266.81344,287.90783999999985,10,5.553400403979608,RankSurprise
microVA_L_1-2+,4,144706.88768,144735.27296,28.385279999987688,144706.88768,144735.27296,28.385279999987688,3,3.561906140160575,RankSurprise
microVA_L_1-2+,4,146707.70176,146762.17856,54.476800000004005,146707.70176,146762.17856,54.476800000004005,4,4.187201767888702,RankSurprise
microVA_L_1-2+,4,150945.13664,150994.1248,48.98815999997896,150945.13664,150994.1248,48.98815999997896,7,12.235608330674516,RankSurprise
microVA_L_1-2+,4,153550.97088,153608.8064,57.83551999999327,153550.97088,153608.8064,57.83551999999327,4,3.9294125883954365,RankSurprise
microVA_L_1-2+,4,156536.50432,156561.73568,25.231360000005225,156536.50432,156561.73568,25.231360000005225,3,3.7955589535942202,RankSurprise
microVA_L_1-2+,4,158974.1568,159016.46848,42.31168000001344,158974.1568,159016.46848,42.31168000001344,4,4.913933118082483,RankSurprise
microVA_L_1-2+,4,161795.39968,161819.56608,24.166399999987334,161795.39968,161819.56608,24.166399999987334,3,3.908863623769161,RankSurprise
microVA_L_1-2+,4,162072.61696,162090.84416,18.2271999999939,162072.61696,162090.84416,18.2271999999939,3,4.513997204679638,RankSurprise
microVA_L_1-2+,4,163841.96608,163889.88928,47.923199999990175,163841.96608,163889.88928,47.923199999990175,5,6.879627126353107,RankSurprise
microVA_L_1-2+,4,167863.45984,167923.13856,59.67871999999625,167863.45984,167923.13856,59.67871999999625,4,3.9249516203000496,RankSurprise
microVA_L_1-2+,4,168129.37216,168211.53792,82.1657600000035,168129.37216,168211.53792,82.1657600000035,5,4.784134522158428,RankSurprise
microVA_L_1-2+,4,170137.51808,170164.96128,27.443199999979697,170137.51808,170164.96128,27.443199999979697,3,3.6559673868381726,RankSurprise
microVA_L_1-2+,4,170709.6064,170832.19968,122.59328000000096,170709.6064,170832.19968,122.59328000000096,6,5.05478847981535,RankSurprise
microVA_L_1-2+,4,172076.72832,172508.52864,431.8003200000094,172076.72832,172508.52864,431.8003200000094,11,3.5701963985438927,RankSurprise
microVA_L_1-2+,4,173838.45888,174063.69792,225.23904000001494,173838.45888,174063.69792,225.23904000001494,10,7.70927422163763,RankSurprise
microVA_L_1-2+,4,182279.86432,182369.56672,89.70240000000922,182279.86432,182369.56672,89.70240000000922,5,4.440270685561,RankSurprise
microVA_L_1-2+,4,182821.56032,183015.34208,193.78176000001258,182821.56032,183015.34208,193.78176000001258,7,4.071211175882076,RankSurprise
microVA_L_1-2+,4,184269.0048,184284.52864,15.523840000008931,184269.0048,184284.52864,15.523840000008931,3,4.876997903186037,RankSurprise
microVA_L_1-2+,4,186362.96192,186513.53088,150.56896000000415,186362.96192,186513.53088,150.56896000000415,7,5.508223914249268,RankSurprise
microVA_L_1-2+,4,193101.78304,193110.38464,8.601599999994505,193101.78304,193110.38464,8.601599999994505,3,6.24173682498092,RankSurprise
microVA_L_1-2+,4,193732.48512,194249.728,517.2428800000052,193732.48512,194249.728,517.2428800000052,13,4.34104322309488,RankSurprise
microVA_L_1-2+,4,197516.24704,197526.07744,9.830400000006193,197516.24704,197526.07744,9.830400000006193,3,5.911830531471464,RankSurprise
microVA_L_1-2+,4,199001.21088,199122.57536,121.36447999998927,199001.21088,199122.57536,121.36447999998927,6,4.778985534180265,RankSurprise
microVA_L_1-2+,4,200547.16416,200582.9632,35.79904000001261,200547.16416,200582.9632,35.79904000001261,4,5.46586077971461,RankSurprise
microVA_L_1-2+,4,203777.8432,203974.28736,196.44415999998455,203777.8432,203974.28736,196.44415999998455,7,3.7637509092908092,RankSurprise
microVA_L_1-2+,4,204274.36032,204356.8128,82.4524800000072,204274.36032,204356.8128,82.4524800000072,5,4.712099428454316,RankSurprise
microVA_L_1-2+,4,205185.31072,205197.76256,12.451839999994263,205185.31072,205197.76256,12.451839999994263,3,5.3605769321814005,RankSurprise
microVA_L_1-2+,4,206267.96544,206641.52064,373.5552000000025,206267.96544,206641.52064,373.5552000000025,10,4.230560814343881,RankSurprise
microVA_L_1-2+,4,210300.5184,210366.58688,66.06847999998718,210300.5184,210366.58688,66.06847999998718,4,3.671480219944094,RankSurprise
microVA_L_1-2+,4,210493.0304,210503.2704,10.24000000001979,210493.0304,210503.2704,10.24000000001979,3,5.840394177907298,RankSurprise
microVA_L_1-2+,4,212153.87648,212181.1968,27.3203199999989,212153.87648,212181.1968,27.3203199999989,3,3.6346792607164584,RankSurprise
microVA_L_1-2+,4,213542.83008,213545.49248,2.662399999971967,213542.83008,213545.49248,2.662399999971967,3,10.197123354410179,RankSurprise
microVA_L_1-2+,4,214170.8288,214198.4768,27.6480000000156,214170.8288,214198.4768,27.6480000000156,3,3.599001494719703,RankSurprise
microVA_L_1-2+,4,216945.4592,217003.70432,58.24511999997776,216945.4592,217003.70432,58.24511999997776,4,3.9503185997969723,RankSurprise
microVA_L_1-2+,4,217309.47072,217401.18016,91.7094399999769,217309.47072,217401.18016,91.7094399999769,5,4.200794426789098,RankSurprise
microVA_L_1-2+,4,219191.21408,219272.02816,80.81407999998191,219191.21408,219272.02816,80.81407999998191,5,4.765280241947348,RankSurprise
microVA_L_1-2+,4,219401.66656,219426.89792,25.23135999997612,219401.66656,219426.89792,25.23135999997612,5,9.707835309528651,RankSurprise
microVA_L_1-2+,4,222348.24704,222406.32832,58.08128000001307,222348.24704,222406.32832,58.08128000001307,4,3.954817476670712,RankSurprise
microVA_L_1-2+,4,224610.79552,224992.29696,381.5014399999927,224610.79552,224992.29696,381.5014399999927,11,4.868813982832918,RankSurprise
microVA_L_1-2+,4,226256.15872,226372.56704,116.40831999998773,226256.15872,226372.56704,116.40831999998773,6,5.120655384554894,RankSurprise
microVA_L_1-2+,4,228694.09792,228762.70592,68.60800000000745,228694.09792,228762.70592,68.60800000000745,5,5.595225759265805,RankSurprise
microVA_L_1-2+,4,231157.06368,231176.51968,19.456000000005588,231157.06368,231176.51968,19.456000000005588,3,4.377436150220481,RankSurprise
microVA_L_1-2+,4,234828.92288,234968.6784,139.75552000000607,234828.92288,234968.6784,139.75552000000607,6,4.6282926072895245,RankSurprise
microVA_L_1-2+,4,235671.59296,235681.25952,9.666559999983292,235671.59296,235681.25952,9.666559999983292,3,5.9790639430703525,RankSurprise
microVA_L_1-2+,4,238605.80352,238630.87104,25.067520000011427,238605.80352,238630.87104,25.067520000011427,3,3.832618509277202,RankSurprise
microVA_L_1-2+,4,239935.8976,239996.39552,60.49791999999434,239935.8976,239996.39552,60.49791999999434,4,3.838540946528397,RankSurprise
microVA_L_1-2+,4,242835.21024,242863.18592,27.975680000003194,242835.21024,242863.18592,27.975680000003194,3,3.5783080816039377,RankSurprise
microVA_L_1-2+,4,249022.464,249041.5104,19.04639999999199,249022.464,249041.5104,19.04639999999199,3,4.424022135443417,RankSurprise
microVA_L_1-2+,4,250741.3504,251003.61728,262.26688000001013,250741.3504,251003.61728,262.26688000001013,8,3.7996496544871374,RankSurprise
microVA_L_1-2+,4,253915.17696,253964.04224,48.865279999998165,253915.17696,253964.04224,48.865279999998165,5,6.78741796588135,RankSurprise
microVA_L_1-2+,4,255520.03072,255530.31168,10.280960000003688,255520.03072,255530.31168,10.280960000003688,3,5.859625144697278,RankSurprise
microVA_L_1-2+,4,256605.06112,256615.79264,10.731520000001183,256605.06112,256615.79264,10.731520000001183,3,5.716706871398559,RankSurprise
microVA_L_1-2+,4,280356.61824,280367.55456,10.936320000037085,280356.61824,280367.55456,10.936320000037085,3,5.669297140009581,RankSurprise
microVA_L_1-2+,4,283865.12896,283916.86144,51.732480000006035,283865.12896,283916.86144,51.732480000006035,4,4.267732502693196,RankSurprise
microVA_L_1-2+,4,295349.248,295497.19552,147.94751999998698,295349.248,295497.19552,147.94751999998698,6,3.789647634603967,RankSurprise
microVA_L_1-2+,4,295986.01216,296074.4448,88.43264000001363,295986.01216,296074.4448,88.43264000001363,5,4.430943564784673,RankSurprise
microVA_L_1-2+,4,300092.53888,300120.8832,28.344319999974687,300092.53888,300120.8832,28.344319999974687,3,3.537552712740842,RankSurprise
microVA_L_1-2+,4,300296.88832,300345.05728,48.16895999998087,300296.88832,300345.05728,48.16895999998087,5,6.857595236593237,RankSurprise
microVA_L_1-2+,4,302240.84992,302248.46848,7.618559999973513,302240.84992,302248.46848,7.618559999973513,3,6.580814593131079,RankSurprise
microVA_L_1-2+,4,313758.96576,313873.408,114.44224000000395,313758.96576,313873.408,114.44224000000395,5,3.8210960042938034,RankSurprise
microVA_L_1-2+,4,316829.61408,317011.02592,181.411839999957,316829.61408,317011.02592,181.411839999957,7,4.245465479570444,RankSurprise
microVA_L_1-2+,4,324300.30848,324316.03712,15.728639999986626,324300.30848,324316.03712,15.728639999986626,4,8.228426741863395,RankSurprise
microVA_L_1-2+,4,325571.1744,325598.86336,27.688959999999497,325571.1744,325598.86336,27.688959999999497,3,3.599001494719703,RankSurprise
microVA_L_1-2+,4,329573.82656,329696.0512,122.22463999997126,329573.82656,329696.0512,122.22463999997126,7,6.613648365876394,RankSurprise
microVA_L_1-2+,4,331433.82016,331540.76672,106.94656000001123,331433.82016,331540.76672,106.94656000001123,6,5.753149254574538,RankSurprise
microVA_L_1-2+,4,333792.74752,334426.80832,634.0608000000357,333792.74752,334426.80832,634.0608000000357,15,3.674837370752264,RankSurprise
microVA_L_1-2+,4,335055.01184,335071.51872,16.50688000000082,335055.01184,335071.51872,16.50688000000082,3,4.743615032982122,RankSurprise
microVA_L_1-2+,4,336785.94048,336906.32192,120.38144000002649,336785.94048,336906.32192,120.38144000002649,6,4.769281502823738,RankSurprise
microVA_L_1-2+,4,338970.58304,339506.66752,536.0844800000195,338970.58304,339506.66752,536.0844800000195,13,3.8238899775318456,RankSurprise
microVA_L_1-2+,4,342648.25856,342670.21312,21.954559999983758,342648.25856,342670.21312,21.954559999983758,4,7.056008918671115,RankSurprise
microVA_L_1-2+,4,345766.87104,345782.84544,15.974400000006426,345766.87104,345782.84544,15.974400000006426,3,4.869131612086809,RankSurprise
microVA_L_1-2+,4,347100.32384,347143.74144,43.41759999998612,347100.32384,347143.74144,43.41759999998612,4,4.8203661833222995,RankSurprise
microVA_L_1-2+,4,352242.52416,352355.08224,112.55808000004617,352242.52416,352355.08224,112.55808000004617,6,5.4124160009667435,RankSurprise
microVA_L_1-2+,4,352788.84864,352792.576,3.7273600000189617,352788.84864,352792.576,3.7273600000189617,3,8.462522299022073,RankSurprise
microVA_L_1-2+,4,353661.58336,353763.81952,102.23616000002949,353661.58336,353763.81952,102.23616000002949,6,5.6494807546677634,RankSurprise
microVA_L_1-2+,4,355350.77376,355378.21696,27.443199999979697,355350.77376,355378.21696,27.443199999979697,3,3.660252338822767,RankSurprise
microVA_L_1-2+,4,356493.47584,357106.40128,612.9254399999627,356493.47584,357106.40128,612.9254399999627,15,4.01096106752377,RankSurprise
microVA_L_1-2+,4,358924.77952,359059.61984,134.84032000001753,358924.77952,359059.61984,134.84032000001753,9,9.910702497634944,RankSurprise
microVA_L_1-2+,4,359626.42432,359845.51936,219.0950399999856,359626.42432,359845.51936,219.0950399999856,8,4.6468046427318095,RankSurprise
microVA_L_1-2+,4,360149.64736,360214.77376,65.12640000000829,360149.64736,360214.77376,65.12640000000829,6,7.827911231186604,RankSurprise
microVA_L_1-2+,4,360612.98688,360786.3296,173.3427200000151,360612.98688,360786.3296,173.3427200000151,7,4.455081810510449,RankSurprise
microVA_L_1-2+,4,363110.15424,363318.92736,208.7731199999689,363110.15424,363318.92736,208.7731199999689,8,4.738901222331688,RankSurprise
microVA_L_1-2+,4,365031.2192,365045.5552,14.336000000010245,365031.2192,365045.5552,14.336000000010245,3,5.102001030831319,RankSurprise
microVA_L_1-2+,4,367044.73088,367047.59808,2.8672000000369735,367044.73088,367047.59808,2.8672000000369735,3,10.567497142707072,RankSurprise
microVA_L_1-2+,4,367651.79904,367668.06016,16.26111999998102,367651.79904,367668.06016,16.26111999998102,3,4.780825440848213,RankSurprise
microVA_L_1-2+,4,372698.03008,372720.76288,22.73279999999795,372698.03008,372720.76288,22.73279999999795,3,4.047109651702387,RankSurprise
microVA_L_1-2+,4,379022.09024,379051.74528,29.655039999983273,379022.09024,379051.74528,29.655039999983273,3,3.5115002336108514,RankSurprise
microVA_L_1-2+,4,384924.59008,385394.8928,470.30271999997785,384924.59008,385394.8928,470.30271999997785,13,4.696617639966613,RankSurprise
microVA_L_1-2+,4,387074.17088,387580.39552,506.22464000002947,387074.17088,387580.39552,506.22464000002947,13,4.224645774439931,RankSurprise
microVA_L_1-2+,4,388034.02752,388067.9424,33.91487999999663,388034.02752,388067.9424,33.91487999999663,5,8.363367069409222,RankSurprise
microVA_L_1-2+,4,388473.61024,388729.77408,256.1638399999938,388473.61024,388729.77408,256.1638399999938,9,4.82247791908496,RankSurprise
microVA_L_1-2+,4,389345.03424,389360.72192,15.687679999973625,389345.03424,389360.72192,15.687679999973625,3,4.83797223758779,RankSurprise
microVA_L_1-2+,4,393037.37344,393131.86816,94.49472000001697,393037.37344,393131.86816,94.49472000001697,5,4.510247248784275,RankSurprise
microVA_L_1-3+,0,3999.70304,4019.07712,19.37408000000005,3999.70304,4019.07712,19.37408000000005,3,5.27651160501193,RankSurprise
microVA_L_1-3+,0,12526.22336,12570.91072,44.6873599999999,12526.22336,12570.91072,44.6873599999999,3,3.560950057667039,RankSurprise
microVA_L_1-3+,0,16149.62688,16186.90048,37.27360000000044,16149.62688,16186.90048,37.27360000000044,3,3.981189022097766,RankSurprise
microVA_L_1-3+,0,21094.48192,21372.5184,278.0364800000025,21094.48192,21372.5184,278.0364800000025,7,4.828160554105501,RankSurprise
microVA_L_1-3+,0,26003.98848,26087.26016,83.27168000000165,26003.98848,26087.26016,83.27168000000165,4,4.334092726582821,RankSurprise
microVA_L_1-3+,0,29997.056,30016.83968,19.78368000000046,29997.056,30016.83968,19.78368000000046,3,5.3027129780210736,RankSurprise
microVA_L_1-3+,0,33405.70624,33444.41344,38.7071999999971,33405.70624,33444.41344,38.7071999999971,3,3.954131077823284,RankSurprise
microVA_L_1-3+,0,48913.57184,49046.3232,132.75136000000202,48913.57184,49046.3232,132.75136000000202,6,6.791845970764399,RankSurprise
microVA_L_1-3+,0,53753.61024,53794.73408,41.1238400000002,53753.61024,53794.73408,41.1238400000002,3,3.8324864987271994,RankSurprise
microVA_L_1-3+,0,57102.336,57507.88096,405.54495999999926,57102.336,57507.88096,405.54495999999926,8,3.90750157130069,RankSurprise
microVA_L_1-3+,0,58239.01696,58758.9632,519.9462399999975,58239.01696,58758.9632,519.9462399999975,12,7.456333670446633,RankSurprise
microVA_L_1-3+,0,63991.11168,64230.52288,239.411199999995,63991.11168,64230.52288,239.411199999995,9,8.985386620595005,RankSurprise
microVA_L_1-3+,0,64778.81344,64802.32448,23.51104000000487,64778.81344,64802.32448,23.51104000000487,3,4.806931555017144,RankSurprise
microVA_L_1-3+,0,65416.88832,65435.4432,18.554880000003322,65416.88832,65435.4432,18.554880000003322,3,5.486751751490232,RankSurprise
microVA_L_1-3+,0,65921.76128,66183.53664,261.77535999999964,65921.76128,66183.53664,261.77535999999964,12,14.179745646858253,RankSurprise
microVA_L_1-3+,0,80251.94496,80270.78656,18.841599999999744,80251.94496,80270.78656,18.841599999999744,3,5.33819080114176,RankSurprise
microVA_L_1-3+,0,82926.26432,82937.856,11.591679999997723,82926.26432,82937.856,11.591679999997723,3,6.492412980203138,RankSurprise
microVA_L_1-3+,0,90094.14144,90110.976,16.834559999988414,90094.14144,90110.976,16.834559999988414,3,5.63682306352425,RankSurprise
microVA_L_1-3+,0,95514.91072,95622.22592,107.31519999999728,95514.91072,95622.22592,107.31519999999728,4,3.549598852909316,RankSurprise
microVA_L_1-3+,0,99478.1184,99674.3168,196.19839999999385,99478.1184,99674.3168,196.19839999999385,6,4.756884814249773,RankSurprise
microVA_L_1-3+,0,101688.23808,101779.78368,91.54559999999765,101688.23808,101779.78368,91.54559999999765,4,4.064115777072374,RankSurprise
microVA_L_1-3+,0,102025.87136,102095.21664,69.34527999999409,102025.87136,102095.21664,69.34527999999409,4,4.863300874359396,RankSurprise
microVA_L_1-3+,0,109047.31648,109152.54272,105.2262400000036,109047.31648,109152.54272,105.2262400000036,4,3.6237949278073422,RankSurprise
microVA_L_1-3+,0,114191.89248,114517.48352,325.59103999999934,114191.89248,114517.48352,325.59103999999934,7,4.494223579616135,RankSurprise
microVA_L_1-3+,0,115429.94944,115739.2384,309.2889600000053,115429.94944,115739.2384,309.2889600000053,7,3.860703324872232,RankSurprise
microVA_L_1-3+,0,119620.23936,119643.83232,23.59295999999449,119620.23936,119643.83232,23.59295999999449,3,4.898175728944915,RankSurprise
microVA_L_1-3+,0,121281.9456,121324.29824,42.352639999997336,121281.9456,121324.29824,42.352639999997336,3,3.658990507689005,RankSurprise
microVA_L_1-3+,0,124082.7904,124148.9408,66.15039999999863,124082.7904,124148.9408,66.15039999999863,4,5.028964211947219,RankSurprise
microVA_L_1-3+,0,135092.4288,135124.00896,31.580160000012256,135092.4288,135124.00896,31.580160000012256,3,4.343563838233415,RankSurprise
microVA_L_1-3+,0,138498.6624,138633.0112,134.34880000000703,138498.6624,138633.0112,134.34880000000703,5,4.659005564428707,RankSurprise
microVA_L_1-3+,0,140237.45536,140281.48736,44.03200000000652,140237.45536,140281.48736,44.03200000000652,3,3.686228308534842,RankSurprise
microVA_L_1-3+,0,140678.02112,140704.39936,26.378240000020014,140678.02112,140704.39936,26.378240000020014,3,4.642364636992724,RankSurprise
microVA_L_1-3+,0,142114.07872,142160.44544,46.366720000019995,142114.07872,142160.44544,46.366720000019995,3,3.6207117922092937,RankSurprise
microVA_L_1-3+,0,154050.10944,154077.10208,26.992640000011306,154050.10944,154077.10208,26.992640000011306,3,4.623496525878302,RankSurprise
microVA_L_1-3+,0,154766.5408,155947.17184,1180.6310400000075,154766.5408,155947.17184,1180.6310400000075,18,6.367896473132461,RankSurprise
microVA_L_1-3+,0,156926.3616,156951.9616,25.60000000000582,156926.3616,156951.9616,25.60000000000582,3,4.772917031330158,RankSurprise
microVA_L_1-3+,0,157474.24256,157568.2048,93.96223999999347,157474.24256,157568.2048,93.96223999999347,4,3.9701853992701075,RankSurprise
microVA_L_1-3+,0,165164.81024,165396.02944,231.21920000002137,165164.81024,165396.02944,231.21920000002137,6,4.028307875119501,RankSurprise
microVA_L_1-3+,0,167061.34016,167075.38944,14.049280000006547,167061.34016,167075.38944,14.049280000006547,4,10.016300152822325,RankSurprise
microVA_L_1-3+,0,184720.95744,184741.96992,21.01248000000487,184720.95744,184741.96992,21.01248000000487,3,5.047220977835764,RankSurprise
microVA_L_1-3+,0,188038.3488,188054.9376,16.58879999999772,188038.3488,188054.9376,16.58879999999772,3,5.657711124249801,RankSurprise
microVA_L_1-3+,0,195285.11488,195381.248,96.13311999998405,195285.11488,195381.248,96.13311999998405,5,5.9209305249269555,RankSurprise
microVA_L_1-3+,0,196202.33216,196244.97152,42.639360000001034,196202.33216,196244.97152,42.639360000001034,3,3.7702407438773733,RankSurprise
microVA_L_1-3+,0,200656.44544,200845.39392,188.94847999999183,200656.44544,200845.39392,188.94847999999183,6,5.137158664240459,RankSurprise
microVA_L_1-3+,0,202667.008,203065.42592,398.41792000000714,202667.008,203065.42592,398.41792000000714,7,3.5627906143113046,RankSurprise
microVA_L_1-3+,0,206094.21312,206110.1056,15.892480000009527,206094.21312,206110.1056,15.892480000009527,3,5.856222553145685,RankSurprise
microVA_L_1-3+,0,206597.44768,206639.26784,41.82015999997384,206597.44768,206639.26784,41.82015999997384,3,3.7743307291288986,RankSurprise
microVA_L_1-3+,0,209814.97856,210191.64672,376.6681600000011,209814.97856,210191.64672,376.6681600000011,8,4.168664592716962,RankSurprise
microVA_L_1-3+,0,220033.14688,220841.984,808.837120000011,220033.14688,220841.984,808.837120000011,13,5.147645642063746,RankSurprise
microVA_L_1-3+,0,224176.45568,224196.56704,20.111359999980778,224176.45568,224196.56704,20.111359999980778,3,5.142288751896578,RankSurprise
microVA_L_1-3+,0,225063.1168,225404.5184,341.40160000001197,225063.1168,225404.5184,341.40160000001197,9,6.457756654687312,RankSurprise
microVA_L_1-3+,0,227668.95104,227683.16416,14.21311999997124,227668.95104,227683.16416,14.21311999997124,3,6.076630905124041,RankSurprise
microVA_L_1-3+,0,237022.28992,237051.904,29.614079999999376,237022.28992,237051.904,29.614079999999376,3,4.3654519225553265,RankSurprise
microVA_L_1-3+,0,238814.98624,238924.10368,109.1174400000018,238814.98624,238924.10368,109.1174400000018,5,5.510823268362852,RankSurprise
microVA_L_1-3+,0,240028.34432,240180.0192,151.67488000000594,240028.34432,240180.0192,151.67488000000594,5,4.15148440230384,RankSurprise
microVA_L_1-3+,0,244453.33504,244673.04448,219.709440000006,244453.33504,244673.04448,219.709440000006,6,4.22601017731599,RankSurprise
microVA_L_1-3+,0,251422.26944,251562.96704,140.69759999998496,251422.26944,251562.96704,140.69759999998496,6,6.374282760259511,RankSurprise
microVA_L_1-3+,0,253080.7808,253177.32352,96.54271999999764,253080.7808,253177.32352,96.54271999999764,4,3.879106927355604,RankSurprise
microVA_L_1-3+,0,253996.11392,254098.51392,102.39999999999418,253996.11392,254098.51392,102.39999999999418,5,5.763846603215239,RankSurprise
microVA_L_1-3+,0,269128.0896,269316.3008,188.21120000001974,269128.0896,269316.3008,188.21120000001974,5,3.8229735788215855,RankSurprise
microVA_L_1-3+,0,297005.30176,297288.94976,283.6479999999865,297005.30176,297288.94976,283.6479999999865,7,4.463025507371568,RankSurprise
microVA_L_1-3+,0,306044.14976,306269.55264,225.40288000000874,306044.14976,306269.55264,225.40288000000874,7,5.682653247346556,RankSurprise
microVA_L_1-3+,0,307410.00192,307497.28768,87.28575999999885,307410.00192,307497.28768,87.28575999999885,4,4.158185298325087,RankSurprise
microVA_L_1-3+,0,311854.65344,311868.70272,14.049279999977443,311854.65344,311868.70272,14.049279999977443,4,10.016300152822325,RankSurprise
microVA_L_1-3+,0,312347.11552,312358.46144,11.345919999992475,312347.11552,312358.46144,11.345919999992475,3,6.445165956175629,RankSurprise
microVA_L_1-3+,0,318905.05728,318959.94368,54.8864000000176,318905.05728,318959.94368,54.8864000000176,4,5.617245132816436,RankSurprise
microVA_L_1-3+,0,327873.24928,328096.19456,222.94527999998536,327873.24928,328096.19456,222.94527999998536,6,4.140568895053979,RankSurprise
microVA_L_1-3+,0,328670.49472,328883.44576,212.95103999995627,328670.49472,328883.44576,212.95103999995627,7,6.124557759217507,RankSurprise
microVA_L_1-3+,0,331423.25248,332122.7264,699.4739199999603,331423.25248,332122.7264,699.4739199999603,11,4.063118622357732,RankSurprise
microVA_L_1-3+,0,335882.0352,336016.50688,134.47168000001693,335882.0352,336016.50688,134.47168000001693,5,4.6539278080954745,RankSurprise
microVA_L_1-3+,0,336887.27552,336929.42336,42.14783999999054,336887.27552,336929.42336,42.14783999999054,4,6.447505960653707,RankSurprise
microVA_L_1-3+,0,343293.41952,343315.57888,22.159359999990556,343293.41952,343315.57888,22.159359999990556,3,5.0394989317418535,RankSurprise
microVA_L_1-3+,0,346184.33536,346242.29376,57.95839999994496,346184.33536,346242.29376,57.95839999994496,4,5.434539998177879,RankSurprise
microVA_L_1-3+,0,348275.13856,348600.27904,325.14048000000184,348275.13856,348600.27904,325.14048000000184,9,6.629490939109959,RankSurprise
microVA_L_1-3+,0,349113.1392,349254.98368,141.84448000002885,349113.1392,349254.98368,141.84448000002885,5,4.4631795028451435,RankSurprise
microVA_L_1-3+,0,352234.78272,352548.98688,314.20415999996476,352234.78272,352548.98688,314.20415999996476,7,3.967585990113036,RankSurprise
microVA_L_1-3+,0,355773.35808,355797.15584,23.797760000044946,355773.35808,355797.15584,23.797760000044946,3,4.883864351953923,RankSurprise
microVA_L_1-3+,0,357621.10464,357754.6752,133.57056000002194,357621.10464,357754.6752,133.57056000002194,5,4.656465880523946,RankSurprise
microVA_L_1-3+,0,359208.01792,359448.45312,240.43520000000717,359208.01792,359448.45312,240.43520000000717,6,4.088871539868935,RankSurprise
microVA_L_1-3+,0,359926.3744,360029.83936,103.46496000001207,359926.3744,360029.83936,103.46496000001207,4,3.6800542451533076,RankSurprise
microVA_L_1-3+,0,363577.46688,363706.368,128.901119999995,363577.46688,363706.368,128.901119999995,5,4.830293582370672,RankSurprise
microVA_L_1-3+,0,372769.95584,373026.2016,256.2457599999616,372769.95584,373026.2016,256.2457599999616,6,3.987108822370605,RankSurprise
microVA_L_1-3+,0,388686.31552,388718.83776,32.52224000002025,388686.31552,388718.83776,32.52224000002025,4,7.028201932212017,RankSurprise
microVA_L_1-3+,1,3448.38144,4087.84896,639.4675199999997,3448.38144,4087.84896,639.4675199999997,12,13.506571613936599,RankSurprise
microVA_L_1-3+,1,14716.55936,16135.74144,1419.1820800000005,14716.55936,16135.74144,1419.1820800000005,10,3.7138347773601645,RankSurprise
microVA_L_1-3+,1,24433.00864,24645.75488,212.7462400000004,24433.00864,24645.75488,212.7462400000004,4,3.9811972683655306,RankSurprise
microVA_L_1-3+,1,25525.98528,25587.3024,61.317119999999704,25525.98528,25587.3024,61.317119999999704,3,4.661423127538889,RankSurprise
microVA_L_1-3+,1,27350.4256,27401.8304,51.40480000000025,27350.4256,27401.8304,51.40480000000025,3,4.90884614819422,RankSurprise
microVA_L_1-3+,1,28681.216,28716.6464,35.4304000000011,28681.216,28716.6464,35.4304000000011,3,5.611659185780395,RankSurprise
microVA_L_1-3+,1,32458.752,32518.79936,60.04736000000048,32458.752,32518.79936,60.04736000000048,3,4.676021926960042,RankSurprise
microVA_L_1-3+,1,51998.35136,52338.36032,340.0089599999992,51998.35136,52338.36032,340.0089599999992,5,4.573452883916367,RankSurprise
microVA_L_1-3+,1,60000.6656,60095.32416,94.65855999999621,60000.6656,60095.32416,94.65855999999621,3,3.8384008655575332,RankSurprise
microVA_L_1-3+,1,81872.60928,82131.31264,258.7033599999995,81872.60928,82131.31264,258.7033599999995,4,3.5312181437674752,RankSurprise
microVA_L_1-3+,1,84134.95296,84192.41984,57.46688000000722,84134.95296,84192.41984,57.46688000000722,3,4.750658492736697,RankSurprise
microVA_L_1-3+,1,88936.2432,89046.38464,110.1414400000067,88936.2432,89046.38464,110.1414400000067,3,3.5102313026862895,RankSurprise
microVA_L_1-3+,1,95340.83072,95679.44704,338.616320000001,95340.83072,95679.44704,338.616320000001,5,4.5961964283620205,RankSurprise
microVA_L_1-3+,1,100376.73984,100827.5456,450.8057600000029,100376.73984,100827.5456,450.8057600000029,5,3.624018458976696,RankSurprise
microVA_L_1-3+,1,110698.496,110939.29984,240.80384000000777,110698.496,110939.29984,240.80384000000777,4,3.6292307059544022,RankSurprise
microVA_L_1-3+,1,125102.81728,125529.4976,426.6803199999995,125102.81728,125529.4976,426.6803199999995,5,3.641945687985583,RankSurprise
microVA_L_1-3+,1,178597.43744,178815.91808,218.4806399999943,178597.43744,178815.91808,218.4806399999943,4,3.9749796317546604,RankSurprise
microVA_L_1-3+,1,183489.3312,183542.41536,53.08416000002762,183489.3312,183542.41536,53.08416000002762,3,4.9757991792607985,RankSurprise
microVA_L_1-3+,1,202303.81568,202368.65536,64.83968000000459,202303.81568,202368.65536,64.83968000000459,3,4.521012877981368,RankSurprise
microVA_L_1-3+,1,212695.4496,213121.67936,426.22976000001654,212695.4496,213121.67936,426.22976000001654,6,5.3032016828883,RankSurprise
microVA_L_1-3+,1,213762.49856,214207.97952,445.4809599999862,213762.49856,214207.97952,445.4809599999862,5,3.5618984238716855,RankSurprise
microVA_L_1-3+,1,216367.80032,216383.73376,15.933439999993425,216367.80032,216383.73376,15.933439999993425,3,7.009788004547288,RankSurprise
microVA_L_1-3+,1,217165.78304,219493.7856,2328.0025599999935,217165.78304,219493.7856,2328.0025599999935,18,8.139496913853833,RankSurprise
microVA_L_1-3+,1,228686.47936,229094.89152,408.41216000000713,228686.47936,229094.89152,408.41216000000713,5,3.6599536253617337,RankSurprise
microVA_L_1-3+,1,230529.6384,231024.35328,494.7148800000141,230529.6384,231024.35328,494.7148800000141,6,4.878316780908868,RankSurprise
microVA_L_1-3+,1,238630.83008,238934.50752,303.6774399999995,238630.83008,238934.50752,303.6774399999995,5,4.867487551755342,RankSurprise
microVA_L_1-3+,1,248313.73312,248669.7984,356.0652800000098,248313.73312,248669.7984,356.0652800000098,6,6.094323996603578,RankSurprise
microVA_L_1-3+,1,260068.352,260159.65184,91.2998399999924,260068.352,260159.65184,91.2998399999924,3,3.8577715905962293,RankSurprise
microVA_L_1-3+,1,275957.92384,275999.00672,41.08288000000175,275957.92384,275999.00672,41.08288000000175,3,5.328570409719058,RankSurprise
microVA_L_1-3+,1,323272.41728,323803.58656,531.169280000031,323272.41728,323803.58656,531.169280000031,6,4.097567084218336,RankSurprise
microVA_L_1-3+,1,335741.1328,336160.9728,419.8399999999674,335741.1328,336160.9728,419.8399999999674,6,5.209843446161692,RankSurprise
microVA_L_1-3+,1,348386.18112,348913.62304,527.4419199999538,348386.18112,348913.62304,527.4419199999538,9,9.658800620685064,RankSurprise
microVA_L_1-3+,1,357249.39264,357340.81536,91.4227200000314,357249.39264,357340.81536,91.4227200000314,3,3.80021333037614,RankSurprise
microVA_L_1-3+,1,361299.7632,361573.74464,273.9814400000032,361299.7632,361573.74464,273.9814400000032,5,5.264933187486488,RankSurprise
microVA_L_1-3+,1,362319.6672,363241.63584,921.9686399999773,362319.6672,363241.63584,921.9686399999773,9,5.301667393365124,RankSurprise
microVA_L_1-3+,2,4697.78432,4775.44448,77.66016000000036,4697.78432,4775.44448,77.66016000000036,4,4.579249473504561,RankSurprise
microVA_L_1-3+,2,5326.68416,5450.9568,124.27264000000014,5326.68416,5450.9568,124.27264000000014,5,5.053595451469093,RankSurprise
microVA_L_1-3+,2,7840.5632,7995.71968,155.15648000000056,7840.5632,7995.71968,155.15648000000056,6,5.977703807852947,RankSurprise
microVA_L_1-3+,2,9866.32192,10193.96096,327.63904,9866.32192,10193.96096,327.63904,9,6.528015541798866,RankSurprise
microVA_L_1-3+,2,22199.7056,22365.75744,166.05184000000008,22199.7056,22365.75744,166.05184000000008,6,5.9524128962746445,RankSurprise
microVA_L_1-3+,2,22675.53792,23222.39488,546.856960000001,22675.53792,23222.39488,546.856960000001,10,4.665064353505457,RankSurprise
microVA_L_1-3+,2,24913.5104,24990.96576,77.45535999999993,24913.5104,24990.96576,77.45535999999993,4,4.6159098328549035,RankSurprise
microVA_L_1-3+,2,25292.10368,25304.30976,12.206079999999929,25292.10368,25304.30976,12.206079999999929,3,6.48111094432576,RankSurprise
microVA_L_1-3+,2,28759.98208,28827.19744,67.21535999999833,28759.98208,28827.19744,67.21535999999833,4,5.120147852543493,RankSurprise
microVA_L_1-3+,2,33264.51712,33346.31424,81.7971200000029,33264.51712,33346.31424,81.7971200000029,4,4.486566405697115,RankSurprise
microVA_L_1-3+,2,41287.59808,41530.90048,243.3023999999932,41287.59808,41530.90048,243.3023999999932,7,5.491245927233375,RankSurprise
microVA_L_1-3+,2,44294.3488,44457.24672,162.89792000000307,44294.3488,44457.24672,162.89792000000307,5,3.923680921969506,RankSurprise
microVA_L_1-3+,2,47809.78176,47917.30176,107.52000000000407,47809.78176,47917.30176,107.52000000000407,4,3.60078960001551,RankSurprise
microVA_L_1-3+,2,55368.78592,55403.56096,34.775040000000445,55368.78592,55403.56096,34.775040000000445,3,4.199056300510762,RankSurprise
microVA_L_1-3+,2,57838.7968,58071.20384,232.4070400000055,57838.7968,58071.20384,232.4070400000055,6,4.18403873153575,RankSurprise
microVA_L_1-3+,2,58461.83936,58568.00768,106.16832000000431,58461.83936,58568.00768,106.16832000000431,5,5.701192383565413,RankSurprise
microVA_L_1-3+,2,58905.3952,59275.50976,370.1145600000018,58905.3952,59275.50976,370.1145600000018,7,3.7436880993624375,RankSurprise
microVA_L_1-3+,2,59785.91232,60117.03296,331.1206399999937,59785.91232,60117.03296,331.1206399999937,12,11.760495572973428,RankSurprise
microVA_L_1-3+,2,76009.10336,76077.62944,68.52608000001055,76009.10336,76077.62944,68.52608000001055,4,4.978109358010254,RankSurprise
microVA_L_1-3+,2,87419.53536,87549.70624,130.17088000000513,87419.53536,87549.70624,130.17088000000513,5,4.822762069792532,RankSurprise
microVA_L_1-3+,2,88832.90112,88848.83456,15.933440000007977,88832.90112,88848.83456,15.933440000007977,4,9.82384691449473,RankSurprise
microVA_L_1-3+,2,89560.76032,89585.70496,24.944640000001527,89560.76032,89585.70496,24.944640000001527,3,4.885891032052886,RankSurprise
microVA_L_1-3+,2,98388.86912,98485.69856,96.82944000000134,98388.86912,98485.69856,96.82944000000134,5,5.981135796647543,RankSurprise
microVA_L_1-3+,2,116373.42208,116403.89632,30.474239999995916,116373.42208,116403.89632,30.474239999995916,3,4.507742645733076,RankSurprise
microVA_L_1-3+,2,117311.488,117583.42144,271.933440000008,117311.488,117583.42144,271.933440000008,6,3.7172702129702073,RankSurprise
microVA_L_1-3+,2,118618.19392,118876.24192,258.0479999999952,118618.19392,118876.24192,258.0479999999952,7,4.920365855517395,RankSurprise
microVA_L_1-3+,2,126149.95968,126255.43168,105.4719999999943,126149.95968,126255.43168,105.4719999999943,5,5.6802185380291235,RankSurprise
microVA_L_1-3+,2,128800.27648,128891.57632,91.2998399999924,128800.27648,128891.57632,91.2998399999924,4,4.09002282408672,RankSurprise
microVA_L_1-3+,2,132916.71552,132996.01408,79.29855999999563,132916.71552,132996.01408,79.29855999999563,4,4.558069340908858,RankSurprise
microVA_L_1-3+,2,135147.02848,135869.48096,722.4524799999781,135147.02848,135869.48096,722.4524799999781,15,7.905547483399411,RankSurprise
microVA_L_1-3+,2,139025.28512,139150.7456,125.46048000000883,139025.28512,139150.7456,125.46048000000883,5,4.94023768324093,RankSurprise
microVA_L_1-3+,2,145634.46784,145673.58464,39.11679999998887,145634.46784,145673.58464,39.11679999998887,3,4.014105904347595,RankSurprise
microVA_L_1-3+,2,169515.2128,169680.56832,165.3555199999828,169515.2128,169680.56832,165.3555199999828,5,3.8511425259505607,RankSurprise
microVA_L_1-3+,2,182604.51328,182821.51936,217.00607999999193,182604.51328,182821.51936,217.00607999999193,6,4.271538160502882,RankSurprise
microVA_L_1-3+,2,190751.3344,190792.41728,41.08288000000175,190751.3344,190792.41728,41.08288000000175,3,3.768981907943008,RankSurprise
microVA_L_1-3+,2,191778.69312,192005.89824,227.20511999999871,191778.69312,192005.89824,227.20511999999871,6,4.032449914307968,RankSurprise
microVA_L_1-3+,2,195229.32736,195258.69568,29.36832000000868,195229.32736,195258.69568,29.36832000000868,3,4.459867934766525,RankSurprise
microVA_L_1-3+,2,196751.44192,197178.85952,427.4175999999861,196751.44192,197178.85952,427.4175999999861,8,3.540640455327905,RankSurprise
microVA_L_1-3+,2,201526.96832,201612.9024,85.93407999997726,201526.96832,201612.9024,85.93407999997726,4,4.284498458319405,RankSurprise
microVA_L_1-3+,2,205050.18368,205437.17376,386.99008000001777,205050.18368,205437.17376,386.99008000001777,9,5.580132914398836,RankSurprise
microVA_L_1-3+,2,208955.88352,209053.4912,97.60767999998643,208955.88352,209053.4912,97.60767999998643,4,3.89527883601151,RankSurprise
microVA_L_1-3+,2,212839.99744,212877.80352,37.806079999980284,212839.99744,212877.80352,37.806079999980284,4,6.8531200449143945,RankSurprise
microVA_L_1-3+,2,216339.70176,216420.10624,80.40447999999742,216339.70176,216420.10624,80.40447999999742,4,4.46310586063424,RankSurprise
microVA_L_1-3+,2,220418.08896,220803.85024,385.7612800000061,220418.08896,220803.85024,385.7612800000061,8,3.823835916978016,RankSurprise
microVA_L_1-3+,2,222798.31552,222835.83488,37.51936000000569,222798.31552,222835.83488,37.51936000000569,3,4.0523236708191135,RankSurprise
microVA_L_1-3+,2,225449.984,225467.96544,17.981440000003204,225449.984,225467.96544,17.981440000003204,3,5.643872898420122,RankSurprise
microVA_L_1-3+,2,228251.89376,228534.19008,282.296319999994,228251.89376,228534.19008,282.296319999994,7,4.677502494576541,RankSurprise
microVA_L_1-3+,2,236855.74656,236890.23488,34.48832000000402,236855.74656,236890.23488,34.48832000000402,3,4.2083048842658,RankSurprise
microVA_L_1-3+,2,247461.72416,247538.40128,76.67711999997846,247461.72416,247538.40128,76.67711999997846,4,4.6406013476879835,RankSurprise
microVA_L_1-3+,2,249352.43776,249590.70208,238.2643199999875,249352.43776,249590.70208,238.2643199999875,6,4.27334019057217,RankSurprise
microVA_L_1-3+,2,258128.52736,258373.95968,245.43231999999261,258128.52736,258373.95968,245.43231999999261,6,3.674170065348566,RankSurprise
microVA_L_1-3+,2,261942.0672,262135.72608,193.65888000000268,261942.0672,262135.72608,193.65888000000268,7,6.672296508060761,RankSurprise
microVA_L_1-3+,2,266577.87904,266667.74528,89.86623999994481,266577.87904,266667.74528,89.86623999994481,4,4.12374563438069,RankSurprise
microVA_L_1-3+,2,273456.128,273576.59136,120.46335999999428,273456.128,273576.59136,120.46335999999428,6,7.335630462513045,RankSurprise
microVA_L_1-3+,2,275407.21664,275456.45056,49.233920000027865,275407.21664,275456.45056,49.233920000027865,4,6.146340085671657,RankSurprise
microVA_L_1-3+,2,276551.96672,276974.10048,422.133759999997,276551.96672,276974.10048,422.133759999997,9,4.871460270216164,RankSurprise
microVA_L_1-3+,2,278924.20608,279063.22432,139.01824000000488,278924.20608,279063.22432,139.01824000000488,5,4.511971082635906,RankSurprise
microVA_L_1-3+,2,283185.84832,283353.57952,167.73120000003837,283185.84832,283353.57952,167.73120000003837,5,3.813486318379507,RankSurprise
microVA_L_1-3+,2,296067.2768,296332.04224,264.7654399999883,296067.2768,296332.04224,264.7654399999883,7,4.998805044442499,RankSurprise
microVA_L_1-3+,2,299331.1744,299620.7616,289.58720000000903,299331.1744,299620.7616,289.58720000000903,7,4.446553495224751,RankSurprise
microVA_L_1-3+,2,300210.5856,300321.66912,111.08351999998558,300210.5856,300321.66912,111.08351999998558,5,5.4763155053520975,RankSurprise
microVA_L_1-3+,2,303556.07552,303583.47776,27.402239999966696,303556.07552,303583.47776,27.402239999966696,3,4.7235550796565136,RankSurprise
microVA_L_1-3+,2,311823.44192,311981.62944,158.18751999997767,311823.44192,311981.62944,158.18751999997767,6,5.929759938922281,RankSurprise
microVA_L_1-3+,2,315565.09696,315755.3152,190.21824000001652,315565.09696,315755.3152,190.21824000001652,6,5.016477848623616,RankSurprise
microVA_L_1-3+,2,322766.4384,322864.7424,98.30400000000373,322766.4384,322864.7424,98.30400000000373,4,3.89527883601151,RankSurprise
microVA_L_1-3+,2,324300.34944,324309.64736,9.297919999982696,324300.34944,324309.64736,9.297919999982696,3,7.183160105439702,RankSurprise
microVA_L_1-3+,2,324876.16512,324949.36064,73.1955200000084,324876.16512,324949.36064,73.1955200000084,4,4.738247834586385,RankSurprise
microVA_L_1-3+,2,325240.38144,325312.63488,72.25344000000041,325240.38144,325312.63488,72.25344000000041,4,4.849130108436839,RankSurprise
microVA_L_1-3+,2,327272.93952,327781.21216,508.27263999998104,327272.93952,327781.21216,508.27263999998104,13,9.161417146590132,RankSurprise
microVA_L_1-3+,2,328692.65408,328827.78112,135.12703999999212,328692.65408,328827.78112,135.12703999999212,5,4.641234083272522,RankSurprise
microVA_L_1-3+,2,332245.1968,332807.82336,562.6265600000042,332245.1968,332807.82336,562.6265600000042,10,3.698578330795856,RankSurprise
microVA_L_1-3+,2,336785.94048,336878.55104,92.61056000000099,336785.94048,336878.55104,92.61056000000099,4,4.049031560100012,RankSurprise
microVA_L_1-3+,2,339136.59392,339346.92352,210.3295999999973,339136.59392,339346.92352,210.3295999999973,6,4.428965312704508,RankSurprise
microVA_L_1-3+,2,341582.0288,341601.36192,19.333120000024792,341582.0288,341601.36192,19.333120000024792,3,5.5240207392985,RankSurprise
microVA_L_1-3+,2,348413.09184,348629.11488,216.02304000000004,348413.09184,348629.11488,216.02304000000004,6,4.24817161495327,RankSurprise
microVA_L_1-3+,2,349201.73568,349325.63968,123.90400000003865,349201.73568,349325.63968,123.90400000003865,5,5.023051221413045,RankSurprise
microVA_L_1-3+,2,350548.21376,350596.99712,48.78336000000127,350548.21376,350596.99712,48.78336000000127,3,3.5142826462747045,RankSurprise
microVA_L_1-3+,2,354289.62304,354377.27744,87.65439999999944,354289.62304,354377.27744,87.65439999999944,4,4.235361754942389,RankSurprise
microVA_L_1-3+,2,358249.92256,358408.192,158.26944000000367,358249.92256,358408.192,158.26944000000367,5,4.104948140364346,RankSurprise
microVA_L_1-3+,2,358761.18528,359106.72384,345.5385600000154,358761.18528,359106.72384,345.5385600000154,9,6.061425397401537,RankSurprise
microVA_L_1-3+,2,359434.28096,359471.26784,36.98687999998219,359434.28096,359471.26784,36.98687999998219,3,4.065226956301167,RankSurprise
microVA_L_1-3+,2,360430.1824,360671.6416,241.45919999998296,360430.1824,360671.6416,241.45919999998296,7,5.3198447899339225,RankSurprise
microVA_L_1-3+,2,364207.26784,364374.4256,167.15776000003098,364207.26784,364374.4256,167.15776000003098,6,5.88973969523088,RankSurprise
microVA_L_1-3+,2,371417.53856,371685.00736,267.46879999997327,371417.53856,371685.00736,267.46879999997327,7,5.006156951644982,RankSurprise
microVA_L_1-3+,2,372053.11488,372274.29888,221.18400000000838,372053.11488,372274.29888,221.18400000000838,7,6.081314853181398,RankSurprise
microVA_L_1-3+,2,373513.33888,373588.74624,75.40736000001198,373513.33888,373588.74624,75.40736000001198,4,4.7159191660359205,RankSurprise
microVA_L_1-3+,2,392385.1264,392942.51008,557.3836799999699,392385.1264,392942.51008,557.3836799999699,10,3.981142188923705,RankSurprise
microVA_L_1-3+,2,393458.93376,393544.78592,85.85216000000946,393458.93376,393544.78592,85.85216000000946,4,4.326069585956322,RankSurprise
microVA_L_1-3+,3,6785.80224,6957.58848,171.78624000000036,6785.80224,6957.58848,171.78624000000036,5,4.287551572474072,RankSurprise
microVA_L_1-3+,3,11310.08,11410.51392,100.43391999999949,11310.08,11410.51392,100.43391999999949,4,4.343439165572676,RankSurprise
microVA_L_1-3+,3,12739.50208,12963.96288,224.46079999999893,12739.50208,12963.96288,224.46079999999893,6,4.787492728683205,RankSurprise
microVA_L_1-3+,3,21072.36352,21185.86368,113.5001599999996,21072.36352,21185.86368,113.5001599999996,4,3.889910110690689,RankSurprise
microVA_L_1-3+,3,22633.59488,22793.70752,160.11263999999937,22633.59488,22793.70752,160.11263999999937,6,6.726788981974906,RankSurprise
microVA_L_1-3+,3,23184.34304,23711.9488,527.6057599999986,23184.34304,23711.9488,527.6057599999986,10,5.276791720746,RankSurprise
microVA_L_1-3+,3,27802.624,28091.14624,288.5222399999984,27802.624,28091.14624,288.5222399999984,7,5.082284838431976,RankSurprise
microVA_L_1-3+,3,28669.46048,28694.65088,25.1903999999995,28669.46048,28694.65088,25.1903999999995,3,5.3863787232672795,RankSurprise
microVA_L_1-3+,3,33035.0592,33136.47616,101.41695999999502,33035.0592,33136.47616,101.41695999999502,4,4.242254235607035,RankSurprise
microVA_L_1-3+,3,33663.87712,33751.69536,87.81824000000051,33663.87712,33751.69536,87.81824000000051,5,7.231349917106343,RankSurprise
microVA_L_1-3+,3,34559.75424,34622.01344,62.25920000000042,34559.75424,34622.01344,62.25920000000042,4,5.892596283175145,RankSurprise
microVA_L_1-3+,3,37209.7024,37260.24704,50.54464000000007,37209.7024,37260.24704,50.54464000000007,3,3.7414456401799168,RankSurprise
microVA_L_1-3+,3,43962.40896,44014.96064,52.55167999999685,43962.40896,44014.96064,52.55167999999685,3,3.657600943835897,RankSurprise
microVA_L_1-3+,3,45338.29632,45582.78656,244.49023999999918,45338.29632,45582.78656,244.49023999999918,6,4.3784208841270384,RankSurprise
microVA_L_1-3+,3,47498.15808,47552.14336,53.985280000000785,47498.15808,47552.14336,53.985280000000785,3,3.761937644241131,RankSurprise
microVA_L_1-3+,3,48942.77632,49020.14976,77.37344000000303,48942.77632,49020.14976,77.37344000000303,4,5.250466125756223,RankSurprise
microVA_L_1-3+,3,49893.7856,50009.088,115.30240000000049,49893.7856,50009.088,115.30240000000049,5,6.1416334874942535,RankSurprise
microVA_L_1-3+,3,56901.8368,57239.18336,337.3465600000054,56901.8368,57239.18336,337.3465600000054,7,4.220649272945569,RankSurprise
microVA_L_1-3+,3,57673.15456,57723.74016,50.58559999999852,57673.15456,57723.74016,50.58559999999852,3,3.8374976054925636,RankSurprise
microVA_L_1-3+,3,61192.43776,61296.39424,103.95648000000074,61192.43776,61296.39424,103.95648000000074,4,4.188467898759576,RankSurprise
microVA_L_1-3+,3,66215.89504,66350.4896,134.59455999999773,66215.89504,66350.4896,134.59455999999773,5,5.451977173724362,RankSurprise
microVA_L_1-3+,3,66653.63456,66807.808,154.17343999999866,66653.63456,66807.808,154.17343999999866,5,4.780866651615053,RankSurprise
microVA_L_1-3+,3,68432.93696,68811.44832,378.5113599999895,68432.93696,68811.44832,378.5113599999895,8,4.978046185031597,RankSurprise
microVA_L_1-3+,3,81067.90912,81195.4176,127.50848000000406,81067.90912,81195.4176,127.50848000000406,4,3.5172605189843686,RankSurprise
microVA_L_1-3+,3,81710.08,81806.41792,96.3379200000054,81710.08,81806.41792,96.3379200000054,4,4.516749514112892,RankSurprise
microVA_L_1-3+,3,90076.3648,90540.72832,464.36351999999897,90076.3648,90540.72832,464.36351999999897,9,4.884026192100211,RankSurprise
microVA_L_1-3+,3,92805.57056,92818.0224,12.451840000008815,92805.57056,92818.0224,12.451840000008815,3,6.972616701905153,RankSurprise
microVA_L_1-3+,3,98051.31776,98209.25952,157.94176000000152,98051.31776,98209.25952,157.94176000000152,5,4.845017745006508,RankSurprise
microVA_L_1-3+,3,102535.70048,102827.90912,292.2086399999971,102535.70048,102827.90912,292.2086399999971,6,3.6875164159855256,RankSurprise
microVA_L_1-3+,3,106111.46752,106273.1776,161.71007999998983,106111.46752,106273.1776,161.71007999998983,5,4.604500877339856,RankSurprise
microVA_L_1-3+,3,120416.82944,120485.64224,68.8127999999997,120416.82944,120485.64224,68.8127999999997,4,5.561395500042451,RankSurprise
microVA_L_1-3+,3,122407.97696,122465.15712,57.180160000003525,122407.97696,122465.15712,57.180160000003525,3,3.53623659228923,RankSurprise
microVA_L_1-3+,3,122766.5408,122885.28384,118.7430400000012,122766.5408,122885.28384,118.7430400000012,4,3.769053075805182,RankSurprise
microVA_L_1-3+,3,134065.5616,134095.17568,29.614079999999376,134065.5616,134095.17568,29.614079999999376,3,5.045854169441119,RankSurprise
microVA_L_1-3+,3,135750.49216,137121.13664,1370.6444800000172,135750.49216,137121.13664,1370.6444800000172,17,4.3641083001969765,RankSurprise
microVA_L_1-3+,3,141986.73408,142072.4224,85.68832000001566,141986.73408,142072.4224,85.68832000001566,4,4.8705119677091275,RankSurprise
microVA_L_1-3+,3,148500.6848,148811.53024,310.8454400000046,148500.6848,148811.53024,310.8454400000046,7,4.583163921978563,RankSurprise
microVA_L_1-3+,3,154234.71616,155050.63936,815.9231999999902,154234.71616,155050.63936,815.9231999999902,12,5.127669001115041,RankSurprise
microVA_L_1-3+,3,163841.88416,163876.57728,34.69312000001082,163841.88416,163876.57728,34.69312000001082,3,4.714757876955362,RankSurprise
microVA_L_1-3+,3,166603.44832,166706.09408,102.64576000001398,166603.44832,166706.09408,102.64576000001398,4,4.290887552776855,RankSurprise
microVA_L_1-3+,3,180014.98112,180034.31424,19.333119999995688,180014.98112,180034.31424,19.333119999995688,3,5.963294458862261,RankSurprise
microVA_L_1-3+,3,182460.8256,182847.20128,386.3756799999974,182460.8256,182847.20128,386.3756799999974,8,5.07810893000036,RankSurprise
microVA_L_1-3+,3,186221.81376,186232.50432,10.690560000017285,186221.81376,186232.50432,10.690560000017285,3,7.406138479922495,RankSurprise
microVA_L_1-3+,3,188893.92128,188917.88288,23.961599999980535,188893.92128,188917.88288,23.961599999980535,3,5.510821482636116,RankSurprise
microVA_L_1-3+,3,193487.83104,194177.47456,689.6435200000124,193487.83104,194177.47456,689.6435200000124,11,4.855041629948612,RankSurprise
microVA_L_1-3+,3,196816.11776,197001.54368,185.42592000000877,196816.11776,197001.54368,185.42592000000877,5,3.9570264247274487,RankSurprise
microVA_L_1-3+,3,197516.288,197536.11264,19.824640000006184,197516.288,197536.11264,19.824640000006184,3,5.938678530448147,RankSurprise
microVA_L_1-3+,3,203634.23744,203844.52608,210.2886400000134,203634.23744,203844.52608,210.2886400000134,6,5.211259468369327,RankSurprise
microVA_L_1-3+,3,204316.59008,204879.33952,562.7494400000141,204316.59008,204879.33952,562.7494400000141,10,5.190279887755084,RankSurprise
microVA_L_1-3+,3,206304.4608,206419.06688,114.60607999999775,206304.4608,206419.06688,114.60607999999775,4,3.8288730331339593,RankSurprise
microVA_L_1-3+,3,208643.56352,208903.3728,259.80928000001586,208643.56352,208903.3728,259.80928000001586,8,7.562528373719231,RankSurprise
microVA_L_1-3+,3,209791.75424,209996.88192,205.12768000000506,209791.75424,209996.88192,205.12768000000506,5,3.5103068213860595,RankSurprise
microVA_L_1-3+,3,211044.18816,211214.7456,170.55744000000414,211044.18816,211214.7456,170.55744000000414,5,4.3252321735966035,RankSurprise
microVA_L_1-3+,3,212174.72512,212181.15584,6.43072000000393,212174.72512,212181.15584,6.43072000000393,3,9.050586572973533,RankSurprise
microVA_L_1-3+,3,213591.4496,214200.7296,609.2799999999988,213591.4496,214200.7296,609.2799999999988,9,3.781446727782319,RankSurprise
microVA_L_1-3+,3,219822.61248,220133.00736,310.394879999978,219822.61248,220133.00736,310.394879999978,9,8.21103640282719,RankSurprise
microVA_L_1-3+,3,224686.20288,224811.78624,125.58335999998963,224686.20288,224811.78624,125.58335999998963,4,3.6134997670926445,RankSurprise
microVA_L_1-3+,3,226743.82848,226831.68768,87.85920000000624,226743.82848,226831.68768,87.85920000000624,4,4.704204168897235,RankSurprise
microVA_L_1-3+,3,227923.59936,227966.85312,43.25376000002143,227923.59936,227966.85312,43.25376000002143,3,4.082981592292761,RankSurprise
microVA_L_1-3+,3,230798.70464,231692.04224,893.3375999999989,230798.70464,231692.04224,893.3375999999989,14,5.593369937925935,RankSurprise
microVA_L_1-3+,3,239828.82816,239982.91968,154.0915199999872,239828.82816,239982.91968,154.0915199999872,5,4.663287907953492,RankSurprise
microVA_L_1-3+,3,244613.16096,244666.65472,53.49375999998301,244613.16096,244666.65472,53.49375999998301,4,6.385693284170568,RankSurprise
microVA_L_1-3+,3,245771.55072,245871.4112,99.86048000000301,245771.55072,245871.4112,99.86048000000301,4,4.340322279932423,RankSurprise
microVA_L_1-3+,3,247440.22016,247484.94848,44.72831999999471,247440.22016,247484.94848,44.72831999999471,3,4.171995182923505,RankSurprise
microVA_L_1-3+,3,252925.3376,252980.79744,55.45983999999589,252925.3376,252980.79744,55.45983999999589,3,3.6812000605162822,RankSurprise
microVA_L_1-3+,3,254630.62528,254650.9824,20.357120000000577,254630.62528,254650.9824,20.357120000000577,3,5.878432464752775,RankSurprise
microVA_L_1-3+,3,256969.1136,257035.8784,66.76479999997537,256969.1136,257035.8784,66.76479999997537,4,5.524185661060752,RankSurprise
microVA_L_1-3+,3,267508.5312,267558.33856,49.80735999997705,267508.5312,267558.33856,49.80735999997705,3,3.8895049306137714,RankSurprise
microVA_L_1-3+,3,271363.4816,271398.01088,34.529280000017025,271363.4816,271398.01088,34.529280000017025,3,4.728069111032221,RankSurprise
microVA_L_1-3+,3,304578.10944,304629.9648,51.85536000004504,304578.10944,304629.9648,51.85536000004504,3,3.745527278499564,RankSurprise
microVA_L_1-3+,3,312572.47744,312648.62208,76.14464000001317,312572.47744,312648.62208,76.14464000001317,4,5.200255683569495,RankSurprise
microVA_L_1-3+,3,319010.97984,319249.408,238.4281600000104,319010.97984,319249.408,238.4281600000104,7,6.358240590922954,RankSurprise
microVA_L_1-3+,3,336710.28736,336762.22464,51.937279999954626,336710.28736,336762.22464,51.937279999954626,3,3.7660613614249936,RankSurprise
microVA_L_1-3+,3,338178.82624,338508.92288,330.0966400000034,338178.82624,338508.92288,330.0966400000034,9,7.731001737479039,RankSurprise
microVA_L_1-3+,3,339897.42592,339937.64864,40.22272000001976,339897.42592,339937.64864,40.22272000001976,3,4.390880456469917,RankSurprise
microVA_L_1-3+,3,353260.05248,353371.17696,111.12447999999858,353260.05248,353371.17696,111.12447999999858,4,4.021438097472355,RankSurprise
microVA_L_1-3+,3,356472.66816,356518.42048,45.752319999970496,356472.66816,356518.42048,45.752319999970496,3,4.0685236770190425,RankSurprise
microVA_L_1-3+,3,363568.04608,363608.35072,40.30463999998756,363568.04608,363608.35072,40.30463999998756,3,4.281113335694165,RankSurprise
microVA_L_1-3+,3,369385.39008,369503.6416,118.2515199999907,369385.39008,369503.6416,118.2515199999907,4,3.756205084145215,RankSurprise
microVA_L_1-3+,3,377754.99264,377960.8576,205.86495999997715,377754.99264,377960.8576,205.86495999997715,5,3.6517406988848897,RankSurprise
microVA_L_1-3+,3,390071.05024,390122.57792,51.527679999999236,390071.05024,390122.57792,51.527679999999236,3,3.7414456401799168,RankSurprise
microVA_L_1-3+,3,390537.6256,390635.06944,97.44383999996353,390537.6256,390635.06944,97.44383999996353,4,4.464346393349839,RankSurprise
microVA_L_1-3+,4,19918.848,19946.7008,27.852799999996932,19918.848,19946.7008,27.852799999996932,3,5.604351458079911,RankSurprise
microVA_L_1-3+,4,21172.8384,21410.16064,237.3222399999977,21172.8384,21410.16064,237.3222399999977,6,5.993653468469233,RankSurprise
microVA_L_1-3+,4,27048.96,27209.27744,160.31744000000253,27048.96,27209.27744,160.31744000000253,5,5.725236004523573,RankSurprise
microVA_L_1-3+,4,28830.02368,28835.84,5.816320000001724,28830.02368,28835.84,5.816320000001724,3,9.215427411024741,RankSurprise
microVA_L_1-3+,4,35288.80128,35719.49568,430.6944000000003,35288.80128,35719.49568,430.6944000000003,9,8.15596437510827,RankSurprise
microVA_L_1-3+,4,55507.68128,55568.42496,60.743679999999586,55507.68128,55568.42496,60.743679999999586,3,3.9404505014661915,RankSurprise
microVA_L_1-3+,4,59815.81312,59882.2912,66.47808000000077,59815.81312,59882.2912,66.47808000000077,3,3.6796830244088437,RankSurprise
microVA_L_1-3+,4,61040.0256,61082.37824,42.352639999997336,61040.0256,61082.37824,42.352639999997336,3,4.726396874949302,RankSurprise
microVA_L_1-3+,4,66106.24512,66675.46624,569.2211199999874,66106.24512,66675.46624,569.2211199999874,8,5.720247287501959,RankSurprise
microVA_L_1-3+,4,72786.98496,73055.15008,268.1651200000051,72786.98496,73055.15008,268.1651200000051,6,5.3821347104684065,RankSurprise
microVA_L_1-3+,4,74124.53376,74254.7456,130.21183999998902,74124.53376,74254.7456,130.21183999998902,4,4.259075952517815,RankSurprise
microVA_L_1-3+,4,79788.52352,80086.46656,297.9430399999983,79788.52352,80086.46656,297.9430399999983,6,5.184213853268567,RankSurprise
microVA_L_1-3+,4,81627.3408,81745.55136,118.21055999999226,81627.3408,81745.55136,118.21055999999226,4,4.641866800062022,RankSurprise
microVA_L_1-3+,4,91470.11072,93861.51936,2391.4086400000087,91470.11072,93861.51936,2391.4086400000087,18,3.766055052191485,RankSurprise
microVA_L_1-3+,4,115497.04192,115552.4608,55.41887999999744,115497.04192,115552.4608,55.41887999999744,3,4.076503488440004,RankSurprise
microVA_L_1-3+,4,119161.856,119276.87168,115.01567999999679,119161.856,119276.87168,115.01567999999679,4,4.850114224746591,RankSurprise
microVA_L_1-3+,4,133281.46432,133328.56832,47.103999999992084,133281.46432,133328.56832,47.103999999992084,5,10.66913981435264,RankSurprise
microVA_L_1-3+,4,133927.40352,133944.9344,17.53088000000571,133927.40352,133944.9344,17.53088000000571,3,6.596623938313979,RankSurprise
microVA_L_1-3+,4,135129.12896,135162.75712,33.62815999999293,135129.12896,135162.75712,33.62815999999293,3,5.0490795683777705,RankSurprise
microVA_L_1-3+,4,138616.46336,138888.68352,272.2201599999971,138616.46336,138888.68352,272.2201599999971,6,5.352155989948528,RankSurprise
microVA_L_1-3+,4,141188.79232,141353.24672,164.4543999999878,141188.79232,141353.24672,164.4543999999878,4,3.593813781739783,RankSurprise
microVA_L_1-3+,4,149710.4384,149849.00608,138.56767999997828,149710.4384,149849.00608,138.56767999997828,4,4.181950731329287,RankSurprise
microVA_L_1-3+,4,151362.27328,151390.28992,28.016640000016196,151362.27328,151390.28992,28.016640000016196,3,5.586651880980508,RankSurprise
microVA_L_1-3+,4,152926.98624,152943.2064,16.220159999997122,152926.98624,152943.2064,16.220159999997122,3,6.812229898868942,RankSurprise
microVA_L_1-3+,4,154223.65696,154274.32448,50.66752000001725,154223.65696,154274.32448,50.66752000001725,3,4.2493980646973135,RankSurprise
microVA_L_1-3+,4,157634.51904,157863.97696,229.4579199999862,157634.51904,157863.97696,229.4579199999862,5,4.4141021993580765,RankSurprise
microVA_L_1-3+,4,158688.13312,158957.24032,269.10719999999856,158688.13312,158957.24032,269.10719999999856,5,3.735349520488988,RankSurprise
microVA_L_1-3+,4,166813.4912,166968.1152,154.6240000000107,166813.4912,166968.1152,154.6240000000107,4,3.8190280305265,RankSurprise
microVA_L_1-3+,4,196057.04704,196174.56128,117.51423999998951,196057.04704,196174.56128,117.51423999998951,4,4.6065721848537144,RankSurprise
microVA_L_1-3+,4,202962.61632,203026.06336,63.447039999999106,202962.61632,203026.06336,63.447039999999106,4,6.53214376103924,RankSurprise
microVA_L_1-3+,4,206345.8304,206380.11392,34.283519999997225,206345.8304,206380.11392,34.283519999997225,3,5.0490795683777705,RankSurprise
microVA_L_1-3+,4,207750.84032,208041.12384,290.2835199999972,207750.84032,208041.12384,290.2835199999972,5,3.577185237743585,RankSurprise
microVA_L_1-3+,4,214117.25312,214233.16992,115.91679999997723,214117.25312,214233.16992,115.91679999997723,4,4.6715995296428225,RankSurprise
microVA_L_1-3+,4,216380.70272,218269.94176,1889.2390399999858,216380.70272,218269.94176,1889.2390399999858,19,7.302184328001902,RankSurprise
microVA_L_1-3+,4,219426.69312,220877.37344,1450.680319999985,219426.69312,220877.37344,1450.680319999985,14,5.537389406888194,RankSurprise
microVA_L_1-3+,4,228339.26144,229146.29632,807.034879999992,228339.26144,229146.29632,807.034879999992,9,3.922777380815789,RankSurprise
microVA_L_1-3+,4,229662.72,230692.6592,1029.9391999999934,229662.72,230692.6592,1029.9391999999934,11,4.857138312935427,RankSurprise
microVA_L_1-3+,4,247478.64064,248041.34912,562.7084800000011,247478.64064,248041.34912,562.7084800000011,9,6.043582889340671,RankSurprise
microVA_L_1-3+,4,249459.05664,249524.34688,65.29024000000209,249459.05664,249524.34688,65.29024000000209,3,3.7001610786475716,RankSurprise
microVA_L_1-3+,4,251417.47712,251488.74752,71.27040000000852,251417.47712,251488.74752,71.27040000000852,3,3.56103176973771,RankSurprise
microVA_L_1-3+,4,277316.77184,277356.62592,39.85408000001917,277316.77184,277356.62592,39.85408000001917,3,4.71496817912568,RankSurprise
microVA_L_1-3+,4,306082.2016,306180.46464,98.26304000004893,306082.2016,306180.46464,98.26304000004893,4,5.1711339500934095,RankSurprise
microVA_L_1-3+,4,313033.27744,313508.08576,474.808320000011,313033.27744,313508.08576,474.808320000011,6,3.564804851899368,RankSurprise
microVA_L_1-3+,4,313698.5088,313719.43936,20.930560000007972,313698.5088,313719.43936,20.930560000007972,3,6.153239595343521,RankSurprise
microVA_L_1-3+,4,336633.36448,337336.5248,703.1603200000245,336633.36448,337336.5248,703.1603200000245,8,3.7218324253575377,RankSurprise
microVA_L_1-3+,4,344916.13184,345134.8992,218.767359999998,344916.13184,345134.8992,218.767359999998,5,4.481154673416025,RankSurprise
microVA_L_1-3+,4,361912.32,361984.0,71.67999999999302,361912.32,361984.0,71.67999999999302,3,3.529284991429888,RankSurprise
microVA_L_1-3+,4,365052.3136,365088.31744,36.00384000001941,365052.3136,365088.31744,36.00384000001941,3,4.9959197058486335,RankSurprise
microVA_L_1-3+,4,368083.23072,368363.52,280.28928000002634,368083.23072,368363.52,280.28928000002634,5,3.8025483372203617,RankSurprise
microVA_L_1-3+,4,390358.8352,390450.05312,91.2179200000246,390358.8352,390450.05312,91.2179200000246,4,5.300962401070667,RankSurprise
microVA_L_2-3+,0,1884.40576,2009.94816,125.54239999999982,1884.40576,2009.94816,125.54239999999982,4,5.115904047275823,RankSurprise
microVA_L_2-3+,0,2933.10464,3000.23808,67.13344000000006,2933.10464,3000.23808,67.13344000000006,3,4.244074689210281,RankSurprise
microVA_L_2-3+,0,21024.52224,21109.10464,84.58240000000296,21024.52224,21109.10464,84.58240000000296,3,3.656046260282894,RankSurprise
microVA_L_2-3+,0,22855.63904,23318.65088,463.01184000000285,22855.63904,23318.65088,463.01184000000285,6,4.111691899895247,RankSurprise
microVA_L_2-3+,0,24858.86976,24968.6016,109.73184000000037,24858.86976,24968.6016,109.73184000000037,4,5.551229819419898,RankSurprise
microVA_L_2-3+,0,34308.99712,34598.42048,289.4233600000007,34308.99712,34598.42048,289.4233600000007,5,4.097717270283862,RankSurprise
microVA_L_2-3+,0,42743.56224,42878.44352,134.88128000000142,42743.56224,42878.44352,134.88128000000142,4,4.943243594991877,RankSurprise
microVA_L_2-3+,0,50218.47552,50360.97536,142.49983999999677,50218.47552,50360.97536,142.49983999999677,4,4.686126221204262,RankSurprise
microVA_L_2-3+,0,65668.5056,66165.30944,496.8038399999932,65668.5056,66165.30944,496.8038399999932,8,6.615162474979764,RankSurprise
microVA_L_2-3+,0,79721.34912,79779.79904,58.44991999999911,79721.34912,79779.79904,58.44991999999911,3,4.35812047745228,RankSurprise
microVA_L_2-3+,0,81422.70464,82057.05216,634.3475200000103,81422.70464,82057.05216,634.3475200000103,7,4.184051540713018,RankSurprise
microVA_L_2-3+,0,105391.80032,105450.61888,58.81855999999971,105391.80032,105450.61888,58.81855999999971,3,4.596746732092283,RankSurprise
microVA_L_2-3+,0,106984.81664,107006.32064,21.504000000000815,106984.81664,107006.32064,21.504000000000815,3,7.077714818301356,RankSurprise
microVA_L_2-3+,0,114251.28448,114367.11936,115.83487999999488,114251.28448,114367.11936,115.83487999999488,4,5.27652698273608,RankSurprise
microVA_L_2-3+,0,125408.58368,125476.53632,67.95264000000316,125408.58368,125476.53632,67.95264000000316,3,4.198410367044874,RankSurprise
microVA_L_2-3+,0,141582.5408,141971.2512,388.71040000001085,141582.5408,141971.2512,388.71040000001085,6,4.870337038980438,RankSurprise
microVA_L_2-3+,0,146103.17312,146829.02528,725.8521600000095,146103.17312,146829.02528,725.8521600000095,8,4.471621366926117,RankSurprise
microVA_L_2-3+,0,149534.88384,150557.04064,1022.156799999997,149534.88384,150557.04064,1022.156799999997,10,4.658166893009769,RankSurprise
microVA_L_2-3+,0,153576.57088,154188.30848,611.7375999999931,153576.57088,154188.30848,611.7375999999931,7,3.9275304148707906,RankSurprise
microVA_L_2-3+,0,155376.27136,155534.1312,157.85983999999007,155376.27136,155534.1312,157.85983999999007,4,4.343060801210363,RankSurprise
microVA_L_2-3+,0,156828.79488,156898.18112,69.38623999999254,156828.79488,156898.18112,69.38623999999254,3,4.27198226970363,RankSurprise
microVA_L_2-3+,0,161586.66752,161809.408,222.74048000000766,161586.66752,161809.408,222.74048000000766,5,5.3880628313523005,RankSurprise
microVA_L_2-3+,0,164996.66944,165009.408,12.73855999999796,164996.66944,165009.408,12.73855999999796,3,8.371209074255372,RankSurprise
microVA_L_2-3+,0,175458.79552,175488.12288,29.32735999999568,175458.79552,175488.12288,29.32735999999568,3,6.173690595374053,RankSurprise
microVA_L_2-3+,0,188936.56064,189009.55136,72.9907200000016,188936.56064,189009.55136,72.9907200000016,4,7.029419168853057,RankSurprise
microVA_L_2-3+,0,190459.45344,190540.47232,81.01887999998871,190459.45344,190540.47232,81.01887999998871,3,3.79870967055683,RankSurprise
microVA_L_2-3+,0,199724.2368,199788.01152,63.7747199999867,199724.2368,199788.01152,63.7747199999867,3,4.377776773991913,RankSurprise
microVA_L_2-3+,0,216270.4384,216713.95328,443.51487999997335,216270.4384,216713.95328,443.51487999997335,6,4.3031582952471865,RankSurprise
microVA_L_2-3+,0,220203.33568,220251.38176,48.046080000000075,220203.33568,220251.38176,48.046080000000075,3,5.137522832147008,RankSurprise
microVA_L_2-3+,0,224303.43168,224408.9856,105.55392000000575,224303.43168,224408.9856,105.55392000000575,4,5.790674388241911,RankSurprise
microVA_L_2-3+,0,225660.14976,227031.94112,1371.791360000003,225660.14976,227031.94112,1371.791360000003,12,4.383125743013313,RankSurprise
microVA_L_2-3+,0,233672.17152,234144.84992,472.67840000000433,233672.17152,234144.84992,472.67840000000433,6,3.6501133722219348,RankSurprise
microVA_L_2-3+,0,235180.032,236116.21376,936.1817600000068,235180.032,236116.21376,936.1817600000068,9,3.6826747918507445,RankSurprise
microVA_L_2-3+,0,237577.05216,239181.66016,1604.6080000000075,237577.05216,239181.66016,1604.6080000000075,15,5.600202409814767,RankSurprise
microVA_L_2-3+,0,243370.72128,244825.33376,1454.6124800000107,243370.72128,244825.33376,1454.6124800000107,11,3.6653771711242285,RankSurprise
microVA_L_2-3+,0,247418.0608,247504.77312,86.71231999999145,247418.0608,247504.77312,86.71231999999145,3,3.6837764238554325,RankSurprise
microVA_L_2-3+,0,259317.76,259505.60256,187.84255999999004,259317.76,259505.60256,187.84255999999004,4,3.783301889728058,RankSurprise
microVA_L_2-3+,0,276678.32832,276707.49184,29.16352000000188,276678.32832,276707.49184,29.16352000000188,3,6.459904454377535,RankSurprise
microVA_L_2-3+,0,294789.7344,294935.79776,146.063359999971,294789.7344,294935.79776,146.063359999971,5,7.28716477551454,RankSurprise
microVA_L_2-3+,0,296027.17696,296081.2032,54.026239999977406,296027.17696,296081.2032,54.026239999977406,3,4.769268849661605,RankSurprise
microVA_L_2-3+,0,298494.23872,298634.81344,140.57471999997506,298494.23872,298634.81344,140.57471999997506,4,4.71708633623156,RankSurprise
microVA_L_2-3+,0,301353.12384,301628.53888,275.4150399999926,301353.12384,301628.53888,275.4150399999926,5,4.40887192703395,RankSurprise
microVA_L_2-3+,0,306140.28288,306286.14144,145.8585599999642,306140.28288,306286.14144,145.8585599999642,4,4.613100102842129,RankSurprise
microVA_L_2-3+,0,327518.0032,328166.85056,648.8473600000143,327518.0032,328166.85056,648.8473600000143,8,4.4656867807545435,RankSurprise
microVA_L_2-3+,0,332383.88736,332465.39776,81.51040000002831,332383.88736,332465.39776,81.51040000002831,3,3.904996921060123,RankSurprise
microVA_L_2-3+,0,346403.92192,346452.29568,48.37375999998767,346403.92192,346452.29568,48.37375999998767,3,5.052703408438331,RankSurprise
microVA_L_2-3+,0,348678.71744,348950.20032,271.48288000002503,348678.71744,348950.20032,271.48288000002503,5,4.2748979436626655,RankSurprise
microVA_L_2-3+,0,351816.54016,352767.42656,950.8864000000176,351816.54016,352767.42656,950.8864000000176,10,5.051902803110594,RankSurprise
microVA_L_2-3+,0,361549.74208,361795.91168,246.1696000000229,361549.74208,361795.91168,246.1696000000229,6,6.785567132320949,RankSurprise
microVA_L_2-3+,1,10006.15936,10193.75616,187.59680000000117,10006.15936,10193.75616,187.59680000000117,3,4.137550154393013,RankSurprise
microVA_L_2-3+,1,19809.36192,19967.54944,158.1875199999995,19809.36192,19967.54944,158.1875199999995,4,7.730735451199912,RankSurprise
microVA_L_2-3+,1,34687.05792,34851.51232,164.45440000000235,34687.05792,34851.51232,164.45440000000235,3,4.505588856982061,RankSurprise
microVA_L_2-3+,1,92266.16832,92455.89504,189.72672000000603,92266.16832,92455.89504,189.72672000000603,3,4.1042137341254215,RankSurprise
microVA_L_2-3+,1,131447.11168,133335.57248,1888.4608000000007,131447.11168,133335.57248,1888.4608000000007,9,7.11069835588735,RankSurprise
microVA_L_2-3+,1,155728.4864,158802.37056,3073.884160000016,155728.4864,158802.37056,3073.884160000016,10,5.029809084776203,RankSurprise
microVA_L_2-3+,1,194787.1232,196798.6688,2011.5456000000122,194787.1232,196798.6688,2011.5456000000122,10,8.48601073513384,RankSurprise
microVA_L_2-3+,1,209596.2112,210528.256,932.0448000000033,209596.2112,210528.256,932.0448000000033,5,4.144923215992641,RankSurprise
microVA_L_2-3+,1,248664.39168,248779.40736,115.01568000001134,248664.39168,248779.40736,115.01568000001134,3,5.170565160575309,RankSurprise
microVA_L_2-3+,1,302096.05632,303251.74272,1155.686400000006,302096.05632,303251.74272,1155.686400000006,5,3.6559770734644594,RankSurprise
microVA_L_2-3+,1,337892.72064,338179.15392,286.43327999999747,337892.72064,338179.15392,286.43327999999747,3,3.5082637585841407,RankSurprise
microVA_L_2-3+,3,1440.9728,1651.63008,210.6572799999999,1440.9728,1651.63008,210.6572799999999,7,4.7250639144088264,RankSurprise
microVA_L_2-3+,3,4007.5264,4134.95296,127.42655999999943,4007.5264,4134.95296,127.42655999999943,6,5.4788450257973835,RankSurprise
microVA_L_2-3+,3,6659.52256,6666.97728,7.454719999999725,6659.52256,6666.97728,7.454719999999725,3,6.956700633930728,RankSurprise
microVA_L_2-3+,3,7033.28256,7064.576,31.293440000000373,7033.28256,7064.576,31.293440000000373,3,3.696603292371835,RankSurprise
microVA_L_2-3+,3,12707.6352,12821.21728,113.58208000000013,12707.6352,12821.21728,113.58208000000013,6,5.910516113346539,RankSurprise
microVA_L_2-3+,3,19914.26048,19946.7008,32.44031999999788,19914.26048,19946.7008,32.44031999999788,3,3.5833387199617537,RankSurprise
microVA_L_2-3+,3,22488.30976,22789.20192,300.8921599999994,22488.30976,22789.20192,300.8921599999994,8,3.8528579719824556,RankSurprise
microVA_L_2-3+,3,26584.4736,26617.97888,33.50527999999758,26584.4736,26617.97888,33.50527999999758,3,3.523673250828372,RankSurprise
microVA_L_2-3+,3,31647.78496,32515.11296,867.3279999999977,31647.78496,32515.11296,867.3279999999977,18,6.116967176338354,RankSurprise
microVA_L_2-3+,3,33441.34144,33450.92608,9.584640000000945,33441.34144,33450.92608,9.584640000000945,4,10.573961826786917,RankSurprise
microVA_L_2-3+,3,35289.86624,35354.99264,65.12639999999374,35289.86624,35354.99264,65.12639999999374,5,6.159780746266385,RankSurprise
microVA_L_2-3+,3,45399.40864,45456.13824,56.729599999998754,45399.40864,45456.13824,56.729599999998754,4,4.458540598845808,RankSurprise
microVA_L_2-3+,3,46565.49888,46754.73408,189.2352000000028,46565.49888,46754.73408,189.2352000000028,7,5.1420954300146535,RankSurprise
microVA_L_2-3+,3,49579.04896,49631.92832,52.879359999999,49579.04896,49631.92832,52.879359999999,4,4.7206513136580845,RankSurprise
microVA_L_2-3+,3,50406.27712,51049.34912,643.0720000000001,50406.27712,51049.34912,643.0720000000001,14,4.430044533276966,RankSurprise
microVA_L_2-3+,3,51238.62528,51264.06144,25.43615999999747,51238.62528,51264.06144,25.43615999999747,4,7.033770701126787,RankSurprise
microVA_L_2-3+,3,53108.5312,53481.79968,373.2684799999988,53108.5312,53481.79968,373.2684799999988,9,3.843764697564729,RankSurprise
microVA_L_2-3+,3,54020.25984,54576.25088,555.9910400000008,54020.25984,54576.25088,555.9910400000008,12,4.0717604196787285,RankSurprise
microVA_L_2-3+,3,56502.6816,56692.16256,189.4809599999935,56502.6816,56692.16256,189.4809599999935,7,5.2345577339906075,RankSurprise
microVA_L_2-3+,3,58234.63424,58992.88576,758.251519999998,58234.63424,58992.88576,758.251519999998,18,7.4550962277038995,RankSurprise
microVA_L_2-3+,3,64205.33248,64230.56384,25.231360000005225,64205.33248,64230.56384,25.231360000005225,3,4.1236824118263495,RankSurprise
microVA_L_2-3+,3,65287.41376,65425.44896,138.03519999999844,65287.41376,65425.44896,138.03519999999844,5,3.9462048232520353,RankSurprise
microVA_L_2-3+,3,66646.67136,66677.47328,30.801920000012615,66646.67136,66677.47328,30.801920000012615,3,3.6820894329347293,RankSurprise
microVA_L_2-3+,3,67000.32,67033.16992,32.84991999999329,67000.32,67033.16992,32.84991999999329,3,3.5696212386089794,RankSurprise
microVA_L_2-3+,3,67309.24032,67341.5168,32.27648000000045,67309.24032,67341.5168,32.27648000000045,3,3.5971509361422935,RankSurprise
microVA_L_2-3+,3,68481.31072,68502.15936,20.848640000011073,68481.31072,68502.15936,20.848640000011073,3,4.570420879842709,RankSurprise
microVA_L_2-3+,3,68693.85216,68807.31136,113.45920000001206,68693.85216,68807.31136,113.45920000001206,7,8.10370987008939,RankSurprise
microVA_L_2-3+,3,69898.77248,69957.50912,58.73664000000281,69898.77248,69957.50912,58.73664000000281,4,4.337874633508054,RankSurprise
microVA_L_2-3+,3,72291.328,72384.63488,93.30688000000373,72291.328,72384.63488,93.30688000000373,5,4.707860892025995,RankSurprise
microVA_L_2-3+,3,74094.14144,74254.7456,160.60415999998804,74094.14144,74254.7456,160.60415999998804,6,4.355700385643008,RankSurprise
microVA_L_2-3+,3,74929.52064,75088.40448,158.88383999999496,74929.52064,75088.40448,158.88383999999496,6,4.556073101241731,RankSurprise
microVA_L_2-3+,3,79816.86784,79929.344,112.47615999999107,79816.86784,79929.344,112.47615999999107,6,5.92475245063617,RankSurprise
microVA_L_2-3+,3,80979.84512,81053.45024,73.60512000000745,80979.84512,81053.45024,73.60512000000745,4,3.765994575424525,RankSurprise
microVA_L_2-3+,3,86839.86944,86880.13312,40.26368000000366,86839.86944,86880.13312,40.26368000000366,4,5.541787197619843,RankSurprise
microVA_L_2-3+,3,93190.3488,93210.25536,19.90655999998853,93190.3488,93210.25536,19.90655999998853,3,4.710501645533721,RankSurprise
microVA_L_2-3+,3,95456.91136,95741.29664,284.38528000000224,95456.91136,95741.29664,284.38528000000224,8,4.176405157011593,RankSurprise
microVA_L_2-3+,3,101528.65792,101581.08672,52.42880000000878,101528.65792,101581.08672,52.42880000000878,4,4.710333155666621,RankSurprise
microVA_L_2-3+,3,108483.05152,108588.76928,105.71775999999954,108483.05152,108588.76928,105.71775999999954,6,6.088294305450539,RankSurprise
microVA_L_2-3+,3,111989.9648,112015.31904,25.354240000000573,111989.9648,112015.31904,25.354240000000573,3,4.105728955435774,RankSurprise
microVA_L_2-3+,3,113901.28128,114515.23072,613.9494400000112,113901.28128,114515.23072,613.9494400000112,13,3.9077300045541703,RankSurprise
microVA_L_2-3+,3,115074.17088,115100.09856,25.927679999993416,115074.17088,115100.09856,25.927679999993416,3,4.084395402970445,RankSurprise
microVA_L_2-3+,3,117400.04352,117818.90048,418.85695999999007,117400.04352,117818.90048,418.85695999999007,11,5.4432802903115665,RankSurprise
microVA_L_2-3+,3,119265.4848,119276.87168,11.386879999990924,119265.4848,119276.87168,11.386879999990924,3,5.977115936151206,RankSurprise
microVA_L_2-3+,3,121053.92128,121102.82752,48.90624000001117,121053.92128,121102.82752,48.90624000001117,4,4.982390390481175,RankSurprise
microVA_L_2-3+,3,122847.27296,123082.50624,235.23328000000038,122847.27296,123082.50624,235.23328000000038,9,6.685980583900641,RankSurprise
microVA_L_2-3+,3,124721.47968,124831.744,110.26432000000204,124721.47968,124831.744,110.26432000000204,5,4.127981211129242,RankSurprise
microVA_L_2-3+,3,126080.6144,126092.6976,12.083199999993667,126080.6144,126092.6976,12.083199999993667,3,5.888013899842633,RankSurprise
microVA_L_2-3+,3,126729.50272,126876.09856,146.5958399999945,126729.50272,126876.09856,146.5958399999945,6,4.904024731277566,RankSurprise
microVA_L_2-3+,3,127333.41696,127588.27008,254.85311999999976,127333.41696,127588.27008,254.85311999999976,7,3.6278853507267828,RankSurprise
microVA_L_2-3+,3,129396.77696,129425.24416,28.46719999999914,129396.77696,129425.24416,28.46719999999914,3,3.8955440376474098,RankSurprise
microVA_L_2-3+,3,135097.30304,135436.12416,338.8211200000078,135097.30304,135436.12416,338.8211200000078,10,6.381633093643318,RankSurprise
microVA_L_2-3+,3,136998.33856,137163.48928,165.1507200000051,136998.33856,137163.48928,165.1507200000051,6,4.147412484040462,RankSurprise
microVA_L_2-3+,3,138608.14848,138779.77088,171.62239999999292,138608.14848,138779.77088,171.62239999999292,6,4.408047932376817,RankSurprise
microVA_L_2-3+,3,139440.20992,139470.848,30.638080000004265,139440.20992,139470.848,30.638080000004265,3,3.755735495864057,RankSurprise
microVA_L_2-3+,3,140237.45536,140841.984,604.5286400000041,140237.45536,140841.984,604.5286400000041,13,4.891035500733713,RankSurprise
microVA_L_2-3+,3,142508.8512,142571.39712,62.545920000004116,142508.8512,142571.39712,62.545920000004116,4,4.208774548072693,RankSurprise
microVA_L_2-3+,3,147569.78688,147680.29696,110.51008000000729,147569.78688,147680.29696,110.51008000000729,5,4.222906585676455,RankSurprise
microVA_L_2-3+,3,154223.65696,154310.49216,86.83520000000135,154223.65696,154310.49216,86.83520000000135,5,5.160605068533837,RankSurprise
microVA_L_2-3+,3,156223.61088,156418.90816,195.29727999999886,156223.61088,156418.90816,195.29727999999886,7,5.1558710506886305,RankSurprise
microVA_L_2-3+,3,156718.81728,156936.97024,218.15296000000671,156718.81728,156936.97024,218.15296000000671,8,6.01708218577646,RankSurprise
microVA_L_2-3+,3,157391.13472,157682.60608,291.4713599999959,157391.13472,157682.60608,291.4713599999959,10,7.081379233456433,RankSurprise
microVA_L_2-3+,3,159359.42656,159469.9776,110.5510400000203,159359.42656,159469.9776,110.5510400000203,5,4.167675570581924,RankSurprise
microVA_L_2-3+,3,160656.75264,160882.03264,225.27999999999884,160656.75264,160882.03264,225.27999999999884,7,3.946563330370277,RankSurprise
microVA_L_2-3+,3,162554.71616,162795.9296,241.21343999999226,162554.71616,162795.9296,241.21343999999226,7,3.9257900051928423,RankSurprise
microVA_L_2-3+,3,171420.18048,171499.88864,79.70815999998013,171420.18048,171499.88864,79.70815999998013,4,3.583678415467613,RankSurprise
microVA_L_2-3+,3,192074.46528,192097.36192,22.89663999999175,192074.46528,192097.36192,22.89663999999175,3,4.360827321785072,RankSurprise
microVA_L_2-3+,3,196974.91968,197495.11168,520.19200000001,196974.91968,197495.11168,520.19200000001,13,6.188212366994804,RankSurprise
microVA_L_2-3+,3,198304.52224,198891.60192,587.0796799999953,198304.52224,198891.60192,587.0796799999953,12,3.60793506107659,RankSurprise
microVA_L_2-3+,3,201431.98208,201458.0736,26.091520000016317,201431.98208,201458.0736,26.091520000016317,3,4.05979050422553,RankSurprise
microVA_L_2-3+,3,202975.76448,203136.8192,161.05471999998554,202975.76448,203136.8192,161.05471999998554,6,4.479222311747132,RankSurprise
microVA_L_2-3+,3,204182.65088,204511.88736,329.2364799999923,204182.65088,204511.88736,329.2364799999923,9,4.371603545958942,RankSurprise
microVA_L_2-3+,3,205468.672,205567.5904,98.91839999999502,205468.672,205567.5904,98.91839999999502,7,8.630686215075052,RankSurprise
microVA_L_2-3+,3,206345.78944,206695.79264,350.0032000000065,206345.78944,206695.79264,350.0032000000065,10,5.306353956171178,RankSurprise
microVA_L_2-3+,3,208763.6992,208893.58336,129.88415999998688,208763.6992,208893.58336,129.88415999998688,6,5.1630264722754475,RankSurprise
microVA_L_2-3+,3,209857.3312,209864.2944,6.9632000000274274,209857.3312,209864.2944,6.9632000000274274,3,7.261292892850454,RankSurprise
microVA_L_2-3+,3,210477.95712,210751.03744,273.0803199999791,210477.95712,210751.03744,273.0803199999791,9,5.957432292790188,RankSurprise
microVA_L_2-3+,3,215586.48832,215620.48512,33.99679999999353,215586.48832,215620.48512,33.99679999999353,4,6.137389247469084,RankSurprise
microVA_L_2-3+,3,221895.22944,221928.89856,33.66912000000593,221895.22944,221928.89856,33.66912000000593,4,6.112629790967365,RankSurprise
microVA_L_2-3+,3,225196.68736,225320.26368,123.57631999999285,225196.68736,225320.26368,123.57631999999285,5,4.040083454705272,RankSurprise
microVA_L_2-3+,3,236908.09344,236923.2896,15.196159999992233,236908.09344,236923.2896,15.196159999992233,3,5.2515003599075225,RankSurprise
microVA_L_2-3+,3,239080.89856,239109.65248,28.753919999988284,239080.89856,239109.65248,28.753919999988284,3,3.8667895303932784,RankSurprise
microVA_L_2-3+,3,242024.40704,242042.01984,17.612800000002608,242024.40704,242042.01984,17.612800000002608,3,4.897980881482164,RankSurprise
microVA_L_2-3+,3,242379.5712,243453.952,1074.3807999999844,242379.5712,243453.952,1074.3807999999844,19,3.8444552142943205,RankSurprise
microVA_L_2-3+,3,244485.44768,244654.6944,169.24671999999555,244485.44768,244654.6944,169.24671999999555,6,4.133172956231223,RankSurprise
microVA_L_2-3+,3,245752.46336,245774.5408,22.077439999993658,245752.46336,245774.5408,22.077439999993658,3,4.397713651950864,RankSurprise
microVA_L_2-3+,3,247490.64192,247564.65664,74.01472000000649,247490.64192,247564.65664,74.01472000000649,4,3.9381333613140015,RankSurprise
microVA_L_2-3+,3,250326.58944,250529.30048,202.71103999999468,250326.58944,250529.30048,202.71103999999468,6,3.535597617217769,RankSurprise
microVA_L_2-3+,3,253589.9136,253605.35552,15.441920000012033,253589.9136,253605.35552,15.441920000012033,3,5.277019112331352,RankSurprise
microVA_L_2-3+,3,268338.13504,268364.26752,26.13247999997111,268338.13504,268364.26752,26.13247999997111,3,4.0458652851160775,RankSurprise
microVA_L_2-3+,3,278037.74976,278042.37824,4.628480000013951,278037.74976,278042.37824,4.628480000013951,3,8.306201002546702,RankSurprise
microVA_L_2-3+,3,297957.41696,298017.13664,59.719679999980144,297957.41696,298017.13664,59.719679999980144,4,4.259306701911431,RankSurprise
microVA_L_2-3+,3,306058.60864,306187.22304,128.6144000000204,306058.60864,306187.22304,128.6144000000204,5,3.7021802006281668,RankSurprise
microVA_L_2-3+,3,306661.49888,306811.53536,150.03647999995155,306661.49888,306811.53536,150.03647999995155,6,4.58403173072686,RankSurprise
microVA_L_2-3+,3,307472.5888,307609.3952,136.8064000000013,307472.5888,307609.3952,136.8064000000013,5,3.6288777887967356,RankSurprise
microVA_L_2-3+,3,308528.78336,308579.328,50.544639999978244,308528.78336,308579.328,50.544639999978244,4,4.815147363076445,RankSurprise
microVA_L_2-3+,3,313373.77792,313519.63648,145.8585599999642,313373.77792,313519.63648,145.8585599999642,5,3.5199690198009783,RankSurprise
microVA_L_2-3+,3,327852.48256,327873.29024,20.807680000027176,327852.48256,327873.29024,20.807680000027176,3,4.539100290053025,RankSurprise
microVA_L_2-3+,3,335871.01696,336016.54784,145.5308800000348,335871.01696,336016.54784,145.5308800000348,6,4.829851606131825,RankSurprise
microVA_L_2-3+,3,336845.2096,336918.89664,73.68703999998979,336845.2096,336918.89664,73.68703999998979,4,3.792426471450156,RankSurprise
microVA_L_2-3+,3,337942.20032,338015.60064,73.4003200000152,337942.20032,338015.60064,73.4003200000152,5,5.756842743913975,RankSurprise
microVA_L_2-3+,3,339219.2512,339318.70208,99.45088000001851,339219.2512,339318.70208,99.45088000001851,5,5.070027180539871,RankSurprise
microVA_L_2-3+,3,344251.84256,344356.4544,104.61183999996865,344251.84256,344356.4544,104.61183999996865,7,8.449835710140874,RankSurprise
microVA_L_2-3+,3,344916.13184,345134.8992,218.767359999998,344916.13184,345134.8992,218.767359999998,7,4.244203939676903,RankSurprise
microVA_L_2-3+,3,346097.70496,346242.29376,144.58879999996861,346097.70496,346242.29376,144.58879999996861,6,5.084940535352665,RankSurprise
microVA_L_2-3+,3,348087.99232,348684.32896,596.3366399999941,348087.99232,348684.32896,596.3366399999941,12,3.5097028286676477,RankSurprise
microVA_L_2-3+,3,360479.98976,360675.36896,195.37919999996666,360479.98976,360675.36896,195.37919999996666,6,3.8141475855111233,RankSurprise
microVA_L_2-3+,3,361739.96032,361759.49824,19.537919999973383,361739.96032,361759.49824,19.537919999973383,3,4.686462859873176,RankSurprise
microVA_L_2-3+,3,363596.63616,363815.69024,219.0540800000308,363596.63616,363815.69024,219.0540800000308,8,5.699145054978233,RankSurprise
microVA_L_2-3+,3,365712.62976,365773.70112,61.07136000000173,365712.62976,365773.70112,61.07136000000173,4,4.28377848173028,RankSurprise
microVA_L_2-3+,4,555.58144,793.8048,238.22335999999996,555.58144,793.8048,238.22335999999996,5,4.215474016130582,RankSurprise
microVA_L_2-3+,4,2832.9984,2909.88032,76.88192000000026,2832.9984,2909.88032,76.88192000000026,3,3.6312762539320147,RankSurprise
microVA_L_2-3+,4,12544.45056,13387.1616,842.7110400000001,12544.45056,13387.1616,842.7110400000001,11,5.728513513838047,RankSurprise
microVA_L_2-3+,4,17158.30784,17204.51072,46.202879999997094,17158.30784,17204.51072,46.202879999997094,3,4.758482759146968,RankSurprise
microVA_L_2-3+,4,19055.28832,19164.61056,109.32224000000133,19055.28832,19164.61056,109.32224000000133,4,5.0157893397969495,RankSurprise
microVA_L_2-3+,4,24050.23744,24176.64,126.40255999999863,24050.23744,24176.64,126.40255999999863,4,4.515388024702329,RankSurprise
microVA_L_2-3+,4,25587.42528,26531.2256,943.8003200000021,25587.42528,26531.2256,943.8003200000021,12,5.782857789580417,RankSurprise
microVA_L_2-3+,4,30612.15232,30696.32512,84.17280000000028,30612.15232,30696.32512,84.17280000000028,4,5.823250077562374,RankSurprise
microVA_L_2-3+,4,40986.2144,41053.22496,67.01056000000244,40986.2144,41053.22496,67.01056000000244,3,3.7680386006457027,RankSurprise
microVA_L_2-3+,4,45644.51328,45723.19744,78.68416000000434,45644.51328,45723.19744,78.68416000000434,4,5.9489579603130025,RankSurprise
microVA_L_2-3+,4,46299.09504,46487.51104,188.41599999999744,46299.09504,46487.51104,188.41599999999744,5,5.249627229829919,RankSurprise
microVA_L_2-3+,4,48007.3728,48193.16736,185.7945600000021,48007.3728,48193.16736,185.7945600000021,5,5.283815510686619,RankSurprise
microVA_L_2-3+,4,51463.29088,51696.27136,232.98047999999835,51463.29088,51696.27136,232.98047999999835,5,4.235971878525149,RankSurprise
microVA_L_2-3+,4,55226.40896,57421.29152,2194.882559999998,55226.40896,57421.29152,2194.882559999998,21,5.180126223782853,RankSurprise
microVA_L_2-3+,4,58922.72128,59219.39456,296.6732800000027,58922.72128,59219.39456,296.6732800000027,6,4.815742010514022,RankSurprise
microVA_L_2-3+,4,60046.9504,60095.44704,48.49663999999757,60046.9504,60095.44704,48.49663999999757,3,4.508155449054897,RankSurprise
microVA_L_2-3+,4,61860.53632,62219.0592,358.5228800000041,61860.53632,62219.0592,358.5228800000041,6,4.131257220600151,RankSurprise
microVA_L_2-3+,4,63928.1152,64199.10656,270.99136,63928.1152,64199.10656,270.99136,6,5.433066805682515,RankSurprise
microVA_L_2-3+,4,64778.81344,64993.23904,214.4256000000023,64778.81344,64993.23904,214.4256000000023,5,4.5631215096088695,RankSurprise
microVA_L_2-3+,4,65921.72032,66183.53664,261.81632000001264,65921.72032,66183.53664,261.81632000001264,7,7.6354442899480475,RankSurprise
microVA_L_2-3+,4,69770.07616,69959.59808,189.52191999999923,69770.07616,69959.59808,189.52191999999923,6,7.42208048040537,RankSurprise
microVA_L_2-3+,4,80209.75616,80270.78656,61.03039999998873,80209.75616,80270.78656,61.03039999998873,3,3.983717400150434,RankSurprise
microVA_L_2-3+,4,86214.08256,86513.82784,299.7452800000028,86214.08256,86513.82784,299.7452800000028,6,4.887069942760796,RankSurprise
microVA_L_2-3+,4,89618.80064,89814.54848,195.74783999999636,89618.80064,89814.54848,195.74783999999636,5,4.989700216032183,RankSurprise
microVA_L_2-3+,4,95630.62272,95787.4176,156.79488000000129,95630.62272,95787.4176,156.79488000000129,5,6.135116761624481,RankSurprise
microVA_L_2-3+,4,100781.62944,100827.66848,46.039039999988745,100781.62944,100827.66848,46.039039999988745,4,8.001508349437024,RankSurprise
microVA_L_2-3+,4,124082.74944,124141.1584,58.40896000000066,124082.74944,124141.1584,58.40896000000066,3,4.135305427721521,RankSurprise
microVA_L_2-3+,4,128660.23424,128722.57536,62.34111999999732,128660.23424,128722.57536,62.34111999999732,3,3.8979898161986384,RankSurprise
microVA_L_2-3+,4,130238.58688,130313.8304,75.24352000000363,130238.58688,130313.8304,75.24352000000363,3,3.5544359602226034,RankSurprise
microVA_L_2-3+,4,139506.52416,139652.87424,146.3500800000038,139506.52416,139652.87424,146.3500800000038,4,4.072150924175215,RankSurprise
microVA_L_2-3+,4,150528.49152,150886.35904,357.8675199999998,150528.49152,150886.35904,357.8675199999998,7,5.693146091295098,RankSurprise
microVA_L_2-3+,4,154766.58176,155210.67008,444.08832000000984,154766.58176,155210.67008,444.08832000000984,8,5.780864963879905,RankSurprise
microVA_L_2-3+,4,155819.66336,155947.17184,127.5084799999895,155819.66336,155947.17184,127.5084799999895,4,4.384219428332088,RankSurprise
microVA_L_2-3+,4,156926.3616,156951.9616,25.60000000000582,156926.3616,156951.9616,25.60000000000582,3,5.991662940125199,RankSurprise
microVA_L_2-3+,4,181342.98624,182291.82464,948.8384000000078,181342.98624,182291.82464,948.8384000000078,10,3.5939532945022825,RankSurprise
microVA_L_2-3+,4,188038.30784,188054.9376,16.62976000001072,188038.30784,188054.9376,16.62976000001072,3,6.830698729318126,RankSurprise
microVA_L_2-3+,4,189517.25056,189564.14976,46.89920000001439,189517.25056,189564.14976,46.89920000001439,3,4.625376941749288,RankSurprise
microVA_L_2-3+,4,200460.41088,200519.84384,59.43295999997645,200460.41088,200519.84384,59.43295999997645,3,4.042981125482047,RankSurprise
microVA_L_2-3+,4,201525.78048,201544.54016,18.759680000017397,201525.78048,201544.54016,18.759680000017397,3,6.580364308955719,RankSurprise
microVA_L_2-3+,4,220434.10432,221901.94688,1467.84255999999,220434.10432,221901.94688,1467.84255999999,16,5.563546169738948,RankSurprise
microVA_L_2-3+,4,223094.94784,223879.5776,784.6297599999816,223094.94784,223879.5776,784.6297599999816,10,4.831798178056526,RankSurprise
microVA_L_2-3+,4,224260.62848,224426.8032,166.17471999998088,224260.62848,224426.8032,166.17471999998088,4,3.6045394232770818,RankSurprise
microVA_L_2-3+,4,226648.18688,226764.06272,115.87583999999333,226648.18688,226764.06272,115.87583999999333,4,4.932789595060541,RankSurprise
microVA_L_2-3+,4,227378.5856,227451.16672,72.58112000001711,227378.5856,227451.16672,72.58112000001711,3,3.521724906031121,RankSurprise
microVA_L_2-3+,4,233628.09856,233687.04,58.941439999995055,233628.09856,233687.04,58.941439999995055,3,4.186345010002039,RankSurprise
microVA_L_2-3+,4,236863.2832,236935.41376,72.13055999999051,236863.2832,236935.41376,72.13055999999051,3,3.7316739011372597,RankSurprise
microVA_L_2-3+,4,238879.86688,238934.71232,54.8454400000046,238879.86688,238934.71232,54.8454400000046,4,7.310717937041506,RankSurprise
microVA_L_2-3+,4,245721.53856,245840.97792,119.4393600000185,245721.53856,245840.97792,119.4393600000185,4,4.705653767817044,RankSurprise
microVA_L_2-3+,4,255048.04864,255239.41376,191.3651200000022,255048.04864,255239.41376,191.3651200000022,5,5.152471483604444,RankSurprise
microVA_L_2-3+,4,271263.9488,271643.40224,379.45344000001205,271263.9488,271643.40224,379.45344000001205,6,3.632696836414997,RankSurprise
microVA_L_2-3+,4,303466.25024,303509.99552,43.74527999997372,303466.25024,303509.99552,43.74527999997372,3,4.784457271901543,RankSurprise
microVA_L_2-3+,4,309413.23264,309484.91264,71.67999999999302,309413.23264,309484.91264,71.67999999999302,4,6.25454851192303,RankSurprise
microVA_L_2-3+,4,312040.89856,312116.06016,75.16159999999218,312040.89856,312116.06016,75.16159999999218,3,3.5638810912966896,RankSurprise
microVA_L_2-3+,4,318790.69696,318926.56128,135.86432000005152,318790.69696,318926.56128,135.86432000005152,4,4.220329340882007,RankSurprise
microVA_L_2-3+,4,328306.15552,328381.93152,75.77600000001257,328306.15552,328381.93152,75.77600000001257,3,3.5450352248809835,RankSurprise
microVA_L_2-3+,4,328727.59296,328883.44576,155.8527999999933,328727.59296,328883.44576,155.8527999999933,5,5.9371473796951015,RankSurprise
microVA_L_2-3+,4,336744.20224,337401.15968,656.9574399999692,336744.20224,337401.15968,656.9574399999692,9,4.758782695711598,RankSurprise
microVA_L_2-3+,4,341542.912,341590.09792,47.18591999995988,341542.912,341590.09792,47.18591999995988,3,4.609344727384949,RankSurprise
microVA_L_2-3+,4,342502.56384,342687.29344,184.72959999996237,342502.56384,342687.29344,184.72959999996237,5,5.219481033913354,RankSurprise
microVA_L_2-3+,4,346159.5136,346240.2048,80.69120000000112,346159.5136,346240.2048,80.69120000000112,4,5.836237151395075,RankSurprise
microVA_L_2-3+,4,349761.37216,349823.50848,62.13631999999052,349761.37216,349823.50848,62.13631999999052,3,4.013129758543599,RankSurprise
microVA_L_2-3+,4,352234.78272,352254.68928,19.90655999997398,352234.78272,352254.68928,19.90655999997398,3,6.435967881549626,RankSurprise
microVA_L_2-3+,4,352373.84192,352759.31648,385.4745600000024,352373.84192,352759.31648,385.4745600000024,6,3.5819491298977075,RankSurprise
microVA_L_2-3+,4,357621.10464,357675.49952,54.39488000003621,357621.10464,357675.49952,54.39488000003621,3,4.319950973286026,RankSurprise
microVA_L_2-3+,4,359974.74816,360029.83936,55.09119999996619,359974.74816,360029.83936,55.09119999996619,3,4.192817524507658,RankSurprise
microVA_L_2-3+,4,361257.1648,361451.15136,193.98655999999028,361257.1648,361451.15136,193.98655999999028,5,5.068450041936011,RankSurprise
microVA_L_2-3+,4,390356.21376,390785.8432,429.6294399999897,390356.21376,390785.8432,429.6294399999897,8,6.128939629893763,RankSurprise
microVA_L_2-3+,4,392161.8944,392232.30464,70.41023999999743,392161.8944,392232.30464,70.41023999999743,3,3.8428137981554755,RankSurprise
microVA_R_4-5+,0,43940.08576,45751.82848,1811.7427199999947,43940.08576,45751.82848,1811.7427199999947,10,5.772873228651582,RankSurprise
microVA_R_4-5+,0,66785.6896,66953.13408,167.44448000000557,66785.6896,66953.13408,167.44448000000557,4,5.89088319137047,RankSurprise
microVA_R_4-5+,0,79256.04352,81277.17376,2021.1302399999986,79256.04352,81277.17376,2021.1302399999986,10,4.974213056502127,RankSurprise
microVA_R_4-5+,0,122065.83808,124262.4,2196.561919999993,122065.83808,124262.4,2196.561919999993,10,4.4287508082541125,RankSurprise
microVA_R_4-5+,0,142008.48384,142385.39776,376.9139199999918,142008.48384,142385.39776,376.9139199999918,4,3.5470856361501113,RankSurprise
microVA_R_4-5+,0,146147.36896,146254.76608,107.39712000000873,146147.36896,146254.76608,107.39712000000873,3,4.253337811861293,RankSurprise
microVA_R_4-5+,0,150758.52288,150832.86528,74.34239999999409,150758.52288,150832.86528,74.34239999999409,3,5.020014304917279,RankSurprise
microVA_R_4-5+,0,154436.97664,154653.2864,216.30976000000373,154436.97664,154653.2864,216.30976000000373,4,5.082592248457043,RankSurprise
microVA_R_4-5+,0,162984.71424,162989.8752,5.160960000008345,162984.71424,162989.8752,5.160960000008345,3,11.68186904546259,RankSurprise
microVA_R_4-5+,0,175246.1312,175389.0816,142.95040000000154,175246.1312,175389.0816,142.95040000000154,3,3.8738169243606464,RankSurprise
microVA_R_4-5+,0,185716.49024,185779.15904,62.66879999998491,185716.49024,185779.15904,62.66879999998491,3,5.370134236309676,RankSurprise
microVA_R_4-5+,0,207305.48224,207714.83648,409.354239999986,207305.48224,207714.83648,409.354239999986,5,5.244935283368484,RankSurprise
microVA_R_4-5+,0,243252.8384,243440.68096,187.84255999999004,243252.8384,243440.68096,187.84255999999004,4,5.626554395750226,RankSurprise
microVA_R_4-5+,0,258288.06656,258371.584,83.51743999999599,258288.06656,258371.584,83.51743999999599,3,4.722154027549742,RankSurprise
microVA_R_4-5+,0,268744.04864,268844.56448,100.5158400000073,268744.04864,268844.56448,100.5158400000073,3,4.507655330480299,RankSurprise
microVA_R_4-5+,0,292301.824,292332.58496,30.76095999998506,292301.824,292332.58496,30.76095999998506,3,7.24709184540318,RankSurprise
microVA_R_4-5+,0,312889.42592,314283.04896,1393.6230399999768,312889.42592,314283.04896,1393.6230399999768,8,4.9287032686958465,RankSurprise
microVA_R_4-5+,0,332195.10272,332693.504,498.40127999999095,332195.10272,332693.504,498.40127999999095,5,4.423876118699589,RankSurprise
microVA_R_4-5+,0,370011.29984,370110.6688,99.36895999999251,370011.29984,370110.6688,99.36895999999251,3,4.507655330480299,RankSurprise
microVA_R_4-5+,0,377943.8592,380221.52192,2277.662720000022,377943.8592,380221.52192,2277.662720000022,10,4.538513256875949,RankSurprise
microVA_R_4-5+,0,390554.70592,390588.12928,33.423360000015236,390554.70592,390588.12928,33.423360000015236,3,7.076698859474499,RankSurprise
microVA_R_4-5+,1,4562.944,4845.11744,282.1734399999996,4562.944,4845.11744,282.1734399999996,4,4.472683593284106,RankSurprise
microVA_R_4-5+,1,43194.1632,43351.28576,157.12255999999616,43194.1632,43351.28576,157.12255999999616,3,3.765341853115615,RankSurprise
microVA_R_4-5+,1,49935.03232,50101.37088,166.33856000000378,49935.03232,50101.37088,166.33856000000378,4,6.190820976154109,RankSurprise
microVA_R_4-5+,1,56691.17952,56929.81248,238.63296000000264,56691.17952,56929.81248,238.63296000000264,4,5.187464928079802,RankSurprise
microVA_R_4-5+,1,78294.016,78408.94976,114.9337599999999,78294.016,78408.94976,114.9337599999999,3,4.46895302870084,RankSurprise
microVA_R_4-5+,1,86173.36832,86316.52352,143.15520000000834,86173.36832,86316.52352,143.15520000000834,3,3.811498430621848,RankSurprise
microVA_R_4-5+,1,99577.52832,99694.22336,116.69504000000597,99577.52832,99694.22336,116.69504000000597,3,4.283247768777606,RankSurprise
microVA_R_4-5+,1,120432.59904,120477.24544,44.64639999999781,120432.59904,120477.24544,44.64639999999781,3,6.500473012820494,RankSurprise
microVA_R_4-5+,1,125946.42944,126027.20256,80.77311999999802,125946.42944,126027.20256,80.77311999999802,3,4.956215538738691,RankSurprise
microVA_R_4-5+,1,132845.44512,135432.64256,2587.197440000018,132845.44512,135432.64256,2587.197440000018,11,4.227621846285259,RankSurprise
microVA_R_4-5+,1,154607.65696,154728.52992,120.87296000000788,154607.65696,154728.52992,120.87296000000788,3,4.263639297389231,RankSurprise
microVA_R_4-5+,1,166727.31136,166973.56288,246.2515200000198,166727.31136,166973.56288,246.2515200000198,4,4.995750430584497,RankSurprise
microVA_R_4-5+,1,188655.24736,188819.12832,163.8809599999804,188655.24736,188819.12832,163.8809599999804,3,3.5767940569065626,RankSurprise
microVA_R_4-5+,1,202074.76736,202373.28384,298.51647999999113,202074.76736,202373.28384,298.51647999999113,5,6.572741092757248,RankSurprise
microVA_R_4-5+,1,219997.92128,220584.7552,586.8339200000046,219997.92128,220584.7552,586.8339200000046,5,3.9680371777358054,RankSurprise
microVA_R_4-5+,1,265882.74688,266335.76448,453.01760000002105,265882.74688,266335.76448,453.01760000002105,5,5.08304063848518,RankSurprise
microVA_R_4-5+,1,309809.19296,310109.83936,300.6463999999687,309809.19296,310109.83936,300.6463999999687,5,6.712835884645063,RankSurprise
microVA_R_4-5+,1,324474.2656,324921.344,447.0783999999985,324474.2656,324921.344,447.0783999999985,5,5.179046100474949,RankSurprise
microVA_R_4-5+,1,392607.29344,392757.61664,150.32320000004256,392607.29344,392757.61664,150.32320000004256,3,3.6761064879178065,RankSurprise
microVA_R_4-5+,2,11097.9072,11423.25248,325.34527999999955,11097.9072,11423.25248,325.34527999999955,4,3.636681476909377,RankSurprise
microVA_R_4-5+,2,15468.1344,15540.8384,72.70399999999972,15468.1344,15540.8384,72.70399999999972,3,4.765514871063235,RankSurprise
microVA_R_4-5+,2,20183.04,20920.77056,737.73056,20183.04,20920.77056,737.73056,6,4.285764005184999,RankSurprise
microVA_R_4-5+,2,24877.2608,25658.1632,780.902399999999,24877.2608,25658.1632,780.902399999999,7,5.649523695954547,RankSurprise
microVA_R_4-5+,2,35540.29568,35656.04864,115.75295999999798,35540.29568,35656.04864,115.75295999999798,3,3.7177852352962493,RankSurprise
microVA_R_4-5+,2,40376.07424,41089.96608,713.8918399999966,40376.07424,41089.96608,713.8918399999966,6,4.357219838229496,RankSurprise
microVA_R_4-5+,2,48707.62496,50660.31104,1952.6860799999995,48707.62496,50660.31104,1952.6860799999995,11,5.1873720397259175,RankSurprise
microVA_R_4-5+,2,116996.5056,117136.09728,139.59167999999772,116996.5056,117136.09728,139.59167999999772,5,8.649809438889427,RankSurprise
microVA_R_4-5+,2,130918.1952,132464.47616,1546.2809599999891,130918.1952,132464.47616,1546.2809599999891,12,7.5466124443491065,RankSurprise
microVA_R_4-5+,2,157457.85856,157582.5408,124.68223999999464,157457.85856,157582.5408,124.68223999999464,4,6.205108614881151,RankSurprise
microVA_R_4-5+,2,162339.18464,162457.43616,118.25152000001981,162339.18464,162457.43616,118.25152000001981,3,3.7307724308230608,RankSurprise
microVA_R_4-5+,2,164061.34784,166427.48416,2366.1363199999905,164061.34784,166427.48416,2366.1363199999905,12,4.503719572530105,RankSurprise
microVA_R_4-5+,2,180165.67296,180250.2144,84.54144000000088,180165.67296,180250.2144,84.54144000000088,3,4.334576687522288,RankSurprise
microVA_R_4-5+,2,183965.53216,185634.16064,1668.6284799999848,183965.53216,185634.16064,1668.6284799999848,11,5.746138663976029,RankSurprise
microVA_R_4-5+,2,203514.71616,203542.15936,27.443199999979697,203514.71616,203542.15936,27.443199999979697,3,6.603726103528791,RankSurprise
microVA_R_4-5+,2,204937.37984,205666.05824,728.6784000000043,204937.37984,205666.05824,728.6784000000043,6,4.022131633551016,RankSurprise
microVA_R_4-5+,2,207951.54432,208093.34784,141.80352000001585,207951.54432,208093.34784,141.80352000001585,3,3.5562051628091123,RankSurprise
microVA_R_4-5+,2,250250.15808,250530.52928,280.37119999999413,250250.15808,250530.52928,280.37119999999413,4,3.9624549280576495,RankSurprise
microVA_R_4-5+,2,284343.95136,284687.64672,343.69536000001244,284343.95136,284687.64672,343.69536000001244,4,3.5278607693741684,RankSurprise
microVA_R_4-5+,2,321559.9616,321733.8368,173.8752000000095,321559.9616,321733.8368,173.8752000000095,4,5.309612306318112,RankSurprise
microVA_R_4-5+,2,323340.86144,323416.8832,76.02175999997417,323340.86144,323416.8832,76.02175999997417,3,4.63848449745517,RankSurprise
microVA_R_4-5+,2,330004.60288,330087.79264,83.18975999997929,330004.60288,330087.79264,83.18975999997929,3,4.3522762646216915,RankSurprise
microVA_R_4-5+,2,341211.21792,341261.5168,50.298879999958444,341211.21792,341261.5168,50.298879999958444,3,5.4961451448779215,RankSurprise
microVA_R_4-5+,2,359999.32416,360271.01184,271.6876799999736,359999.32416,360271.01184,271.6876799999736,5,6.3210807739974975,RankSurprise
microVA_R_4-5+,2,381088.72704,381527.81824,439.0911999999662,381088.72704,381527.81824,439.0911999999662,5,4.384334566977035,RankSurprise
microVA_R_5-6+,1,8771.7888,9511.44448,739.6556799999998,8771.7888,9511.44448,739.6556799999998,9,4.359517057672393,RankSurprise
microVA_R_5-6+,1,10899.0464,11505.95072,606.9043200000015,10899.0464,11505.95072,606.9043200000015,8,4.058526047006589,RankSurprise
microVA_R_5-6+,1,20776.59136,20920.77056,144.1792000000023,20776.59136,20920.77056,144.1792000000023,4,3.883834586676066,RankSurprise
microVA_R_5-6+,1,25255.60832,25829.74464,574.1363200000014,25255.60832,25829.74464,574.1363200000014,8,4.837922753441498,RankSurprise
microVA_R_5-6+,1,30727.90528,30759.19872,31.293440000001283,30727.90528,30759.19872,31.293440000001283,3,5.15381694255294,RankSurprise
microVA_R_5-6+,1,37058.19136,37208.30976,150.11839999999938,37058.19136,37208.30976,150.11839999999938,4,3.9868491400450665,RankSurprise
microVA_R_5-6+,1,44578.97984,44645.94944,66.96959999999672,44578.97984,44645.94944,66.96959999999672,3,3.6443499140950433,RankSurprise
microVA_R_5-6+,1,48707.62496,48881.2544,173.62943999999698,48707.62496,48881.2544,173.62943999999698,4,3.545053918637713,RankSurprise
microVA_R_5-6+,1,50552.66816,50660.31104,107.64287999999942,50552.66816,50660.31104,107.64287999999942,4,4.805109161658038,RankSurprise
microVA_R_5-6+,1,67973.61152,68026.81856,53.20703999999387,67973.61152,68026.81856,53.20703999999387,3,4.080708930420144,RankSurprise
microVA_R_5-6+,1,80778.4448,81335.66464,557.2198400000052,80778.4448,81335.66464,557.2198400000052,9,6.198753466864738,RankSurprise
microVA_R_5-6+,1,84723.17952,84778.8032,55.62367999998969,84723.17952,84778.8032,55.62367999998969,3,3.984035502975283,RankSurprise
microVA_R_5-6+,1,86064.82432,86112.82944,48.005120000001625,86064.82432,86112.82944,48.005120000001625,3,4.222781030521075,RankSurprise
microVA_R_5-6+,1,112390.144,112453.05856,62.91456000000471,112390.144,112453.05856,62.91456000000471,3,3.7512938919820655,RankSurprise
microVA_R_5-6+,1,114019.81952,114062.99136,43.17183999999543,114019.81952,114062.99136,43.17183999999543,3,4.531765683676724,RankSurprise
microVA_R_5-6+,1,122661.96992,123422.39232,760.4223999999958,122661.96992,123422.39232,760.4223999999958,9,4.485874271691886,RankSurprise
microVA_R_5-6+,1,131077.85728,131889.39776,811.540479999996,131077.85728,131889.39776,811.540479999996,11,5.880211081449323,RankSurprise
microVA_R_5-6+,1,143602.60608,143641.47712,38.871039999998175,143602.60608,143641.47712,38.871039999998175,3,4.680349748731929,RankSurprise
microVA_R_5-6+,1,148245.21728,148310.95808,65.74079999999958,148245.21728,148310.95808,65.74079999999958,3,3.66281162734402,RankSurprise
microVA_R_5-6+,1,150708.10112,150832.86528,124.76415999999153,150708.10112,150832.86528,124.76415999999153,4,4.246692959299413,RankSurprise
microVA_R_5-6+,1,159541.57568,159593.18528,51.609599999996135,159541.57568,159593.18528,51.609599999996135,3,4.111419819737851,RankSurprise
microVA_R_5-6+,1,162917.7856,162989.8752,72.08960000000661,162917.7856,162989.8752,72.08960000000661,3,3.513933064382103,RankSurprise
microVA_R_5-6+,1,164052.29568,164078.592,26.29631999999401,164052.29568,164078.592,26.29631999999401,3,5.49386061154175,RankSurprise
microVA_R_5-6+,1,180165.67296,180250.2144,84.54144000000088,180165.67296,180250.2144,84.54144000000088,4,5.535384367689254,RankSurprise
microVA_R_5-6+,1,184394.46528,185779.15904,1384.6937599999947,184394.46528,185779.15904,1384.6937599999947,15,5.7655736298287135,RankSurprise
microVA_R_5-6+,1,190272.63488,190392.89344,120.25856000001659,190272.63488,190392.89344,120.25856000001659,4,4.393063710059842,RankSurprise
microVA_R_5-6+,1,194180.62848,194410.9056,230.27711999998428,194180.62848,194410.9056,230.27711999998428,5,4.0878237307809755,RankSurprise
microVA_R_5-6+,1,198873.74336,198936.1664,62.42303999999422,198873.74336,198936.1664,62.42303999999422,3,3.738411366370288,RankSurprise
microVA_R_5-6+,1,207245.06624,208093.34784,848.2816000000166,207245.06624,208093.34784,848.2816000000166,13,8.104108854229425,RankSurprise
microVA_R_5-6+,1,214592.75776,214642.03264,49.27487999998266,214592.75776,214642.03264,49.27487999998266,3,4.182293652032051,RankSurprise
microVA_R_5-6+,1,219757.28128,219821.58848,64.3072000000102,219757.28128,219821.58848,64.3072000000102,3,3.6939649807939823,RankSurprise
microVA_R_5-6+,1,243418.23488,243440.68096,22.446079999994254,243418.23488,243440.68096,22.446079999994254,3,5.922856217060108,RankSurprise
microVA_R_5-6+,1,250250.15808,250530.52928,280.37119999999413,250250.15808,250530.52928,280.37119999999413,5,3.9495809014783134,RankSurprise
microVA_R_5-6+,1,252297.29792,252353.61792,56.31999999997788,252297.29792,252353.61792,56.31999999997788,3,3.9767890944545172,RankSurprise
microVA_R_5-6+,1,253956.83328,254118.2976,161.46431999999913,253956.83328,254118.2976,161.46431999999913,4,3.695761882667288,RankSurprise
microVA_R_5-6+,1,260906.47552,261169.60256,263.1270399999921,260906.47552,261169.60256,263.1270399999921,7,7.1496470722818515,RankSurprise
microVA_R_5-6+,1,266463.76448,266597.86752,134.10304000001634,266463.76448,266597.86752,134.10304000001634,4,4.171453782847369,RankSurprise
microVA_R_5-6+,1,268744.04864,268844.56448,100.5158400000073,268744.04864,268844.56448,100.5158400000073,6,10.105117159193565,RankSurprise
microVA_R_5-6+,1,292301.824,292332.58496,30.76095999998506,292301.824,292332.58496,30.76095999998506,3,5.206625866317289,RankSurprise
microVA_R_5-6+,1,294690.36544,294891.60192,201.2364799999632,294690.36544,294891.60192,201.2364799999632,5,4.633268889629456,RankSurprise
microVA_R_5-6+,1,313885.32736,314491.78112,606.453760000004,313885.32736,314491.78112,606.453760000004,8,4.481046792652199,RankSurprise
microVA_R_5-6+,1,321559.9616,321733.8368,173.8752000000095,321559.9616,321733.8368,173.8752000000095,6,7.422814703109438,RankSurprise
microVA_R_5-6+,1,341211.21792,341224.36608,13.148159999982454,341211.21792,341224.36608,13.148159999982454,3,7.417364162820232,RankSurprise
microVA_R_5-6+,1,359071.17056,360271.01184,1199.8412799999933,359071.17056,360271.01184,1199.8412799999933,12,4.873682583142043,RankSurprise
microVA_R_5-6+,1,367704.39168,367742.73024,38.33856000000378,367704.39168,367742.73024,38.33856000000378,3,4.711438666284593,RankSurprise
microVA_R_5-6+,1,376271.17568,376568.91392,297.73824000003515,376271.17568,376568.91392,297.73824000003515,6,5.098063645915097,RankSurprise
microVA_R_5-6+,1,390554.70592,390588.04736,33.34144000004744,390554.70592,390588.04736,33.34144000004744,3,5.027590837728043,RankSurprise
microVA_R_5-6+,4,11422.72,11628.38016,205.66016000000127,11422.72,11628.38016,205.66016000000127,4,4.396127737779953,RankSurprise
microVA_R_5-6+,4,26626.99008,26689.1264,62.13632000000143,26626.99008,26689.1264,62.13632000000143,3,4.650020277294924,RankSurprise
microVA_R_5-6+,4,38892.70784,39000.80128,108.09343999999692,38892.70784,39000.80128,108.09343999999692,3,3.7346650222128517,RankSurprise
microVA_R_5-6+,4,43194.1632,43624.77568,430.61247999999614,43194.1632,43624.77568,430.61247999999614,5,3.8393782185148844,RankSurprise
microVA_R_5-6+,4,50035.38432,50101.37088,65.98656000000483,50035.38432,50101.37088,65.98656000000483,3,4.528307963498651,RankSurprise
microVA_R_5-6+,4,67606.89664,67848.47872,241.58207999999286,67606.89664,67848.47872,241.58207999999286,4,3.8388428425159375,RankSurprise
microVA_R_5-6+,4,73887.08864,74323.7632,436.6745599999995,73887.08864,74323.7632,436.6745599999995,5,4.033387826440151,RankSurprise
microVA_R_5-6+,4,82741.12512,82913.0752,171.95008000000962,82741.12512,82913.0752,171.95008000000962,4,4.811155154099254,RankSurprise
microVA_R_5-6+,4,96178.25792,96254.5664,76.30847999999241,96178.25792,96254.5664,76.30847999999241,3,4.240135815075288,RankSurprise
microVA_R_5-6+,4,99577.52832,99694.22336,116.69504000000597,99577.52832,99694.22336,116.69504000000597,3,3.5184911736136737,RankSurprise
microVA_R_5-6+,4,113538.94912,113967.26784,428.31871999999566,113538.94912,113967.26784,428.31871999999566,6,5.610952334155172,RankSurprise
microVA_R_5-6+,4,125946.42944,126027.20256,80.77311999999802,125946.42944,126027.20256,80.77311999999802,3,4.22739678929786,RankSurprise
microVA_R_5-6+,4,129250.304,129279.26272,28.958719999995083,129250.304,129279.26272,28.958719999995083,3,6.208257173220995,RankSurprise
microVA_R_5-6+,4,145827.30752,146747.22816,919.9206399999966,145827.30752,146747.22816,919.9206399999966,8,4.844199216676425,RankSurprise
microVA_R_5-6+,4,156148.5312,156445.85984,297.32863999999245,156148.5312,156445.85984,297.32863999999245,5,5.190392754860042,RankSurprise
microVA_R_5-6+,4,165343.72352,165363.95776,20.234239999990677,165343.72352,165363.95776,20.234239999990677,3,6.80084787806131,RankSurprise
microVA_R_5-6+,4,175328.29696,175442.69824,114.40127999999095,175328.29696,175442.69824,114.40127999999095,3,3.509602226196428,RankSurprise
microVA_R_5-6+,4,180627.94752,181086.24896,458.3014400000102,180627.94752,181086.24896,458.3014400000102,5,3.8393782185148844,RankSurprise
microVA_R_5-6+,4,188655.24736,188748.5952,93.34784000000218,188655.24736,188748.5952,93.34784000000218,3,4.033890733960824,RankSurprise
microVA_R_5-6+,4,195013.2224,195396.11648,382.8940799999982,195013.2224,195396.11648,382.8940799999982,5,4.363646048741309,RankSurprise
microVA_R_5-6+,4,202087.71072,202386.30912,298.59839999998803,202087.71072,202386.30912,298.59839999998803,5,5.277431904888246,RankSurprise
microVA_R_5-6+,4,205567.83616,205691.12576,123.28959999998915,205567.83616,205691.12576,123.28959999998915,3,3.509602226196428,RankSurprise
microVA_R_5-6+,4,211339.8784,211391.0784,51.20000000001164,211339.8784,211391.0784,51.20000000001164,3,5.067117740302125,RankSurprise
microVA_R_5-6+,4,221733.2736,221786.84928,53.575680000009015,221733.2736,221786.84928,53.575680000009015,3,5.009969699099161,RankSurprise
microVA_R_5-6+,4,232800.256,234110.07488,1309.8188800000062,232800.256,234110.07488,1309.8188800000062,9,3.741802827072633,RankSurprise
microVA_R_5-6+,4,260582.97344,260804.608,221.63456000000588,260582.97344,260804.608,221.63456000000588,5,6.178268720940608,RankSurprise
microVA_R_5-6+,4,268267.3152,268527.04256,259.72735999996075,268267.3152,268527.04256,259.72735999996075,5,5.678153554282712,RankSurprise
microVA_R_5-6+,4,277701.91872,278142.48448,440.5657599999686,277701.91872,278142.48448,440.5657599999686,5,4.049538625194881,RankSurprise
microVA_R_5-6+,4,288426.5984,288507.94496,81.34655999997631,288426.5984,288507.94496,81.34655999997631,3,4.177236927456287,RankSurprise
microVA_R_5-6+,4,296415.27296,296662.54848,247.2755200000247,296415.27296,296662.54848,247.2755200000247,4,3.8259948178650127,RankSurprise
microVA_R_5-6+,4,309456.40448,310109.83936,653.434879999957,309456.40448,310109.83936,653.434879999957,6,3.736316043689168,RankSurprise
microVA_R_5-6+,4,323042.01728,323133.6448,91.6275200000382,323042.01728,323133.6448,91.6275200000382,3,3.9547837455170978,RankSurprise
microVA_R_5-6+,4,324474.2656,324581.66272,107.39712000003783,324474.2656,324581.66272,107.39712000003783,3,3.591061866448509,RankSurprise
microVA_R_5-6+,4,332666.55232,332734.13632,67.58399999997346,332666.55232,332734.13632,67.58399999997346,3,4.543123049283793,RankSurprise
microVA_R_5-6+,4,337572.33152,338123.28448,550.952959999966,337572.33152,338123.28448,550.952959999966,7,5.94677709645156,RankSurprise
microVA_R_5-6+,4,347158.03648,348157.952,999.9155199999805,347158.03648,348157.952,999.9155199999805,8,4.561444656189948,RankSurprise
microVA_R_5-6+,4,351210.2912,351269.4784,59.18720000004396,351210.2912,351269.4784,59.18720000004396,3,4.847715308203519,RankSurprise
microVA_R_5-6+,4,366346.8544,366435.69664,88.84223999996902,366346.8544,366435.69664,88.84223999996902,4,6.726076051191168,RankSurprise
microVA_R_5-6+,4,373415.44448,373839.2576,423.81312000000617,373415.44448,373839.2576,423.81312000000617,5,3.7834686821102608,RankSurprise
microVA_R_5-6+,4,375458.57024,375561.05216,102.48192000004929,375458.57024,375561.05216,102.48192000004929,3,3.705107654690508,RankSurprise
microVA_R_5-6+,4,392079.03232,393188.22912,1109.196799999976,392079.03232,393188.22912,1109.196799999976,10,6.566878742745808,RankSurprise
microVA_R_7-8+,0,455.18848,966.41024,511.22176,455.18848,966.41024,511.22176,5,4.7287276530766675,RankSurprise
microVA_R_7-8+,0,4512.60416,5092.1472,579.5430400000005,4512.60416,5092.1472,579.5430400000005,8,10.417753029489248,RankSurprise
microVA_R_7-8+,0,58329.7024,60272.72192,1943.0195200000016,58329.7024,60272.72192,1943.0195200000016,8,3.703835905387014,RankSurprise
microVA_R_7-8+,0,79532.4416,79679.11936,146.6777599999914,79532.4416,79679.11936,146.6777599999914,5,9.021631027046908,RankSurprise
microVA_R_7-8+,0,87914.04544,88054.49728,140.45183999999426,87914.04544,88054.49728,140.45183999999426,3,3.7714704147826676,RankSurprise
microVA_R_7-8+,0,124904.52992,127143.64928,2239.119359999997,124904.52992,127143.64928,2239.119359999997,11,6.353579078708899,RankSurprise
microVA_R_7-8+,0,137259.58144,138064.77312,805.191679999989,137259.58144,138064.77312,805.191679999989,6,4.855938383374703,RankSurprise
microVA_R_7-8+,0,152550.85056,152563.34336,12.492800000007264,152550.85056,152563.34336,12.492800000007264,3,7.977474294810623,RankSurprise
microVA_R_7-8+,0,213032.59136,213080.35072,47.75935999999638,213032.59136,213080.35072,47.75935999999638,3,5.880333176031386,RankSurprise
microVA_R_7-8+,0,232816.55808,235454.58688,2638.0288,232816.55808,235454.58688,2638.0288,11,4.73138189969991,RankSurprise
microVA_R_7-8+,0,253193.8304,253589.7088,395.87839999998687,253193.8304,253589.7088,395.87839999998687,4,3.773785378051091,RankSurprise
microVA_R_7-8+,0,304402.0224,304749.89568,347.8732799999998,304402.0224,304749.89568,347.8732799999998,4,4.262674752261155,RankSurprise
microVA_R_7-8+,0,318291.3536,318387.03616,95.68256000004476,318291.3536,318387.03616,95.68256000004476,4,7.341065134608691,RankSurprise
microVA_R_7-8+,0,378410.10688,378667.4176,257.3107200000086,378410.10688,378667.4176,257.3107200000086,4,4.814962576475086,RankSurprise
microVA_R_7-8+,1,1241.25184,3107.71712,1866.46528,1241.25184,3107.71712,1866.46528,14,10.487439869821934,RankSurprise
microVA_R_7-8+,1,6190.61248,6755.65568,565.0432000000001,6190.61248,6755.65568,565.0432000000001,6,5.9246458334155285,RankSurprise
microVA_R_7-8+,1,14553.21088,14684.28288,131.07200000000012,14553.21088,14684.28288,131.07200000000012,4,6.916366732192127,RankSurprise
microVA_R_7-8+,1,17295.52384,18193.36704,897.8431999999993,17295.52384,18193.36704,897.8431999999993,6,3.6682917690024652,RankSurprise
microVA_R_7-8+,1,71220.224,74179.46112,2959.2371200000052,71220.224,74179.46112,2959.2371200000052,13,5.500163289974727,RankSurprise
microVA_R_7-8+,1,80078.848,81278.68928,1199.8412800000078,80078.848,81278.68928,1199.8412800000078,8,4.960930898790005,RankSurprise
microVA_R_7-8+,1,126138.12224,126510.61248,372.4902399999992,126138.12224,126510.61248,372.4902399999992,4,3.7654074866331655,RankSurprise
microVA_R_7-8+,1,130704.7936,131925.72928,1220.935679999995,130704.7936,131925.72928,1220.935679999995,8,5.331758359443698,RankSurprise
microVA_R_7-8+,1,134109.02016,135134.49472,1025.4745600000024,134109.02016,135134.49472,1025.4745600000024,11,11.504507657907139,RankSurprise
microVA_R_7-8+,1,142228.2752,142671.42144,443.14624000000185,142228.2752,142671.42144,443.14624000000185,5,4.951485065052527,RankSurprise
microVA_R_7-8+,1,181615.32928,181720.35072,105.02143999998225,181615.32928,181720.35072,105.02143999998225,3,4.516115460115568,RankSurprise
microVA_R_7-8+,1,189006.4384,189367.296,360.85759999998845,189006.4384,189367.296,360.85759999998845,4,4.056294941151833,RankSurprise
microVA_R_7-8+,1,194189.7216,194311.20896,121.48735999999917,194189.7216,194311.20896,121.48735999999917,3,4.044542627002098,RankSurprise
microVA_R_7-8+,1,229211.66848,229764.096,552.4275199999975,229211.66848,229764.096,552.4275199999975,5,4.0920643696672165,RankSurprise
microVA_R_7-8+,1,233641.53344,233751.9616,110.4281600000104,233641.53344,233751.9616,110.4281600000104,3,4.276692417849704,RankSurprise
microVA_R_7-8+,1,243768.40192,245081.9072,1313.505279999983,243768.40192,245081.9072,1313.505279999983,8,5.053344284448128,RankSurprise
microVA_R_7-8+,1,305646.3872,306762.91584,1116.528639999975,305646.3872,306762.91584,1116.528639999975,8,5.911814820820213,RankSurprise
microVA_R_7-8+,1,313154.31424,313515.70432,361.39008000004105,313154.31424,313515.70432,361.39008000004105,4,3.7456704309576097,RankSurprise
microVA_R_7-8+,1,363459.66592,363726.27456,266.6086399999913,363459.66592,363726.27456,266.6086399999913,4,4.618577360933539,RankSurprise
microVA_R_7-8+,1,387765.57568,389180.70272,1415.1270399999921,387765.57568,389180.70272,1415.1270399999921,8,4.585121632388759,RankSurprise
