Electrode,Cluster,onset_start_ms,onset_end_ms,onset_duration_ms,span_start_ms,span_end_ms,span_duration_ms,Num_Spikes,RS,Method
microGPi1_R_1-2+,0,48315.88352,53550.73536,5234.851839999996,48315.88352,53550.73536,5234.851839999996,11,4.304925965560186,RankSurprise
microGPi1_R_1-2+,0,132552.54016,132698.64448,146.104319999984,132552.54016,132698.64448,146.104319999984,3,5.144908835502655,RankSurprise
microGPi1_R_1-2+,0,180129.34144,181365.30944,1235.9680000000226,180129.34144,181365.30944,1235.9680000000226,6,5.474666820502634,RankSurprise
microGPi1_R_1-2+,0,192039.64928,192214.17984,174.5305599999847,192039.64928,192214.17984,174.5305599999847,4,8.389583296477431,RankSurprise
microGPi1_R_1-2+,0,223108.13696,224642.58048,1534.4435200000007,223108.13696,224642.58048,1534.4435200000007,5,3.9151434181607954,RankSurprise
microGPi1_R_1-2+,0,234407.44448,234510.5408,103.09631999998237,234407.44448,234510.5408,103.09631999998237,3,6.342409125322975,RankSurprise
microGPi1_R_1-2+,0,272160.80896,272253.91104,93.10207999998238,272160.80896,272253.91104,93.10207999998238,3,6.409100499821647,RankSurprise
microGPi1_R_1-2+,0,298796.76928,299762.52416,965.754879999964,298796.76928,299762.52416,965.754879999964,5,4.608109527496595,RankSurprise
microGPi1_R_1-2+,0,338472.67328,347629.64992,9156.976640000008,338472.67328,347629.64992,9156.976640000008,19,7.451445767986478,RankSurprise
microGPi1_R_1-2+,0,419645.44,419774.09536,128.6553599999752,419645.44,419774.09536,128.6553599999752,3,5.498804713271123,RankSurprise
microGPi1_R_1-2+,0,424482.93888,424573.00992,90.07104000000982,424482.93888,424573.00992,90.07104000000982,3,6.6236603074444655,RankSurprise
microGPi1_R_1-2+,0,470638.75584,470921.99424,283.2384000000311,470638.75584,470921.99424,283.2384000000311,3,3.7317070214628423,RankSurprise
microGPi1_R_1-2+,0,485969.01888,487546.10176,1577.0828800000018,485969.01888,487546.10176,1577.0828800000018,6,4.209489250099272,RankSurprise
microGPi1_R_1-2+,0,507651.44064,516951.6544,9300.213760000013,507651.44064,516951.6544,9300.213760000013,17,4.197694346050502,RankSurprise
microGPi1_R_1-2+,0,604970.8032,605879.21408,908.4108799999813,604970.8032,605879.21408,908.4108799999813,6,6.809998334141053,RankSurprise
microGPi1_R_1-2+,0,615704.90368,616367.47264,662.5689600000624,615704.90368,616367.47264,662.5689600000624,4,4.178235729839745,RankSurprise
microGPi1_R_1-2+,0,627009.536,627214.09024,204.55424000008497,627009.536,627214.09024,204.55424000008497,3,4.694991964823657,RankSurprise
microGPi1_R_1-2+,4,5170.62656,5271.51104,100.88448000000062,5170.62656,5271.51104,100.88448000000062,4,4.586595135599524,RankSurprise
microGPi1_R_1-2+,4,7518.49472,7837.61408,319.1193600000006,7518.49472,7837.61408,319.1193600000006,7,4.294949720118251,RankSurprise
microGPi1_R_1-2+,4,8709.28384,8772.93568,63.65184000000045,8709.28384,8772.93568,63.65184000000045,3,3.7009540876886895,RankSurprise
microGPi1_R_1-2+,4,9002.14784,9023.32416,21.176320000000487,9002.14784,9023.32416,21.176320000000487,3,8.093337328538531,RankSurprise
microGPi1_R_1-2+,4,11066.61376,11583.52896,516.9151999999995,11066.61376,11583.52896,516.9151999999995,9,3.8335937685179804,RankSurprise
microGPi1_R_1-2+,4,16678.54336,17055.37536,376.8319999999985,16678.54336,17055.37536,376.8319999999985,10,9.633374741106923,RankSurprise
microGPi1_R_1-2+,4,17859.33824,17915.12576,55.78751999999804,17859.33824,17915.12576,55.78751999999804,3,4.565334082439845,RankSurprise
microGPi1_R_1-2+,4,18119.76192,18243.1744,123.41247999999905,18119.76192,18243.1744,123.41247999999905,4,3.8023592791007985,RankSurprise
microGPi1_R_1-2+,4,19045.66272,19098.50112,52.83840000000055,19045.66272,19098.50112,52.83840000000055,4,9.45406389929192,RankSurprise
microGPi1_R_1-2+,4,19958.9888,20077.69088,118.70207999999911,19958.9888,20077.69088,118.70207999999911,4,3.6086586193600994,RankSurprise
microGPi1_R_1-2+,4,21933.01504,21984.50176,51.48672000000079,21933.01504,21984.50176,51.48672000000079,4,9.735522004090878,RankSurprise
microGPi1_R_1-2+,4,23592.26368,23768.59648,176.33280000000013,23592.26368,23768.59648,176.33280000000013,5,4.185899153019054,RankSurprise
microGPi1_R_1-2+,4,35457.67936,36138.68032,681.0009599999976,35457.67936,36138.68032,681.0009599999976,11,3.8697012986680064,RankSurprise
microGPi1_R_1-2+,4,38841.46688,39047.7824,206.31551999999647,38841.46688,39047.7824,206.31551999999647,5,3.5296462722051523,RankSurprise
microGPi1_R_1-2+,4,45972.19328,46137.1392,164.9459199999983,45972.19328,46137.1392,164.9459199999983,5,4.545635929192695,RankSurprise
microGPi1_R_1-2+,4,48343.28576,48395.50976,52.22400000000198,48343.28576,48395.50976,52.22400000000198,3,4.395740908157265,RankSurprise
microGPi1_R_1-2+,4,51315.46624,51345.65376,30.187519999999495,51315.46624,51345.65376,30.187519999999495,3,6.335351727737722,RankSurprise
microGPi1_R_1-2+,4,51918.06976,51957.10464,39.03487999999925,51918.06976,51957.10464,39.03487999999925,3,5.953240047454079,RankSurprise
microGPi1_R_1-2+,4,52277.12512,52320.95232,43.82719999999972,52277.12512,52320.95232,43.82719999999972,4,10.32010363955144,RankSurprise
microGPi1_R_1-2+,4,55339.8272,55399.91552,60.08832000000257,55339.8272,55399.91552,60.08832000000257,3,4.0591325823762165,RankSurprise
microGPi1_R_1-2+,4,59476.09088,59739.62752,263.53663999999844,59476.09088,59739.62752,263.53663999999844,7,6.212555514337812,RankSurprise
microGPi1_R_1-2+,4,61533.88032,61660.9792,127.09888000000501,61533.88032,61660.9792,127.09888000000501,4,3.8091728191921597,RankSurprise
microGPi1_R_1-2+,4,66439.90528,66503.22944,63.324159999989206,66439.90528,66503.22944,63.324159999989206,3,3.6616560186566307,RankSurprise
microGPi1_R_1-2+,4,66804.85888,66989.056,184.19711999999708,66804.85888,66989.056,184.19711999999708,5,4.264309392810407,RankSurprise
microGPi1_R_1-2+,4,68494.04928,68733.05088,239.00159999998868,68494.04928,68733.05088,239.00159999998868,6,5.164642956444332,RankSurprise
microGPi1_R_1-2+,4,81330.54464,81583.18592,252.64128000001074,81330.54464,81583.18592,252.64128000001074,6,3.86747372569567,RankSurprise
microGPi1_R_1-2+,4,95306.01472,95351.93088,45.9161599999934,95306.01472,95351.93088,45.9161599999934,3,5.038755738213313,RankSurprise
microGPi1_R_1-2+,4,103547.20768,103607.95136,60.743679999999586,103547.20768,103607.95136,60.743679999999586,3,3.9976270972568457,RankSurprise
microGPi1_R_1-2+,4,106307.74784,106565.2224,257.4745600000024,106307.74784,106565.2224,257.4745600000024,6,4.012073394715969,RankSurprise
microGPi1_R_1-2+,4,117305.18016,117568.67584,263.4956799999927,117305.18016,117568.67584,263.4956799999927,6,3.62839510675625,RankSurprise
microGPi1_R_1-2+,4,121179.29984,121322.74176,143.44191999999748,121179.29984,121322.74176,143.44191999999748,4,3.670543073138596,RankSurprise
microGPi1_R_1-2+,4,137588.16256,137699.90144,111.73887999998988,137588.16256,137699.90144,111.73887999998988,5,7.947482662065422,RankSurprise
microGPi1_R_1-2+,4,138020.0448,138052.68992,32.64512000000104,138020.0448,138052.68992,32.64512000000104,3,5.169328557568818,RankSurprise
microGPi1_R_1-2+,4,142462.89408,142474.28096,11.386880000005476,142462.89408,142474.28096,11.386880000005476,3,9.79430137085309,RankSurprise
microGPi1_R_1-2+,4,149224.89856,149316.77184,91.8732799999998,149224.89856,149316.77184,91.8732799999998,4,5.011277795556158,RankSurprise
microGPi1_R_1-2+,4,151418.92096,151518.45376,99.53280000001541,151418.92096,151518.45376,99.53280000001541,4,4.733319249741989,RankSurprise
microGPi1_R_1-2+,4,155869.67552,155932.95872,63.28320000000531,155869.67552,155932.95872,63.28320000000531,3,3.7453064983964897,RankSurprise
microGPi1_R_1-2+,4,159076.72064,159097.73312,21.012479999975767,159076.72064,159097.73312,21.012479999975767,3,8.249517928307343,RankSurprise
microGPi1_R_1-2+,4,159840.8704,159903.78496,62.91455999997561,159840.8704,159903.78496,62.91455999997561,3,3.7841217441363266,RankSurprise
microGPi1_R_1-2+,4,161127.79264,161183.78496,55.992319999990286,161127.79264,161183.78496,55.992319999990286,3,4.166920094074502,RankSurprise
microGPi1_R_1-2+,4,163491.79904,163556.84352,65.04447999998229,163491.79904,163556.84352,65.04447999998229,3,3.571550668184189,RankSurprise
microGPi1_R_1-2+,4,171878.76864,172037.24288,158.47424000001047,171878.76864,172037.24288,158.47424000001047,5,4.940951431789735,RankSurprise
microGPi1_R_1-2+,4,175586.87744,175802.44992,215.57248000000254,175586.87744,175802.44992,215.57248000000254,5,3.5235680129820643,RankSurprise
microGPi1_R_1-2+,4,179349.25824,179453.82912,104.57088000001386,179349.25824,179453.82912,104.57088000001386,4,4.319526949543409,RankSurprise
microGPi1_R_1-2+,4,180918.59968,181055.44704,136.8473599999852,180918.59968,181055.44704,136.8473599999852,5,5.663174608254781,RankSurprise
microGPi1_R_1-2+,4,183240.78592,183342.61248,101.82656000001589,183240.78592,183342.61248,101.82656000001589,4,4.451779795725738,RankSurprise
microGPi1_R_1-2+,4,184376.44288,184441.93792,65.49504000000888,184376.44288,184441.93792,65.49504000000888,3,3.525104448088724,RankSurprise
microGPi1_R_1-2+,4,189489.43872,189549.568,60.12927999999374,189489.43872,189549.568,60.12927999999374,3,4.086805990805564,RankSurprise
microGPi1_R_1-2+,4,192718.52032,192990.12608,271.6057599999767,192718.52032,192990.12608,271.6057599999767,6,3.7085685383775284,RankSurprise
microGPi1_R_1-2+,4,194200.49408,194360.77056,160.27648000000045,194200.49408,194360.77056,160.27648000000045,5,4.46285204205849,RankSurprise
microGPi1_R_1-2+,4,196534.76352,196591.94368,57.18015999998897,196534.76352,196591.94368,57.18015999998897,4,8.804396581766131,RankSurprise
microGPi1_R_1-2+,4,199772.61056,200114.54464,341.93408000000636,199772.61056,200114.54464,341.93408000000636,8,5.732223606032443,RankSurprise
microGPi1_R_1-2+,4,214353.01888,214531.11296,178.09408000000985,214353.01888,214531.11296,178.09408000000985,5,4.106653501070031,RankSurprise
microGPi1_R_1-2+,4,217477.03808,218009.88672,532.8486400000111,217477.03808,218009.88672,532.8486400000111,11,6.222426205842316,RankSurprise
microGPi1_R_1-2+,4,219527.168,220083.36384,556.1958400000003,219527.168,220083.36384,556.1958400000003,11,5.8494747090172865,RankSurprise
microGPi1_R_1-2+,4,225057.66912,225073.72544,16.056320000003325,225057.66912,225073.72544,16.056320000003325,3,8.91843013802183,RankSurprise
microGPi1_R_1-2+,4,226023.54688,226087.60832,64.0614399999904,226023.54688,226087.60832,64.0614399999904,4,7.158694877040794,RankSurprise
microGPi1_R_1-2+,4,227288.6784,227353.43616,64.75776000000769,227288.6784,227353.43616,64.75776000000769,4,8.356400909637088,RankSurprise
microGPi1_R_1-2+,4,232803.00032,233074.36032,271.36000000001513,232803.00032,233074.36032,271.36000000001513,6,4.002163427612411,RankSurprise
microGPi1_R_1-2+,4,250404.0448,250577.18272,173.1379200000083,250404.0448,250577.18272,173.1379200000083,5,4.296108983054847,RankSurprise
microGPi1_R_1-2+,4,253720.9856,253972.97152,251.98591999997734,253720.9856,253972.97152,251.98591999997734,6,4.062935010163584,RankSurprise
microGPi1_R_1-2+,4,258597.92896,258686.81216,88.88320000001113,258597.92896,258686.81216,88.88320000001113,4,5.766967598854123,RankSurprise
microGPi1_R_1-2+,4,259868.42624,260051.72224,183.2960000000021,259868.42624,260051.72224,183.2960000000021,6,6.01529725769246,RankSurprise
microGPi1_R_1-2+,4,261241.32352,261302.39488,61.07136000000173,261241.32352,261302.39488,61.07136000000173,3,3.7581613936881357,RankSurprise
microGPi1_R_1-2+,4,264869.15072,265080.54528,211.3945600000443,264869.15072,265080.54528,211.3945600000443,5,3.605380918940366,RankSurprise
microGPi1_R_1-2+,4,265335.56224,265423.0528,87.49056000000564,265335.56224,265423.0528,87.49056000000564,4,5.549700865412511,RankSurprise
microGPi1_R_1-2+,4,267127.64416,267239.8336,112.18943999998737,267127.64416,267239.8336,112.18943999998737,4,4.607884407906358,RankSurprise
microGPi1_R_1-2+,4,268997.18144,269055.91808,58.73663999995915,268997.18144,269055.91808,58.73663999995915,4,8.656652235235821,RankSurprise
microGPi1_R_1-2+,4,271568.0768,271600.14848,32.07167999999365,271568.0768,271600.14848,32.07167999999365,3,6.018712517707428,RankSurprise
microGPi1_R_1-2+,4,280629.61664,280997.10976,367.4931199999992,280629.61664,280997.10976,367.4931199999992,7,4.102490740242924,RankSurprise
microGPi1_R_1-2+,4,283052.2368,283221.89312,169.65632000000915,283052.2368,283221.89312,169.65632000000915,5,4.199060997057618,RankSurprise
microGPi1_R_1-2+,4,283411.16928,283445.49376,34.324480000010226,283411.16928,283445.49376,34.324480000010226,3,6.808131580669512,RankSurprise
microGPi1_R_1-2+,4,284226.92864,284550.06208,323.13344000000507,284226.92864,284550.06208,323.13344000000507,7,4.810599196834073,RankSurprise
microGPi1_R_1-2+,4,291176.20224,291328.2048,152.00255999999354,291176.20224,291328.2048,152.00255999999354,5,5.342804301719525,RankSurprise
microGPi1_R_1-2+,4,292871.82336,292981.88288,110.0595200000098,292871.82336,292981.88288,110.0595200000098,4,3.9545203148292387,RankSurprise
microGPi1_R_1-2+,4,293837.70112,293964.88192,127.18080000003101,293837.70112,293964.88192,127.18080000003101,4,3.5959251521944147,RankSurprise
microGPi1_R_1-2+,4,294928.87552,295003.7504,74.87488000001758,294928.87552,295003.7504,74.87488000001758,4,7.460920017031988,RankSurprise
microGPi1_R_1-2+,4,297818.23488,297949.96224,131.72736000001896,297818.23488,297949.96224,131.72736000001896,4,3.6265767635379014,RankSurprise
microGPi1_R_1-2+,4,300617.64608,301188.21888,570.5728000000236,300617.64608,301188.21888,570.5728000000236,12,7.481727420733999,RankSurprise
microGPi1_R_1-2+,4,304681.53344,304999.58784,318.0543999999645,304681.53344,304999.58784,318.0543999999645,7,4.4289246819007255,RankSurprise
microGPi1_R_1-2+,4,305332.51072,305385.30816,52.79743999999482,305332.51072,305385.30816,52.79743999999482,3,3.64330726133778,RankSurprise
microGPi1_R_1-2+,4,305602.64192,305712.45568,109.81375999999,305602.64192,305712.45568,109.81375999999,4,4.1102850002678615,RankSurprise
microGPi1_R_1-2+,4,306343.23968,306447.9744,104.73472000000766,306343.23968,306447.9744,104.73472000000766,4,4.913105400480806,RankSurprise
microGPi1_R_1-2+,4,309637.9392,309660.75392,22.814719999965746,309637.9392,309660.75392,22.814719999965746,3,7.98371856710507,RankSurprise
microGPi1_R_1-2+,4,310019.8912,310056.01792,36.126720000000205,310019.8912,310056.01792,36.126720000000205,3,6.57530961067666,RankSurprise
microGPi1_R_1-2+,4,312260.93568,312324.25984,63.32416000001831,312260.93568,312324.25984,63.32416000001831,3,3.6473702399130854,RankSurprise
microGPi1_R_1-2+,4,313356.288,313412.85376,56.565760000026785,313356.288,313412.85376,56.565760000026785,4,7.928754087497715,RankSurprise
microGPi1_R_1-2+,4,313834.2912,314115.80928,281.5180800000089,313834.2912,314115.80928,281.5180800000089,7,5.564971387706637,RankSurprise
microGPi1_R_1-2+,4,316430.09024,316488.33536,58.24512000003597,316430.09024,316488.33536,58.24512000003597,3,4.094420216265894,RankSurprise
microGPi1_R_1-2+,4,317832.35584,317968.22016,135.86432000005152,317832.35584,317968.22016,135.86432000005152,5,5.266957653434162,RankSurprise
microGPi1_R_1-2+,4,323091.98848,323724.53376,632.5452800000203,323091.98848,323724.53376,632.5452800000203,11,5.376304327130325,RankSurprise
microGPi1_R_1-2+,4,324691.80416,324757.9136,66.10944000002928,324691.80416,324757.9136,66.10944000002928,4,6.041131006590529,RankSurprise
microGPi1_R_1-2+,4,329460.36736,329510.99392,50.62656000000425,329460.36736,329510.99392,50.62656000000425,3,4.719127555619261,RankSurprise
microGPi1_R_1-2+,4,331579.84256,331787.18208,207.33951999997953,331579.84256,331787.18208,207.33951999997953,6,5.236495960585607,RankSurprise
microGPi1_R_1-2+,4,332238.27456,332284.39552,46.1209600000293,332238.27456,332284.39552,46.1209600000293,3,5.638048555210913,RankSurprise
microGPi1_R_1-2+,4,337865.76896,338135.90016,270.13120000000345,337865.76896,338135.90016,270.13120000000345,6,4.283413646736344,RankSurprise
microGPi1_R_1-2+,4,339066.10176,339334.71744,268.61567999998806,339066.10176,339334.71744,268.61567999998806,7,5.57320618181722,RankSurprise
microGPi1_R_1-2+,4,339504.66048,339516.98944,12.32895999995526,339504.66048,339516.98944,12.32895999995526,3,9.75081625891335,RankSurprise
microGPi1_R_1-2+,4,340581.49888,340992.86016,411.3612799999537,340581.49888,340992.86016,411.3612799999537,9,5.88709071217037,RankSurprise
microGPi1_R_1-2+,4,342977.24928,343031.52128,54.271999999997206,342977.24928,343031.52128,54.271999999997206,3,4.326017035034509,RankSurprise
microGPi1_R_1-2+,4,343280.35328,343304.84736,24.494080000033136,343280.35328,343304.84736,24.494080000033136,3,7.98371856710507,RankSurprise
microGPi1_R_1-2+,4,345697.11616,345886.55616,189.44000000000233,345697.11616,345886.55616,189.44000000000233,5,3.5919719315710488,RankSurprise
microGPi1_R_1-2+,4,349522.86208,349778.98496,256.1228799999808,349522.86208,349778.98496,256.1228799999808,6,4.036938313243146,RankSurprise
microGPi1_R_1-2+,4,359582.47424,359811.97312,229.4988799999701,359582.47424,359811.97312,229.4988799999701,6,4.7309420678612515,RankSurprise
microGPi1_R_1-2+,4,361516.60544,361738.93632,222.33087999996496,361516.60544,361738.93632,222.33087999996496,7,7.11729469089493,RankSurprise
microGPi1_R_1-2+,4,362552.56576,362912.768,360.20223999995505,362552.56576,362912.768,360.20223999995505,8,5.218235084581606,RankSurprise
microGPi1_R_1-2+,4,363629.03552,363683.38944,54.35392000002321,363629.03552,363683.38944,54.35392000002321,3,4.740088462157578,RankSurprise
microGPi1_R_1-2+,4,364919.52128,365326.29504,406.77376000001095,364919.52128,365326.29504,406.77376000001095,8,5.217235967930199,RankSurprise
microGPi1_R_1-2+,4,368469.89312,368667.32032,197.42719999997644,368469.89312,368667.32032,197.42719999997644,5,3.6157261990752083,RankSurprise
microGPi1_R_1-2+,4,370631.02464,371114.3936,483.3689599999925,370631.02464,371114.3936,483.3689599999925,9,4.684530691320117,RankSurprise
microGPi1_R_1-2+,4,375690.36288,375851.08992,160.72704000002705,375690.36288,375851.08992,160.72704000002705,6,7.589054615759409,RankSurprise
microGPi1_R_1-2+,4,376536.96512,376570.6752,33.71007999998983,376536.96512,376570.6752,33.71007999998983,3,6.149343516840645,RankSurprise
microGPi1_R_1-2+,4,378291.28192,378406.25664,114.97471999999834,378291.28192,378406.25664,114.97471999999834,4,4.0123534400629985,RankSurprise
microGPi1_R_1-2+,4,385543.94624,386593.21856,1049.2723199999891,385543.94624,386593.21856,1049.2723199999891,16,5.874302011966905,RankSurprise
microGPi1_R_1-2+,4,391882.1376,391937.96608,55.828479999967385,391882.1376,391937.96608,55.828479999967385,3,4.571780506388771,RankSurprise
microGPi1_R_1-2+,4,393730.58048,393786.61376,56.033279999974184,393730.58048,393786.61376,56.033279999974184,3,4.193463295620807,RankSurprise
microGPi1_R_1-2+,4,394785.42336,394841.21088,55.78752000001259,394785.42336,394841.21088,55.78752000001259,3,4.4741232520142535,RankSurprise
microGPi1_R_1-2+,4,397977.14944,398888.46848,911.319039999973,397977.14944,398888.46848,911.319039999973,14,5.130132500529379,RankSurprise
microGPi1_R_1-2+,4,401008.59904,401068.60544,60.006400000012945,401008.59904,401068.60544,60.006400000012945,3,4.051651273986776,RankSurprise
microGPi1_R_1-2+,4,406201.344,406420.72576,219.3817600000184,406201.344,406420.72576,219.3817600000184,7,7.559775057458687,RankSurprise
microGPi1_R_1-2+,4,414671.42144,414713.93792,42.516479999991134,414671.42144,414713.93792,42.516479999991134,3,5.332499622834268,RankSurprise
microGPi1_R_1-2+,4,416508.47744,416718.60224,210.1247999999905,416508.47744,416718.60224,210.1247999999905,5,3.7100578420349954,RankSurprise
microGPi1_R_1-2+,4,417300.72576,417947.11552,646.3897599999909,417300.72576,417947.11552,646.3897599999909,11,5.210049263113713,RankSurprise
microGPi1_R_1-2+,4,418540.3392,418599.19872,58.859519999998156,418540.3392,418599.19872,58.859519999998156,3,4.233950526611338,RankSurprise
microGPi1_R_1-2+,4,419043.36896,419395.9936,352.62463999999454,419043.36896,419395.9936,352.62463999999454,7,3.824769750764021,RankSurprise
microGPi1_R_1-2+,4,422818.6112,423377.75616,559.1449600000051,422818.6112,423377.75616,559.1449600000051,10,4.701973774043493,RankSurprise
microGPi1_R_1-2+,4,426478.71488,426517.25824,38.54336000001058,426478.71488,426517.25824,38.54336000001058,3,6.1636038721218895,RankSurprise
microGPi1_R_1-2+,4,426970.5216,427199.93856,229.4169600000023,426970.5216,427199.93856,229.4169600000023,7,7.15703500418681,RankSurprise
microGPi1_R_1-2+,4,452939.3664,452998.10304,58.73664000001736,452939.3664,452998.10304,58.73664000001736,3,4.24488699096141,RankSurprise
microGPi1_R_1-2+,4,466224.49664,466353.9712,129.47456000000238,466224.49664,466353.9712,129.47456000000238,5,6.194708807940721,RankSurprise
microGPi1_R_1-2+,4,469470.45376,469572.48512,102.03136000002269,469470.45376,469572.48512,102.03136000002269,5,8.148230547250993,RankSurprise
microGPi1_R_1-2+,4,470221.78304,471121.46944,899.686400000006,470221.78304,471121.46944,899.686400000006,13,4.032866124949056,RankSurprise
microGPi1_R_1-2+,4,480482.59072,480715.93984,233.34912000002805,480482.59072,480715.93984,233.34912000002805,6,4.329783173649758,RankSurprise
microGPi1_R_1-2+,4,483781.30432,483963.04384,181.7395200000028,483781.30432,483963.04384,181.7395200000028,5,4.2594395088265,RankSurprise
microGPi1_R_1-2+,4,488714.11712,488950.00576,235.88863999996101,488714.11712,488950.00576,235.88863999996101,6,4.571697191027829,RankSurprise
microGPi1_R_1-2+,4,492649.51296,492713.7792,64.26623999996809,492649.51296,492713.7792,64.26623999996809,3,3.651441489192676,RankSurprise
microGPi1_R_1-2+,4,493703.45472,493850.54208,147.087360000005,493703.45472,493850.54208,147.087360000005,5,5.172599045376959,RankSurprise
microGPi1_R_1-2+,4,505603.23584,505948.20096,344.965120000008,505603.23584,505948.20096,344.965120000008,8,5.999761187314637,RankSurprise
microGPi1_R_1-2+,4,510305.23904,510399.6928,94.45376000000397,510305.23904,510399.6928,94.45376000000397,4,5.163764547451056,RankSurprise
microGPi1_R_1-2+,4,513350.8608,513584.5376,233.67679999995744,513350.8608,513584.5376,233.67679999995744,7,7.134075788140727,RankSurprise
microGPi1_R_1-2+,4,515284.50048,515419.46368,134.96319999999832,515284.50048,515419.46368,134.96319999999832,6,8.188652152370928,RankSurprise
microGPi1_R_1-2+,4,516534.10816,517413.19168,879.0835199999856,516534.10816,517413.19168,879.0835199999856,15,6.349168068631474,RankSurprise
microGPi1_R_1-2+,4,522596.63872,522655.82592,59.18719999998575,522596.63872,522655.82592,59.18719999998575,3,4.1329323335243995,RankSurprise
microGPi1_R_1-2+,4,529689.47712,529741.45536,51.97823999996763,529689.47712,529741.45536,51.97823999996763,3,4.974557584233855,RankSurprise
microGPi1_R_1-2+,4,532872.88832,533177.38496,304.4966400000267,532872.88832,533177.38496,304.4966400000267,7,4.969665642967264,RankSurprise
microGPi1_R_1-2+,4,537802.05568,537988.58752,186.53183999995235,537802.05568,537988.58752,186.53183999995235,5,3.6668084717871814,RankSurprise
microGPi1_R_1-2+,4,538453.4016,538495.3856,41.98400000005495,538453.4016,538495.3856,41.98400000005495,3,5.5677709262746,RankSurprise
microGPi1_R_1-2+,4,542085.07904,542142.6688,57.58976000000257,542085.07904,542142.6688,57.58976000000257,3,3.519373783835219,RankSurprise
microGPi1_R_1-2+,4,547458.21184,547895.00928,436.7974399999948,547458.21184,547895.00928,436.7974399999948,8,3.932440722974353,RankSurprise
microGPi1_R_1-2+,4,548416.7168,549277.12256,860.4057599999942,548416.7168,549277.12256,860.4057599999942,14,5.149097303319873,RankSurprise
microGPi1_R_1-2+,4,549612.29824,549873.37728,261.07903999998234,549612.29824,549873.37728,261.07903999998234,6,4.075986134260065,RankSurprise
microGPi1_R_1-2+,4,558742.03648,558788.608,46.57151999999769,558742.03648,558788.608,46.57151999999769,3,3.7177344739079903,RankSurprise
microGPi1_R_1-2+,4,575351.07072,575423.56992,72.49920000007842,575351.07072,575423.56992,72.49920000007842,4,6.044003196214625,RankSurprise
microGPi1_R_1-2+,4,585909.37088,585971.712,62.34112000011373,585909.37088,585971.712,62.34112000011373,3,3.839312901062492,RankSurprise
microGPi1_R_1-2+,4,588011.68384,588069.4784,57.79456000006758,588011.68384,588069.4784,57.79456000006758,3,4.24488699096141,RankSurprise
microGPi1_R_1-2+,4,595498.43456,595681.36192,182.9273600000888,595498.43456,595681.36192,182.9273600000888,5,4.0751572719979485,RankSurprise
microGPi1_R_1-2+,4,597636.83328,597723.46368,86.63040000002366,597636.83328,597723.46368,86.63040000002366,4,5.628717814577893,RankSurprise
microGPi1_R_1-2+,4,600320.32768,600626.5856,306.25792000000365,600320.32768,600626.5856,306.25792000000365,7,4.581179701409983,RankSurprise
microGPi1_R_1-2+,4,611776.43008,611839.50848,63.07839999999851,611776.43008,611839.50848,63.07839999999851,3,3.625125313297337,RankSurprise
microGPi1_R_1-2+,4,624104.8576,624161.87392,57.01632000005338,624104.8576,624161.87392,57.01632000005338,3,4.419533023447629,RankSurprise
microGPi1_R_1-2+,4,632454.84032,632484.49536,29.655039999983273,632454.84032,632484.49536,29.655039999983273,3,6.888747539485429,RankSurprise
microGPi1_R_1-3+,0,120703.91808,121489.53088,785.6128000000026,120703.91808,121489.53088,785.6128000000026,5,4.331156637695045,RankSurprise
microGPi1_R_1-3+,0,138946.80576,139071.6928,124.88704000000143,138946.80576,139071.6928,124.88704000000143,3,4.5412387877919755,RankSurprise
microGPi1_R_1-3+,0,145026.58048,145454.98112,428.4006400000071,145026.58048,145454.98112,428.4006400000071,4,4.86264299238017,RankSurprise
microGPi1_R_1-3+,0,212554.42432,212757.34016,202.91584000000148,212554.42432,212757.34016,202.91584000000148,3,3.5636840644634873,RankSurprise
microGPi1_R_1-3+,0,224799.37536,225657.856,858.4806399999943,224799.37536,225657.856,858.4806399999943,10,14.231891167231588,RankSurprise
microGPi1_R_1-3+,0,229896.6016,230012.84608,116.24447999999393,229896.6016,230012.84608,116.24447999999393,3,4.640641963696215,RankSurprise
microGPi1_R_1-3+,0,283614.8224,283950.44864,335.62624000001233,283614.8224,283950.44864,335.62624000001233,4,4.8923466906590605,RankSurprise
microGPi1_R_1-3+,0,293525.2992,295166.32064,1641.0214399999822,293525.2992,295166.32064,1641.0214399999822,7,4.821696567650792,RankSurprise
microGPi1_R_1-3+,0,310453.57568,310871.57248,417.9967999999644,310453.57568,310871.57248,417.9967999999644,4,4.298478690897088,RankSurprise
microGPi1_R_1-3+,0,313506.07872,314580.25472,1074.1760000000359,313506.07872,314580.25472,1074.1760000000359,5,3.7518293407065,RankSurprise
microGPi1_R_1-3+,0,318608.384,321827.67616,3219.2921599999536,318608.384,321827.67616,3219.2921599999536,9,3.6526447427955393,RankSurprise
microGPi1_R_1-3+,0,343754.99776,345453.64992,1698.6521599999978,343754.99776,345453.64992,1698.6521599999978,9,7.352720236621091,RankSurprise
microGPi1_R_1-3+,0,350249.1648,350555.05408,305.88927999994485,350249.1648,350555.05408,305.88927999994485,5,7.443694189171232,RankSurprise
microGPi1_R_1-3+,0,376010.05568,381380.85376,5370.798080000037,376010.05568,381380.85376,5370.798080000037,13,4.168702920175806,RankSurprise
microGPi1_R_1-3+,0,428300.4928,429220.57728,920.0844800000195,428300.4928,429220.57728,920.0844800000195,5,4.164657500451725,RankSurprise
microGPi1_R_1-3+,0,537410.43712,537822.57664,412.1395199999679,537410.43712,537822.57664,412.1395199999679,5,7.070864271402762,RankSurprise
microGPi1_R_1-3+,0,543410.25792,550155.75552,6745.497600000002,543410.25792,550155.75552,6745.497600000002,19,7.493115127142452,RankSurprise
microGPi1_R_1-3+,0,558770.33984,558819.36896,49.02911999996286,558770.33984,558819.36896,49.02911999996286,3,6.014357542609245,RankSurprise
microGPi1_R_1-3+,0,561337.26208,561999.99488,662.732799999998,561337.26208,561999.99488,662.732799999998,5,5.042543264539194,RankSurprise
microGPi1_R_1-3+,0,627948.17536,627975.90528,27.72991999995429,627948.17536,627975.90528,27.72991999995429,4,11.269812791522083,RankSurprise
microGPi1_R_2-3+,2,6521.97888,6754.5088,232.52991999999995,6521.97888,6754.5088,232.52991999999995,6,5.968504238334745,RankSurprise
microGPi1_R_2-3+,2,17327.43168,17357.90592,30.474239999999554,17327.43168,17357.90592,30.474239999999554,3,7.013542024100426,RankSurprise
microGPi1_R_2-3+,2,21872.55808,21902.70464,30.146560000001045,21872.55808,21902.70464,30.146560000001045,3,6.284859447696098,RankSurprise
microGPi1_R_2-3+,2,22807.22432,22878.90432,71.68000000000029,22807.22432,22878.90432,71.68000000000029,3,3.7283647953590933,RankSurprise
microGPi1_R_2-3+,2,23592.30464,23651.24608,58.94144000000233,23592.30464,23651.24608,58.94144000000233,3,4.447189945129606,RankSurprise
microGPi1_R_2-3+,2,25040.81408,25138.176,97.36191999999937,25040.81408,25138.176,97.36191999999937,4,5.771513241668032,RankSurprise
microGPi1_R_2-3+,2,43756.83072,43853.74208,96.91136000000552,43756.83072,43853.74208,96.91136000000552,4,5.664543793634387,RankSurprise
microGPi1_R_2-3+,2,45130.91584,46390.0672,1259.1513599999962,45130.91584,46390.0672,1259.1513599999962,14,4.086810189062435,RankSurprise
microGPi1_R_2-3+,2,47279.06304,47772.672,493.60895999999775,47279.06304,47772.672,493.60895999999775,7,3.8345004081591205,RankSurprise
microGPi1_R_2-3+,2,48377.11872,48411.36128,34.242559999998775,48377.11872,48411.36128,34.242559999998775,3,7.547826586365707,RankSurprise
microGPi1_R_2-3+,2,56408.80128,57287.02464,878.2233600000036,56408.80128,57287.02464,878.2233600000036,11,3.7320914604803566,RankSurprise
microGPi1_R_2-3+,2,63687.96672,64497.00864,809.0419200000033,63687.96672,64497.00864,809.0419200000033,10,3.6266473677907367,RankSurprise
microGPi1_R_2-3+,2,67870.59712,67937.03424,66.43711999998777,67870.59712,67937.03424,66.43711999998777,3,3.9948203543015257,RankSurprise
microGPi1_R_2-3+,2,72046.87872,72113.27488,66.39616000000387,72046.87872,72113.27488,66.39616000000387,3,4.001308604324565,RankSurprise
microGPi1_R_2-3+,2,77018.64448,77152.4608,133.8163199999981,77018.64448,77152.4608,133.8163199999981,4,4.258772412666659,RankSurprise
microGPi1_R_2-3+,2,81120.33792,81646.71488,526.3769599999941,81120.33792,81646.71488,526.3769599999941,9,5.40098819774697,RankSurprise
microGPi1_R_2-3+,2,82471.03488,82700.16512,229.1302399999986,82471.03488,82700.16512,229.1302399999986,5,3.895673159322566,RankSurprise
microGPi1_R_2-3+,2,84005.84704,84147.73248,141.88544000001275,84005.84704,84147.73248,141.88544000001275,4,3.8656130675162856,RankSurprise
microGPi1_R_2-3+,2,97712.04608,97774.51008,62.463999999992666,97712.04608,97774.51008,62.463999999992666,3,4.355904169519304,RankSurprise
microGPi1_R_2-3+,2,107619.49184,107708.66176,89.16992000000027,107619.49184,107708.66176,89.16992000000027,5,11.233641727256092,RankSurprise
microGPi1_R_2-3+,2,114230.55872,114682.4704,451.9116800000047,114230.55872,114682.4704,451.9116800000047,7,3.776395710206818,RankSurprise
microGPi1_R_2-3+,2,120667.25888,120800.74752,133.4886400000105,120667.25888,120800.74752,133.4886400000105,4,4.208280320637655,RankSurprise
microGPi1_R_2-3+,2,133162.51648,133299.15904,136.6425600000075,133162.51648,133299.15904,136.6425600000075,4,4.121913808148282,RankSurprise
microGPi1_R_2-3+,2,137588.16256,138990.22336,1402.0608000000066,137588.16256,138990.22336,1402.0608000000066,19,8.003148400192474,RankSurprise
microGPi1_R_2-3+,2,143709.184,143858.23744,149.05343999998877,143709.184,143858.23744,149.05343999998877,5,6.627570779722511,RankSurprise
microGPi1_R_2-3+,2,145026.12992,145138.81088,112.68095999999787,145026.12992,145138.81088,112.68095999999787,4,4.918142438400743,RankSurprise
microGPi1_R_2-3+,2,147758.20288,147811.90144,53.69855999998981,147758.20288,147811.90144,53.69855999998981,3,5.275455271968157,RankSurprise
microGPi1_R_2-3+,2,151418.92096,151548.35456,129.4336000000185,151418.92096,151548.35456,129.4336000000185,4,4.355798509591928,RankSurprise
microGPi1_R_2-3+,2,154239.42656,154402.52928,163.10271999999532,154239.42656,154402.52928,163.10271999999532,4,3.5631479128511927,RankSurprise
microGPi1_R_2-3+,2,156251.01312,156300.04224,49.02912000002107,156251.01312,156300.04224,49.02912000002107,3,4.37931909339571,RankSurprise
microGPi1_R_2-3+,2,158777.87648,158847.26272,69.38623999999254,158777.87648,158847.26272,69.38623999999254,3,3.774244967059639,RankSurprise
microGPi1_R_2-3+,2,160882.40128,161032.35584,149.95456000001286,160882.40128,161032.35584,149.95456000001286,4,3.7830137638180332,RankSurprise
microGPi1_R_2-3+,2,168029.5936,168350.3104,320.7167999999947,168029.5936,168350.3104,320.7167999999947,6,4.10333129096817,RankSurprise
microGPi1_R_2-3+,2,174939.01312,175001.27232,62.25920000000042,174939.01312,175001.27232,62.25920000000042,3,4.418963641490892,RankSurprise
microGPi1_R_2-3+,2,178927.45216,179064.29952,136.8473600000143,178927.45216,179064.29952,136.8473600000143,5,6.927061727501314,RankSurprise
microGPi1_R_2-3+,2,186658.85696,186816.59392,157.73696000000928,186658.85696,186816.59392,157.73696000000928,5,5.748267994147376,RankSurprise
microGPi1_R_2-3+,2,192928.80896,192990.12608,61.31711999999243,192928.80896,192990.12608,61.31711999999243,3,4.504866505762232,RankSurprise
microGPi1_R_2-3+,2,202078.28992,202312.45824,234.16831999999704,202078.28992,202312.45824,234.16831999999704,5,3.845423090305342,RankSurprise
microGPi1_R_2-3+,2,207952.40448,208017.24416,64.83968000000459,207952.40448,208017.24416,64.83968000000459,3,4.17075802631498,RankSurprise
microGPi1_R_2-3+,2,216792.35072,216850.39104,58.040320000000065,216792.35072,216850.39104,58.040320000000065,3,4.768052204465052,RankSurprise
microGPi1_R_2-3+,2,224901.9392,224950.92736,48.988160000008065,224901.9392,224950.92736,48.988160000008065,3,6.027360012349446,RankSurprise
microGPi1_R_2-3+,2,226884.03456,226910.53568,26.50112000000081,226884.03456,226910.53568,26.50112000000081,5,19.140916259709712,RankSurprise
microGPi1_R_2-3+,2,229113.61024,229478.1952,364.5849599999783,229113.61024,229478.1952,364.5849599999783,7,5.023013965431196,RankSurprise
microGPi1_R_2-3+,2,238971.78112,239017.24672,45.4655999999959,238971.78112,239017.24672,45.4655999999959,3,6.009542434187898,RankSurprise
microGPi1_R_2-3+,2,261001.05216,261241.32352,240.27136000001337,261001.05216,261241.32352,240.27136000001337,5,3.5103107227362536,RankSurprise
microGPi1_R_2-3+,2,265080.58624,265711.69792,631.1116800000309,265080.58624,265711.69792,631.1116800000309,8,3.8454793648755703,RankSurprise
microGPi1_R_2-3+,2,266731.60192,267214.4384,482.8364799999981,266731.60192,267214.4384,482.8364799999981,9,6.274238326063702,RankSurprise
microGPi1_R_2-3+,2,271070.49472,271128.3712,57.876479999977164,271070.49472,271128.3712,57.876479999977164,3,4.77282548321771,RankSurprise
microGPi1_R_2-3+,2,271600.14848,271665.60256,65.45408000005409,271600.14848,271665.60256,65.45408000005409,3,4.074104117304232,RankSurprise
microGPi1_R_2-3+,2,282708.33664,282767.60576,59.26912000001175,282708.33664,282767.60576,59.26912000001175,3,4.534340756062631,RankSurprise
microGPi1_R_2-3+,2,284481.49504,284550.06208,68.56703999999445,284481.49504,284550.06208,68.56703999999445,3,3.8723330282359054,RankSurprise
microGPi1_R_2-3+,2,287758.70464,287814.49216,55.78752000001259,287758.70464,287814.49216,55.78752000001259,3,4.0045606397109434,RankSurprise
microGPi1_R_2-3+,2,291269.38624,291328.2048,58.818559999985155,291269.38624,291328.2048,58.818559999985155,3,4.711644157316746,RankSurprise
microGPi1_R_2-3+,2,294878.69952,295193.35424,314.65471999999136,294878.69952,295193.35424,314.65471999999136,6,3.9711703655533763,RankSurprise
microGPi1_R_2-3+,2,302094.49984,302159.79008,65.29024000000209,302094.49984,302159.79008,65.29024000000209,3,4.142662722630297,RankSurprise
microGPi1_R_2-3+,2,303746.78528,303829.23776,82.4524799999781,303746.78528,303829.23776,82.4524799999781,4,6.973891534134491,RankSurprise
microGPi1_R_2-3+,2,305332.51072,305377.23904,44.72831999999471,305332.51072,305377.23904,44.72831999999471,3,5.889075360391102,RankSurprise
microGPi1_R_2-3+,2,317414.6048,317913.53856,498.93376000004355,317414.6048,317913.53856,498.93376000004355,10,7.276847715129955,RankSurprise
microGPi1_R_2-3+,2,319829.93408,320105.472,275.5379200000316,319829.93408,320105.472,275.5379200000316,6,4.881597907821302,RankSurprise
microGPi1_R_2-3+,2,324638.43328,324756.23424,117.80096000002231,324638.43328,324756.23424,117.80096000002231,4,4.706409781146398,RankSurprise
microGPi1_R_2-3+,2,326069.98528,326158.49984,88.51455999998143,326069.98528,326158.49984,88.51455999998143,4,6.553692967572605,RankSurprise
microGPi1_R_2-3+,2,331613.47072,332284.39552,670.9248000000371,331613.47072,332284.39552,670.9248000000371,13,9.848790732131794,RankSurprise
microGPi1_R_2-3+,2,335584.91136,335639.30624,54.394879999978,335584.91136,335639.30624,54.394879999978,3,5.287781996649619,RankSurprise
microGPi1_R_2-3+,2,341232.51712,341458.57536,226.05824000004213,341232.51712,341458.57536,226.05824000004213,5,3.9360322531503016,RankSurprise
microGPi1_R_2-3+,2,342917.77536,344460.0832,1542.307839999965,342917.77536,344460.0832,1542.307839999965,19,6.946283914288429,RankSurprise
microGPi1_R_2-3+,2,349769.89184,349798.64576,28.753919999988284,349769.89184,349798.64576,28.753919999988284,3,8.171639073524588,RankSurprise
microGPi1_R_2-3+,2,350408.0896,350470.47168,62.38208000001032,350408.0896,350470.47168,62.38208000001032,3,3.8814933549309725,RankSurprise
microGPi1_R_2-3+,2,356168.04864,356241.32608,73.2774400000344,356168.04864,356241.32608,73.2774400000344,3,3.5967202398567526,RankSurprise
microGPi1_R_2-3+,2,357379.15392,357664.48128,285.3273599999957,357379.15392,357664.48128,285.3273599999957,7,6.872505891496857,RankSurprise
microGPi1_R_2-3+,2,359555.23584,359685.7344,130.49856000003638,359555.23584,359685.7344,130.49856000003638,4,4.4379954622108855,RankSurprise
microGPi1_R_2-3+,2,360013.29152,360080.46592,67.17439999995986,360013.29152,360080.46592,67.17439999995986,3,3.9405038823346867,RankSurprise
microGPi1_R_2-3+,2,361516.60544,361541.50912,24.903679999988526,361516.60544,361541.50912,24.903679999988526,3,8.5441600259134,RankSurprise
microGPi1_R_2-3+,2,367987.26144,368125.1328,137.8713600000483,367987.26144,368125.1328,137.8713600000483,4,4.069668667715732,RankSurprise
microGPi1_R_2-3+,2,369444.37248,369494.13888,49.76639999996405,369444.37248,369494.13888,49.76639999996405,3,5.957022753476499,RankSurprise
microGPi1_R_2-3+,2,370127.83104,371089.32608,961.4950400000089,370127.83104,371089.32608,961.4950400000089,14,7.08552259729413,RankSurprise
microGPi1_R_2-3+,2,375463.7312,375851.13088,387.39968000003137,375463.7312,375851.13088,387.39968000003137,7,5.112629393051827,RankSurprise
microGPi1_R_2-3+,2,406125.52704,406420.72576,295.19871999998577,406125.52704,406420.72576,295.19871999998577,6,4.47578908482072,RankSurprise
microGPi1_R_2-3+,2,409283.54304,409338.4704,54.927359999972396,409283.54304,409338.4704,54.927359999972396,3,5.161991761259845,RankSurprise
microGPi1_R_2-3+,2,418383.70816,418569.99424,186.28608000004897,418383.70816,418569.99424,186.28608000004897,5,5.324817406629759,RankSurprise
microGPi1_R_2-3+,2,419142.94272,419751.56736,608.6246399999945,419142.94272,419751.56736,608.6246399999945,10,5.710120508651351,RankSurprise
microGPi1_R_2-3+,2,423218.74944,423874.23232,655.482880000025,423218.74944,423874.23232,655.482880000025,10,5.611740272571217,RankSurprise
microGPi1_R_2-3+,2,426036.0192,426262.3232,226.30400000000373,426036.0192,426262.3232,226.30400000000373,5,4.086040293372179,RankSurprise
microGPi1_R_2-3+,2,426478.67392,426510.99136,32.31744000001345,426478.67392,426510.99136,32.31744000001345,3,7.8355086588174885,RankSurprise
microGPi1_R_2-3+,2,427086.2336,427155.53792,69.30431999999564,427086.2336,427155.53792,69.30431999999564,3,3.7713464143056274,RankSurprise
microGPi1_R_2-3+,2,429708.53376,429738.47552,29.941759999957867,429708.53376,429738.47552,29.941759999957867,3,7.181582191410824,RankSurprise
microGPi1_R_2-3+,2,455146.86464,455218.29888,71.43424000003142,455146.86464,455218.29888,71.43424000003142,3,3.6288279672011363,RankSurprise
microGPi1_R_2-3+,2,455562.28096,455822.78656,260.50559999997495,455562.28096,455822.78656,260.50559999997495,7,7.055392396229145,RankSurprise
microGPi1_R_2-3+,2,467933.5936,467980.82048,47.22687999997288,467933.5936,467980.82048,47.22687999997288,3,4.375397519742528,RankSurprise
microGPi1_R_2-3+,2,470323.4048,470435.92192,112.51711999997497,470323.4048,470435.92192,112.51711999997497,4,4.59757071172659,RankSurprise
microGPi1_R_2-3+,2,476022.49728,476092.37504,69.87776000000304,476022.49728,476092.37504,69.87776000000304,3,3.7483079906684207,RankSurprise
microGPi1_R_2-3+,2,489110.48704,489166.06976,55.58272000000579,489110.48704,489166.06976,55.58272000000579,3,4.942291948789093,RankSurprise
microGPi1_R_2-3+,2,490965.85216,491039.37536,73.523199999996,490965.85216,491039.37536,73.523199999996,3,3.5084514973893217,RankSurprise
microGPi1_R_2-3+,2,491584.88064,491638.00576,53.12511999998242,491584.88064,491638.00576,53.12511999998242,3,5.435285096259527,RankSurprise
microGPi1_R_2-3+,2,499274.3424,499323.53536,49.192959999956656,499274.3424,499323.53536,49.192959999956656,3,6.018431381605144,RankSurprise
microGPi1_R_2-3+,2,503107.82976,503230.09536,122.26559999998426,503107.82976,503230.09536,122.26559999998426,4,4.371177530827584,RankSurprise
microGPi1_R_2-3+,2,513372.93824,513613.49632,240.55807999998797,513372.93824,513613.49632,240.55807999998797,5,3.9075890145491528,RankSurprise
microGPi1_R_2-3+,2,518673.94048,519397.45792,723.5174400000251,518673.94048,519397.45792,723.5174400000251,10,3.9317952057466057,RankSurprise
microGPi1_R_2-3+,2,525870.57152,525937.54112,66.96959999995306,525870.57152,525937.54112,66.96959999995306,3,3.962691128563483,RankSurprise
microGPi1_R_2-3+,2,562097.60256,562114.92864,17.326080000028014,562097.60256,562114.92864,17.326080000028014,3,9.083156526646086,RankSurprise
microGPi1_R_2-3+,2,563713.10592,563787.24352,74.13760000001639,563713.10592,563787.24352,74.13760000001639,3,3.6153870503280263,RankSurprise
microGPi1_R_2-3+,2,573468.54912,573528.02304,59.47392000001855,573468.54912,573528.02304,59.47392000001855,3,4.670358233305452,RankSurprise
microGPi1_R_2-3+,2,574312.32512,574480.75264,168.42751999991015,574312.32512,574480.75264,168.42751999991015,6,7.937144586712208,RankSurprise
microGPi1_R_2-3+,2,575351.02976,575420.12928,69.09952000004705,575351.02976,575420.12928,69.09952000004705,3,3.8331160631513637,RankSurprise
microGPi1_R_2-3+,2,592586.58816,592686.61248,100.0243199999677,592586.58816,592686.61248,100.0243199999677,4,5.515752849646834,RankSurprise
microGPi1_R_2-3+,2,603959.45984,604025.0368,65.57695999997668,603959.45984,604025.0368,65.57695999997668,3,4.060669968321369,RankSurprise
microGPi1_R_2-3+,2,606619.89376,606771.2,151.30623999994714,606619.89376,606771.2,151.30623999994714,4,3.775780485505763,RankSurprise
microGPi1_R_2-3+,2,611512.48384,612053.48352,540.9996800000081,611512.48384,612053.48352,540.9996800000081,8,4.5144359986570946,RankSurprise
microGPi1_R_2-3+,2,614302.39232,614330.368,27.9756800000323,614302.39232,614330.368,27.9756800000323,3,7.996520429024692,RankSurprise
microGPi1_R_2-3+,2,617235.2512,617285.59104,50.33983999991324,617235.2512,617285.59104,50.33983999991324,3,5.839588089187513,RankSurprise
microGPi1_R_2-3+,2,618284.07296,618709.56544,425.49248000001535,618284.07296,618709.56544,425.49248000001535,8,5.9637583208842315,RankSurprise
microGPi1_R_2-3+,2,620742.12352,620807.00416,64.88063999998849,620742.12352,620807.00416,64.88063999998849,3,4.146153127570065,RankSurprise
microGPi1_R_2-3+,2,631170.74432,631411.34336,240.59904000000097,631170.74432,631411.34336,240.59904000000097,6,5.809699207940064,RankSurprise
microGPi1_R_2-3+,2,634142.67904,634216.448,73.7689600000158,634142.67904,634216.448,73.7689600000158,3,3.7483079906684207,RankSurprise
microGPi1_R_2-3+,2,637625.67168,637680.06656,54.394879999919794,637625.67168,637680.06656,54.394879999919794,3,5.3064157167408155,RankSurprise
microGPi1_R_4-5+,0,18767.29856,19459.19488,691.8963199999998,18767.29856,19459.19488,691.8963199999998,6,4.020236331019788,RankSurprise
microGPi1_R_4-5+,0,23203.18464,24300.42112,1097.2364799999996,23203.18464,24300.42112,1097.2364799999996,9,5.1917713039550915,RankSurprise
microGPi1_R_4-5+,0,25658.5728,26089.10336,430.53055999999924,25658.5728,26089.10336,430.53055999999924,5,4.062790363322634,RankSurprise
microGPi1_R_4-5+,0,26785.1776,27318.59968,533.4220800000003,26785.1776,27318.59968,533.4220800000003,7,6.708439775124937,RankSurprise
microGPi1_R_4-5+,0,51543.98208,51632.70144,88.7193599999955,51543.98208,51632.70144,88.7193599999955,3,4.210512642491304,RankSurprise
microGPi1_R_4-5+,0,54759.09632,54800.1792,41.08288000000175,54759.09632,54800.1792,41.08288000000175,3,5.474804261830618,RankSurprise
microGPi1_R_4-5+,0,67040.99328,67059.712,18.718720000004396,67040.99328,67059.712,18.718720000004396,3,6.6373954521629255,RankSurprise
microGPi1_R_4-5+,0,76465.7664,76572.75392,106.98752000000968,76465.7664,76572.75392,106.98752000000968,3,3.861110457881649,RankSurprise
microGPi1_R_4-5+,0,93366.39488,93468.4672,102.07231999999203,93366.39488,93468.4672,102.07231999999203,3,3.9581447508525027,RankSurprise
microGPi1_R_4-5+,0,106980.84352,107822.98112,842.1376000000018,106980.84352,107822.98112,842.1376000000018,7,4.437155708810654,RankSurprise
microGPi1_R_4-5+,0,110962.23744,111417.87648,455.6390400000091,110962.23744,111417.87648,455.6390400000091,5,3.9019645134809195,RankSurprise
microGPi1_R_4-5+,0,142802.24768,142907.10528,104.85759999998845,142802.24768,142907.10528,104.85759999998845,3,3.7616224936879146,RankSurprise
microGPi1_R_4-5+,0,144605.88032,144665.68192,59.80160000000615,144605.88032,144665.68192,59.80160000000615,3,4.861028061162992,RankSurprise
microGPi1_R_4-5+,0,169729.06496,169838.91968,109.854720000003,169729.06496,169838.91968,109.854720000003,3,3.8757358004553346,RankSurprise
microGPi1_R_4-5+,0,183445.34016,183523.9424,78.60224000000744,183445.34016,183523.9424,78.60224000000744,3,4.299219414066178,RankSurprise
microGPi1_R_4-5+,0,196232.35584,196609.51552,377.1596799999825,196232.35584,196609.51552,377.1596799999825,5,4.583884221041387,RankSurprise
microGPi1_R_4-5+,0,206787.82976,207171.62496,383.7951999999932,206787.82976,207171.62496,383.7951999999932,6,6.457914504402375,RankSurprise
microGPi1_R_4-5+,0,214117.62176,214803.12832,685.5065599999798,214117.62176,214803.12832,685.5065599999798,6,3.6363990378164694,RankSurprise
microGPi1_R_4-5+,0,225419.6736,226126.848,707.174399999989,225419.6736,226126.848,707.174399999989,7,4.900013523074639,RankSurprise
microGPi1_R_4-5+,0,237079.552,238915.9936,1836.441599999991,237079.552,238915.9936,1836.441599999991,11,4.663179761425752,RankSurprise
microGPi1_R_4-5+,0,241885.83936,242174.60736,288.76799999998184,241885.83936,242174.60736,288.76799999998184,4,3.6466377031046946,RankSurprise
microGPi1_R_4-5+,0,243500.48256,243574.45632,73.97375999999349,243500.48256,243574.45632,73.97375999999349,3,4.591712161729175,RankSurprise
microGPi1_R_4-5+,0,255797.00224,256577.65888,780.6566400000011,255797.00224,256577.65888,780.6566400000011,8,6.527511504294732,RankSurprise
microGPi1_R_4-5+,0,261416.09984,261909.21728,493.1174400000018,261416.09984,261909.21728,493.1174400000018,5,3.529363645842473,RankSurprise
microGPi1_R_4-5+,0,266641.6128,266761.17504,119.56223999999929,266641.6128,266761.17504,119.56223999999929,3,3.6668498390520536,RankSurprise
microGPi1_R_4-5+,0,278753.64864,279000.80128,247.1526399999857,278753.64864,279000.80128,247.1526399999857,5,6.050540108231786,RankSurprise
microGPi1_R_4-5+,0,289407.50848,292181.93408,2774.4255999999586,289407.50848,292181.93408,2774.4255999999586,18,8.16466071049364,RankSurprise
microGPi1_R_4-5+,0,297536.18432,297590.5792,54.394879999978,297536.18432,297590.5792,54.394879999978,3,4.946931644482234,RankSurprise
microGPi1_R_4-5+,0,317112.68864,317397.48352,284.7948800000013,317112.68864,317397.48352,284.7948800000013,4,3.6341809218934173,RankSurprise
microGPi1_R_4-5+,0,318983.08608,319894.9376,911.8515200000256,318983.08608,319894.9376,911.8515200000256,7,3.971401595169458,RankSurprise
microGPi1_R_4-5+,0,337669.7344,338169.36448,499.63007999997353,337669.7344,338169.36448,499.63007999997353,5,3.562137310192906,RankSurprise
microGPi1_R_4-5+,0,346109.37856,346258.88256,149.50400000001537,346109.37856,346258.88256,149.50400000001537,4,5.544455040917626,RankSurprise
microGPi1_R_4-5+,0,358947.88096,359069.45024,121.56927999999607,358947.88096,359069.45024,121.56927999999607,3,3.5388057931692263,RankSurprise
microGPi1_R_4-5+,0,366964.3264,367179.73504,215.40863999997964,366964.3264,367179.73504,215.40863999997964,4,4.394050807736495,RankSurprise
microGPi1_R_4-5+,0,372396.19584,372500.39808,104.20224000001326,372396.19584,372500.39808,104.20224000001326,3,3.83217676642429,RankSurprise
microGPi1_R_4-5+,0,413179.33056,413593.64096,414.31040000001667,413179.33056,413593.64096,414.31040000001667,6,6.380232816644764,RankSurprise
microGPi1_R_4-5+,0,426726.44096,428303.40096,1576.960000000021,426726.44096,428303.40096,1576.960000000021,15,11.227789001316252,RankSurprise
microGPi1_R_4-5+,0,440347.8528,440443.2896,95.43680000002496,440347.8528,440443.2896,95.43680000002496,3,4.142275436333305,RankSurprise
microGPi1_R_4-5+,0,444010.7008,444755.18976,744.4889599999879,444010.7008,444755.18976,744.4889599999879,7,5.219325064543747,RankSurprise
microGPi1_R_4-5+,0,447739.61728,447761.28512,21.667840000009164,447739.61728,447761.28512,21.667840000009164,3,6.6966623005189,RankSurprise
microGPi1_R_4-5+,0,456548.72064,456925.88032,377.1596799999825,456548.72064,456925.88032,377.1596799999825,6,6.318944893815285,RankSurprise
microGPi1_R_4-5+,0,499519.56992,500165.05856,645.4886399999959,499519.56992,500165.05856,645.4886399999959,7,5.35653965461029,RankSurprise
microGPi1_R_4-5+,0,514133.03296,514296.38144,163.34848000004422,514133.03296,514296.38144,163.34848000004422,4,5.2041878680951505,RankSurprise
microGPi1_R_4-5+,0,525286.89152,525540.80256,253.91104000003543,525286.89152,525540.80256,253.91104000003543,4,4.013540797998086,RankSurprise
microGPi1_R_4-5+,0,527209.75872,527305.68704,95.92831999994814,527209.75872,527305.68704,95.92831999994814,4,6.593301031812658,RankSurprise
microGPi1_R_4-5+,0,535423.46752,536567.68512,1144.217600000091,535423.46752,536567.68512,1144.217600000091,10,6.235644250304593,RankSurprise
microGPi1_R_4-5+,0,571384.75008,571476.45952,91.709440000006,571384.75008,571476.45952,91.709440000006,3,4.076289789375952,RankSurprise
microGPi1_R_4-5+,0,577168.13824,577246.08512,77.94687999994494,577168.13824,577246.08512,77.94687999994494,3,4.335833900711668,RankSurprise
microGPi1_R_4-5+,0,580283.43296,580568.10496,284.6720000000205,580283.43296,580568.10496,284.6720000000205,5,5.755202254071531,RankSurprise
microGPi1_R_4-5+,0,584592.26112,584674.46784,82.2067200000165,584592.26112,584674.46784,82.2067200000165,4,6.971758824554456,RankSurprise
microGPi1_R_4-5+,0,586863.57504,588039.33184,1175.7567999999737,586863.57504,588039.33184,1175.7567999999737,9,5.319371787393666,RankSurprise
microGPi1_R_4-5+,0,601227.38688,601781.32992,553.943040000042,601227.38688,601781.32992,553.943040000042,5,3.9091361945023912,RankSurprise
microGPi1_R_4-5+,0,606107.36128,606249.69728,142.33600000001024,606107.36128,606249.69728,142.33600000001024,4,5.631878854768175,RankSurprise
microGPi1_R_4-5+,0,613593.16992,613629.70624,36.536319999955595,613593.16992,613629.70624,36.536319999955595,3,5.7360496003501655,RankSurprise
microGPi1_R_4-5+,3,18901.56544,19836.14976,934.5843200000018,18901.56544,19836.14976,934.5843200000018,7,6.6354052208973116,RankSurprise
microGPi1_R_4-5+,3,59266.048,59337.80992,71.76191999999719,59266.048,59337.80992,71.76191999999719,3,5.7569005101170685,RankSurprise
microGPi1_R_4-5+,3,163044.5568,163134.58688,90.03007999999681,163044.5568,163134.58688,90.03007999999681,3,5.168032179344211,RankSurprise
microGPi1_R_4-5+,3,199597.99808,199651.98336,53.98528000002261,199597.99808,199651.98336,53.98528000002261,3,6.244195636472867,RankSurprise
microGPi1_R_4-5+,3,303064.59648,304563.65056,1499.0540799999726,303064.59648,304563.65056,1499.0540799999726,7,4.531515867239169,RankSurprise
microGPi1_R_4-5+,3,329152.26624,329274.5728,122.30655999999726,329152.26624,329274.5728,122.30655999999726,3,4.491234136785794,RankSurprise
microGPi1_R_4-5+,3,352065.536,352175.67744,110.14143999997759,352065.536,352175.67744,110.14143999997759,3,4.7351973158823935,RankSurprise
microGPi1_R_4-5+,3,369138.31936,369299.90656,161.58719999995083,369138.31936,369299.90656,161.58719999995083,3,3.9569495745205128,RankSurprise
microGPi1_R_4-5+,3,420792.36096,420866.2528,73.89183999999659,420792.36096,420866.2528,73.89183999999659,3,5.61770337995687,RankSurprise
microGPi1_R_4-5+,3,436062.98624,440066.58048,4003.594240000006,436062.98624,440066.58048,4003.594240000006,12,4.189254981276361,RankSurprise
microGPi1_R_4-5+,3,462234.58304,462746.09152,511.5084800000186,462234.58304,462746.09152,511.5084800000186,4,3.5766935211748283,RankSurprise
microGPi1_R_4-5+,3,465743.01184,465781.26848,38.256640000035986,465743.01184,465781.26848,38.256640000035986,3,7.3126130231950075,RankSurprise
microGPi1_R_4-5+,3,473804.84096,475861.72928,2056.8883200000273,473804.84096,475861.72928,2056.8883200000273,9,5.314041053903032,RankSurprise
microGPi1_R_4-5+,3,498991.59552,499490.36544,498.76992000004975,498991.59552,499490.36544,498.76992000004975,4,3.7532158637878084,RankSurprise
microGPi1_R_4-5+,3,521884.50816,522048.43008,163.9219199999934,521884.50816,522048.43008,163.9219199999934,3,3.8019405255418395,RankSurprise
microGPi1_R_4-5+,3,531984.30208,534694.46144,2710.1593599999323,531984.30208,534694.46144,2710.1593599999323,11,6.371678443309419,RankSurprise
microGPi1_R_4-5+,3,540229.91872,540612.68992,382.7712000000756,540229.91872,540612.68992,382.7712000000756,5,6.21723389841959,RankSurprise
microGPi1_R_4-5+,3,559057.46944,559959.04,901.5705600000219,559057.46944,559959.04,901.5705600000219,5,3.521939850055549,RankSurprise
microGPi1_R_4-5+,3,568555.56096,568927.55968,371.9987199999159,568555.56096,568927.55968,371.9987199999159,4,4.36534982804859,RankSurprise
microGPi1_R_4-5+,3,573565.00992,575487.34464,1922.3347200000426,573565.00992,575487.34464,1922.3347200000426,8,4.904043193295142,RankSurprise
microGPi1_R_4-5+,3,612357.5296,612447.15008,89.62048000004143,612357.5296,612447.15008,89.62048000004143,3,5.195060851732128,RankSurprise
microGPi1_R_4-5+,3,615952.95744,616630.02624,677.0688000000082,615952.95744,616630.02624,677.0688000000082,6,6.366366472951643,RankSurprise
microGPi1_R_4-5+,3,634642.6368,637400.02304,2757.3862400000216,634642.6368,637400.02304,2757.3862400000216,12,6.911159434520289,RankSurprise
microGPi1_R_4-5+,3,639138.2016,640296.18176,1157.9801599999191,639138.2016,640296.18176,1157.9801599999191,6,4.09946603799234,RankSurprise
microGPi1_R_4-5+,4,376.75008,510.48448,133.7344,376.75008,510.48448,133.7344,4,4.01115812738303,RankSurprise
microGPi1_R_4-5+,4,13304.75008,13713.89952,409.14944000000105,13304.75008,13713.89952,409.14944000000105,6,3.7157104558431575,RankSurprise
microGPi1_R_4-5+,4,18215.48544,18254.88896,39.403519999999844,18215.48544,18254.88896,39.403519999999844,3,4.59569970295308,RankSurprise
microGPi1_R_4-5+,4,35467.6736,35516.86656,49.19296000000031,35467.6736,35516.86656,49.19296000000031,3,4.1928367543904415,RankSurprise
microGPi1_R_4-5+,4,41861.48864,42271.82592,410.33727999999974,41861.48864,42271.82592,410.33727999999974,6,3.530363021102283,RankSurprise
microGPi1_R_4-5+,4,69661.77792,69956.64896,294.8710400000127,69661.77792,69956.64896,294.8710400000127,6,4.63141283595243,RankSurprise
microGPi1_R_4-5+,4,78932.62336,79512.86272,580.2393600000069,78932.62336,79512.86272,580.2393600000069,9,5.650629467739587,RankSurprise
microGPi1_R_4-5+,4,83031.40864,83092.19328,60.78464000001259,83031.40864,83092.19328,60.78464000001259,3,3.752487299675174,RankSurprise
microGPi1_R_4-5+,4,92975.39072,93003.07968,27.688959999999497,92975.39072,93003.07968,27.688959999999497,3,5.4446484483402,RankSurprise
microGPi1_R_4-5+,4,95478.49728,95532.89216,54.394880000007106,95478.49728,95532.89216,54.394880000007106,4,6.82680154084515,RankSurprise
microGPi1_R_4-5+,4,95995.53536,96032.19456,36.65920000000915,95995.53536,96032.19456,36.65920000000915,3,4.75230173354851,RankSurprise
microGPi1_R_4-5+,4,96988.03712,97031.168,43.13088000001153,96988.03712,97031.168,43.13088000001153,3,4.409394556674865,RankSurprise
microGPi1_R_4-5+,4,98051.76832,98067.94752,16.179199999998673,98051.76832,98067.94752,16.179199999998673,3,6.440883389980893,RankSurprise
microGPi1_R_4-5+,4,108472.19712,109460.60288,988.4057600000087,108472.19712,109460.60288,988.4057600000087,11,5.387935761939271,RankSurprise
microGPi1_R_4-5+,4,120774.57408,121007.06304,232.48895999998786,120774.57408,121007.06304,232.48895999998786,5,4.021193011569444,RankSurprise
microGPi1_R_4-5+,4,125922.26304,125954.048,31.78495999998995,125922.26304,125954.048,31.78495999998995,3,5.065133942037615,RankSurprise
microGPi1_R_4-5+,4,128968.58112,129303.92064,335.3395199999941,128968.58112,129303.92064,335.3395199999941,7,6.03947587474054,RankSurprise
microGPi1_R_4-5+,4,133699.70688,133995.56096,295.85407999999006,133699.70688,133995.56096,295.85407999999006,6,4.859350075355877,RankSurprise
microGPi1_R_4-5+,4,135914.2912,135935.95904,21.66783999998006,135914.2912,135935.95904,21.66783999998006,3,6.035713804704017,RankSurprise
microGPi1_R_4-5+,4,138869.59616,139270.144,400.5478400000138,138869.59616,139270.144,400.5478400000138,8,6.129962109176021,RankSurprise
microGPi1_R_4-5+,4,144982.09792,145048.28928,66.19135999999708,144982.09792,145048.28928,66.19135999999708,4,6.036279168555549,RankSurprise
microGPi1_R_4-5+,4,150040.576,150207.44704,166.87103999999817,150040.576,150207.44704,166.87103999999817,5,5.1203834069161935,RankSurprise
microGPi1_R_4-5+,4,178734.6944,178861.056,126.36160000000382,178734.6944,178861.056,126.36160000000382,4,4.084301759726355,RankSurprise
microGPi1_R_4-5+,4,182744.14592,182765.7728,21.626879999996163,182744.14592,182765.7728,21.626879999996163,3,5.913452579050535,RankSurprise
microGPi1_R_4-5+,4,196169.89184,196228.83328,58.941439999995055,196169.89184,196228.83328,58.941439999995055,3,3.748830988472063,RankSurprise
microGPi1_R_4-5+,4,210953.6256,211360.23552,406.60991999998805,210953.6256,211360.23552,406.60991999998805,7,4.734289326203635,RankSurprise
microGPi1_R_4-5+,4,214094.4384,214149.16096,54.7225599999947,214094.4384,214149.16096,54.7225599999947,3,3.972787197262516,RankSurprise
microGPi1_R_4-5+,4,222578.688,222616.53504,37.847039999993285,222578.688,222616.53504,37.847039999993285,3,4.669571885752976,RankSurprise
microGPi1_R_4-5+,4,226844.75392,227080.3968,235.64287999999942,226844.75392,227080.3968,235.64287999999942,5,4.0684492978869145,RankSurprise
microGPi1_R_4-5+,4,228096.49152,228122.91072,26.41920000000391,228096.49152,228122.91072,26.41920000000391,3,5.522919676365355,RankSurprise
microGPi1_R_4-5+,4,243427.90144,243447.88992,19.98847999999998,243427.90144,243447.88992,19.98847999999998,3,6.190554377625213,RankSurprise
microGPi1_R_4-5+,4,245016.73984,245145.68192,128.942080000008,245016.73984,245145.68192,128.942080000008,6,8.490646361044,RankSurprise
microGPi1_R_4-5+,4,266746.63424,267028.15232,281.5180800000089,266746.63424,267028.15232,281.5180800000089,5,3.635239347588076,RankSurprise
microGPi1_R_4-5+,4,284465.47968,284494.35648,28.876800000027288,284465.47968,284494.35648,28.876800000027288,4,8.861998166206252,RankSurprise
microGPi1_R_4-5+,4,292350.64832,292962.54976,611.9014400000451,292350.64832,292962.54976,611.9014400000451,11,8.588916595428435,RankSurprise
microGPi1_R_4-5+,4,294912.36864,294952.7552,40.38656000001356,294912.36864,294952.7552,40.38656000001356,3,4.519082803925098,RankSurprise
microGPi1_R_4-5+,4,298032.7424,298051.29728,18.5548800000106,298032.7424,298051.29728,18.5548800000106,3,6.426897148006152,RankSurprise
microGPi1_R_4-5+,4,316659.22048,316706.24256,47.02207999996608,316659.22048,316706.24256,47.02207999996608,3,4.229661779050705,RankSurprise
microGPi1_R_4-5+,4,337729.45408,339237.72416,1508.2700799999875,337729.45408,339237.72416,1508.2700799999875,14,3.7598826095366165,RankSurprise
microGPi1_R_4-5+,4,339834.6752,339893.61664,58.94144000002416,339834.6752,339893.61664,58.94144000002416,3,3.7342722224120504,RankSurprise
microGPi1_R_4-5+,4,357586.65728,357732.59776,145.9404799999902,357586.65728,357732.59776,145.9404799999902,4,4.001207864944146,RankSurprise
microGPi1_R_4-5+,4,367024.57856,367246.336,221.75744000001578,367024.57856,367246.336,221.75744000001578,7,8.148090729328423,RankSurprise
microGPi1_R_4-5+,4,368439.33696,368537.10848,97.77152000000933,368439.33696,368537.10848,97.77152000000933,4,4.934609656900573,RankSurprise
microGPi1_R_4-5+,4,371900.86656,372345.52832,444.66175999998813,371900.86656,372345.52832,444.66175999998813,7,4.449826849404293,RankSurprise
microGPi1_R_4-5+,4,380425.58464,380532.3264,106.74176000000443,380425.58464,380532.3264,106.74176000000443,5,7.007878358794109,RankSurprise
microGPi1_R_4-5+,4,384740.47488,384799.08864,58.613759999978356,384740.47488,384799.08864,58.613759999978356,3,3.842306025894498,RankSurprise
microGPi1_R_4-5+,4,395073.1264,395110.52288,37.39647999999579,395073.1264,395110.52288,37.39647999999579,3,4.75230173354851,RankSurprise
microGPi1_R_4-5+,4,401603.1744,401664.73728,61.562879999983124,401603.1744,401664.73728,61.562879999983124,3,3.712630875533465,RankSurprise
microGPi1_R_4-5+,4,407171.19488,407675.65824,504.4633599999943,407171.19488,407675.65824,504.4633599999943,8,5.157072453940441,RankSurprise
microGPi1_R_4-5+,4,408414.74048,410227.13856,1812.3980800000136,408414.74048,410227.13856,1812.3980800000136,17,5.497050783764835,RankSurprise
microGPi1_R_4-5+,4,424291.45088,424342.56896,51.11807999998564,424291.45088,424342.56896,51.11807999998564,3,4.090592143763672,RankSurprise
microGPi1_R_4-5+,4,426571.12064,426700.8,129.67936000000918,426571.12064,426700.8,129.67936000000918,6,8.553382529101043,RankSurprise
microGPi1_R_4-5+,4,431212.09344,431357.17376,145.08031999995,431212.09344,431357.17376,145.08031999995,4,3.7465960596095442,RankSurprise
microGPi1_R_4-5+,4,452971.43808,453073.34656,101.90847999998368,452971.43808,453073.34656,101.90847999998368,4,4.763322607428989,RankSurprise
microGPi1_R_4-5+,4,454554.50112,454603.89888,49.39776000002166,454554.50112,454603.89888,49.39776000002166,3,4.129980772526794,RankSurprise
microGPi1_R_4-5+,4,467871.1296,467983.81056,112.68096000002697,467871.1296,467983.81056,112.68096000002697,4,4.416027038842646,RankSurprise
microGPi1_R_4-5+,4,483268.44416,483600.01536,331.5712000000058,483268.44416,483600.01536,331.5712000000058,6,4.701046347794739,RankSurprise
microGPi1_R_4-5+,4,490136.61696,490239.63136,103.01439999998547,490136.61696,490239.63136,103.01439999998547,4,4.776156861389449,RankSurprise
microGPi1_R_4-5+,4,491891.38432,492466.91328,575.5289599999669,491891.38432,492466.91328,575.5289599999669,9,5.43860818693328,RankSurprise
microGPi1_R_4-5+,4,494999.9616,495049.5232,49.56160000001546,494999.9616,495049.5232,49.56160000001546,3,4.129980772526794,RankSurprise
microGPi1_R_4-5+,4,503964.59008,503988.18304,23.59295999997994,503964.59008,503988.18304,23.59295999997994,3,5.698960115787109,RankSurprise
microGPi1_R_4-5+,4,507183.63648,507425.01376,241.37728000001516,507183.63648,507425.01376,241.37728000001516,5,3.7360321075204155,RankSurprise
microGPi1_R_4-5+,4,510935.12192,511173.67296,238.5510399999912,510935.12192,511173.67296,238.5510399999912,5,3.7984903390131173,RankSurprise
microGPi1_R_4-5+,4,512799.98976,512935.89504,135.9052799999481,512799.98976,512935.89504,135.9052799999481,5,5.969714496535033,RankSurprise
microGPi1_R_4-5+,4,532625.73568,532704.4608,78.72511999995913,532625.73568,532704.4608,78.72511999995913,4,5.541145561713922,RankSurprise
microGPi1_R_4-5+,4,537165.824,537221.69344,55.86943999992218,537165.824,537221.69344,55.86943999992218,3,3.8499762245132203,RankSurprise
microGPi1_R_4-5+,4,548177.26464,548407.66464,230.40000000002328,548177.26464,548407.66464,230.40000000002328,5,4.219829671715853,RankSurprise
microGPi1_R_4-5+,4,561078.39488,561475.7888,397.39391999994405,561078.39488,561475.7888,397.39391999994405,7,4.689286996442828,RankSurprise
microGPi1_R_4-5+,4,562723.96288,562763.93984,39.97695999999996,562723.96288,562763.93984,39.97695999999996,3,4.590128657903627,RankSurprise
microGPi1_R_4-5+,4,568384.9216,568435.22048,50.29888000001665,568384.9216,568435.22048,50.29888000001665,4,7.079163464804221,RankSurprise
microGPi1_R_4-5+,4,577828.53632,578462.35136,633.8150400000159,577828.53632,578462.35136,633.8150400000159,10,7.171975025669378,RankSurprise
microGPi1_R_4-5+,4,580618.07616,580643.38944,25.313280000002123,580618.07616,580643.38944,25.313280000002123,3,5.651110669693981,RankSurprise
microGPi1_R_4-5+,4,584255.85664,584675.04128,419.1846399999922,584255.85664,584675.04128,419.1846399999922,8,5.774272962330443,RankSurprise
microGPi1_R_4-5+,4,586570.5472,586725.33504,154.7878400000045,586570.5472,586725.33504,154.7878400000045,4,3.7261336761189945,RankSurprise
microGPi1_R_4-5+,4,595759.06304,596890.4192,1131.3561599999666,595759.06304,596890.4192,1131.3561599999666,14,6.5303720322708925,RankSurprise
microGPi1_R_4-5+,4,597388.45184,597718.17984,329.7280000000028,597388.45184,597718.17984,329.7280000000028,7,5.763392633673238,RankSurprise
microGPi1_R_4-5+,4,599515.66848,599576.04352,60.375039999955334,599515.66848,599576.04352,60.375039999955334,3,3.723422277348341,RankSurprise
microGPi1_R_4-5+,4,604969.65632,605000.00768,30.35136000008788,604969.65632,605000.00768,30.35136000008788,3,5.273114088204071,RankSurprise
microGPi1_R_4-5+,4,607399.69024,607766.7328,367.0425599999726,607399.69024,607766.7328,367.0425599999726,7,5.26790688231792,RankSurprise
microGPi1_R_4-5+,4,615494.73792,615819.96032,325.22239999996964,615494.73792,615819.96032,325.22239999996964,6,4.255987991009992,RankSurprise
microGPi1_R_4-5+,4,620391.46496,620969.1648,577.6998400000157,620391.46496,620969.1648,577.6998400000157,10,7.063317754592829,RankSurprise
microGPi1_R_4-5+,4,625841.3568,625979.26912,137.9123200000031,625841.3568,625979.26912,137.9123200000031,5,5.9601679450716745,RankSurprise
microGPi1_R_4-5+,4,628835.61472,630688.23552,1852.6208000000333,628835.61472,630688.23552,1852.6208000000333,18,5.074353346172913,RankSurprise
microGPi1_R_4-5+,4,631835.0336,632182.3744,347.3408000000054,631835.0336,632182.3744,347.3408000000054,8,7.362203692778605,RankSurprise
microGPi1_R_4-5+,4,635759.94368,636146.19648,386.2528000000166,635759.94368,636146.19648,386.2528000000166,7,5.248853643100729,RankSurprise
microGPi1_R_4-6+,4,21684.8384,21777.32608,92.48767999999836,21684.8384,21777.32608,92.48767999999836,3,4.044346250702356,RankSurprise
microGPi1_R_4-6+,4,26837.4016,27122.23744,284.83583999999973,26837.4016,27122.23744,284.83583999999973,5,5.087132887427,RankSurprise
microGPi1_R_4-6+,4,107904.28672,107972.11648,67.82975999999326,107904.28672,107972.11648,67.82975999999326,3,4.584430876574402,RankSurprise
microGPi1_R_4-6+,4,120718.21312,121056.58368,338.37055999999575,120718.21312,121056.58368,338.37055999999575,5,4.645714292399042,RankSurprise
microGPi1_R_4-6+,4,134896.39424,135415.48032,519.0860800000082,134896.39424,135415.48032,519.0860800000082,6,4.154175204191211,RankSurprise
microGPi1_R_4-6+,4,137927.4752,140108.30848,2180.8332800000207,137927.4752,140108.30848,2180.8332800000207,13,4.0792328709983785,RankSurprise
microGPi1_R_4-6+,4,140533.02272,140790.1696,257.1468799999857,140533.02272,140790.1696,257.1468799999857,6,7.646042062311857,RankSurprise
microGPi1_R_4-6+,4,154871.68512,155450.5728,578.8876799999853,154871.68512,155450.5728,578.8876799999853,6,3.953897299752243,RankSurprise
microGPi1_R_4-6+,4,159056.2816,159169.04448,112.76288000002387,159056.2816,159169.04448,112.76288000002387,4,6.163884519913079,RankSurprise
microGPi1_R_4-6+,4,186871.56224,186877.5424,5.980160000006435,186871.56224,186877.5424,5.980160000006435,3,9.112068429527406,RankSurprise
microGPi1_R_4-6+,4,191439.95392,191441.83808,1.8841599999868777,191439.95392,191441.83808,1.8841599999868777,3,12.338912424044786,RankSurprise
microGPi1_R_4-6+,4,191441.83808,191550.91456,109.07648000001791,191441.83808,191550.91456,109.07648000001791,3,3.7798098295513363,RankSurprise
microGPi1_R_4-6+,4,195808.62464,199431.45472,3622.8300800000143,195808.62464,199431.45472,3622.8300800000143,24,8.09485962719048,RankSurprise
microGPi1_R_4-6+,4,200584.23296,201356.82048,772.587520000001,200584.23296,201356.82048,772.587520000001,7,3.674966634727669,RankSurprise
microGPi1_R_4-6+,4,202842.7264,202951.43424,108.70783999998821,202842.7264,202951.43424,108.70783999998821,3,3.7200294458601846,RankSurprise
microGPi1_R_4-6+,4,204242.16576,204255.06816,12.902399999991758,204242.16576,204255.06816,12.902399999991758,3,7.896261167554468,RankSurprise
microGPi1_R_4-6+,4,220411.904,221020.07808,608.174079999997,220411.904,221020.07808,608.174079999997,6,3.552103993306154,RankSurprise
microGPi1_R_4-6+,4,223732.08064,224543.49824,811.4175999999861,223732.08064,224543.49824,811.4175999999861,7,4.114507587246038,RankSurprise
microGPi1_R_4-6+,4,269849.84576,270566.76864,716.9228800000274,269849.84576,270566.76864,716.9228800000274,7,3.891813398103326,RankSurprise
microGPi1_R_4-6+,4,300684.20608,300829.77792,145.5718400000478,300684.20608,300829.77792,145.5718400000478,4,5.38375818768294,RankSurprise
microGPi1_R_4-6+,4,321382.85056,321436.99968,54.14912000001641,321382.85056,321436.99968,54.14912000001641,3,5.069852932740254,RankSurprise
microGPi1_R_4-6+,4,322682.59328,322871.00928,188.41600000002654,322682.59328,322871.00928,188.41600000002654,4,4.687612010484994,RankSurprise
microGPi1_R_4-6+,4,340019.03616,341789.9008,1770.8646399999852,340019.03616,341789.9008,1770.8646399999852,15,6.985602324880235,RankSurprise
microGPi1_R_4-6+,4,344606.02368,344672.82944,66.80576000001747,344606.02368,344672.82944,66.80576000001747,4,7.645755767863367,RankSurprise
microGPi1_R_4-6+,4,360058.18368,360137.56416,79.38047999999253,360058.18368,360137.56416,79.38047999999253,3,4.335883757660053,RankSurprise
microGPi1_R_4-6+,4,361735.65952,361824.09216,88.43264000001363,361735.65952,361824.09216,88.43264000001363,3,4.13889877586935,RankSurprise
microGPi1_R_4-6+,4,362889.09312,362940.45696,51.36384000000544,362889.09312,362940.45696,51.36384000000544,3,5.138487531099827,RankSurprise
microGPi1_R_4-6+,4,373619.9168,373709.29152,89.37472000002163,373619.9168,373709.29152,89.37472000002163,3,4.09698097987156,RankSurprise
microGPi1_R_4-6+,4,376250.73664,378379.38688,2128.650239999988,376250.73664,378379.38688,2128.650239999988,15,5.243844835817617,RankSurprise
microGPi1_R_4-6+,4,391163.82208,391282.64704,118.8249599999981,391163.82208,391282.64704,118.8249599999981,3,3.5507154732295803,RankSurprise
microGPi1_R_4-6+,4,392729.55904,393792.06144,1062.5023999999976,392729.55904,393792.06144,1062.5023999999976,9,4.888454676283256,RankSurprise
microGPi1_R_4-6+,4,394678.59968,395008.0,329.4003200000152,394678.59968,395008.0,329.4003200000152,5,4.577680131437319,RankSurprise
microGPi1_R_4-6+,4,412326.54336,413593.96864,1267.4252799999667,412326.54336,413593.96864,1267.4252799999667,11,5.440161803821836,RankSurprise
microGPi1_R_4-6+,4,416456.58112,416906.40384,449.8227199999965,416456.58112,416906.40384,449.8227199999965,5,3.571740493672003,RankSurprise
microGPi1_R_4-6+,4,436683.1616,436760.61696,77.45536000002176,436683.1616,436760.61696,77.45536000002176,3,4.302770327693306,RankSurprise
microGPi1_R_4-6+,4,446708.65408,446813.71648,105.06239999999525,446708.65408,446813.71648,105.06239999999525,3,3.744721155141235,RankSurprise
microGPi1_R_4-6+,4,451924.70528,454930.8416,3006.1363199999905,451924.70528,454930.8416,3006.1363199999905,22,8.34096603297958,RankSurprise
microGPi1_R_4-6+,4,458172.17024,458616.58624,444.41599999996834,458172.17024,458616.58624,444.41599999996834,7,6.9623807560886135,RankSurprise
microGPi1_R_4-6+,4,466215.5264,467833.15968,1617.633280000009,466215.5264,467833.15968,1617.633280000009,12,4.438089425204125,RankSurprise
microGPi1_R_4-6+,4,469096.40704,469207.73632,111.32928000000538,469096.40704,469207.73632,111.32928000000538,3,3.647732312624651,RankSurprise
microGPi1_R_4-6+,4,470483.06688,470599.84384,116.77695999998832,470483.06688,470599.84384,116.77695999998832,3,3.5825343672623156,RankSurprise
microGPi1_R_4-6+,4,471493.2224,472061.25568,568.0332799999742,471493.2224,472061.25568,568.0332799999742,8,7.7763057899911825,RankSurprise
microGPi1_R_4-6+,4,480585.44128,480897.76128,312.3199999999488,480585.44128,480897.76128,312.3199999999488,5,4.766024207585893,RankSurprise
microGPi1_R_4-6+,4,496217.4976,496726.50752,509.00991999998223,496217.4976,496726.50752,509.00991999998223,6,4.33089801604339,RankSurprise
microGPi1_R_4-6+,4,499653.18144,501941.08416,2287.902720000013,499653.18144,501941.08416,2287.902720000013,17,6.516075457951994,RankSurprise
microGPi1_R_4-6+,4,503749.50912,505666.10944,1916.6003199999686,503749.50912,505666.10944,1916.6003199999686,13,3.9267509059527597,RankSurprise
microGPi1_R_4-6+,4,520677.74464,521054.0032,376.2585599999875,520677.74464,521054.0032,376.2585599999875,5,4.090397023367277,RankSurprise
microGPi1_R_4-6+,4,530755.33824,531301.13024,545.7920000000158,530755.33824,531301.13024,545.7920000000158,6,3.7704882976921112,RankSurprise
microGPi1_R_4-6+,4,535373.37344,535976.38656,603.0131200000178,535373.37344,535976.38656,603.0131200000178,10,10.437953381077852,RankSurprise
microGPi1_R_4-6+,4,542179.77856,542254.8992,75.12063999997918,542179.77856,542254.8992,75.12063999997918,3,4.4812769101949375,RankSurprise
microGPi1_R_4-6+,4,546201.43616,546211.30752,9.87135999999009,546201.43616,546211.30752,9.87135999999009,3,8.545672954606605,RankSurprise
microGPi1_R_4-6+,4,548344.66816,548904.96,560.2918399999617,548344.66816,548904.96,560.2918399999617,7,5.457712610455052,RankSurprise
microGPi1_R_4-6+,4,554399.5392,554502.67648,103.13728000002448,554399.5392,554502.67648,103.13728000002448,3,3.857139177859807,RankSurprise
microGPi1_R_4-6+,4,556288.0,556397.44512,109.44512000004761,556288.0,556397.44512,109.44512000004761,3,3.647732312624651,RankSurprise
microGPi1_R_4-6+,4,558768.37376,559022.85824,254.48447999998461,558768.37376,559022.85824,254.48447999998461,4,3.8118260306758422,RankSurprise
microGPi1_R_4-6+,4,582275.85024,583174.10304,898.2527999999002,582275.85024,583174.10304,898.2527999999002,8,4.428413575700611,RankSurprise
microGPi1_R_4-6+,4,586102.66112,588391.75168,2289.0905600000406,586102.66112,588391.75168,2289.0905600000406,16,5.682059857825831,RankSurprise
microGPi1_R_4-6+,4,591139.51232,591348.16256,208.65023999998812,591139.51232,591348.16256,208.65023999998812,4,4.458305060119837,RankSurprise
microGPi1_R_4-6+,4,607057.1008,607253.2992,196.19839999999385,607057.1008,607253.2992,196.19839999999385,4,4.603690344883361,RankSurprise
microGPi1_R_4-6+,4,614268.14976,615000.4736,732.3238400000846,614268.14976,615000.4736,732.3238400000846,7,3.8416643572565423,RankSurprise
microGPi1_R_4-6+,4,616815.16544,617012.10112,196.93567999999505,616815.16544,617012.10112,196.93567999999505,4,4.470154990473095,RankSurprise
microGPi1_R_4-6+,4,619206.41024,619361.6896,155.2793600000441,619206.41024,619361.6896,155.2793600000441,4,5.151483554255702,RankSurprise
microGPi1_R_4-6+,4,627964.39552,628014.20288,49.80735999997705,627964.39552,628014.20288,49.80735999997705,3,5.240812305499823,RankSurprise
microGPi1_R_4-6+,4,629627.00288,629679.47264,52.46976000000723,629627.00288,629679.47264,52.46976000000723,3,5.003495762557426,RankSurprise
microGPi1_R_5-6+,4,25730.90816,25779.44576,48.53759999999966,25730.90816,25779.44576,48.53759999999966,3,4.878021684487269,RankSurprise
microGPi1_R_5-6+,4,34045.21472,34797.11744,751.9027199999982,34045.21472,34797.11744,751.9027199999982,9,5.706300049200328,RankSurprise
microGPi1_R_5-6+,4,41954.79552,42094.01856,139.22303999999713,41954.79552,42094.01856,139.22303999999713,4,4.97073843330687,RankSurprise
microGPi1_R_5-6+,4,95022.03904,95190.30272,168.26368000000366,95022.03904,95190.30272,168.26368000000366,4,4.443897811220079,RankSurprise
microGPi1_R_5-6+,4,98093.30176,98189.88544,96.5836799999961,98093.30176,98189.88544,96.5836799999961,3,3.542669529462845,RankSurprise
microGPi1_R_5-6+,4,124983.296,125828.7104,845.4143999999942,124983.296,125828.7104,845.4143999999942,9,4.80465354716392,RankSurprise
microGPi1_R_5-6+,4,126516.96128,126706.11456,189.15327999999863,126516.96128,126706.11456,189.15327999999863,4,4.096965520698703,RankSurprise
microGPi1_R_5-6+,4,135298.58048,135415.43936,116.85887999998522,135298.58048,135415.43936,116.85887999998522,4,5.464876637775749,RankSurprise
microGPi1_R_5-6+,4,139433.61536,139473.01888,39.40351999999257,139433.61536,139473.01888,39.40351999999257,3,5.153727565892336,RankSurprise
microGPi1_R_5-6+,4,140508.32384,140591.26784,82.94399999998859,140508.32384,140591.26784,82.94399999998859,4,6.3144418602637025,RankSurprise
microGPi1_R_5-6+,4,154942.95552,155287.92064,344.965120000008,154942.95552,155287.92064,344.965120000008,6,5.599796031602153,RankSurprise
microGPi1_R_5-6+,4,159056.2816,159116.73856,60.45696000001044,159056.2816,159116.73856,60.45696000001044,3,4.4005884747044135,RankSurprise
microGPi1_R_5-6+,4,165490.93376,165582.4384,91.5046399999992,165490.93376,165582.4384,91.5046399999992,3,3.65735075210857,RankSurprise
microGPi1_R_5-6+,4,186702.76608,186874.88,172.11392000000342,186702.76608,186874.88,172.11392000000342,4,4.436694919687131,RankSurprise
microGPi1_R_5-6+,4,191365.77536,191550.91456,185.13920000000508,191365.77536,191550.91456,185.13920000000508,6,8.803815654370155,RankSurprise
microGPi1_R_5-6+,4,196298.87488,199431.45472,3132.5798400000203,196298.87488,199431.45472,3132.5798400000203,22,5.452514260221505,RankSurprise
microGPi1_R_5-6+,4,201224.64256,201441.77152,217.12896000000183,201224.64256,201441.77152,217.12896000000183,5,5.661454417415758,RankSurprise
microGPi1_R_5-6+,4,202136.45312,202336.41984,199.9667199999967,202136.45312,202336.41984,199.9667199999967,5,6.004632408316759,RankSurprise
microGPi1_R_5-6+,4,203962.08128,205636.8128,1674.7315200000012,203962.08128,205636.8128,1674.7315200000012,14,5.041582039448893,RankSurprise
microGPi1_R_5-6+,4,206779.5968,207196.5696,416.97279999998864,206779.5968,207196.5696,416.97279999998864,7,6.465638681007686,RankSurprise
microGPi1_R_5-6+,4,217126.42048,217160.86784,34.44735999999102,217126.42048,217160.86784,34.44735999999102,3,5.53973397098412,RankSurprise
microGPi1_R_5-6+,4,271778.85696,271795.4048,16.54784000001382,271778.85696,271795.4048,16.54784000001382,3,6.668809996991429,RankSurprise
microGPi1_R_5-6+,4,302006.64064,302229.62688,222.98623999999836,302006.64064,302229.62688,222.98623999999836,4,3.6612455860479685,RankSurprise
microGPi1_R_5-6+,4,313950.4128,314535.3216,584.9088000000338,313950.4128,314535.3216,584.9088000000338,7,4.549144894902704,RankSurprise
microGPi1_R_5-6+,4,321382.85056,321565.85984,183.0092799999984,321382.85056,321565.85984,183.0092799999984,5,6.305557959104135,RankSurprise
microGPi1_R_5-6+,4,322264.02304,322763.61216,499.58912000001874,322264.02304,322763.61216,499.58912000001874,7,5.346431118252891,RankSurprise
microGPi1_R_5-6+,4,326101.6064,326248.89856,147.2921600000118,326101.6064,326248.89856,147.2921600000118,4,4.881811550284205,RankSurprise
microGPi1_R_5-6+,4,339972.95616,340570.03008,597.0739199999953,339972.95616,340570.03008,597.0739199999953,8,5.89354431128292,RankSurprise
microGPi1_R_5-6+,4,344429.48608,344638.79168,209.3056000000215,344429.48608,344638.79168,209.3056000000215,6,8.029894057854527,RankSurprise
microGPi1_R_5-6+,4,352680.96,353061.56032,380.60031999996863,352680.96,353061.56032,380.60031999996863,6,5.187913617377156,RankSurprise
microGPi1_R_5-6+,4,361782.8864,361864.56064,81.6742399999639,361782.8864,361864.56064,81.6742399999639,4,6.459131718637831,RankSurprise
microGPi1_R_5-6+,4,364615.59808,364643.40992,27.811839999980293,364615.59808,364643.40992,27.811839999980293,3,5.8285256077840835,RankSurprise
microGPi1_R_5-6+,4,369031.29088,369247.8464,216.55551999999443,369031.29088,369247.8464,216.55551999999443,4,3.725824626508885,RankSurprise
microGPi1_R_5-6+,4,370838.07744,371945.8816,1107.8041599999997,370838.07744,371945.8816,1107.8041599999997,13,8.577062000564215,RankSurprise
microGPi1_R_5-6+,4,373071.54432,374076.70272,1005.1584000000148,373071.54432,374076.70272,1005.1584000000148,9,3.7144425156390386,RankSurprise
microGPi1_R_5-6+,4,376632.15616,377077.30944,445.1532799999695,376632.15616,377077.30944,445.1532799999695,6,4.34129923256314,RankSurprise
microGPi1_R_5-6+,4,377540.11648,377769.82016,229.70367999997688,377540.11648,377769.82016,229.70367999997688,4,3.5281317811495256,RankSurprise
microGPi1_R_5-6+,4,392480.72704,393068.7488,588.0217599999742,392480.72704,393068.7488,588.0217599999742,8,5.943606459290269,RankSurprise
microGPi1_R_5-6+,4,393588.98176,393792.06144,203.07968000002438,393588.98176,393792.06144,203.07968000002438,4,3.8533801508163528,RankSurprise
microGPi1_R_5-6+,4,423382.95808,423557.12,174.1619199999841,423382.95808,423557.12,174.1619199999841,4,4.365601478846568,RankSurprise
microGPi1_R_5-6+,4,432826.69568,433201.3568,374.6611200000043,432826.69568,433201.3568,374.6611200000043,5,3.538396650206291,RankSurprise
microGPi1_R_5-6+,4,433666.90816,434170.51136,503.6032000000123,433666.90816,434170.51136,503.6032000000123,6,3.743975540776674,RankSurprise
microGPi1_R_5-6+,4,440231.48544,441307.38176,1075.8963199999998,440231.48544,441307.38176,1075.8963199999998,11,5.653739736082367,RankSurprise
microGPi1_R_5-6+,4,452545.04448,452995.8912,450.8467200000305,452545.04448,452995.8912,450.8467200000305,8,7.703001773810357,RankSurprise
microGPi1_R_5-6+,4,458234.4704,458633.29792,398.82751999999164,458234.4704,458633.29792,398.82751999999164,7,6.658724787613885,RankSurprise
microGPi1_R_5-6+,4,465456.66048,465568.03072,111.37023999996018,465456.66048,465568.03072,111.37023999996018,4,5.552286591250766,RankSurprise
microGPi1_R_5-6+,4,467061.3504,467092.60288,31.25248000002466,467061.3504,467092.60288,31.25248000002466,5,12.739041714220043,RankSurprise
microGPi1_R_5-6+,4,471493.2224,471677.91104,184.68863999994937,471493.2224,471677.91104,184.68863999994937,7,10.972038083059232,RankSurprise
microGPi1_R_5-6+,4,474605.7728,474932.87936,327.1065600000438,474605.7728,474932.87936,327.1065600000438,6,5.751008373411935,RankSurprise
microGPi1_R_5-6+,4,477856.31744,478235.40224,379.08480000001146,477856.31744,478235.40224,379.08480000001146,5,3.5514578911367494,RankSurprise
microGPi1_R_5-6+,4,482939.0848,483120.82432,181.7395200000028,482939.0848,483120.82432,181.7395200000028,4,4.221573695754994,RankSurprise
microGPi1_R_5-6+,4,495771.89376,496443.10528,671.2115200000117,495771.89376,496443.10528,671.2115200000117,7,3.797635736953234,RankSurprise
microGPi1_R_5-6+,4,509607.64928,509818.30656,210.6572799999849,509607.64928,509818.30656,210.6572799999849,4,3.7600781115972133,RankSurprise
microGPi1_R_5-6+,4,513053.73696,513149.70624,95.96928000001935,513053.73696,513149.70624,95.96928000001935,3,3.538545812278983,RankSurprise
microGPi1_R_5-6+,4,524314.66496,524674.58048,359.91552000003867,524314.66496,524674.58048,359.91552000003867,6,5.3630821563826245,RankSurprise
microGPi1_R_5-6+,4,530900.33664,531306.33216,405.99551999999676,530900.33664,531306.33216,405.99551999999676,6,4.8123810431662974,RankSurprise
microGPi1_R_5-6+,4,534730.17856,534754.95936,24.780799999949522,534730.17856,534754.95936,24.780799999949522,4,9.747962110824242,RankSurprise
microGPi1_R_5-6+,4,535344.29184,536371.36384,1027.0720000000438,535344.29184,536371.36384,1027.0720000000438,14,10.405008433141576,RankSurprise
microGPi1_R_5-6+,4,542179.77856,542254.8992,75.12063999997918,542179.77856,542254.8992,75.12063999997918,3,4.128381156958309,RankSurprise
microGPi1_R_5-6+,4,543909.76512,544007.65952,97.89439999999013,543909.76512,544007.65952,97.89439999999013,4,6.10029625525927,RankSurprise
microGPi1_R_5-6+,4,546201.47712,546211.30752,9.83039999997709,546201.47712,546211.30752,9.83039999997709,3,7.73702132098914,RankSurprise
microGPi1_R_5-6+,4,546831.72864,547147.53024,315.80160000000615,546831.72864,547147.53024,315.80160000000615,5,4.260517656128876,RankSurprise
microGPi1_R_5-6+,4,547619.75808,547755.90912,136.1510399999097,547619.75808,547755.90912,136.1510399999097,4,5.009671982525269,RankSurprise
microGPi1_R_5-6+,4,548256.1536,548516.74112,260.58752000005916,548256.1536,548516.74112,260.58752000005916,5,5.020904461205426,RankSurprise
microGPi1_R_5-6+,4,549531.48416,549962.91584,431.4316800000379,549531.48416,549962.91584,431.4316800000379,6,4.557038257667427,RankSurprise
microGPi1_R_5-6+,4,561464.89344,561858.3552,393.4617599999765,561464.89344,561858.3552,393.4617599999765,5,3.52754476760877,RankSurprise
microGPi1_R_5-6+,4,569737.50272,569791.03744,53.534719999996014,569737.50272,569791.03744,53.534719999996014,3,4.572595716024008,RankSurprise
microGPi1_R_5-6+,4,573101.54752,573315.60448,214.05695999995805,573101.54752,573315.60448,214.05695999995805,5,5.792921794689281,RankSurprise
microGPi1_R_5-6+,4,582370.95936,582543.52384,172.56448000005912,582370.95936,582543.52384,172.56448000005912,4,4.415189430786064,RankSurprise
microGPi1_R_5-6+,4,586102.66112,586161.88928,59.22816000005696,586102.66112,586161.88928,59.22816000005696,3,4.451955796556188,RankSurprise
microGPi1_R_5-6+,4,587614.8224,587703.99232,89.16992000001483,587614.8224,587703.99232,89.16992000001483,3,3.7105100929306545,RankSurprise
microGPi1_R_5-6+,4,591017.73824,591348.16256,330.424319999991,591017.73824,591348.16256,330.424319999991,5,4.022999082914055,RankSurprise
microGPi1_R_5-6+,4,594318.04928,594779.05408,461.00479999999516,594318.04928,594779.05408,461.00479999999516,6,4.097719775457161,RankSurprise
microGPi1_R_5-6+,4,601313.36192,601459.95776,146.5958399999654,601313.36192,601459.95776,146.5958399999654,6,9.653723953665782,RankSurprise
microGPi1_R_5-6+,4,605412.80256,605753.67168,340.8691200000467,605412.80256,605753.67168,340.8691200000467,7,7.573324046264098,RankSurprise
microGPi1_R_5-6+,4,609355.20256,609423.89248,68.68992000003345,609355.20256,609423.89248,68.68992000003345,3,4.283631802315192,RankSurprise
microGPi1_R_5-6+,4,626747.96544,626921.84064,173.87519999989308,626747.96544,626921.84064,173.87519999989308,6,8.798275473994536,RankSurprise
microGPi1_R_5-6+,4,627964.43648,628006.0928,41.65631999995094,627964.43648,628006.0928,41.65631999995094,4,8.249448605996015,RankSurprise
microGPi1_R_7-8+,1,28367.42144,29118.09536,750.6739200000011,28367.42144,29118.09536,750.6739200000011,6,6.853066735425308,RankSurprise
microGPi1_R_7-8+,1,84973.73184,85816.60672,842.874880000003,84973.73184,85816.60672,842.874880000003,5,4.427001959521586,RankSurprise
microGPi1_R_7-8+,1,111021.38368,111267.10272,245.7190399999963,111021.38368,111267.10272,245.7190399999963,3,3.8569676250421434,RankSurprise
microGPi1_R_7-8+,1,122402.07872,125736.42752,3334.3487999999925,122402.07872,125736.42752,3334.3487999999925,10,4.6417569164426755,RankSurprise
microGPi1_R_7-8+,1,140018.93376,140538.88,519.9462399999902,140018.93376,140538.88,519.9462399999902,4,4.495308112682192,RankSurprise
microGPi1_R_7-8+,1,201782.51776,202003.456,220.9382400000177,201782.51776,202003.456,220.9382400000177,3,4.083300106018779,RankSurprise
microGPi1_R_7-8+,1,258046.23872,260025.67168,1979.4329600000056,258046.23872,260025.67168,1979.4329600000056,7,5.027828967766677,RankSurprise
microGPi1_R_7-8+,1,290248.41728,290504.82688,256.4096000000136,290248.41728,290504.82688,256.4096000000136,3,3.6388495511976604,RankSurprise
microGPi1_R_7-8+,1,306270.37184,307710.23872,1439.866880000045,306270.37184,307710.23872,1439.866880000045,6,3.759943184022805,RankSurprise
microGPi1_R_7-8+,1,314259.41504,314355.54816,96.13312000001315,314259.41504,314355.54816,96.13312000001315,3,5.777990217172989,RankSurprise
microGPi1_R_7-8+,1,320980.54144,322602.35264,1621.8111999999965,320980.54144,322602.35264,1621.8111999999965,6,3.7122174751627632,RankSurprise
microGPi1_R_7-8+,1,325702.41024,325983.4368,281.02656000002753,325702.41024,325983.4368,281.02656000002753,3,3.524121285536234,RankSurprise
microGPi1_R_7-8+,1,328212.31616,328902.36928,690.0531199999969,328212.31616,328902.36928,690.0531199999969,5,5.133239027912097,RankSurprise
microGPi1_R_7-8+,1,366690.01728,366914.68288,224.66560000000754,366690.01728,366914.68288,224.66560000000754,3,3.993192948265305,RankSurprise
microGPi1_R_7-8+,1,387884.60544,388674.1504,789.5449599999702,387884.60544,388674.1504,789.5449599999702,6,6.714342326871133,RankSurprise
microGPi1_R_7-8+,1,411579.84256,412632.63744,1052.7948800000013,411579.84256,412632.63744,1052.7948800000013,5,3.6555452762570404,RankSurprise
microGPi1_R_7-8+,1,438712.03328,439549.5424,837.5091200000024,438712.03328,439549.5424,837.5091200000024,5,4.520574117975709,RankSurprise
microGPi1_R_7-8+,1,453479.38304,453854.0032,374.6201599999913,453479.38304,453854.0032,374.6201599999913,6,10.461589979688046,RankSurprise
microGPi1_R_7-8+,1,535788.29824,536013.86496,225.56672000000253,535788.29824,536013.86496,225.56672000000253,3,3.808183912464804,RankSurprise
microGPi1_R_7-8+,1,543557.55008,543808.34816,250.79808000009507,543557.55008,543808.34816,250.79808000009507,3,3.7294323605548882,RankSurprise
microGPi1_R_7-8+,1,568873.94304,570374.84032,1500.8972799999174,568873.94304,570374.84032,1500.8972799999174,6,4.547988559766328,RankSurprise
microGPi1_R_7-8+,1,638970.51136,639402.76224,432.25087999994867,638970.51136,639402.76224,432.25087999994867,4,4.675622102488241,RankSurprise
microGPi1_R_7-8+,2,590.35648,1075.11808,484.76159999999993,590.35648,1075.11808,484.76159999999993,12,5.511576977904869,RankSurprise
microGPi1_R_7-8+,2,1255.2192,1311.00672,55.787520000000086,1255.2192,1311.00672,55.787520000000086,4,4.4456692464952,RankSurprise
microGPi1_R_7-8+,2,10381.5168,10615.11168,233.59488000000056,10381.5168,10615.11168,233.59488000000056,7,3.8424195100654353,RankSurprise
microGPi1_R_7-8+,2,11160.24832,11173.19168,12.943359999999302,11160.24832,11173.19168,12.943359999999302,3,5.740304009460372,RankSurprise
microGPi1_R_7-8+,2,12043.18208,12272.92672,229.74463999999898,12043.18208,12272.92672,229.74463999999898,10,7.738590802386823,RankSurprise
microGPi1_R_7-8+,2,13649.46944,13758.70976,109.24031999999897,13649.46944,13758.70976,109.24031999999897,5,3.7732735674452123,RankSurprise
microGPi1_R_7-8+,2,14470.02112,14489.64096,19.619840000001204,14470.02112,14489.64096,19.619840000001204,3,4.336938858321657,RankSurprise
microGPi1_R_7-8+,2,16159.04768,16185.91744,26.869759999999587,16159.04768,16185.91744,26.869759999999587,3,3.5660670333519295,RankSurprise
microGPi1_R_7-8+,2,16696.19712,17829.43744,1133.2403200000008,16696.19712,17829.43744,1133.2403200000008,23,5.423332965817044,RankSurprise
microGPi1_R_7-8+,2,27455.85664,27469.6192,13.762559999999212,27455.85664,27469.6192,13.762559999999212,3,5.4632658251409385,RankSurprise
microGPi1_R_7-8+,2,27837.52192,28457.1648,619.6428799999994,27837.52192,28457.1648,619.6428799999994,16,5.96203389252192,RankSurprise
microGPi1_R_7-8+,2,30424.63744,30442.496,17.85856000000058,30424.63744,30442.496,17.85856000000058,3,4.6424094758525865,RankSurprise
microGPi1_R_7-8+,2,33819.40224,33846.14912,26.746879999998782,33819.40224,33846.14912,26.746879999998782,3,3.6223427358663294,RankSurprise
microGPi1_R_7-8+,2,36635.48416,36656.86528,21.38111999999819,36635.48416,36656.86528,21.38111999999819,3,4.2744686181615545,RankSurprise
microGPi1_R_7-8+,2,37182.34112,37209.4976,27.156480000005104,37182.34112,37209.4976,27.156480000005104,3,3.604978772474933,RankSurprise
microGPi1_R_7-8+,2,38321.5616,38381.568,60.00639999999839,38321.5616,38381.568,60.00639999999839,4,3.945224015040072,RankSurprise
microGPi1_R_7-8+,2,38570.68032,38628.59776,57.91743999999744,38570.68032,38628.59776,57.91743999999744,4,3.9474788067902935,RankSurprise
microGPi1_R_7-8+,2,39865.30304,39875.21536,9.912320000003092,39865.30304,39875.21536,9.912320000003092,3,7.0046802897003975,RankSurprise
microGPi1_R_7-8+,2,40220.13952,40264.4992,44.35968000000139,40220.13952,40264.4992,44.35968000000139,4,4.692573805046699,RankSurprise
microGPi1_R_7-8+,2,42525.16352,42590.12608,64.96255999999994,42525.16352,42590.12608,64.96255999999994,4,3.6187921714448947,RankSurprise
microGPi1_R_7-8+,2,43295.41632,43327.0784,31.66208000000188,43295.41632,43327.0784,31.66208000000188,3,3.5324399466346765,RankSurprise
microGPi1_R_7-8+,2,43601.55136,43616.17408,14.62271999999939,43601.55136,43616.17408,14.62271999999939,3,5.185039979751929,RankSurprise
microGPi1_R_7-8+,2,44298.19904,44567.67488,269.47583999999915,44298.19904,44567.67488,269.47583999999915,8,3.678871196817022,RankSurprise
microGPi1_R_7-8+,2,45870.8992,46540.92288,670.0236799999984,45870.8992,46540.92288,670.0236799999984,18,7.681871572300745,RankSurprise
microGPi1_R_7-8+,2,48147.90656,49355.85792,1207.951359999999,48147.90656,49355.85792,1207.951359999999,35,15.005493795852875,RankSurprise
microGPi1_R_7-8+,2,50964.64384,50986.02496,21.381120000005467,50964.64384,50986.02496,21.381120000005467,3,4.083948053972376,RankSurprise
microGPi1_R_7-8+,2,58784.23552,58810.90048,26.664959999994608,58784.23552,58810.90048,26.664959999994608,3,3.6851498395136932,RankSurprise
microGPi1_R_7-8+,2,60658.44224,60683.79648,25.354240000000573,60658.44224,60683.79648,25.354240000000573,3,3.6623761045222842,RankSurprise
microGPi1_R_7-8+,2,61322.24,61364.30592,42.065920000000915,61322.24,61364.30592,42.065920000000915,4,4.740668114434673,RankSurprise
microGPi1_R_7-8+,2,61644.43136,61670.1952,25.763839999999618,61644.43136,61670.1952,25.763839999999618,4,6.599255835527192,RankSurprise
microGPi1_R_7-8+,2,63473.0496,63648.39936,175.3497600000046,63473.0496,63648.39936,175.3497600000046,8,5.977135389508986,RankSurprise
microGPi1_R_7-8+,2,98795.02848,98813.58336,18.5548800000106,98795.02848,98813.58336,18.5548800000106,4,7.914158280525541,RankSurprise
microGPi1_R_7-8+,2,108383.232,108441.55904,58.32703999998921,108383.232,108441.55904,58.32703999998921,5,6.000800293935665,RankSurprise
microGPi1_R_7-8+,2,111925.12512,111984.4352,59.3100800000102,111925.12512,111984.4352,59.3100800000102,4,3.9261264014861226,RankSurprise
microGPi1_R_7-8+,2,115008.1024,115068.35456,60.25216000000364,115008.1024,115068.35456,60.25216000000364,4,3.898260696066867,RankSurprise
microGPi1_R_7-8+,2,117417.86112,117567.20128,149.34015999999247,117417.86112,117567.20128,149.34015999999247,6,4.527729656798709,RankSurprise
microGPi1_R_7-8+,2,119027.05664,119238.98368,211.92704000000958,119027.05664,119238.98368,211.92704000000958,7,3.9298586439055714,RankSurprise
microGPi1_R_7-8+,2,120013.53728,120638.09536,624.5580800000025,120013.53728,120638.09536,624.5580800000025,15,5.8100967805231685,RankSurprise
microGPi1_R_7-8+,2,122803.85536,122825.1136,21.258239999995567,122803.85536,122825.1136,21.258239999995567,3,4.18008110300339,RankSurprise
microGPi1_R_7-8+,2,127462.8096,127503.5648,40.755199999999604,127462.8096,127503.5648,40.755199999999604,4,5.109113975450608,RankSurprise
microGPi1_R_7-8+,2,130534.03136,130549.59616,15.56480000000738,130534.03136,130549.59616,15.56480000000738,3,4.883428637437577,RankSurprise
microGPi1_R_7-8+,2,133194.5472,133252.46464,57.917439999990165,133194.5472,133252.46464,57.917439999990165,4,4.356462837594119,RankSurprise
microGPi1_R_7-8+,2,135848.5504,135880.704,32.15359999999055,135848.5504,135880.704,32.15359999999055,3,3.5203507505638214,RankSurprise
microGPi1_R_7-8+,2,139933.65504,139954.176,20.520959999994375,139933.65504,139954.176,20.520959999994375,3,4.341476581523976,RankSurprise
microGPi1_R_7-8+,2,140236.26752,140247.57248,11.304960000008577,140236.26752,140247.57248,11.304960000008577,3,6.0090005171451875,RankSurprise
microGPi1_R_7-8+,2,141035.80672,141146.97216,111.16544000001159,141035.80672,141146.97216,111.16544000001159,6,5.729427959315167,RankSurprise
microGPi1_R_7-8+,2,142486.81472,142602.48576,115.67104000001564,142486.81472,142602.48576,115.67104000001564,5,3.835855216187003,RankSurprise
microGPi1_R_7-8+,2,142968.09472,143109.61152,141.51680000001215,142968.09472,143109.61152,141.51680000001215,6,4.652800645490966,RankSurprise
microGPi1_R_7-8+,2,143468.1344,143489.59744,21.463040000002366,143468.1344,143489.59744,21.463040000002366,3,4.26788966288329,RankSurprise
microGPi1_R_7-8+,2,146876.49792,147079.65952,203.16159999999218,146876.49792,147079.65952,203.16159999999218,7,3.710863301666369,RankSurprise
microGPi1_R_7-8+,2,148616.31488,149421.91616,805.6012800000026,148616.31488,149421.91616,805.6012800000026,21,8.306851137141539,RankSurprise
microGPi1_R_7-8+,2,150664.72448,150775.27552,110.55103999999119,150664.72448,150775.27552,110.55103999999119,6,5.14641591853367,RankSurprise
microGPi1_R_7-8+,2,151191.30624,151360.67584,169.36960000000545,151191.30624,151360.67584,169.36960000000545,6,3.7818994723335906,RankSurprise
microGPi1_R_7-8+,2,165415.15776,165486.3872,71.22943999999552,165415.15776,165486.3872,71.22943999999552,4,3.675936760765115,RankSurprise
microGPi1_R_7-8+,2,168246.31296,168423.09632,176.78336000000127,168246.31296,168423.09632,176.78336000000127,9,8.079491784009928,RankSurprise
microGPi1_R_7-8+,2,177097.27744,177121.85344,24.57600000000093,177097.27744,177121.85344,24.57600000000093,3,3.765260687966107,RankSurprise
microGPi1_R_7-8+,2,184244.224,184453.3248,209.10080000001471,184244.224,184453.3248,209.10080000001471,7,4.020282780049955,RankSurprise
microGPi1_R_7-8+,2,185128.71424,185174.6304,45.9161599999934,185128.71424,185174.6304,45.9161599999934,4,4.74655047020282,RankSurprise
microGPi1_R_7-8+,2,185819.5456,185897.49248,77.94687999997404,185819.5456,185897.49248,77.94687999997404,5,4.970057318113756,RankSurprise
microGPi1_R_7-8+,2,187185.72544,187258.88,73.1545599999954,187185.72544,187258.88,73.1545599999954,5,4.963179539527506,RankSurprise
microGPi1_R_7-8+,2,187760.14848,187771.57632,11.427839999989374,187760.14848,187771.57632,11.427839999989374,3,5.655279914523815,RankSurprise
microGPi1_R_7-8+,2,195336.6016,195342.49984,5.898240000009537,195336.6016,195342.49984,5.898240000009537,3,8.604104865633511,RankSurprise
microGPi1_R_7-8+,2,196906.02496,197332.91008,426.88511999999173,196906.02496,197332.91008,426.88511999999173,12,5.9315592750662045,RankSurprise
microGPi1_R_7-8+,2,198851.46112,198936.20736,84.74624000000767,198851.46112,198936.20736,84.74624000000767,6,6.802463500592488,RankSurprise
microGPi1_R_7-8+,2,200760.5248,201188.02432,427.499519999983,200760.5248,201188.02432,427.499519999983,12,5.395312463046327,RankSurprise
microGPi1_R_7-8+,2,201697.36192,201763.92192,66.55999999999767,201697.36192,201763.92192,66.55999999999767,4,3.8553005308811095,RankSurprise
microGPi1_R_7-8+,2,206967.1936,209213.48096,2246.2873599999875,206967.1936,209213.48096,2246.2873599999875,47,10.970582121119826,RankSurprise
microGPi1_R_7-8+,2,210240.9216,210416.06656,175.14496000000509,210240.9216,210416.06656,175.14496000000509,7,5.266078821934606,RankSurprise
microGPi1_R_7-8+,2,216252.53888,216276.33664,23.797759999986738,216252.53888,216276.33664,23.797759999986738,3,3.825766610096684,RankSurprise
microGPi1_R_7-8+,2,232116.30592,232224.5632,108.25727999999071,232116.30592,232224.5632,108.25727999999071,5,3.8950446361010016,RankSurprise
microGPi1_R_7-8+,2,238990.1312,239136.60416,146.4729599999846,238990.1312,239136.60416,146.4729599999846,6,4.032347608925599,RankSurprise
microGPi1_R_7-8+,2,247566.9504,247579.36128,12.410880000010366,247566.9504,247579.36128,12.410880000010366,4,10.810470711306834,RankSurprise
microGPi1_R_7-8+,2,248576.36864,248672.0512,95.68255999998655,248576.36864,248672.0512,95.68255999998655,5,4.39406068835056,RankSurprise
microGPi1_R_7-8+,2,253548.46208,253555.34336,6.881280000001425,253548.46208,253555.34336,6.881280000001425,3,8.352647997355213,RankSurprise
microGPi1_R_7-8+,2,255727.16544,255889.08032,161.91487999999663,255727.16544,255889.08032,161.91487999999663,7,5.444298014096913,RankSurprise
microGPi1_R_7-8+,2,256909.47584,257149.78816,240.31231999999727,256909.47584,257149.78816,240.31231999999727,9,6.2018660406081,RankSurprise
microGPi1_R_7-8+,2,259963.04384,260036.23936,73.1955200000084,259963.04384,260036.23936,73.1955200000084,4,3.6006530486448014,RankSurprise
microGPi1_R_7-8+,2,262566.2976,262591.8976,25.600000000034925,262566.2976,262591.8976,25.600000000034925,3,3.8611814423313415,RankSurprise
microGPi1_R_7-8+,2,263607.05024,263629.70112,22.65087999997195,263607.05024,263629.70112,22.65087999997195,3,4.046360390489426,RankSurprise
microGPi1_R_7-8+,2,267087.6672,267155.456,67.78879999998026,267087.6672,267155.456,67.78879999998026,4,3.5154706939478793,RankSurprise
microGPi1_R_7-8+,2,268613.26336,268637.42976,24.16640000004554,268613.26336,268637.42976,24.16640000004554,3,3.7996110449084686,RankSurprise
microGPi1_R_7-8+,2,272866.87744,273511.09632,644.2188800000004,272866.87744,273511.09632,644.2188800000004,16,5.9298628316818345,RankSurprise
microGPi1_R_7-8+,2,274802.0736,274829.5168,27.443199999979697,274802.0736,274829.5168,27.443199999979697,3,3.7081858858228554,RankSurprise
microGPi1_R_7-8+,2,282416.25088,282443.65312,27.402239999966696,282416.25088,282443.65312,27.402239999966696,3,3.7048787327885293,RankSurprise
microGPi1_R_7-8+,2,282671.84128,282756.58752,84.74624000000767,282671.84128,282756.58752,84.74624000000767,5,4.7523696563127835,RankSurprise
microGPi1_R_7-8+,2,286668.92288,286708.24448,39.321599999966566,286668.92288,286708.24448,39.321599999966566,4,5.159366417170467,RankSurprise
microGPi1_R_7-8+,2,287622.51264,287724.66688,102.15424000000348,287622.51264,287724.66688,102.15424000000348,5,3.989991424441815,RankSurprise
microGPi1_R_7-8+,2,288522.77248,288586.46528,63.692800000018906,288522.77248,288586.46528,63.692800000018906,4,3.640094037717251,RankSurprise
microGPi1_R_7-8+,2,300580.08576,300626.944,46.85824000003049,300580.08576,300626.944,46.85824000003049,4,4.6140913150911835,RankSurprise
microGPi1_R_7-8+,2,303927.41888,303952.03584,24.616960000013933,303927.41888,303952.03584,24.616960000013933,3,3.7618578792135597,RankSurprise
microGPi1_R_7-8+,2,304537.6,304648.68352,111.08352000004379,304537.6,304648.68352,111.08352000004379,5,3.9989812029252967,RankSurprise
microGPi1_R_7-8+,2,308039.18848,308155.92448,116.73599999997532,308039.18848,308155.92448,116.73599999997532,5,3.56688844121604,RankSurprise
microGPi1_R_7-8+,2,309237.80096,309261.88544,24.08447999996133,309237.80096,309261.88544,24.08447999996133,3,3.8240122236817893,RankSurprise
microGPi1_R_7-8+,2,313466.92096,313490.26816,23.34719999996014,313466.92096,313490.26816,23.34719999996014,3,4.091952068659106,RankSurprise
microGPi1_R_7-8+,2,314609.70496,314674.50368,64.7987200000207,314609.70496,314674.50368,64.7987200000207,4,4.343565137720866,RankSurprise
microGPi1_R_7-8+,2,315597.74208,315616.4608,18.718720000004396,315597.74208,315616.4608,18.718720000004396,3,4.382786153185288,RankSurprise
microGPi1_R_7-8+,2,316168.43776,316189.45024,21.012479999975767,316168.43776,316189.45024,21.012479999975767,3,4.104018473317547,RankSurprise
microGPi1_R_7-8+,2,317150.57664,317180.928,30.351360000029672,317150.57664,317180.928,30.351360000029672,3,3.556839795320963,RankSurprise
microGPi1_R_7-8+,2,318823.66976,318981.98016,158.31039999995846,318823.66976,318981.98016,158.31039999995846,6,3.81032645474454,RankSurprise
microGPi1_R_7-8+,2,323661.49632,323697.41824,35.921920000051614,323661.49632,323697.41824,35.921920000051614,4,5.433327686149283,RankSurprise
microGPi1_R_7-8+,2,325597.67552,325615.69792,18.022400000016205,325597.67552,325615.69792,18.022400000016205,3,4.494853646727437,RankSurprise
microGPi1_R_7-8+,2,327216.49664,327368.94976,152.45311999996193,327216.49664,327368.94976,152.45311999996193,7,5.738845606969009,RankSurprise
microGPi1_R_7-8+,2,334697.14432,334709.06368,11.91935999999987,334697.14432,334709.06368,11.91935999999987,3,6.144187346752068,RankSurprise
microGPi1_R_7-8+,2,337008.27136,337580.93312,572.6617599999881,337008.27136,337580.93312,572.6617599999881,15,6.091794885816665,RankSurprise
microGPi1_R_7-8+,2,339232.03072,339293.34784,61.31712000002153,339232.03072,339293.34784,61.31712000002153,4,3.9306090325466343,RankSurprise
microGPi1_R_7-8+,2,340040.66304,340130.03776,89.37471999996342,340040.66304,340130.03776,89.37471999996342,6,6.172133538551513,RankSurprise
microGPi1_R_7-8+,2,344673.60768,344700.88704,27.2793599999859,344673.60768,344700.88704,27.2793599999859,3,3.635066438843472,RankSurprise
microGPi1_R_7-8+,2,348187.40224,348909.73184,722.3295999999973,348187.40224,348909.73184,722.3295999999973,19,8.622291202074077,RankSurprise
microGPi1_R_7-8+,2,351998.11584,352454.81984,456.704000000027,351998.11584,352454.81984,456.704000000027,13,5.598334519975668,RankSurprise
microGPi1_R_7-8+,2,352959.81568,352999.30112,39.48544000001857,352959.81568,352999.30112,39.48544000001857,4,5.07771737298097,RankSurprise
microGPi1_R_7-8+,2,353723.8016,354105.5488,381.7471999999834,353723.8016,354105.5488,381.7471999999834,10,4.532832408957492,RankSurprise
microGPi1_R_7-8+,2,354837.62688,354853.15072,15.523839999979828,354837.62688,354853.15072,15.523839999979828,3,5.110264861600813,RankSurprise
microGPi1_R_7-8+,2,356421.30432,356510.47424,89.16992000001483,356421.30432,356510.47424,89.16992000001483,5,4.338812549713143,RankSurprise
microGPi1_R_7-8+,2,359835.07456,360087.67488,252.60032000002684,359835.07456,360087.67488,252.60032000002684,8,4.211282614416267,RankSurprise
microGPi1_R_7-8+,2,361697.77152,362271.00672,573.2351999999955,361697.77152,362271.00672,573.2351999999955,13,4.652096621219352,RankSurprise
microGPi1_R_7-8+,2,365145.04704,365173.39136,28.344320000032894,365145.04704,365173.39136,28.344320000032894,4,6.191504399536495,RankSurprise
microGPi1_R_7-8+,2,365343.90784,365382.61504,38.70720000000438,365343.90784,365382.61504,38.70720000000438,4,5.107453305265469,RankSurprise
microGPi1_R_7-8+,2,365815.3984,365838.49984,23.101439999998547,365815.3984,365838.49984,23.101439999998547,3,3.950694117028707,RankSurprise
microGPi1_R_7-8+,2,369574.5024,369593.09824,18.5958400000236,369574.5024,369593.09824,18.5958400000236,3,4.472902198688255,RankSurprise
microGPi1_R_7-8+,2,370799.0016,370813.91104,14.909439999959432,370799.0016,370813.91104,14.909439999959432,3,5.2519476793959985,RankSurprise
microGPi1_R_7-8+,2,373092.43392,373118.23872,25.804800000041723,373092.43392,373118.23872,25.804800000041723,3,3.7533761007690014,RankSurprise
microGPi1_R_7-8+,2,377461.5552,377513.28768,51.732480000006035,377461.5552,377513.28768,51.732480000006035,4,4.101358705221369,RankSurprise
microGPi1_R_7-8+,2,378520.08448,378667.08992,147.005439999979,378520.08448,378667.08992,147.005439999979,6,4.548649632010817,RankSurprise
microGPi1_R_7-8+,2,379133.99296,379155.12832,21.13536000001477,379133.99296,379155.12832,21.13536000001477,3,4.079958026718797,RankSurprise
microGPi1_R_7-8+,2,381654.71232,381735.07584,80.36352000001352,381654.71232,381735.07584,80.36352000001352,5,4.802664159884774,RankSurprise
microGPi1_R_7-8+,2,382289.34656,382531.91168,242.56512000004295,382289.34656,382531.91168,242.56512000004295,10,7.11987338179221,RankSurprise
microGPi1_R_7-8+,2,385050.99264,385223.4752,172.4825599999749,385050.99264,385223.4752,172.4825599999749,6,3.7403235062390086,RankSurprise
microGPi1_R_7-8+,2,393713.33632,393828.27008,114.93375999998534,393713.33632,393828.27008,114.93375999998534,5,3.7741242693255295,RankSurprise
microGPi1_R_7-8+,2,395570.91328,395600.896,29.982720000029076,395570.91328,395600.896,29.982720000029076,3,3.5248756400151304,RankSurprise
microGPi1_R_7-8+,2,397737.90208,397894.94272,157.04063999996288,397737.90208,397894.94272,157.04063999996288,7,5.202913253754998,RankSurprise
microGPi1_R_7-8+,2,403747.10272,403763.11808,16.01535999996122,403747.10272,403763.11808,16.01535999996122,3,4.850931597518155,RankSurprise
microGPi1_R_7-8+,2,406455.54176,406480.65024,25.108479999995325,406455.54176,406480.65024,25.108479999995325,3,3.9173445645835603,RankSurprise
microGPi1_R_7-8+,2,408835.4816,408922.112,86.63040000002366,408835.4816,408922.112,86.63040000002366,5,5.080561594896711,RankSurprise
microGPi1_R_7-8+,2,410293.4528,410304.38912,10.936319999978878,410293.4528,410304.38912,10.936319999978878,3,6.491563375527331,RankSurprise
microGPi1_R_7-8+,2,412473.01632,412499.31264,26.296320000023115,412473.01632,412499.31264,26.296320000023115,3,3.6430600558774575,RankSurprise
microGPi1_R_7-8+,2,412852.71552,412932.5056,79.79007999994792,412852.71552,412932.5056,79.79007999994792,5,4.67489580848704,RankSurprise
microGPi1_R_7-8+,2,413986.36544,414012.17024,25.804799999983516,413986.36544,414012.17024,25.804799999983516,3,3.6802478754574235,RankSurprise
microGPi1_R_7-8+,2,421103.8208,421168.3328,64.51199999998789,421103.8208,421168.3328,64.51199999998789,4,3.840027769276155,RankSurprise
microGPi1_R_7-8+,2,423006.86336,423033.15968,26.296319999964908,423006.86336,423033.15968,26.296319999964908,3,3.630285559314016,RankSurprise
microGPi1_R_7-8+,2,426317.37344,426342.07232,24.698879999981727,426317.37344,426342.07232,24.698879999981727,3,3.744930140765069,RankSurprise
microGPi1_R_7-8+,2,427342.68416,427533.39392,190.7097599999979,427342.68416,427533.39392,190.7097599999979,9,7.748874021505388,RankSurprise
microGPi1_R_7-8+,2,429803.56096,429859.38944,55.82848000002559,429803.56096,429859.38944,55.82848000002559,4,4.131185957450498,RankSurprise
microGPi1_R_7-8+,2,430290.04288,430570.0864,280.04351999994833,430290.04288,430570.0864,280.04351999994833,9,5.193781151821698,RankSurprise
microGPi1_R_7-8+,2,432167.19872,432239.0016,71.80288000003202,432167.19872,432239.0016,71.80288000003202,5,5.064083711932394,RankSurprise
microGPi1_R_7-8+,2,438660.58752,438832.70144,172.1139199999743,438660.58752,438832.70144,172.1139199999743,7,4.643169580316897,RankSurprise
microGPi1_R_7-8+,2,447135.86688,447173.30432,37.43744000000879,447135.86688,447173.30432,37.43744000000879,4,5.12410152010948,RankSurprise
microGPi1_R_7-8+,2,447684.89472,447805.97248,121.07776000001468,447684.89472,447805.97248,121.07776000001468,6,6.07281232432932,RankSurprise
microGPi1_R_7-8+,2,448145.2032,448357.82656,212.62336000002688,448145.2032,448357.82656,212.62336000002688,8,5.1444145875547305,RankSurprise
microGPi1_R_7-8+,2,449520.72192,449542.18496,21.463040000002366,449520.72192,449542.18496,21.463040000002366,3,4.287691810840306,RankSurprise
microGPi1_R_7-8+,2,459208.45824,459325.19424,116.73599999997532,459208.45824,459325.19424,116.73599999997532,6,5.084777328690272,RankSurprise
microGPi1_R_7-8+,2,471316.19328,471430.92224,114.72895999997854,471316.19328,471430.92224,114.72895999997854,5,3.6974419082605046,RankSurprise
microGPi1_R_7-8+,2,475799.59296,475921.89952,122.30655999999726,475799.59296,475921.89952,122.30655999999726,6,4.813213078826756,RankSurprise
microGPi1_R_7-8+,2,477783.49056,477816.832,33.341439999989234,477783.49056,477816.832,33.341439999989234,4,5.598821349966435,RankSurprise
microGPi1_R_7-8+,2,480318.30016,480653.23008,334.92992000002414,480318.30016,480653.23008,334.92992000002414,11,6.278776826176956,RankSurprise
microGPi1_R_7-8+,2,481070.57152,481094.28736,23.715840000018943,481070.57152,481094.28736,23.715840000018943,3,3.977022664795962,RankSurprise
microGPi1_R_7-8+,2,481668.99712,481677.47584,8.478720000013709,481668.99712,481677.47584,8.478720000013709,3,6.426090905273982,RankSurprise
microGPi1_R_7-8+,2,482929.74592,483177.18528,247.4393599999603,482929.74592,483177.18528,247.4393599999603,8,4.102950955697275,RankSurprise
microGPi1_R_7-8+,2,484502.97856,484521.28768,18.3091199999908,484502.97856,484521.28768,18.3091199999908,5,12.346112563914012,RankSurprise
microGPi1_R_7-8+,2,489993.13408,490020.41344,27.2793599999859,489993.13408,490020.41344,27.2793599999859,3,3.6255160809425373,RankSurprise
microGPi1_R_7-8+,2,491550.5152,491585.7408,35.225600000005215,491550.5152,491585.7408,35.225600000005215,4,5.476198883411563,RankSurprise
microGPi1_R_7-8+,2,494368.31744,494418.16576,49.84831999999005,494368.31744,494418.16576,49.84831999999005,5,6.5437366649866995,RankSurprise
microGPi1_R_7-8+,2,496151.51104,496175.63648,24.125439999974333,496151.51104,496175.63648,24.125439999974333,3,3.836325369616704,RankSurprise
microGPi1_R_7-8+,2,500265.45152,500288.55296,23.101439999998547,500265.45152,500288.55296,23.101439999998547,4,7.1620953839415655,RankSurprise
microGPi1_R_7-8+,2,501391.60576,501398.9376,7.33183999999892,501391.60576,501398.9376,7.33183999999892,3,8.286250714826734,RankSurprise
microGPi1_R_7-8+,2,504423.424,504836.096,412.6720000000205,504423.424,504836.096,412.6720000000205,12,5.930904375543892,RankSurprise
microGPi1_R_7-8+,2,513801.50272,513926.63552,125.13280000002123,513801.50272,513926.63552,125.13280000002123,5,3.5993331102694377,RankSurprise
microGPi1_R_7-8+,2,538023.77216,538043.63776,19.86559999990277,538023.77216,538043.63776,19.86559999990277,3,4.477759519199159,RankSurprise
microGPi1_R_7-8+,2,555784.88832,555843.50208,58.613759999978356,555784.88832,555843.50208,58.613759999978356,4,4.050739488521714,RankSurprise
microGPi1_R_7-8+,2,565755.0848,565766.7584,11.673600000096485,565755.0848,565766.7584,11.673600000096485,3,6.525121304268527,RankSurprise
microGPi1_R_7-8+,2,566529.51552,566695.36256,165.8470400000224,566529.51552,566695.36256,165.8470400000224,6,3.575578552980011,RankSurprise
microGPi1_R_7-8+,2,567514.56256,569145.83552,1631.272959999973,567514.56256,569145.83552,1631.272959999973,36,11.079188755031828,RankSurprise
microGPi1_R_7-8+,2,570591.35488,570743.76704,152.41215999994893,570591.35488,570743.76704,152.41215999994893,7,5.644984359455779,RankSurprise
microGPi1_R_7-8+,2,571268.46464,571416.86272,148.39807999995537,571268.46464,571416.86272,148.39807999995537,7,5.679890816101895,RankSurprise
microGPi1_R_7-8+,2,573499.06432,573717.7088,218.6444800000172,573499.06432,573717.7088,218.6444800000172,8,5.728032807027588,RankSurprise
microGPi1_R_7-8+,2,577744.32256,577760.13312,15.810560000012629,577744.32256,577760.13312,15.810560000012629,4,8.725468450942302,RankSurprise
microGPi1_R_7-8+,2,578347.6224,578607.55456,259.93215999996755,578347.6224,578607.55456,259.93215999996755,9,5.492368360047498,RankSurprise
microGPi1_R_7-8+,2,581954.80576,584089.55904,2134.7532799999462,581954.80576,584089.55904,2134.7532799999462,41,7.823995364404068,RankSurprise
microGPi1_R_7-8+,2,584287.31392,584941.93664,654.6227199999848,584287.31392,584941.93664,654.6227199999848,21,12.561765869530666,RankSurprise
microGPi1_R_7-8+,2,585529.46688,585694.57664,165.1097600000212,585529.46688,585694.57664,165.1097600000212,6,3.6844956506624937,RankSurprise
microGPi1_R_7-8+,2,593349.4272,593464.60672,115.17952000000514,593349.4272,593464.60672,115.17952000000514,5,3.5258995331613967,RankSurprise
microGPi1_R_7-8+,2,595824.92672,595975.61856,150.69183999998495,595824.92672,595975.61856,150.69183999998495,8,7.389722032554356,RankSurprise
microGPi1_R_7-8+,2,596987.0848,596993.6384,6.553600000101142,596987.0848,596993.6384,6.553600000101142,3,8.528977005579044,RankSurprise
microGPi1_R_7-8+,2,597243.4944,597261.39392,17.8995199999772,597243.4944,597261.39392,17.8995199999772,3,4.557125201703686,RankSurprise
microGPi1_R_7-8+,2,603060.06016,603222.17984,162.11968000000343,603060.06016,603222.17984,162.11968000000343,6,3.757353928868929,RankSurprise
microGPi1_R_7-8+,2,605598.9248,605649.96096,51.036160000017844,605598.9248,605649.96096,51.036160000017844,4,4.353878857786704,RankSurprise
microGPi1_R_7-8+,2,610204.13952,610253.6192,49.47967999998946,610204.13952,610253.6192,49.47967999998946,4,4.220018253270592,RankSurprise
microGPi1_R_7-8+,2,636687.81056,636742.12352,54.31296000001021,636687.81056,636742.12352,54.31296000001021,4,4.288728322712629,RankSurprise
microGPi1_R_7-8+,3,16886.04672,17388.66688,502.6201600000022,16886.04672,17388.66688,502.6201600000022,10,3.5103211339001317,RankSurprise
microGPi1_R_7-8+,3,23260.89728,23280.76288,19.865599999997357,23260.89728,23280.76288,19.865599999997357,3,3.9939146094713482,RankSurprise
microGPi1_R_7-8+,3,27624.07936,27936.31744,312.2380799999992,27624.07936,27936.31744,312.2380799999992,9,4.163243706853842,RankSurprise
microGPi1_R_7-8+,3,28753.22368,28796.76416,43.54047999999966,28753.22368,28796.76416,43.54047999999966,4,4.728508056407161,RankSurprise
microGPi1_R_7-8+,3,29971.78368,29978.46016,6.676479999998264,29971.78368,29978.46016,6.676479999998264,3,8.298654553173973,RankSurprise
microGPi1_R_7-8+,3,31930.94144,32004.34176,73.40032000000065,31930.94144,32004.34176,73.40032000000065,4,3.6401903509570097,RankSurprise
microGPi1_R_7-8+,3,38398.1568,38506.33216,108.17536000000109,38398.1568,38506.33216,108.17536000000109,6,5.098580516280762,RankSurprise
microGPi1_R_7-8+,3,40621.58848,40934.93248,313.3440000000046,40621.58848,40934.93248,313.3440000000046,8,3.9732524244308856,RankSurprise
microGPi1_R_7-8+,3,44283.98592,44583.40352,299.4176000000007,44283.98592,44583.40352,299.4176000000007,8,4.259856504445184,RankSurprise
microGPi1_R_7-8+,3,46239.17056,46778.28608,539.1155199999994,46239.17056,46778.28608,539.1155199999994,16,7.847539314246026,RankSurprise
microGPi1_R_7-8+,3,48819.11808,49030.63552,211.51744000000326,48819.11808,49030.63552,211.51744000000326,7,4.2264078917868755,RankSurprise
microGPi1_R_7-8+,3,50848.52224,50879.97952,31.457280000002356,50848.52224,50879.97952,31.457280000002356,3,3.5122317575808317,RankSurprise
microGPi1_R_7-8+,3,58840.22784,59061.73952,221.51168000000325,58840.22784,59061.73952,221.51168000000325,9,6.223818193535083,RankSurprise
microGPi1_R_7-8+,3,63022.03904,63140.70016,118.66111999999703,63022.03904,63140.70016,118.66111999999703,5,4.2780394953164596,RankSurprise
microGPi1_R_7-8+,3,63889.48992,63900.4672,10.977279999999155,63889.48992,63900.4672,10.977279999999155,3,5.343638363156018,RankSurprise
microGPi1_R_7-8+,3,64824.27904,64845.824,21.544959999999264,64824.27904,64845.824,21.544959999999264,3,3.615189768895741,RankSurprise
microGPi1_R_7-8+,3,65311.82592,65487.74912,175.92319999999745,65311.82592,65487.74912,175.92319999999745,6,3.777686041707507,RankSurprise
microGPi1_R_7-8+,3,72618.84416,72726.07744,107.23328000000038,72618.84416,72726.07744,107.23328000000038,6,5.064055599653557,RankSurprise
microGPi1_R_7-8+,3,82910.86336,82958.336,47.47263999999268,82910.86336,82958.336,47.47263999999268,4,4.547533738638144,RankSurprise
microGPi1_R_7-8+,3,84462.22336,84472.91392,10.690560000002733,84462.22336,84472.91392,10.690560000002733,3,5.444061164240116,RankSurprise
microGPi1_R_7-8+,3,103777.77152,104065.10592,287.334400000007,103777.77152,104065.10592,287.334400000007,7,3.545708075524465,RankSurprise
microGPi1_R_7-8+,3,106041.83552,106050.51904,8.683520000005956,106041.83552,106050.51904,8.683520000005956,3,7.445249322945253,RankSurprise
microGPi1_R_7-8+,3,107029.13536,107052.93312,23.79776000000129,107029.13536,107052.93312,23.79776000000129,3,3.9156650017640082,RankSurprise
microGPi1_R_7-8+,3,109562.55232,109672.448,109.89568000000145,109562.55232,109672.448,109.89568000000145,5,3.917617648753602,RankSurprise
microGPi1_R_7-8+,3,110747.89376,110803.5584,55.66463999998814,110747.89376,110803.5584,55.66463999998814,4,4.099098430306459,RankSurprise
microGPi1_R_7-8+,3,117027.10272,117034.31168,7.208960000003572,117027.10272,117034.31168,7.208960000003572,3,8.165823376170755,RankSurprise
microGPi1_R_7-8+,3,117802.06592,117858.67264,56.60672000001068,117802.06592,117858.67264,56.60672000001068,4,3.9955348358103073,RankSurprise
microGPi1_R_7-8+,3,136923.25888,137186.38592,263.1270399999921,136923.25888,137186.38592,263.1270399999921,8,4.3821921221470435,RankSurprise
microGPi1_R_7-8+,3,137978.63424,138250.81344,272.1791999999841,137978.63424,138250.81344,272.1791999999841,8,4.2521695624903995,RankSurprise
microGPi1_R_7-8+,3,138872.4224,138878.60736,6.18495999998413,138872.4224,138878.60736,6.18495999998413,3,8.422590431056532,RankSurprise
microGPi1_R_7-8+,3,139106.05824,139547.48416,441.42591999997967,139106.05824,139547.48416,441.42591999997967,9,3.6859481235291294,RankSurprise
microGPi1_R_7-8+,3,140537.11872,140894.6176,357.4988799999992,140537.11872,140894.6176,357.4988799999992,11,7.098682573730812,RankSurprise
microGPi1_R_7-8+,3,144074.83392,144118.49728,43.66336000000592,144074.83392,144118.49728,43.66336000000592,5,6.117219654757498,RankSurprise
microGPi1_R_7-8+,3,144422.54336,144489.51296,66.96959999998217,144422.54336,144489.51296,66.96959999998217,4,3.8176791407292505,RankSurprise
microGPi1_R_7-8+,3,146867.52768,146951.53664,84.00896000000648,146867.52768,146951.53664,84.00896000000648,6,6.116674006146354,RankSurprise
microGPi1_R_7-8+,3,147394.43712,147410.1248,15.687680000002729,147394.43712,147410.1248,15.687680000002729,4,8.033535383593623,RankSurprise
microGPi1_R_7-8+,3,148699.91424,149024.768,324.85375999999815,148699.91424,149024.768,324.85375999999815,10,6.193360796468462,RankSurprise
microGPi1_R_7-8+,3,149837.53728,149954.88768,117.35040000002482,149837.53728,149954.88768,117.35040000002482,6,5.212983125716441,RankSurprise
microGPi1_R_7-8+,3,153717.1456,153794.92864,77.78304000000935,153717.1456,153794.92864,77.78304000000935,4,3.515172251699635,RankSurprise
microGPi1_R_7-8+,3,154837.6064,154844.3648,6.758400000020629,154837.6064,154844.3648,6.758400000020629,3,8.07168690542136,RankSurprise
microGPi1_R_7-8+,3,159905.91488,159928.1152,22.200320000003558,159905.91488,159928.1152,22.200320000003558,3,3.8663967485329085,RankSurprise
microGPi1_R_7-8+,3,162246.94272,162278.93248,31.98975999999675,162246.94272,162278.93248,31.98975999999675,4,5.295724534005224,RankSurprise
microGPi1_R_7-8+,3,163105.792,163177.84064,72.04864000002271,163105.792,163177.84064,72.04864000002271,5,5.118888655000351,RankSurprise
microGPi1_R_7-8+,3,168013.90592,168166.48192,152.57600000000093,168013.90592,168166.48192,152.57600000000093,6,4.61249781202041,RankSurprise
microGPi1_R_7-8+,3,169718.70208,169774.61248,55.91040000002249,169718.70208,169774.61248,55.91040000002249,4,4.692033436727048,RankSurprise
microGPi1_R_7-8+,3,170800.49664,170851.57376,51.07712000000174,170800.49664,170851.57376,51.07712000000174,4,4.39322200224294,RankSurprise
microGPi1_R_7-8+,3,172256.62464,172317.4912,60.866559999994934,172256.62464,172317.4912,60.866559999994934,4,3.8052894091709426,RankSurprise
microGPi1_R_7-8+,3,177464.60672,177534.89408,70.28735999998753,177464.60672,177534.89408,70.28735999998753,4,3.5223236263183573,RankSurprise
microGPi1_R_7-8+,3,185590.33344,185733.36576,143.03231999999844,185590.33344,185733.36576,143.03231999999844,6,4.33732139239578,RankSurprise
microGPi1_R_7-8+,3,186823.72096,186841.78432,18.063360000000102,186823.72096,186841.78432,18.063360000000102,3,4.299391785402809,RankSurprise
microGPi1_R_7-8+,3,187931.15648,188002.26304,71.10655999998562,187931.15648,188002.26304,71.10655999998562,4,3.769534792700096,RankSurprise
microGPi1_R_7-8+,3,189969.89952,190069.22752,99.32799999997951,189969.89952,190069.22752,99.32799999997951,5,4.161758006116219,RankSurprise
microGPi1_R_7-8+,3,194708.31616,194890.21952,181.9033600000257,194708.31616,194890.21952,181.9033600000257,7,5.093073671046179,RankSurprise
microGPi1_R_7-8+,3,205066.6496,205959.45472,892.8051200000045,205066.6496,205959.45472,892.8051200000045,22,7.995536995413663,RankSurprise
microGPi1_R_7-8+,3,211893.08416,212460.21632,567.1321600000083,211893.08416,212460.21632,567.1321600000083,12,3.631766785945579,RankSurprise
microGPi1_R_7-8+,3,222242.816,222253.09696,10.280960000003688,222242.816,222253.09696,10.280960000003688,3,6.017367457858862,RankSurprise
microGPi1_R_7-8+,3,224236.87168,224409.84576,172.9740799999854,224236.87168,224409.84576,172.9740799999854,9,8.003676718822502,RankSurprise
microGPi1_R_7-8+,3,227093.95456,227110.13376,16.17919999998412,227093.95456,227110.13376,16.17919999998412,3,4.416650284801003,RankSurprise
microGPi1_R_7-8+,3,233980.80512,234005.74976,24.944640000001527,233980.80512,234005.74976,24.944640000001527,3,3.823802536940173,RankSurprise
microGPi1_R_7-8+,3,234474.45504,234637.18912,162.73407999999472,234474.45504,234637.18912,162.73407999999472,6,3.9433298865575424,RankSurprise
microGPi1_R_7-8+,3,238053.376,238063.98464,10.608640000020387,238053.376,238063.98464,10.608640000020387,3,5.93144805123096,RankSurprise
microGPi1_R_7-8+,3,241975.99232,242277.5808,301.5884800000058,241975.99232,242277.5808,301.5884800000058,8,3.888478165301253,RankSurprise
microGPi1_R_7-8+,3,243529.19552,243548.28288,19.087360000004992,243529.19552,243548.28288,19.087360000004992,3,3.7482879337623896,RankSurprise
microGPi1_R_7-8+,3,247333.43744,247407.8208,74.38335999997798,247333.43744,247407.8208,74.38335999997798,4,3.558338467433643,RankSurprise
microGPi1_R_7-8+,3,253522.3296,253768.00768,245.67808000001241,253522.3296,253768.00768,245.67808000001241,7,3.997128693337681,RankSurprise
microGPi1_R_7-8+,3,255388.99968,255431.59808,42.59839999998803,255388.99968,255431.59808,42.59839999998803,6,8.779818358773724,RankSurprise
microGPi1_R_7-8+,3,256207.70816,256434.33984,226.63167999999132,256207.70816,256434.33984,226.63167999999132,7,4.2225900700585335,RankSurprise
microGPi1_R_7-8+,3,260921.71264,261049.87648,128.1638399999938,260921.71264,261049.87648,128.1638399999938,5,3.528885836168154,RankSurprise
microGPi1_R_7-8+,3,263811.85024,263874.84672,62.99647999997251,263811.85024,263874.84672,62.99647999997251,5,5.244017357010772,RankSurprise
microGPi1_R_7-8+,3,279656.89856,279666.85184,9.953280000016093,279656.89856,279666.85184,9.953280000016093,3,6.357471148517321,RankSurprise
microGPi1_R_7-8+,3,282622.48448,283194.90048,572.4160000000265,282622.48448,283194.90048,572.4160000000265,12,3.805633901558234,RankSurprise
microGPi1_R_7-8+,3,283888.4352,283916.04224,27.607039999973495,283888.4352,283916.04224,27.607039999973495,4,5.385731308364679,RankSurprise
microGPi1_R_7-8+,3,291303.38304,291363.51232,60.12927999999374,291303.38304,291363.51232,60.12927999999374,4,4.160465636693079,RankSurprise
microGPi1_R_7-8+,3,303116.61568,303126.65088,10.035199999983888,303116.61568,303126.65088,10.035199999983888,3,6.621285340477879,RankSurprise
microGPi1_R_7-8+,3,304829.6448,304841.48224,11.837439999973867,304829.6448,304841.48224,11.837439999973867,3,6.171289853242714,RankSurprise
microGPi1_R_7-8+,3,305318.95296,305581.99808,263.0451199999661,305318.95296,305581.99808,263.0451199999661,8,4.254963557595356,RankSurprise
microGPi1_R_7-8+,3,305777.33632,306159.37024,382.0339200000162,305777.33632,306159.37024,382.0339200000162,9,3.644334417424253,RankSurprise
microGPi1_R_7-8+,3,306913.03424,307512.68864,599.6543999999994,306913.03424,307512.68864,599.6543999999994,12,4.008343005026736,RankSurprise
microGPi1_R_7-8+,3,309725.88032,309783.51104,57.63072000001557,309725.88032,309783.51104,57.63072000001557,4,4.302979495784911,RankSurprise
microGPi1_R_7-8+,3,312301.07648,312316.76416,15.687680000031833,312301.07648,312316.76416,15.687680000031833,3,4.210740881282161,RankSurprise
microGPi1_R_7-8+,3,315410.18624,315670.65088,260.46463999996195,315410.18624,315670.65088,260.46463999996195,8,4.0945805928107495,RankSurprise
microGPi1_R_7-8+,3,316288.69632,316337.19296,48.49664000002667,316288.69632,316337.19296,48.49664000002667,4,4.605675102387156,RankSurprise
microGPi1_R_7-8+,3,319272.5504,319304.37632,31.82591999997385,319272.5504,319304.37632,31.82591999997385,4,5.144431936746731,RankSurprise
microGPi1_R_7-8+,3,321818.74688,321878.09792,59.35103999997955,321818.74688,321878.09792,59.35103999997955,5,5.673241793278105,RankSurprise
microGPi1_R_7-8+,3,322052.38272,322094.08,41.69728000002215,322052.38272,322094.08,41.69728000002215,4,4.378218559038078,RankSurprise
microGPi1_R_7-8+,3,324074.61888,324133.80608,59.18719999998575,324074.61888,324133.80608,59.18719999998575,4,4.079328999033592,RankSurprise
microGPi1_R_7-8+,3,326678.97856,326769.90976,90.9311999999918,326678.97856,326769.90976,90.9311999999918,5,4.220967183469622,RankSurprise
microGPi1_R_7-8+,3,328165.86752,328225.34144,59.473919999960344,328165.86752,328225.34144,59.473919999960344,5,5.6646749494457715,RankSurprise
microGPi1_R_7-8+,3,333810.85184,334177.23904,366.3871999999974,333810.85184,334177.23904,366.3871999999974,9,3.5922289507349605,RankSurprise
microGPi1_R_7-8+,3,338294.86592,338430.85312,135.9871999999741,338294.86592,338430.85312,135.9871999999741,6,5.276985683989473,RankSurprise
microGPi1_R_7-8+,3,340457.71776,340502.20032,44.48255999997491,340457.71776,340502.20032,44.48255999997491,4,4.653013370373202,RankSurprise
microGPi1_R_7-8+,3,343735.296,343786.94656,51.65056000003824,343735.296,343786.94656,51.65056000003824,4,4.723924403080392,RankSurprise
microGPi1_R_7-8+,3,344732.4672,344871.56736,139.10015999997267,344732.4672,344871.56736,139.10015999997267,6,4.528155447765956,RankSurprise
microGPi1_R_7-8+,3,346111.75424,346163.15904,51.40480000001844,346111.75424,346163.15904,51.40480000001844,4,4.245159038929742,RankSurprise
microGPi1_R_7-8+,3,348400.10752,348517.53984,117.43231999996351,348400.10752,348517.53984,117.43231999996351,5,3.7630570644742214,RankSurprise
microGPi1_R_7-8+,3,349453.63968,349466.66496,13.025280000001658,349453.63968,349466.66496,13.025280000001658,3,5.10394097758485,RankSurprise
microGPi1_R_7-8+,3,350014.464,350748.0576,733.593600000022,350014.464,350748.0576,733.593600000022,16,5.157513788409399,RankSurprise
microGPi1_R_7-8+,3,351850.78272,351873.8432,23.060479999985546,351850.78272,351873.8432,23.060479999985546,3,3.5711063442044093,RankSurprise
microGPi1_R_7-8+,3,352333.6192,352638.1568,304.53759999998147,352333.6192,352638.1568,304.53759999998147,9,4.294283277126234,RankSurprise
microGPi1_R_7-8+,3,360241.43872,360550.89152,309.4528000000282,360241.43872,360550.89152,309.4528000000282,9,4.429074488624722,RankSurprise
microGPi1_R_7-8+,3,361207.76704,361219.39968,11.632639999967068,361207.76704,361219.39968,11.632639999967068,3,5.244286423498426,RankSurprise
microGPi1_R_7-8+,3,362936.97536,362982.03136,45.05600000004051,362936.97536,362982.03136,45.05600000004051,4,4.170605064535071,RankSurprise
microGPi1_R_7-8+,3,364143.37024,364170.28096,26.910719999985304,364143.37024,364170.28096,26.910719999985304,3,3.6687270610810128,RankSurprise
microGPi1_R_7-8+,3,367367.33184,367379.61984,12.288000000000466,367367.33184,367379.61984,12.288000000000466,3,4.774650263579002,RankSurprise
microGPi1_R_7-8+,3,376304.8448,376318.23872,13.393920000002254,376304.8448,376318.23872,13.393920000002254,3,5.005616023112436,RankSurprise
microGPi1_R_7-8+,3,396726.39488,396744.58112,18.186240000010002,396726.39488,396744.58112,18.186240000010002,3,3.7983128830439608,RankSurprise
microGPi1_R_7-8+,3,408274.61632,408375.00928,100.3929600000265,408274.61632,408375.00928,100.3929600000265,4,3.557303449228428,RankSurprise
microGPi1_R_7-8+,3,412242.90304,412256.4608,13.557759999996051,412242.90304,412256.4608,13.557759999996051,3,4.702283431109386,RankSurprise
microGPi1_R_7-8+,3,414509.34272,414519.66464,10.321919999958482,414509.34272,414519.66464,10.321919999958482,3,5.952584348240189,RankSurprise
microGPi1_R_7-8+,3,420112.1792,420165.79584,53.61663999996381,420112.1792,420165.79584,53.61663999996381,4,4.289740284583228,RankSurprise
microGPi1_R_7-8+,3,423131.29984,423142.8096,11.509759999986272,423131.29984,423142.8096,11.509759999986272,3,4.877469636177967,RankSurprise
microGPi1_R_7-8+,3,426814.09536,426832.40448,18.309120000049006,426814.09536,426832.40448,18.309120000049006,3,4.132256673311813,RankSurprise
microGPi1_R_7-8+,3,428247.2448,428492.96384,245.7190399999963,428247.2448,428492.96384,245.7190399999963,9,6.3021370163523205,RankSurprise
microGPi1_R_7-8+,3,429373.48096,429536.0512,162.57023999997182,429373.48096,429536.0512,162.57023999997182,7,4.97530242940344,RankSurprise
microGPi1_R_7-8+,3,434563.64544,434937.36448,373.7190399999963,434563.64544,434937.36448,373.7190399999963,9,3.9833628876931435,RankSurprise
microGPi1_R_7-8+,3,439868.70272,439885.57824,16.875520000001416,439868.70272,439885.57824,16.875520000001416,3,4.304045657605876,RankSurprise
microGPi1_R_7-8+,3,440166.15424,440173.52704,7.372800000011921,440166.15424,440173.52704,7.372800000011921,3,7.840379470591021,RankSurprise
microGPi1_R_7-8+,3,440569.81504,440587.42784,17.612800000002608,440569.81504,440587.42784,17.612800000002608,3,4.33929922648028,RankSurprise
microGPi1_R_7-8+,3,442903.67488,442969.21088,65.53600000002189,442903.67488,442969.21088,65.53600000002189,4,3.867756180801475,RankSurprise
microGPi1_R_7-8+,3,446046.08512,446064.35328,18.268159999977797,446046.08512,446064.35328,18.268159999977797,3,4.195236922919976,RankSurprise
microGPi1_R_7-8+,3,447734.12864,447782.17472,48.046080000000075,447734.12864,447782.17472,48.046080000000075,4,4.494738075600608,RankSurprise
microGPi1_R_7-8+,3,451579.53536,451662.97088,83.43551999999909,451579.53536,451662.97088,83.43551999999909,5,4.310440636979774,RankSurprise
microGPi1_R_7-8+,3,453991.71072,454003.79392,12.083200000051875,453991.71072,454003.79392,12.083200000051875,3,5.13899886972847,RankSurprise
microGPi1_R_7-8+,3,457319.58784,457337.07776,17.48992000002181,457319.58784,457337.07776,17.48992000002181,3,4.1580773729335565,RankSurprise
microGPi1_R_7-8+,3,457588.1216,457710.14144,122.01983999996446,457588.1216,457710.14144,122.01983999996446,5,3.653736742717701,RankSurprise
microGPi1_R_7-8+,3,459047.64928,459130.10176,82.4524799999781,459047.64928,459130.10176,82.4524799999781,5,4.777952653738584,RankSurprise
microGPi1_R_7-8+,3,459901.87008,460228.93568,327.0655999999726,459901.87008,460228.93568,327.0655999999726,8,4.195207719491099,RankSurprise
microGPi1_R_7-8+,3,462856.35584,462919.4752,63.11936000001151,462856.35584,462919.4752,63.11936000001151,5,5.373187110608253,RankSurprise
microGPi1_R_7-8+,3,466161.33632,466574.5408,413.2044800000149,466161.33632,466574.5408,413.2044800000149,10,4.343977728072227,RankSurprise
microGPi1_R_7-8+,3,471081.69728,471338.31168,256.6143999999622,471081.69728,471338.31168,256.6143999999622,8,4.735524550773358,RankSurprise
microGPi1_R_7-8+,3,473342.73024,473356.20608,13.475839999970049,473342.73024,473356.20608,13.475839999970049,3,4.6909439194878,RankSurprise
microGPi1_R_7-8+,3,477102.73536,477342.02368,239.28831999999238,477102.73536,477342.02368,239.28831999999238,7,3.7730561774231677,RankSurprise
microGPi1_R_7-8+,3,478760.22272,478868.72576,108.50303999998141,478760.22272,478868.72576,108.50303999998141,5,3.725112811164646,RankSurprise
microGPi1_R_7-8+,3,480663.63392,480676.2496,12.61567999998806,480663.63392,480676.2496,12.61567999998806,3,4.9825894373941715,RankSurprise
microGPi1_R_7-8+,3,482492.08832,482595.4304,103.34208000003127,482492.08832,482595.4304,103.34208000003127,5,4.164697741892876,RankSurprise
microGPi1_R_7-8+,3,485145.06752,485167.80032,22.73279999999795,485145.06752,485167.80032,22.73279999999795,3,3.9819802100931714,RankSurprise
microGPi1_R_7-8+,3,489020.70272,489064.6528,43.95007999998052,489020.70272,489064.6528,43.95007999998052,4,4.670959588379059,RankSurprise
microGPi1_R_7-8+,3,491171.2256,491190.80448,19.578879999986384,491171.2256,491190.80448,19.578879999986384,3,4.210740881282161,RankSurprise
microGPi1_R_7-8+,3,505225.91232,505237.58592,11.67359999998007,505225.91232,505237.58592,11.67359999998007,3,5.5411267339101204,RankSurprise
microGPi1_R_7-8+,3,507423.70304,507447.5008,23.797759999986738,507423.70304,507447.5008,23.797759999986738,3,3.5138003853534574,RankSurprise
microGPi1_R_7-8+,3,511679.77472,511743.75424,63.9795199999935,511679.77472,511743.75424,63.9795199999935,4,4.002729084628509,RankSurprise
microGPi1_R_7-8+,3,519409.00864,519431.45472,22.44607999996515,519409.00864,519431.45472,22.44607999996515,3,3.9939146094713482,RankSurprise
microGPi1_R_7-8+,3,540350.30016,540361.68704,11.386880000005476,540350.30016,540361.68704,11.386880000005476,3,5.528195639365093,RankSurprise
microGPi1_R_7-8+,3,563020.75904,563345.8176,325.05855999991763,563020.75904,563345.8176,325.05855999991763,8,4.174517304538335,RankSurprise
microGPi1_R_7-8+,3,568627.32288,569724.55936,1097.2364799999632,568627.32288,569724.55936,1097.2364799999632,21,5.228923422142967,RankSurprise
microGPi1_R_7-8+,3,575273.69728,575287.54176,13.84448000008706,575273.69728,575287.54176,13.84448000008706,3,4.899310740161139,RankSurprise
microGPi1_R_7-8+,3,579242.47552,579594.97728,352.50176000001375,579242.47552,579594.97728,352.50176000001375,9,3.950288584659484,RankSurprise
microGPi1_R_7-8+,3,583825.28512,583896.39168,71.10655999998562,583825.28512,583896.39168,71.10655999998562,5,5.857518605816935,RankSurprise
microGPi1_R_7-8+,3,584263.55712,584624.41472,360.85759999998845,584263.55712,584624.41472,360.85759999998845,12,6.70248868754658,RankSurprise
microGPi1_R_7-8+,3,586278.21568,586463.60064,185.38495999993756,586278.21568,586463.60064,185.38495999993756,6,4.300714661467499,RankSurprise
microGPi1_R_7-8+,3,587521.35168,587766.49728,245.14560000004712,587521.35168,587766.49728,245.14560000004712,7,3.8312896375836316,RankSurprise
microGPi1_R_7-8+,3,593977.38496,594218.72128,241.33632000000216,593977.38496,594218.72128,241.33632000000216,7,3.5763675349313107,RankSurprise
microGPi1_R_7-8+,3,595681.81248,595804.40576,122.59328000003006,595681.81248,595804.40576,122.59328000003006,6,4.5683153849279625,RankSurprise
microGPi1_R_7-8+,3,596819.43552,596905.12384,85.68831999995746,596819.43552,596905.12384,85.68831999995746,5,4.650868575954686,RankSurprise
microGPi1_R_7-8+,3,600134.0416,600149.36064,15.319039999973029,600134.0416,600149.36064,15.319039999973029,3,4.549098468402086,RankSurprise
microGPi1_R_7-8+,3,611511.62368,611519.03744,7.413760000024922,611511.62368,611519.03744,7.413760000024922,3,8.07168690542136,RankSurprise
microGPi1_R_7-8+,3,613721.57952,613811.2,89.62047999992501,613721.57952,613811.2,89.62047999992501,6,7.040036930815454,RankSurprise
microGPi1_R_7-8+,3,630366.45376,630378.98752,12.533760000020266,630366.45376,630378.98752,12.533760000020266,3,5.032260898620141,RankSurprise
microGPi1_R_7-8+,3,638134.35392,638186.45504,52.10112000000663,638134.35392,638186.45504,52.10112000000663,4,4.3043066359929725,RankSurprise
microGPi1_R_7-8+,3,640325.75488,640356.72064,30.965759999933653,640325.75488,640356.72064,30.965759999933653,3,3.5138003853534574,RankSurprise
microGPi1_R_7-8+,4,14482.35008,15187.39456,705.0444800000005,14482.35008,15187.39456,705.0444800000005,11,4.368503844217355,RankSurprise
microGPi1_R_7-8+,4,15734.62016,15893.79072,159.17056000000048,15734.62016,15893.79072,159.17056000000048,5,4.322724799316784,RankSurprise
microGPi1_R_7-8+,4,17499.83232,17801.78944,301.9571199999991,17499.83232,17801.78944,301.9571199999991,6,3.5442421815172613,RankSurprise
microGPi1_R_7-8+,4,20730.88,21146.70592,415.8259199999993,20730.88,21146.70592,415.8259199999993,8,4.739549666902439,RankSurprise
microGPi1_R_7-8+,4,28703.49824,29352.46848,648.9702399999987,28703.49824,29352.46848,648.9702399999987,11,5.348342761322128,RankSurprise
microGPi1_R_7-8+,4,41773.79328,42160.49664,386.7033599999995,41773.79328,42160.49664,386.7033599999995,9,6.034607008851736,RankSurprise
microGPi1_R_7-8+,4,44073.82016,44835.0208,761.2006399999955,44073.82016,44835.0208,761.2006399999955,12,4.862014123547472,RankSurprise
microGPi1_R_7-8+,4,46053.94944,46323.34336,269.39392000000225,46053.94944,46323.34336,269.39392000000225,9,6.867554882554579,RankSurprise
microGPi1_R_7-8+,4,47180.84096,47454.04416,273.2031999999963,47180.84096,47454.04416,273.2031999999963,6,3.7373342760020143,RankSurprise
microGPi1_R_7-8+,4,48164.57728,49079.00928,914.4320000000007,48164.57728,49079.00928,914.4320000000007,14,5.927593527299235,RankSurprise
microGPi1_R_7-8+,4,57346.62144,57442.05824,95.43679999999586,57346.62144,57442.05824,95.43679999999586,5,5.226530891375525,RankSurprise
microGPi1_R_7-8+,4,60178.59584,60194.07872,15.48287999999593,60178.59584,60194.07872,15.48287999999593,3,3.8418592275710974,RankSurprise
microGPi1_R_7-8+,4,71909.00736,71919.65696,10.649599999989732,71909.00736,71919.65696,10.649599999989732,3,4.301424899174135,RankSurprise
microGPi1_R_7-8+,4,78031.54432,78081.14688,49.60255999999936,78031.54432,78081.14688,49.60255999999936,3,3.5403941095815252,RankSurprise
microGPi1_R_7-8+,4,87977.69728,88234.1888,256.4915200000105,87977.69728,88234.1888,256.4915200000105,7,5.39303223676978,RankSurprise
microGPi1_R_7-8+,4,91008.36864,91314.42176,306.05311999999685,91008.36864,91314.42176,306.05311999999685,7,4.171585846885638,RankSurprise
microGPi1_R_7-8+,4,101544.38656,101558.55872,14.172160000001895,101544.38656,101558.55872,14.172160000001895,3,4.446269422419634,RankSurprise
microGPi1_R_7-8+,4,110123.04896,110133.90336,10.85439999999653,110123.04896,110133.90336,10.85439999999653,3,4.707103840722704,RankSurprise
microGPi1_R_7-8+,4,118786.90816,118837.53472,50.626559999989695,118786.90816,118837.53472,50.626559999989695,4,4.993604784436382,RankSurprise
microGPi1_R_7-8+,4,119951.03232,120323.52256,372.4902399999992,119951.03232,120323.52256,372.4902399999992,9,5.388278672517566,RankSurprise
microGPi1_R_7-8+,4,121841.82784,121851.16672,9.338879999995697,121841.82784,121851.16672,9.338879999995697,3,4.894741555505783,RankSurprise
microGPi1_R_7-8+,4,131284.95104,131295.35488,10.403839999984484,131284.95104,131295.35488,10.403839999984484,3,4.3911409989639605,RankSurprise
microGPi1_R_7-8+,4,139720.62208,139730.65728,10.035200000012992,139720.62208,139730.65728,10.035200000012992,3,4.502960596336306,RankSurprise
microGPi1_R_7-8+,4,141046.29248,141289.30816,243.01567999998224,141046.29248,141289.30816,243.01567999998224,7,5.241094831887239,RankSurprise
microGPi1_R_7-8+,4,141906.20672,142295.77728,389.57056000002194,141906.20672,142295.77728,389.57056000002194,8,4.4888170403235605,RankSurprise
microGPi1_R_7-8+,4,148778.76224,148800.22528,21.463040000002366,148778.76224,148800.22528,21.463040000002366,3,3.6476033892339235,RankSurprise
microGPi1_R_7-8+,4,150093.6192,150500.72064,407.10144000002765,150093.6192,150500.72064,407.10144000002765,8,4.82739431282273,RankSurprise
microGPi1_R_7-8+,4,151664.39424,151938.70336,274.3091200000199,151664.39424,151938.70336,274.3091200000199,7,4.4191030776666675,RankSurprise
microGPi1_R_7-8+,4,155597.4144,155610.03008,12.61567999998806,155597.4144,155610.03008,12.61567999998806,3,4.370853405605898,RankSurprise
microGPi1_R_7-8+,4,158294.67136,158318.63296,23.961599999980535,158294.67136,158318.63296,23.961599999980535,3,3.8187524141729625,RankSurprise
microGPi1_R_7-8+,4,162446.70464,162794.94656,348.2419200000004,162446.70464,162794.94656,348.2419200000004,7,3.9093508091112588,RankSurprise
microGPi1_R_7-8+,4,164393.7792,164419.42016,25.640960000018822,164393.7792,164419.42016,25.640960000018822,3,3.9864037812191224,RankSurprise
microGPi1_R_7-8+,4,166485.15584,166794.0352,308.8793600000208,166485.15584,166794.0352,308.8793600000208,7,5.0693318335251485,RankSurprise
microGPi1_R_7-8+,4,172397.07648,172606.62784,209.5513600000122,172397.07648,172606.62784,209.5513600000122,5,3.6061582223242716,RankSurprise
microGPi1_R_7-8+,4,176229.53984,176536.90368,307.36383999997634,176229.53984,176536.90368,307.36383999997634,7,4.596870292668371,RankSurprise
microGPi1_R_7-8+,4,180909.79328,180981.80096,72.00767999998061,180909.79328,180981.80096,72.00767999998061,4,4.224149329937777,RankSurprise
microGPi1_R_7-8+,4,181981.5936,181991.50592,9.912320000003092,181981.5936,181991.50592,9.912320000003092,3,4.763616235186154,RankSurprise
microGPi1_R_7-8+,4,193471.73376,194202.09152,730.3577599999844,193471.73376,194202.09152,730.3577599999844,12,5.198820019929157,RankSurprise
microGPi1_R_7-8+,4,216406.79424,216637.48096,230.68671999999788,216406.79424,216637.48096,230.68671999999788,6,4.222924312974654,RankSurprise
microGPi1_R_7-8+,4,228161.7408,228173.90592,12.165119999990566,228161.7408,228173.90592,12.165119999990566,3,3.9836298543363977,RankSurprise
microGPi1_R_7-8+,4,229451.03872,229810.70848,359.66975999998976,229451.03872,229810.70848,359.66975999998976,7,4.519643825617918,RankSurprise
microGPi1_R_7-8+,4,231129.25184,231471.55456,342.30271999997785,231129.25184,231471.55456,342.30271999997785,8,5.641312473885717,RankSurprise
microGPi1_R_7-8+,4,232340.76672,232351.00672,10.239999999990687,232340.76672,232351.00672,10.239999999990687,3,4.652144490524181,RankSurprise
microGPi1_R_7-8+,4,237454.9504,237638.41024,183.4598399999959,237454.9504,237638.41024,183.4598399999959,5,3.6964691126665663,RankSurprise
microGPi1_R_7-8+,4,238204.96896,238219.55072,14.58176000000094,238204.96896,238219.55072,14.58176000000094,3,4.272392112408344,RankSurprise
microGPi1_R_7-8+,4,240271.52384,240292.53632,21.01248000000487,240271.52384,240292.53632,21.01248000000487,3,3.578511867272569,RankSurprise
microGPi1_R_7-8+,4,242928.68096,243235.10272,306.42175999999745,242928.68096,243235.10272,306.42175999999745,7,4.6405078461582105,RankSurprise
microGPi1_R_7-8+,4,264853.05344,265640.5504,787.4969600000186,264853.05344,265640.5504,787.4969600000186,10,3.508657172252969,RankSurprise
microGPi1_R_7-8+,4,274070.56896,274081.25952,10.690560000017285,274070.56896,274081.25952,10.690560000017285,3,4.679435388245279,RankSurprise
microGPi1_R_7-8+,4,277509.77536,277554.3808,44.605439999955706,277509.77536,277554.3808,44.605439999955706,3,3.7460626808046857,RankSurprise
microGPi1_R_7-8+,4,290630.12352,291126.19008,496.06655999994837,290630.12352,291126.19008,496.06655999994837,8,3.623799564538909,RankSurprise
microGPi1_R_7-8+,4,310173.45024,310889.59488,716.1446400000132,310173.45024,310889.59488,716.1446400000132,10,3.539536006548299,RankSurprise
microGPi1_R_7-8+,4,311957.54496,312442.30656,484.7615999999689,311957.54496,312442.30656,484.7615999999689,8,3.5171011118280227,RankSurprise
microGPi1_R_7-8+,4,322341.19168,322543.8208,202.62911999999778,322341.19168,322543.8208,202.62911999999778,5,3.638435747157505,RankSurprise
microGPi1_R_7-8+,4,323538.28864,323722.81344,184.52480000001378,323538.28864,323722.81344,184.52480000001378,6,5.178131204589867,RankSurprise
microGPi1_R_7-8+,4,326674.30912,327404.87168,730.5625599999912,326674.30912,327404.87168,730.5625599999912,11,4.097665498572422,RankSurprise
microGPi1_R_7-8+,4,355185.09056,355211.22304,26.132480000029318,355185.09056,355211.22304,26.132480000029318,3,3.9048152722196825,RankSurprise
microGPi1_R_7-8+,4,355528.66304,355538.61632,9.953279999957886,355528.66304,355538.61632,9.953279999957886,3,4.9614144783913385,RankSurprise
microGPi1_R_7-8+,4,359015.71072,359498.50624,482.7955200000433,359015.71072,359498.50624,482.7955200000433,8,3.7320175070739166,RankSurprise
microGPi1_R_7-8+,4,360467.90656,360487.56736,19.660800000012387,360467.90656,360487.56736,19.660800000012387,3,3.6902337925786153,RankSurprise
microGPi1_R_7-8+,4,371661.29152,371953.29536,292.0038399999612,371661.29152,371953.29536,292.0038399999612,7,4.960863263182846,RankSurprise
microGPi1_R_7-8+,4,375782.64576,376251.22816,468.5824000000139,375782.64576,376251.22816,468.5824000000139,8,3.812073260365032,RankSurprise
microGPi1_R_7-8+,4,378018.2016,378067.72224,49.52064000000246,378018.2016,378067.72224,49.52064000000246,3,3.5359570570345635,RankSurprise
microGPi1_R_7-8+,4,379447.66464,379708.37504,260.71040000003995,379447.66464,379708.37504,260.71040000003995,6,3.8963412641486714,RankSurprise
microGPi1_R_7-8+,4,381587.456,382663.10656,1075.65055999998,381587.456,382663.10656,1075.65055999998,13,3.6233542878349283,RankSurprise
microGPi1_R_7-8+,4,392621.09696,392634.94144,13.844480000028852,392621.09696,392634.94144,13.844480000028852,3,3.910152169022476,RankSurprise
microGPi1_R_7-8+,4,406265.52832,406276.79232,11.26400000002468,406265.52832,406276.79232,11.26400000002468,3,4.868682524201683,RankSurprise
microGPi1_R_7-8+,4,417576.18176,417934.37696,358.1952000000165,417576.18176,417934.37696,358.1952000000165,7,4.065043891989895,RankSurprise
microGPi1_R_7-8+,4,427926.44608,428943.89248,1017.4463999999571,427926.44608,428943.89248,1017.4463999999571,15,5.6046615880650945,RankSurprise
microGPi1_R_7-8+,4,429783.94112,429788.48768,4.546560000046156,429783.94112,429788.48768,4.546560000046156,3,12.263492207927802,RankSurprise
microGPi1_R_7-8+,4,434556.80512,434970.50112,413.6959999999963,434556.80512,434970.50112,413.6959999999963,8,4.49594660475392,RankSurprise
microGPi1_R_7-8+,4,436175.95392,436186.5216,10.567679999978282,436175.95392,436186.5216,10.567679999978282,3,4.387745409962822,RankSurprise
microGPi1_R_7-8+,4,441466.6752,441699.61472,232.93952000001445,441466.6752,441699.61472,232.93952000001445,7,6.012355928419065,RankSurprise
microGPi1_R_7-8+,4,443834.94144,444012.42112,177.47967999998946,443834.94144,444012.42112,177.47967999998946,5,3.686738226402152,RankSurprise
microGPi1_R_7-8+,4,449017.61024,449027.60448,9.994239999970887,449017.61024,449027.60448,9.994239999970887,3,4.5576088502280445,RankSurprise
microGPi1_R_7-8+,4,457715.87584,457843.34336,127.4675200000056,457715.87584,457843.34336,127.4675200000056,5,4.009187650622625,RankSurprise
microGPi1_R_7-8+,4,458451.51744,458571.28448,119.76703999994788,458451.51744,458571.28448,119.76703999994788,5,4.9373104569450454,RankSurprise
microGPi1_R_7-8+,4,468853.1456,468864.32768,11.182079999998678,468853.1456,468864.32768,11.182079999998678,3,4.2062443099358,RankSurprise
microGPi1_R_7-8+,4,469334.54848,469609.2672,274.7187200000044,469334.54848,469609.2672,274.7187200000044,6,3.7937332101498695,RankSurprise
microGPi1_R_7-8+,4,475419.0336,475429.51936,10.485759999952279,475419.0336,475429.51936,10.485759999952279,3,4.453268560029565,RankSurprise
microGPi1_R_7-8+,4,478022.00064,479253.54496,1231.5443200000445,478022.00064,479253.54496,1231.5443200000445,16,4.858052418674616,RankSurprise
microGPi1_R_7-8+,4,482971.93472,482981.6832,9.748480000009295,482971.93472,482981.6832,9.748480000009295,3,4.916719825198907,RankSurprise
microGPi1_R_7-8+,4,497208.97536,497220.48512,11.50976000004448,497208.97536,497220.48512,11.50976000004448,3,4.127266653019342,RankSurprise
microGPi1_R_7-8+,4,503239.35232,503249.05984,9.707519999996293,503239.35232,503249.05984,9.707519999996293,3,4.64827601374626,RankSurprise
microGPi1_R_7-8+,4,524893.51168,525572.3008,678.7891199999722,524893.51168,525572.3008,678.7891199999722,10,3.7695888486360176,RankSurprise
microGPi1_R_7-8+,4,538310.61504,538689.90464,379.28960000001825,538310.61504,538689.90464,379.28960000001825,7,3.717840649753496,RankSurprise
microGPi1_R_7-8+,4,543449.088,544007.20896,558.1209599999711,543449.088,544007.20896,558.1209599999711,9,3.9759862461894007,RankSurprise
microGPi1_R_7-8+,4,548887.63392,549091.49184,203.85791999998037,548887.63392,549091.49184,203.85791999998037,5,3.5705971603772717,RankSurprise
microGPi1_R_7-8+,4,550305.62816,550406.7584,101.1302400000859,550305.62816,550406.7584,101.1302400000859,5,5.043332673614675,RankSurprise
microGPi1_R_7-8+,4,555557.31456,555575.5008,18.18624000006821,555557.31456,555575.5008,18.18624000006821,3,4.031317971543862,RankSurprise
microGPi1_R_7-8+,4,558653.76768,558663.84384,10.076159999938682,558653.76768,558663.84384,10.076159999938682,3,4.715079931007116,RankSurprise
microGPi1_R_7-8+,4,562869.98528,562879.8976,9.912320000003092,562869.98528,562879.8976,9.912320000003092,3,4.470874321164549,RankSurprise
microGPi1_R_7-8+,4,568527.29856,568695.31648,168.01792000001296,568527.29856,568695.31648,168.01792000001296,5,3.6964691126665663,RankSurprise
microGPi1_R_7-8+,4,571722.50624,574692.72064,2970.214399999939,571722.50624,574692.72064,2970.214399999939,33,5.919477568228243,RankSurprise
microGPi1_R_7-8+,4,584436.28544,584605.40928,169.12384000001475,584436.28544,584605.40928,169.12384000001475,5,3.8580068462472816,RankSurprise
microGPi1_R_7-8+,4,585117.16352,585144.68864,27.5251200000057,585117.16352,585144.68864,27.5251200000057,5,7.035237327130648,RankSurprise
microGPi1_R_7-8+,4,585656.48384,586011.2384,354.7545600000303,585656.48384,586011.2384,354.7545600000303,7,3.9334521638448545,RankSurprise
microGPi1_R_7-8+,4,590464.53248,590643.11808,178.58559999999125,590464.53248,590643.11808,178.58559999999125,5,3.6468466854197565,RankSurprise
microGPi1_R_7-8+,4,594513.96096,594689.31072,175.34975999989547,594513.96096,594689.31072,175.34975999989547,5,3.5388602875522217,RankSurprise
microGPi1_R_7-8+,4,612019.77344,612273.39776,253.62431999994442,612019.77344,612273.39776,253.62431999994442,6,4.224118222452916,RankSurprise
microGPi1_R_7-8+,4,619689.04192,619768.46336,79.42144000006374,619689.04192,619768.46336,79.42144000006374,4,3.5309859479266734,RankSurprise
microGPi1_R_7-8+,4,626685.70624,626919.34208,233.63584000000264,626685.70624,626919.34208,233.63584000000264,6,4.861587499201121,RankSurprise
microGPi1_R_7-8+,4,639796.71552,639806.17728,9.461759999976493,639796.71552,639806.17728,9.461759999976493,3,5.068168499314622,RankSurprise
microGPi2_R_1-3+,2,49475.584,52034.51904,2558.9350399999967,49475.584,52034.51904,2558.9350399999967,11,4.215469202589211,RankSurprise
microGPi2_R_1-3+,2,72830.85312,74872.38144,2041.5283199999976,72830.85312,74872.38144,2041.5283199999976,10,4.76421918525579,RankSurprise
microGPi2_R_1-3+,2,87047.33184,87633.67424,586.3423999999941,87047.33184,87633.67424,586.3423999999941,6,5.796894827619191,RankSurprise
microGPi2_R_1-3+,2,90771.53792,91146.4448,374.906879999995,90771.53792,91146.4448,374.906879999995,5,5.4847917123337595,RankSurprise
microGPi2_R_1-3+,2,148393.12384,148550.08256,156.9587200000242,148393.12384,148550.08256,156.9587200000242,3,3.6694472477460867,RankSurprise
microGPi2_R_1-3+,2,167618.68288,167938.58048,319.8975999999966,167618.68288,167938.58048,319.8975999999966,4,3.986022865934057,RankSurprise
microGPi2_R_1-3+,2,186902.69184,187024.05632,121.36447999998927,186902.69184,187024.05632,121.36447999998927,3,4.130011161912146,RankSurprise
microGPi2_R_1-3+,2,199404.21632,199473.47968,69.26335999998264,199404.21632,199473.47968,69.26335999998264,3,5.122504313150017,RankSurprise
microGPi2_R_1-3+,2,203078.8608,205174.5792,2095.7184000000125,203078.8608,205174.5792,2095.7184000000125,10,4.750706428337383,RankSurprise
microGPi2_R_1-3+,2,206060.9536,206358.48704,297.53343999999925,206060.9536,206358.48704,297.53343999999925,4,4.209769373952344,RankSurprise
microGPi2_R_1-3+,2,210168.54528,210259.23072,90.68544000000111,210168.54528,210259.23072,90.68544000000111,3,4.656398524514772,RankSurprise
microGPi2_R_1-3+,2,218978.67264,219186.13504,207.46239999998943,218978.67264,219186.13504,207.46239999998943,4,5.227166026873206,RankSurprise
microGPi2_R_1-3+,2,220922.55232,225654.86592,4732.313600000023,220922.55232,225654.86592,4732.313600000023,18,4.991604019784886,RankSurprise
microGPi2_R_1-3+,2,236124.48768,236490.62912,366.1414400000067,236124.48768,236490.62912,366.1414400000067,5,5.791792922160635,RankSurprise
microGPi2_R_1-3+,2,269239.82848,269998.40768,758.5791999999783,269239.82848,269998.40768,758.5791999999783,6,4.641429583872918,RankSurprise
microGPi2_R_1-3+,2,280357.19168,280636.94848,279.75680000003194,280357.19168,280636.94848,279.75680000003194,4,4.394549048344544,RankSurprise
microGPi2_R_1-3+,2,298150.62528,299991.69536,1841.070080000034,298150.62528,299991.69536,1841.070080000034,10,5.115148066589327,RankSurprise
microGPi2_R_1-3+,2,303042.10944,306040.99584,2998.8864000000176,303042.10944,306040.99584,2998.8864000000176,13,4.490638572680018,RankSurprise
microGPi2_R_1-3+,2,323197.78816,325301.61664,2103.8284800000256,323197.78816,325301.61664,2103.8284800000256,12,6.212689075251908,RankSurprise
microGPi2_R_1-3+,2,329165.90592,329798.61504,632.7091200000141,329165.90592,329798.61504,632.7091200000141,7,7.070149464619739,RankSurprise
microGPi2_R_1-3+,2,334401.82272,335935.32416,1533.5014400000218,334401.82272,335935.32416,1533.5014400000218,10,6.477132440698599,RankSurprise
microGPi2_R_1-3+,2,344118.96832,344274.78016,155.8118400000385,344118.96832,344274.78016,155.8118400000385,3,3.609097561084999,RankSurprise
microGPi2_R_1-3+,2,363536.71168,364165.36576,628.6540800000075,363536.71168,364165.36576,628.6540800000075,5,3.803563068658679,RankSurprise
microGPi2_R_1-3+,2,379485.83936,380073.94304,588.1036800000002,379485.83936,380073.94304,588.1036800000002,6,5.784817491828761,RankSurprise
microGPi2_R_1-3+,2,408568.09472,409505.87392,937.7791999999899,408568.09472,409505.87392,937.7791999999899,6,3.603236526505304,RankSurprise
microGPi2_R_1-3+,2,430268.29312,430302.08512,33.79200000001583,430268.29312,430302.08512,33.79200000001583,3,6.573238920138371,RankSurprise
microGPi2_R_1-3+,2,447589.9904,447811.66592,221.67551999998977,447589.9904,447811.66592,221.67551999998977,4,4.994211836846528,RankSurprise
microGPi2_R_1-3+,2,524852.67456,526011.22816,1158.5536000001011,524852.67456,526011.22816,1158.5536000001011,7,4.523101289975626,RankSurprise
microGPi2_R_1-3+,2,543397.23264,543702.13888,304.90624000004027,543397.23264,543702.13888,304.90624000004027,4,4.163665135112417,RankSurprise
microGPi2_R_1-3+,2,564816.0768,565810.09408,994.0172799999127,564816.0768,565810.09408,994.0172799999127,8,6.174894138919904,RankSurprise
microGPi2_R_1-3+,2,570352.35328,572256.99328,1904.640000000014,570352.35328,572256.99328,1904.640000000014,10,4.883693127432382,RankSurprise
microGPi2_R_1-3+,2,599493.05856,602309.632,2816.573439999949,599493.05856,602309.632,2816.573439999949,11,3.6667911158617037,RankSurprise
microGPi2_R_1-3+,2,615425.8432,615575.30624,149.46303999994416,615425.8432,615575.30624,149.46303999994416,3,3.704768426195308,RankSurprise
microGPi2_R_1-3+,3,18430.48448,19937.19808,1506.7135999999991,18430.48448,19937.19808,1506.7135999999991,7,4.216255041184222,RankSurprise
microGPi2_R_1-3+,3,60123.50464,60542.93504,419.43039999999746,60123.50464,60542.93504,419.43039999999746,4,4.0638287503074615,RankSurprise
microGPi2_R_1-3+,3,68388.70016,72823.808,4435.1078400000115,68388.70016,72823.808,4435.1078400000115,15,5.6232598435885075,RankSurprise
microGPi2_R_1-3+,3,91671.10144,94592.32768,2921.2262400000036,91671.10144,94592.32768,2921.2262400000036,11,4.490931327308478,RankSurprise
microGPi2_R_1-3+,3,152646.8608,159205.08928,6558.228479999991,152646.8608,159205.08928,6558.228479999991,18,4.512787399732031,RankSurprise
microGPi2_R_1-3+,3,173053.7472,173498.5728,444.82559999998193,173053.7472,173498.5728,444.82559999998193,4,3.7974931199581583,RankSurprise
microGPi2_R_1-3+,3,187289.51808,189852.18048,2562.662400000001,187289.51808,189852.18048,2562.662400000001,10,5.172661902419002,RankSurprise
microGPi2_R_1-3+,3,211456.49152,211664.40448,207.91295999998692,211456.49152,211664.40448,207.91295999998692,3,3.5314880012908034,RankSurprise
microGPi2_R_1-3+,3,212943.6672,213034.02496,90.35776000001351,212943.6672,213034.02496,90.35776000001351,3,4.852055016088526,RankSurprise
microGPi2_R_1-3+,3,221834.97728,221922.75456,87.77728000000934,221834.97728,221922.75456,87.77728000000934,3,4.892258390112717,RankSurprise
microGPi2_R_1-3+,3,226277.1712,227026.1248,748.9535999999789,226277.1712,227026.1248,748.9535999999789,5,3.8984003875392403,RankSurprise
microGPi2_R_1-3+,3,242176.12288,242554.51136,378.38847999999416,242176.12288,242554.51136,378.38847999999416,4,4.32993242730247,RankSurprise
microGPi2_R_1-3+,3,319224.66816,320860.65152,1635.983360000013,319224.66816,320860.65152,1635.983360000013,10,8.014845556587487,RankSurprise
microGPi2_R_1-3+,3,325174.96832,326002.52416,827.5558399999863,325174.96832,326002.52416,827.5558399999863,7,7.040585500649534,RankSurprise
microGPi2_R_1-3+,3,339381.53472,339496.67328,115.13855999999214,339381.53472,339496.67328,115.13855999999214,3,4.3761283685396695,RankSurprise
microGPi2_R_1-3+,3,367100.06784,368666.58304,1566.5152000000235,367100.06784,368666.58304,1566.5152000000235,8,5.153884507074598,RankSurprise
microGPi2_R_1-3+,3,380537.81504,380575.3344,37.51935999997659,380537.81504,380575.3344,37.51935999997659,3,6.573475984940948,RankSurprise
microGPi2_R_1-3+,3,390113.56672,391512.22784,1398.6611200000043,390113.56672,391512.22784,1398.6611200000043,8,5.7772067672399485,RankSurprise
microGPi2_R_1-3+,3,439857.5616,441449.0624,1591.5007999999798,439857.5616,441449.0624,1591.5007999999798,7,3.821141100743122,RankSurprise
microGPi2_R_1-3+,3,452515.06176,452831.39584,316.33408000000054,452515.06176,452831.39584,316.33408000000054,5,6.9966446375340645,RankSurprise
microGPi2_R_1-3+,3,521466.18368,521627.0336,160.84992000000784,521466.18368,521627.0336,160.84992000000784,3,3.9535048805426047,RankSurprise
microGPi2_R_1-3+,3,541341.12256,542658.10944,1316.9868799999822,541341.12256,542658.10944,1316.9868799999822,8,5.972966897647581,RankSurprise
microGPi2_R_1-3+,3,543848.2432,544040.18176,191.9385599999223,543848.2432,544040.18176,191.9385599999223,4,5.950667304756635,RankSurprise
microGPi2_R_1-3+,3,558802.61632,559993.48736,1190.8710399999982,558802.61632,559993.48736,1190.8710399999982,8,7.02620877748373,RankSurprise
microGPi2_R_1-3+,3,588149.63712,588344.81152,195.17440000001807,588149.63712,588344.81152,195.17440000001807,3,3.692003062186913,RankSurprise
microGPi2_R_1-3+,3,597676.2368,598046.88384,370.64704000006896,597676.2368,598046.88384,370.64704000006896,5,6.375421871190152,RankSurprise
microGPi2_R_1-3+,3,616696.75008,616777.3184,80.56831999996211,616696.75008,616777.3184,80.56831999996211,3,5.061676542070764,RankSurprise
microGPi2_R_4-5+,0,7219.36384,9762.77504,2543.4112000000005,7219.36384,9762.77504,2543.4112000000005,13,5.5813087874493394,RankSurprise
microGPi2_R_4-5+,0,20212.69504,20751.11424,538.4192000000003,20212.69504,20751.11424,538.4192000000003,5,3.8238760709408695,RankSurprise
microGPi2_R_4-5+,0,29892.608,29924.9664,32.358400000000984,29892.608,29924.9664,32.358400000000984,3,6.4211401627744085,RankSurprise
microGPi2_R_4-5+,0,38999.16288,39105.57696,106.41407999999501,38999.16288,39105.57696,106.41407999999501,3,4.014531063291512,RankSurprise
microGPi2_R_4-5+,0,42455.20384,42905.10848,449.90464000000065,42455.20384,42905.10848,449.90464000000065,5,4.207892129986515,RankSurprise
microGPi2_R_4-5+,0,52950.38464,53047.78752,97.40288000000146,52950.38464,53047.78752,97.40288000000146,3,4.142780706185166,RankSurprise
microGPi2_R_4-5+,0,60147.13856,60384.8704,237.73184000000037,60147.13856,60384.8704,237.73184000000037,4,4.47295454630169,RankSurprise
microGPi2_R_4-5+,0,66524.61056,66673.99168,149.38112000000547,66524.61056,66673.99168,149.38112000000547,4,5.6180918493351975,RankSurprise
microGPi2_R_4-5+,0,76082.83136,76244.45952,161.62816000000748,76082.83136,76244.45952,161.62816000000748,4,5.518359163171549,RankSurprise
microGPi2_R_4-5+,0,84175.74912,84441.9072,266.15808000000834,84175.74912,84441.9072,266.15808000000834,5,6.312739129408953,RankSurprise
microGPi2_R_4-5+,0,90843.42272,91422.47424,579.0515199999936,90843.42272,91422.47424,579.0515199999936,5,3.7144300050736803,RankSurprise
microGPi2_R_4-5+,0,106369.92512,107174.66624,804.741120000006,106369.92512,107174.66624,804.741120000006,6,3.9330720356338285,RankSurprise
microGPi2_R_4-5+,0,121951.06816,122058.17856,107.11040000000503,121951.06816,122058.17856,107.11040000000503,3,3.957384080309163,RankSurprise
microGPi2_R_4-5+,0,123605.77024,123879.2192,273.4489600000088,123605.77024,123879.2192,273.4489600000088,5,5.938079958471153,RankSurprise
microGPi2_R_4-5+,0,134592.38912,135576.73984,984.3507199999876,134592.38912,135576.73984,984.3507199999876,8,5.42741287650071,RankSurprise
microGPi2_R_4-5+,0,158599.49568,159799.7056,1200.2099199999939,158599.49568,159799.7056,1200.2099199999939,7,3.6129019197508327,RankSurprise
microGPi2_R_4-5+,0,161286.67648,161421.59872,134.92224000001443,161286.67648,161421.59872,134.92224000001443,3,3.5443688443790613,RankSurprise
microGPi2_R_4-5+,0,195504.78336,196231.9872,727.203840000002,195504.78336,196231.9872,727.203840000002,6,3.9001158861434155,RankSurprise
microGPi2_R_4-5+,0,211427.20512,211536.03584,108.83071999999811,211427.20512,211536.03584,108.83071999999811,3,3.901824733300865,RankSurprise
microGPi2_R_4-5+,0,223830.17984,223903.00672,72.8268800000078,223830.17984,223903.00672,72.8268800000078,3,4.675918829226545,RankSurprise
microGPi2_R_4-5+,0,229055.81568,229312.06144,256.2457599999907,229055.81568,229312.06144,256.2457599999907,4,4.109365725492683,RankSurprise
microGPi2_R_4-5+,0,232503.13216,232798.24896,295.11679999998887,232503.13216,232798.24896,295.11679999998887,4,3.873564766126375,RankSurprise
microGPi2_R_4-5+,0,263669.5552,265802.79296,2133.237759999989,263669.5552,265802.79296,2133.237759999989,14,8.041146237954065,RankSurprise
microGPi2_R_4-5+,0,266761.13408,267599.70816,838.5740799999912,266761.13408,267599.70816,838.5740799999912,6,3.592033453421924,RankSurprise
microGPi2_R_4-5+,0,283115.47904,283170.93888,55.45983999996679,283115.47904,283170.93888,55.45983999996679,3,5.339670420031515,RankSurprise
microGPi2_R_4-5+,0,295034.30656,295151.0016,116.69504000002053,295034.30656,295151.0016,116.69504000002053,3,3.817520755756904,RankSurprise
microGPi2_R_4-5+,0,355571.95776,355923.06688,351.10911999997916,355571.95776,355923.06688,351.10911999997916,5,5.0173673770451614,RankSurprise
microGPi2_R_4-5+,0,370801.95072,371915.9808,1114.0300799999968,370801.95072,371915.9808,1114.0300799999968,8,5.361228454140085,RankSurprise
microGPi2_R_4-5+,0,373878.1696,373971.80416,93.63455999997677,373878.1696,373971.80416,93.63455999997677,3,4.23308996171423,RankSurprise
microGPi2_R_4-5+,0,383868.80512,383941.09952,72.29440000001341,383868.80512,383941.09952,72.29440000001341,3,4.66442444980081,RankSurprise
microGPi2_R_4-5+,0,399913.53344,399969.32096,55.787519999954384,399913.53344,399969.32096,55.787519999954384,3,5.141031111953524,RankSurprise
microGPi2_R_4-5+,0,430735.31904,430807.8592,72.54016000003321,430735.31904,430807.8592,72.54016000003321,3,4.758284122165554,RankSurprise
microGPi2_R_4-5+,0,446646.39488,446950.93248,304.5376000000397,446646.39488,446950.93248,304.5376000000397,7,10.162429957286307,RankSurprise
microGPi2_R_4-5+,0,470750.08512,471091.32288,341.23775999998907,470750.08512,471091.32288,341.23775999998907,5,5.232390790881425,RankSurprise
microGPi2_R_4-5+,0,488571.61728,488615.60832,43.99103999999352,488571.61728,488615.60832,43.99103999999352,3,5.7091458355678455,RankSurprise
microGPi2_R_4-5+,0,490945.9456,492283.00288,1337.0572800000082,490945.9456,492283.00288,1337.0572800000082,8,3.5836762371403825,RankSurprise
microGPi2_R_4-5+,0,523524.99712,523569.31584,44.31871999998111,523524.99712,523569.31584,44.31871999998111,3,5.633305661352727,RankSurprise
microGPi2_R_4-5+,0,528495.37024,528533.95456,38.58432000002358,528495.37024,528533.95456,38.58432000002358,3,6.022292538728507,RankSurprise
microGPi2_R_4-5+,0,558763.86816,559573.8112,809.943040000042,558763.86816,559573.8112,809.943040000042,9,8.177649845788745,RankSurprise
microGPi2_R_4-5+,0,568277.27872,568923.09504,645.8163200001,568277.27872,568923.09504,645.8163200001,7,6.157750916226501,RankSurprise
microGPi2_R_4-5+,0,579211.75552,581315.01056,2103.25503999996,579211.75552,581315.01056,2103.25503999996,11,4.430209342380375,RankSurprise
microGPi2_R_4-5+,0,584518.0416,585093.89824,575.8566400000127,584518.0416,585093.89824,575.8566400000127,5,3.678603486923379,RankSurprise
microGPi2_R_4-5+,0,586314.01472,586401.46432,87.44960000005085,586314.01472,586401.46432,87.44960000005085,3,4.308393391272725,RankSurprise
microGPi2_R_4-5+,0,591899.52512,592244.08064,344.5555199999362,591899.52512,592244.08064,344.5555199999362,5,5.052411474569695,RankSurprise
microGPi2_R_4-5+,0,606992.26112,607204.88448,212.62335999996867,606992.26112,607204.88448,212.62335999996867,4,4.769867508490339,RankSurprise
microGPi2_R_4-5+,0,623333.90848,623776.03072,442.12224000005517,623333.90848,623776.03072,442.12224000005517,5,4.344551567100837,RankSurprise
microGPi2_R_4-5+,1,11073.536,11798.1184,724.5823999999993,11073.536,11798.1184,724.5823999999993,5,3.9843688492074705,RankSurprise
microGPi2_R_4-5+,1,16233.22624,19170.59072,2937.36448,16233.22624,19170.59072,2937.36448,16,10.602157236794723,RankSurprise
microGPi2_R_4-5+,1,45270.05696,48575.36512,3305.3081600000005,45270.05696,48575.36512,3305.3081600000005,12,4.171245021935426,RankSurprise
microGPi2_R_4-5+,1,56983.22432,57403.35104,420.1267200000002,56983.22432,57403.35104,420.1267200000002,4,3.7712593487919044,RankSurprise
microGPi2_R_4-5+,1,75797.01248,75824.61952,27.607039999988046,75797.01248,75824.61952,27.607039999988046,3,6.915989538194852,RankSurprise
microGPi2_R_4-5+,1,94542.15168,96485.29408,1943.1424000000115,94542.15168,96485.29408,1943.1424000000115,11,8.142482999165725,RankSurprise
microGPi2_R_4-5+,1,104172.9536,104312.95488,140.00128000001132,104172.9536,104312.95488,140.00128000001132,4,6.0775306333638035,RankSurprise
microGPi2_R_4-5+,1,110296.63744,110462.19776,165.5603199999896,110296.63744,110462.19776,165.5603199999896,4,5.667129166640748,RankSurprise
microGPi2_R_4-5+,1,115233.21856,115630.53056,397.31200000000536,115233.21856,115630.53056,397.31200000000536,5,5.970784283381576,RankSurprise
microGPi2_R_4-5+,1,126705.664,127131.48416,425.82016000000294,126705.664,127131.48416,425.82016000000294,4,3.6780615351729544,RankSurprise
microGPi2_R_4-5+,1,143393.792,143537.3568,143.56480000002193,143393.792,143537.3568,143.56480000002193,4,6.391873877784807,RankSurprise
microGPi2_R_4-5+,1,145955.30752,146098.70848,143.40095999999903,145955.30752,146098.70848,143.40095999999903,3,4.04027493809866,RankSurprise
microGPi2_R_4-5+,1,183068.38528,183161.40544,93.02016000001458,183068.38528,183161.40544,93.02016000001458,3,4.737457093870786,RankSurprise
microGPi2_R_4-5+,1,196484.46464,196550.00064,65.53600000002189,196484.46464,196550.00064,65.53600000002189,3,5.088883353930029,RankSurprise
microGPi2_R_4-5+,1,205101.4656,207055.54432,1954.0787199999904,205101.4656,207055.54432,1954.0787199999904,9,4.702717986767577,RankSurprise
microGPi2_R_4-5+,1,219621.08928,219962.69568,341.60640000001877,219621.08928,219962.69568,341.60640000001877,5,6.209818448206899,RankSurprise
microGPi2_R_4-5+,1,280686.22336,280818.97472,132.75135999999475,280686.22336,280818.97472,132.75135999999475,3,3.898278357922086,RankSurprise
microGPi2_R_4-5+,1,306311.70048,306385.87904,74.17856000002939,306311.70048,306385.87904,74.17856000002939,3,4.756505288841479,RankSurprise
microGPi2_R_4-5+,1,314300.45696,314505.46176,205.00479999999516,314300.45696,314505.46176,205.00479999999516,4,5.4175291388605835,RankSurprise
microGPi2_R_4-5+,1,333829.61152,333901.824,72.21248000004562,333829.61152,333901.824,72.21248000004562,3,4.79515473662647,RankSurprise
microGPi2_R_4-5+,1,435121.11104,435884.8512,763.7401599999866,435121.11104,435884.8512,763.7401599999866,5,3.7460251693422606,RankSurprise
microGPi2_R_4-5+,1,447679.16032,447757.76256,78.60223999997834,447679.16032,447757.76256,78.60223999997834,3,4.608969848132942,RankSurprise
microGPi2_R_4-5+,1,466883.13344,467049.96352,166.83007999998517,466883.13344,467049.96352,166.83007999998517,3,3.5346709772077087,RankSurprise
microGPi2_R_4-5+,1,470012.96896,470500.10624,487.13727999996627,470012.96896,470500.10624,487.13727999996627,4,3.663976950518908,RankSurprise
microGPi2_R_4-5+,1,488363.86816,489193.18528,829.3171199999633,488363.86816,489193.18528,829.3171199999633,6,4.800062474562203,RankSurprise
microGPi2_R_4-5+,1,504292.10624,504751.80032,459.69407999998657,504292.10624,504751.80032,459.69407999998657,4,3.9746002492583585,RankSurprise
microGPi2_R_4-5+,1,530594.69312,531285.52448,690.8313600000693,530594.69312,531285.52448,690.8313600000693,5,4.102757912239333,RankSurprise
microGPi2_R_4-5+,1,535552.77824,535709.32736,156.54911999998149,535552.77824,535709.32736,156.54911999998149,3,3.6195649554530664,RankSurprise
microGPi2_R_4-5+,1,549320.13056,549448.9088,128.7782400000142,549320.13056,549448.9088,128.7782400000142,3,4.222220726576198,RankSurprise
microGPi2_R_4-5+,1,563360.93184,563707.41248,346.4806400000816,563360.93184,563707.41248,346.4806400000816,4,4.077649169074302,RankSurprise
microGPi2_R_4-5+,1,633844.3264,638266.12224,4421.795840000035,633844.3264,638266.12224,4421.795840000035,14,3.622177588770505,RankSurprise
microGPi2_R_4-5+,2,45302.70208,46267.392,964.6899199999971,45302.70208,46267.392,964.6899199999971,5,4.571611633491678,RankSurprise
microGPi2_R_4-5+,2,53062.20544,53099.27424,37.06880000000092,53062.20544,53099.27424,37.06880000000092,3,7.899326628525766,RankSurprise
microGPi2_R_4-5+,2,74252.24704,75884.87168,1632.6246399999945,74252.24704,75884.87168,1632.6246399999945,7,6.024873964497415,RankSurprise
microGPi2_R_4-5+,2,111169.49504,111671.86944,502.3744000000006,111169.49504,111671.86944,502.3744000000006,5,6.886741596884164,RankSurprise
microGPi2_R_4-5+,2,291117.50656,291314.40128,196.89471999998204,291117.50656,291314.40128,196.89471999998204,4,7.22409770786669,RankSurprise
microGPi2_R_4-5+,2,334019.54304,334209.92512,190.38208000001032,334019.54304,334209.92512,190.38208000001032,3,4.34943560649941,RankSurprise
microGPi2_R_4-5+,2,432827.88352,433240.84224,412.9587200000533,432827.88352,433240.84224,412.9587200000533,4,5.249833430509899,RankSurprise
microGPi2_R_4-5+,2,452874.11712,457262.85824,4388.741119999962,452874.11712,457262.85824,4388.741119999962,10,3.674645289912603,RankSurprise
microGPi2_R_4-5+,2,470962.50368,471695.40096,732.8972799999756,470962.50368,471695.40096,732.8972799999756,4,3.6537267304048626,RankSurprise
microGPi2_R_4-5+,2,505566.8224,507112.36608,1545.5436800000025,505566.8224,507112.36608,1545.5436800000025,6,4.3728707383602154,RankSurprise
microGPi2_R_4-5+,2,577383.2192,577433.68192,50.46271999995224,577383.2192,577433.68192,50.46271999995224,3,7.41162342218063,RankSurprise
microGPi2_R_4-5+,2,586578.65728,589929.0624,3350.4051200000104,586578.65728,589929.0624,3350.4051200000104,10,5.385493103076722,RankSurprise
microGPi2_R_4-5+,2,599839.62112,600549.62176,710.0006399999838,599839.62112,600549.62176,710.0006399999838,4,3.793287969383961,RankSurprise
microGPi2_R_4-5+,2,610937.0368,611581.62432,644.5875199999427,610937.0368,611581.62432,644.5875199999427,4,3.9979146805964625,RankSurprise
microGPi2_R_4-5+,2,615239.02464,615288.13568,49.11103999998886,615239.02464,615288.13568,49.11103999998886,3,7.306262906522804,RankSurprise
microGPi2_R_4-5+,2,620526.1824,620766.28992,240.10751999996137,620526.1824,620766.28992,240.10751999996137,3,4.192046089040938,RankSurprise
microGPi2_R_4-5+,3,23219.85536,23318.89664,99.04127999999764,23219.85536,23318.89664,99.04127999999764,3,3.7726722847309873,RankSurprise
microGPi2_R_4-5+,3,27860.992,27918.1312,57.13920000000144,27860.992,27918.1312,57.13920000000144,3,4.910335178313478,RankSurprise
microGPi2_R_4-5+,3,48879.53408,49086.70976,207.17568000000028,48879.53408,49086.70976,207.17568000000028,4,4.331604311956006,RankSurprise
microGPi2_R_4-5+,3,69364.9408,69460.70528,95.764479999998,69364.9408,69460.70528,95.764479999998,3,3.709872622164408,RankSurprise
microGPi2_R_4-5+,3,70165.9136,70274.70336,108.78975999999966,70165.9136,70274.70336,108.78975999999966,3,3.703699763057326,RankSurprise
microGPi2_R_4-5+,3,74323.92704,74793.45152,469.5244800000073,74323.92704,74793.45152,469.5244800000073,5,3.591297806483375,RankSurprise
microGPi2_R_4-5+,3,76739.87072,76792.38144,52.510719999991124,76739.87072,76792.38144,52.510719999991124,3,5.174987337010609,RankSurprise
microGPi2_R_4-5+,3,78242.89792,78334.48448,91.5865599999961,78242.89792,78334.48448,91.5865599999961,3,3.8841768680526325,RankSurprise
microGPi2_R_4-5+,3,96415.00672,96625.33632,210.3295999999973,96415.00672,96625.33632,210.3295999999973,4,4.270039302505303,RankSurprise
microGPi2_R_4-5+,3,99914.62912,99964.7232,50.0940799999953,99914.62912,99964.7232,50.0940799999953,3,5.162166648581547,RankSurprise
microGPi2_R_4-5+,3,103995.43296,104218.95168,223.51871999999275,103995.43296,104218.95168,223.51871999999275,4,3.9000691207580687,RankSurprise
microGPi2_R_4-5+,3,125330.18624,125435.00288,104.81664000000455,125330.18624,125435.00288,104.81664000000455,3,3.5667412014580577,RankSurprise
microGPi2_R_4-5+,3,132505.96864,132562.82112,56.85248000000138,132505.96864,132562.82112,56.85248000000138,3,4.854775621261176,RankSurprise
microGPi2_R_4-5+,3,134481.3056,135252.74624,771.4406400000153,134481.3056,135252.74624,771.4406400000153,7,4.264865329161984,RankSurprise
microGPi2_R_4-5+,3,154993.21344,155480.51456,487.3011200000183,154993.21344,155480.51456,487.3011200000183,7,6.668145943511746,RankSurprise
microGPi2_R_4-5+,3,169498.29632,169951.92832,453.63200000001234,169498.29632,169951.92832,453.63200000001234,5,3.758569690663805,RankSurprise
microGPi2_R_4-5+,3,175703.61344,175820.55424,116.94080000001122,175703.61344,175820.55424,116.94080000001122,3,3.5782852690903084,RankSurprise
microGPi2_R_4-5+,3,207410.70848,208108.1344,697.4259200000088,207410.70848,208108.1344,697.4259200000088,6,3.8211773774863107,RankSurprise
microGPi2_R_4-5+,3,215519.31392,215709.45024,190.13632000001962,215519.31392,215709.45024,190.13632000001962,4,4.633366589505137,RankSurprise
microGPi2_R_4-5+,3,229963.9808,229994.65984,30.679040000017267,229963.9808,229994.65984,30.679040000017267,3,6.728922465122022,RankSurprise
microGPi2_R_4-5+,3,240928.64512,241020.47744,91.8323199999868,240928.64512,241020.47744,91.8323199999868,3,4.00943556566739,RankSurprise
microGPi2_R_4-5+,3,267249.09056,267494.76864,245.67808000004152,267249.09056,267494.76864,245.67808000004152,5,6.121124023249223,RankSurprise
microGPi2_R_4-5+,3,281306.76736,281359.23712,52.46976000000723,281306.76736,281359.23712,52.46976000000723,3,5.038286860406092,RankSurprise
microGPi2_R_4-5+,3,288277.62688,288393.8304,116.20351999998093,288277.62688,288393.8304,116.20351999998093,4,6.021241891124852,RankSurprise
microGPi2_R_4-5+,3,325502.7712,326938.8288,1436.0576,325502.7712,326938.8288,1436.0576,13,8.12445767840902,RankSurprise
microGPi2_R_4-5+,3,344519.80288,344590.41792,70.61504000000423,344519.80288,344590.41792,70.61504000000423,4,7.446429535307075,RankSurprise
microGPi2_R_4-5+,3,348110.6432,348168.06912,57.42592000000877,348110.6432,348168.06912,57.42592000000877,3,4.899099105046552,RankSurprise
microGPi2_R_4-5+,3,359967.9488,360050.72896,82.78015999996569,359967.9488,360050.72896,82.78015999996569,3,4.038369257124749,RankSurprise
microGPi2_R_4-5+,3,368303.34976,368317.93152,14.581759999971837,368303.34976,368317.93152,14.581759999971837,3,8.871338805963246,RankSurprise
microGPi2_R_4-5+,3,375006.24896,375275.19232,268.94335999997566,375006.24896,375275.19232,268.94335999997566,4,3.5781917019620835,RankSurprise
microGPi2_R_4-5+,3,376389.79584,378759.20896,2369.413120000041,376389.79584,378759.20896,2369.413120000041,15,5.724779627558137,RankSurprise
microGPi2_R_4-5+,3,384641.51552,384709.14048,67.62495999998646,384641.51552,384709.14048,67.62495999998646,3,4.5503900207979555,RankSurprise
microGPi2_R_4-5+,3,420975.90272,421312.06144,336.1587200000067,420975.90272,421312.06144,336.1587200000067,5,4.553878991112583,RankSurprise
microGPi2_R_4-5+,3,436469.92384,436546.10944,76.18559999996796,436469.92384,436546.10944,76.18559999996796,4,7.262963929852322,RankSurprise
microGPi2_R_4-5+,3,437716.86912,438544.71168,827.8425600000191,437716.86912,438544.71168,827.8425600000191,7,4.596642406348948,RankSurprise
microGPi2_R_4-5+,3,446743.92064,447180.06272,436.1420799999614,446743.92064,447180.06272,436.1420799999614,5,3.758569690663805,RankSurprise
microGPi2_R_4-5+,3,456740.41344,456833.31072,92.89728000003379,456740.41344,456833.31072,92.89728000003379,3,3.9738473253749476,RankSurprise
microGPi2_R_4-5+,3,464175.14496,466134.46656,1959.3215999999666,464175.14496,466134.46656,1959.3215999999666,13,5.481633053477202,RankSurprise
microGPi2_R_4-5+,3,469239.97184,469612.01152,372.03967999998713,469239.97184,469612.01152,372.03967999998713,5,4.181945720421751,RankSurprise
microGPi2_R_4-5+,3,477192.23296,478273.78176,1081.5487999999896,477192.23296,478273.78176,1081.5487999999896,10,6.864375090009291,RankSurprise
microGPi2_R_4-5+,3,489908.26496,492041.37984,2133.1148800000083,489908.26496,492041.37984,2133.1148800000083,14,5.758393230819222,RankSurprise
microGPi2_R_4-5+,3,497272.87296,497551.19616,278.32319999998435,497272.87296,497551.19616,278.32319999998435,4,3.6383441560826277,RankSurprise
microGPi2_R_4-5+,3,515622.62528,515678.28992,55.664640000031795,515622.62528,515678.28992,55.664640000031795,3,4.921634733567412,RankSurprise
microGPi2_R_4-5+,3,520489.04192,520580.83328,91.791360000032,520489.04192,520580.83328,91.791360000032,3,4.045668559606362,RankSurprise
microGPi2_R_4-5+,3,530914.75456,531015.72096,100.96639999991748,530914.75456,531015.72096,100.96639999991748,3,3.589896356640054,RankSurprise
microGPi2_R_4-5+,3,531889.80736,531965.7472,75.93984000000637,531889.80736,531965.7472,75.93984000000637,4,7.340222367157995,RankSurprise
microGPi2_R_4-5+,3,535667.67104,536140.14464,472.4735999999102,535667.67104,536140.14464,472.4735999999102,6,5.279459100220414,RankSurprise
microGPi2_R_4-5+,3,537300.992,537495.71584,194.72383999999147,537300.992,537495.71584,194.72383999999147,4,4.3652855575000125,RankSurprise
microGPi2_R_4-5+,3,557307.61728,558713.28256,1405.6652799999574,557307.61728,558713.28256,1405.6652799999574,10,4.604464226615114,RankSurprise
microGPi2_R_4-5+,3,569225.4208,570328.84224,1103.4214400000637,569225.4208,570328.84224,1103.4214400000637,8,4.072290310847989,RankSurprise
microGPi2_R_4-5+,3,573879.99232,574056.07936,176.08704000001308,573879.99232,574056.07936,176.08704000001308,4,4.785298119528122,RankSurprise
microGPi2_R_4-5+,3,608218.3168,608474.35776,256.040960000013,608218.3168,608474.35776,256.040960000013,4,3.7982262221351704,RankSurprise
microGPi2_R_4-5+,3,613064.62208,613270.7328,206.11071999999695,613064.62208,613270.7328,206.11071999999695,4,4.331604311956006,RankSurprise
microGPi2_R_4-5+,3,623680.26624,624267.4688,587.2025600000052,623680.26624,624267.4688,587.2025600000052,6,4.40890932720326,RankSurprise
microGPi2_R_4-5+,3,636900.88448,637617.19296,716.308480000007,636900.88448,637617.19296,716.308480000007,7,4.97177117700517,RankSurprise
microGPi2_R_4-5+,4,2317.88544,2339.14368,21.258240000000114,2317.88544,2339.14368,21.258240000000114,3,5.529719931273311,RankSurprise
microGPi2_R_4-5+,4,6035.29216,6098.82112,63.52895999999964,6035.29216,6098.82112,63.52895999999964,5,7.957372757977701,RankSurprise
microGPi2_R_4-5+,4,7620.07552,7660.09344,40.01791999999932,7620.07552,7660.09344,40.01791999999932,4,7.867084395782161,RankSurprise
microGPi2_R_4-5+,4,18118.90176,18156.21632,37.31455999999889,18118.90176,18156.21632,37.31455999999889,3,3.9656734935575777,RankSurprise
microGPi2_R_4-5+,4,18881.90464,18973.81888,91.91423999999824,18881.90464,18973.81888,91.91423999999824,4,3.6002728457385444,RankSurprise
microGPi2_R_4-5+,4,19601.6128,19675.58656,73.97376000000077,19601.6128,19675.58656,73.97376000000077,4,4.456260386420421,RankSurprise
microGPi2_R_4-5+,4,19944.69376,19978.36288,33.669120000002295,19944.69376,19978.36288,33.669120000002295,3,4.546424871446762,RankSurprise
microGPi2_R_4-5+,4,21146.29632,21266.80064,120.50432,21146.29632,21266.80064,120.50432,5,4.210963344660993,RankSurprise
microGPi2_R_4-5+,4,32444.2112,32488.40704,44.19583999999668,32444.2112,32488.40704,44.19583999999668,3,3.560273119446652,RankSurprise
microGPi2_R_4-5+,4,38864.896,38944.72704,79.8310399999973,38864.896,38944.72704,79.8310399999973,4,4.0900130022676215,RankSurprise
microGPi2_R_4-5+,4,41979.6992,42065.18272,85.48351999999431,41979.6992,42065.18272,85.48351999999431,5,6.543627262946007,RankSurprise
microGPi2_R_4-5+,4,48145.03936,48195.95264,50.91328000000067,48145.03936,48195.95264,50.91328000000067,4,5.703661897337572,RankSurprise
microGPi2_R_4-5+,4,50738.95424,50814.52544,75.5711999999985,50738.95424,50814.52544,75.5711999999985,4,4.440438488521707,RankSurprise
microGPi2_R_4-5+,4,57342.1568,57385.04192,42.88512000000628,57342.1568,57385.04192,42.88512000000628,3,3.675007421520112,RankSurprise
microGPi2_R_4-5+,4,57733.7344,57776.3328,42.59839999999531,57733.7344,57776.3328,42.59839999999531,3,3.6965942536708685,RankSurprise
microGPi2_R_4-5+,4,58913.1776,59083.07968,169.90207999999984,58913.1776,59083.07968,169.90207999999984,5,3.68945342948766,RankSurprise
microGPi2_R_4-5+,4,62528.02048,62719.87712,191.85663999999815,62528.02048,62719.87712,191.85663999999815,6,3.9385755557080313,RankSurprise
microGPi2_R_4-5+,4,66250.21952,66272.62464,22.405119999995804,66250.21952,66272.62464,22.405119999995804,3,5.687771418589046,RankSurprise
microGPi2_R_4-5+,4,66774.67136,66818.00704,43.33568000000378,66774.67136,66818.00704,43.33568000000378,3,3.6409459180416697,RankSurprise
microGPi2_R_4-5+,4,70489.7024,70555.72992,66.02752000000328,70489.7024,70555.72992,66.02752000000328,4,4.391741756224096,RankSurprise
microGPi2_R_4-5+,4,73407.65184,73454.7968,47.14495999999053,73407.65184,73454.7968,47.14495999999053,4,6.835768110695589,RankSurprise
microGPi2_R_4-5+,4,82907.25888,82942.48448,35.225600000005215,82907.25888,82942.48448,35.225600000005215,3,4.513502295034231,RankSurprise
microGPi2_R_4-5+,4,86995.31264,87063.22432,67.91167999999016,86995.31264,87063.22432,67.91167999999016,4,4.733039281543903,RankSurprise
microGPi2_R_4-5+,4,89375.66208,89536.3072,160.64512000000104,89375.66208,89536.3072,160.64512000000104,6,5.274568934401387,RankSurprise
microGPi2_R_4-5+,4,95418.20416,95561.80992,143.60576000000583,95418.20416,95561.80992,143.60576000000583,6,5.892042834796548,RankSurprise
microGPi2_R_4-5+,4,104376.81152,104405.56544,28.753920000002836,104376.81152,104405.56544,28.753920000002836,3,4.191486943751622,RankSurprise
microGPi2_R_4-5+,4,116297.56416,116332.7488,35.184640000006766,116297.56416,116332.7488,35.184640000006766,3,4.188709164187719,RankSurprise
microGPi2_R_4-5+,4,119833.47712,119873.98656,40.50944000000891,119833.47712,119873.98656,40.50944000000891,3,3.607454807074097,RankSurprise
microGPi2_R_4-5+,4,120382.30016,120470.528,88.22784000000684,120382.30016,120470.528,88.22784000000684,4,3.6402912300953183,RankSurprise
microGPi2_R_4-5+,4,122926.24384,122965.64736,39.40352000000712,122926.24384,122965.64736,39.40352000000712,3,4.023612076946655,RankSurprise
microGPi2_R_4-5+,4,127049.1136,127113.87136,64.75776000000769,127049.1136,127113.87136,64.75776000000769,4,5.006046747575873,RankSurprise
microGPi2_R_4-5+,4,129069.58848,129151.30368,81.71519999999146,129069.58848,129151.30368,81.71519999999146,4,4.181889259881551,RankSurprise
microGPi2_R_4-5+,4,130183.49568,130207.86688,24.371199999994133,130183.49568,130207.86688,24.371199999994133,3,5.163719861359935,RankSurprise
microGPi2_R_4-5+,4,145456.7424,145499.17696,42.43456000002334,145456.7424,145499.17696,42.43456000002334,3,3.7250100407039977,RankSurprise
microGPi2_R_4-5+,4,145986.64192,146120.86784,134.22591999999713,145986.64192,146120.86784,134.22591999999713,5,4.466823226828264,RankSurprise
microGPi2_R_4-5+,4,173779.968,173806.7968,26.82880000001751,173779.968,173806.7968,26.82880000001751,3,5.232692304672348,RankSurprise
microGPi2_R_4-5+,4,176407.79776,176434.46272,26.66496000002371,176407.79776,176434.46272,26.66496000002371,3,5.333433168438441,RankSurprise
microGPi2_R_4-5+,4,182054.37952,182143.46752,89.08800000001793,182054.37952,182143.46752,89.08800000001793,4,3.882098461361302,RankSurprise
microGPi2_R_4-5+,4,185743.07328,185782.84544,39.772159999993164,185743.07328,185782.84544,39.772159999993164,3,3.8711103915296388,RankSurprise
microGPi2_R_4-5+,4,190185.10336,190274.23232,89.12896000000183,190185.10336,190274.23232,89.12896000000183,4,3.5555547827513116,RankSurprise
microGPi2_R_4-5+,4,195986.18624,196281.87648,295.69023999999627,195986.18624,196281.87648,295.69023999999627,7,4.6593564655842865,RankSurprise
microGPi2_R_4-5+,4,198249.0624,198324.55168,75.48928000000888,198249.0624,198324.55168,75.48928000000888,4,4.393467382191567,RankSurprise
microGPi2_R_4-5+,4,198816.07168,198969.99936,153.92767999999342,198816.07168,198969.99936,153.92767999999342,6,4.984707665175669,RankSurprise
microGPi2_R_4-5+,4,199462.21568,199498.1376,35.921919999993406,199462.21568,199498.1376,35.921919999993406,3,4.420981752872139,RankSurprise
microGPi2_R_4-5+,4,200838.88128,200905.64608,66.76480000000447,200838.88128,200905.64608,66.76480000000447,4,4.438685639694292,RankSurprise
microGPi2_R_4-5+,4,211285.89312,211378.54464,92.65152000001399,211285.89312,211378.54464,92.65152000001399,4,3.9527939384743647,RankSurprise
microGPi2_R_4-5+,4,219207.63904,219299.06176,91.4227200000023,219207.63904,219299.06176,91.4227200000023,4,3.7455172443761704,RankSurprise
microGPi2_R_4-5+,4,225514.86464,225590.96832,76.10368000000017,225514.86464,225590.96832,76.10368000000017,4,4.165846437843243,RankSurprise
microGPi2_R_4-5+,4,225900.25728,225935.52384,35.26656000001822,225900.25728,225935.52384,35.26656000001822,3,4.487548953510153,RankSurprise
microGPi2_R_4-5+,4,228467.9168,228554.1376,86.22079999998095,228467.9168,228554.1376,86.22079999998095,4,3.804507917723541,RankSurprise
microGPi2_R_4-5+,4,229700.23936,229732.02432,31.78495999998995,229700.23936,229732.02432,31.78495999998995,3,4.873905298239558,RankSurprise
microGPi2_R_4-5+,4,231426.49856,231486.83264,60.33408000000054,231426.49856,231486.83264,60.33408000000054,4,4.698445679281285,RankSurprise
microGPi2_R_4-5+,4,233636.12672,233660.78464,24.65791999999783,233636.12672,233660.78464,24.65791999999783,3,5.924439690598531,RankSurprise
microGPi2_R_4-5+,4,245717.56544,245730.5088,12.943360000004759,245717.56544,245730.5088,12.943360000004759,3,7.621252658665515,RankSurprise
microGPi2_R_4-5+,4,250142.06464,250179.50208,37.43744000000879,250142.06464,250179.50208,37.43744000000879,3,4.242158222422368,RankSurprise
microGPi2_R_4-5+,4,253059.56352,253155.81952,96.25599999999395,253059.56352,253155.81952,96.25599999999395,4,3.664561028649569,RankSurprise
microGPi2_R_4-5+,4,254839.23456,254911.61088,72.3763199999812,254839.23456,254911.61088,72.3763199999812,4,4.56392746947256,RankSurprise
microGPi2_R_4-5+,4,271879.3728,272021.99552,142.62271999998484,271879.3728,272021.99552,142.62271999998484,5,3.855466336628229,RankSurprise
microGPi2_R_4-5+,4,273642.53696,273684.02944,41.49248000001535,273642.53696,273684.02944,41.49248000001535,3,3.7921680221624765,RankSurprise
microGPi2_R_4-5+,4,280038.52288,280094.06464,55.54175999999279,280038.52288,280094.06464,55.54175999999279,4,5.687676060698241,RankSurprise
microGPi2_R_4-5+,4,292727.68512,292759.83872,32.15360000001965,292727.68512,292759.83872,32.15360000001965,3,4.7233166580527595,RankSurprise
microGPi2_R_4-5+,4,306084.41344,306116.1984,31.784960000019055,306084.41344,306116.1984,31.784960000019055,3,4.759914233196641,RankSurprise
microGPi2_R_4-5+,4,310611.02592,310678.44608,67.42016000003787,310611.02592,310678.44608,67.42016000003787,4,4.466854867211666,RankSurprise
microGPi2_R_4-5+,4,315406.1312,315532.53376,126.40256000001682,315406.1312,315532.53376,126.40256000001682,5,4.076796905495176,RankSurprise
microGPi2_R_4-5+,4,318670.88896,318708.16256,37.273600000014994,318670.88896,318708.16256,37.273600000014994,3,4.202636803828115,RankSurprise
microGPi2_R_4-5+,4,323381.61664,323897.1392,515.522559999954,323381.61664,323897.1392,515.522559999954,10,4.24752712875628,RankSurprise
microGPi2_R_4-5+,4,331094.30272,331154.14528,59.84256000001915,331094.30272,331154.14528,59.84256000001915,4,4.742719834742189,RankSurprise
microGPi2_R_4-5+,4,332908.38016,332951.552,43.17184000002453,332908.38016,332951.552,43.17184000002453,3,3.6494070647038104,RankSurprise
microGPi2_R_4-5+,4,344619.49952,344692.49024,72.9907200000016,344619.49952,344692.49024,72.9907200000016,4,4.340429205687045,RankSurprise
microGPi2_R_4-5+,4,347221.27872,347407.89248,186.61375999997836,347221.27872,347407.89248,186.61375999997836,6,4.5112458333995535,RankSurprise
microGPi2_R_4-5+,4,348863.6928,348998.28736,134.59455999999773,348863.6928,348998.28736,134.59455999999773,5,3.7986068091484704,RankSurprise
microGPi2_R_4-5+,4,350700.58496,350739.78368,39.19871999998577,350700.58496,350739.78368,39.19871999998577,3,3.8640181830388105,RankSurprise
microGPi2_R_4-5+,4,352587.48928,352706.84672,119.3574399999925,352587.48928,352706.84672,119.3574399999925,5,4.682017318054136,RankSurprise
microGPi2_R_4-5+,4,354321.69472,354386.86208,65.16735999996308,354321.69472,354386.86208,65.16735999996308,4,4.970269391430833,RankSurprise
microGPi2_R_4-5+,4,356998.22592,357136.42496,138.19903999997769,356998.22592,357136.42496,138.19903999997769,5,3.9988801388443527,RankSurprise
microGPi2_R_4-5+,4,360552.16128,360682.57792,130.41664000001037,360552.16128,360682.57792,130.41664000001037,5,3.8772866628693343,RankSurprise
microGPi2_R_4-5+,4,364928.53248,365083.11552,154.5830399999977,364928.53248,365083.11552,154.5830399999977,5,3.8531763692494216,RankSurprise
microGPi2_R_4-5+,4,375722.02496,375759.62624,37.60128000000259,375722.02496,375759.62624,37.60128000000259,3,3.6409459180416697,RankSurprise
microGPi2_R_4-5+,4,383097.20064,383135.90784,38.70720000000438,383097.20064,383135.90784,38.70720000000438,3,3.8782278392674936,RankSurprise
microGPi2_R_4-5+,4,385920.16384,386107.84256,187.67872000002535,385920.16384,386107.84256,187.67872000002535,7,5.873370410255585,RankSurprise
microGPi2_R_4-5+,4,387004.6208,387042.83648,38.215680000022985,387004.6208,387042.83648,38.215680000022985,3,4.083279302806762,RankSurprise
microGPi2_R_4-5+,4,388109.59872,388142.36672,32.76799999998184,388109.59872,388142.36672,32.76799999998184,3,4.835181883846763,RankSurprise
microGPi2_R_4-5+,4,392887.99232,392916.13184,28.139519999967888,392887.99232,392916.13184,28.139519999967888,4,9.724210235916722,RankSurprise
microGPi2_R_4-5+,4,395827.03616,395897.11872,70.08256000000983,395827.03616,395897.11872,70.08256000000983,4,4.484595904718059,RankSurprise
microGPi2_R_4-5+,4,396411.53536,396427.71456,16.179200000013225,396411.53536,396427.71456,16.179200000013225,3,6.902497014691244,RankSurprise
microGPi2_R_4-5+,4,401194.63936,401216.67584,22.03648000000976,401194.63936,401216.67584,22.03648000000976,3,6.433692883980909,RankSurprise
microGPi2_R_4-5+,4,415435.03872,415524.74112,89.70240000000922,415435.03872,415524.74112,89.70240000000922,4,3.6108923272400304,RankSurprise
microGPi2_R_4-5+,4,423187.90656,423262.69952,74.79296000004979,423187.90656,423262.69952,74.79296000004979,4,4.222375712171861,RankSurprise
microGPi2_R_4-5+,4,433566.9248,433608.33536,41.41056000004755,433566.9248,433608.33536,41.41056000004755,3,3.803583581987633,RankSurprise
microGPi2_R_4-5+,4,435721.70752,435763.56864,41.861120000015944,435721.70752,435763.56864,41.861120000015944,3,3.7250100407039977,RankSurprise
microGPi2_R_4-5+,4,441823.4368,441866.32192,42.88511999999173,441823.4368,441866.32192,42.88511999999173,4,6.567599336395162,RankSurprise
microGPi2_R_4-5+,4,443457.65888,443544.69888,87.03999999997905,443457.65888,443544.69888,87.03999999997905,6,8.951192950263227,RankSurprise
microGPi2_R_4-5+,4,444199.89504,444236.22656,36.331520000007,444199.89504,444236.22656,36.331520000007,3,4.2393092176462925,RankSurprise
microGPi2_R_4-5+,4,446166.95808,446207.30368,40.34560000000056,446166.95808,446207.30368,40.34560000000056,4,6.256509800247418,RankSurprise
microGPi2_R_4-5+,4,452627.6608,452649.7792,22.118399999977555,452627.6608,452649.7792,22.118399999977555,3,5.898166663943192,RankSurprise
microGPi2_R_4-5+,4,455708.01664,456044.62592,336.6092800000333,455708.01664,456044.62592,336.6092800000333,7,4.1766413535212195,RankSurprise
microGPi2_R_4-5+,4,460195.51232,460383.39584,187.88352000003215,460195.51232,460383.39584,187.88352000003215,5,3.634889762909605,RankSurprise
microGPi2_R_4-5+,4,463418.44992,463542.72256,124.27264000003925,463418.44992,463542.72256,124.27264000003925,5,4.400651319957991,RankSurprise
microGPi2_R_4-5+,4,463810.47808,463923.48672,113.00864000001457,463810.47808,463923.48672,113.00864000001457,5,4.691886905136986,RankSurprise
microGPi2_R_4-5+,4,470203.96544,470326.84544,122.88000000000466,470203.96544,470326.84544,122.88000000000466,6,6.334642424970035,RankSurprise
microGPi2_R_4-5+,4,474377.09312,474394.4192,17.326080000028014,474377.09312,474394.4192,17.326080000028014,3,6.946095795140147,RankSurprise
microGPi2_R_4-5+,4,480899.2768,480934.33856,35.06176000001142,480899.2768,480934.33856,35.06176000001142,3,4.487548953510153,RankSurprise
microGPi2_R_4-5+,4,483189.63712,483295.10912,105.47199999995064,483189.63712,483295.10912,105.47199999995064,4,3.591011536190244,RankSurprise
microGPi2_R_4-5+,4,486876.28288,486915.31776,39.03487999999197,486876.28288,486915.31776,39.03487999999197,3,4.0597188108294535,RankSurprise
microGPi2_R_4-5+,4,488888.27904,489658.53184,770.2528000000166,488888.27904,489658.53184,770.2528000000166,13,4.002682840634295,RankSurprise
microGPi2_R_4-5+,4,502435.96288,502623.51872,187.55583999998635,502435.96288,502623.51872,187.55583999998635,6,4.151783381159535,RankSurprise
microGPi2_R_4-5+,4,508353.65888,508391.6288,37.969920000003185,508353.65888,508391.6288,37.969920000003185,3,4.0911948838657874,RankSurprise
microGPi2_R_4-5+,4,509779.27168,509844.60288,65.33120000001509,509779.27168,509844.60288,65.33120000001509,4,4.902014098848255,RankSurprise
microGPi2_R_4-5+,4,517811.93728,517898.11712,86.17983999999706,517811.93728,517898.11712,86.17983999999706,5,6.33178729150978,RankSurprise
microGPi2_R_4-5+,4,521697.60768,521733.07904,35.47135999996681,521697.60768,521733.07904,35.47135999996681,3,4.47469749537694,RankSurprise
microGPi2_R_4-5+,4,524882.41152,524924.06784,41.65632000006735,524882.41152,524924.06784,41.65632000006735,4,6.882889552136842,RankSurprise
microGPi2_R_4-5+,4,527906.57024,528206.27456,299.7043200000189,527906.57024,528206.27456,299.7043200000189,7,3.587580650995307,RankSurprise
microGPi2_R_4-5+,4,530656.78848,530724.53632,67.74783999996725,530656.78848,530724.53632,67.74783999996725,5,8.057620608936869,RankSurprise
microGPi2_R_4-5+,4,536410.7264,536451.44064,40.714240000001155,536410.7264,536451.44064,40.714240000001155,3,3.8758525412385882,RankSurprise
microGPi2_R_4-5+,4,538434.9696,538534.66624,99.69664000009652,538434.9696,538534.66624,99.69664000009652,4,3.680850663656198,RankSurprise
microGPi2_R_4-5+,4,539044.70016,539078.94272,34.24256000004243,539044.70016,539078.94272,34.24256000004243,3,4.60025490407766,RankSurprise
microGPi2_R_4-5+,4,541674.61888,541759.40608,84.78720000002068,541674.61888,541759.40608,84.78720000002068,4,4.173857125034008,RankSurprise
microGPi2_R_4-5+,4,550117.41696,550152.31488,34.89792000001762,550117.41696,550152.31488,34.89792000001762,3,3.7493735831217734,RankSurprise
microGPi2_R_4-5+,4,551587.96288,551621.09952,33.13664000004064,551587.96288,551621.09952,33.13664000004064,3,3.955766348757793,RankSurprise
microGPi2_R_4-5+,4,552965.12,553007.84128,42.72128000005614,552965.12,553007.84128,42.72128000005614,3,3.6836142151307136,RankSurprise
microGPi2_R_4-5+,4,553773.34272,553791.6928,18.3500800000038,553773.34272,553791.6928,18.3500800000038,3,6.602683077670941,RankSurprise
microGPi2_R_4-5+,4,560223.27296,560281.10848,57.83552000008058,560223.27296,560281.10848,57.83552000008058,4,5.3702660488254,RankSurprise
microGPi2_R_4-5+,4,561385.96352,561445.60128,59.63775999995414,561385.96352,561445.60128,59.63775999995414,4,5.160260989961316,RankSurprise
microGPi2_R_4-5+,4,567509.36064,567544.4224,35.061760000069626,567509.36064,567544.4224,35.061760000069626,3,3.7944459274754703,RankSurprise
microGPi2_R_4-5+,4,575718.44096,575842.9184,124.47743999992963,575718.44096,575842.9184,124.47743999992963,5,4.231041820662764,RankSurprise
microGPi2_R_4-5+,4,586900.11136,587010.33472,110.2233600000618,586900.11136,587010.33472,110.2233600000618,5,4.875312572535812,RankSurprise
microGPi2_R_4-5+,4,589593.55904,589635.82976,42.27072000002954,589593.55904,589635.82976,42.27072000002954,3,3.6557764986333403,RankSurprise
microGPi2_R_4-5+,4,592918.03648,593094.77888,176.74239999998827,592918.03648,593094.77888,176.74239999998827,6,4.811722761230278,RankSurprise
microGPi2_R_4-5+,4,595683.00032,595724.04224,41.04191999998875,595683.00032,595724.04224,41.04191999998875,3,3.8196756281397928,RankSurprise
microGPi2_R_4-5+,4,595929.7024,595946.65984,16.957440000027418,595929.7024,595946.65984,16.957440000027418,3,7.130666251225646,RankSurprise
microGPi2_R_4-5+,4,599961.43616,600049.29536,87.85919999994803,599961.43616,600049.29536,87.85919999994803,4,4.086894498306684,RankSurprise
microGPi2_R_4-5+,4,602452.29568,602490.92096,38.62528000003658,602452.29568,602490.92096,38.62528000003658,3,4.039006642931904,RankSurprise
microGPi2_R_4-5+,4,603188.79744,603260.19072,71.39327999996021,603188.79744,603260.19072,71.39327999996021,4,4.491721800479979,RankSurprise
microGPi2_R_4-5+,4,603549.696,603570.3808,20.68480000004638,603549.696,603570.3808,20.68480000004638,3,6.64015510533469,RankSurprise
microGPi2_R_4-5+,4,604852.75648,604876.55424,23.797759999986738,604852.75648,604876.55424,23.797759999986738,3,6.162901153370074,RankSurprise
microGPi2_R_4-5+,4,612029.11232,612071.91552,42.80320000008214,612029.11232,612071.91552,42.80320000008214,3,3.6793061885216307,RankSurprise
microGPi2_R_4-5+,4,618410.22976,618452.74624,42.516479999991134,618410.22976,618452.74624,42.516479999991134,3,3.7206120167119163,RankSurprise
microGPi2_R_4-5+,4,620027.20768,620048.01536,20.80767999996897,620027.20768,620048.01536,20.80767999996897,3,6.383163656650124,RankSurprise
microGPi2_R_4-5+,4,622541.0048,622608.22016,67.21536000003107,622541.0048,622608.22016,67.21536000003107,4,4.783722762507743,RankSurprise
microGPi2_R_4-5+,4,625027.80928,625307.648,279.83871999999974,625027.80928,625307.648,279.83871999999974,7,4.553730036104143,RankSurprise
microGPi2_R_4-5+,4,633082.6752,633226.19904,143.52383999992162,633082.6752,633226.19904,143.52383999992162,5,3.7738424107255746,RankSurprise
microGPi2_R_4-5+,4,640207.2576,640354.42688,147.169280000031,640207.2576,640354.42688,147.169280000031,5,3.5799911566984015,RankSurprise
microGPi2_R_4-6+,4,4432.24064,4585.96352,153.72288000000026,4432.24064,4585.96352,153.72288000000026,6,4.531569593893029,RankSurprise
microGPi2_R_4-6+,4,8817.41824,8890.65472,73.23647999999957,8817.41824,8890.65472,73.23647999999957,4,4.155049167656145,RankSurprise
microGPi2_R_4-6+,4,12779.88864,12874.71104,94.82240000000093,12779.88864,12874.71104,94.82240000000093,5,5.230481637545328,RankSurprise
microGPi2_R_4-6+,4,19637.00224,19675.58656,38.584319999998115,19637.00224,19675.58656,38.584319999998115,3,4.137118854724857,RankSurprise
microGPi2_R_4-6+,4,19944.69376,19978.32192,33.62816000000021,19944.69376,19978.32192,33.62816000000021,3,4.618008594458223,RankSurprise
microGPi2_R_4-6+,4,20348.60032,20386.32448,37.72415999999794,20348.60032,20386.32448,37.72415999999794,3,4.27796905079647,RankSurprise
microGPi2_R_4-6+,4,27097.33376,27122.64704,25.313279999998485,27097.33376,27122.64704,25.313279999998485,3,5.578819610896849,RankSurprise
microGPi2_R_4-6+,4,47056.44544,47082.16832,25.722879999993893,47056.44544,47082.16832,25.722879999993893,3,5.828480615244329,RankSurprise
microGPi2_R_4-6+,4,56165.7856,56268.1856,102.39999999999418,56165.7856,56268.1856,102.39999999999418,6,6.862242545141527,RankSurprise
microGPi2_R_4-6+,4,58857.92256,58972.11904,114.1964799999987,58857.92256,58972.11904,114.1964799999987,5,4.129545247538015,RankSurprise
microGPi2_R_4-6+,4,64507.98592,64596.04992,88.06399999999849,64507.98592,64596.04992,88.06399999999849,4,3.712702458839079,RankSurprise
microGPi2_R_4-6+,4,65284.34176,65342.34112,57.99935999999434,65284.34176,65342.34112,57.99935999999434,4,4.694580405655486,RankSurprise
microGPi2_R_4-6+,4,66236.49792,66272.62464,36.126720000000205,66236.49792,66272.62464,36.126720000000205,3,4.320103609597425,RankSurprise
microGPi2_R_4-6+,4,66774.67136,67087.07328,312.4019200000039,66774.67136,67087.07328,312.4019200000039,7,4.059584884620201,RankSurprise
microGPi2_R_4-6+,4,68396.97408,68417.86368,20.88959999999497,68396.97408,68417.86368,20.88959999999497,3,7.075474498091269,RankSurprise
microGPi2_R_4-6+,4,72807.50592,72845.96736,38.46143999999913,72807.50592,72845.96736,38.46143999999913,3,4.151744153848648,RankSurprise
microGPi2_R_4-6+,4,73368.45312,73407.65184,39.19872000000032,73368.45312,73407.65184,39.19872000000032,3,3.996463322069795,RankSurprise
microGPi2_R_4-6+,4,74428.66176,74463.60064,34.93888000000152,74428.66176,74463.60064,34.93888000000152,3,3.9583455643787513,RankSurprise
microGPi2_R_4-6+,4,75203.01056,75237.66272,34.65215999999782,75203.01056,75237.66272,34.65215999999782,3,4.8090924537611865,RankSurprise
microGPi2_R_4-6+,4,77573.12,77595.97568,22.85568000000785,77573.12,77595.97568,22.85568000000785,3,5.505281804819438,RankSurprise
microGPi2_R_4-6+,4,79037.48096,79078.72768,41.24671999999555,79037.48096,79078.72768,41.24671999999555,3,3.7357773419331526,RankSurprise
microGPi2_R_4-6+,4,84054.99904,84186.35776,131.3587200000038,84054.99904,84186.35776,131.3587200000038,6,5.359346513205658,RankSurprise
microGPi2_R_4-6+,4,86557.4912,86596.608,39.11679999998887,86557.4912,86596.608,39.11679999998887,4,8.844914025991311,RankSurprise
microGPi2_R_4-6+,4,86995.31264,87063.22432,67.91167999999016,86995.31264,87063.22432,67.91167999999016,4,4.4685873167797325,RankSurprise
microGPi2_R_4-6+,4,87830.60992,87928.99584,98.38592000000062,87830.60992,87928.99584,98.38592000000062,5,4.440870655587641,RankSurprise
microGPi2_R_4-6+,4,95467.35616,95592.6528,125.29664000000048,95467.35616,95592.6528,125.29664000000048,5,3.9297989939937956,RankSurprise
microGPi2_R_4-6+,4,96590.60224,96625.33632,34.73408000000927,96590.60224,96625.33632,34.73408000000927,3,4.788804860403124,RankSurprise
microGPi2_R_4-6+,4,97913.856,97954.65216,40.79615999999805,97913.856,97954.65216,40.79615999999805,3,3.7983455279004605,RankSurprise
microGPi2_R_4-6+,4,122071.32672,122175.97952,104.6527999999962,122071.32672,122175.97952,104.6527999999962,5,4.756530851078484,RankSurprise
microGPi2_R_4-6+,4,127033.42592,127068.07808,34.65216000001237,127033.42592,127068.07808,34.65216000001237,3,4.782087804853447,RankSurprise
microGPi2_R_4-6+,4,131101.61408,131179.56096,77.94688000000315,131101.61408,131179.56096,77.94688000000315,4,3.6917792947564756,RankSurprise
microGPi2_R_4-6+,4,132465.2544,132505.96864,40.714240000001155,132465.2544,132505.96864,40.714240000001155,3,3.640706075135025,RankSurprise
microGPi2_R_4-6+,4,135221.90336,135318.36416,96.46080000000075,135221.90336,135318.36416,96.46080000000075,5,4.668629213487481,RankSurprise
microGPi2_R_4-6+,4,140066.2016,140143.98464,77.78304000000935,140066.2016,140143.98464,77.78304000000935,4,3.8067933933571325,RankSurprise
microGPi2_R_4-6+,4,142128.3328,142207.75424,79.42144000000553,142128.3328,142207.75424,79.42144000000553,4,3.6047465902630194,RankSurprise
microGPi2_R_4-6+,4,144850.37056,145046.81472,196.44415999998455,144850.37056,145046.81472,196.44415999998455,8,6.013943613508191,RankSurprise
microGPi2_R_4-6+,4,164895.78496,165042.176,146.3910400000168,164895.78496,165042.176,146.3910400000168,6,5.296483008539006,RankSurprise
microGPi2_R_4-6+,4,173737.73824,173806.7968,69.05856000000495,173737.73824,173806.7968,69.05856000000495,5,8.192363682565887,RankSurprise
microGPi2_R_4-6+,4,182104.064,182137.48736,33.42335999998613,182104.064,182137.48736,33.42335999998613,3,4.363144967369687,RankSurprise
microGPi2_R_4-6+,4,185743.07328,185782.80448,39.73119999998016,185743.07328,185782.80448,39.73119999998016,3,3.7881205540814182,RankSurprise
microGPi2_R_4-6+,4,191312.2816,191340.09344,27.811840000009397,191312.2816,191340.09344,27.811840000009397,3,4.93533953751197,RankSurprise
microGPi2_R_4-6+,4,198816.07168,198969.99936,153.92767999999342,198816.07168,198969.99936,153.92767999999342,6,4.262691989130913,RankSurprise
microGPi2_R_4-6+,4,204195.4304,204218.08128,22.650880000001052,204195.4304,204218.08128,22.650880000001052,3,5.303968885767713,RankSurprise
microGPi2_R_4-6+,4,211266.9696,211300.9664,33.99679999999353,211266.9696,211300.9664,33.99679999999353,3,4.874728790356473,RankSurprise
microGPi2_R_4-6+,4,213492.61312,213560.40192,67.78880000000936,213492.61312,213560.40192,67.78880000000936,4,4.679200135089275,RankSurprise
microGPi2_R_4-6+,4,217675.03872,217740.57472,65.53599999999278,217675.03872,217740.57472,65.53599999999278,4,4.401027497255328,RankSurprise
microGPi2_R_4-6+,4,218050.56,218089.96352,39.40351999999257,218050.56,218089.96352,39.40351999999257,3,3.962792482537578,RankSurprise
microGPi2_R_4-6+,4,218513.8176,218542.4896,28.671999999991385,218513.8176,218542.4896,28.671999999991385,3,5.295282651233011,RankSurprise
microGPi2_R_4-6+,4,220908.38016,221027.24608,118.8659200000111,220908.38016,221027.24608,118.8659200000111,5,4.026278633225761,RankSurprise
microGPi2_R_4-6+,4,223659.78624,223791.14496,131.35872000001837,223659.78624,223791.14496,131.35872000001837,5,3.9581828211942316,RankSurprise
microGPi2_R_4-6+,4,226961.32608,227096.90368,135.57759999998962,226961.32608,227096.90368,135.57759999998962,5,3.8870791261244513,RankSurprise
microGPi2_R_4-6+,4,230983.96672,231167.05792,183.0911999999953,230983.96672,231167.05792,183.0911999999953,6,3.8179493630661003,RankSurprise
microGPi2_R_4-6+,4,231426.49856,231458.57024,32.07167999999365,231426.49856,231458.57024,32.07167999999365,3,3.6925324034622395,RankSurprise
microGPi2_R_4-6+,4,233636.08576,233660.8256,24.739840000023833,233636.08576,233660.8256,24.739840000023833,3,6.649338955809538,RankSurprise
microGPi2_R_4-6+,4,235731.80416,235759.90272,28.098560000013094,235731.80416,235759.90272,28.098560000013094,3,6.200493208955651,RankSurprise
microGPi2_R_4-6+,4,239126.24128,239161.30304,35.06176000001142,239126.24128,239161.30304,35.06176000001142,3,4.72914836686286,RankSurprise
microGPi2_R_4-6+,4,239642.25536,239719.0144,76.75903999997536,239642.25536,239719.0144,76.75903999997536,4,4.280737320714529,RankSurprise
microGPi2_R_4-6+,4,243081.70752,243181.48608,99.77856000000611,243081.70752,243181.48608,99.77856000000611,5,4.862246642958727,RankSurprise
microGPi2_R_4-6+,4,248681.0624,248720.7936,39.73120000000927,248681.0624,248720.7936,39.73120000000927,3,3.9035776131527946,RankSurprise
microGPi2_R_4-6+,4,253059.56352,253155.81952,96.25599999999395,253059.56352,253155.81952,96.25599999999395,5,5.168609890365708,RankSurprise
microGPi2_R_4-6+,4,254011.71968,254045.83936,34.11968000000343,254011.71968,254045.83936,34.11968000000343,4,8.79073629730662,RankSurprise
microGPi2_R_4-6+,4,257263.73888,257309.4912,45.7523199999996,257263.73888,257309.4912,45.7523199999996,4,7.6953133092174895,RankSurprise
microGPi2_R_4-6+,4,258068.72576,258097.5616,28.835839999985183,258068.72576,258097.5616,28.835839999985183,3,5.1290393645348065,RankSurprise
microGPi2_R_4-6+,4,269232.5376,269266.78016,34.24256000004243,269232.5376,269266.78016,34.24256000004243,3,4.560165868855387,RankSurprise
microGPi2_R_4-6+,4,270434.7136,270559.4368,124.72320000000764,270434.7136,270559.4368,124.72320000000764,5,4.0835614331336,RankSurprise
microGPi2_R_4-6+,4,271110.92224,271146.27072,35.34847999998601,271110.92224,271146.27072,35.34847999998601,3,3.8992602869593433,RankSurprise
microGPi2_R_4-6+,4,273642.57792,273709.83424,67.25631999998586,273642.57792,273709.83424,67.25631999998586,4,4.545844819914805,RankSurprise
microGPi2_R_4-6+,4,275476.6848,275517.80864,41.12384000001475,275476.6848,275517.80864,41.12384000001475,3,3.7497355276807074,RankSurprise
microGPi2_R_4-6+,4,276322.63168,276347.04384,24.412160000007134,276322.63168,276347.04384,24.412160000007134,3,6.255764594222896,RankSurprise
microGPi2_R_4-6+,4,290514.04288,290556.19072,42.14783999999054,290514.04288,290556.19072,42.14783999999054,3,3.623724837266284,RankSurprise
microGPi2_R_4-6+,4,294422.60992,294450.5856,27.97567999997409,294422.60992,294450.5856,27.97567999997409,3,5.862718325590064,RankSurprise
microGPi2_R_4-6+,4,305716.26496,305794.82624,78.56128000002354,305716.26496,305794.82624,78.56128000002354,4,3.678318124441045,RankSurprise
microGPi2_R_4-6+,4,308436.1728,308492.53376,56.360960000019986,308436.1728,308492.53376,56.360960000019986,4,4.611781553344489,RankSurprise
microGPi2_R_4-6+,4,308840.6528,308878.90944,38.256640000035986,308840.6528,308878.90944,38.256640000035986,3,4.108185247375841,RankSurprise
microGPi2_R_4-6+,4,310649.11872,310678.40512,29.286399999982677,310649.11872,310678.40512,29.286399999982677,3,4.178838174534823,RankSurprise
microGPi2_R_4-6+,4,311192.86272,311268.06528,75.20256000000518,311192.86272,311268.06528,75.20256000000518,4,3.8401128343172743,RankSurprise
microGPi2_R_4-6+,4,312113.3568,312144.73216,31.375360000005458,312113.3568,312144.73216,31.375360000005458,3,5.549079240267071,RankSurprise
microGPi2_R_4-6+,4,312797.22496,312837.16096,39.93599999998696,312797.22496,312837.16096,39.93599999998696,3,3.8928017218870306,RankSurprise
microGPi2_R_4-6+,4,315463.39328,315532.4928,69.09951999998884,315463.39328,315532.4928,69.09951999998884,4,4.466998754094593,RankSurprise
microGPi2_R_4-6+,4,317500.94848,317517.12768,16.179199999955017,317500.94848,317517.12768,16.179199999955017,3,7.9644339949814,RankSurprise
microGPi2_R_4-6+,4,318670.88896,318708.16256,37.273600000014994,318670.88896,318708.16256,37.273600000014994,3,4.2598106823683235,RankSurprise
microGPi2_R_4-6+,4,328668.73344,328700.5184,31.784960000019055,328668.73344,328700.5184,31.784960000019055,3,5.024160869746838,RankSurprise
microGPi2_R_4-6+,4,331078.57408,331154.14528,75.57120000000577,331078.57408,331154.14528,75.57120000000577,4,3.9131599305560947,RankSurprise
microGPi2_R_4-6+,4,332908.38016,332951.63392,43.253759999992326,332908.38016,332951.63392,43.253759999992326,3,3.515837600119321,RankSurprise
microGPi2_R_4-6+,4,344479.3344,344519.80288,40.468479999981355,344479.3344,344519.80288,40.468479999981355,3,3.7718685559408183,RankSurprise
microGPi2_R_4-6+,4,347204.93568,347267.97312,63.03743999998551,347204.93568,347267.97312,63.03743999998551,4,5.0219147870242296,RankSurprise
microGPi2_R_4-6+,4,355923.1488,355951.94368,28.794880000001285,355923.1488,355951.94368,28.794880000001285,3,4.223981174607646,RankSurprise
microGPi2_R_4-6+,4,357631.87712,357695.56992,63.6927999999607,357631.87712,357695.56992,63.6927999999607,4,5.023826224369497,RankSurprise
microGPi2_R_4-6+,4,360021.23776,360050.76992,29.532160000002477,360021.23776,360050.76992,29.532160000002477,3,3.8799468265953845,RankSurprise
microGPi2_R_4-6+,4,364424.31488,364465.93024,41.615359999996144,364424.31488,364465.93024,41.615359999996144,3,3.714037992152372,RankSurprise
microGPi2_R_4-6+,4,368229.21216,368303.39072,74.17856000002939,368229.21216,368303.39072,74.17856000002939,4,4.031667275410808,RankSurprise
microGPi2_R_4-6+,4,373925.96992,373971.80416,45.8342399999965,373925.96992,373971.80416,45.8342399999965,4,6.80675368408038,RankSurprise
microGPi2_R_4-6+,4,380876.22656,380954.66496,78.43840000004275,380876.22656,380954.66496,78.43840000004275,4,3.8414017711230066,RankSurprise
microGPi2_R_4-6+,4,394754.00704,394789.888,35.880959999980405,394754.00704,394789.888,35.880959999980405,3,4.575226189522704,RankSurprise
microGPi2_R_4-6+,4,412947.2512,412976.86528,29.61408000002848,412947.2512,412976.86528,29.61408000002848,3,4.216386225729318,RankSurprise
microGPi2_R_4-6+,4,427947.74528,428020.77696,73.0316800000146,427947.74528,428020.77696,73.0316800000146,4,4.209937563280494,RankSurprise
microGPi2_R_4-6+,4,430184.52992,430254.94016,70.41023999999743,430184.52992,430254.94016,70.41023999999743,4,4.331917697541584,RankSurprise
microGPi2_R_4-6+,4,436468.03968,436536.36096,68.32128000003286,436468.03968,436536.36096,68.32128000003286,4,3.765029372846051,RankSurprise
microGPi2_R_4-6+,4,441826.67264,442223.57504,396.90240000002086,441826.67264,442223.57504,396.90240000002086,9,3.987004417723673,RankSurprise
microGPi2_R_4-6+,4,446934.8352,446953.8816,19.0464000000502,446934.8352,446953.8816,19.0464000000502,3,6.582246415814163,RankSurprise
microGPi2_R_4-6+,4,458853.82656,458883.52256,29.695999999996275,458853.82656,458883.52256,29.695999999996275,3,5.729149668430818,RankSurprise
microGPi2_R_4-6+,4,463389.65504,463456.17408,66.51904000004288,463389.65504,463456.17408,66.51904000004288,5,7.179679546339319,RankSurprise
microGPi2_R_4-6+,4,480061.0304,480174.53056,113.50015999999596,480061.0304,480174.53056,113.50015999999596,5,4.139468076060769,RankSurprise
microGPi2_R_4-6+,4,480833.00352,480934.37952,101.37599999998929,480833.00352,480934.37952,101.37599999998929,5,4.871515102529312,RankSurprise
microGPi2_R_4-6+,4,486876.28288,486915.2768,38.99391999997897,486876.28288,486915.2768,38.99391999997897,3,4.06321292258607,RankSurprise
microGPi2_R_4-6+,4,487473.39776,487628.02176,154.6239999999525,487473.39776,487628.02176,154.6239999999525,6,4.744276493676888,RankSurprise
microGPi2_R_4-6+,4,489908.26496,489947.58656,39.32160000002477,489908.26496,489947.58656,39.32160000002477,3,3.97619287185489,RankSurprise
microGPi2_R_4-6+,4,491106.14016,491139.11296,32.97279999998864,491106.14016,491139.11296,32.97279999998864,3,4.0100919993041,RankSurprise
microGPi2_R_4-6+,4,497272.832,497311.21152,38.37952000001678,497272.832,497311.21152,38.37952000001678,3,4.156643117106428,RankSurprise
microGPi2_R_4-6+,4,508353.61792,508391.58784,37.969920000003185,508353.61792,508391.58784,37.969920000003185,3,4.06321292258607,RankSurprise
microGPi2_R_4-6+,4,509779.27168,509844.64384,65.37215999996988,509779.27168,509844.64384,65.37215999996988,4,4.713486230024188,RankSurprise
microGPi2_R_4-6+,4,511681.86368,511723.02848,41.164799999969546,511681.86368,511723.02848,41.164799999969546,3,3.7537415390380975,RankSurprise
microGPi2_R_4-6+,4,517835.12064,517898.07616,62.955520000017714,517835.12064,517898.07616,62.955520000017714,4,5.044932809032769,RankSurprise
microGPi2_R_4-6+,4,519435.22304,519783.99744,348.7743999999948,519435.22304,519783.99744,348.7743999999948,7,3.7739211888586426,RankSurprise
microGPi2_R_4-6+,4,535472.5376,536053.5552,581.0175999999046,535472.5376,536053.5552,581.0175999999046,12,4.120265508316195,RankSurprise
microGPi2_R_4-6+,4,536410.7264,536451.44064,40.714240000001155,536410.7264,536451.44064,40.714240000001155,3,3.804505698664956,RankSurprise
microGPi2_R_4-6+,4,539044.6592,539078.94272,34.28352000005543,539044.6592,539078.94272,34.28352000005543,3,4.826157416132679,RankSurprise
microGPi2_R_4-6+,4,553777.9712,554123.42784,345.4566399999894,553777.9712,554123.42784,345.4566399999894,7,3.643721920837387,RankSurprise
microGPi2_R_4-6+,4,554526.14656,554555.88352,29.736960000009276,554526.14656,554555.88352,29.736960000009276,3,5.49567793098784,RankSurprise
microGPi2_R_4-6+,4,560607.55968,560631.31648,23.756800000090152,560607.55968,560631.31648,23.756800000090152,3,7.096695005626863,RankSurprise
microGPi2_R_4-6+,4,561385.92256,561421.14816,35.225600000005215,561385.92256,561421.14816,35.225600000005215,3,3.925305155361748,RankSurprise
microGPi2_R_4-6+,4,575237.85728,575278.85824,41.00095999997575,575237.85728,575278.85824,41.00095999997575,3,3.76984631056005,RankSurprise
microGPi2_R_4-6+,4,579626.10688,580141.13792,515.0310400000308,579626.10688,580141.13792,515.0310400000308,11,4.795358170097966,RankSurprise
microGPi2_R_4-6+,4,593766.35904,593897.34912,130.99008000001777,593766.35904,593897.34912,130.99008000001777,6,5.369088358651098,RankSurprise
microGPi2_R_4-6+,4,595929.74336,595946.65984,16.916480000014417,595929.74336,595946.65984,16.916480000014417,3,7.86802823493319,RankSurprise
microGPi2_R_4-6+,4,599882.38336,600049.29536,166.91200000001118,599882.38336,600049.29536,166.91200000001118,6,4.469078101813792,RankSurprise
microGPi2_R_4-6+,4,602452.25472,602490.88,38.62528000003658,602452.25472,602490.88,38.62528000003658,3,4.01694132329825,RankSurprise
microGPi2_R_4-6+,4,604820.6848,604876.51328,55.82847999990918,604820.6848,604876.51328,55.82847999990918,4,4.8456662298327515,RankSurprise
microGPi2_R_4-6+,4,605458.71872,605562.59328,103.87456000002567,605458.71872,605562.59328,103.87456000002567,5,5.097849144927796,RankSurprise
microGPi2_R_4-6+,4,607452.16,607691.20256,239.04255999997258,607452.16,607691.20256,239.04255999997258,7,3.666847433196687,RankSurprise
microGPi2_R_4-6+,4,613030.13376,613064.62208,34.48832000000402,613030.13376,613064.62208,34.48832000000402,3,4.415489577751133,RankSurprise
microGPi2_R_4-6+,4,622516.55168,622587.82208,71.27039999992121,622516.55168,622587.82208,71.27039999992121,5,7.026838892088765,RankSurprise
microGPi2_R_4-6+,4,623363.80928,623404.72832,40.919039999949746,623363.80928,623404.72832,40.919039999949746,4,6.866230904767622,RankSurprise
microGPi2_R_4-6+,4,627611.72992,627658.71104,46.98112000001129,627611.72992,627658.71104,46.98112000001129,4,7.234191894110907,RankSurprise
microGPi2_R_7-8+,0,661.7088,828.0064,166.2976,661.7088,828.0064,166.2976,4,4.52939812288167,RankSurprise
microGPi2_R_7-8+,0,1451.78624,2325.54496,873.7587200000003,1451.78624,2325.54496,873.7587200000003,7,4.098457064545748,RankSurprise
microGPi2_R_7-8+,0,6254.83776,6275.31776,20.479999999999563,6254.83776,6275.31776,20.479999999999563,3,6.852890071875292,RankSurprise
microGPi2_R_7-8+,0,25109.0944,25182.45376,73.35935999999856,25109.0944,25182.45376,73.35935999999856,3,4.195775986349878,RankSurprise
microGPi2_R_7-8+,0,28022.1696,28105.19552,83.02592000000004,28022.1696,28105.19552,83.02592000000004,3,3.9646185062391375,RankSurprise
microGPi2_R_7-8+,0,41967.73888,42176.3072,208.56832000000577,41967.73888,42176.3072,208.56832000000577,4,3.9878893902288723,RankSurprise
microGPi2_R_7-8+,0,46225.08032,46305.4848,80.40447999999742,46225.08032,46305.4848,80.40447999999742,3,3.9969817566882764,RankSurprise
microGPi2_R_7-8+,0,47512.61696,47558.94272,46.32575999999972,47512.61696,47558.94272,46.32575999999972,4,8.262122351329408,RankSurprise
microGPi2_R_7-8+,0,56958.44352,57178.07104,219.62752000000182,56958.44352,57178.07104,219.62752000000182,4,3.762501597418723,RankSurprise
microGPi2_R_7-8+,0,59883.39712,62131.6096,2248.212480000002,59883.39712,62131.6096,2248.212480000002,15,5.612472020320306,RankSurprise
microGPi2_R_7-8+,0,67048.98048,67257.344,208.36351999999897,67048.98048,67257.344,208.36351999999897,4,3.873079336845908,RankSurprise
microGPi2_R_7-8+,0,98173.41952,98588.75392,415.334400000007,98173.41952,98588.75392,415.334400000007,5,3.771585075436949,RankSurprise
microGPi2_R_7-8+,0,104037.41696,105403.88352,1366.4665600000008,104037.41696,105403.88352,1366.4665600000008,10,4.97256271520482,RankSurprise
microGPi2_R_7-8+,0,114809.81504,114968.28928,158.47423999999592,114809.81504,114968.28928,158.47423999999592,4,4.792982656351612,RankSurprise
microGPi2_R_7-8+,0,117459.80416,117998.01856,538.2143999999971,117459.80416,117998.01856,538.2143999999971,6,3.989027036256907,RankSurprise
microGPi2_R_7-8+,0,136795.99616,137513.82016,717.8239999999932,136795.99616,137513.82016,717.8239999999932,11,10.396735318542722,RankSurprise
microGPi2_R_7-8+,0,140511.55968,141531.79136,1020.2316799999971,140511.55968,141531.79136,1020.2316799999971,8,3.9163564950483605,RankSurprise
microGPi2_R_7-8+,0,145534.64832,145557.42208,22.77375999998185,145534.64832,145557.42208,22.77375999998185,3,6.597757199587942,RankSurprise
microGPi2_R_7-8+,0,176451.01056,176506.79808,55.78752000001259,176451.01056,176506.79808,55.78752000001259,3,4.575613293750418,RankSurprise
microGPi2_R_7-8+,0,193245.67552,193270.9888,25.313280000002123,193245.67552,193270.9888,25.313280000002123,3,6.393026536025557,RankSurprise
microGPi2_R_7-8+,0,202090.82368,202249.13408,158.31039999998757,202090.82368,202249.13408,158.31039999998757,4,4.747412073321335,RankSurprise
microGPi2_R_7-8+,0,206840.58624,207050.67008,210.0838400000066,206840.58624,207050.67008,210.0838400000066,4,4.164647545664735,RankSurprise
microGPi2_R_7-8+,0,230733.57824,230774.82496,41.24671999999555,230733.57824,230774.82496,41.24671999999555,3,5.406254248566652,RankSurprise
microGPi2_R_7-8+,0,231180.9024,231964.34432,783.441920000012,231180.9024,231964.34432,783.441920000012,7,3.6233515038807997,RankSurprise
microGPi2_R_7-8+,0,234689.65888,235112.73472,423.075840000005,234689.65888,235112.73472,423.075840000005,7,7.552824638818159,RankSurprise
microGPi2_R_7-8+,0,239582.78144,240138.48576,555.7043200000189,239582.78144,240138.48576,555.7043200000189,6,3.97574630134758,RankSurprise
microGPi2_R_7-8+,0,256386.41664,256510.89408,124.47743999998784,256386.41664,256510.89408,124.47743999998784,4,5.458590833423841,RankSurprise
microGPi2_R_7-8+,0,259129.67168,259167.72352,38.051840000000084,259129.67168,259167.72352,38.051840000000084,3,5.459769745685003,RankSurprise
microGPi2_R_7-8+,0,264414.69952,264851.70176,437.0022400000016,264414.69952,264851.70176,437.0022400000016,5,3.567935455679528,RankSurprise
microGPi2_R_7-8+,0,293439.61088,293489.2544,49.643519999983255,293439.61088,293489.2544,49.643519999983255,3,4.757972823545574,RankSurprise
microGPi2_R_7-8+,0,306926.63296,307004.0064,77.37343999999575,306926.63296,307004.0064,77.37343999999575,4,6.674991792455881,RankSurprise
microGPi2_R_7-8+,0,342154.89536,343414.3744,1259.4790399999474,342154.89536,343414.3744,1259.4790399999474,11,5.927636606444277,RankSurprise
microGPi2_R_7-8+,0,344216.24832,344398.11072,181.8623999999836,344216.24832,344398.11072,181.8623999999836,4,4.334906224119258,RankSurprise
microGPi2_R_7-8+,0,376001.65888,376171.35616,169.69728000002215,376001.65888,376171.35616,169.69728000002215,5,6.894203183465937,RankSurprise
microGPi2_R_7-8+,0,404035.42016,404086.70208,51.281920000037644,404035.42016,404086.70208,51.281920000037644,3,4.786819644172903,RankSurprise
microGPi2_R_7-8+,0,419466.19904,420762.78784,1296.5888000000268,419466.19904,420762.78784,1296.5888000000268,9,3.8223444205653827,RankSurprise
microGPi2_R_7-8+,0,425780.75648,425828.51584,47.75936000002548,425780.75648,425828.51584,47.75936000002548,3,4.9376458061534425,RankSurprise
microGPi2_R_7-8+,0,432026.4192,432937.08288,910.6636799999978,432026.4192,432937.08288,910.6636799999978,8,4.105972249560263,RankSurprise
microGPi2_R_7-8+,0,433736.66304,433778.40128,41.73823999997694,433736.66304,433778.40128,41.73823999997694,3,5.303336588773796,RankSurprise
microGPi2_R_7-8+,0,434697.95328,435146.1376,448.1843200000003,434697.95328,435146.1376,448.1843200000003,5,3.567935455679528,RankSurprise
microGPi2_R_7-8+,0,445041.41824,445138.86208,97.44383999996353,445041.41824,445138.86208,97.44383999996353,3,3.683559231338874,RankSurprise
microGPi2_R_7-8+,0,488578.29376,488732.18048,153.88672000000952,488578.29376,488732.18048,153.88672000000952,4,4.8809960458655155,RankSurprise
microGPi2_R_7-8+,0,491156.76672,491223.4496,66.68287999997847,491156.76672,491223.4496,66.68287999997847,4,7.2993853510733935,RankSurprise
microGPi2_R_7-8+,0,500069.66272,500285.27616,215.61343999998644,500069.66272,500285.27616,215.61343999998644,5,5.9406526851342,RankSurprise
microGPi2_R_7-8+,0,503831.26528,504183.3984,352.13312000001315,503831.26528,504183.3984,352.13312000001315,6,5.799541689230679,RankSurprise
microGPi2_R_7-8+,0,535767.57248,536051.87584,284.3033600000199,535767.57248,536051.87584,284.3033600000199,6,6.648754475639272,RankSurprise
microGPi2_R_7-8+,0,542230.28224,542718.03392,487.75167999998666,542230.28224,542718.03392,487.75167999998666,7,5.830608724746775,RankSurprise
microGPi2_R_7-8+,0,551772.48768,552093.57312,321.0854399999371,551772.48768,552093.57312,321.0854399999371,5,4.3850459880980175,RankSurprise
microGPi2_R_7-8+,0,553653.41184,553739.30496,85.89312000002246,553653.41184,553739.30496,85.89312000002246,3,3.798368603364386,RankSurprise
microGPi2_R_7-8+,0,558832.64,558921.40032,88.76032000000123,558832.64,558921.40032,88.76032000000123,3,3.780721391881732,RankSurprise
microGPi2_R_7-8+,0,567571.53792,568241.88928,670.3513599999715,567571.53792,568241.88928,670.3513599999715,7,4.312085573451975,RankSurprise
microGPi2_R_7-8+,0,569972.20352,570035.07712,62.87360000004992,569972.20352,570035.07712,62.87360000004992,3,4.3688167940508915,RankSurprise
microGPi2_R_7-8+,0,571789.43488,572202.3936,412.9587199999951,571789.43488,572202.3936,412.9587199999951,6,5.087100469704815,RankSurprise
microGPi2_R_7-8+,0,591905.9968,591927.66464,21.667840000009164,591905.9968,591927.66464,21.667840000009164,3,6.646246204291161,RankSurprise
microGPi2_R_7-8+,0,608292.82304,608335.21664,42.39359999995213,608292.82304,608335.21664,42.39359999995213,3,5.341312793630008,RankSurprise
microGPi2_R_7-8+,0,610773.52448,610998.0672,224.54272000002675,610773.52448,610998.0672,224.54272000002675,4,3.6768833396203533,RankSurprise
microGPi2_R_7-8+,0,615425.06496,615506.1248,81.05984000000171,615425.06496,615506.1248,81.05984000000171,3,3.8890187672128693,RankSurprise
microGPi2_R_7-8+,0,623448.84224,624259.85024,811.0080000000307,623448.84224,624259.85024,811.0080000000307,8,4.745481662705073,RankSurprise
microGPi2_R_7-8+,0,635359.27296,635980.10368,620.830719999969,635359.27296,635980.10368,620.830719999969,6,3.662825280698891,RankSurprise
microGPi2_R_7-8+,1,20430.88896,22370.54976,1939.6608000000015,20430.88896,22370.54976,1939.6608000000015,8,5.941164251982585,RankSurprise
microGPi2_R_7-8+,1,69305.42592,69935.18592,629.7600000000093,69305.42592,69935.18592,629.7600000000093,4,3.742161167213059,RankSurprise
microGPi2_R_7-8+,1,198985.80992,199454.84288,469.03296000001137,198985.80992,199454.84288,469.03296000001137,4,4.658316480304425,RankSurprise
microGPi2_R_7-8+,1,201226.73152,201261.79328,35.06176000001142,201226.73152,201261.79328,35.06176000001142,3,7.951277601332287,RankSurprise
microGPi2_R_7-8+,1,207970.79552,208562.01216,591.2166399999987,207970.79552,208562.01216,591.2166399999987,4,4.09946355320529,RankSurprise
microGPi2_R_7-8+,1,229263.60576,230556.22144,1292.615679999988,229263.60576,230556.22144,1292.615679999988,6,5.1481987587805484,RankSurprise
microGPi2_R_7-8+,1,259783.68,261023.00672,1239.3267200000118,259783.68,261023.00672,1239.3267200000118,5,3.6560706581203846,RankSurprise
microGPi2_R_7-8+,1,319533.75232,319619.93216,86.17983999999706,319533.75232,319619.93216,86.17983999999706,3,5.997237326193724,RankSurprise
microGPi2_R_7-8+,1,341302.76352,343628.10368,2325.3401600000216,341302.76352,343628.10368,2325.3401600000216,8,5.3833552661499295,RankSurprise
microGPi2_R_7-8+,1,351651.6352,352286.1056,634.4703999999911,351651.6352,352286.1056,634.4703999999911,5,5.785627606434616,RankSurprise
microGPi2_R_7-8+,1,443792.7936,443846.20544,53.41184000001522,443792.7936,443846.20544,53.41184000001522,3,7.162820240968017,RankSurprise
microGPi2_R_7-8+,1,527868.96896,533066.79296,5197.824000000022,527868.96896,533066.79296,5197.824000000022,12,4.647122584082296,RankSurprise
microGPi2_R_7-8+,1,549603.69664,549817.30304,213.60640000004787,549603.69664,549817.30304,213.60640000004787,3,3.943425070463629,RankSurprise
microGPi2_R_7-8+,1,594952.23296,595116.72832,164.4953599999426,594952.23296,595116.72832,164.4953599999426,3,4.5219093427034345,RankSurprise
microGPi2_R_7-8+,1,624614.15424,625329.64352,715.4892800000962,624614.15424,625329.64352,715.4892800000962,4,4.147273835970832,RankSurprise
microGPi3_R_1-2+,0,4224.73728,4935.10656,710.3692799999999,4224.73728,4935.10656,710.3692799999999,9,8.478751339133101,RankSurprise
microGPi3_R_1-2+,0,20583.50592,21239.02976,655.5238400000017,20583.50592,21239.02976,655.5238400000017,9,8.310000640080089,RankSurprise
microGPi3_R_1-2+,0,31459.328,31554.9696,95.64159999999902,31459.328,31554.9696,95.64159999999902,4,6.820431554800837,RankSurprise
microGPi3_R_1-2+,0,38999.32672,40038.48192,1039.155200000001,38999.32672,40038.48192,1039.155200000001,9,4.913927177581696,RankSurprise
microGPi3_R_1-2+,0,43425.46432,43791.89248,366.4281600000031,43425.46432,43791.89248,366.4281600000031,5,4.874633181902446,RankSurprise
microGPi3_R_1-2+,0,46220.94336,46904.68864,683.7452800000028,46220.94336,46904.68864,683.7452800000028,7,5.100050356425982,RankSurprise
microGPi3_R_1-2+,0,53879.31648,54096.24064,216.9241600000023,53879.31648,54096.24064,216.9241600000023,4,4.562922811135007,RankSurprise
microGPi3_R_1-2+,0,58961.34656,59465.97376,504.62720000000263,58961.34656,59465.97376,504.62720000000263,6,4.9655938440334,RankSurprise
microGPi3_R_1-2+,0,72699.78112,73572.80256,873.0214399999968,72699.78112,73572.80256,873.0214399999968,8,4.758868348762267,RankSurprise
microGPi3_R_1-2+,0,81355.776,82164.16256,808.386559999999,81355.776,82164.16256,808.386559999999,8,5.689072687662142,RankSurprise
microGPi3_R_1-2+,0,88644.93568,88771.66592,126.73024000000441,88644.93568,88771.66592,126.73024000000441,3,3.696597894510127,RankSurprise
microGPi3_R_1-2+,0,98769.5104,99229.32736,459.81695999999647,98769.5104,99229.32736,459.81695999999647,7,7.686117623746853,RankSurprise
microGPi3_R_1-2+,0,108707.47136,110078.40256,1370.9312000000064,108707.47136,110078.40256,1370.9312000000064,10,3.931580883959117,RankSurprise
microGPi3_R_1-2+,0,111091.13856,111441.7152,350.5766399999993,111091.13856,111441.7152,350.5766399999993,5,5.144047699462963,RankSurprise
microGPi3_R_1-2+,0,116692.25472,117127.45472,435.1999999999971,116692.25472,117127.45472,435.1999999999971,5,3.803190334507825,RankSurprise
microGPi3_R_1-2+,0,126145.08544,126402.51904,257.43360000000393,126145.08544,126402.51904,257.43360000000393,4,4.052907552956807,RankSurprise
microGPi3_R_1-2+,0,163277.37344,163329.59744,52.22400000001653,163277.37344,163329.59744,52.22400000001653,3,5.048945271092741,RankSurprise
microGPi3_R_1-2+,0,172174.70464,173031.26016,856.5555199999944,172174.70464,173031.26016,856.5555199999944,7,3.859995223666262,RankSurprise
microGPi3_R_1-2+,0,174604.61568,174671.42144,66.80576000001747,174604.61568,174671.42144,66.80576000001747,3,4.687604024447445,RankSurprise
microGPi3_R_1-2+,0,188072.79616,191933.11232,3860.3161599999876,188072.79616,191933.11232,3860.3161599999876,23,4.7752880664748805,RankSurprise
microGPi3_R_1-2+,0,194242.10944,194505.56416,263.4547200000088,194242.10944,194505.56416,263.4547200000088,5,6.229309048315972,RankSurprise
microGPi3_R_1-2+,0,201779.69152,203215.62624,1435.9347200000193,201779.69152,203215.62624,1435.9347200000193,12,6.431331320961123,RankSurprise
microGPi3_R_1-2+,0,208018.432,208317.89056,299.4585599999991,208018.432,208317.89056,299.4585599999991,7,10.004286153418732,RankSurprise
microGPi3_R_1-2+,0,210247.18848,210595.0208,347.8323199999868,210247.18848,210595.0208,347.8323199999868,9,13.851025527059207,RankSurprise
microGPi3_R_1-2+,0,221300.40832,221549.52704,249.11871999999858,221300.40832,221549.52704,249.11871999999858,4,4.166568620176275,RankSurprise
microGPi3_R_1-2+,0,225599.8976,225641.39008,41.49248000001535,225599.8976,225641.39008,41.49248000001535,4,9.147225480406364,RankSurprise
microGPi3_R_1-2+,0,238327.27552,238631.07584,303.8003200000094,238327.27552,238631.07584,303.8003200000094,4,3.6419640124470654,RankSurprise
microGPi3_R_1-2+,0,274179.56352,274365.6448,186.08127999998396,274179.56352,274365.6448,186.08127999998396,4,4.972732497210131,RankSurprise
microGPi3_R_1-2+,0,299460.28032,299888.80384,428.5235199999879,299460.28032,299888.80384,428.5235199999879,5,4.334170223304703,RankSurprise
microGPi3_R_1-2+,0,300838.42048,301828.46464,990.0441600000486,300838.42048,301828.46464,990.0441600000486,8,3.638494501663688,RankSurprise
microGPi3_R_1-2+,0,305449.94304,306209.83296,759.8899200000451,305449.94304,306209.83296,759.8899200000451,7,4.297874893714207,RankSurprise
microGPi3_R_1-2+,0,315277.59872,315558.01088,280.41216000000713,315277.59872,315558.01088,280.41216000000713,4,3.7902054841828914,RankSurprise
microGPi3_R_1-2+,0,321487.79008,321899.06944,411.2793599999859,321487.79008,321899.06944,411.2793599999859,5,4.307901460475065,RankSurprise
microGPi3_R_1-2+,0,324850.4832,325705.89184,855.4086399999796,324850.4832,325705.89184,855.4086399999796,10,8.240623680861786,RankSurprise
microGPi3_R_1-2+,0,326751.60064,326966.72256,215.12192000000505,326751.60064,326966.72256,215.12192000000505,4,4.666381430518591,RankSurprise
microGPi3_R_1-2+,0,327639.36768,328813.60896,1174.2412799999584,327639.36768,328813.60896,1174.2412799999584,10,5.8716463936281915,RankSurprise
microGPi3_R_1-2+,0,330555.92448,330687.97952,132.05504000000656,330555.92448,330687.97952,132.05504000000656,3,3.586873900419018,RankSurprise
microGPi3_R_1-2+,0,349651.23072,349778.04288,126.81216000003042,349651.23072,349778.04288,126.81216000003042,3,3.7209143284324924,RankSurprise
microGPi3_R_1-2+,0,359321.1904,360772.68992,1451.499519999954,359321.1904,360772.68992,1451.499519999954,12,6.70696865723697,RankSurprise
microGPi3_R_1-2+,0,369367.04,373244.27264,3877.232640000002,369367.04,373244.27264,3877.232640000002,30,13.244623726464283,RankSurprise
microGPi3_R_1-2+,0,389519.19616,390410.36288,891.1667199999793,389519.19616,390410.36288,891.1667199999793,8,4.68595567079967,RankSurprise
microGPi3_R_1-2+,0,394621.62432,395852.55424,1230.9299200000241,394621.62432,395852.55424,1230.9299200000241,9,4.316108861804816,RankSurprise
microGPi3_R_1-2+,0,396657.13152,397287.2192,630.0876799999969,396657.13152,397287.2192,630.0876799999969,7,5.868081447020756,RankSurprise
microGPi3_R_1-2+,0,402591.45728,404559.29856,1967.8412800000515,402591.45728,404559.29856,1967.8412800000515,13,4.400189662240497,RankSurprise
microGPi3_R_1-2+,0,408373.49376,409593.28256,1219.7888000000385,408373.49376,409593.28256,1219.7888000000385,10,5.5158781441634215,RankSurprise
microGPi3_R_1-2+,0,413536.256,414029.04576,492.7897600000142,413536.256,414029.04576,492.7897600000142,5,3.7927136355588758,RankSurprise
microGPi3_R_1-2+,0,426014.84288,426337.03424,322.1913599999971,426014.84288,426337.03424,322.1913599999971,4,3.5293895800343655,RankSurprise
microGPi3_R_1-2+,0,427158.97856,427255.68512,96.70655999996234,427158.97856,427255.68512,96.70655999996234,3,4.047992365271618,RankSurprise
microGPi3_R_1-2+,0,433654.08768,433734.08256,79.99488000001293,433654.08768,433734.08256,79.99488000001293,3,4.387346448267721,RankSurprise
microGPi3_R_1-2+,0,443908.3008,444871.2704,962.9695999999531,443908.3008,444871.2704,962.9695999999531,9,5.720387768039462,RankSurprise
microGPi3_R_1-2+,0,449281.59744,449476.97664,195.37920000002487,449281.59744,449476.97664,195.37920000002487,4,4.922634938823638,RankSurprise
microGPi3_R_1-2+,0,452761.3952,453208.4736,447.0783999999985,452761.3952,453208.4736,447.0783999999985,5,4.045361097883024,RankSurprise
microGPi3_R_1-2+,0,462135.0912,462543.0528,407.96159999998054,462135.0912,462543.0528,407.96159999998054,5,4.455797162633246,RankSurprise
microGPi3_R_1-2+,0,474532.08576,475145.8304,613.7446399999899,474532.08576,475145.8304,613.7446399999899,10,11.903388848444298,RankSurprise
microGPi3_R_1-2+,0,478157.86496,478333.58336,175.71840000001248,478157.86496,478333.58336,175.71840000001248,6,10.20045343503753,RankSurprise
microGPi3_R_1-2+,0,486249.472,486902.70208,653.2300800000085,486249.472,486902.70208,653.2300800000085,7,5.581044813886679,RankSurprise
microGPi3_R_1-2+,0,490572.67712,491184.04608,611.3689599999925,490572.67712,491184.04608,611.3689599999925,6,3.8761552105405452,RankSurprise
microGPi3_R_1-2+,0,495737.28256,497000.93952,1263.656959999993,495737.28256,497000.93952,1263.656959999993,10,4.904878154879097,RankSurprise
microGPi3_R_1-2+,0,500243.37408,501141.38112,898.0070399999968,500243.37408,501141.38112,898.0070399999968,8,4.532498891009162,RankSurprise
microGPi3_R_1-2+,0,501858.87744,501994.78272,135.90528000000631,501858.87744,501994.78272,135.90528000000631,4,5.989932940496697,RankSurprise
microGPi3_R_1-2+,0,517038.20288,517676.81024,638.6073600000236,517038.20288,517676.81024,638.6073600000236,6,3.643608473505908,RankSurprise
microGPi3_R_1-2+,0,520677.08928,521945.82528,1268.7359999999753,520677.08928,521945.82528,1268.7359999999753,9,4.070884096931392,RankSurprise
microGPi3_R_1-2+,0,524073.20576,526053.1712,1979.96544,524073.20576,526053.1712,1979.96544,18,10.841850323667687,RankSurprise
microGPi3_R_1-2+,0,540624.73216,540908.83072,284.0985599999549,540624.73216,540908.83072,284.0985599999549,4,3.8806379106291224,RankSurprise
microGPi3_R_1-2+,0,544209.01888,544694.84544,485.8265599999577,544209.01888,544694.84544,485.8265599999577,5,3.778092204372868,RankSurprise
microGPi3_R_1-2+,0,545064.22272,545751.8592,687.6364799999865,545064.22272,545751.8592,687.6364799999865,9,8.536730273987754,RankSurprise
microGPi3_R_1-2+,0,549435.26912,549660.2624,224.99328000005335,549435.26912,549660.2624,224.99328000005335,4,4.4596365671795475,RankSurprise
microGPi3_R_1-2+,0,553915.71968,554955.40736,1039.6876799999736,553915.71968,554955.40736,1039.6876799999736,8,3.890222282089197,RankSurprise
microGPi3_R_1-2+,0,569045.93408,569404.17024,358.2361599999713,569045.93408,569404.17024,358.2361599999713,6,6.916794624491892,RankSurprise
microGPi3_R_1-2+,0,569946.35776,570329.57952,383.2217599999858,569946.35776,570329.57952,383.2217599999858,7,8.687854603177179,RankSurprise
microGPi3_R_1-2+,0,578874.04032,580695.53152,1821.4911999999313,578874.04032,580695.53152,1821.4911999999313,15,7.5969457571284345,RankSurprise
microGPi3_R_1-2+,0,582309.60128,582560.39936,250.79808000009507,582309.60128,582560.39936,250.79808000009507,4,4.28779731770614,RankSurprise
microGPi3_R_1-2+,0,603554.65216,604141.19936,586.5471999999136,603554.65216,604141.19936,586.5471999999136,8,8.016509548496913,RankSurprise
microGPi3_R_1-2+,0,611190.21056,612269.75232,1079.5417599999346,611190.21056,612269.75232,1079.5417599999346,10,6.226648938579704,RankSurprise
microGPi3_R_1-2+,0,616448.2048,616675.7376,227.53280000004452,616448.2048,616675.7376,227.53280000004452,4,4.573109586838729,RankSurprise
microGPi3_R_1-2+,0,620710.05184,620752.2816,42.22976000001654,620710.05184,620752.2816,42.22976000001654,3,5.510141572724571,RankSurprise
microGPi3_R_1-2+,0,638872.45312,639539.85536,667.4022400000831,638872.45312,639539.85536,667.4022400000831,6,3.81139563324826,RankSurprise
microGPi3_R_1-2+,3,6820.0448,6865.01888,44.97407999999996,6820.0448,6865.01888,44.97407999999996,3,3.5207769537151012,RankSurprise
microGPi3_R_1-2+,3,8565.10464,8594.75968,29.655039999999644,8565.10464,8594.75968,29.655039999999644,3,3.916709288538234,RankSurprise
microGPi3_R_1-2+,3,9017.58976,9138.21696,120.627199999999,9017.58976,9138.21696,120.627199999999,5,4.868201111952981,RankSurprise
microGPi3_R_1-2+,3,20784.29184,20832.50176,48.20991999999751,20784.29184,20832.50176,48.20991999999751,4,5.615341583983785,RankSurprise
microGPi3_R_1-2+,3,28636.65152,28691.08736,54.43584000000192,28636.65152,28691.08736,54.43584000000192,4,4.980935595194222,RankSurprise
microGPi3_R_1-2+,3,35123.65056,35156.86912,33.21856000000116,35123.65056,35156.86912,33.21856000000116,3,3.9387221029784527,RankSurprise
microGPi3_R_1-2+,3,36743.7824,36774.62528,30.842880000003788,36743.7824,36774.62528,30.842880000003788,3,3.8733974385358554,RankSurprise
microGPi3_R_1-2+,3,41484.53376,43320.1152,1835.5814400000017,41484.53376,43320.1152,1835.5814400000017,19,3.747946541738804,RankSurprise
microGPi3_R_1-2+,3,46652.04736,46841.61024,189.56288000000495,46652.04736,46841.61024,189.56288000000495,5,3.9288646784616574,RankSurprise
microGPi3_R_1-2+,3,47467.56096,47502.49984,34.93887999999424,47467.56096,47502.49984,34.93887999999424,3,3.7807051633847113,RankSurprise
microGPi3_R_1-2+,3,51738.66496,51886.73536,148.07039999999688,51738.66496,51886.73536,148.07039999999688,5,4.063614287086885,RankSurprise
microGPi3_R_1-2+,3,56476.38528,56484.49536,8.110079999998561,56476.38528,56484.49536,8.110079999998561,3,7.558962031898478,RankSurprise
microGPi3_R_1-2+,3,60221.35808,60373.4016,152.04351999999926,60221.35808,60373.4016,152.04351999999926,5,4.287807484524269,RankSurprise
microGPi3_R_1-2+,3,65021.66528,65034.40384,12.73855999999796,65021.66528,65034.40384,12.73855999999796,3,5.807200276639795,RankSurprise
microGPi3_R_1-2+,3,70227.7632,70244.59776,16.834560000002966,70227.7632,70244.59776,16.834560000002966,3,5.292089250595062,RankSurprise
microGPi3_R_1-2+,3,77062.71744,77766.36928,703.6518400000059,77062.71744,77766.36928,703.6518400000059,11,5.759369658900227,RankSurprise
microGPi3_R_1-2+,3,79246.37696,79352.38144,106.00448000000324,79246.37696,79352.38144,106.00448000000324,4,3.57465281436712,RankSurprise
microGPi3_R_1-2+,3,80615.2192,80624.06656,8.847359999999753,80615.2192,80624.06656,8.847359999999753,3,6.919410231408319,RankSurprise
microGPi3_R_1-2+,3,83841.72032,84149.73952,308.01920000000973,83841.72032,84149.73952,308.01920000000973,6,3.7701906839925154,RankSurprise
microGPi3_R_1-2+,3,84629.7088,84709.41696,79.70816000000923,84629.7088,84709.41696,79.70816000000923,4,4.063506850705529,RankSurprise
microGPi3_R_1-2+,3,100401.52064,100433.14176,31.621119999996154,100401.52064,100433.14176,31.621119999996154,3,4.029279263303829,RankSurprise
microGPi3_R_1-2+,3,114139.21792,114383.95392,244.73600000000442,114139.21792,114383.95392,244.73600000000442,6,4.43079686558869,RankSurprise
microGPi3_R_1-2+,3,124034.12992,125116.74368,1082.613759999993,124034.12992,125116.74368,1082.613759999993,17,7.74578219937183,RankSurprise
microGPi3_R_1-2+,3,126192.10752,126366.88384,174.77631999998994,126192.10752,126366.88384,174.77631999998994,5,3.5663525498940025,RankSurprise
microGPi3_R_1-2+,3,146014.33088,146430.48448,416.15360000001965,146014.33088,146430.48448,416.15360000001965,7,3.7994204690997506,RankSurprise
microGPi3_R_1-2+,3,159673.38496,159698.28864,24.90368000001763,159673.38496,159698.28864,24.90368000001763,3,4.260507788198703,RankSurprise
microGPi3_R_1-2+,3,166796.98432,166890.2912,93.30688000001828,166796.98432,166890.2912,93.30688000001828,4,3.8441783810157837,RankSurprise
microGPi3_R_1-2+,3,167793.37728,167872.55296,79.17568000001484,167793.37728,167872.55296,79.17568000001484,4,4.35683182048297,RankSurprise
microGPi3_R_1-2+,3,174601.216,175355.86304,754.6470400000107,174601.216,175355.86304,754.6470400000107,11,4.8428993729751495,RankSurprise
microGPi3_R_1-2+,3,175849.30816,176047.96416,198.65600000001723,175849.30816,176047.96416,198.65600000001723,6,5.454035135255538,RankSurprise
microGPi3_R_1-2+,3,179856.42496,180259.75808,403.3331199999957,179856.42496,180259.75808,403.3331199999957,9,5.557334038122091,RankSurprise
microGPi3_R_1-2+,3,185405.2352,185668.36224,263.1270399999921,185405.2352,185668.36224,263.1270399999921,6,3.839097158659993,RankSurprise
microGPi3_R_1-2+,3,187301.02784,187317.32992,16.30207999999402,187301.02784,187317.32992,16.30207999999402,3,5.236870889431897,RankSurprise
microGPi3_R_1-2+,3,189978.99264,190132.26496,153.27231999998912,189978.99264,190132.26496,153.27231999998912,5,4.026411919317699,RankSurprise
microGPi3_R_1-2+,3,195893.49376,195902.38208,8.888319999998203,195893.49376,195902.38208,8.888319999998203,3,6.905423989433578,RankSurprise
microGPi3_R_1-2+,3,212117.62688,212148.14208,30.515199999994365,212117.62688,212148.14208,30.515199999994365,3,4.216428831890054,RankSurprise
microGPi3_R_1-2+,3,213359.0016,213475.81952,116.81792000000132,213359.0016,213475.81952,116.81792000000132,6,6.91806111870973,RankSurprise
microGPi3_R_1-2+,3,217668.07552,217761.09568,93.02015999998548,217668.07552,217761.09568,93.02015999998548,4,4.0735035306929746,RankSurprise
microGPi3_R_1-2+,3,225330.176,225360.97792,30.801919999998063,225330.176,225360.97792,30.801919999998063,3,4.0458906659378915,RankSurprise
microGPi3_R_1-2+,3,232812.78976,232845.47584,32.68607999998494,232812.78976,232845.47584,32.68607999998494,3,3.9387221029784527,RankSurprise
microGPi3_R_1-2+,3,234694.77888,234791.7312,96.95232000001124,234694.77888,234791.7312,96.95232000001124,4,3.925035693997007,RankSurprise
microGPi3_R_1-2+,3,249802.1376,249835.19232,33.05472000001464,249802.1376,249835.19232,33.05472000001464,4,6.500793687299712,RankSurprise
microGPi3_R_1-2+,3,255928.32,255961.088,32.76799999998184,255928.32,255961.088,32.76799999998184,3,3.769051810322484,RankSurprise
microGPi3_R_1-2+,3,265464.832,265472.77824,7.946240000019316,265464.832,265472.77824,7.946240000019316,3,7.288273801692291,RankSurprise
microGPi3_R_1-2+,3,271859.54816,271939.584,80.03583999996772,271859.54816,271939.584,80.03583999996772,4,4.142378960299819,RankSurprise
microGPi3_R_1-2+,3,273214.38208,273226.09664,11.714559999993071,273214.38208,273226.09664,11.714559999993071,3,6.073689502939937,RankSurprise
microGPi3_R_1-2+,3,273479.02464,274119.68,640.6553599999752,273479.02464,274119.68,640.6553599999752,10,4.031501564925013,RankSurprise
microGPi3_R_1-2+,3,279112.66304,279119.38048,6.717439999978524,279112.66304,279119.38048,6.717439999978524,3,8.536064109518282,RankSurprise
microGPi3_R_1-2+,3,289667.2768,289732.8128,65.53600000002189,289667.2768,289732.8128,65.53600000002189,4,4.776668128721514,RankSurprise
microGPi3_R_1-2+,3,293568.02048,293812.18304,244.16255999996793,293568.02048,293812.18304,244.16255999996793,6,3.7235637557103205,RankSurprise
microGPi3_R_1-2+,3,304326.98368,304358.72768,31.744000000006054,304326.98368,304358.72768,31.744000000006054,3,3.792426814949822,RankSurprise
microGPi3_R_1-2+,3,314393.72288,315328.3072,934.5843199999654,314393.72288,315328.3072,934.5843199999654,18,9.175196167474938,RankSurprise
microGPi3_R_1-2+,3,320600.22784,320672.68608,72.45824000000721,320600.22784,320672.68608,72.45824000000721,4,4.26151691108938,RankSurprise
microGPi3_R_1-2+,3,325528.41216,325984.78848,456.3763199999812,325528.41216,325984.78848,456.3763199999812,8,4.033644355450872,RankSurprise
microGPi3_R_1-2+,3,328810.53696,328819.5072,8.970239999995101,328810.53696,328819.5072,8.970239999995101,3,7.034967340880145,RankSurprise
microGPi3_R_1-2+,3,339849.09312,340479.91808,630.8249599999981,339849.09312,340479.91808,630.8249599999981,12,6.947013692087449,RankSurprise
microGPi3_R_1-2+,3,341887.01696,341899.6736,12.656640000001062,341887.01696,341899.6736,12.656640000001062,4,10.619500445915774,RankSurprise
microGPi3_R_1-2+,3,342104.84224,342375.75168,270.90943999995943,342104.84224,342375.75168,270.90943999995943,7,5.58211904256407,RankSurprise
microGPi3_R_1-2+,3,343561.8304,343597.6704,35.84000000002561,343561.8304,343597.6704,35.84000000002561,3,3.583322793840928,RankSurprise
microGPi3_R_1-2+,3,345630.80192,346845.7984,1214.9964800000307,345630.80192,346845.7984,1214.9964800000307,15,4.202030011796116,RankSurprise
microGPi3_R_1-2+,3,347903.42656,348325.2736,421.8470400000224,347903.42656,348325.2736,421.8470400000224,9,5.283015740417725,RankSurprise
microGPi3_R_1-2+,3,354308.87424,354436.95616,128.081920000026,354308.87424,354436.95616,128.081920000026,4,3.6589232058904813,RankSurprise
microGPi3_R_1-2+,3,359039.50848,359896.43264,856.924159999995,359039.50848,359896.43264,856.924159999995,13,5.40985141094264,RankSurprise
microGPi3_R_1-2+,3,361798.57408,361853.952,55.377919999998994,361798.57408,361853.952,55.377919999998994,5,7.6322313023571375,RankSurprise
microGPi3_R_1-2+,3,362639.23712,362745.15968,105.92255999997724,362639.23712,362745.15968,105.92255999997724,4,3.9518386874755755,RankSurprise
microGPi3_R_1-2+,3,368260.05504,368314.24512,54.1900799999712,368260.05504,368314.24512,54.1900799999712,4,5.074521217962111,RankSurprise
microGPi3_R_1-2+,3,372734.23872,372759.10144,24.862719999975525,372734.23872,372759.10144,24.862719999975525,3,4.471848121615372,RankSurprise
microGPi3_R_1-2+,3,377947.62752,378119.65952,172.03200000000652,377947.62752,378119.65952,172.03200000000652,6,6.3538923078222425,RankSurprise
microGPi3_R_1-2+,3,386802.31936,387476.64384,674.324479999952,386802.31936,387476.64384,674.324479999952,12,6.126067383358833,RankSurprise
microGPi3_R_1-2+,3,394974.49472,395233.81248,259.31776000000536,394974.49472,395233.81248,259.31776000000536,6,4.225933400489581,RankSurprise
microGPi3_R_1-2+,3,405172.4288,405245.17376,72.7449599999818,405172.4288,405245.17376,72.7449599999818,5,6.461126442590132,RankSurprise
microGPi3_R_1-2+,3,406011.86304,406138.38848,126.52543999999762,406011.86304,406138.38848,126.52543999999762,4,3.7456293496415256,RankSurprise
microGPi3_R_1-2+,3,408306.31936,408325.28384,18.964479999965988,408306.31936,408325.28384,18.964479999965988,3,4.955111291422353,RankSurprise
microGPi3_R_1-2+,3,410651.48416,410737.82784,86.34367999999085,410651.48416,410737.82784,86.34367999999085,4,4.029765168596981,RankSurprise
microGPi3_R_1-2+,3,419600.75264,419945.6768,344.924159999995,419600.75264,419945.6768,344.924159999995,7,4.2839767128772515,RankSurprise
microGPi3_R_1-2+,3,423197.61408,423536.4352,338.8211199999787,423197.61408,423536.4352,338.8211199999787,8,5.278974828583521,RankSurprise
microGPi3_R_1-2+,3,430805.52448,430836.3264,30.801919999998063,430805.52448,430836.3264,30.801919999998063,3,4.062641194361211,RankSurprise
microGPi3_R_1-2+,3,433956.49536,434433.35168,476.8563200000208,433956.49536,434433.35168,476.8563200000208,8,3.9138047098399067,RankSurprise
microGPi3_R_1-2+,3,442733.11744,442754.2528,21.13536000001477,442733.11744,442754.2528,21.13536000001477,3,4.717501804759673,RankSurprise
microGPi3_R_1-2+,3,456947.58912,457493.01248,545.423359999957,456947.58912,457493.01248,545.423359999957,9,3.836008896247639,RankSurprise
microGPi3_R_1-2+,3,472833.31072,472844.4928,11.182079999998678,472833.31072,472844.4928,11.182079999998678,3,6.158209587603357,RankSurprise
microGPi3_R_1-2+,3,479702.99904,479829.07392,126.07487999997102,479702.99904,479829.07392,126.07487999997102,5,5.440458191630551,RankSurprise
microGPi3_R_1-2+,3,485280.48128,485790.06464,509.5833599999896,485280.48128,485790.06464,509.5833599999896,8,3.8207443968463712,RankSurprise
microGPi3_R_1-2+,3,498107.8016,498552.54528,444.74368000001414,498107.8016,498552.54528,444.74368000001414,9,5.626391706806367,RankSurprise
microGPi3_R_1-2+,3,501590.54848,502204.416,613.8675200000289,501590.54848,502204.416,613.8675200000289,11,5.534930397069062,RankSurprise
microGPi3_R_1-2+,3,502995.84512,503102.13632,106.29119999997783,502995.84512,503102.13632,106.29119999997783,5,5.101486293970165,RankSurprise
microGPi3_R_1-2+,3,512443.51488,512809.94304,366.4281600000104,512443.51488,512809.94304,366.4281600000104,8,5.776765550097228,RankSurprise
microGPi3_R_1-2+,3,515073.51552,515197.00992,123.49439999996684,515073.51552,515197.00992,123.49439999996684,4,3.579744754441368,RankSurprise
microGPi3_R_1-2+,3,516114.26816,516132.82304,18.5548800000106,516114.26816,516132.82304,18.5548800000106,3,4.9762475884315815,RankSurprise
microGPi3_R_1-2+,3,518913.76128,518946.65216,32.89088000002084,518913.76128,518946.65216,32.89088000002084,3,3.7545799595727782,RankSurprise
microGPi3_R_1-2+,3,519442.14528,519478.96832,36.823039999988396,519442.14528,519478.96832,36.823039999988396,3,3.5440030308584287,RankSurprise
microGPi3_R_1-2+,3,520138.3424,520144.93696,6.594559999997728,520138.3424,520144.93696,6.594559999997728,3,8.632863492874074,RankSurprise
microGPi3_R_1-2+,3,521449.71776,521517.75232,68.03456000000006,521449.71776,521517.75232,68.03456000000006,5,6.798230375140694,RankSurprise
microGPi3_R_1-2+,3,525617.3568,525773.29152,155.9347200000193,525617.3568,525773.29152,155.9347200000193,5,4.665837721580679,RankSurprise
microGPi3_R_1-2+,3,530473.7792,530531.40992,57.63072000001557,530473.7792,530531.40992,57.63072000001557,4,4.895444457770367,RankSurprise
microGPi3_R_1-2+,3,533316.68992,533343.27296,26.5830399999395,533316.68992,533343.27296,26.5830399999395,3,4.191157716960891,RankSurprise
microGPi3_R_1-2+,3,553011.15904,553074.19648,63.03743999998551,553011.15904,553074.19648,63.03743999998551,4,4.701664187372163,RankSurprise
microGPi3_R_1-2+,3,569295.50336,571861.89312,2566.389760000049,569295.50336,571861.89312,2566.389760000049,28,5.825492150400275,RankSurprise
microGPi3_R_1-2+,3,575432.82688,575466.74176,33.914880000054836,575432.82688,575466.74176,33.914880000054836,3,3.849062523480791,RankSurprise
microGPi3_R_1-2+,3,580984.66816,581080.22784,95.55967999994755,580984.66816,581080.22784,95.55967999994755,5,5.298009852617518,RankSurprise
microGPi3_R_1-2+,3,587507.99872,587535.44192,27.443199999979697,587507.99872,587535.44192,27.443199999979697,4,6.92525712750653,RankSurprise
microGPi3_R_1-2+,3,589665.32096,589692.88704,27.566079999902286,589665.32096,589692.88704,27.566079999902286,4,7.079410048403403,RankSurprise
microGPi3_R_1-2+,3,590404.48512,590493.61408,89.12896000000183,590404.48512,590493.61408,89.12896000000183,4,4.443923938260134,RankSurprise
microGPi3_R_1-2+,3,597429.53472,597481.39008,51.85536000004504,597429.53472,597481.39008,51.85536000004504,5,7.670417793395387,RankSurprise
microGPi3_R_1-2+,3,600145.26464,600758.72256,613.4579200000735,600145.26464,600758.72256,613.4579200000735,11,5.29329287668419,RankSurprise
microGPi3_R_1-2+,3,622780.25216,622852.58752,72.33535999991,622780.25216,622852.58752,72.33535999991,4,4.328354049969754,RankSurprise
microGPi3_R_1-2+,3,629626.2656,629660.63104,34.36543999996502,629626.2656,629660.63104,34.36543999996502,4,6.254789307893212,RankSurprise
microGPi3_R_1-2+,3,630225.5104,630301.61408,76.10367999994196,630225.5104,630301.61408,76.10367999994196,4,4.455274693932182,RankSurprise
microGPi3_R_1-2+,3,630696.63232,630722.43712,25.804800000041723,630696.63232,630722.43712,25.804800000041723,4,7.462911125985681,RankSurprise
microGPi3_R_1-3+,0,807.5264,1008.18944,200.66304000000002,807.5264,1008.18944,200.66304000000002,3,3.706011259138906,RankSurprise
microGPi3_R_1-3+,0,17678.58176,18631.92576,953.3439999999973,17678.58176,18631.92576,953.3439999999973,8,3.5985032512262687,RankSurprise
microGPi3_R_1-3+,0,32806.42048,33260.9536,454.53312000000005,32806.42048,33260.9536,454.53312000000005,5,4.311090122618065,RankSurprise
microGPi3_R_1-3+,0,43996.48768,44474.90048,478.41279999999824,43996.48768,44474.90048,478.41279999999824,5,4.162330076764729,RankSurprise
microGPi3_R_1-3+,0,60086.35392,60271.53408,185.18015999999625,60086.35392,60271.53408,185.18015999999625,3,4.085044226982623,RankSurprise
microGPi3_R_1-3+,0,63903.98976,64235.7248,331.73504000000685,63903.98976,64235.7248,331.73504000000685,4,3.83348940172786,RankSurprise
microGPi3_R_1-3+,0,66219.13088,66425.93792,206.8070399999997,66219.13088,66425.93792,206.8070399999997,3,3.5083539190752653,RankSurprise
microGPi3_R_1-3+,0,74075.25888,74269.2864,194.02752000000328,74075.25888,74269.2864,194.02752000000328,3,3.6200996535783663,RankSurprise
microGPi3_R_1-3+,0,87307.96032,87490.06848,182.1081600000034,87307.96032,87490.06848,182.1081600000034,3,3.7148089320125823,RankSurprise
microGPi3_R_1-3+,0,98840.576,99038.49472,197.91872000000149,98840.576,99038.49472,197.91872000000149,3,3.744417186975552,RankSurprise
microGPi3_R_1-3+,0,122639.52384,122936.15616,296.63232000000426,122639.52384,122936.15616,296.63232000000426,4,4.298184580999795,RankSurprise
microGPi3_R_1-3+,0,131722.36288,132023.62368,301.2607999999891,131722.36288,132023.62368,301.2607999999891,4,4.419528906691639,RankSurprise
microGPi3_R_1-3+,0,134431.3344,135052.20608,620.8716800000111,134431.3344,135052.20608,620.8716800000111,6,4.21218614073474,RankSurprise
microGPi3_R_1-3+,0,136236.11392,136942.7968,706.6828800000076,136236.11392,136942.7968,706.6828800000076,7,5.505094872305725,RankSurprise
microGPi3_R_1-3+,0,144791.06048,145039.23712,248.1766400000197,144791.06048,145039.23712,248.1766400000197,4,6.850570191022101,RankSurprise
microGPi3_R_1-3+,0,159619.2768,159811.82976,192.5529600000009,159619.2768,159811.82976,192.5529600000009,3,3.905870306189959,RankSurprise
microGPi3_R_1-3+,0,161958.58432,162295.52128,336.9369599999918,161958.58432,162295.52128,336.9369599999918,4,3.8411866498834755,RankSurprise
microGPi3_R_1-3+,0,163376.78336,163534.68416,157.90080000000307,163376.78336,163534.68416,157.90080000000307,3,5.323124558318613,RankSurprise
microGPi3_R_1-3+,0,181048.85248,181227.97056,179.11807999998564,181048.85248,181227.97056,179.11807999998564,3,4.402503268629074,RankSurprise
microGPi3_R_1-3+,0,183601.64352,183773.88032,172.2367999999842,183601.64352,183773.88032,172.2367999999842,3,4.715993094021686,RankSurprise
microGPi3_R_1-3+,0,188816.87552,188979.93728,163.06176000001142,188816.87552,188979.93728,163.06176000001142,3,4.602888597887622,RankSurprise
microGPi3_R_1-3+,0,191326.04416,192120.95488,794.9107200000144,191326.04416,192120.95488,794.9107200000144,7,4.07245987349095,RankSurprise
microGPi3_R_1-3+,0,235501.1584,235983.21664,482.05824000001303,235501.1584,235983.21664,482.05824000001303,5,3.8573139883673058,RankSurprise
microGPi3_R_1-3+,0,243880.26368,244047.2576,166.99392000000807,243880.26368,244047.2576,166.99392000000807,3,4.254731341590885,RankSurprise
microGPi3_R_1-3+,0,257633.4848,258093.6704,460.18559999999707,257633.4848,258093.6704,460.18559999999707,5,4.42286341163107,RankSurprise
microGPi3_R_1-3+,0,258988.68736,259144.94976,156.2623999999778,258988.68736,259144.94976,156.2623999999778,3,5.239510879674789,RankSurprise
microGPi3_R_1-3+,0,262843.55584,263028.9408,185.38495999999577,262843.55584,263028.9408,185.38495999999577,3,3.66545952280935,RankSurprise
microGPi3_R_1-3+,0,270971.45344,271170.68288,199.22943999996642,270971.45344,271170.68288,199.22943999996642,3,3.744417186975552,RankSurprise
microGPi3_R_1-3+,0,272436.75648,272628.61312,191.8566400000127,272436.75648,272628.61312,191.8566400000127,3,3.848495817419961,RankSurprise
microGPi3_R_1-3+,0,282558.70976,282884.79232,326.08256000000983,282558.70976,282884.79232,326.08256000000983,4,3.7037292478626362,RankSurprise
microGPi3_R_1-3+,0,283348.09088,283964.98944,616.8985600000015,283348.09088,283964.98944,616.8985600000015,6,4.3692386604246325,RankSurprise
microGPi3_R_1-3+,0,288846.2336,289868.71808,1022.4844800000428,288846.2336,289868.71808,1022.4844800000428,9,5.517265060600401,RankSurprise
microGPi3_R_1-3+,0,299239.46496,299391.34464,151.87968000001274,299239.46496,299391.34464,151.87968000001274,3,5.487319763829252,RankSurprise
microGPi3_R_1-3+,0,312321.67936,312662.71232,341.03295999998227,312321.67936,312662.71232,341.03295999998227,4,3.519907216708031,RankSurprise
microGPi3_R_1-3+,0,319908.53632,321040.62976,1132.0934399999678,319908.53632,321040.62976,1132.0934399999678,9,3.7856627159472356,RankSurprise
microGPi3_R_1-3+,0,329138.13504,329341.91104,203.77599999995437,329138.13504,329341.91104,203.77599999995437,3,3.6089186266844013,RankSurprise
microGPi3_R_1-3+,0,337095.02464,337596.8256,501.8009599999641,337095.02464,337596.8256,501.8009599999641,5,3.644728848043279,RankSurprise
microGPi3_R_1-3+,0,343060.60288,343231.0784,170.47551999997813,343060.60288,343231.0784,170.47551999997813,3,4.785050614157944,RankSurprise
microGPi3_R_1-3+,0,355850.28096,356033.61792,183.336959999986,355850.28096,356033.61792,183.336959999986,3,4.1279413480626275,RankSurprise
microGPi3_R_1-3+,0,375650.54976,377638.66624,1988.1164799999679,375650.54976,377638.66624,1988.1164799999679,15,5.085243920813389,RankSurprise
microGPi3_R_1-3+,0,377986.90816,378329.33376,342.42560000001686,377986.90816,378329.33376,342.42560000001686,4,3.643599676897029,RankSurprise
microGPi3_R_1-3+,0,383079.66976,383396.78208,317.1123199999565,383079.66976,383396.78208,317.1123199999565,4,4.295941589405217,RankSurprise
microGPi3_R_1-3+,0,392520.78592,392908.06272,387.27679999999236,392520.78592,392908.06272,387.27679999999236,5,6.618388592687932,RankSurprise
microGPi3_R_1-3+,0,412058.29632,412387.45088,329.1545599999954,412058.29632,412387.45088,329.1545599999954,4,3.7933997074684207,RankSurprise
microGPi3_R_1-3+,0,414542.88896,414846.27968,303.3907199999667,414542.88896,414846.27968,303.3907199999667,4,4.500038901997669,RankSurprise
microGPi3_R_1-3+,0,422111.76448,422731.44832,619.6838400000124,422111.76448,422731.44832,619.6838400000124,6,4.102199718020052,RankSurprise
microGPi3_R_1-3+,0,428761.33376,429113.46688,352.13312000001315,428761.33376,429113.46688,352.13312000001315,4,3.6006138566228323,RankSurprise
microGPi3_R_1-3+,0,433089.98656,433259.47904,169.49248000001535,433089.98656,433259.47904,169.49248000001535,3,4.835879353090528,RankSurprise
microGPi3_R_1-3+,0,443194.73664,443520.77824,326.04159999999683,443194.73664,443520.77824,326.04159999999683,4,3.83733555715445,RankSurprise
microGPi3_R_1-3+,0,452484.13696,453230.63296,746.4960000000428,452484.13696,453230.63296,746.4960000000428,7,4.4554448864390315,RankSurprise
microGPi3_R_1-3+,0,457699.65568,458635.83744,936.1817599999486,457699.65568,458635.83744,936.1817599999486,8,4.109031576594948,RankSurprise
microGPi3_R_1-3+,0,469552.25088,470189.42464,637.173759999976,469552.25088,470189.42464,637.173759999976,6,3.7747231895302824,RankSurprise
microGPi3_R_1-3+,0,473816.55552,474002.6368,186.08127999998396,473816.55552,474002.6368,186.08127999998396,3,4.168088714958666,RankSurprise
microGPi3_R_1-3+,0,484803.87072,484978.64704,174.7763200000045,484803.87072,484978.64704,174.7763200000045,3,4.621300720085646,RankSurprise
microGPi3_R_1-3+,0,495811.82976,496009.25696,197.42720000003465,495811.82976,496009.25696,197.42720000003465,3,3.688531167727282,RankSurprise
microGPi3_R_1-3+,0,497169.57184,497846.51776,676.9459200000274,497169.57184,497846.51776,676.9459200000274,7,6.362332206467631,RankSurprise
microGPi3_R_1-3+,0,499447.23456,499637.6576,190.4230399999651,499447.23456,499637.6576,190.4230399999651,3,3.925366817883708,RankSurprise
microGPi3_R_1-3+,0,503451.72992,503605.41184,153.68192000000272,503451.72992,503605.41184,153.68192000000272,3,5.58222839742114,RankSurprise
microGPi3_R_1-3+,0,505175.16288,505316.7616,141.59872000000905,505175.16288,505316.7616,141.59872000000905,3,5.923828634855541,RankSurprise
microGPi3_R_1-3+,0,508074.76224,508255.06816,180.30592000001343,508074.76224,508255.06816,180.30592000001343,3,3.783575086522319,RankSurprise
microGPi3_R_1-3+,0,512762.63424,513541.7344,779.1001600000309,512762.63424,513541.7344,779.1001600000309,7,4.227971878595975,RankSurprise
microGPi3_R_1-3+,0,514625.536,514899.1488,273.6128000000026,514625.536,514899.1488,273.6128000000026,4,5.3775202991247255,RankSurprise
microGPi3_R_1-3+,0,519213.95712,519379.59936,165.6422400000156,519213.95712,519379.59936,165.6422400000156,3,5.036046637268283,RankSurprise
microGPi3_R_1-3+,0,519924.98176,520185.89696,260.91519999998854,519924.98176,520185.89696,260.91519999998854,4,6.13422169082132,RankSurprise
microGPi3_R_1-3+,0,522008.61696,522333.184,324.56703999999445,522008.61696,522333.184,324.56703999999445,4,4.0901589563781755,RankSurprise
microGPi3_R_1-3+,0,529241.41568,529682.06336,440.6476800000528,529241.41568,529682.06336,440.6476800000528,5,4.574471942456345,RankSurprise
microGPi3_R_1-3+,0,529980.12928,530161.82784,181.69856000004802,529980.12928,530161.82784,181.69856000004802,3,4.220379320767686,RankSurprise
microGPi3_R_1-3+,0,530752.3072,530951.33184,199.02463999995962,530752.3072,530951.33184,199.02463999995962,3,3.6712025304330336,RankSurprise
microGPi3_R_1-3+,0,535441.57184,535781.13024,339.5583999999799,535441.57184,535781.13024,339.5583999999799,4,3.9252038871572843,RankSurprise
microGPi3_R_1-3+,0,538743.11168,538874.18368,131.07200000004377,538743.11168,538874.18368,131.07200000004377,3,6.813916994335672,RankSurprise
microGPi3_R_1-3+,0,541181.46048,541655.49056,474.0300799999386,541181.46048,541655.49056,474.0300799999386,5,4.07533442589741,RankSurprise
microGPi3_R_1-3+,0,545984.7168,546700.32896,715.6121599999024,545984.7168,546700.32896,715.6121599999024,7,5.309971704222906,RankSurprise
microGPi3_R_1-3+,0,552970.19904,556359.2704,3389.07136000006,552970.19904,556359.2704,3389.07136000006,23,4.888951009856912,RankSurprise
microGPi3_R_1-3+,0,560239.616,560371.01568,131.39967999991495,560239.616,560371.01568,131.39967999991495,3,6.957349457942906,RankSurprise
microGPi3_R_1-3+,0,562620.74368,563269.75488,649.0112000000663,562620.74368,563269.75488,649.0112000000663,7,6.058564388648835,RankSurprise
microGPi3_R_1-3+,0,568070.47168,568263.14752,192.6758400000399,568070.47168,568263.14752,192.6758400000399,3,3.9549726416702455,RankSurprise
microGPi3_R_1-3+,0,573966.86848,574457.11872,490.25024000008125,573966.86848,574457.11872,490.25024000008125,5,3.74063902907157,RankSurprise
microGPi3_R_1-3+,0,578404.47488,579209.0112,804.5363199999556,578404.47488,579209.0112,804.5363199999556,7,3.8815693002953533,RankSurprise
microGPi3_R_1-3+,0,581234.64704,581414.0928,179.44576000003144,581234.64704,581414.0928,179.44576000003144,3,3.6943409061765546,RankSurprise
microGPi3_R_1-3+,0,582007.1936,582198.31296,191.1193600000115,582007.1936,582198.31296,191.1193600000115,3,4.001915315780895,RankSurprise
microGPi3_R_1-3+,0,593471.16032,593819.48416,348.3238399999682,593471.16032,593819.48416,348.3238399999682,4,3.623821356591094,RankSurprise
microGPi3_R_1-3+,0,604519.46496,604845.056,325.59103999997023,604519.46496,604845.056,325.59103999997023,4,4.164341496170305,RankSurprise
microGPi3_R_1-3+,0,609171.08736,609352.66304,181.57568000000902,609171.08736,609352.66304,181.57568000000902,3,4.3614761457972495,RankSurprise
microGPi3_R_1-3+,0,609801.87136,610110.75072,308.8793600000208,609801.87136,610110.75072,308.8793600000208,4,4.560647050339249,RankSurprise
microGPi3_R_1-3+,0,612314.9312,612488.6016,173.6704000000609,612314.9312,612488.6016,173.6704000000609,3,4.672825888613852,RankSurprise
microGPi3_R_1-3+,0,616181.51424,616824.05376,642.5395199999912,616181.51424,616824.05376,642.5395199999912,6,3.76287629551678,RankSurprise
microGPi3_R_1-3+,0,618278.17472,619182.44864,904.2739199999487,618278.17472,619182.44864,904.2739199999487,8,4.599174466877863,RankSurprise
microGPi3_R_1-3+,0,621048.13568,621648.36352,600.227840000065,621048.13568,621648.36352,600.227840000065,6,4.6799957487621615,RankSurprise
microGPi3_R_1-3+,0,626693.7344,626883.1744,189.44000000006054,626693.7344,626883.1744,189.44000000006054,3,3.5404187484471077,RankSurprise
microGPi3_R_1-3+,0,637597.45024,638565.00736,967.5571200000122,637597.45024,638565.00736,967.5571200000122,8,3.5097767442398693,RankSurprise
microGPi3_R_1-3+,2,3114.68032,3136.79872,22.118399999999838,3114.68032,3136.79872,22.118399999999838,3,6.107521977511679,RankSurprise
microGPi3_R_1-3+,2,11781.65248,11798.97856,17.32607999999891,11781.65248,11798.97856,17.32607999999891,3,6.626548958734771,RankSurprise
microGPi3_R_1-3+,2,14656.38912,15460.5568,804.1676800000005,14656.38912,15460.5568,804.1676800000005,14,8.811745532338437,RankSurprise
microGPi3_R_1-3+,2,17547.30496,19153.38752,1606.082559999999,17547.30496,19153.38752,1606.082559999999,29,19.625535306449706,RankSurprise
microGPi3_R_1-3+,2,23132.81536,23497.76896,364.95360000000073,23132.81536,23497.76896,364.95360000000073,7,4.8362789335069465,RankSurprise
microGPi3_R_1-3+,2,42378.81344,42435.46112,56.647680000001856,42378.81344,42435.46112,56.647680000001856,3,3.8024303135670916,RankSurprise
microGPi3_R_1-3+,2,46892.8512,46924.14464,31.293440000001283,46892.8512,46924.14464,31.293440000001283,3,5.277630469004572,RankSurprise
microGPi3_R_1-3+,2,48881.82784,48929.34144,47.513599999998405,48881.82784,48929.34144,47.513599999998405,3,4.240939657864802,RankSurprise
microGPi3_R_1-3+,2,51479.30624,51942.48192,463.1756800000003,51479.30624,51942.48192,463.1756800000003,7,4.084313840538118,RankSurprise
microGPi3_R_1-3+,2,58203.21792,59654.7584,1451.540479999996,58203.21792,59654.7584,1451.540479999996,15,4.239909276083478,RankSurprise
microGPi3_R_1-3+,2,61142.46656,61212.01664,69.55008000000089,61142.46656,61212.01664,69.55008000000089,4,5.968374429446165,RankSurprise
microGPi3_R_1-3+,2,77044.1216,77109.08416,64.96255999999994,77044.1216,77109.08416,64.96255999999994,3,3.5908889775916766,RankSurprise
microGPi3_R_1-3+,2,87603.07712,87638.8352,35.75807999999961,87603.07712,87638.8352,35.75807999999961,3,4.903290139380383,RankSurprise
microGPi3_R_1-3+,2,94106.86976,94422.26176,315.39199999999255,94106.86976,94422.26176,315.39199999999255,6,4.532414008801362,RankSurprise
microGPi3_R_1-3+,2,94819.328,95157.12512,337.7971200000029,94819.328,95157.12512,337.7971200000029,7,5.3391970802243875,RankSurprise
microGPi3_R_1-3+,2,102946.32448,103141.49888,195.17440000000352,102946.32448,103141.49888,195.17440000000352,5,4.835077716733149,RankSurprise
microGPi3_R_1-3+,2,109864.79616,109972.19328,107.39712000000873,109864.79616,109972.19328,107.39712000000873,4,4.571991602181814,RankSurprise
microGPi3_R_1-3+,2,142507.4176,142567.75168,60.33408000000054,142507.4176,142567.75168,60.33408000000054,3,3.6907584955442196,RankSurprise
microGPi3_R_1-3+,2,158277.26336,158381.91616,104.65279999998165,158277.26336,158381.91616,104.65279999998165,4,4.654553447298117,RankSurprise
microGPi3_R_1-3+,2,169313.23904,169454.71488,141.47584000002826,169313.23904,169454.71488,141.47584000002826,4,3.794208362317896,RankSurprise
microGPi3_R_1-3+,2,189275.21792,189334.65088,59.43296000000555,189275.21792,189334.65088,59.43296000000555,3,3.7220335851144295,RankSurprise
microGPi3_R_1-3+,2,192116.61312,192596.41856,479.80543999999645,192116.61312,192596.41856,479.80543999999645,8,5.103242212420312,RankSurprise
microGPi3_R_1-3+,2,197458.24768,198088.4992,630.2515199999907,197458.24768,198088.4992,630.2515199999907,9,4.222353496547706,RankSurprise
microGPi3_R_1-3+,2,202555.14624,203264.53248,709.3862399999925,202555.14624,203264.53248,709.3862399999925,14,11.434963822443867,RankSurprise
microGPi3_R_1-3+,2,203768.17664,204382.208,614.0313600000227,203768.17664,204382.208,614.0313600000227,9,4.813571810254968,RankSurprise
microGPi3_R_1-3+,2,208033.25952,208059.8016,26.54208000001381,208033.25952,208059.8016,26.54208000001381,3,5.588793724117393,RankSurprise
microGPi3_R_1-3+,2,210268.5696,210467.88096,199.31136000002152,210268.5696,210467.88096,199.31136000002152,6,6.557268959116676,RankSurprise
microGPi3_R_1-3+,2,251040.39936,251182.16192,141.76256000000285,251040.39936,251182.16192,141.76256000000285,4,3.973802746698915,RankSurprise
microGPi3_R_1-3+,2,266980.59776,267802.46016,821.8624000000418,266980.59776,267802.46016,821.8624000000418,10,4.018872175404592,RankSurprise
microGPi3_R_1-3+,2,270985.50272,271262.63808,277.13536000001477,270985.50272,271262.63808,277.13536000001477,8,8.331337546278847,RankSurprise
microGPi3_R_1-3+,2,283510.62016,283542.89664,32.27648000000045,283510.62016,283542.89664,32.27648000000045,3,5.170760007883574,RankSurprise
microGPi3_R_1-3+,2,312099.0208,312210.71872,111.69792000000598,312099.0208,312210.71872,111.69792000000598,4,4.501888853402615,RankSurprise
microGPi3_R_1-3+,2,321313.21856,321536.28672,223.06815999996616,321313.21856,321536.28672,223.06815999996616,6,5.625126885885052,RankSurprise
microGPi3_R_1-3+,2,322799.86176,322837.34016,37.47840000002179,322799.86176,322837.34016,37.47840000002179,3,4.682636086784623,RankSurprise
microGPi3_R_1-3+,2,337750.87616,339258.20416,1507.3280000000377,337750.87616,339258.20416,1507.3280000000377,21,10.277187055352652,RankSurprise
microGPi3_R_1-3+,2,340823.98208,341399.38816,575.4060799999861,340823.98208,341399.38816,575.4060799999861,11,8.01358873977313,RankSurprise
microGPi3_R_1-3+,2,345211.12576,346455.4496,1244.3238399999682,345211.12576,346455.4496,1244.3238399999682,25,19.70064793783657,RankSurprise
microGPi3_R_1-3+,2,347355.46368,347903.26272,547.7990400000126,347355.46368,347903.26272,547.7990400000126,8,3.9430205155787688,RankSurprise
microGPi3_R_1-3+,2,351306.3424,351521.62816,215.28575999999885,351306.3424,351521.62816,215.28575999999885,6,5.944541992016234,RankSurprise
microGPi3_R_1-3+,2,352032.23552,352088.63744,56.40192000003299,352032.23552,352088.63744,56.40192000003299,3,3.889619369265626,RankSurprise
microGPi3_R_1-3+,2,352825.18016,353016.87296,191.6928000000189,352825.18016,353016.87296,191.6928000000189,5,4.606735398540891,RankSurprise
microGPi3_R_1-3+,2,358355.7632,358527.87712,172.11392000003252,358355.7632,358527.87712,172.11392000003252,5,5.061675595684935,RankSurprise
microGPi3_R_1-3+,2,362275.14368,363631.37024,1356.2265600000392,362275.14368,363631.37024,1356.2265600000392,16,5.643565552289782,RankSurprise
microGPi3_R_1-3+,2,369045.7088,369062.62528,16.91647999995621,369045.7088,369062.62528,16.91647999995621,3,6.8849757647876135,RankSurprise
microGPi3_R_1-3+,2,372751.07328,373717.36064,966.2873600000166,372751.07328,373717.36064,966.2873600000166,11,4.1025704034539485,RankSurprise
microGPi3_R_1-3+,2,375380.25472,375930.92096,550.6662399999914,375380.25472,375930.92096,550.6662399999914,10,6.849230639006662,RankSurprise
microGPi3_R_1-3+,2,382094.29504,382153.64608,59.35103999997955,382094.29504,382153.64608,59.35103999997955,4,6.538019652810281,RankSurprise
microGPi3_R_1-3+,2,384511.95904,384710.08256,198.12352000002284,384511.95904,384710.08256,198.12352000002284,5,4.474201920243399,RankSurprise
microGPi3_R_1-3+,2,387402.42432,387445.06368,42.63936000003014,387402.42432,387445.06368,42.63936000003014,3,4.36743083890066,RankSurprise
microGPi3_R_1-3+,2,388464.18944,388578.9184,114.72896000003675,388464.18944,388578.9184,114.72896000003675,4,4.391044958861901,RankSurprise
microGPi3_R_1-3+,2,389797.888,391689.33888,1891.4508800000185,389797.888,391689.33888,1891.4508800000185,20,5.485974621658447,RankSurprise
microGPi3_R_1-3+,2,392648.17152,393461.59616,813.4246400000411,392648.17152,393461.59616,813.4246400000411,12,6.407514712144208,RankSurprise
microGPi3_R_1-3+,2,394027.008,394371.85024,344.84224000002723,394027.008,394371.85024,344.84224000002723,7,5.084663852231445,RankSurprise
microGPi3_R_1-3+,2,395096.22784,395111.58784,15.35999999998603,395096.22784,395111.58784,15.35999999998603,3,7.011502138338672,RankSurprise
microGPi3_R_1-3+,2,398046.45376,398511.63648,465.1827199999825,398046.45376,398511.63648,465.1827199999825,8,5.043493826144354,RankSurprise
microGPi3_R_1-3+,2,409817.45664,410637.55776,820.1011200000066,409817.45664,410637.55776,820.1011200000066,10,3.9906847324791217,RankSurprise
microGPi3_R_1-3+,2,413335.38816,413515.93984,180.55168000003323,413335.38816,413515.93984,180.55168000003323,6,6.971494100323703,RankSurprise
microGPi3_R_1-3+,2,421460.7872,421590.17984,129.39263999997638,421460.7872,421590.17984,129.39263999997638,4,3.943823900323597,RankSurprise
microGPi3_R_1-3+,2,424206.29504,424273.18272,66.88767999998527,424206.29504,424273.18272,66.88767999998527,3,3.535572467349402,RankSurprise
microGPi3_R_1-3+,2,426191.0528,426802.74944,611.6966399999801,426191.0528,426802.74944,611.6966399999801,8,3.5344318985600305,RankSurprise
microGPi3_R_1-3+,2,428080.20992,428231.8848,151.67488000000594,428080.20992,428231.8848,151.67488000000594,4,3.539769241832598,RankSurprise
microGPi3_R_1-3+,2,465121.40288,465182.39232,60.98943999997573,465121.40288,465182.39232,60.98943999997573,3,3.6599649513518955,RankSurprise
microGPi3_R_1-3+,2,470146.29376,470299.77088,153.47712000005413,470146.29376,470299.77088,153.47712000005413,4,3.590474687487891,RankSurprise
microGPi3_R_1-3+,2,490253.27104,490414.94016,161.66911999997683,490253.27104,490414.94016,161.66911999997683,7,9.782709414528497,RankSurprise
microGPi3_R_1-3+,2,490414.94016,491986.45248,1571.5123199999798,490414.94016,491986.45248,1571.5123199999798,16,3.9015577554840353,RankSurprise
microGPi3_R_1-3+,2,494447.08352,494850.00704,402.9235200000112,494447.08352,494850.00704,402.9235200000112,7,4.637111026399204,RankSurprise
microGPi3_R_1-3+,2,498903.57248,499270.12352,366.5510400000494,498903.57248,499270.12352,366.5510400000494,8,6.478576594004659,RankSurprise
microGPi3_R_1-3+,2,499853.27104,500024.48384,171.21279999997932,499853.27104,500024.48384,171.21279999997932,5,5.02630646530379,RankSurprise
microGPi3_R_1-3+,2,502557.53216,504175.16544,1617.633280000009,502557.53216,504175.16544,1617.633280000009,27,16.830937692612164,RankSurprise
microGPi3_R_1-3+,2,505988.66944,506238.03392,249.36447999998927,505988.66944,506238.03392,249.36447999998927,5,3.967126502310901,RankSurprise
microGPi3_R_1-3+,2,507943.44448,508563.21024,619.7657599999802,507943.44448,508563.21024,619.7657599999802,8,3.5696977618983703,RankSurprise
microGPi3_R_1-3+,2,509467.07456,510672.03584,1204.9612800000468,509467.07456,510672.03584,1204.9612800000468,15,6.268152520724724,RankSurprise
microGPi3_R_1-3+,2,516067.65568,516299.53024,231.87455999996746,516067.65568,516299.53024,231.87455999996746,5,3.7453948179191627,RankSurprise
microGPi3_R_1-3+,2,534806.9376,534862.76608,55.82848000002559,534806.9376,534862.76608,55.82848000002559,3,3.865768984138482,RankSurprise
microGPi3_R_1-3+,2,545551.44192,547051.23328,1499.791360000032,545551.44192,547051.23328,1499.791360000032,29,22.503887470991458,RankSurprise
microGPi3_R_1-3+,2,549160.18176,549723.50464,563.3228800001089,549160.18176,549723.50464,563.3228800001089,13,12.325906762761925,RankSurprise
microGPi3_R_1-3+,2,553122.28352,553198.87872,76.59519999998156,553122.28352,553198.87872,76.59519999998156,4,5.5914081903426265,RankSurprise
microGPi3_R_1-3+,2,554199.04,554550.02624,350.98623999999836,554199.04,554550.02624,350.98623999999836,7,5.1431721302478035,RankSurprise
microGPi3_R_1-3+,2,555904.36864,556365.08672,460.71808000002056,555904.36864,556365.08672,460.71808000002056,8,5.123778710851269,RankSurprise
microGPi3_R_1-3+,2,570496.04096,570552.77056,56.729599999962375,570496.04096,570552.77056,56.729599999962375,3,3.8522668135360707,RankSurprise
microGPi3_R_1-3+,2,572902.72768,573035.7248,132.99711999995634,572902.72768,573035.7248,132.99711999995634,4,3.9225923821118585,RankSurprise
microGPi3_R_1-3+,2,575110.02112,575632.46592,522.4447999999393,575110.02112,575632.46592,522.4447999999393,9,6.36782675641896,RankSurprise
microGPi3_R_1-3+,2,576482.304,576707.25632,224.95232000004034,576482.304,576707.25632,224.95232000004034,5,3.9502737245373467,RankSurprise
microGPi3_R_1-3+,2,580122.33728,580135.77216,13.434880000073463,580122.33728,580135.77216,13.434880000073463,3,7.730708985700522,RankSurprise
microGPi3_R_1-3+,2,612852.28544,612879.81056,27.5251200000057,612852.28544,612879.81056,27.5251200000057,3,5.44947189953324,RankSurprise
microGPi3_R_1-3+,2,625393.09056,625564.13952,171.04895999992732,625393.09056,625564.13952,171.04895999992732,6,7.39680655992062,RankSurprise
microGPi3_R_1-3+,2,631036.06784,632046.34624,1010.278399999952,631036.06784,632046.34624,1010.278399999952,17,11.250463630229449,RankSurprise
microGPi3_R_1-3+,2,635286.528,637173.51424,1886.9862399999984,635286.528,637173.51424,1886.9862399999984,18,4.112792861653597,RankSurprise
microGPi3_R_1-3+,4,12285.66528,12637.96224,352.2969600000015,12285.66528,12637.96224,352.2969600000015,7,7.2851365688935985,RankSurprise
microGPi3_R_1-3+,4,14835.34336,15448.43264,613.0892800000001,14835.34336,15448.43264,613.0892800000001,10,9.427804196690552,RankSurprise
microGPi3_R_1-3+,4,17666.048,19325.50144,1659.4534400000011,17666.048,19325.50144,1659.4534400000011,15,6.940383491596243,RankSurprise
microGPi3_R_1-3+,4,20608.53248,20989.70624,381.17375999999786,20608.53248,20989.70624,381.17375999999786,7,7.464626841622362,RankSurprise
microGPi3_R_1-3+,4,30951.17824,31127.87968,176.7014399999971,30951.17824,31127.87968,176.7014399999971,4,4.394680091698568,RankSurprise
microGPi3_R_1-3+,4,46167.2448,46542.15168,374.9068800000023,46167.2448,46542.15168,374.9068800000023,6,5.0336293691106775,RankSurprise
microGPi3_R_1-3+,4,48302.61248,48519.12704,216.51455999999598,48302.61248,48519.12704,216.51455999999598,4,3.6119887195528833,RankSurprise
microGPi3_R_1-3+,4,122526.9248,122573.49632,46.57152000001224,122526.9248,122573.49632,46.57152000001224,3,4.78617684325862,RankSurprise
microGPi3_R_1-3+,4,137382.46144,138095.65696,713.1955199999793,137382.46144,138095.65696,713.1955199999793,7,3.9430723830326264,RankSurprise
microGPi3_R_1-3+,4,140322.57024,141625.71264,1303.1424000000115,140322.57024,141625.71264,1303.1424000000115,12,8.219133975824453,RankSurprise
microGPi3_R_1-3+,4,151973.96992,152043.3152,69.34528000000864,151973.96992,152043.3152,69.34528000000864,3,3.892471506246558,RankSurprise
microGPi3_R_1-3+,4,162152.28416,162209.1776,56.893439999985276,162152.28416,162209.1776,56.893439999985276,3,4.263613106679546,RankSurprise
microGPi3_R_1-3+,4,163305.75872,163339.8784,34.11967999997432,163305.75872,163339.8784,34.11967999997432,3,5.447892775746325,RankSurprise
microGPi3_R_1-3+,4,194961.73568,195284.82816,323.09247999999207,194961.73568,195284.82816,323.09247999999207,6,6.01917706607977,RankSurprise
microGPi3_R_1-3+,4,202396.38528,202888.27392,491.8886400000192,202396.38528,202888.27392,491.8886400000192,7,5.675017348877755,RankSurprise
microGPi3_R_1-3+,4,212117.62688,212343.56224,225.93536000000313,212117.62688,212343.56224,225.93536000000313,5,5.38426419479913,RankSurprise
microGPi3_R_1-3+,4,227010.06848,227202.70336,192.6348800000269,227010.06848,227202.70336,192.6348800000269,4,4.041908111628889,RankSurprise
microGPi3_R_1-3+,4,236499.43552,236546.08896,46.65343999999459,236499.43552,236546.08896,46.65343999999459,3,4.59299590833027,RankSurprise
microGPi3_R_1-3+,4,248953.97888,249238.81472,284.8358399999852,248953.97888,249238.81472,284.8358399999852,6,6.14170933476926,RankSurprise
microGPi3_R_1-3+,4,274278.93248,274315.42784,36.4953600000008,274278.93248,274315.42784,36.4953600000008,3,5.170070917637462,RankSurprise
microGPi3_R_1-3+,4,296692.24448,296740.41344,48.16895999998087,296692.24448,296740.41344,48.16895999998087,3,4.502980153141909,RankSurprise
microGPi3_R_1-3+,4,321657.81504,321791.87712,134.06208000000333,321657.81504,321791.87712,134.06208000000333,4,4.90958224965437,RankSurprise
microGPi3_R_1-3+,4,334179.1232,334428.07808,248.95488000003388,334179.1232,334428.07808,248.95488000003388,5,5.440244865537739,RankSurprise
microGPi3_R_1-3+,4,338744.89344,338958.45888,213.56543999997666,338744.89344,338958.45888,213.56543999997666,4,3.680864211977198,RankSurprise
microGPi3_R_1-3+,4,340122.09152,340237.63968,115.54816000000574,340122.09152,340237.63968,115.54816000000574,4,5.173986090956408,RankSurprise
microGPi3_R_1-3+,4,344539.09504,344925.75744,386.6624000000302,344539.09504,344925.75744,386.6624000000302,11,14.729455865679926,RankSurprise
microGPi3_R_1-3+,4,345851.45344,345971.46624,120.01279999996768,345851.45344,345971.46624,120.01279999996768,5,7.372365579766253,RankSurprise
microGPi3_R_1-3+,4,352864.01024,353234.45248,370.44224000000395,352864.01024,353234.45248,370.44224000000395,7,7.08229996871475,RankSurprise
microGPi3_R_1-3+,4,370036.24448,370045.66528,9.4208000000217,370036.24448,370045.66528,9.4208000000217,3,9.94010343904774,RankSurprise
microGPi3_R_1-3+,4,370272.54272,371201.39264,928.8499199999496,370272.54272,371201.39264,928.8499199999496,9,4.680852240345606,RankSurprise
microGPi3_R_1-3+,4,389770.97728,389808.45568,37.47840000002179,389770.97728,389808.45568,37.47840000002179,3,5.156465265581684,RankSurprise
microGPi3_R_1-3+,4,390901.18656,391086.24384,185.05728000000818,390901.18656,391086.24384,185.05728000000818,4,4.014300511538398,RankSurprise
microGPi3_R_1-3+,4,396170.81344,397287.30112,1116.4876800000202,396170.81344,397287.30112,1116.4876800000202,10,5.030799717548202,RankSurprise
microGPi3_R_1-3+,4,412727.54176,413776.40448,1048.8627200000337,412727.54176,413776.40448,1048.8627200000337,10,5.528919330457538,RankSurprise
microGPi3_R_1-3+,4,424661.07392,424701.17376,40.09983999998076,424661.07392,424701.17376,40.09983999998076,3,5.000032108670476,RankSurprise
microGPi3_R_1-3+,4,425505.75104,425531.96544,26.214399999997113,425505.75104,425531.96544,26.214399999997113,3,6.24711157338071,RankSurprise
microGPi3_R_1-3+,4,426318.92992,426362.59328,43.663359999947716,426318.92992,426362.59328,43.663359999947716,4,8.337970160992525,RankSurprise
microGPi3_R_1-3+,4,431565.90592,431860.61312,294.7072000000044,431565.90592,431860.61312,294.7072000000044,5,4.309423329660323,RankSurprise
microGPi3_R_1-3+,4,452665.71264,452876.00128,210.2886400000425,452665.71264,452876.00128,210.2886400000425,5,5.754655011130481,RankSurprise
microGPi3_R_1-3+,4,473352.31488,473599.09888,246.7839999999851,473352.31488,473599.09888,246.7839999999851,4,3.928515756145373,RankSurprise
microGPi3_R_1-3+,4,479673.99936,480671.90784,997.9084799999837,479673.99936,480671.90784,997.9084799999837,11,6.979395171798047,RankSurprise
microGPi3_R_1-3+,4,485664.60416,485733.49888,68.89472000004025,485664.60416,485733.49888,68.89472000004025,3,3.814722957876157,RankSurprise
microGPi3_R_1-3+,4,498416.76288,499110.21568,693.4528000000282,498416.76288,499110.21568,693.4528000000282,12,13.40025448305132,RankSurprise
microGPi3_R_1-3+,4,502204.37504,503058.80064,854.4255999999586,502204.37504,503058.80064,854.4255999999586,9,6.466293080671976,RankSurprise
microGPi3_R_1-3+,4,507796.76672,507815.60832,18.841599999985192,507796.76672,507815.60832,18.841599999985192,3,7.553258002435953,RankSurprise
microGPi3_R_1-3+,4,515637.78048,515671.77728,33.99679999996442,515637.78048,515671.77728,33.99679999996442,3,5.41676327130728,RankSurprise
microGPi3_R_1-3+,4,525190.43072,525249.536,59.105280000017956,525190.43072,525249.536,59.105280000017956,3,4.178674269291889,RankSurprise
microGPi3_R_1-3+,4,541908.7872,542129.02912,220.24191999994218,541908.7872,542129.02912,220.24191999994218,4,3.802135235580419,RankSurprise
microGPi3_R_1-3+,4,544884.44928,547246.53056,2362.081280000042,544884.44928,547246.53056,2362.081280000042,26,17.876581249317493,RankSurprise
microGPi3_R_1-3+,4,552806.35904,553005.8752,199.51615999999922,552806.35904,553005.8752,199.51615999999922,4,4.041908111628889,RankSurprise
microGPi3_R_1-3+,4,563081.8304,563273.97376,192.1433599999873,563081.8304,563273.97376,192.1433599999873,5,5.81048298981225,RankSurprise
microGPi3_R_1-3+,4,597566.6688,597883.78112,317.11232000007294,597566.6688,597883.78112,317.11232000007294,6,6.208953507945097,RankSurprise
microGPi3_R_1-3+,4,630249.34912,631278.05952,1028.7103999999817,630249.34912,631278.05952,1028.7103999999817,9,4.13221262307663,RankSurprise
microGPi3_R_2-3+,1,60443.19744,62606.99136,2163.7939199999964,60443.19744,62606.99136,2163.7939199999964,8,5.0749524786483455,RankSurprise
microGPi3_R_2-3+,1,80450.68288,80973.08672,522.4038400000136,80450.68288,80973.08672,522.4038400000136,4,4.90005233977055,RankSurprise
microGPi3_R_2-3+,1,100097.76128,103159.84896,3062.087679999997,100097.76128,103159.84896,3062.087679999997,10,5.787984413309541,RankSurprise
microGPi3_R_2-3+,1,120277.6064,122699.24352,2421.6371199999994,120277.6064,122699.24352,2421.6371199999994,7,3.9985492016250093,RankSurprise
microGPi3_R_2-3+,1,136334.25408,137139.48672,805.2326399999729,136334.25408,137139.48672,805.2326399999729,4,3.57011991630095,RankSurprise
microGPi3_R_2-3+,1,162188.6976,163447.43936,1258.7417599999753,162188.6976,163447.43936,1258.7417599999753,7,7.546116318351196,RankSurprise
microGPi3_R_2-3+,1,169379.34848,171240.32512,1860.976640000008,169379.34848,171240.32512,1860.976640000008,7,4.509741999095507,RankSurprise
microGPi3_R_2-3+,1,194586.74688,195986.92352,1400.1766400000197,194586.74688,195986.92352,1400.1766400000197,6,4.816914469374879,RankSurprise
microGPi3_R_2-3+,1,202712.80128,203061.00224,348.2009599999874,202712.80128,203061.00224,348.2009599999874,3,3.6628287769139938,RankSurprise
microGPi3_R_2-3+,1,214459.22816,215601.23392,1142.00576,214459.22816,215601.23392,1142.00576,5,4.005913365455161,RankSurprise
microGPi3_R_2-3+,1,228234.36288,228514.11968,279.75680000000284,228234.36288,228514.11968,279.75680000000284,3,4.406938567672897,RankSurprise
microGPi3_R_2-3+,1,255362.33472,258094.08,2731.7452799999737,255362.33472,258094.08,2731.7452799999737,10,7.145162216789326,RankSurprise
microGPi3_R_2-3+,1,284623.54432,286515.48672,1891.9424,284623.54432,286515.48672,1891.9424,9,8.643180852154964,RankSurprise
microGPi3_R_2-3+,1,288446.83264,289645.85472,1199.0220800000243,288446.83264,289645.85472,1199.0220800000243,5,3.6407705349169177,RankSurprise
microGPi3_R_2-3+,1,313845.06368,314102.08768,257.0239999999758,313845.06368,314102.08768,257.0239999999758,3,4.777233312036524,RankSurprise
microGPi3_R_2-3+,1,316549.85728,316909.1584,359.3011200000183,316549.85728,316909.1584,359.3011200000183,3,3.561859960207723,RankSurprise
microGPi3_R_2-3+,1,412126.78144,412774.35904,647.5776000000187,412126.78144,412774.35904,647.5776000000187,5,6.877118235945879,RankSurprise
microGPi3_R_2-3+,1,448707.13344,448984.14592,277.01247999997577,448707.13344,448984.14592,277.01247999997577,3,4.50311316612134,RankSurprise
microGPi3_R_2-3+,1,515218.80064,516178.7392,959.9385600000387,515218.80064,516178.7392,959.9385600000387,5,4.463994081197566,RankSurprise
microGPi3_R_2-3+,1,568070.88128,568263.51616,192.6348800000269,568070.88128,568263.51616,192.6348800000269,3,6.780963031980663,RankSurprise
microGPi3_R_2-3+,1,578713.84576,579076.7104,362.864639999927,578713.84576,579076.7104,362.864639999927,3,3.561859960207723,RankSurprise
microGPi3_R_2-3+,1,583790.01856,584440.38144,650.3628800000297,583790.01856,584440.38144,650.3628800000297,4,4.024627421413719,RankSurprise
microGPi3_R_2-3+,1,617034.752,618382.58176,1347.8297599999933,617034.752,618382.58176,1347.8297599999933,5,3.5496352902225468,RankSurprise
microGPi3_R_2-3+,1,621048.54528,621333.05344,284.5081600000849,621048.54528,621333.05344,284.5081600000849,3,4.369727386893507,RankSurprise
microGPi3_R_2-3+,3,12925.91104,13513.27744,587.366399999999,12925.91104,13513.27744,587.366399999999,8,4.334638924342088,RankSurprise
microGPi3_R_2-3+,3,14617.72288,15448.55552,830.8326400000005,14617.72288,15448.55552,830.8326400000005,14,9.198784017821815,RankSurprise
microGPi3_R_2-3+,3,17666.17088,18951.04512,1284.8742399999974,17666.17088,18951.04512,1284.8742399999974,30,29.031815964752347,RankSurprise
microGPi3_R_2-3+,3,19640.81152,19811.49184,170.68031999999948,19640.81152,19811.49184,170.68031999999948,4,3.5211812184643883,RankSurprise
microGPi3_R_2-3+,3,23291.4944,23497.728,206.23359999999957,23291.4944,23497.728,206.23359999999957,5,4.362189152015009,RankSurprise
microGPi3_R_2-3+,3,48881.82784,48912.30208,30.474240000003192,48881.82784,48912.30208,30.474240000003192,4,12.268108044401817,RankSurprise
microGPi3_R_2-3+,3,59259.86304,59375.616,115.75296000000526,59259.86304,59375.616,115.75296000000526,4,4.626429366109544,RankSurprise
microGPi3_R_2-3+,3,61178.22464,61211.97568,33.75104000000283,61178.22464,61211.97568,33.75104000000283,3,5.668966504196156,RankSurprise
microGPi3_R_2-3+,3,79866.75712,79920.08704,53.32992000000377,79866.75712,79920.08704,53.32992000000377,3,4.2558192791340765,RankSurprise
microGPi3_R_2-3+,3,89053.67552,89202.19648,148.52095999999437,89053.67552,89202.19648,148.52095999999437,4,3.708054911952434,RankSurprise
microGPi3_R_2-3+,3,116689.83808,116827.58656,137.74847999999474,116689.83808,116827.58656,137.74847999999474,4,3.9012925501822906,RankSurprise
microGPi3_R_2-3+,3,147799.49056,148196.9664,397.47583999999915,147799.49056,148196.9664,397.47583999999915,7,4.824525690034354,RankSurprise
microGPi3_R_2-3+,3,163522.92864,163867.8528,344.924159999995,163522.92864,163867.8528,344.924159999995,6,3.6634708118453068,RankSurprise
microGPi3_R_2-3+,3,175395.4304,175454.98624,59.55583999998635,175395.4304,175454.98624,59.55583999998635,3,3.9386481288138526,RankSurprise
microGPi3_R_2-3+,3,192255.71328,192717.57824,461.86496000000625,192255.71328,192717.57824,461.86496000000625,10,8.179952769584531,RankSurprise
microGPi3_R_2-3+,3,202502.79936,203264.53248,761.7331199999899,202502.79936,203264.53248,761.7331199999899,12,7.3703867349469965,RankSurprise
microGPi3_R_2-3+,3,204843.29472,204903.424,60.12927999999374,204843.29472,204903.424,60.12927999999374,3,3.898596665061623,RankSurprise
microGPi3_R_2-3+,3,241996.55424,242105.18016,108.62591999999131,241996.55424,242105.18016,108.62591999999131,4,4.641873432716029,RankSurprise
microGPi3_R_2-3+,3,321313.25952,321715.52768,402.2681599999778,321313.25952,321715.52768,402.2681599999778,7,4.262830864347957,RankSurprise
microGPi3_R_2-3+,3,337750.87616,339297.15712,1546.2809600000037,337750.87616,339297.15712,1546.2809600000037,22,11.27020299361997,RankSurprise
microGPi3_R_2-3+,3,340978.93376,341566.79168,587.8579200000386,340978.93376,341566.79168,587.8579200000386,17,19.655765823952397,RankSurprise
microGPi3_R_2-3+,3,342724.89472,342971.26912,246.3744000000297,342724.89472,342971.26912,246.3744000000297,5,3.5402786950320504,RankSurprise
microGPi3_R_2-3+,3,345765.02784,346455.4496,690.4217599999974,345765.02784,346455.4496,690.4217599999974,17,16.972641055112224,RankSurprise
microGPi3_R_2-3+,3,352032.27648,352077.4144,45.13792000000831,352032.27648,352077.4144,45.13792000000831,3,4.705814766369242,RankSurprise
microGPi3_R_2-3+,3,352825.18016,353196.93312,371.75296000001254,352825.18016,353196.93312,371.75296000001254,9,8.416306204707944,RankSurprise
microGPi3_R_2-3+,3,357521.77664,357618.19648,96.41983999998774,357521.77664,357618.19648,96.41983999998774,4,5.110138160243018,RankSurprise
microGPi3_R_2-3+,3,358355.80416,358415.64672,59.84256000001915,358355.80416,358415.64672,59.84256000001915,3,3.923534682795154,RankSurprise
microGPi3_R_2-3+,3,367479.97184,367698.37056,218.3987199999974,367479.97184,367698.37056,218.3987199999974,7,8.371580090459602,RankSurprise
microGPi3_R_2-3+,3,383188.62336,383218.97472,30.351359999971464,383188.62336,383218.97472,30.351359999971464,3,6.218479111559386,RankSurprise
microGPi3_R_2-3+,3,384574.38208,384710.08256,135.70047999999952,384574.38208,384710.08256,135.70047999999952,4,4.02791977391098,RankSurprise
microGPi3_R_2-3+,3,392870.01088,393012.4288,142.41791999997804,392870.01088,393012.4288,142.41791999997804,4,3.6939106057969013,RankSurprise
microGPi3_R_2-3+,3,394201.4976,395150.00832,948.5107200000202,394201.4976,395150.00832,948.5107200000202,11,5.514744810051256,RankSurprise
microGPi3_R_2-3+,3,396170.93632,396384.91136,213.97504000004847,396170.93632,396384.91136,213.97504000004847,7,8.444677538926491,RankSurprise
microGPi3_R_2-3+,3,425361.57184,425469.82912,108.25728000001982,425361.57184,425469.82912,108.25728000001982,4,4.76433955791191,RankSurprise
microGPi3_R_2-3+,3,429629.72672,429842.80064,213.07391999999527,429629.72672,429842.80064,213.07391999999527,5,4.238004738016286,RankSurprise
microGPi3_R_2-3+,3,431410.95424,431676.2112,265.2569600000279,431410.95424,431676.2112,265.2569600000279,6,4.924072110941843,RankSurprise
microGPi3_R_2-3+,3,490253.312,492307.74272,2054.430720000004,490253.312,492307.74272,2054.430720000004,27,11.652393339599893,RankSurprise
microGPi3_R_2-3+,3,494578.8928,494907.02336,328.1305600000196,494578.8928,494907.02336,328.1305600000196,7,5.4241841113305025,RankSurprise
microGPi3_R_2-3+,3,500895.98976,501126.5536,230.56383999995887,500895.98976,501126.5536,230.56383999995887,5,3.80681825109124,RankSurprise
microGPi3_R_2-3+,3,502578.46272,504175.16544,1596.7027200000011,502578.46272,504175.16544,1596.7027200000011,28,18.790893287460417,RankSurprise
microGPi3_R_2-3+,3,509783.53152,510689.36192,905.8303999999771,509783.53152,510689.36192,905.8303999999771,11,4.240314203501777,RankSurprise
microGPi3_R_2-3+,3,513762.87744,514631.63904,868.7615999999689,513762.87744,514631.63904,868.7615999999689,12,5.541359431322029,RankSurprise
microGPi3_R_2-3+,3,545922.41664,547080.8064,1158.3897600000491,545922.41664,547080.8064,1158.3897600000491,24,20.56321064375326,RankSurprise
microGPi3_R_2-3+,3,552982.81472,554671.9232,1689.1084799999371,552982.81472,554671.9232,1689.1084799999371,20,8.617508423435345,RankSurprise
microGPi3_R_2-3+,3,559353.2416,559420.78464,67.54304000001866,559353.2416,559420.78464,67.54304000001866,3,3.608433213174912,RankSurprise
microGPi3_R_2-3+,3,564250.17344,564299.3664,49.192960000014864,564250.17344,564299.3664,49.192960000014864,3,4.455051226409664,RankSurprise
microGPi3_R_2-3+,3,565335.40864,565521.44896,186.04031999991275,565335.40864,565521.44896,186.04031999991275,5,4.822434034869335,RankSurprise
microGPi3_R_2-3+,3,566215.59808,566262.45632,46.858239999972284,566215.59808,566262.45632,46.858239999972284,3,4.514856511842696,RankSurprise
microGPi3_R_2-3+,3,572850.50368,572950.36416,99.86048000003211,572850.50368,572950.36416,99.86048000003211,4,5.034184623963959,RankSurprise
microGPi3_R_2-3+,3,630249.51296,632087.18336,1837.670400000061,630249.51296,632087.18336,1837.670400000061,27,16.519918130793727,RankSurprise
microGPi3_R_2-3+,3,635370.25024,635402.89536,32.64512000000104,635370.25024,635402.89536,32.64512000000104,3,5.805666980800673,RankSurprise
microGPi3_R_2-3+,4,807.5264,1008.18944,200.66304000000002,807.5264,1008.18944,200.66304000000002,3,3.7047034543554194,RankSurprise
microGPi3_R_2-3+,4,17678.58176,18631.96672,953.3849599999994,17678.58176,18631.96672,953.3849599999994,8,3.5863436316988073,RankSurprise
microGPi3_R_2-3+,4,32806.42048,33260.9536,454.53312000000005,32806.42048,33260.9536,454.53312000000005,5,4.309841521317406,RankSurprise
microGPi3_R_2-3+,4,43996.48768,44474.90048,478.41279999999824,43996.48768,44474.90048,478.41279999999824,5,4.136705213394816,RankSurprise
microGPi3_R_2-3+,4,45307.00288,45941.39136,634.3884800000014,45307.00288,45941.39136,634.3884800000014,6,3.900783750091836,RankSurprise
microGPi3_R_2-3+,4,60086.35392,60271.53408,185.18015999999625,60086.35392,60271.53408,185.18015999999625,3,4.089580110993905,RankSurprise
microGPi3_R_2-3+,4,63904.03072,64235.7248,331.6940800000011,63904.03072,64235.7248,331.6940800000011,4,3.8364519969770683,RankSurprise
microGPi3_R_2-3+,4,74075.25888,74269.2864,194.02752000000328,74075.25888,74269.2864,194.02752000000328,3,3.6051095710484784,RankSurprise
microGPi3_R_2-3+,4,98840.576,99038.49472,197.91872000000149,98840.576,99038.49472,197.91872000000149,3,3.7281813594908595,RankSurprise
microGPi3_R_2-3+,4,122639.5648,122936.15616,296.5913600000058,122639.5648,122936.15616,296.5913600000058,4,4.329772635405092,RankSurprise
microGPi3_R_2-3+,4,131722.32192,131891.11808,168.79615999999805,131722.32192,131891.11808,168.79615999999805,3,4.302070456214524,RankSurprise
microGPi3_R_2-3+,4,134431.3344,135052.24704,620.912639999995,134431.3344,135052.24704,620.912639999995,6,4.193274531018806,RankSurprise
microGPi3_R_2-3+,4,136236.11392,136942.7968,706.6828800000076,136236.11392,136942.7968,706.6828800000076,7,5.484642627852882,RankSurprise
microGPi3_R_2-3+,4,144791.06048,145039.23712,248.1766400000197,144791.06048,145039.23712,248.1766400000197,4,6.873177422328197,RankSurprise
microGPi3_R_2-3+,4,159619.2768,159811.82976,192.5529600000009,159619.2768,159811.82976,192.5529600000009,3,3.9104061902012415,RankSurprise
microGPi3_R_2-3+,4,161958.58432,162295.52128,336.9369599999918,161958.58432,162295.52128,336.9369599999918,4,3.8268703829040263,RankSurprise
microGPi3_R_2-3+,4,163376.78336,163534.68416,157.90080000000307,163376.78336,163534.68416,157.90080000000307,3,5.380908327216769,RankSurprise
microGPi3_R_2-3+,4,181048.85248,181227.97056,179.11807999998564,181048.85248,181227.97056,179.11807999998564,3,4.432065575223767,RankSurprise
microGPi3_R_2-3+,4,183601.64352,183773.88032,172.2367999999842,183601.64352,183773.88032,172.2367999999842,3,4.749833575299201,RankSurprise
microGPi3_R_2-3+,4,185444.9664,185691.25888,246.2924800000037,185444.9664,185691.25888,246.2924800000037,4,6.496444811765684,RankSurprise
microGPi3_R_2-3+,4,188816.87552,188979.93728,163.06176000001142,188816.87552,188979.93728,163.06176000001142,3,4.589180317984377,RankSurprise
microGPi3_R_2-3+,4,191326.04416,192120.95488,794.9107200000144,191326.04416,192120.95488,794.9107200000144,7,4.039559448054346,RankSurprise
microGPi3_R_2-3+,4,235501.1584,235983.21664,482.05824000001303,235501.1584,235983.21664,482.05824000001303,5,3.8464470611342207,RankSurprise
microGPi3_R_2-3+,4,243880.26368,244047.2576,166.99392000000807,243880.26368,244047.2576,166.99392000000807,3,4.217360892555423,RankSurprise
microGPi3_R_2-3+,4,257633.4848,258093.6704,460.18559999999707,257633.4848,258093.6704,460.18559999999707,5,4.401939442909619,RankSurprise
microGPi3_R_2-3+,4,258988.68736,259144.94976,156.2623999999778,258988.68736,259144.94976,156.2623999999778,3,5.250355932879335,RankSurprise
microGPi3_R_2-3+,4,262843.55584,263028.9408,185.38495999999577,262843.55584,263028.9408,185.38495999999577,3,3.6528646723748217,RankSurprise
microGPi3_R_2-3+,4,270971.45344,271313.18272,341.72927999997046,270971.45344,271313.18272,341.72927999997046,4,3.7457078146813743,RankSurprise
microGPi3_R_2-3+,4,272436.71552,272628.61312,191.8975999999675,272436.71552,272628.61312,191.8975999999675,3,3.8405022870691408,RankSurprise
microGPi3_R_2-3+,4,277327.83104,278755.24608,1427.4150399999926,277327.83104,278755.24608,1427.4150399999926,11,4.0083211801522545,RankSurprise
microGPi3_R_2-3+,4,282558.70976,282884.79232,326.08256000000983,282558.70976,282884.79232,326.08256000000983,4,3.6995104010382533,RankSurprise
microGPi3_R_2-3+,4,283348.09088,283964.94848,616.8576000000467,283348.09088,283964.94848,616.8576000000467,6,4.327175070787775,RankSurprise
microGPi3_R_2-3+,4,284623.17568,284805.5296,182.3539200000232,284623.17568,284805.5296,182.3539200000232,3,4.353866231049912,RankSurprise
microGPi3_R_2-3+,4,288846.2336,289868.71808,1022.4844800000428,288846.2336,289868.71808,1022.4844800000428,9,5.5015832097226065,RankSurprise
microGPi3_R_2-3+,4,299239.50592,299391.34464,151.83871999999974,299239.50592,299391.34464,151.83871999999974,3,5.513361300465553,RankSurprise
microGPi3_R_2-3+,4,312321.67936,312662.71232,341.03295999998227,312321.67936,312662.71232,341.03295999998227,4,3.5215222250610694,RankSurprise
microGPi3_R_2-3+,4,319908.53632,321040.62976,1132.0934399999678,319908.53632,321040.62976,1132.0934399999678,9,3.736530442640312,RankSurprise
microGPi3_R_2-3+,4,329138.13504,329341.952,203.81695999996737,329138.13504,329341.952,203.81695999996737,3,3.6051095710484784,RankSurprise
microGPi3_R_2-3+,4,336718.56128,336883.01568,164.4543999999878,336718.56128,336883.01568,164.4543999999878,3,4.478776880630528,RankSurprise
microGPi3_R_2-3+,4,340873.25696,340997.98016,124.72319999994943,340873.25696,340997.98016,124.72319999994943,3,5.867224095111519,RankSurprise
microGPi3_R_2-3+,4,343060.56192,343231.0784,170.51647999999113,343060.56192,343231.0784,170.51647999999113,3,4.8046999441879255,RankSurprise
microGPi3_R_2-3+,4,353966.94016,354140.16,173.2198399999761,353966.94016,354140.16,173.2198399999761,3,4.5801202682206945,RankSurprise
microGPi3_R_2-3+,4,355850.28096,356033.61792,183.336959999986,355850.28096,356033.61792,183.336959999986,3,4.12886711984981,RankSurprise
microGPi3_R_2-3+,4,375650.5088,375814.79936,164.290559999994,375650.5088,375814.79936,164.290559999994,3,5.127805830027963,RankSurprise
microGPi3_R_2-3+,4,376208.87552,377638.66624,1429.79071999999,376208.87552,377638.66624,1429.79071999999,11,3.8123174332242518,RankSurprise
microGPi3_R_2-3+,4,377986.90816,378329.33376,342.42560000001686,377986.90816,378329.33376,342.42560000001686,4,3.6413971895721104,RankSurprise
microGPi3_R_2-3+,4,383079.66976,383396.78208,317.1123199999565,383079.66976,383396.78208,317.1123199999565,4,4.271518356169537,RankSurprise
microGPi3_R_2-3+,4,392520.78592,392908.06272,387.27679999999236,392520.78592,392908.06272,387.27679999999236,5,6.621332434680578,RankSurprise
microGPi3_R_2-3+,4,414542.88896,414846.27968,303.3907199999667,414542.88896,414846.27968,303.3907199999667,4,4.480558199891831,RankSurprise
microGPi3_R_2-3+,4,422111.76448,422603.3664,491.6019199999864,422111.76448,422603.3664,491.6019199999864,5,3.5473386411880696,RankSurprise
microGPi3_R_2-3+,4,428761.33376,429113.46688,352.13312000001315,428761.33376,429113.46688,352.13312000001315,4,3.563286249985431,RankSurprise
microGPi3_R_2-3+,4,430044.65152,430248.67328,204.02175999997417,430044.65152,430248.67328,204.02175999997417,3,3.5830251401381847,RankSurprise
microGPi3_R_2-3+,4,433089.98656,433259.47904,169.49248000001535,433089.98656,433259.47904,169.49248000001535,3,4.871544322556309,RankSurprise
microGPi3_R_2-3+,4,443194.73664,443520.77824,326.04159999999683,443194.73664,443520.77824,326.04159999999683,4,3.846064311580964,RankSurprise
microGPi3_R_2-3+,4,452484.17792,453230.63296,746.4550400000298,452484.17792,453230.63296,746.4550400000298,7,4.462163583108644,RankSurprise
microGPi3_R_2-3+,4,457699.65568,458635.83744,936.1817599999486,457699.65568,458635.83744,936.1817599999486,8,4.056688671630118,RankSurprise
microGPi3_R_2-3+,4,469552.25088,470189.42464,637.173759999976,469552.25088,470189.42464,637.173759999976,6,3.77679280533278,RankSurprise
microGPi3_R_2-3+,4,470918.22592,471113.23648,195.01056000002427,470918.22592,471113.23648,195.01056000002427,3,3.849891981426575,RankSurprise
microGPi3_R_2-3+,4,471812.25984,472442.14272,629.8828799999901,471812.25984,472442.14272,629.8828799999901,6,4.092385719950688,RankSurprise
microGPi3_R_2-3+,4,473816.55552,474002.6368,186.08127999998396,473816.55552,474002.6368,186.08127999998396,3,4.168941353553651,RankSurprise
microGPi3_R_2-3+,4,484803.87072,485687.99232,884.1216000000131,484803.87072,485687.99232,884.1216000000131,8,4.911703854931264,RankSurprise
microGPi3_R_2-3+,4,495811.82976,496009.25696,197.42720000003465,495811.82976,496009.25696,197.42720000003465,3,3.6786161142719322,RankSurprise
microGPi3_R_2-3+,4,497169.57184,497846.51776,676.9459200000274,497169.57184,497846.51776,676.9459200000274,7,6.3366506629819455,RankSurprise
microGPi3_R_2-3+,4,499447.23456,499637.6576,190.4230399999651,499447.23456,499637.6576,190.4230399999651,3,3.923382724389869,RankSurprise
microGPi3_R_2-3+,4,503451.72992,503605.4528,153.72288000001572,503451.72992,503605.4528,153.72288000001572,3,5.639797882005308,RankSurprise
microGPi3_R_2-3+,4,505175.16288,505316.7616,141.59872000000905,505175.16288,505316.7616,141.59872000000905,3,5.9732096724734145,RankSurprise
microGPi3_R_2-3+,4,508074.76224,508255.06816,180.30592000001343,508074.76224,508255.06816,180.30592000001343,3,3.766930730211241,RankSurprise
microGPi3_R_2-3+,4,512905.46176,513541.69344,636.2316800000262,512905.46176,513541.69344,636.2316800000262,6,3.972936573241581,RankSurprise
microGPi3_R_2-3+,4,514625.57696,514899.1488,273.5718400000478,514625.57696,514899.1488,273.5718400000478,4,5.381110410538557,RankSurprise
microGPi3_R_2-3+,4,519213.95712,519379.59936,165.6422400000156,519213.95712,519379.59936,165.6422400000156,3,5.098306705997407,RankSurprise
microGPi3_R_2-3+,4,521333.06368,521727.54944,394.4857599999523,521333.06368,521727.54944,394.4857599999523,5,4.871424063218953,RankSurprise
microGPi3_R_2-3+,4,522008.61696,522333.184,324.56703999999445,522008.61696,522333.184,324.56703999999445,4,4.065723337005604,RankSurprise
microGPi3_R_2-3+,4,529241.41568,529682.06336,440.6476800000528,529241.41568,529682.06336,440.6476800000528,5,4.565190840234198,RankSurprise
microGPi3_R_2-3+,4,529980.12928,530161.82784,181.69856000004802,529980.12928,530161.82784,181.69856000004802,3,4.221134481939062,RankSurprise
microGPi3_R_2-3+,4,535441.57184,535781.13024,339.5583999999799,535441.57184,535781.13024,339.5583999999799,4,3.8926370580831176,RankSurprise
microGPi3_R_2-3+,4,538743.11168,538874.18368,131.07200000004377,538743.11168,538874.18368,131.07200000004377,3,6.9032723020556315,RankSurprise
microGPi3_R_2-3+,4,545698.816,546700.288,1001.4719999999506,545698.816,546700.288,1001.4719999999506,9,5.580724704635987,RankSurprise
microGPi3_R_2-3+,4,552970.19904,556359.22944,3389.030400000047,552970.19904,556359.22944,3389.030400000047,23,4.83661550339979,RankSurprise
microGPi3_R_2-3+,4,560239.65696,560371.01568,131.35871999990195,560239.65696,560371.01568,131.35871999990195,3,7.06878256996532,RankSurprise
microGPi3_R_2-3+,4,562620.74368,563269.75488,649.0112000000663,562620.74368,563269.75488,649.0112000000663,7,6.063256631857725,RankSurprise
microGPi3_R_2-3+,4,568070.47168,568263.14752,192.6758400000399,568070.47168,568263.14752,192.6758400000399,3,3.9661475404995006,RankSurprise
microGPi3_R_2-3+,4,573966.86848,574457.15968,490.29120000009425,573966.86848,574457.15968,490.29120000009425,5,3.71847225434437,RankSurprise
microGPi3_R_2-3+,4,578404.47488,579209.0112,804.5363199999556,578404.47488,579209.0112,804.5363199999556,7,3.837175644398626,RankSurprise
microGPi3_R_2-3+,4,581234.64704,581414.0928,179.44576000003144,581234.64704,581414.0928,179.44576000003144,3,3.681497960646821,RankSurprise
microGPi3_R_2-3+,4,582007.15264,582326.96832,319.8156799999997,582007.15264,582326.96832,319.8156799999997,4,4.329772635405092,RankSurprise
microGPi3_R_2-3+,4,593471.16032,593819.48416,348.3238399999682,593471.16032,593819.48416,348.3238399999682,4,3.6091965150091987,RankSurprise
microGPi3_R_2-3+,4,604519.46496,604845.056,325.59103999997023,604519.46496,604845.056,325.59103999997023,4,4.154026867650586,RankSurprise
microGPi3_R_2-3+,4,609171.08736,609352.66304,181.57568000000902,609171.08736,609352.66304,181.57568000000902,3,4.366012029808532,RankSurprise
microGPi3_R_2-3+,4,609801.87136,610110.75072,308.8793600000208,609801.87136,610110.75072,308.8793600000208,4,4.543060487358385,RankSurprise
microGPi3_R_2-3+,4,612314.9312,612488.6016,173.6704000000609,612314.9312,612488.6016,173.6704000000609,3,4.69643226601997,RankSurprise
microGPi3_R_2-3+,4,616181.51424,616824.05376,642.5395199999912,616181.51424,616824.05376,642.5395199999912,6,3.746632506090728,RankSurprise
microGPi3_R_2-3+,4,618278.17472,619182.44864,904.2739199999487,618278.17472,619182.44864,904.2739199999487,8,4.585752472394962,RankSurprise
microGPi3_R_2-3+,4,620742.2464,621648.36352,906.1171200000681,620742.2464,621648.36352,906.1171200000681,8,4.666499987411835,RankSurprise
microGPi3_R_2-3+,4,626693.7344,626883.1744,189.44000000006054,626693.7344,626883.1744,189.44000000006054,3,3.528857958851832,RankSurprise
microGPi3_R_2-3+,4,637597.45024,638565.00736,967.5571200000122,637597.45024,638565.00736,967.5571200000122,8,3.5082235969738207,RankSurprise
microGPi3_R_4-5+,1,38757.86752,38830.20288,72.33535999999731,38757.86752,38830.20288,72.33535999999731,3,4.636949711684386,RankSurprise
microGPi3_R_4-5+,1,87244.1856,87343.02208,98.83647999999812,87244.1856,87343.02208,98.83647999999812,3,4.045033820609111,RankSurprise
microGPi3_R_4-5+,1,121114.2144,121145.91744,31.703040000007604,121114.2144,121145.91744,31.703040000007604,3,5.957884421197685,RankSurprise
microGPi3_R_4-5+,1,142015.56992,142074.34752,58.77760000000126,142015.56992,142074.34752,58.77760000000126,3,4.9222250441056,RankSurprise
microGPi3_R_4-5+,1,147729.36704,147758.6944,29.32735999999568,147729.36704,147758.6944,29.32735999999568,3,5.7789886985182495,RankSurprise
microGPi3_R_4-5+,1,192726.46656,193154.62144,428.1548799999873,192726.46656,193154.62144,428.1548799999873,6,6.280877373579131,RankSurprise
microGPi3_R_4-5+,1,215924.08064,216390.81984,466.7392000000109,215924.08064,216390.81984,466.7392000000109,7,7.853500666764802,RankSurprise
microGPi3_R_4-5+,1,234270.55616,234870.25152,599.6953599999833,234270.55616,234870.25152,599.6953599999833,7,6.486620280220659,RankSurprise
microGPi3_R_4-5+,1,248308.08064,248359.44448,51.36384000000544,248308.08064,248359.44448,51.36384000000544,3,4.964480660954036,RankSurprise
microGPi3_R_4-5+,1,270998.44608,271263.08864,264.6425599999493,270998.44608,271263.08864,264.6425599999493,4,4.061289483836703,RankSurprise
microGPi3_R_4-5+,1,295706.0096,295797.02272,91.0131200000178,295706.0096,295797.02272,91.0131200000178,3,4.127614793210233,RankSurprise
microGPi3_R_4-5+,1,296932.27008,298971.7504,2039.4803200000315,296932.27008,298971.7504,2039.4803200000315,11,4.226644820424959,RankSurprise
microGPi3_R_4-5+,1,303382.28224,303907.18464,524.9024000000209,303382.28224,303907.18464,524.9024000000209,5,3.6393181333713223,RankSurprise
microGPi3_R_4-5+,1,308271.26784,308319.15008,47.88224000000628,308271.26784,308319.15008,47.88224000000628,3,5.081731923133384,RankSurprise
microGPi3_R_4-5+,1,312658.45248,312890.49088,232.03840000001946,312658.45248,312890.49088,232.03840000001946,4,4.366638291853928,RankSurprise
microGPi3_R_4-5+,1,314209.8944,326085.71392,11875.81952000002,314209.8944,326085.71392,11875.81952000002,64,22.22443453827825,RankSurprise
microGPi3_R_4-5+,1,339163.7504,339724.6976,560.9471999999951,339163.7504,339724.6976,560.9471999999951,5,3.5313040044178265,RankSurprise
microGPi3_R_4-5+,1,345710.26432,345814.75328,104.48895999998786,345710.26432,345814.75328,104.48895999998786,3,3.872883804444273,RankSurprise
microGPi3_R_4-5+,1,347599.13472,347693.38368,94.24896000005538,347599.13472,347693.38368,94.24896000005538,4,6.5183850761953295,RankSurprise
microGPi3_R_4-5+,1,357145.27232,359959.7568,2814.4844799999846,357145.27232,359959.7568,2814.4844799999846,15,5.147831085725124,RankSurprise
microGPi3_R_4-5+,1,369605.0176,369866.62912,261.61151999997674,369605.0176,369866.62912,261.61151999997674,4,4.077462064556098,RankSurprise
microGPi3_R_4-5+,1,378435.21536,378547.2,111.98464000003878,378435.21536,378547.2,111.98464000003878,3,3.7528473041246713,RankSurprise
microGPi3_R_4-5+,1,382672.36352,382769.5616,97.19808000000194,382672.36352,382769.5616,97.19808000000194,4,6.352333059262641,RankSurprise
microGPi3_R_4-5+,1,385850.61376,386669.44512,818.831360000011,385850.61376,386669.44512,818.831360000011,6,3.5262362934824134,RankSurprise
microGPi3_R_4-5+,1,391574.56896,391815.3728,240.80384000000777,391574.56896,391815.3728,240.80384000000777,4,4.414639443910151,RankSurprise
microGPi3_R_4-5+,1,392931.16416,393245.24544,314.08128000004217,392931.16416,393245.24544,314.08128000004217,4,3.61269345174313,RankSurprise
microGPi3_R_4-5+,1,430234.54208,430362.54208,128.0,430234.54208,430362.54208,128.0,5,8.347829074133227,RankSurprise
microGPi3_R_4-5+,1,477713.408,478152.4992,439.0912000000244,477713.408,478152.4992,439.0912000000244,5,4.294172293404603,RankSurprise
microGPi3_R_4-5+,1,485918.02368,486347.12064,429.0969599999953,485918.02368,486347.12064,429.0969599999953,5,4.485444100899333,RankSurprise
microGPi3_R_4-5+,1,488820.03968,489625.6,805.5603199999896,488820.03968,489625.6,805.5603199999896,7,4.745790916426474,RankSurprise
microGPi3_R_4-5+,1,555503.8208,555804.99968,301.1788800000213,555503.8208,555804.99968,301.1788800000213,4,3.745207326643186,RankSurprise
microGPi3_R_4-5+,1,570824.99072,570882.49856,57.50783999997657,570824.99072,570882.49856,57.50783999997657,3,5.066694045768843,RankSurprise
microGPi3_R_4-5+,1,573204.52096,573459.57888,255.05792000005022,573204.52096,573459.57888,255.05792000005022,5,6.338962867635487,RankSurprise
microGPi3_R_4-5+,1,597855.27296,597979.136,123.86304000008386,597855.27296,597979.136,123.86304000008386,3,3.792064397702566,RankSurprise
microGPi3_R_4-5+,1,601594.88,601811.1488,216.26879999996163,601594.88,601811.1488,216.26879999996163,5,6.810560713201003,RankSurprise
microGPi3_R_4-5+,1,622421.68832,623123.61984,701.9315200001001,622421.68832,623123.61984,701.9315200001001,8,7.199085128548786,RankSurprise
microGPi3_R_4-5+,1,633200.14848,633301.77024,101.62176000000909,633200.14848,633301.77024,101.62176000000909,3,4.127614793210233,RankSurprise
microGPi3_R_4-5+,2,11194.65472,16178.7904,4984.135679999999,11194.65472,16178.7904,4984.135679999999,13,3.58497301784036,RankSurprise
microGPi3_R_4-5+,2,23159.1936,23256.84224,97.64864000000307,23159.1936,23256.84224,97.64864000000307,3,5.191992502918341,RankSurprise
microGPi3_R_4-5+,2,24657.83808,24884.38784,226.54975999999806,24657.83808,24884.38784,226.54975999999806,3,3.5305162321109016,RankSurprise
microGPi3_R_4-5+,2,44938.97728,45060.87424,121.89695999999822,44938.97728,45060.87424,121.89695999999822,3,4.849034394504107,RankSurprise
microGPi3_R_4-5+,2,91948.56448,93289.59488,1341.0304000000033,91948.56448,93289.59488,1341.0304000000033,7,5.389945774556133,RankSurprise
microGPi3_R_4-5+,2,115888.5376,117221.90848,1333.3708800000022,115888.5376,117221.90848,1333.3708800000022,8,6.581137569001555,RankSurprise
microGPi3_R_4-5+,2,123513.89696,124652.21632,1138.3193600000086,123513.89696,124652.21632,1138.3193600000086,6,4.492868996115456,RankSurprise
microGPi3_R_4-5+,2,156942.25408,157328.62976,386.3756799999974,156942.25408,157328.62976,386.3756799999974,4,4.490983054222632,RankSurprise
microGPi3_R_4-5+,2,162039.35744,162275.77856,236.42112000001362,162039.35744,162275.77856,236.42112000001362,3,3.5305162321109016,RankSurprise
microGPi3_R_4-5+,2,196879.93344,197032.3456,152.41216000000713,196879.93344,197032.3456,152.41216000000713,4,7.245530917037382,RankSurprise
microGPi3_R_4-5+,2,205120.9216,206427.136,1306.214399999997,205120.9216,206427.136,1306.214399999997,7,5.315811584923747,RankSurprise
microGPi3_R_4-5+,2,232773.87776,233300.3776,526.499840000004,232773.87776,233300.3776,526.499840000004,5,5.492363317902811,RankSurprise
microGPi3_R_4-5+,2,285569.67936,285806.71488,237.0355199999758,285569.67936,285806.71488,237.0355199999758,3,3.51801606934667,RankSurprise
microGPi3_R_4-5+,2,295225.79456,295677.50144,451.70688000001246,295225.79456,295677.50144,451.70688000001246,4,4.083397440222424,RankSurprise
microGPi3_R_4-5+,2,299025.32608,299193.05728,167.73119999998016,299025.32608,299193.05728,167.73119999998016,4,7.162571623401682,RankSurprise
microGPi3_R_4-5+,2,301098.84416,301425.95072,327.1065600000438,301098.84416,301425.95072,327.1065600000438,4,4.989099427027448,RankSurprise
microGPi3_R_4-5+,2,304738.83648,309577.44128,4838.60480000003,304738.83648,309577.44128,4838.60480000003,15,6.465088326906109,RankSurprise
microGPi3_R_4-5+,2,318715.57632,323522.84672,4807.270399999979,318715.57632,323522.84672,4807.270399999979,18,8.548486860553002,RankSurprise
microGPi3_R_4-5+,2,433194.68032,435035.7504,1841.070080000034,433194.68032,435035.7504,1841.070080000034,8,4.628103952583954,RankSurprise
microGPi3_R_4-5+,2,505985.92512,506230.1696,244.24447999999393,505985.92512,506230.1696,244.24447999999393,4,5.821480444921683,RankSurprise
microGPi3_R_4-5+,2,515720.35584,516126.84288,406.48704000003636,515720.35584,516126.84288,406.48704000003636,4,4.424559073495974,RankSurprise
microGPi3_R_4-5+,2,537094.67648,537796.11648,701.4399999999441,537094.67648,537796.11648,701.4399999999441,5,4.475088086712113,RankSurprise
microGPi3_R_4-5+,2,604729.91744,604914.81088,184.89344000001438,604729.91744,604914.81088,184.89344000001438,3,3.9014431987568354,RankSurprise
microGPi3_R_4-6+,0,6679.92064,6800.30208,120.38144000000011,6679.92064,6800.30208,120.38144000000011,3,4.09770267550541,RankSurprise
microGPi3_R_4-6+,0,15711.88736,15825.63328,113.74591999999939,15711.88736,15825.63328,113.74591999999939,3,4.261317495523821,RankSurprise
microGPi3_R_4-6+,0,29125.2224,29676.99456,551.7721600000004,29125.2224,29676.99456,551.7721600000004,5,4.215858976415504,RankSurprise
microGPi3_R_4-6+,0,30869.13536,31397.80608,528.6707199999983,30869.13536,31397.80608,528.6707199999983,5,4.426897493894579,RankSurprise
microGPi3_R_4-6+,0,64045.50656,64094.86336,49.356800000001385,64045.50656,64094.86336,49.356800000001385,3,5.95159392584047,RankSurprise
microGPi3_R_4-6+,0,87445.99552,87931.74016,485.74464000000444,87445.99552,87931.74016,485.74464000000444,5,4.71384911266631,RankSurprise
microGPi3_R_4-6+,0,106524.0576,106729.02144,204.9638399999967,106524.0576,106729.02144,204.9638399999967,4,5.486317367117696,RankSurprise
microGPi3_R_4-6+,0,115957.3504,118876.85632,2919.5059200000105,115957.3504,118876.85632,2919.5059200000105,13,5.456039308035764,RankSurprise
microGPi3_R_4-6+,0,145708.07296,146032.47616,324.40320000000065,145708.07296,146032.47616,324.40320000000065,4,4.243614541998362,RankSurprise
microGPi3_R_4-6+,0,160475.99616,160634.14272,158.14655999999377,160475.99616,160634.14272,158.14655999999377,3,3.6166702735689977,RankSurprise
microGPi3_R_4-6+,0,170214.35904,170400.89088,186.53183999998146,170214.35904,170400.89088,186.53183999998146,4,5.520473661770382,RankSurprise
microGPi3_R_4-6+,0,192568.60672,194148.02432,1579.4175999999861,192568.60672,194148.02432,1579.4175999999861,9,5.991619491615208,RankSurprise
microGPi3_R_4-6+,0,198832.41472,198913.14688,80.73215999998502,198832.41472,198913.14688,80.73215999998502,5,11.864978293940318,RankSurprise
microGPi3_R_4-6+,0,200522.5472,200826.96192,304.41472000000067,200522.5472,200826.96192,304.41472000000067,4,4.296446318963618,RankSurprise
microGPi3_R_4-6+,0,202412.35968,202573.33248,160.97280000001774,202412.35968,202573.33248,160.97280000001774,3,3.6745059647799074,RankSurprise
microGPi3_R_4-6+,0,218587.46368,218830.15168,242.68800000002375,218587.46368,218830.15168,242.68800000002375,4,4.892545220472542,RankSurprise
microGPi3_R_4-6+,0,235921.36704,236312.33024,390.9631999999983,235921.36704,236312.33024,390.9631999999983,4,3.679242153725248,RankSurprise
microGPi3_R_4-6+,0,271369.78944,274446.336,3076.546559999988,271369.78944,274446.336,3076.546559999988,13,5.56927131614234,RankSurprise
microGPi3_R_4-6+,0,277392.1792,277417.45152,25.272319999989122,277392.1792,277417.45152,25.272319999989122,3,7.121199086662198,RankSurprise
microGPi3_R_4-6+,0,300758.50752,301946.96192,1188.4543999999878,300758.50752,301946.96192,1188.4543999999878,7,4.310861433143815,RankSurprise
microGPi3_R_4-6+,0,304190.79168,305235.51744,1044.7257600000012,304190.79168,305235.51744,1044.7257600000012,6,3.669004058630583,RankSurprise
microGPi3_R_4-6+,0,309807.22688,309907.61984,100.3929600000265,309807.22688,309907.61984,100.3929600000265,3,4.497706273588051,RankSurprise
microGPi3_R_4-6+,0,329429.11488,329631.21152,202.0966400000034,329429.11488,329631.21152,202.0966400000034,4,5.441372285920863,RankSurprise
microGPi3_R_4-6+,0,331310.32576,331385.81504,75.48928000003798,331310.32576,331385.81504,75.48928000003798,3,4.998236493492943,RankSurprise
microGPi3_R_4-6+,0,369843.24096,369885.63456,42.39359999995213,369843.24096,369885.63456,42.39359999995213,3,6.07762768854413,RankSurprise
microGPi3_R_4-6+,0,373494.08768,373622.12864,128.040960000013,373494.08768,373622.12864,128.040960000013,4,6.597064007504732,RankSurprise
microGPi3_R_4-6+,0,383603.87584,384924.50816,1320.6323200000334,383603.87584,384924.50816,1320.6323200000334,7,3.915711797370318,RankSurprise
microGPi3_R_4-6+,0,393192.448,393314.83648,122.38848000002326,393192.448,393314.83648,122.38848000002326,3,4.0617732434362,RankSurprise
microGPi3_R_4-6+,0,411291.2384,411416.86272,125.62432000000263,411291.2384,411416.86272,125.62432000000263,3,4.02647790444642,RankSurprise
microGPi3_R_4-6+,0,420058.27584,420218.38848,160.11264000000665,420058.27584,420218.38848,160.11264000000665,3,3.53293666159367,RankSurprise
microGPi3_R_4-6+,0,421098.7008,421169.88928,71.18848000001162,421098.7008,421169.88928,71.18848000001162,3,5.0953452349331805,RankSurprise
microGPi3_R_4-6+,0,461417.2672,461681.78688,264.5196800000267,461417.2672,461681.78688,264.5196800000267,4,4.703576083461236,RankSurprise
microGPi3_R_4-6+,0,471138.67264,471552.57344,413.9008000000031,471138.67264,471552.57344,413.9008000000031,7,9.46307459167943,RankSurprise
microGPi3_R_4-6+,0,505411.42016,508666.38848,3254.9683200000436,505411.42016,508666.38848,3254.9683200000436,14,6.462505937592194,RankSurprise
microGPi3_R_4-6+,0,520319.50848,522276.70016,1957.191679999989,520319.50848,522276.70016,1957.191679999989,8,3.540590191212975,RankSurprise
microGPi3_R_4-6+,0,563829.02272,565226.0864,1397.0636800000211,563829.02272,565226.0864,1397.0636800000211,7,3.7772635094993974,RankSurprise
microGPi3_R_4-6+,0,576578.19136,577058.28352,480.09216000000015,576578.19136,577058.28352,480.09216000000015,5,4.707387054638218,RankSurprise
microGPi3_R_4-6+,0,623776.07168,628008.42752,4232.355839999975,623776.07168,628008.42752,4232.355839999975,17,5.993614722858756,RankSurprise
microGPi3_R_4-6+,1,5499.4944,6180.12672,680.6323200000006,5499.4944,6180.12672,680.6323200000006,6,6.3121262601645824,RankSurprise
microGPi3_R_4-6+,1,44587.90912,46826.7008,2238.791680000002,44587.90912,46826.7008,2238.791680000002,9,4.337523649384312,RankSurprise
microGPi3_R_4-6+,1,62461.91104,63355.57632,893.6652800000011,62461.91104,63355.57632,893.6652800000011,5,3.5796074467223704,RankSurprise
microGPi3_R_4-6+,1,145277.7472,146521.53856,1243.7913599999738,145277.7472,146521.53856,1243.7913599999738,8,6.963260801418145,RankSurprise
microGPi3_R_4-6+,1,154054.36928,155778.37568,1724.0063999999838,154054.36928,155778.37568,1724.0063999999838,8,4.934528319796091,RankSurprise
microGPi3_R_4-6+,1,165139.6608,168107.008,2967.3471999999892,165139.6608,168107.008,2967.3471999999892,11,5.484694519166618,RankSurprise
microGPi3_R_4-6+,1,172077.79328,172407.76704,329.9737599999935,172077.79328,172407.76704,329.9737599999935,4,4.770373137050068,RankSurprise
microGPi3_R_4-6+,1,220680.02816,221380.85376,700.825600000011,220680.02816,221380.85376,700.825600000011,5,4.984905716667598,RankSurprise
microGPi3_R_4-6+,1,290673.33632,291468.04224,794.7059199999785,290673.33632,291468.04224,794.7059199999785,5,3.8311529736315073,RankSurprise
microGPi3_R_4-6+,1,298469.1712,298587.87328,118.7020800000173,298469.1712,298587.87328,118.7020800000173,3,4.713383770628324,RankSurprise
microGPi3_R_4-6+,1,341757.70624,343066.37824,1308.6719999999623,341757.70624,343066.37824,1308.6719999999623,8,6.471612555164141,RankSurprise
microGPi3_R_4-6+,1,375565.14816,376124.70272,559.5545600000187,375565.14816,376124.70272,559.5545600000187,5,4.905141959350001,RankSurprise
microGPi3_R_4-6+,1,393130.84416,393872.95744,742.1132800000487,393130.84416,393872.95744,742.1132800000487,5,4.5792026932455165,RankSurprise
microGPi3_R_4-6+,1,425164.84096,425865.58464,700.7436800000141,425164.84096,425865.58464,700.7436800000141,7,7.827476534609637,RankSurprise
microGPi3_R_4-6+,1,437019.72992,437505.6384,485.9084799999837,437019.72992,437505.6384,485.9084799999837,5,5.546172894044538,RankSurprise
microGPi3_R_4-6+,1,439386.15296,439587.71712,201.564160000009,439386.15296,439587.71712,201.564160000009,3,3.554879729359433,RankSurprise
microGPi3_R_4-6+,1,452864.16384,452952.76032,88.59648000000743,452864.16384,452952.76032,88.59648000000743,3,5.186175164866368,RankSurprise
microGPi3_R_4-6+,1,455168.53248,455298.17088,129.63839999999618,455168.53248,455298.17088,129.63839999999618,4,7.432341367919726,RankSurprise
microGPi3_R_4-6+,1,501898.97728,502252.42112,353.44384000002174,501898.97728,502252.42112,353.44384000002174,5,6.735724741829458,RankSurprise
microGPi3_R_4-6+,1,506613.63712,506740.08064,126.44351999997161,506613.63712,506740.08064,126.44351999997161,3,4.656774958341094,RankSurprise
microGPi3_R_4-6+,1,511032.44288,511205.49888,173.0560000000405,511032.44288,511205.49888,173.0560000000405,3,3.9313573005943443,RankSurprise
microGPi3_R_4-6+,1,514321.36704,514405.21216,83.84512000001268,514321.36704,514405.21216,83.84512000001268,3,5.285578340770607,RankSurprise
microGPi3_R_4-6+,1,548893.16352,551574.81472,2681.6512000000803,548893.16352,551574.81472,2681.6512000000803,11,5.865256595400367,RankSurprise
microGPi3_R_4-6+,1,585678.52032,585881.31328,202.79295999999158,585678.52032,585881.31328,202.79295999999158,3,3.5873131094768134,RankSurprise
microGPi3_R_4-6+,1,594626.92864,595036.40576,409.4771199999377,594626.92864,595036.40576,409.4771199999377,4,4.0535631086540995,RankSurprise
microGPi3_R_4-6+,1,599494.2464,599748.64896,254.40256000007503,599494.2464,599748.64896,254.40256000007503,4,5.54814602309153,RankSurprise
microGPi3_R_4-6+,1,618023.3216,618090.98752,67.66591999994125,618023.3216,618090.98752,67.66591999994125,3,5.7097172101760165,RankSurprise
microGPi3_R_4-6+,1,622212.25984,626151.38304,3939.123200000031,622212.25984,626151.38304,3939.123200000031,13,5.119996276291109,RankSurprise
microGPi3_R_4-6+,1,633729.31072,633751.79776,22.48704000003636,633729.31072,633751.79776,22.48704000003636,3,7.876170128845482,RankSurprise
microGPi3_R_5-6+,0,15083.7248,16467.43552,1383.7107199999991,15083.7248,16467.43552,1383.7107199999991,8,4.801984168796948,RankSurprise
microGPi3_R_5-6+,0,29882.85952,30457.07776,574.2182399999983,29882.85952,30457.07776,574.2182399999983,7,7.846562203104803,RankSurprise
microGPi3_R_5-6+,0,42272.93184,46693.62176,4420.689920000004,42272.93184,46693.62176,4420.689920000004,16,5.234643069036889,RankSurprise
microGPi3_R_5-6+,0,51014.2464,52096.08192,1081.8355199999933,51014.2464,52096.08192,1081.8355199999933,7,4.976446037019988,RankSurprise
microGPi3_R_5-6+,0,87873.45408,88002.47808,129.0240000000049,87873.45408,88002.47808,129.0240000000049,3,4.159898393249975,RankSurprise
microGPi3_R_5-6+,0,114230.8864,114396.65152,165.7651199999964,114230.8864,114396.65152,165.7651199999964,3,3.8102339937974605,RankSurprise
microGPi3_R_5-6+,0,116336.59904,117692.45696,1355.857919999995,116336.59904,117692.45696,1355.857919999995,8,5.115238548474015,RankSurprise
microGPi3_R_5-6+,0,123688.67328,125105.23392,1416.560639999996,123688.67328,125105.23392,1416.560639999996,7,3.6632473369037375,RankSurprise
microGPi3_R_5-6+,0,129583.63648,129731.82976,148.19327999999223,129583.63648,129731.82976,148.19327999999223,3,3.881670624137321,RankSurprise
microGPi3_R_5-6+,0,134843.8016,135516.11904,672.3174399999843,134843.8016,135516.11904,672.3174399999843,5,3.9917733378127593,RankSurprise
microGPi3_R_5-6+,0,200012.75904,200154.19392,141.43487999998615,200012.75904,200154.19392,141.43487999998615,3,3.934305605385452,RankSurprise
microGPi3_R_5-6+,0,201546.67008,201677.49632,130.82623999999487,201546.67008,201677.49632,130.82623999999487,3,4.066586216108323,RankSurprise
microGPi3_R_5-6+,0,254047.88736,254169.12896,121.24160000000848,254047.88736,254169.12896,121.24160000000848,3,3.934305605385452,RankSurprise
microGPi3_R_5-6+,0,268326.42048,268856.77056,530.3500800000038,268326.42048,268856.77056,530.3500800000038,5,4.605362103112874,RankSurprise
microGPi3_R_5-6+,0,279700.72576,279817.91232,117.18656000000192,279700.72576,279817.91232,117.18656000000192,3,4.078014911931945,RankSurprise
microGPi3_R_5-6+,0,292484.17792,295620.64896,3136.471040000033,292484.17792,295620.64896,3136.471040000033,14,6.425510956906414,RankSurprise
microGPi3_R_5-6+,0,318902.6816,319149.71136,247.0297600000049,318902.6816,319149.71136,247.0297600000049,5,7.54100658413196,RankSurprise
microGPi3_R_5-6+,0,321540.83328,322152.448,611.6147199999541,321540.83328,322152.448,611.6147199999541,5,4.248032299769328,RankSurprise
microGPi3_R_5-6+,0,386477.75232,387826.688,1348.935679999995,386477.75232,387826.688,1348.935679999995,9,6.540865203221001,RankSurprise
microGPi3_R_5-6+,0,394405.51936,394978.95936,573.4400000000023,394405.51936,394978.95936,573.4400000000023,5,4.3655235510938155,RankSurprise
microGPi3_R_5-6+,0,401098.752,401406.976,308.22400000004563,401098.752,401406.976,308.22400000004563,4,4.255570061408296,RankSurprise
microGPi3_R_5-6+,0,455666.97472,455759.33952,92.36479999998119,455666.97472,455759.33952,92.36479999998119,3,4.628705134261864,RankSurprise
microGPi3_R_5-6+,0,488361.5744,488478.43328,116.85888000001432,488361.5744,488478.43328,116.85888000001432,3,4.321478465737112,RankSurprise
microGPi3_R_5-6+,0,496390.5536,496521.0112,130.45760000002338,496390.5536,496521.0112,130.45760000002338,3,3.8713078371017744,RankSurprise
microGPi3_R_5-6+,0,499755.86816,500309.48352,553.6153599999961,499755.86816,500309.48352,553.6153599999961,5,4.569352756346461,RankSurprise
microGPi3_R_5-6+,0,537611.96032,542539.1616,4927.2012800000375,537611.96032,542539.1616,4927.2012800000375,20,6.850688648901289,RankSurprise
microGPi3_R_5-6+,0,581038.98112,582693.60128,1654.620159999933,581038.98112,582693.60128,1654.620159999933,9,5.523759434134283,RankSurprise
microGPi3_R_5-6+,0,635777.26976,636036.54656,259.27679999999236,635777.26976,636036.54656,259.27679999999236,5,7.123957904227446,RankSurprise
microGPi3_R_5-6+,3,33540.87424,33667.03104,126.1568000000043,33540.87424,33667.03104,126.1568000000043,3,4.34642612449243,RankSurprise
microGPi3_R_5-6+,3,62945.03424,63008.07168,63.03744000000006,62945.03424,63008.07168,63.03744000000006,3,5.8024075605287475,RankSurprise
microGPi3_R_5-6+,3,95219.83488,96539.11552,1319.2806400000118,95219.83488,96539.11552,1319.2806400000118,7,4.607048475282322,RankSurprise
microGPi3_R_5-6+,3,99615.25248,99753.04192,137.78944000000774,99615.25248,99753.04192,137.78944000000774,3,4.1578783282833776,RankSurprise
microGPi3_R_5-6+,3,131128.97536,131246.6944,117.71903999999631,131128.97536,131246.6944,117.71903999999631,3,4.439829726026172,RankSurprise
microGPi3_R_5-6+,3,158293.31968,158437.49888,144.17920000001322,158293.31968,158437.49888,144.17920000001322,3,4.144085006151041,RankSurprise
microGPi3_R_5-6+,3,193578.8032,193815.06048,236.25727999999071,193578.8032,193815.06048,236.25727999999071,4,5.555579813218351,RankSurprise
microGPi3_R_5-6+,3,222417.38752,222854.7584,437.3708800000022,222417.38752,222854.7584,437.3708800000022,4,3.9118732252812087,RankSurprise
microGPi3_R_5-6+,3,233725.5424,233830.11328,104.57087999998475,233725.5424,233830.11328,104.57087999998475,3,4.730946260926588,RankSurprise
microGPi3_R_5-6+,3,250671.55456,251299.10272,627.5481600000057,250671.55456,251299.10272,627.5481600000057,5,4.7211438751163755,RankSurprise
microGPi3_R_5-6+,3,259166.49472,259891.73248,725.2377600000182,259166.49472,259891.73248,725.2377600000182,5,4.052925235398689,RankSurprise
microGPi3_R_5-6+,3,273308.672,273409.67936,101.0073599999887,273308.672,273409.67936,101.0073599999887,3,4.806074120981055,RankSurprise
microGPi3_R_5-6+,3,288458.26048,288596.66432,138.40383999998448,288458.26048,288596.66432,138.40383999998448,3,4.214023057292479,RankSurprise
microGPi3_R_5-6+,3,294591.56992,295413.1456,821.575680000009,294591.56992,295413.1456,821.575680000009,6,5.482334958885055,RankSurprise
microGPi3_R_5-6+,3,309199.70816,310293.38112,1093.6729599999962,309199.70816,310293.38112,1093.6729599999962,7,5.5278116015379135,RankSurprise
microGPi3_R_5-6+,3,319266.77504,319301.95968,35.18464000005042,319266.77504,319301.95968,35.18464000005042,3,6.909988519179617,RankSurprise
microGPi3_R_5-6+,3,343110.57408,345106.88256,1996.308480000007,343110.57408,345106.88256,1996.308480000007,8,3.931150203257392,RankSurprise
microGPi3_R_5-6+,3,349438.23872,351528.79616,2090.557440000004,349438.23872,351528.79616,2090.557440000004,8,3.6851760347547864,RankSurprise
microGPi3_R_5-6+,3,381955.52256,383403.78624,1448.2636799999746,381955.52256,383403.78624,1448.2636799999746,8,5.420589495182337,RankSurprise
microGPi3_R_5-6+,3,402902.6304,403926.79424,1024.1638399999938,402902.6304,403926.79424,1024.1638399999938,6,4.309309776083439,RankSurprise
microGPi3_R_5-6+,3,408069.40672,408153.7024,84.29567999998108,408069.40672,408153.7024,84.29567999998108,3,5.25476796364004,RankSurprise
microGPi3_R_5-6+,3,417954.65216,418405.376,450.72383999999147,417954.65216,418405.376,450.72383999999147,4,3.8822432343595743,RankSurprise
microGPi3_R_5-6+,3,432593.38752,433194.63936,601.2518399999826,432593.38752,433194.63936,601.2518399999826,5,4.7645833939509785,RankSurprise
microGPi3_R_5-6+,3,438141.05088,438358.75328,217.70240000000922,438141.05088,438358.75328,217.70240000000922,5,8.508820405413822,RankSurprise
microGPi3_R_5-6+,3,457779.8144,458564.44416,784.6297600000398,457779.8144,458564.44416,784.6297600000398,5,3.7877316918734856,RankSurprise
microGPi3_R_5-6+,3,469000.8064,469154.73408,153.92768000002252,469000.8064,469154.73408,153.92768000002252,3,4.144085006151041,RankSurprise
microGPi3_R_5-6+,3,501427.85536,501637.57056,209.7152000000351,501427.85536,501637.57056,209.7152000000351,3,3.6368747905954155,RankSurprise
microGPi3_R_5-6+,3,505143.21408,505575.79264,432.57855999999447,505143.21408,505575.79264,432.57855999999447,5,6.203268725125227,RankSurprise
microGPi3_R_5-6+,3,508556.82048,509044.9408,488.12031999998726,508556.82048,509044.9408,488.12031999998726,5,5.276415644430671,RankSurprise
microGPi3_R_5-6+,3,533633.06496,535337.73824,1704.6732799999882,533633.06496,535337.73824,1704.6732799999882,9,6.143744964580764,RankSurprise
microGPi3_R_5-6+,3,539724.34944,539953.31584,228.9664000000339,539724.34944,539953.31584,228.9664000000339,4,5.4418806508201705,RankSurprise
microGPi3_R_5-6+,3,548115.37408,551803.904,3688.529920000001,548115.37408,551803.904,3688.529920000001,12,3.9810312064540363,RankSurprise
microGPi3_R_5-6+,3,575208.0384,577678.58176,2470.5433600000106,575208.0384,577678.58176,2470.5433600000106,9,3.6597545245618837,RankSurprise
microGPi3_R_7-8+,3,7864.77056,8014.19264,149.42208000000028,7864.77056,8014.19264,149.42208000000028,3,3.8479653970685757,RankSurprise
microGPi3_R_7-8+,3,17770.53696,18794.74176,1024.2047999999995,17770.53696,18794.74176,1024.2047999999995,7,5.275408405482715,RankSurprise
microGPi3_R_7-8+,3,55273.10336,55814.38976,541.2863999999972,55273.10336,55814.38976,541.2863999999972,5,4.381787198422462,RankSurprise
microGPi3_R_7-8+,3,106670.03904,107283.12832,613.0892800000001,106670.03904,107283.12832,613.0892800000001,5,3.893706784632702,RankSurprise
microGPi3_R_7-8+,3,122201.25184,124073.08288,1871.8310400000046,122201.25184,124073.08288,1871.8310400000046,11,6.802851838377291,RankSurprise
microGPi3_R_7-8+,3,128941.83424,128989.71648,47.88224000000628,128941.83424,128989.71648,47.88224000000628,3,6.045243391781481,RankSurprise
microGPi3_R_7-8+,3,137839.98464,140802.74432,2962.7596799999883,137839.98464,140802.74432,2962.7596799999883,11,3.615760970898896,RankSurprise
microGPi3_R_7-8+,3,181599.88736,181821.60384,221.71648000000278,181599.88736,181821.60384,221.71648000000278,4,5.2487423664767405,RankSurprise
microGPi3_R_7-8+,3,199329.9968,200206.09024,876.0934399999969,199329.9968,200206.09024,876.0934399999969,6,3.860601044223517,RankSurprise
microGPi3_R_7-8+,3,209020.84608,209156.79232,135.94624000001932,209020.84608,209156.79232,135.94624000001932,3,3.9760100266941674,RankSurprise
microGPi3_R_7-8+,3,211228.91776,213053.52192,1824.604159999988,211228.91776,213053.52192,1824.604159999988,9,4.938113665731508,RankSurprise
microGPi3_R_7-8+,3,214754.75456,217105.69472,2350.9401599999983,214754.75456,217105.69472,2350.9401599999983,12,6.173015229428134,RankSurprise
microGPi3_R_7-8+,3,225645.73184,225971.48672,325.75487999999314,225645.73184,225971.48672,325.75487999999314,4,4.07315779739611,RankSurprise
microGPi3_R_7-8+,3,301541.62176,302105.31328,563.691519999993,301541.62176,302105.31328,563.691519999993,5,4.469254472720117,RankSurprise
microGPi3_R_7-8+,3,311116.14464,311601.152,485.0073599999887,311116.14464,311601.152,485.0073599999887,5,4.957743326126007,RankSurprise
microGPi3_R_7-8+,3,321426.71872,323350.40512,1923.686400000006,321426.71872,323350.40512,1923.686400000006,9,4.173886672215851,RankSurprise
microGPi3_R_7-8+,3,329610.60864,330093.3632,482.7545600000303,329610.60864,330093.3632,482.7545600000303,5,4.681104888473925,RankSurprise
microGPi3_R_7-8+,3,332976.49664,333447.29088,470.79423999995925,332976.49664,333447.29088,470.79423999995925,5,5.072616495159618,RankSurprise
microGPi3_R_7-8+,3,338711.18336,339637.73952,926.5561599999783,338711.18336,339637.73952,926.5561599999783,7,5.316717016555774,RankSurprise
microGPi3_R_7-8+,3,343281.00864,343346.13504,65.12640000000829,343281.00864,343346.13504,65.12640000000829,3,5.412540560826443,RankSurprise
microGPi3_R_7-8+,3,346401.09568,347674.46016,1273.3644799999893,346401.09568,347674.46016,1273.3644799999893,7,4.137964350214909,RankSurprise
microGPi3_R_7-8+,3,365358.98112,365647.99488,289.01376000000164,365358.98112,365647.99488,289.01376000000164,4,4.429077893577908,RankSurprise
microGPi3_R_7-8+,3,369950.59712,370055.12704,104.52992000000086,369950.59712,370055.12704,104.52992000000086,3,4.390868884493939,RankSurprise
microGPi3_R_7-8+,3,385404.96896,385456.9472,51.97823999996763,385404.96896,385456.9472,51.97823999996763,3,5.984166383619398,RankSurprise
microGPi3_R_7-8+,3,397230.16192,397355.33568,125.17376000003424,397230.16192,397355.33568,125.17376000003424,3,4.054672471898746,RankSurprise
microGPi3_R_7-8+,3,434961.69472,435136.512,174.81727999995928,434961.69472,435136.512,174.81727999995928,3,3.5154461125281085,RankSurprise
microGPi3_R_7-8+,3,471831.10144,472730.70592,899.60447999998,471831.10144,472730.70592,899.60447999998,6,3.865020615673325,RankSurprise
microGPi3_R_7-8+,3,484259.30752,484271.9232,12.615680000046268,484259.30752,484271.9232,12.615680000046268,3,8.438342492316359,RankSurprise
microGPi3_R_7-8+,3,501946.9824,502650.42944,703.4470399999991,501946.9824,502650.42944,703.4470399999991,5,3.546724372942883,RankSurprise
microGPi3_R_7-8+,3,516020.55168,517428.4288,1407.8771200000192,516020.55168,517428.4288,1407.8771200000192,9,6.0756508770364395,RankSurprise
microGPi3_R_7-8+,3,524050.39104,524956.18048,905.7894399999641,524050.39104,524956.18048,905.7894399999641,6,4.077534296436766,RankSurprise
microGPi3_R_7-8+,3,563080.23296,563237.10976,156.87679999996908,563080.23296,563237.10976,156.87679999996908,3,3.559695921721632,RankSurprise
microGPi3_R_7-8+,3,570174.75072,570219.39712,44.64639999996871,570174.75072,570219.39712,44.64639999996871,3,6.173295318641378,RankSurprise
microGPi3_R_7-8+,3,602898.8416,602930.87232,32.03071999992244,602898.8416,602930.87232,32.03071999992244,3,6.879644011059859,RankSurprise
microGPi3_R_7-8+,3,623728.10752,624080.4864,352.37888000009116,623728.10752,624080.4864,352.37888000009116,4,3.887257018561421,RankSurprise
microGPi3_R_7-8+,3,627832.25856,628155.10528,322.8467200000305,627832.25856,628155.10528,322.8467200000305,5,6.42125552448611,RankSurprise
microGPi3_R_7-8+,3,630778.79808,632133.18144,1354.383359999978,630778.79808,632133.18144,1354.383359999978,8,4.465587570915472,RankSurprise
microGPi3_R_9-10+,0,10090.86464,10131.90656,41.041919999999664,10090.86464,10131.90656,41.041919999999664,3,6.04771748865878,RankSurprise
microGPi3_R_9-10+,0,10576.65024,10695.31136,118.66111999999885,10576.65024,10695.31136,118.66111999999885,4,5.363944907118736,RankSurprise
microGPi3_R_9-10+,0,18752.1024,18805.71904,53.61664000000019,18752.1024,18805.71904,53.61664000000019,3,5.014455080199122,RankSurprise
microGPi3_R_9-10+,0,20480.53248,20642.65216,162.1196799999998,20480.53248,20642.65216,162.1196799999998,4,4.448318158089169,RankSurprise
microGPi3_R_9-10+,0,22979.09248,23184.09728,205.00480000000243,22979.09248,23184.09728,205.00480000000243,5,5.622481832927033,RankSurprise
microGPi3_R_9-10+,0,28056.53504,28107.12064,50.58560000000216,28056.53504,28107.12064,50.58560000000216,3,5.121385307038521,RankSurprise
microGPi3_R_9-10+,0,29079.26528,29206.97856,127.71327999999994,29079.26528,29206.97856,127.71327999999994,4,5.177430353218522,RankSurprise
microGPi3_R_9-10+,0,49711.3088,50015.60064,304.29183999999805,49711.3088,50015.60064,304.29183999999805,5,4.529748214462913,RankSurprise
microGPi3_R_9-10+,0,53930.27072,53992.57088,62.30015999999887,53930.27072,53992.57088,62.30015999999887,3,4.579478073064637,RankSurprise
microGPi3_R_9-10+,0,54596.56704,56861.53216,2264.9651200000008,54596.56704,56861.53216,2264.9651200000008,18,6.398064910393788,RankSurprise
microGPi3_R_9-10+,0,60050.8416,60135.2192,84.3775999999998,60050.8416,60135.2192,84.3775999999998,4,6.829738776522806,RankSurprise
microGPi3_R_9-10+,0,68573.7984,69066.26048,492.4620799999975,68573.7984,69066.26048,492.4620799999975,6,3.6634510261741444,RankSurprise
microGPi3_R_9-10+,0,85641.50272,85687.25504,45.7523199999996,85641.50272,85687.25504,45.7523199999996,3,5.492448381301488,RankSurprise
microGPi3_R_9-10+,0,100333.52704,100428.06272,94.53568000000087,100333.52704,100428.06272,94.53568000000087,3,3.665377794328844,RankSurprise
microGPi3_R_9-10+,0,103814.5536,104143.99488,329.4412799999991,103814.5536,104143.99488,329.4412799999991,5,3.8458165221063894,RankSurprise
microGPi3_R_9-10+,0,124578.44736,124670.7712,92.32383999999729,124578.44736,124670.7712,92.32383999999729,3,3.5204793526610256,RankSurprise
microGPi3_R_9-10+,0,125506.3552,126071.76704,565.4118400000007,125506.3552,126071.76704,565.4118400000007,10,9.168101141118552,RankSurprise
microGPi3_R_9-10+,0,126677.1968,127211.23328,534.0364799999952,126677.1968,127211.23328,534.0364799999952,8,6.358011613431499,RankSurprise
microGPi3_R_9-10+,0,135625.48224,135722.68032,97.19808000000194,135625.48224,135722.68032,97.19808000000194,4,6.098217698699898,RankSurprise
microGPi3_R_9-10+,0,138848.29696,139064.48384,216.18687999999383,138848.29696,139064.48384,216.18687999999383,5,5.607769157111168,RankSurprise
microGPi3_R_9-10+,0,141364.51072,141736.1408,371.63008000000264,141364.51072,141736.1408,371.63008000000264,6,4.847855929502721,RankSurprise
microGPi3_R_9-10+,0,159593.96352,159945.9328,351.96928000001935,159593.96352,159945.9328,351.96928000001935,6,5.245329211630008,RankSurprise
microGPi3_R_9-10+,0,168053.92384,168103.40352,49.47967999998946,168053.92384,168103.40352,49.47967999998946,3,5.2055103169618295,RankSurprise
microGPi3_R_9-10+,0,220620.5952,220691.78368,71.18847999998252,220620.5952,220691.78368,71.18847999998252,4,7.637011618604589,RankSurprise
microGPi3_R_9-10+,0,244183.6544,246042.58304,1858.9286399999983,244183.6544,246042.58304,1858.9286399999983,15,6.2331810958970575,RankSurprise
microGPi3_R_9-10+,0,250935.33696,251582.30016,646.9632000000274,250935.33696,251582.30016,646.9632000000274,7,3.7715036917935247,RankSurprise
microGPi3_R_9-10+,0,254244.78208,254325.9648,81.18271999998251,254244.78208,254325.9648,81.18271999998251,3,3.728233776192491,RankSurprise
microGPi3_R_9-10+,0,257609.68704,259270.00064,1660.3136000000231,257609.68704,259270.00064,1660.3136000000231,12,4.545904417225762,RankSurprise
microGPi3_R_9-10+,0,268552.64256,268656.35328,103.71071999997366,268552.64256,268656.35328,103.71071999997366,4,5.8272204066428195,RankSurprise
microGPi3_R_9-10+,0,269546.53696,269935.2064,388.66944000002695,269546.53696,269935.2064,388.66944000002695,7,6.550820852794356,RankSurprise
microGPi3_R_9-10+,0,286039.61344,286077.99296,38.37952000001678,286039.61344,286077.99296,38.37952000001678,3,6.4313658325372725,RankSurprise
microGPi3_R_9-10+,0,306894.27456,307796.25472,901.9801600000355,306894.27456,307796.25472,901.9801600000355,10,5.7192785440006775,RankSurprise
microGPi3_R_9-10+,0,326931.74272,326983.72096,51.978240000025835,326931.74272,326983.72096,51.978240000025835,3,4.9971762744121,RankSurprise
microGPi3_R_9-10+,0,331069.6448,331201.9456,132.30079999996815,331069.6448,331201.9456,132.30079999996815,4,5.0951079871816205,RankSurprise
microGPi3_R_9-10+,0,341726.49472,341843.88608,117.39136000000872,341726.49472,341843.88608,117.39136000000872,4,5.454102109896848,RankSurprise
microGPi3_R_9-10+,0,358647.48032,358720.34816,72.8678400000208,358647.48032,358720.34816,72.8678400000208,3,4.022521698942095,RankSurprise
microGPi3_R_9-10+,0,361661.07136,361752.28928,91.2179200000246,361661.07136,361752.28928,91.2179200000246,4,6.36154537832099,RankSurprise
microGPi3_R_9-10+,0,437088.95232,437391.36,302.4076800000039,437088.95232,437391.36,302.4076800000039,5,4.1222101896243295,RankSurprise
microGPi3_R_9-10+,0,451811.77856,451898.40896,86.63039999996545,451811.77856,451898.40896,86.63039999996545,3,3.6565574826518112,RankSurprise
microGPi3_R_9-10+,0,458890.73152,458928.20992,37.47840000002179,458890.73152,458928.20992,37.47840000002179,3,6.57755265537452,RankSurprise
microGPi3_R_9-10+,0,468853.76,469022.96576,169.20575999998255,468853.76,469022.96576,169.20575999998255,4,4.183952306859027,RankSurprise
microGPi3_R_9-10+,0,470420.8896,471025.664,604.7743999999948,470420.8896,471025.664,604.7743999999948,7,4.110663645680911,RankSurprise
microGPi3_R_9-10+,0,475502.67392,476366.15168,863.477760000038,475502.67392,476366.15168,863.477760000038,9,4.524464803589152,RankSurprise
microGPi3_R_9-10+,0,479149.42464,479247.85152,98.42688000004273,479149.42464,479247.85152,98.42688000004273,3,3.5873613109235887,RankSurprise
microGPi3_R_9-10+,0,485582.39744,485651.21024,68.81280000001425,485582.39744,485651.21024,68.81280000001425,4,7.889447904592746,RankSurprise
microGPi3_R_9-10+,0,500552.66304,500705.77152,153.10847999999532,500552.66304,500705.77152,153.10847999999532,5,7.088064096994447,RankSurprise
microGPi3_R_9-10+,0,508370.78016,508937.50272,566.7225599999656,508370.78016,508937.50272,566.7225599999656,7,4.179370248713248,RankSurprise
microGPi3_R_9-10+,0,511388.13952,511425.98656,37.84703999996418,511388.13952,511425.98656,37.84703999996418,3,6.198734749265901,RankSurprise
microGPi3_R_9-10+,0,515673.4976,515940.67968,267.1820799999987,515673.4976,515940.67968,267.1820799999987,5,4.468529591203826,RankSurprise
microGPi3_R_9-10+,0,518757.74464,519335.19872,577.4540799999959,518757.74464,519335.19872,577.4540799999959,7,4.221040490767593,RankSurprise
microGPi3_R_9-10+,0,527133.0816,527873.14688,740.0652799999807,527133.0816,527873.14688,740.0652799999807,8,4.313748731886273,RankSurprise
microGPi3_R_9-10+,0,532218.0608,533427.69152,1209.6307200000156,532218.0608,533427.69152,1209.6307200000156,12,5.758425186150279,RankSurprise
microGPi3_R_9-10+,0,533890.78528,534066.25792,175.4726400000509,533890.78528,534066.25792,175.4726400000509,4,4.214069706926981,RankSurprise
microGPi3_R_9-10+,0,536798.4128,536923.136,124.72320000000764,536798.4128,536923.136,124.72320000000764,4,5.36888318875932,RankSurprise
microGPi3_R_9-10+,0,538654.84288,538684.78464,29.941759999957867,538654.84288,538684.78464,29.941759999957867,3,7.862267223676488,RankSurprise
microGPi3_R_9-10+,0,555162.25536,555863.69536,701.4400000000605,555162.25536,555863.69536,701.4400000000605,9,5.6790138543961275,RankSurprise
microGPi3_R_9-10+,0,570705.55136,571218.28864,512.7372800000012,570705.55136,571218.28864,512.7372800000012,6,3.6436661891300357,RankSurprise
microGPi3_R_9-10+,0,574889.53344,574990.336,100.8025599999819,574889.53344,574990.336,100.8025599999819,3,3.524594584806133,RankSurprise
microGPi3_R_9-10+,0,576097.44384,576589.6192,492.1753599999938,576097.44384,576589.6192,492.1753599999938,6,3.6932915088624627,RankSurprise
microGPi3_R_9-10+,0,579135.11936,579205.3248,70.20543999993242,579135.11936,579205.3248,70.20543999993242,3,4.305880740494594,RankSurprise
microGPi3_R_9-10+,0,586068.62336,586214.48192,145.85856000008062,586068.62336,586214.48192,145.85856000008062,4,4.738251679832246,RankSurprise
microGPi3_R_9-10+,0,606338.53952,607405.34272,1066.8031999999657,606338.53952,607405.34272,1066.8031999999657,9,3.9012556094787993,RankSurprise
microGPi3_R_9-10+,0,617626.17344,617703.91552,77.74207999999635,617626.17344,617703.91552,77.74207999999635,4,7.188120849100223,RankSurprise
microGPi3_R_9-10+,0,623843.24608,623926.84544,83.59935999999288,623843.24608,623926.84544,83.59935999999288,3,3.6920745530104764,RankSurprise
microGPi3_R_9-10+,0,627921.5104,628020.87936,99.36895999999251,627921.5104,628020.87936,99.36895999999251,4,6.098217698699898,RankSurprise
microGPi3_R_9-10+,4,1024.73728,1280.57344,255.83615999999984,1024.73728,1280.57344,255.83615999999984,4,3.767145931170571,RankSurprise
microGPi3_R_9-10+,4,5727.10912,6887.91552,1160.8063999999995,5727.10912,6887.91552,1160.8063999999995,9,4.20342993589258,RankSurprise
microGPi3_R_9-10+,4,21802.68032,21855.60064,52.920320000001084,21802.68032,21855.60064,52.920320000001084,3,5.318032851671706,RankSurprise
microGPi3_R_9-10+,4,24484.6592,24525.2096,40.55040000000008,24484.6592,24525.2096,40.55040000000008,3,6.080073321961899,RankSurprise
microGPi3_R_9-10+,4,28609.57696,28780.38016,170.8032000000021,28609.57696,28780.38016,170.8032000000021,4,5.006357101409911,RankSurprise
microGPi3_R_9-10+,4,34214.2976,34312.02816,97.7305600000036,34214.2976,34312.02816,97.7305600000036,3,3.9683675840248043,RankSurprise
microGPi3_R_9-10+,4,36396.97408,36598.66112,201.68703999999707,36396.97408,36598.66112,201.68703999999707,4,4.525964352900317,RankSurprise
microGPi3_R_9-10+,4,50043.86304,50311.5776,267.71456000000035,50043.86304,50311.5776,267.71456000000035,5,5.636513109828645,RankSurprise
microGPi3_R_9-10+,4,57886.14656,58229.30944,343.1628799999962,57886.14656,58229.30944,343.1628799999962,5,4.651715756897872,RankSurprise
microGPi3_R_9-10+,4,78326.1696,78763.90912,437.7395200000028,78326.1696,78763.90912,437.7395200000028,6,5.3653923476345255,RankSurprise
microGPi3_R_9-10+,4,100618.11712,100712.20224,94.08512000000337,100618.11712,100712.20224,94.08512000000337,3,4.093191824342293,RankSurprise
microGPi3_R_9-10+,4,124017.21344,124102.32832,85.11487999999372,124017.21344,124102.32832,85.11487999999372,3,4.264939679958125,RankSurprise
microGPi3_R_9-10+,4,125144.064,125656.22784,512.1638400000083,125144.064,125656.22784,512.1638400000083,7,7.471894296817936,RankSurprise
microGPi3_R_9-10+,4,129413.69344,130780.81536,1367.1219199999905,129413.69344,130780.81536,1367.1219199999905,9,3.6440683824739444,RankSurprise
microGPi3_R_9-10+,4,134896.55808,135053.96736,157.40928000002168,134896.55808,135053.96736,157.40928000002168,4,5.269474540968886,RankSurprise
microGPi3_R_9-10+,4,141390.97088,141502.17728,111.20639999999548,141390.97088,141502.17728,111.20639999999548,3,3.657665949611573,RankSurprise
microGPi3_R_9-10+,4,153751.7568,153790.54592,38.789120000001276,153751.7568,153790.54592,38.789120000001276,3,6.220134039361689,RankSurprise
microGPi3_R_9-10+,4,161996.3904,162397.96224,401.5718399999896,161996.3904,162397.96224,401.5718399999896,6,5.907299479133933,RankSurprise
microGPi3_R_9-10+,4,165296.41472,165401.35424,104.93951999998535,165296.41472,165401.35424,104.93951999998535,3,3.800797370317923,RankSurprise
microGPi3_R_9-10+,4,170993.70496,171160.3712,166.66623999999138,170993.70496,171160.3712,166.66623999999138,4,5.087600179914901,RankSurprise
microGPi3_R_9-10+,4,192609.60768,192836.93568,227.32800000000861,192609.60768,192836.93568,227.32800000000861,4,4.206956896931935,RankSurprise
microGPi3_R_9-10+,4,194498.51904,194552.87296,54.353919999994105,194498.51904,194552.87296,54.353919999994105,3,5.385154000845835,RankSurprise
microGPi3_R_9-10+,4,198481.01888,198692.37248,211.3536000000022,198481.01888,198692.37248,211.3536000000022,5,6.61150381744692,RankSurprise
microGPi3_R_9-10+,4,222490.25536,222560.50176,70.24640000000363,222490.25536,222560.50176,70.24640000000363,3,4.631925028601632,RankSurprise
microGPi3_R_9-10+,4,232294.68672,232389.09952,94.41279999999097,232294.68672,232389.09952,94.41279999999097,3,3.9818583986690275,RankSurprise
microGPi3_R_9-10+,4,235811.92192,235887.65696,75.73503999999957,235811.92192,235887.65696,75.73503999999957,3,4.54037538601775,RankSurprise
microGPi3_R_9-10+,4,244612.87424,245514.8544,901.9801600000064,244612.87424,245514.8544,901.9801600000064,7,3.5744091493906502,RankSurprise
microGPi3_R_9-10+,4,249979.12576,250155.29472,176.16896000000997,249979.12576,250155.29472,176.16896000000997,4,4.932837696646047,RankSurprise
microGPi3_R_9-10+,4,286453.76,287249.16224,795.4022399999667,286453.76,287249.16224,795.4022399999667,7,4.299428785402566,RankSurprise
microGPi3_R_9-10+,4,290416.92672,290666.53696,249.61024000000907,290416.92672,290666.53696,249.61024000000907,4,3.863369808131978,RankSurprise
microGPi3_R_9-10+,4,303307.93984,303702.17984,394.2399999999907,303307.93984,303702.17984,394.2399999999907,5,4.1348683228385354,RankSurprise
microGPi3_R_9-10+,4,351466.7008,351953.34656,486.6457599999849,351466.7008,351953.34656,486.6457599999849,5,3.5204005690671956,RankSurprise
microGPi3_R_9-10+,4,361126.78912,362061.33248,934.5433600000106,361126.78912,362061.33248,934.5433600000106,7,3.5380497989365156,RankSurprise
microGPi3_R_9-10+,4,397639.80288,397886.99648,247.1935999999987,397639.80288,397886.99648,247.1935999999987,4,3.8672837074531152,RankSurprise
microGPi3_R_9-10+,4,412077.54752,412117.27872,39.73119999998016,412077.54752,412117.27872,39.73119999998016,3,6.080073321961899,RankSurprise
microGPi3_R_9-10+,4,433809.32608,433919.71328,110.38719999999739,433809.32608,433919.71328,110.38719999999739,3,3.692499994986786,RankSurprise
microGPi3_R_9-10+,4,450235.26912,450295.88992,60.620799999975134,450235.26912,450295.88992,60.620799999975134,3,5.105330515006575,RankSurprise
microGPi3_R_9-10+,4,456605.4912,456740.00384,134.51264000002993,456605.4912,456740.00384,134.51264000002993,4,5.713236425370454,RankSurprise
microGPi3_R_9-10+,4,460857.38496,461256.82688,399.44192000001203,460857.38496,461256.82688,399.44192000001203,5,4.148173959915127,RankSurprise
microGPi3_R_9-10+,4,466071.552,466176.65536,105.10335999995004,466071.552,466176.65536,105.10335999995004,3,3.8382400526754505,RankSurprise
microGPi3_R_9-10+,4,501866.98752,501961.56416,94.57663999998476,501866.98752,501961.56416,94.57663999998476,3,3.988638085654406,RankSurprise
microGPi3_R_9-10+,4,516251.36128,518336.75776,2085.396479999996,516251.36128,518336.75776,2085.396479999996,13,4.27746271540972,RankSurprise
microGPi3_R_9-10+,4,533100.78976,536630.14912,3529.359360000002,533100.78976,536630.14912,3529.359360000002,18,3.732190250648907,RankSurprise
microGPi3_R_9-10+,4,552866.69312,553455.616,588.9228800000856,552866.69312,553455.616,588.9228800000856,6,4.022632935415394,RankSurprise
microGPi3_R_9-10+,4,569875.70176,569969.13152,93.42976000008639,569875.70176,569969.13152,93.42976000008639,3,4.02980604108453,RankSurprise
microGPi3_R_9-10+,4,572388.9664,573477.6832,1088.7167999999365,572388.9664,573477.6832,1088.7167999999365,9,5.168809609555393,RankSurprise
microGPi3_R_9-10+,4,575977.6768,576252.88704,275.2102399999276,575977.6768,576252.88704,275.2102399999276,4,3.5657278223373154,RankSurprise
microGPi3_R_9-10+,4,577926.5536,578177.8432,251.28960000001825,577926.5536,578177.8432,251.28960000001825,4,4.090813201136921,RankSurprise
microGPi3_R_9-10+,4,581937.52064,581958.4512,20.930560000007972,581937.52064,581958.4512,20.930560000007972,3,9.318938498055495,RankSurprise
microGPi3_R_9-10+,4,582305.34144,583037.25568,731.9142399999546,582305.34144,583037.25568,731.9142399999546,7,4.422475207885871,RankSurprise
microGPi3_R_9-10+,4,586046.75072,587598.72512,1551.9743999999482,586046.75072,587598.72512,1551.9743999999482,11,5.445783983184376,RankSurprise
microGPi3_R_9-10+,4,593656.75008,594637.94688,981.1967999999179,593656.75008,594637.94688,981.1967999999179,9,5.944661957414045,RankSurprise
microGPi3_R_9-10+,4,597781.58592,597820.17024,38.58432000002358,597781.58592,597820.17024,38.58432000002358,3,6.220134039361689,RankSurprise
microGPi3_R_9-10+,4,599410.8928,599483.84256,72.9497599999886,599410.8928,599483.84256,72.9497599999886,3,4.660227545139373,RankSurprise
microGPi3_R_9-10+,4,605371.88352,606090.11712,718.2335999999195,605371.88352,606090.11712,718.2335999999195,7,4.763137948500092,RankSurprise
microGPi3_R_9-10+,4,608591.74912,608623.53408,31.784959999960847,608591.74912,608623.53408,31.784959999960847,3,6.934992884765835,RankSurprise
microGPi3_R_9-10+,4,620352.67584,620476.37504,123.69919999991544,620352.67584,620476.37504,123.69919999991544,4,6.099374456903419,RankSurprise
microGPi3_R_9-10+,4,621842.0224,621961.54368,119.52127999998629,621842.0224,621961.54368,119.52127999998629,3,3.5897667893944742,RankSurprise
microGPi3_R_9-10+,4,627740.672,627810.9184,70.24639999994542,627740.672,627810.9184,70.24639999994542,3,4.7278672364469045,RankSurprise
microGPi3_R_9-10+,4,640103.0144,640209.14176,106.12736000004224,640103.0144,640209.14176,106.12736000004224,3,3.7459157504359766,RankSurprise
microVoSTN_R_1-2+,0,22243.81952,22429.81888,185.99935999999798,22243.81952,22429.81888,185.99935999999798,3,3.572559822395343,RankSurprise
microVoSTN_R_1-2+,0,39840.60416,39945.54368,104.9395199999999,39840.60416,39945.54368,104.9395199999999,3,4.94016205050308,RankSurprise
microVoSTN_R_1-2+,0,43664.62976,43795.33312,130.70335999999952,43664.62976,43795.33312,130.70335999999952,3,4.288608767241973,RankSurprise
microVoSTN_R_1-2+,0,54780.64128,57665.82272,2885.181439999993,54780.64128,57665.82272,2885.181439999993,11,4.363623358549449,RankSurprise
microVoSTN_R_1-2+,0,134385.90976,135178.77248,792.8627200000046,134385.90976,135178.77248,792.8627200000046,5,3.694395560739263,RankSurprise
microVoSTN_R_1-2+,0,138506.48576,139897.89696,1391.4112000000023,138506.48576,139897.89696,1391.4112000000023,8,5.543669720833982,RankSurprise
microVoSTN_R_1-2+,0,146339.92192,146504.74496,164.8230400000175,146339.92192,146504.74496,164.8230400000175,4,6.747618339425365,RankSurprise
microVoSTN_R_1-2+,0,150736.97792,151370.1376,633.1596799999825,150736.97792,151370.1376,633.1596799999825,5,4.669821245945272,RankSurprise
microVoSTN_R_1-2+,0,184653.16864,184783.83104,130.66240000000107,184653.16864,184783.83104,130.66240000000107,3,4.4569360383354955,RankSurprise
microVoSTN_R_1-2+,0,212127.08864,214393.15968,2266.07104000001,212127.08864,214393.15968,2266.07104000001,9,4.127298288970161,RankSurprise
microVoSTN_R_1-2+,0,217550.60224,217756.22144,205.61919999998645,217550.60224,217756.22144,205.61919999998645,4,6.120322407681211,RankSurprise
microVoSTN_R_1-2+,0,243837.17376,244302.52032,465.3465600000054,243837.17376,244302.52032,465.3465600000054,5,5.3044479827861295,RankSurprise
microVoSTN_R_1-2+,0,255517.73696,255746.70336,228.9664000000048,255517.73696,255746.70336,228.9664000000048,4,5.665957201761726,RankSurprise
microVoSTN_R_1-2+,0,278748.03712,284326.13376,5578.096640000003,278748.03712,284326.13376,5578.096640000003,15,4.560553036991436,RankSurprise
microVoSTN_R_1-2+,0,289531.82208,289719.0912,187.26912000001175,289531.82208,289719.0912,187.26912000001175,3,3.770090797852827,RankSurprise
microVoSTN_R_1-2+,0,296280.30976,297052.44672,772.1369600000326,296280.30976,297052.44672,772.1369600000326,5,3.996294339820814,RankSurprise
microVoSTN_R_1-2+,0,319120.384,322999.78752,3879.4035199999926,319120.384,322999.78752,3879.4035199999926,13,5.106877714397163,RankSurprise
microVoSTN_R_1-2+,0,427448.68864,429403.83232,1955.1436799999792,427448.68864,429403.83232,1955.1436799999792,8,3.565556741105426,RankSurprise
microVoSTN_R_1-2+,0,506571.48928,516201.472,9629.982720000029,506571.48928,516201.472,9629.982720000029,30,9.664609259601548,RankSurprise
microVoSTN_R_1-2+,0,565141.99552,565234.0736,92.0780800000066,565141.99552,565234.0736,92.0780800000066,4,8.539154220055508,RankSurprise
microVoSTN_R_1-2+,1,14667.81696,14883.30752,215.4905600000002,14667.81696,14883.30752,215.4905600000002,4,4.392955609828686,RankSurprise
microVoSTN_R_1-2+,1,62871.01952,62957.28128,86.26176000000123,62871.01952,62957.28128,86.26176000000123,3,4.368666237294015,RankSurprise
microVoSTN_R_1-2+,1,65296.46592,65442.36544,145.89951999999903,65296.46592,65442.36544,145.89951999999903,4,5.593025762384471,RankSurprise
microVoSTN_R_1-2+,1,72720.05632,72798.53568,78.47935999999754,72720.05632,72798.53568,78.47935999999754,3,4.267520291088108,RankSurprise
microVoSTN_R_1-2+,1,81860.608,82136.63744,276.029440000013,81860.608,82136.63744,276.029440000013,4,4.052734659232183,RankSurprise
microVoSTN_R_1-2+,1,93810.23744,94283.65312,473.4156800000055,93810.23744,94283.65312,473.4156800000055,6,5.629862332184466,RankSurprise
microVoSTN_R_1-2+,1,97094.61504,97161.05216,66.43712000000232,97094.61504,97161.05216,66.43712000000232,3,4.574911318408478,RankSurprise
microVoSTN_R_1-2+,1,100499.90656,100623.52384,123.6172799999913,100499.90656,100623.52384,123.6172799999913,3,3.5789774611894867,RankSurprise
microVoSTN_R_1-2+,1,104549.376,104772.48512,223.1091199999937,104549.376,104772.48512,223.1091199999937,5,6.69464688838141,RankSurprise
microVoSTN_R_1-2+,1,141865.08288,145126.23616,3261.1532799999986,141865.08288,145126.23616,3261.1532799999986,17,6.039282476952466,RankSurprise
microVoSTN_R_1-2+,1,146047.1808,151102.42304,5055.242239999992,146047.1808,151102.42304,5055.242239999992,29,12.314912837741183,RankSurprise
microVoSTN_R_1-2+,1,195779.21536,197004.82048,1225.605119999993,195779.21536,197004.82048,1225.605119999993,11,7.352428658933931,RankSurprise
microVoSTN_R_1-2+,1,216333.39392,216372.6336,39.23967999999877,216333.39392,216372.6336,39.23967999999877,3,6.032791677183683,RankSurprise
microVoSTN_R_1-2+,1,222712.17664,222760.87808,48.70144000000437,222712.17664,222760.87808,48.70144000000437,3,5.363613686736734,RankSurprise
microVoSTN_R_1-2+,1,226735.39072,226832.30208,96.91135999999824,226735.39072,226832.30208,96.91135999999824,3,4.020418168951373,RankSurprise
microVoSTN_R_1-2+,1,234716.85632,234815.77472,98.91839999999502,234716.85632,234815.77472,98.91839999999502,3,3.7661065015044635,RankSurprise
microVoSTN_R_1-2+,1,249963.43808,252538.79808,2575.360000000015,249963.43808,252538.79808,2575.360000000015,13,4.03038361683387,RankSurprise
microVoSTN_R_1-2+,1,268213.32992,268316.18048,102.85055999999167,268213.32992,268316.18048,102.85055999999167,3,4.069440525546042,RankSurprise
microVoSTN_R_1-2+,1,301850.50112,302416.0768,565.575680000009,301850.50112,302416.0768,565.575680000009,6,5.2888799888896685,RankSurprise
microVoSTN_R_1-2+,1,305110.34368,308571.21792,3460.8742400000338,305110.34368,308571.21792,3460.8742400000338,17,4.764223933505559,RankSurprise
microVoSTN_R_1-2+,1,320316.25216,321068.31872,752.0665600000066,320316.25216,321068.31872,752.0665600000066,7,5.342794367251961,RankSurprise
microVoSTN_R_1-2+,1,353702.87104,353800.56064,97.68959999998333,353702.87104,353800.56064,97.68959999998333,3,4.001140799340195,RankSurprise
microVoSTN_R_1-2+,1,361762.89792,361807.872,44.9740799999563,361762.89792,361807.872,44.9740799999563,3,5.760757716098233,RankSurprise
microVoSTN_R_1-2+,1,423496.21248,423527.8336,31.621120000025257,423496.21248,423527.8336,31.621120000025257,3,6.684695899209578,RankSurprise
microVoSTN_R_1-2+,1,464228.43392,464467.7632,239.32928000000538,464228.43392,464467.7632,239.32928000000538,4,4.184230159506125,RankSurprise
microVoSTN_R_1-2+,1,502629.74464,506586.56256,3956.8179200000013,502629.74464,506586.56256,3956.8179200000013,19,6.184805806058332,RankSurprise
microVoSTN_R_1-2+,1,512363.43808,512408.1664,44.72831999999471,512363.43808,512408.1664,44.72831999999471,3,5.760757716098233,RankSurprise
microVoSTN_R_1-2+,1,516551.0656,520126.17728,3575.111680000031,516551.0656,520126.17728,3575.111680000031,18,6.490409497300404,RankSurprise
microVoSTN_R_1-2+,1,537379.06176,537418.50624,39.44448000006378,537379.06176,537418.50624,39.44448000006378,3,5.980498882463049,RankSurprise
microVoSTN_R_1-2+,1,538521.1904,538646.7328,125.54240000003483,538521.1904,538646.7328,125.54240000003483,3,3.666293258445984,RankSurprise
microVoSTN_R_1-2+,1,539923.57888,540015.94368,92.36479999998119,539923.57888,540015.94368,92.36479999998119,3,4.171244330931913,RankSurprise
microVoSTN_R_1-2+,1,572440.08448,572516.352,76.26751999999397,572440.08448,572516.352,76.26751999999397,3,4.451031530233024,RankSurprise
microVoSTN_R_1-2+,1,596518.46144,596808.94976,290.488320000004,596518.46144,596808.94976,290.488320000004,4,3.773722665366183,RankSurprise
microVoSTN_R_1-2+,1,606126.57152,606335.42656,208.85504000005312,606126.57152,606335.42656,208.85504000005312,4,4.596194267159184,RankSurprise
microVoSTN_R_1-2+,1,609878.09792,609973.41184,95.31391999998596,609878.09792,609973.41184,95.31391999998596,3,3.800516111561336,RankSurprise
microVoSTN_R_1-2+,1,614509.568,614626.95936,117.39136000000872,614509.568,614626.95936,117.39136000000872,3,3.715577274173679,RankSurprise
microVoSTN_R_1-2+,1,623387.81184,623576.76032,188.94848000002094,623387.81184,623576.76032,188.94848000002094,4,4.937303421983703,RankSurprise
microVoSTN_R_1-2+,2,13978.33728,14113.25952,134.92223999999987,13978.33728,14113.25952,134.92223999999987,4,4.757341408311859,RankSurprise
microVoSTN_R_1-2+,2,25609.58464,25685.85216,76.2675199999976,25609.58464,25685.85216,76.2675199999976,3,3.9897442402945735,RankSurprise
microVoSTN_R_1-2+,2,31827.23072,32159.00672,331.77600000000166,31827.23072,32159.00672,331.77600000000166,5,3.7212114560925507,RankSurprise
microVoSTN_R_1-2+,2,36185.45664,36424.82688,239.37024000000383,36185.45664,36424.82688,239.37024000000383,5,5.096139302414784,RankSurprise
microVoSTN_R_1-2+,2,38354.78016,39361.04448,1006.2643199999948,38354.78016,39361.04448,1006.2643199999948,10,4.283292106192399,RankSurprise
microVoSTN_R_1-2+,2,41146.32704,41615.27808,468.9510399999999,41146.32704,41615.27808,468.9510399999999,7,5.160802472260458,RankSurprise
microVoSTN_R_1-2+,2,46307.20512,46376.96,69.75488000000041,46307.20512,46376.96,69.75488000000041,3,4.2497857764076254,RankSurprise
microVoSTN_R_1-2+,2,47551.36512,47707.70944,156.34431999999651,47551.36512,47707.70944,156.34431999999651,5,6.89908876002405,RankSurprise
microVoSTN_R_1-2+,2,54682.05056,54735.09376,53.04320000000007,54682.05056,54735.09376,53.04320000000007,3,4.820705859520709,RankSurprise
microVoSTN_R_1-2+,2,59037.94176,59080.94976,43.00800000000163,59037.94176,59080.94976,43.00800000000163,3,5.152233374189581,RankSurprise
microVoSTN_R_1-2+,2,62006.4768,62076.80512,70.32832000000053,62006.4768,62076.80512,70.32832000000053,3,4.244452430432263,RankSurprise
microVoSTN_R_1-2+,2,63098.6752,63192.6784,94.0031999999992,63098.6752,63192.6784,94.0031999999992,3,3.6498725012297424,RankSurprise
microVoSTN_R_1-2+,2,75806.47424,75851.85792,45.383679999999,75806.47424,75851.85792,45.383679999999,3,5.110737931158818,RankSurprise
microVoSTN_R_1-2+,2,82162.52416,82246.90176,84.37759999999253,82162.52416,82246.90176,84.37759999999253,4,6.522887313008052,RankSurprise
microVoSTN_R_1-2+,2,86786.99008,87103.16032,316.1702399999922,86786.99008,87103.16032,316.1702399999922,5,3.6414133871541132,RankSurprise
microVoSTN_R_1-2+,2,99001.05728,99067.53536,66.47808000000077,99001.05728,99067.53536,66.47808000000077,3,4.212747616059293,RankSurprise
microVoSTN_R_1-2+,2,100270.65344,100298.91584,28.262400000006892,100270.65344,100298.91584,28.262400000006892,3,6.073052468881389,RankSurprise
microVoSTN_R_1-2+,2,104612.6592,104666.84928,54.19008000000031,104612.6592,104666.84928,54.19008000000031,3,4.778524903897001,RankSurprise
microVoSTN_R_1-2+,2,113094.69696,113506.42688,411.72991999999795,113094.69696,113506.42688,411.72991999999795,8,7.857131756529561,RankSurprise
microVoSTN_R_1-2+,2,114364.17024,115713.35168,1349.1814400000003,114364.17024,115713.35168,1349.1814400000003,13,5.870892801030577,RankSurprise
microVoSTN_R_1-2+,2,118360.35072,120555.23328,2194.882559999998,118360.35072,120555.23328,2194.882559999998,18,5.652657513401301,RankSurprise
microVoSTN_R_1-2+,2,136495.5136,137213.37856,717.8649600000062,136495.5136,137213.37856,717.8649600000062,7,3.607655987904692,RankSurprise
microVoSTN_R_1-2+,2,141929.22624,142337.96608,408.73984000002383,141929.22624,142337.96608,408.73984000002383,6,5.008829129487381,RankSurprise
microVoSTN_R_1-2+,2,143462.68672,143751.7824,289.09567999999854,143462.68672,143751.7824,289.09567999999854,5,4.1551880091454905,RankSurprise
microVoSTN_R_1-2+,2,162336.768,162503.14752,166.37951999998768,162336.768,162503.14752,166.37951999998768,4,4.324646488183138,RankSurprise
microVoSTN_R_1-2+,2,169399.78752,169498.25536,98.46783999999752,169399.78752,169498.25536,98.46783999999752,3,3.51228231950644,RankSurprise
microVoSTN_R_1-2+,2,193290.77248,193558.9376,268.16511999999057,193290.77248,193558.9376,268.16511999999057,5,4.514032737748192,RankSurprise
microVoSTN_R_1-2+,2,194510.97088,195327.67232,816.7014400000044,194510.97088,195327.67232,816.7014400000044,11,8.066266072281312,RankSurprise
microVoSTN_R_1-2+,2,203680.93184,204107.65312,426.72127999999793,203680.93184,204107.65312,426.72127999999793,7,5.622021399268425,RankSurprise
microVoSTN_R_1-2+,2,221971.08736,222052.63872,81.5513599999831,221971.08736,222052.63872,81.5513599999831,3,3.7306100849545913,RankSurprise
microVoSTN_R_1-2+,2,222562.38592,223809.20832,1246.8224000000046,222562.38592,223809.20832,1246.8224000000046,16,10.109368474688145,RankSurprise
microVoSTN_R_1-2+,2,224222.16704,224468.50048,246.3334399999876,224222.16704,224468.50048,246.3334399999876,5,4.981230069766141,RankSurprise
microVoSTN_R_1-2+,2,229326.56128,229358.7968,32.23552000001655,229326.56128,229358.7968,32.23552000001655,3,5.731798243659728,RankSurprise
microVoSTN_R_1-2+,2,252475.51488,252569.8048,94.28992000001017,252475.51488,252569.8048,94.28992000001017,3,3.6029494830246556,RankSurprise
microVoSTN_R_1-2+,2,260267.95008,260587.80672,319.8566399999836,260267.95008,260587.80672,319.8566399999836,5,3.9290504848976795,RankSurprise
microVoSTN_R_1-2+,2,280667.58656,280857.96864,190.3820799999521,280667.58656,280857.96864,190.3820799999521,4,3.7349649889389376,RankSurprise
microVoSTN_R_1-2+,2,284201.45152,284478.95552,277.50400000001537,284201.45152,284478.95552,277.50400000001537,5,4.322172939539911,RankSurprise
microVoSTN_R_1-2+,2,295210.31168,296425.8816,1215.569920000038,295210.31168,296425.8816,1215.569920000038,11,4.69826613971704,RankSurprise
microVoSTN_R_1-2+,2,301060.5056,301801.02144,740.5158400000073,301060.5056,301801.02144,740.5158400000073,9,5.458418828893954,RankSurprise
microVoSTN_R_1-2+,2,302221.43488,302378.31168,156.87679999996908,302221.43488,302378.31168,156.87679999996908,4,4.381851654081867,RankSurprise
microVoSTN_R_1-2+,2,304546.77504,305282.4576,735.6825600000448,304546.77504,305282.4576,735.6825600000448,9,5.206568904647612,RankSurprise
microVoSTN_R_1-2+,2,307750.33856,308623.48288,873.1443200000213,307750.33856,308623.48288,873.1443200000213,10,5.799366855567419,RankSurprise
microVoSTN_R_1-2+,2,321378.26304,321637.08928,258.826240000024,321378.26304,321637.08928,258.826240000024,6,6.855580705127146,RankSurprise
microVoSTN_R_1-2+,2,330073.2928,330158.40768,85.11488000000827,330073.2928,330158.40768,85.11488000000827,3,3.6068179598025765,RankSurprise
microVoSTN_R_1-2+,2,331040.44032,331079.0656,38.625279999978375,331040.44032,331079.0656,38.625279999978375,3,5.5704192518243545,RankSurprise
microVoSTN_R_1-2+,2,332894.45376,332966.66624,72.21247999998741,332894.45376,332966.66624,72.21247999998741,3,4.115541625378018,RankSurprise
microVoSTN_R_1-2+,2,358861.0048,360465.44896,1604.4441600000137,358861.0048,360465.44896,1604.4441600000137,19,11.312940506822947,RankSurprise
microVoSTN_R_1-2+,2,360961.14688,361672.45824,711.3113599999924,360961.14688,361672.45824,711.3113599999924,8,4.212639453978333,RankSurprise
microVoSTN_R_1-2+,2,391775.72352,391963.07456,187.35103999997955,391775.72352,391963.07456,187.35103999997955,4,3.9521210612316473,RankSurprise
microVoSTN_R_1-2+,2,394322.98496,394494.5664,171.58144000003813,394322.98496,394494.5664,171.58144000003813,4,4.085729198898882,RankSurprise
microVoSTN_R_1-2+,2,409071.69792,409727.1808,655.4828799999668,409071.69792,409727.1808,655.4828799999668,9,5.944433190523643,RankSurprise
microVoSTN_R_1-2+,2,416658.6368,417653.06368,994.4268800000427,416658.6368,417653.06368,994.4268800000427,10,4.756526607092569,RankSurprise
microVoSTN_R_1-2+,2,436570.48064,436640.39936,69.91871999995783,436570.48064,436640.39936,69.91871999995783,3,4.260495325875606,RankSurprise
microVoSTN_R_1-2+,2,463739.41248,463877.03808,137.6256000000285,463739.41248,463877.03808,137.6256000000285,4,5.063339244660579,RankSurprise
microVoSTN_R_1-2+,2,478131.36384,478182.27712,50.91327999997884,478131.36384,478182.27712,50.91327999997884,3,4.937741465024647,RankSurprise
microVoSTN_R_1-2+,2,482348.93312,482542.01856,193.0854399999953,482348.93312,482542.01856,193.0854399999953,4,3.7792558721264804,RankSurprise
microVoSTN_R_1-2+,2,502479.2576,503893.15584,1413.8982400000095,502479.2576,503893.15584,1413.8982400000095,14,7.124187174216082,RankSurprise
microVoSTN_R_1-2+,2,507439.59552,507486.6176,47.02208000002429,507439.59552,507486.6176,47.02208000002429,3,5.054053742798539,RankSurprise
microVoSTN_R_1-2+,2,507910.3488,507932.0576,21.708800000022165,507910.3488,507932.0576,21.708800000022165,3,6.764699671218596,RankSurprise
microVoSTN_R_1-2+,2,513219.09248,518016.77824,4797.685760000022,513219.09248,518016.77824,4797.685760000022,52,23.40465943967315,RankSurprise
microVoSTN_R_1-2+,2,540311.22432,540824.7808,513.556479999912,540311.22432,540824.7808,513.556479999912,7,4.67075739641391,RankSurprise
microVoSTN_R_1-2+,2,544910.70464,544934.87104,24.166399999987334,544910.70464,544934.87104,24.166399999987334,3,6.358235826135836,RankSurprise
microVoSTN_R_1-2+,2,548622.1312,548686.4384,64.3072000000393,548622.1312,548686.4384,64.3072000000393,3,4.393693197815667,RankSurprise
microVoSTN_R_1-2+,2,549798.42048,549953.08544,154.66496000008192,549798.42048,549953.08544,154.66496000008192,4,4.717605689651958,RankSurprise
microVoSTN_R_1-2+,2,556578.77504,556897.44384,318.6687999999849,556578.77504,556897.44384,318.6687999999849,5,3.680090545800155,RankSurprise
microVoSTN_R_1-2+,2,566258.15552,566528.77824,270.62271999998484,566258.15552,566528.77824,270.62271999998484,5,4.519075287406235,RankSurprise
microVoSTN_R_1-2+,2,568383.2832,568474.05056,90.76736000005621,568383.2832,568474.05056,90.76736000005621,3,3.51228231950644,RankSurprise
microVoSTN_R_1-2+,2,569174.75328,569211.74016,36.98688000009861,569174.75328,569211.74016,36.98688000009861,3,5.489394994332287,RankSurprise
microVoSTN_R_1-2+,2,570332.93824,571669.504,1336.5657599999104,570332.93824,571669.504,1336.5657599999104,17,11.037469406121572,RankSurprise
microVoSTN_R_1-2+,2,575442.78016,575537.02912,94.24895999999717,575442.78016,575537.02912,94.24895999999717,3,3.5458026862850787,RankSurprise
microVoSTN_R_1-2+,2,595090.92352,595251.77344,160.84992000006605,595090.92352,595251.77344,160.84992000006605,4,4.423855603762238,RankSurprise
microVoSTN_R_1-2+,2,602039.9104,602147.96288,108.05247999995481,602039.9104,602147.96288,108.05247999995481,4,5.643507966187119,RankSurprise
microVoSTN_R_1-2+,2,604261.49888,604326.33856,64.83967999997549,604261.49888,604326.33856,64.83967999997549,3,4.2712625315468635,RankSurprise
microVoSTN_R_1-2+,2,615154.76992,615238.36928,83.59935999999288,615154.76992,615238.36928,83.59935999999288,3,3.875818080457659,RankSurprise
microVoSTN_R_1-2+,2,623318.2208,623409.02912,90.8083199999528,623318.2208,623409.02912,90.8083199999528,3,3.70604475550574,RankSurprise
microVoSTN_R_1-2+,2,633381.23264,633532.66176,151.42912000010256,633381.23264,633532.66176,151.42912000010256,4,4.598011784310465,RankSurprise
microVoSTN_R_1-2+,2,634755.39968,635057.68448,302.2848000000231,634755.39968,635057.68448,302.2848000000231,8,9.979855728343118,RankSurprise
microVoSTN_R_1-3+,0,29168.80384,29324.36992,155.5660800000005,29168.80384,29324.36992,155.5660800000005,3,3.9397481122176803,RankSurprise
microVoSTN_R_1-3+,0,35484.75392,42704.60928,7219.855359999994,35484.75392,42704.60928,7219.855359999994,26,10.44738875846737,RankSurprise
microVoSTN_R_1-3+,0,48226.63168,49401.11872,1174.48704,48226.63168,49401.11872,1174.48704,6,3.5742108053714947,RankSurprise
microVoSTN_R_1-3+,0,72682.25024,74943.93856,2261.688320000001,72682.25024,74943.93856,2261.688320000001,10,6.336093376473455,RankSurprise
microVoSTN_R_1-3+,0,104402.82112,108499.80416,4096.983040000006,104402.82112,108499.80416,4096.983040000006,12,4.030357470549732,RankSurprise
microVoSTN_R_1-3+,0,112824.68864,113007.2064,182.51776000000245,112824.68864,113007.2064,182.51776000000245,3,3.6438219699908156,RankSurprise
microVoSTN_R_1-3+,0,116791.296,125078.81472,8287.518719999993,116791.296,125078.81472,8287.518719999993,29,10.300131075935871,RankSurprise
microVoSTN_R_1-3+,0,135976.7552,137415.76192,1439.0067199999758,135976.7552,137415.76192,1439.0067199999758,7,4.338400053594514,RankSurprise
microVoSTN_R_1-3+,0,143407.18592,145185.13664,1777.9507200000226,143407.18592,145185.13664,1777.9507200000226,7,3.6828954885564924,RankSurprise
microVoSTN_R_1-3+,0,151962.29632,152064.6144,102.31807999999728,151962.29632,152064.6144,102.31807999999728,3,4.4691409236592445,RankSurprise
microVoSTN_R_1-3+,0,195359.17056,198133.06368,2773.8931199999934,195359.17056,198133.06368,2773.8931199999934,11,5.120251749850442,RankSurprise
microVoSTN_R_1-3+,0,215908.72064,216868.08576,959.3651199999731,215908.72064,216868.08576,959.3651199999731,6,4.974438658572119,RankSurprise
microVoSTN_R_1-3+,0,222497.62816,224410.0096,1912.3814399999974,222497.62816,224410.0096,1912.3814399999974,11,8.893895023958892,RankSurprise
microVoSTN_R_1-3+,0,234716.85632,235174.46144,457.605120000022,234716.85632,235174.46144,457.605120000022,4,3.6477598395373114,RankSurprise
microVoSTN_R_1-3+,0,267481.21088,268770.59072,1289.3798399999505,267481.21088,268770.59072,1289.3798399999505,7,4.5955419588373925,RankSurprise
microVoSTN_R_1-3+,0,285313.4336,285420.38016,106.94656000001123,285313.4336,285420.38016,106.94656000001123,3,4.539634170521431,RankSurprise
microVoSTN_R_1-3+,0,318400.9216,318811.42272,410.5011199999717,318400.9216,318811.42272,410.5011199999717,4,3.9630318507951934,RankSurprise
microVoSTN_R_1-3+,0,320939.13088,323681.40288,2742.271999999997,320939.13088,323681.40288,2742.271999999997,10,3.5335259471027127,RankSurprise
microVoSTN_R_1-3+,0,508514.01728,508894.78144,380.76416000002064,508514.01728,508894.78144,380.76416000002064,4,4.288137728807431,RankSurprise
microVoSTN_R_1-3+,0,518644.20352,518845.39904,201.1955200000084,518644.20352,518845.39904,201.1955200000084,3,3.5541704032106427,RankSurprise
microVoSTN_R_1-3+,0,584184.70912,584347.72992,163.0207999999402,584184.70912,584347.72992,163.0207999999402,3,3.9002727193227944,RankSurprise
microVoSTN_R_1-3+,0,593724.90752,594152.77568,427.8681599999545,593724.90752,594152.77568,427.8681599999545,4,4.252208940940793,RankSurprise
microVoSTN_R_1-3+,0,606868.56192,607634.92352,766.3615999999456,606868.56192,607634.92352,766.3615999999456,5,4.037352772093204,RankSurprise
microVoSTN_R_1-3+,2,31572.25472,31904.03072,331.775999999998,31572.25472,31904.03072,331.775999999998,7,7.014575229169111,RankSurprise
microVoSTN_R_1-3+,2,37792.19456,37970.78016,178.58559999999852,37792.19456,37970.78016,178.58559999999852,4,3.7111018827249502,RankSurprise
microVoSTN_R_1-3+,2,40193.06496,40968.192,775.1270399999994,40193.06496,40968.192,775.1270399999994,12,9.174300770262436,RankSurprise
microVoSTN_R_1-3+,2,41916.33408,42232.34048,316.0063999999984,41916.33408,42232.34048,316.0063999999984,5,3.9518668729489015,RankSurprise
microVoSTN_R_1-3+,2,47909.02784,48282.33728,373.30943999999727,47909.02784,48282.33728,373.30943999999727,7,5.916362555298986,RankSurprise
microVoSTN_R_1-3+,2,48746.57792,48920.24832,173.67039999999542,48746.57792,48920.24832,173.67039999999542,4,3.7660932771794684,RankSurprise
microVoSTN_R_1-3+,2,50171.78112,50201.88672,30.105600000002596,50171.78112,50201.88672,30.105600000002596,3,5.313281888819088,RankSurprise
microVoSTN_R_1-3+,2,52295.72096,52321.0752,25.354240000000573,52295.72096,52321.0752,25.354240000000573,3,5.6640353667890295,RankSurprise
microVoSTN_R_1-3+,2,57293.33248,57318.6048,25.272320000003674,57293.33248,57318.6048,25.272320000003674,4,9.277010740886036,RankSurprise
microVoSTN_R_1-3+,2,66921.6768,66956.45184,34.77503999999317,66921.6768,66956.45184,34.77503999999317,3,4.951319356071718,RankSurprise
microVoSTN_R_1-3+,2,72888.1152,73062.85056,174.73536000000604,72888.1152,73062.85056,174.73536000000604,4,3.7020338596081075,RankSurprise
microVoSTN_R_1-3+,2,73853.21472,73999.44192,146.2271999999939,73853.21472,73999.44192,146.2271999999939,4,4.101766153701924,RankSurprise
microVoSTN_R_1-3+,2,82068.93056,82297.11872,228.18816000000515,82068.93056,82297.11872,228.18816000000515,5,4.705769039758913,RankSurprise
microVoSTN_R_1-3+,2,85741.9776,86327.7056,585.7280000000028,85741.9776,86327.7056,585.7280000000028,8,4.750886608144942,RankSurprise
microVoSTN_R_1-3+,2,91722.67008,91868.03712,145.36703999999736,91722.67008,91868.03712,145.36703999999736,4,4.228545698092002,RankSurprise
microVoSTN_R_1-3+,2,92516.51584,92552.84736,36.331520000007,92516.51584,92552.84736,36.331520000007,3,4.960288026054478,RankSurprise
microVoSTN_R_1-3+,2,94199.43936,95033.67168,834.2323199999955,94199.43936,95033.67168,834.2323199999955,10,6.432145294999339,RankSurprise
microVoSTN_R_1-3+,2,98771.51744,98990.4896,218.9721600000048,98771.51744,98990.4896,218.9721600000048,5,4.57989516855794,RankSurprise
microVoSTN_R_1-3+,2,100229.89824,100347.12576,117.22752000000037,100229.89824,100347.12576,117.22752000000037,4,4.6158092230059715,RankSurprise
microVoSTN_R_1-3+,2,108540.84608,108594.91328,54.06719999999041,108540.84608,108594.91328,54.06719999999041,3,4.211741340371891,RankSurprise
microVoSTN_R_1-3+,2,110480.42496,110511.80032,31.375359999990906,110480.42496,110511.80032,31.375359999990906,3,5.2292794617598,RankSurprise
microVoSTN_R_1-3+,2,112274.67776,112889.15968,614.4819199999911,112274.67776,112889.15968,614.4819199999911,9,6.368196867797302,RankSurprise
microVoSTN_R_1-3+,2,113891.57376,113943.552,51.97823999999673,113891.57376,113943.552,51.97823999999673,3,4.199414615690429,RankSurprise
microVoSTN_R_1-3+,2,117233.2544,117927.23968,693.9852799999935,117233.2544,117927.23968,693.9852799999935,9,5.1897832996254865,RankSurprise
microVoSTN_R_1-3+,2,118628.59776,119169.59744,540.9996799999935,118628.59776,119169.59744,540.9996799999935,7,4.198878331896243,RankSurprise
microVoSTN_R_1-3+,2,120290.63168,123184.57856,2893.9468799999886,120290.63168,123184.57856,2893.9468799999886,25,8.585886356532137,RankSurprise
microVoSTN_R_1-3+,2,125064.3968,125861.60128,797.2044800000003,125064.3968,125861.60128,797.2044800000003,9,4.821955514714273,RankSurprise
microVoSTN_R_1-3+,2,141171.0976,141226.88512,55.78751999998349,141171.0976,141226.88512,55.78751999998349,3,4.0686099196655405,RankSurprise
microVoSTN_R_1-3+,2,141745.68448,148958.45376,7212.769280000008,141745.68448,148958.45376,7212.769280000008,59,16.175174090530938,RankSurprise
microVoSTN_R_1-3+,2,150102.58944,150138.51136,35.921919999993406,150102.58944,150138.51136,35.921919999993406,3,4.907069546878194,RankSurprise
microVoSTN_R_1-3+,2,155746.22208,156264.77568,518.5535999999847,155746.22208,156264.77568,518.5535999999847,7,4.890105471884561,RankSurprise
microVoSTN_R_1-3+,2,165997.48608,166169.96864,172.482560000004,165997.48608,166169.96864,172.482560000004,4,3.6422708875927476,RankSurprise
microVoSTN_R_1-3+,2,167007.19104,167144.448,137.2569599999988,167007.19104,167144.448,137.2569599999988,4,4.429364352074376,RankSurprise
microVoSTN_R_1-3+,2,167957.504,168867.14368,909.639680000022,167957.504,168867.14368,909.639680000022,9,4.476660908142891,RankSurprise
microVoSTN_R_1-3+,2,174258.54464,174292.62336,34.078719999990426,174258.54464,174292.62336,34.078719999990426,3,5.052258739005438,RankSurprise
microVoSTN_R_1-3+,2,176758.9888,176772.21888,13.230080000008456,176758.9888,176772.21888,13.230080000008456,3,7.043980500230262,RankSurprise
microVoSTN_R_1-3+,2,183993.7536,185005.30176,1011.5481600000057,183993.7536,185005.30176,1011.5481600000057,10,3.9339049150547694,RankSurprise
microVoSTN_R_1-3+,2,210080.84992,210149.62176,68.77184000000125,210080.84992,210149.62176,68.77184000000125,3,3.735386805192288,RankSurprise
microVoSTN_R_1-3+,2,215288.54528,215855.88224,567.3369600000151,215288.54528,215855.88224,567.3369600000151,7,4.96741212306699,RankSurprise
microVoSTN_R_1-3+,2,219184.16896,219290.54208,106.37312000000384,219184.16896,219290.54208,106.37312000000384,4,4.916921771869145,RankSurprise
microVoSTN_R_1-3+,2,226735.34976,227170.63168,435.28191999997944,226735.34976,227170.63168,435.28191999997944,7,5.02117689397074,RankSurprise
microVoSTN_R_1-3+,2,233318.48192,233885.9008,567.418880000012,233318.48192,233885.9008,567.418880000012,7,4.084041040821754,RankSurprise
microVoSTN_R_1-3+,2,248089.31328,250504.84736,2415.534080000012,248089.31328,250504.84736,2415.534080000012,17,3.767362063463682,RankSurprise
microVoSTN_R_1-3+,2,253932.99456,254101.62688,168.63232000000426,253932.99456,254101.62688,168.63232000000426,5,6.173898404459965,RankSurprise
microVoSTN_R_1-3+,2,255517.696,256182.10816,664.4121600000071,255517.696,256182.10816,664.4121600000071,7,3.598867491059491,RankSurprise
microVoSTN_R_1-3+,2,265385.08288,265399.86944,14.786559999978635,265385.08288,265399.86944,14.786559999978635,3,6.849881764478784,RankSurprise
microVoSTN_R_1-3+,2,272828.45696,272995.65568,167.19872000004398,272828.45696,272995.65568,167.19872000004398,5,5.623765873225629,RankSurprise
microVoSTN_R_1-3+,2,285937.74592,286094.78656,157.04063999996288,285937.74592,286094.78656,157.04063999996288,4,3.943923239917364,RankSurprise
microVoSTN_R_1-3+,2,307255.5008,307522.02752,266.5267200000235,307255.5008,307522.02752,266.5267200000235,5,3.9829853606687067,RankSurprise
microVoSTN_R_1-3+,2,309687.00928,309736.16128,49.15200000000186,309687.00928,309736.16128,49.15200000000186,3,4.261822326974329,RankSurprise
microVoSTN_R_1-3+,2,312873.41056,313281.45408,408.04352000000654,312873.41056,313281.45408,408.04352000000654,6,3.8430505177481296,RankSurprise
microVoSTN_R_1-3+,2,319246.86848,319313.5104,66.64192000002367,319246.86848,319313.5104,66.64192000002367,3,3.715992685330864,RankSurprise
microVoSTN_R_1-3+,2,343113.97376,343157.47328,43.49951999995392,343113.97376,343157.47328,43.49951999995392,3,4.47571604358243,RankSurprise
microVoSTN_R_1-3+,2,355305.18528,355423.6416,118.4563199999975,355305.18528,355423.6416,118.4563199999975,4,4.71567987720724,RankSurprise
microVoSTN_R_1-3+,2,360553.14432,362213.82656,1660.6822399999946,360553.14432,362213.82656,1660.6822399999946,13,3.915482692176428,RankSurprise
microVoSTN_R_1-3+,2,365129.03168,365253.91872,124.88704000000143,365129.03168,365253.91872,124.88704000000143,4,4.939631983156012,RankSurprise
microVoSTN_R_1-3+,2,366807.57248,366868.11136,60.53888000000734,366807.57248,366868.11136,60.53888000000734,3,3.8714596376185035,RankSurprise
microVoSTN_R_1-3+,2,418515.10784,418569.05216,53.94432000000961,418515.10784,418569.05216,53.94432000000961,3,4.138895487598605,RankSurprise
microVoSTN_R_1-3+,2,490886.7584,490942.30016,55.54175999999279,490886.7584,490942.30016,55.54175999999279,3,4.034372209319805,RankSurprise
microVoSTN_R_1-3+,2,504907.32544,505055.68256,148.35712000000058,504907.32544,505055.68256,148.35712000000058,4,4.353410846965886,RankSurprise
microVoSTN_R_1-3+,2,507705.71264,507981.08672,275.3740800000378,507705.71264,507981.08672,275.3740800000378,6,5.756373555649098,RankSurprise
microVoSTN_R_1-3+,2,513335.54176,513477.30432,141.76256000000285,513335.54176,513477.30432,141.76256000000285,4,4.175068295880834,RankSurprise
microVoSTN_R_1-3+,2,516741.57056,516760.53504,18.964479999965988,516741.57056,516760.53504,18.964479999965988,3,6.360126612282125,RankSurprise
microVoSTN_R_1-3+,2,517345.19808,517491.95776,146.7596800000174,517345.19808,517491.95776,146.7596800000174,4,4.064072878053228,RankSurprise
microVoSTN_R_1-3+,2,519434.4448,519540.20352,105.75871999998344,519434.4448,519540.20352,105.75871999998344,5,7.384348853612536,RankSurprise
microVoSTN_R_1-3+,2,537200.14848,537384.1408,183.9923200000776,537200.14848,537384.1408,183.9923200000776,4,3.5548010796261806,RankSurprise
microVoSTN_R_1-3+,2,557582.78656,557621.37088,38.584319999907166,557582.78656,557621.37088,38.584319999907166,3,4.796402519739534,RankSurprise
microVoSTN_R_1-3+,2,595117.54752,595382.92736,265.3798399999505,595117.54752,595382.92736,265.3798399999505,5,4.191379846012829,RankSurprise
microVoSTN_R_1-3+,2,596495.85152,596548.1984,52.34687999996822,596495.85152,596548.1984,52.34687999996822,3,4.150853696429731,RankSurprise
microVoSTN_R_1-3+,2,606660.03456,606960.51712,300.4825600000331,606660.03456,606960.51712,300.4825600000331,5,3.525906659051021,RankSurprise
microVoSTN_R_1-3+,2,636848.04608,637229.71136,381.6652799999574,636848.04608,637229.71136,381.6652799999574,5,3.787390742323371,RankSurprise
microVoSTN_R_2-3+,1,19064.4224,19278.97088,214.5484800000013,19064.4224,19278.97088,214.5484800000013,4,4.929013210835034,RankSurprise
microVoSTN_R_2-3+,1,40044.70784,40748.31872,703.6108800000002,40044.70784,40748.31872,703.6108800000002,6,4.446983942717089,RankSurprise
microVoSTN_R_2-3+,1,60459.74528,60547.19488,87.44959999999992,60459.74528,60547.19488,87.44959999999992,4,7.3074502185062045,RankSurprise
microVoSTN_R_2-3+,1,61826.29376,61936.8448,110.55103999999847,61826.29376,61936.8448,110.55103999999847,3,3.8789698861318076,RankSurprise
microVoSTN_R_2-3+,1,67297.73056,68398.81728,1101.0867200000066,67297.73056,68398.81728,1101.0867200000066,7,3.9401885096279776,RankSurprise
microVoSTN_R_2-3+,1,72523.5712,72682.2912,158.72000000000116,72523.5712,72682.2912,158.72000000000116,5,8.155937813914885,RankSurprise
microVoSTN_R_2-3+,1,79233.31072,79284.46976,51.15904000001319,79233.31072,79284.46976,51.15904000001319,3,5.366144736737553,RankSurprise
microVoSTN_R_2-3+,1,86729.48224,87103.0784,373.59616000000096,86729.48224,87103.0784,373.59616000000096,6,7.093902588068431,RankSurprise
microVoSTN_R_2-3+,1,113931.264,118307.51232,4376.248319999999,113931.264,118307.51232,4376.248319999999,19,6.151931281344433,RankSurprise
microVoSTN_R_2-3+,1,121010.50368,122828.30848,1817.8048000000126,121010.50368,122828.30848,1817.8048000000126,10,5.229393277692301,RankSurprise
microVoSTN_R_2-3+,1,127660.48256,127966.0032,305.52064000000246,127660.48256,127966.0032,305.52064000000246,5,5.590242788426671,RankSurprise
microVoSTN_R_2-3+,1,139593.1136,143944.33536,4351.221759999986,139593.1136,143944.33536,4351.221759999986,17,4.205662048499672,RankSurprise
microVoSTN_R_2-3+,1,145573.84704,147421.63456,1847.7875200000126,145573.84704,147421.63456,1847.7875200000126,9,3.7448603872800597,RankSurprise
microVoSTN_R_2-3+,1,150587.96544,151371.81696,783.8515199999965,150587.96544,151371.81696,783.8515199999965,6,4.6420142455859725,RankSurprise
microVoSTN_R_2-3+,1,165509.85728,165576.62208,66.76480000000447,165509.85728,165576.62208,66.76480000000447,3,4.863506293206351,RankSurprise
microVoSTN_R_2-3+,1,169304.18688,170120.68352,816.4966399999976,169304.18688,170120.68352,816.4966399999976,6,4.174402917063211,RankSurprise
microVoSTN_R_2-3+,1,172013.73184,172251.09504,237.3631999999925,172013.73184,172251.09504,237.3631999999925,4,4.360443969882887,RankSurprise
microVoSTN_R_2-3+,1,174787.87072,174896.9472,109.0764799999888,174787.87072,174896.9472,109.0764799999888,3,3.8326712742574944,RankSurprise
microVoSTN_R_2-3+,1,192023.1424,192050.42176,27.2793599999859,192023.1424,192050.42176,27.2793599999859,3,6.72316871555733,RankSurprise
microVoSTN_R_2-3+,1,199750.61504,200071.33184,320.7167999999947,199750.61504,200071.33184,320.7167999999947,4,3.825835046215076,RankSurprise
microVoSTN_R_2-3+,1,236383.76448,236454.7072,70.94271999999182,236383.76448,236454.7072,70.94271999999182,3,4.759003455877753,RankSurprise
microVoSTN_R_2-3+,1,241128.98048,241141.02272,12.04224000000977,241128.98048,241141.02272,12.04224000000977,3,8.379701397575618,RankSurprise
microVoSTN_R_2-3+,1,258751.8976,259444.89984,693.0022400000016,258751.8976,259444.89984,693.0022400000016,6,4.4071120898614256,RankSurprise
microVoSTN_R_2-3+,1,267128.2176,267805.85984,677.6422400000156,267128.2176,267805.85984,677.6422400000156,5,3.6356403659432956,RankSurprise
microVoSTN_R_2-3+,1,286345.74848,286631.28064,285.5321600000025,286345.74848,286631.28064,285.5321600000025,4,4.16514664952836,RankSurprise
microVoSTN_R_2-3+,1,291776.75776,292069.33504,292.5772799999686,291776.75776,292069.33504,292.5772799999686,4,4.017575503424187,RankSurprise
microVoSTN_R_2-3+,1,346662.912,346707.84512,44.93312000000151,346662.912,346707.84512,44.93312000000151,3,5.595568890015969,RankSurprise
microVoSTN_R_2-3+,1,382572.78976,382866.6368,293.8470399999642,382572.78976,382866.6368,293.8470399999642,4,4.059872390959843,RankSurprise
microVoSTN_R_2-3+,1,416158.35136,416201.60512,43.253760000050534,416158.35136,416201.60512,43.253760000050534,3,5.595568890015969,RankSurprise
microVoSTN_R_2-3+,1,427330.47808,427417.27232,86.79424000001745,427330.47808,427417.27232,86.79424000001745,3,4.293891173150774,RankSurprise
microVoSTN_R_2-3+,1,467359.29344,467420.03712,60.74368000001414,467359.29344,467420.03712,60.74368000001414,3,5.056429949285889,RankSurprise
microVoSTN_R_2-3+,1,473146.90048,473235.33312,88.43264000001363,473146.90048,473235.33312,88.43264000001363,3,4.192745226944867,RankSurprise
microVoSTN_R_2-3+,1,506874.22464,506966.13888,91.9142400000128,506874.22464,506966.13888,91.9142400000128,3,4.30545199555185,RankSurprise
microVoSTN_R_2-3+,1,515801.25184,516567.61344,766.3616000000038,515801.25184,516567.61344,766.3616000000038,7,5.800630763880414,RankSurprise
microVoSTN_R_2-3+,1,519630.6432,519663.65696,33.01376000000164,519630.6432,519663.65696,33.01376000000164,3,6.2118907054456916,RankSurprise
microVoSTN_R_2-3+,1,537261.71136,537790.17728,528.4659199999878,537261.71136,537790.17728,528.4659199999878,5,4.077780833678098,RankSurprise
microVoSTN_R_2-3+,1,562568.06912,562698.52672,130.45759999996517,562568.06912,562698.52672,130.45759999996517,3,3.5996483203859935,RankSurprise
microVoSTN_R_2-3+,1,586618.01984,586713.98912,95.96928000007756,586618.01984,586713.98912,95.96928000007756,3,4.065380349236008,RankSurprise
microVoSTN_R_2-3+,1,620660.85888,620718.81728,57.95840000000317,620660.85888,620718.81728,57.95840000000317,3,5.039622830969508,RankSurprise
microVoSTN_R_2-3+,1,632436.57216,632717.63968,281.06752000004053,632436.57216,632717.63968,281.06752000004053,4,4.084312512250069,RankSurprise
microVoSTN_R_2-3+,2,2384.97792,2433.4336,48.45568000000003,2384.97792,2433.4336,48.45568000000003,4,6.648549852704612,RankSurprise
microVoSTN_R_2-3+,2,8002.19136,8050.44224,48.25088000000051,8002.19136,8050.44224,48.25088000000051,3,3.932369525519153,RankSurprise
microVoSTN_R_2-3+,2,10831.21664,11546.25536,715.0387199999986,10831.21664,11546.25536,715.0387199999986,10,3.7427215415878266,RankSurprise
microVoSTN_R_2-3+,2,12771.24608,13421.81376,650.5676799999983,12771.24608,13421.81376,650.5676799999983,11,5.229157897086533,RankSurprise
microVoSTN_R_2-3+,2,13997.09696,14113.25952,116.16255999999885,13997.09696,14113.25952,116.16255999999885,4,3.9474661870824725,RankSurprise
microVoSTN_R_2-3+,2,16083.1488,16356.63872,273.48992,16083.1488,16356.63872,273.48992,6,4.10031185306576,RankSurprise
microVoSTN_R_2-3+,2,17493.68832,18144.50176,650.8134399999981,17493.68832,18144.50176,650.8134399999981,15,11.351757572412033,RankSurprise
microVoSTN_R_2-3+,2,19312.64,19817.51296,504.8729600000006,19312.64,19817.51296,504.8729600000006,8,3.72136732914268,RankSurprise
microVoSTN_R_2-3+,2,29301.30944,29495.37792,194.0684799999981,29301.30944,29495.37792,194.0684799999981,5,3.951633238745199,RankSurprise
microVoSTN_R_2-3+,2,31927.5008,31960.84224,33.34144000000015,31927.5008,31960.84224,33.34144000000015,3,4.692818035243727,RankSurprise
microVoSTN_R_2-3+,2,35985.85856,36363.10016,377.2416000000012,35985.85856,36363.10016,377.2416000000012,7,4.048608294015881,RankSurprise
microVoSTN_R_2-3+,2,36906.22976,37013.38112,107.1513599999962,36906.22976,37013.38112,107.1513599999962,4,4.171579595294208,RankSurprise
microVoSTN_R_2-3+,2,38334.91456,38746.43968,411.5251200000057,38334.91456,38746.43968,411.5251200000057,9,6.134691219568047,RankSurprise
microVoSTN_R_2-3+,2,39210.3936,40430.3872,1219.9935999999943,39210.3936,40430.3872,1219.9935999999943,16,4.53372963132246,RankSurprise
microVoSTN_R_2-3+,2,40700.27264,41015.62368,315.3510399999941,40700.27264,41015.62368,315.3510399999941,11,12.24888017213318,RankSurprise
microVoSTN_R_2-3+,2,41478.79936,41525.98528,47.185920000003534,41478.79936,41525.98528,47.185920000003534,3,3.9709116862891722,RankSurprise
microVoSTN_R_2-3+,2,43841.86368,43882.86464,41.000959999997576,43841.86368,43882.86464,41.000959999997576,3,4.306031106344255,RankSurprise
microVoSTN_R_2-3+,2,45547.23328,45884.90752,337.6742400000003,45547.23328,45884.90752,337.6742400000003,7,4.550509806512764,RankSurprise
microVoSTN_R_2-3+,2,47264.44032,47315.27168,50.831359999996494,47264.44032,47315.27168,50.831359999996494,5,9.73358670520437,RankSurprise
microVoSTN_R_2-3+,2,47426.88768,47707.66848,280.78080000000045,47426.88768,47707.66848,280.78080000000045,6,3.9613599158040653,RankSurprise
microVoSTN_R_2-3+,2,48587.1616,49157.9392,570.7776000000013,48587.1616,49157.9392,570.7776000000013,16,15.05025963962206,RankSurprise
microVoSTN_R_2-3+,2,51798.75328,52446.69952,647.9462400000048,51798.75328,52446.69952,647.9462400000048,14,9.45194369510234,RankSurprise
microVoSTN_R_2-3+,2,53294.40768,53658.05056,363.6428800000067,53294.40768,53658.05056,363.6428800000067,7,3.9569198458762846,RankSurprise
microVoSTN_R_2-3+,2,53984.29696,54233.74336,249.44640000000072,53984.29696,54233.74336,249.44640000000072,7,6.2385061013289,RankSurprise
microVoSTN_R_2-3+,2,56205.14816,57402.368,1197.2198400000052,56205.14816,57402.368,1197.2198400000052,16,4.337215493835408,RankSurprise
microVoSTN_R_2-3+,2,58368.28672,59069.8496,701.562880000005,58368.28672,59069.8496,701.562880000005,13,7.000229888878273,RankSurprise
microVoSTN_R_2-3+,2,69443.33824,69463.4496,20.11136000000988,69443.33824,69463.4496,20.11136000000988,3,5.771097844734969,RankSurprise
microVoSTN_R_2-3+,2,70534.43072,70560.52224,26.091520000001765,70534.43072,70560.52224,26.091520000001765,3,5.3037246063415235,RankSurprise
microVoSTN_R_2-3+,2,71816.68352,71902.94528,86.26175999999396,71816.68352,71902.94528,86.26175999999396,4,4.869787659336783,RankSurprise
microVoSTN_R_2-3+,2,74668.6464,75027.21024,358.56384000000253,74668.6464,75027.21024,358.56384000000253,7,4.405971632127371,RankSurprise
microVoSTN_R_2-3+,2,79358.48448,79412.30592,53.82143999999971,79358.48448,79412.30592,53.82143999999971,3,3.688790946499765,RankSurprise
microVoSTN_R_2-3+,2,81975.17312,82308.34176,333.16863999998895,81975.17312,82308.34176,333.16863999998895,8,6.103987102232526,RankSurprise
microVoSTN_R_2-3+,2,84235.30496,84256.3584,21.05344000000332,84235.30496,84256.3584,21.05344000000332,3,5.664583196149,RankSurprise
microVoSTN_R_2-3+,2,91388.19072,91776.86016,388.66943999999785,91388.19072,91776.86016,388.66943999999785,8,5.099500018570087,RankSurprise
microVoSTN_R_2-3+,2,99255.25504,99291.17696,35.921919999993406,99255.25504,99291.17696,35.921919999993406,3,4.535648934646739,RankSurprise
microVoSTN_R_2-3+,2,101700.1984,101913.27232,213.07392000000982,101700.1984,101913.27232,213.07392000000982,6,5.327056584655239,RankSurprise
microVoSTN_R_2-3+,2,108772.1472,109167.12448,394.9772799999919,108772.1472,109167.12448,394.9772799999919,8,5.011251456485495,RankSurprise
microVoSTN_R_2-3+,2,110600.11008,110818.42688,218.3168000000005,110600.11008,110818.42688,218.3168000000005,5,3.551798424078658,RankSurprise
microVoSTN_R_2-3+,2,114666.45504,116005.23264,1338.7776000000013,114666.45504,116005.23264,1338.7776000000013,22,10.365814777523374,RankSurprise
microVoSTN_R_2-3+,2,120270.47936,120767.0784,496.59904000000097,120270.47936,120767.0784,496.59904000000097,8,4.114785747322224,RankSurprise
microVoSTN_R_2-3+,2,124061.9008,124117.15584,55.255040000003646,124061.9008,124117.15584,55.255040000003646,3,3.6434429255763607,RankSurprise
microVoSTN_R_2-3+,2,132686.97088,132731.57632,44.60543999998481,132686.97088,132731.57632,44.60543999998481,3,4.0358891849253755,RankSurprise
microVoSTN_R_2-3+,2,138008.65792,138064.81408,56.15616000001319,138008.65792,138064.81408,56.15616000001319,3,3.599100370677343,RankSurprise
microVoSTN_R_2-3+,2,139797.66784,139965.31712,167.64927999998326,139797.66784,139965.31712,167.64927999998326,5,4.584753932416387,RankSurprise
microVoSTN_R_2-3+,2,141266.49344,141914.76736,648.2739200000069,141266.49344,141914.76736,648.2739200000069,10,4.027384391021546,RankSurprise
microVoSTN_R_2-3+,2,143521.66912,143572.13184,50.462719999981346,143521.66912,143572.13184,50.462719999981346,3,3.792839215173709,RankSurprise
microVoSTN_R_2-3+,2,145082.32704,145110.17984,27.852799999993294,145082.32704,145110.17984,27.852799999993294,3,5.172787581821263,RankSurprise
microVoSTN_R_2-3+,2,147832.66816,147878.7072,46.0390400000033,147832.66816,147878.7072,46.0390400000033,3,4.027293178743106,RankSurprise
microVoSTN_R_2-3+,2,148381.98272,148654.73536,272.7526399999915,148381.98272,148654.73536,272.7526399999915,7,6.014759384974006,RankSurprise
microVoSTN_R_2-3+,2,152812.1344,152840.68352,28.549119999981485,152812.1344,152840.68352,28.549119999981485,3,5.1276728161124865,RankSurprise
microVoSTN_R_2-3+,2,154617.93792,155211.32544,593.3875199999893,154617.93792,155211.32544,593.3875199999893,9,4.272935728807153,RankSurprise
microVoSTN_R_2-3+,2,158313.71776,158427.46368,113.74591999998665,158313.71776,158427.46368,113.74591999998665,4,4.0129599857374245,RankSurprise
microVoSTN_R_2-3+,2,158969.11872,159193.25184,224.13312000001315,158969.11872,159193.25184,224.13312000001315,6,5.03792489877533,RankSurprise
microVoSTN_R_2-3+,2,162941.66528,163124.67456,183.0092800000275,162941.66528,163124.67456,183.0092800000275,7,8.239312683614514,RankSurprise
microVoSTN_R_2-3+,2,164220.96896,164344.66816,123.69920000000275,164220.96896,164344.66816,123.69920000000275,4,3.7035070891590536,RankSurprise
microVoSTN_R_2-3+,2,164580.1472,164943.95392,363.8067199999932,164580.1472,164943.95392,363.8067199999932,11,10.985386859377924,RankSurprise
microVoSTN_R_2-3+,2,167473.152,168433.664,960.5119999999879,167473.152,168433.664,960.5119999999879,13,4.122309439042761,RankSurprise
microVoSTN_R_2-3+,2,169399.78752,169496.24832,96.46080000000075,169399.78752,169496.24832,96.46080000000075,4,4.494430992366013,RankSurprise
microVoSTN_R_2-3+,2,172513.64864,172578.6112,64.96256000001449,172513.64864,172578.6112,64.96256000001449,4,5.784481198188669,RankSurprise
microVoSTN_R_2-3+,2,173055.67232,173067.01824,11.345919999992475,173055.67232,173067.01824,11.345919999992475,3,7.223437308040891,RankSurprise
microVoSTN_R_2-3+,2,182321.72544,182371.36896,49.643519999983255,182321.72544,182371.36896,49.643519999983255,4,6.624126349976109,RankSurprise
microVoSTN_R_2-3+,2,182681.10848,182961.68448,280.57600000000093,182681.10848,182961.68448,280.57600000000093,6,3.995722198707917,RankSurprise
microVoSTN_R_2-3+,2,184236.76928,184700.43648,463.6671999999962,184236.76928,184700.43648,463.6671999999962,8,4.3832779594882805,RankSurprise
microVoSTN_R_2-3+,2,192805.4784,193369.33376,563.8553600000159,192805.4784,193369.33376,563.8553600000159,10,5.189898893106836,RankSurprise
microVoSTN_R_2-3+,2,196244.0704,196337.41824,93.34784000000218,196244.0704,196337.41824,93.34784000000218,4,4.577292465426066,RankSurprise
microVoSTN_R_2-3+,2,199147.76576,199264.29696,116.53119999999763,199147.76576,199264.29696,116.53119999999763,4,3.9342064942897323,RankSurprise
microVoSTN_R_2-3+,2,212575.39584,212736.24576,160.84991999997874,212575.39584,212736.24576,160.84991999997874,6,6.73449506444225,RankSurprise
microVoSTN_R_2-3+,2,215163.61728,215272.61184,108.9945599999919,215163.61728,215272.61184,108.9945599999919,6,8.84720796316546,RankSurprise
microVoSTN_R_2-3+,2,217692.48768,217746.88256,54.394880000007106,217692.48768,217746.88256,54.394880000007106,3,3.6410844339170687,RankSurprise
microVoSTN_R_2-3+,2,221508.64896,221626.73664,118.08767999999691,221508.64896,221626.73664,118.08767999999691,4,3.921005150192439,RankSurprise
microVoSTN_R_2-3+,2,222562.79552,222759.69024,196.89471999998204,222562.79552,222759.69024,196.89471999998204,5,3.9216167806816777,RankSurprise
microVoSTN_R_2-3+,2,223170.1504,223890.2272,720.0767999999807,223170.1504,223890.2272,720.0767999999807,14,8.512135686252302,RankSurprise
microVoSTN_R_2-3+,2,224817.68448,224851.88608,34.201600000000326,224817.68448,224851.88608,34.201600000000326,3,4.669031804850654,RankSurprise
microVoSTN_R_2-3+,2,226243.01056,226470.66624,227.6556799999962,226243.01056,226470.66624,227.6556799999962,7,6.836510968017016,RankSurprise
microVoSTN_R_2-3+,2,228611.31776,228743.08608,131.76832000000286,228611.31776,228743.08608,131.76832000000286,4,3.5863750747387257,RankSurprise
microVoSTN_R_2-3+,2,235283.0464,236167.90528,884.8588800000143,235283.0464,236167.90528,884.8588800000143,14,5.8743671873454,RankSurprise
microVoSTN_R_2-3+,2,239455.51872,240017.08032,561.5616000000155,239455.51872,240017.08032,561.5616000000155,9,4.322425508160782,RankSurprise
microVoSTN_R_2-3+,2,243123.52768,243251.44576,127.9180800000031,243123.52768,243251.44576,127.9180800000031,4,3.632381425359725,RankSurprise
microVoSTN_R_2-3+,2,245172.0192,245851.9552,679.935999999987,245172.0192,245851.9552,679.935999999987,12,6.227403409398104,RankSurprise
microVoSTN_R_2-3+,2,247250.45248,247274.86464,24.412160000007134,247250.45248,247274.86464,24.412160000007134,3,5.449652151480981,RankSurprise
microVoSTN_R_2-3+,2,251448.07424,251616.95232,168.87808000002406,251448.07424,251616.95232,168.87808000002406,6,6.533413836133732,RankSurprise
microVoSTN_R_2-3+,2,252511.6416,252569.76384,58.122239999996964,252511.6416,252569.76384,58.122239999996964,3,3.5265711532464987,RankSurprise
microVoSTN_R_2-3+,2,253283.49184,253804.1344,520.6425600000075,253283.49184,253804.1344,520.6425600000075,10,5.786683311697659,RankSurprise
microVoSTN_R_2-3+,2,256182.14912,256384.65536,202.506240000017,256182.14912,256384.65536,202.506240000017,5,3.807543030823272,RankSurprise
microVoSTN_R_2-3+,2,258054.5536,258094.4896,39.93599999998696,258054.5536,258094.4896,39.93599999998696,3,4.3559505376599486,RankSurprise
microVoSTN_R_2-3+,2,264510.21824,264535.28576,25.067519999982323,264510.21824,264535.28576,25.067519999982323,3,5.358597836081886,RankSurprise
microVoSTN_R_2-3+,2,268744.21248,269047.6032,303.3907200000249,268744.21248,269047.6032,303.3907200000249,6,3.590735726891925,RankSurprise
microVoSTN_R_2-3+,2,276110.336,276310.6304,200.2944000000134,276110.336,276310.6304,200.2944000000134,5,3.8596900398741205,RankSurprise
microVoSTN_R_2-3+,2,277980.7744,278221.49632,240.72191999998176,277980.7744,278221.49632,240.72191999998176,6,4.678037664347332,RankSurprise
microVoSTN_R_2-3+,2,285370.12224,285743.9232,373.8009600000223,285370.12224,285743.9232,373.8009600000223,7,4.325261044315273,RankSurprise
microVoSTN_R_2-3+,2,301132.1856,301727.29344,595.1078399999533,301132.1856,301727.29344,595.1078399999533,12,7.488694435013377,RankSurprise
microVoSTN_R_2-3+,2,302005.12512,302378.27072,373.1455999999889,302005.12512,302378.27072,373.1455999999889,7,3.8920200405618877,RankSurprise
microVoSTN_R_2-3+,2,302775.54176,303930.5728,1155.0310400000308,302775.54176,303930.5728,1155.0310400000308,15,4.339661060251138,RankSurprise
microVoSTN_R_2-3+,2,304451.66592,305088.75776,637.0918400000082,304451.66592,305088.75776,637.0918400000082,10,4.031467081522027,RankSurprise
microVoSTN_R_2-3+,2,307874.4064,308624.62976,750.2233600000036,307874.4064,308624.62976,750.2233600000036,15,9.876362968250861,RankSurprise
microVoSTN_R_2-3+,2,315552.68608,315691.74528,139.05919999995967,315552.68608,315691.74528,139.05919999995967,5,5.3465526916212625,RankSurprise
microVoSTN_R_2-3+,2,319857.58208,320202.79296,345.2108799999696,319857.58208,320202.79296,345.2108799999696,7,4.284820728169251,RankSurprise
microVoSTN_R_2-3+,2,323166.24896,323379.4048,213.15584000002127,323166.24896,323379.4048,213.15584000002127,5,3.5553560885048334,RankSurprise
microVoSTN_R_2-3+,2,337832.42752,337952.48128,120.05375999998068,337832.42752,337952.48128,120.05375999998068,4,3.8478109386808157,RankSurprise
microVoSTN_R_2-3+,2,338822.5536,339103.29344,280.73983999999473,338822.5536,339103.29344,280.73983999999473,6,4.234908159589009,RankSurprise
microVoSTN_R_2-3+,2,358800.83456,359579.8528,779.0182400000049,358800.83456,359579.8528,779.0182400000049,17,12.313549636413189,RankSurprise
microVoSTN_R_2-3+,2,360186.59328,360243.56864,56.97536000004038,360186.59328,360243.56864,56.97536000004038,3,3.5399715425638103,RankSurprise
microVoSTN_R_2-3+,2,393878.07744,393929.03168,50.95423999999184,393878.07744,393929.03168,50.95423999999184,3,3.823589353077244,RankSurprise
microVoSTN_R_2-3+,2,394005.99552,394013.45024,7.454719999979716,394005.99552,394013.45024,7.454719999979716,3,8.479802802197678,RankSurprise
microVoSTN_R_2-3+,2,394271.70304,394528.19456,256.4915199999814,394271.70304,394528.19456,256.4915199999814,7,6.112839987482628,RankSurprise
microVoSTN_R_2-3+,2,401494.79424,401539.80928,45.015039999969304,401494.79424,401539.80928,45.015039999969304,3,4.097118489104824,RankSurprise
microVoSTN_R_2-3+,2,406034.30912,406430.88384,396.57472000003327,406034.30912,406430.88384,396.57472000003327,7,3.8658980633278,RankSurprise
microVoSTN_R_2-3+,2,413074.0224,413155.5328,81.5103999999701,413074.0224,413155.5328,81.5103999999701,4,5.0203403422601625,RankSurprise
microVoSTN_R_2-3+,2,420037.26336,420153.91744,116.65408000000753,420037.26336,420153.91744,116.65408000000753,4,3.960784746652955,RankSurprise
microVoSTN_R_2-3+,2,435526.69696,435595.264,68.56704000005266,435526.69696,435595.264,68.56704000005266,4,5.5687308061100325,RankSurprise
microVoSTN_R_2-3+,2,449650.72896,449664.8192,14.090240000048652,449650.72896,449664.8192,14.090240000048652,3,6.703602345569912,RankSurprise
microVoSTN_R_2-3+,2,451787.53024,452001.01376,213.48352000000887,451787.53024,452001.01376,213.48352000000887,5,3.6054985205844012,RankSurprise
microVoSTN_R_2-3+,2,491077.59104,491417.88672,340.2956799999811,491077.59104,491417.88672,340.2956799999811,8,6.011357806114095,RankSurprise
microVoSTN_R_2-3+,2,501969.79712,502509.89568,540.0985600000131,501969.79712,502509.89568,540.0985600000131,14,12.194885498942822,RankSurprise
microVoSTN_R_2-3+,2,505036.63616,505071.69792,35.06176000001142,505036.63616,505071.69792,35.06176000001142,3,4.591727423772696,RankSurprise
microVoSTN_R_2-3+,2,513189.15072,513540.54656,351.39584000001196,513189.15072,513540.54656,351.39584000001196,8,5.789101170810583,RankSurprise
microVoSTN_R_2-3+,2,514078.67904,514759.8848,681.2057599999825,514078.67904,514759.8848,681.2057599999825,11,4.584766078563172,RankSurprise
microVoSTN_R_2-3+,2,516618.60864,517345.23904,726.6304000000237,516618.60864,517345.23904,726.6304000000237,18,15.152209263214122,RankSurprise
microVoSTN_R_2-3+,2,517705.40032,518507.02848,801.6281599999638,517705.40032,518507.02848,801.6281599999638,13,5.893209237328063,RankSurprise
microVoSTN_R_2-3+,2,519866.12224,519906.63168,40.509439999994356,519866.12224,519906.63168,40.509439999994356,3,4.296195014336398,RankSurprise
microVoSTN_R_2-3+,2,545170.30912,545227.1616,56.85248000000138,545170.30912,545227.1616,56.85248000000138,3,3.5738706700130205,RankSurprise
microVoSTN_R_2-3+,2,560845.0048,561017.856,172.8512000000337,560845.0048,561017.856,172.8512000000337,5,4.534429203050614,RankSurprise
microVoSTN_R_2-3+,2,563219.29216,563297.56672,78.27456000004895,563219.29216,563297.56672,78.27456000004895,4,5.203996291195573,RankSurprise
microVoSTN_R_2-3+,2,564500.64384,564790.23104,289.5871999999508,564500.64384,564790.23104,289.5871999999508,6,3.7668484089196523,RankSurprise
microVoSTN_R_2-3+,2,586043.02336,586217.14432,174.1209599999711,586043.02336,586217.14432,174.1209599999711,5,4.39445584250997,RankSurprise
microVoSTN_R_2-3+,2,596959.35488,597002.93632,43.58143999997992,596959.35488,597002.93632,43.58143999997992,3,4.151135306210392,RankSurprise
microVoSTN_R_2-3+,2,614371.1232,614489.21088,118.08767999999691,614371.1232,614489.21088,118.08767999999691,4,3.8429942388403298,RankSurprise
microVoSTN_R_2-3+,2,615029.30944,615330.52928,301.2198400000343,615029.30944,615330.52928,301.2198400000343,6,3.612906796425449,RankSurprise
microVoSTN_R_2-3+,2,626217.32864,626257.59232,40.26368000009097,626217.32864,626257.59232,40.26368000009097,3,4.2637530813476605,RankSurprise
microVoSTN_R_2-3+,2,634878.60736,635057.68448,179.07712000003085,634878.60736,635057.68448,179.07712000003085,6,6.205700699691079,RankSurprise
microVoSTN_R_2-3+,2,637159.75168,637280.6656,120.91391999996267,637159.75168,637280.6656,120.91391999996267,4,3.8142553228431098,RankSurprise
microVoSTN_R_4-5+,1,125843.57888,126081.59744,238.0185599999968,125843.57888,126081.59744,238.0185599999968,3,3.8958341109971872,RankSurprise
microVoSTN_R_4-5+,1,129523.05664,130240.63488,717.5782400000026,129523.05664,130240.63488,717.5782400000026,5,5.200936852738586,RankSurprise
microVoSTN_R_4-5+,1,154979.36896,155267.19488,287.82592000000295,154979.36896,155267.19488,287.82592000000295,4,5.870401895555725,RankSurprise
microVoSTN_R_4-5+,1,195331.11296,198837.37088,3506.2579200000037,195331.11296,198837.37088,3506.2579200000037,12,7.639596577117347,RankSurprise
microVoSTN_R_4-5+,1,211200.28672,211391.20128,190.9145600000047,211200.28672,211391.20128,190.9145600000047,3,4.357889999394269,RankSurprise
microVoSTN_R_4-5+,1,233709.40416,233873.48992,164.0857599999872,233709.40416,233873.48992,164.0857599999872,3,4.597706504448002,RankSurprise
microVoSTN_R_4-5+,1,255707.87328,256226.01728,518.1440000000002,255707.87328,256226.01728,518.1440000000002,4,4.436686532363183,RankSurprise
microVoSTN_R_4-5+,1,267041.1776,268193.9968,1152.8192000000272,267041.1776,268193.9968,1152.8192000000272,5,4.133519832803572,RankSurprise
microVoSTN_R_4-5+,1,285523.02592,286592.28672,1069.260799999989,285523.02592,286592.28672,1069.260799999989,5,3.8842719334557003,RankSurprise
microVoSTN_R_4-5+,1,314041.58976,314196.82816,155.2383999999729,314041.58976,314196.82816,155.2383999999729,3,4.729338649252053,RankSurprise
microVoSTN_R_4-5+,1,332799.01696,333951.26272,1152.2457600000198,332799.01696,333951.26272,1152.2457600000198,6,5.211893887667696,RankSurprise
microVoSTN_R_4-5+,1,339748.41344,343039.01696,3290.603520000004,339748.41344,343039.01696,3290.603520000004,9,4.331345677727321,RankSurprise
microVoSTN_R_4-5+,1,359695.64672,360863.21152,1167.5647999999928,359695.64672,360863.21152,1167.5647999999928,5,3.625307455913056,RankSurprise
microVoSTN_R_4-5+,1,372165.05856,372386.69312,221.63456000003498,372165.05856,372386.69312,221.63456000003498,3,4.044743296233607,RankSurprise
microVoSTN_R_4-5+,1,408306.97472,408976.5888,669.6140800000285,408306.97472,408976.5888,669.6140800000285,4,3.636513939242768,RankSurprise
microVoSTN_R_4-5+,1,412826.13248,413348.33152,522.1990400000359,412826.13248,413348.33152,522.1990400000359,4,4.346356013490158,RankSurprise
microVoSTN_R_4-5+,1,437836.67712,441472.69632,3636.0191999999806,437836.67712,441472.69632,3636.0191999999806,9,3.657851195988384,RankSurprise
microVoSTN_R_4-5+,1,460035.2768,460138.04544,102.76864000002388,460035.2768,460138.04544,102.76864000002388,3,5.402327551471066,RankSurprise
microVoSTN_R_4-5+,1,501095.46496,502100.00896,1004.5439999999944,501095.46496,502100.00896,1004.5439999999944,5,4.198336500011237,RankSurprise
microVoSTN_R_4-5+,1,522777.3952,523141.40672,364.01152,522777.3952,523141.40672,364.01152,4,5.277992103269298,RankSurprise
microVoSTN_R_4-5+,1,527028.10112,527273.73824,245.6371199999703,527028.10112,527273.73824,245.6371199999703,3,3.7740550660274206,RankSurprise
microVoSTN_R_4-5+,1,542371.38944,546278.6048,3907.2153599999147,542371.38944,546278.6048,3907.2153599999147,10,3.5588614675379775,RankSurprise
microVoSTN_R_4-5+,1,608959.03744,611681.60768,2722.57024000003,608959.03744,611681.60768,2722.57024000003,8,3.868446543095001,RankSurprise
microVoSTN_R_4-5+,1,623833.2928,627161.00608,3327.713279999909,623833.2928,627161.00608,3327.713279999909,9,3.8863276856494755,RankSurprise
microVoSTN_R_4-5+,2,5657.76384,5772.98432,115.22047999999995,5657.76384,5772.98432,115.22047999999995,3,3.909686254978631,RankSurprise
microVoSTN_R_4-5+,2,13641.19552,15257.84576,1616.6502400000008,13641.19552,15257.84576,1616.6502400000008,10,4.5655842828430115,RankSurprise
microVoSTN_R_4-5+,2,16691.8144,19265.7408,2573.9264000000003,16691.8144,19265.7408,2573.9264000000003,15,6.639099235859976,RankSurprise
microVoSTN_R_4-5+,2,40834.74432,42088.07936,1253.3350400000054,40834.74432,42088.07936,1253.3350400000054,9,4.711523864980607,RankSurprise
microVoSTN_R_4-5+,2,50865.72544,51785.9328,920.2073600000003,50865.72544,51785.9328,920.2073600000003,7,4.10887290911408,RankSurprise
microVoSTN_R_4-5+,2,81220.93568,81584.98816,364.05247999999847,81220.93568,81584.98816,364.05247999999847,5,4.940534147492681,RankSurprise
microVoSTN_R_4-5+,2,135479.99232,135709.2864,229.2940800000215,135479.99232,135709.2864,229.2940800000215,5,6.811347255021669,RankSurprise
microVoSTN_R_4-5+,2,140792.38144,140855.17312,62.79167999999481,140792.38144,140855.17312,62.79167999999481,3,5.292097116072124,RankSurprise
microVoSTN_R_4-5+,2,151463.97696,151571.08736,107.11040000000503,151463.97696,151571.08736,107.11040000000503,3,4.089033154851553,RankSurprise
microVoSTN_R_4-5+,2,162282.65984,162361.42592,78.76608000000124,162282.65984,162361.42592,78.76608000000124,3,4.738242632380079,RankSurprise
microVoSTN_R_4-5+,2,175867.24864,175905.42336,38.17471999998088,175867.24864,175905.42336,38.17471999998088,3,6.083684369445322,RankSurprise
microVoSTN_R_4-5+,2,187418.66496,187464.9088,46.243840000010096,187418.66496,187464.9088,46.243840000010096,3,5.864880614382194,RankSurprise
microVoSTN_R_4-5+,2,205429.67808,205622.272,192.5939199999848,205429.67808,205622.272,192.5939199999848,4,5.004455324554332,RankSurprise
microVoSTN_R_4-5+,2,222673.01888,222815.4368,142.41792000000714,222673.01888,222815.4368,142.41792000000714,4,6.01934901066037,RankSurprise
microVoSTN_R_4-5+,2,249967.53408,250687.6928,720.1587199999776,249967.53408,250687.6928,720.1587199999776,6,3.9129828081585036,RankSurprise
microVoSTN_R_4-5+,2,251694.36672,251772.43648,78.06976000001305,251694.36672,251772.43648,78.06976000001305,3,4.810323155722452,RankSurprise
microVoSTN_R_4-5+,2,277929.94304,278198.14912,268.20608000003267,277929.94304,278198.14912,268.20608000003267,4,4.0274264341826935,RankSurprise
microVoSTN_R_4-5+,2,289815.3472,290824.88832,1009.541120000009,289815.3472,290824.88832,1009.541120000009,8,4.852374527335849,RankSurprise
microVoSTN_R_4-5+,2,300271.49312,300428.12416,156.6310400000075,300271.49312,300428.12416,156.6310400000075,4,5.7888194417024295,RankSurprise
microVoSTN_R_4-5+,2,309205.8112,309349.9904,144.17920000001322,309205.8112,309349.9904,144.17920000001322,4,5.9157273535735335,RankSurprise
microVoSTN_R_4-5+,2,314752.6144,315538.2272,785.6128000000026,314752.6144,315538.2272,785.6128000000026,7,4.738672503558217,RankSurprise
microVoSTN_R_4-5+,2,325276.0576,325550.36672,274.3091199999908,325276.0576,325550.36672,274.3091199999908,4,3.988210119672832,RankSurprise
microVoSTN_R_4-5+,2,328002.23232,328102.7072,100.4748799999943,328002.23232,328102.7072,100.4748799999943,3,4.2030997009633815,RankSurprise
microVoSTN_R_4-5+,2,332090.94144,332165.9392,74.99775999999838,332090.94144,332165.9392,74.99775999999838,3,4.798127882628634,RankSurprise
microVoSTN_R_4-5+,2,338758.94272,338871.0912,112.14848000003258,338758.94272,338871.0912,112.14848000003258,3,3.909686254978631,RankSurprise
microVoSTN_R_4-5+,2,341176.23808,341306.28608,130.04800000000978,341176.23808,341306.28608,130.04800000000978,3,3.7095186485489684,RankSurprise
microVoSTN_R_4-5+,2,343523.49184,343556.01408,32.52224000002025,343523.49184,343556.01408,32.52224000002025,3,6.7987213579580015,RankSurprise
microVoSTN_R_4-5+,2,346020.16768,347484.3648,1464.197119999968,346020.16768,347484.3648,1464.197119999968,10,5.130998863955731,RankSurprise
microVoSTN_R_4-5+,2,372708.59776,375076.33152,2367.733760000032,372708.59776,375076.33152,2367.733760000032,14,5.8774347201556045,RankSurprise
microVoSTN_R_4-5+,2,379772.84608,380304.30208,531.4560000000056,379772.84608,380304.30208,531.4560000000056,6,5.193892756126843,RankSurprise
microVoSTN_R_4-5+,2,415143.40352,415406.53056,263.1270399999921,415143.40352,415406.53056,263.1270399999921,4,4.112503185728389,RankSurprise
microVoSTN_R_4-5+,2,427193.09824,428382.69952,1189.6012800000026,427193.09824,428382.69952,1189.6012800000026,9,5.895123178418443,RankSurprise
microVoSTN_R_4-5+,2,439990.10816,440862.02368,871.9155199999805,439990.10816,440862.02368,871.9155199999805,6,3.536642623897858,RankSurprise
microVoSTN_R_4-5+,2,446803.23072,447414.0672,610.8364799999981,446803.23072,447414.0672,610.8364799999981,6,4.484604444165182,RankSurprise
microVoSTN_R_4-5+,2,453029.56032,453779.57888,750.0185599999968,453029.56032,453779.57888,750.0185599999968,6,3.5216232333526767,RankSurprise
microVoSTN_R_4-5+,2,465981.15328,466618.94144,637.7881599999964,465981.15328,466618.94144,637.7881599999964,6,4.3540837477371035,RankSurprise
microVoSTN_R_4-5+,2,468807.10656,468837.49888,30.392320000042673,468807.10656,468837.49888,30.392320000042673,3,6.701921974602209,RankSurprise
microVoSTN_R_4-5+,2,474716.3648,474926.16192,209.7971200000029,474716.3648,474926.16192,209.7971200000029,5,7.227202188326725,RankSurprise
microVoSTN_R_4-5+,2,489079.72608,489201.0496,121.32352000003448,489079.72608,489201.0496,121.32352000003448,3,3.803399004475338,RankSurprise
microVoSTN_R_4-5+,2,496163.4304,496282.05056,118.6201599999913,496163.4304,496282.05056,118.6201599999913,3,3.840713649585492,RankSurprise
microVoSTN_R_4-5+,2,499423.8464,499847.86432,424.01792000001296,499423.8464,499847.86432,424.01792000001296,6,6.597148873438698,RankSurprise
microVoSTN_R_4-5+,2,504377.344,505094.9632,717.6192000000156,504377.344,505094.9632,717.6192000000156,7,5.426073390864533,RankSurprise
microVoSTN_R_4-5+,2,532354.58048,534061.71136,1707.1308799999533,532354.58048,534061.71136,1707.1308799999533,11,4.8349566233342545,RankSurprise
microVoSTN_R_4-5+,2,534792.11008,535652.47488,860.3647999999812,534792.11008,535652.47488,860.3647999999812,7,4.933873772747107,RankSurprise
microVoSTN_R_4-5+,2,565211.91424,565358.05952,146.1452800000552,565211.91424,565358.05952,146.1452800000552,4,5.934303383021174,RankSurprise
microVoSTN_R_4-5+,2,567046.144,567310.99136,264.8473600000143,567046.144,567310.99136,264.8473600000143,4,4.062166339858081,RankSurprise
microVoSTN_R_4-5+,2,591489.76128,591512.24832,22.48704000003636,591489.76128,591512.24832,22.48704000003636,3,7.413087660664832,RankSurprise
microVoSTN_R_4-5+,2,601935.21664,602298.28608,363.069439999992,601935.21664,602298.28608,363.069439999992,5,5.013975760573402,RankSurprise
microVoSTN_R_4-5+,2,603436.48256,603538.432,101.94943999999668,603436.48256,603538.432,101.94943999999668,3,4.140872151844732,RankSurprise
microVoSTN_R_4-5+,2,610691.52256,610925.1584,233.63584000000264,610691.52256,610925.1584,233.63584000000264,4,4.508026374984457,RankSurprise
microVoSTN_R_4-5+,2,613251.23584,613498.0608,246.8249599999981,613251.23584,613498.0608,246.8249599999981,4,4.295646726993958,RankSurprise
microVoSTN_R_4-5+,2,633048.22784,633106.39104,58.16320000006817,633048.22784,633106.39104,58.16320000006817,3,5.292097116072124,RankSurprise
microVoSTN_R_4-5+,2,634133.58592,635303.77216,1170.1862400000682,634133.58592,635303.77216,1170.1862400000682,9,5.5820848068497,RankSurprise
microVoSTN_R_4-5+,4,20741.98016,21629.82912,887.8489599999994,20741.98016,21629.82912,887.8489599999994,6,5.292551685017159,RankSurprise
microVoSTN_R_4-5+,4,46510.2848,48026.29632,1516.01152,46510.2848,48026.29632,1516.01152,10,9.197850063785074,RankSurprise
microVoSTN_R_4-5+,4,57420.96384,58253.35296,832.3891199999998,57420.96384,58253.35296,832.3891199999998,5,4.028235381616721,RankSurprise
microVoSTN_R_4-5+,4,69809.68448,70016.45056,206.76608000000124,69809.68448,70016.45056,206.76608000000124,3,3.7471648422380586,RankSurprise
microVoSTN_R_4-5+,4,234543.39072,234728.07936,184.68864000000758,234543.39072,234728.07936,184.68864000000758,3,3.99915607447692,RankSurprise
microVoSTN_R_4-5+,4,259622.01088,261025.3824,1403.3715200000152,259622.01088,261025.3824,1403.3715200000152,7,4.92069647879995,RankSurprise
microVoSTN_R_4-5+,4,294101.93408,294321.52064,219.5865600000252,294101.93408,294321.52064,219.5865600000252,3,3.649880328130015,RankSurprise
microVoSTN_R_4-5+,4,334030.31552,334496.27648,465.9609599999967,334030.31552,334496.27648,465.9609599999967,4,3.9161991765885773,RankSurprise
microVoSTN_R_4-5+,4,348382.208,348560.384,178.17600000003586,348382.208,348560.384,178.17600000003586,3,4.042015404168451,RankSurprise
microVoSTN_R_4-5+,4,370919.6288,371737.10848,817.4796799999895,370919.6288,371737.10848,817.4796799999895,6,5.665396964668972,RankSurprise
microVoSTN_R_4-5+,4,402608.25088,403344.42496,736.174079999968,402608.25088,403344.42496,736.174079999968,5,4.319779179469169,RankSurprise
microVoSTN_R_4-5+,4,426690.7648,426744.38144,53.61664000002202,426690.7648,426744.38144,53.61664000002202,3,6.358353272844525,RankSurprise
microVoSTN_R_4-5+,4,444725.0432,445461.7088,736.6656000000075,444725.0432,445461.7088,736.6656000000075,5,4.481418014777059,RankSurprise
microVoSTN_R_4-5+,4,449246.78144,449780.65408,533.872640000016,449246.78144,449780.65408,533.872640000016,4,3.7479299757323155,RankSurprise
microVoSTN_R_4-5+,4,453167.34976,454306.28352,1138.9337599999853,453167.34976,454306.28352,1138.9337599999853,6,4.491947487725269,RankSurprise
microVoSTN_R_4-5+,4,465439.17056,466423.31648,984.1459199999808,465439.17056,466423.31648,984.1459199999808,5,3.6272627488290787,RankSurprise
microVoSTN_R_4-5+,4,470798.5408,471814.38976,1015.8489599999739,470798.5408,471814.38976,1015.8489599999739,6,4.62115115390836,RankSurprise
microVoSTN_R_4-5+,4,495403.08992,495434.21952,31.129599999985658,495403.08992,495434.21952,31.129599999985658,3,7.3498096184305375,RankSurprise
microVoSTN_R_4-5+,4,517540.61824,518941.0816,1400.4633599999943,517540.61824,518941.0816,1400.4633599999943,6,4.047045949238567,RankSurprise
microVoSTN_R_4-5+,4,521559.73632,522186.17856,626.4422399999457,521559.73632,522186.17856,626.4422399999457,5,4.883332569615185,RankSurprise
microVoSTN_R_4-5+,4,530277.66272,530423.07072,145.4079999999376,530277.66272,530423.07072,145.4079999999376,3,4.303931432126349,RankSurprise
microVoSTN_R_4-5+,4,533966.31552,534409.09312,442.77760000003036,533966.31552,534409.09312,442.77760000003036,4,4.265432210727933,RankSurprise
microVoSTN_R_4-5+,4,543724.21632,543787.33568,63.11936000001151,543724.21632,543787.33568,63.11936000001151,3,5.871058146488727,RankSurprise
microVoSTN_R_4-5+,4,547666.20672,547695.77984,29.57311999995727,547666.20672,547695.77984,29.57311999995727,3,7.426770659566666,RankSurprise
microVoSTN_R_4-5+,4,549318.94272,549930.02496,611.0822399999015,549318.94272,549930.02496,611.0822399999015,5,5.358096177714703,RankSurprise
microVoSTN_R_4-5+,4,553884.63104,554312.21248,427.5814399999799,553884.63104,554312.21248,427.5814399999799,4,4.210384451469697,RankSurprise
microVoSTN_R_4-5+,4,601422.52032,601640.71424,218.1939199999906,601422.52032,601640.71424,218.1939199999906,3,3.7849021840810746,RankSurprise
microVoSTN_R_4-5+,4,613721.088,614473.15456,752.0665600000648,613721.088,614473.15456,752.0665600000648,5,4.220218090808661,RankSurprise
microVoSTN_R_4-5+,4,625289.54368,625392.72192,103.17824000003748,625289.54368,625392.72192,103.17824000003748,3,4.983487607548257,RankSurprise
microVoSTN_R_4-6+,0,3997.77792,4391.1168,393.3388799999998,3997.77792,4391.1168,393.3388799999998,4,4.113998056505835,RankSurprise
microVoSTN_R_4-6+,0,13633.3312,14021.91872,388.58751999999913,13633.3312,14021.91872,388.58751999999913,5,5.808378703407282,RankSurprise
microVoSTN_R_4-6+,0,26515.37408,26560.18432,44.810239999998885,26515.37408,26560.18432,44.810239999998885,3,6.538929500824,RankSurprise
microVoSTN_R_4-6+,0,43515.74016,44044.57472,528.8345599999957,43515.74016,44044.57472,528.8345599999957,6,6.798880984536126,RankSurprise
microVoSTN_R_4-6+,0,55036.1088,55349.41184,313.3030399999989,55036.1088,55349.41184,313.3030399999989,4,4.505699073923282,RankSurprise
microVoSTN_R_4-6+,0,81943.51104,82685.3376,741.8265600000013,81943.51104,82685.3376,741.8265600000013,6,5.174860133615944,RankSurprise
microVoSTN_R_4-6+,0,122860.29824,123937.01376,1076.715519999998,122860.29824,123937.01376,1076.715519999998,6,3.510257621587223,RankSurprise
microVoSTN_R_4-6+,0,199138.304,199754.50624,616.2022399999842,199138.304,199754.50624,616.2022399999842,5,4.0319488974251705,RankSurprise
microVoSTN_R_4-6+,0,207053.53728,207737.69216,684.1548800000164,207053.53728,207737.69216,684.1548800000164,5,3.8063922091203963,RankSurprise
microVoSTN_R_4-6+,0,226470.54336,227620.20864,1149.6652799999865,226470.54336,227620.20864,1149.6652799999865,9,7.763235936421653,RankSurprise
microVoSTN_R_4-6+,0,235346.16576,235674.624,328.4582400000072,235346.16576,235674.624,328.4582400000072,4,4.285066416707526,RankSurprise
microVoSTN_R_4-6+,0,236388.67968,236392.69376,4.014079999993555,236388.67968,236392.69376,4.014079999993555,3,10.645108520693103,RankSurprise
microVoSTN_R_4-6+,0,238973.05088,239334.48192,361.43103999999585,238973.05088,239334.48192,361.43103999999585,4,4.13485568913347,RankSurprise
microVoSTN_R_4-6+,0,267694.03904,268972.72832,1278.6892799999914,267694.03904,268972.72832,1278.6892799999914,7,4.150541750496773,RankSurprise
microVoSTN_R_4-6+,0,270466.49856,271477.67808,1011.1795200000051,270466.49856,271477.67808,1011.1795200000051,6,3.659643832455537,RankSurprise
microVoSTN_R_4-6+,0,287229.25568,290769.75616,3540.500479999988,287229.25568,290769.75616,3540.500479999988,13,4.0262864945776755,RankSurprise
microVoSTN_R_4-6+,0,351971.57376,353804.53376,1832.960000000021,351971.57376,353804.53376,1832.960000000021,9,4.567496920054075,RankSurprise
microVoSTN_R_4-6+,0,398282.91584,399308.02176,1025.1059200000018,398282.91584,399308.02176,1025.1059200000018,7,5.026596681818656,RankSurprise
microVoSTN_R_4-6+,0,430633.45152,437177.50784,6544.056319999974,430633.45152,437177.50784,6544.056319999974,21,4.393865366220566,RankSurprise
microVoSTN_R_4-6+,0,455449.84576,456286.33088,836.4851200000267,455449.84576,456286.33088,836.4851200000267,6,4.619942293917666,RankSurprise
microVoSTN_R_4-6+,0,477126.36928,477790.16704,663.7977599999867,477126.36928,477790.16704,663.7977599999867,5,3.9022355725120654,RankSurprise
microVoSTN_R_4-6+,0,486422.81472,486605.12768,182.312959999952,486422.81472,486605.12768,182.312959999952,3,3.5109768264990358,RankSurprise
microVoSTN_R_4-6+,0,487781.1712,487964.0576,182.8864000000176,487781.1712,487964.0576,182.8864000000176,3,3.5819380555864395,RankSurprise
microVoSTN_R_4-6+,0,519164.64128,519555.6864,391.0451200000243,519164.64128,519555.6864,391.0451200000243,6,8.019196212201251,RankSurprise
microVoSTN_R_4-6+,0,526776.89344,527317.27872,540.3852799999295,526776.89344,527317.27872,540.3852799999295,9,13.370895270311848,RankSurprise
microVoSTN_R_4-6+,0,531748.49536,532713.84064,965.3452800000086,531748.49536,532713.84064,965.3452800000086,6,4.07894269538612,RankSurprise
microVoSTN_R_4-6+,0,542972.64128,543314.49344,341.85216000000946,542972.64128,543314.49344,341.85216000000946,4,4.3593279375705585,RankSurprise
microVoSTN_R_4-6+,0,566590.34112,567364.44416,774.1030399999581,566590.34112,567364.44416,774.1030399999581,6,4.93337519992906,RankSurprise
microVoSTN_R_4-6+,0,570859.60192,572917.47328,2057.87135999999,570859.60192,572917.47328,2057.87135999999,9,3.832816360115056,RankSurprise
microVoSTN_R_4-6+,0,577838.8992,577936.01536,97.11615999997593,577838.8992,577936.01536,97.11615999997593,3,4.936891448969037,RankSurprise
microVoSTN_R_4-6+,0,637331.456,637377.82272,46.3667200000491,637331.456,637377.82272,46.3667200000491,3,6.386460907179726,RankSurprise
microVoSTN_R_4-6+,0,638545.7152,638925.94688,380.23167999996804,638545.7152,638925.94688,380.23167999996804,4,3.8236608292416214,RankSurprise
microVoSTN_R_4-6+,4,15662.2848,17806.62272,2144.33792,15662.2848,17806.62272,2144.33792,7,4.959529971881319,RankSurprise
microVoSTN_R_4-6+,4,46625.75104,47309.16864,683.4176000000007,46625.75104,47309.16864,683.4176000000007,5,5.539547113584291,RankSurprise
microVoSTN_R_4-6+,4,133916.79488,135817.91232,1901.1174400000018,133916.79488,135817.91232,1901.1174400000018,6,3.669971225105108,RankSurprise
microVoSTN_R_4-6+,4,226978.93888,228564.82816,1585.889280000003,226978.93888,228564.82816,1585.889280000003,6,4.05394124846991,RankSurprise
microVoSTN_R_4-6+,4,236217.58976,236276.736,59.14624000000185,236217.58976,236276.736,59.14624000000185,3,6.5909034898755205,RankSurprise
microVoSTN_R_4-6+,4,286462.85312,290916.06528,4453.2121599999955,286462.85312,290916.06528,4453.2121599999955,13,6.23205961870964,RankSurprise
microVoSTN_R_4-6+,4,294233.41568,294372.80256,139.38688000000548,294233.41568,294372.80256,139.38688000000548,3,4.972473866249455,RankSurprise
microVoSTN_R_4-6+,4,300449.30048,302685.51168,2236.2112000000197,300449.30048,302685.51168,2236.2112000000197,7,3.620249440280826,RankSurprise
microVoSTN_R_4-6+,4,336562.09408,338341.64224,1779.5481600000057,336562.09408,338341.64224,1779.5481600000057,7,4.8354268460367,RankSurprise
microVoSTN_R_4-6+,4,374357.4016,374880.37888,522.9772799999919,374357.4016,374880.37888,522.9772799999919,5,6.502519232857793,RankSurprise
microVoSTN_R_4-6+,4,396066.32448,397718.56896,1652.244479999994,396066.32448,397718.56896,1652.244479999994,6,3.6427586286945144,RankSurprise
microVoSTN_R_4-6+,4,414971.53536,415117.23008,145.6947200000286,414971.53536,415117.23008,145.6947200000286,3,4.886742079965451,RankSurprise
microVoSTN_R_4-6+,4,461616.82432,461877.98528,261.16096000000834,461616.82432,461877.98528,261.16096000000834,3,3.8428057876440356,RankSurprise
microVoSTN_R_4-6+,4,489216.98304,489821.47072,604.487679999962,489216.98304,489821.47072,604.487679999962,4,4.029981342851311,RankSurprise
microVoSTN_R_4-6+,4,500079.69792,503222.39488,3142.696959999972,500079.69792,503222.39488,3142.696959999972,9,4.474284033611477,RankSurprise
microVoSTN_R_4-6+,4,520888.68864,521374.96576,486.2771199999843,520888.68864,521374.96576,486.2771199999843,5,6.865662776596697,RankSurprise
microVoSTN_R_4-6+,4,561733.14048,567022.30528,5289.164800000028,561733.14048,567022.30528,5289.164800000028,13,4.482947202883655,RankSurprise
microVoSTN_R_4-6+,4,569756.34432,572191.86688,2435.522559999954,569756.34432,572191.86688,2435.522559999954,9,5.693321572234036,RankSurprise
microVoSTN_R_4-6+,4,600360.50944,602846.98624,2486.476799999946,600360.50944,602846.98624,2486.476799999946,8,4.451801739316706,RankSurprise
microVoSTN_R_5-6+,1,16938.14784,17097.27744,159.1296000000002,16938.14784,17097.27744,159.1296000000002,3,3.5826087718327972,RankSurprise
microVoSTN_R_5-6+,1,46215.24992,46443.97056,228.72063999999955,46215.24992,46443.97056,228.72063999999955,4,5.410922426635906,RankSurprise
microVoSTN_R_5-6+,1,68886.89664,69034.51648,147.61983999999939,68886.89664,69034.51648,147.61983999999939,4,6.555777720743336,RankSurprise
microVoSTN_R_5-6+,1,82042.83904,82373.91872,331.0796799999953,82042.83904,82373.91872,331.0796799999953,4,4.1466287773306725,RankSurprise
microVoSTN_R_5-6+,1,97590.96832,99407.13472,1816.1664000000019,97590.96832,99407.13472,1816.1664000000019,10,5.523141294193472,RankSurprise
microVoSTN_R_5-6+,1,155538.39104,156574.9248,1036.5337600000203,155538.39104,156574.9248,1036.5337600000203,6,3.7530254398891465,RankSurprise
microVoSTN_R_5-6+,1,174934.46656,178347.29472,3412.8281600000046,174934.46656,178347.29472,3412.8281600000046,15,5.619273309979249,RankSurprise
microVoSTN_R_5-6+,1,190205.05088,192321.7408,2116.6899200000043,190205.05088,192321.7408,2116.6899200000043,10,4.753437697633343,RankSurprise
microVoSTN_R_5-6+,1,193497.00608,194035.54816,538.5420800000138,193497.00608,194035.54816,538.5420800000138,5,4.550870249015773,RankSurprise
microVoSTN_R_5-6+,1,197816.68864,198147.35872,330.6700799999817,197816.68864,198147.35872,330.6700799999817,4,4.139849090345294,RankSurprise
microVoSTN_R_5-6+,1,205693.66528,205855.04768,161.38240000000224,205693.66528,205855.04768,161.38240000000224,3,3.609041002864773,RankSurprise
microVoSTN_R_5-6+,1,223291.51488,224281.10848,989.5935999999929,223291.51488,224281.10848,989.5935999999929,6,3.6335647808925002,RankSurprise
microVoSTN_R_5-6+,1,231092.92032,231692.98432,600.0639999999839,231092.92032,231692.98432,600.0639999999839,5,4.079413776355739,RankSurprise
microVoSTN_R_5-6+,1,252919.93088,253281.60768,361.67679999998654,252919.93088,253281.60768,361.67679999998654,4,3.8496112864897434,RankSurprise
microVoSTN_R_5-6+,1,269600.07168,269714.71872,114.64704000001075,269600.07168,269714.71872,114.64704000001075,3,4.179979252368144,RankSurprise
microVoSTN_R_5-6+,1,278814.96576,279447.42912,632.4633599999943,278814.96576,279447.42912,632.4633599999943,6,5.7582796667172715,RankSurprise
microVoSTN_R_5-6+,1,298280.79616,301147.05408,2866.2579199999454,298280.79616,301147.05408,2866.2579199999454,12,4.4858734792516115,RankSurprise
microVoSTN_R_5-6+,1,316233.80992,316603.10528,369.29535999998916,316233.80992,316603.10528,369.29535999998916,6,8.320783023311808,RankSurprise
microVoSTN_R_5-6+,1,332069.80608,337113.41568,5043.609599999967,332069.80608,337113.41568,5043.609599999967,18,4.76066985796655,RankSurprise
microVoSTN_R_5-6+,1,338954.4448,341433.42592,2478.9811200000113,338954.4448,341433.42592,2478.9811200000113,12,5.535703255683463,RankSurprise
microVoSTN_R_5-6+,1,341925.4784,341986.01728,60.53887999994913,341925.4784,341986.01728,60.53887999994913,4,9.632712066793623,RankSurprise
microVoSTN_R_5-6+,1,362472.6528,362984.77568,512.122880000039,362472.6528,362984.77568,512.122880000039,5,4.711129512599339,RankSurprise
microVoSTN_R_5-6+,1,378079.80544,378256.62976,176.82431999995606,378079.80544,378256.62976,176.82431999995606,3,3.5565213221533742,RankSurprise
microVoSTN_R_5-6+,1,385740.96384,385871.91296,130.94912000000477,385740.96384,385871.91296,130.94912000000477,3,4.010384821654169,RankSurprise
microVoSTN_R_5-6+,1,397891.70688,398048.4608,156.75391999998828,397891.70688,398048.4608,156.75391999998828,3,3.7184082236102025,RankSurprise
microVoSTN_R_5-6+,1,400111.12448,400224.21504,113.09055999998236,400111.12448,400224.21504,113.09055999998236,3,4.365298685008602,RankSurprise
microVoSTN_R_5-6+,1,418937.77408,419067.57632,129.80223999998998,418937.77408,419067.57632,129.80223999998998,3,3.9888211137736906,RankSurprise
microVoSTN_R_5-6+,1,426127.27808,426236.43648,109.1583999999566,426127.27808,426236.43648,109.1583999999566,3,4.431094804299763,RankSurprise
microVoSTN_R_5-6+,1,431705.57952,431811.7888,106.20927999995183,431705.57952,431811.7888,106.20927999995183,3,4.471637195854406,RankSurprise
microVoSTN_R_5-6+,1,435402.26048,435507.03616,104.77568000002066,435402.26048,435507.03616,104.77568000002066,3,4.499129362344904,RankSurprise
microVoSTN_R_5-6+,1,445242.20416,446291.80416,1049.5999999999767,445242.20416,446291.80416,1049.5999999999767,7,4.852318529523374,RankSurprise
microVoSTN_R_5-6+,1,450000.2816,450104.32,104.03840000001946,450000.2816,450104.32,104.03840000001946,3,4.404516046680277,RankSurprise
microVoSTN_R_5-6+,1,457913.42592,458945.90464,1032.4787200000137,457913.42592,458945.90464,1032.4787200000137,6,3.7280511273216628,RankSurprise
microVoSTN_R_5-6+,1,491584.26624,493809.2544,2224.98815999995,491584.26624,493809.2544,2224.98815999995,12,7.2954348188801665,RankSurprise
microVoSTN_R_5-6+,1,499646.21824,499967.87712,321.6588800000027,499646.21824,499967.87712,321.6588800000027,4,4.229203087180981,RankSurprise
microVoSTN_R_5-6+,1,545165.5168,545748.95104,583.4342399999732,545165.5168,545748.95104,583.4342399999732,5,4.330163082501336,RankSurprise
microVoSTN_R_5-6+,1,547304.20224,547477.62688,173.4246399999829,547304.20224,547477.62688,173.4246399999829,3,3.5222590851717097,RankSurprise
microVoSTN_R_5-6+,1,555693.95712,555816.3456,122.38847999996506,555693.95712,555816.3456,122.38847999996506,3,4.215694803568178,RankSurprise
microVoSTN_R_5-6+,1,581014.85568,581173.8624,159.00671999994665,581014.85568,581173.8624,159.00671999994665,3,3.7372319961933993,RankSurprise
microVoSTN_R_5-6+,1,602698.752,602853.08928,154.3372799999779,602698.752,602853.08928,154.3372799999779,3,3.7090623611919646,RankSurprise
microVoSTN_R_5-6+,3,18315.22304,18817.55648,502.3334399999985,18315.22304,18817.55648,502.3334399999985,6,7.187887100277486,RankSurprise
microVoSTN_R_5-6+,3,38473.89184,38582.72256,108.83072000000539,38473.89184,38582.72256,108.83072000000539,3,4.641324611422718,RankSurprise
microVoSTN_R_5-6+,3,42177.78176,43212.88192,1035.1001600000018,42177.78176,43212.88192,1035.1001600000018,6,4.125435744125487,RankSurprise
microVoSTN_R_5-6+,3,46130.62656,46704.0256,573.3990400000039,46130.62656,46704.0256,573.3990400000039,6,6.437290999247509,RankSurprise
microVoSTN_R_5-6+,3,54007.56224,54173.12256,165.56032000000414,54007.56224,54173.12256,165.56032000000414,4,6.454803734557565,RankSurprise
microVoSTN_R_5-6+,3,89932.14464,90068.74624,136.6015999999945,89932.14464,90068.74624,136.6015999999945,3,4.0955841699809135,RankSurprise
microVoSTN_R_5-6+,3,117103.77984,117185.9456,82.1657600000035,117103.77984,117185.9456,82.1657600000035,3,5.3048938782350366,RankSurprise
microVoSTN_R_5-6+,3,128836.608,128940.8512,104.24320000001171,128836.608,128940.8512,104.24320000001171,3,4.721336561695253,RankSurprise
microVoSTN_R_5-6+,3,169094.02112,169226.36288,132.34176000001025,169094.02112,169226.36288,132.34176000001025,3,4.180963781582637,RankSurprise
microVoSTN_R_5-6+,3,173920.70656,174286.47936,365.7728000000061,173920.70656,174286.47936,365.7728000000061,4,4.039223347897945,RankSurprise
microVoSTN_R_5-6+,3,214855.35232,215443.2512,587.8988799999934,214855.35232,215443.2512,587.8988799999934,5,4.4646944862416085,RankSurprise
microVoSTN_R_5-6+,3,229345.23904,230900.69504,1555.4560000000056,229345.23904,230900.69504,1555.4560000000056,8,4.569566503211311,RankSurprise
microVoSTN_R_5-6+,3,245946.28608,246668.65664,722.3705600000103,245946.28608,246668.65664,722.3705600000103,5,3.676241833827845,RankSurprise
microVoSTN_R_5-6+,3,266003.00544,267168.93184,1165.9263999999966,266003.00544,267168.93184,1165.9263999999966,7,4.76986731311927,RankSurprise
microVoSTN_R_5-6+,3,318468.62848,319014.912,546.2835199999972,318468.62848,319014.912,546.2835199999972,5,4.611612731627943,RankSurprise
microVoSTN_R_5-6+,3,332727.13216,333016.10496,288.97280000004685,332727.13216,333016.10496,288.97280000004685,5,7.040849612903685,RankSurprise
microVoSTN_R_5-6+,3,342867.31264,343123.23072,255.918079999974,342867.31264,343123.23072,255.918079999974,5,7.579071065276693,RankSurprise
microVoSTN_R_5-6+,3,367869.91104,372866.00704,4996.09600000002,367869.91104,372866.00704,4996.09600000002,17,4.931892546182789,RankSurprise
microVoSTN_R_5-6+,3,422232.43264,423457.54624,1225.1135999999824,422232.43264,423457.54624,1225.1135999999824,8,5.968715819823564,RankSurprise
microVoSTN_R_5-6+,3,433605.50912,434167.808,562.2988800000167,433605.50912,434167.808,562.2988800000167,6,6.774146710496787,RankSurprise
microVoSTN_R_5-6+,3,438248.28416,439351.9104,1103.6262400000123,438248.28416,439351.9104,1103.6262400000123,7,4.707724055936083,RankSurprise
microVoSTN_R_5-6+,3,447610.2656,449367.49056,1757.2249600000214,447610.2656,449367.49056,1757.2249600000214,8,3.8419903496871477,RankSurprise
microVoSTN_R_5-6+,3,453936.20992,455522.22208,1586.0121599999839,453936.20992,455522.22208,1586.0121599999839,8,4.420167168167554,RankSurprise
microVoSTN_R_5-6+,3,458544.49664,458954.1376,409.6409599999897,458544.49664,458954.1376,409.6409599999897,4,3.6507491872902236,RankSurprise
microVoSTN_R_5-6+,3,460723.69152,460860.94848,137.2569600000279,460723.69152,460860.94848,137.2569600000279,3,4.131730060076148,RankSurprise
microVoSTN_R_5-6+,3,468520.91904,469461.97504,941.0559999999823,468520.91904,469461.97504,941.0559999999823,6,4.111158597237514,RankSurprise
microVoSTN_R_5-6+,3,515924.13184,515991.42912,67.29727999999886,515924.13184,515991.42912,67.29727999999886,3,5.743017427448365,RankSurprise
microVoSTN_R_5-6+,3,522186.1376,524198.0928,2011.9551999999676,522186.1376,524198.0928,2011.9551999999676,9,4.035041424965522,RankSurprise
microVoSTN_R_5-6+,3,542371.34848,545382.97344,3011.6249599999283,542371.34848,545382.97344,3011.6249599999283,14,6.605799694206686,RankSurprise
microVoSTN_R_5-6+,3,548469.39136,548505.43616,36.04480000003241,548469.39136,548505.43616,36.04480000003241,3,7.089037889430317,RankSurprise
microVoSTN_R_5-6+,3,600058.51136,600191.50848,132.99711999995634,600058.51136,600191.50848,132.99711999995634,3,4.193463944346869,RankSurprise
microVoSTN_R_5-6+,3,617609.05216,617676.71808,67.66592000005767,617609.05216,617676.71808,67.66592000005767,3,5.689320507978286,RankSurprise
microVoSTN_R_5-6+,4,14041.62048,14457.52832,415.90783999999985,14041.62048,14457.52832,415.90783999999985,6,7.123355576644137,RankSurprise
microVoSTN_R_5-6+,4,27146.11712,27331.62496,185.50784000000203,27146.11712,27331.62496,185.50784000000203,4,5.656995367934158,RankSurprise
microVoSTN_R_5-6+,4,38486.13888,40000.02048,1513.8816000000006,38486.13888,40000.02048,1513.8816000000006,9,4.860357530748476,RankSurprise
microVoSTN_R_5-6+,4,69022.9248,69090.79552,67.87072000000626,69022.9248,69090.79552,67.87072000000626,3,5.470430157304946,RankSurprise
microVoSTN_R_5-6+,4,74239.54944,75091.72224,852.1728000000003,74239.54944,75091.72224,852.1728000000003,6,3.596522690673965,RankSurprise
microVoSTN_R_5-6+,4,77190.47168,78599.82336,1409.3516799999925,77190.47168,78599.82336,1409.3516799999925,8,3.8119068867891595,RankSurprise
microVoSTN_R_5-6+,4,95896.20736,95989.22752,93.02016000000003,95896.20736,95989.22752,93.02016000000003,3,4.734968444634239,RankSurprise
microVoSTN_R_5-6+,4,97446.87104,97532.96896,86.09792000000016,97446.87104,97532.96896,86.09792000000016,3,5.0222031898587005,RankSurprise
microVoSTN_R_5-6+,4,113345.9456,113682.2272,336.2815999999875,113345.9456,113682.2272,336.2815999999875,6,8.288830928390077,RankSurprise
microVoSTN_R_5-6+,4,115686.03136,115796.13184,110.10048000000825,115686.03136,115796.13184,110.10048000000825,4,7.486702634025475,RankSurprise
microVoSTN_R_5-6+,4,124929.26976,125055.54944,126.27968000000692,124929.26976,125055.54944,126.27968000000692,3,4.060108261993674,RankSurprise
microVoSTN_R_5-6+,4,150461.2352,150604.34944,143.11423999999533,150461.2352,150604.34944,143.11423999999533,3,3.8517742194439446,RankSurprise
microVoSTN_R_5-6+,4,158471.04512,158541.2096,70.16448000000673,158471.04512,158541.2096,70.16448000000673,3,5.268419467918209,RankSurprise
microVoSTN_R_5-6+,4,167969.50528,168655.13472,685.6294399999897,167969.50528,168655.13472,685.6294399999897,8,8.531380809725817,RankSurprise
microVoSTN_R_5-6+,4,173858.48832,174779.76064,921.2723199999891,173858.48832,174779.76064,921.2723199999891,6,3.631293904110547,RankSurprise
microVoSTN_R_5-6+,4,191368.68352,193532.43648,2163.7529600000125,191368.68352,193532.43648,2163.7529600000125,10,3.9218888346715035,RankSurprise
microVoSTN_R_5-6+,4,231274.82368,231901.3888,626.5651199999847,231274.82368,231901.3888,626.5651199999847,6,5.046762909881878,RankSurprise
microVoSTN_R_5-6+,4,233709.40416,233990.67648,281.2723199999891,233709.40416,233990.67648,281.2723199999891,6,9.327035960188141,RankSurprise
microVoSTN_R_5-6+,4,249477.48864,249891.14368,413.6550400000124,249477.48864,249891.14368,413.6550400000124,6,7.201760923143155,RankSurprise
microVoSTN_R_5-6+,4,275989.46304,276095.01696,105.55391999997664,275989.46304,276095.01696,105.55391999997664,3,4.448763973364722,RankSurprise
microVoSTN_R_5-6+,4,283031.01952,283135.67232,104.65280000003986,283031.01952,283135.67232,104.65280000003986,4,7.558564075320746,RankSurprise
microVoSTN_R_5-6+,4,330288.37376,331224.51456,936.1407999999938,330288.37376,331224.51456,936.1407999999938,7,4.765967461461721,RankSurprise
microVoSTN_R_5-6+,4,333743.80032,334124.48256,380.68223999999464,333743.80032,334124.48256,380.68223999999464,5,5.429398347627362,RankSurprise
microVoSTN_R_5-6+,4,349989.23264,352058.44992,2069.2172799999826,349989.23264,352058.44992,2069.2172799999826,10,4.169304409948711,RankSurprise
microVoSTN_R_5-6+,4,361307.21792,361450.12736,142.90943999995943,361307.21792,361450.12736,142.90943999995943,3,3.8008158190729677,RankSurprise
microVoSTN_R_5-6+,4,365659.29984,366022.94272,363.6428799999994,365659.29984,366022.94272,363.6428799999994,4,3.5969010113543938,RankSurprise
microVoSTN_R_5-6+,4,371514.44992,372075.84768,561.3977600000217,371514.44992,372075.84768,561.3977600000217,5,4.00425220867319,RankSurprise
microVoSTN_R_5-6+,4,436763.93472,437441.90464,677.9699200000032,436763.93472,437441.90464,677.9699200000032,7,6.424359621030858,RankSurprise
microVoSTN_R_5-6+,4,450862.32576,450991.104,128.7782400000142,450862.32576,450991.104,128.7782400000142,3,4.069677713009826,RankSurprise
microVoSTN_R_5-6+,4,472353.54624,473462.29248,1108.7462400000077,472353.54624,473462.29248,1108.7462400000077,9,6.631704739146948,RankSurprise
microVoSTN_R_5-6+,4,500078.42816,500535.25504,456.8268800000078,500078.42816,500535.25504,456.8268800000078,5,4.6154101070296,RankSurprise
microVoSTN_R_5-6+,4,506549.57568,507131.86304,582.2873600000166,506549.57568,507131.86304,582.2873600000166,5,3.783740319623867,RankSurprise
microVoSTN_R_5-6+,4,514125.12768,517572.89472,3447.767040000006,514125.12768,517572.89472,3447.767040000006,15,4.337409062409307,RankSurprise
microVoSTN_R_5-6+,4,528282.54208,529755.83232,1473.290240000002,528282.54208,529755.83232,1473.290240000002,10,6.476168521439843,RankSurprise
microVoSTN_R_5-6+,4,539312.57856,539372.83072,60.25215999991633,539312.57856,539372.83072,60.25215999991633,3,5.783576860465608,RankSurprise
microVoSTN_R_5-6+,4,542126.24384,542443.47904,317.23519999999553,542126.24384,542443.47904,317.23519999999553,4,4.035179755380021,RankSurprise
microVoSTN_R_5-6+,4,560707.82976,561483.93984,776.1100800000131,560707.82976,561483.93984,776.1100800000131,6,4.20654556127727,RankSurprise
microVoSTN_R_5-6+,4,580414.38208,583790.67392,3376.2918399999617,580414.38208,583790.67392,3376.2918399999617,15,5.180668565801518,RankSurprise
microVoSTN_R_5-6+,4,592956.29312,593031.49568,75.20256000000518,592956.29312,593031.49568,75.20256000000518,3,5.166267756297168,RankSurprise
microVoSTN_R_5-6+,4,597146.2144,598391.56224,1245.347839999944,597146.2144,598391.56224,1245.347839999944,7,3.522324015729899,RankSurprise
microVoSTN_R_5-6+,4,624566.76352,624627.01568,60.25215999991633,624566.76352,624627.01568,60.25215999991633,3,5.852551491932131,RankSurprise
microVoSTN_R_5-6+,4,634533.23264,634905.92768,372.6950400000205,634533.23264,634905.92768,372.6950400000205,5,5.549470928947503,RankSurprise
microVoSTN_R_7-8+,0,10075.83232,10587.99616,512.1638400000011,10075.83232,10587.99616,512.1638400000011,4,3.840547839710176,RankSurprise
microVoSTN_R_7-8+,0,33194.02496,36942.52032,3748.495360000001,33194.02496,36942.52032,3748.495360000001,10,3.745045153067883,RankSurprise
microVoSTN_R_7-8+,0,51724.00128,51810.54976,86.54848000000493,51724.00128,51810.54976,86.54848000000493,3,5.194940896997997,RankSurprise
microVoSTN_R_7-8+,0,105874.80064,106076.93824,202.13760000000184,105874.80064,106076.93824,202.13760000000184,3,3.5857145352310695,RankSurprise
microVoSTN_R_7-8+,0,140465.72544,140517.94944,52.22399999998743,140465.72544,140517.94944,52.22399999998743,4,10.32324627014068,RankSurprise
microVoSTN_R_7-8+,0,191796.224,191968.6656,172.44160000002012,191796.224,191968.6656,172.44160000002012,3,4.022938579111649,RankSurprise
microVoSTN_R_7-8+,0,198387.34336,199926.21056,1538.8672000000079,198387.34336,199926.21056,1538.8672000000079,7,4.71199069704753,RankSurprise
microVoSTN_R_7-8+,0,236326.13376,236791.3984,465.2646400000085,236326.13376,236791.3984,465.2646400000085,4,3.912593033704738,RankSurprise
microVoSTN_R_7-8+,0,274089.45152,274791.66976,702.2182400000165,274089.45152,274791.66976,702.2182400000165,6,6.225928168114635,RankSurprise
microVoSTN_R_7-8+,0,290157.19936,290508.96384,351.76447999995435,290157.19936,290508.96384,351.76447999995435,4,4.447088834723402,RankSurprise
microVoSTN_R_7-8+,0,323743.9488,323854.9504,111.00159999995958,323743.9488,323854.9504,111.00159999995958,3,4.7067924670597865,RankSurprise
microVoSTN_R_7-8+,0,325368.66816,329332.98176,3964.313599999994,325368.66816,329332.98176,3964.313599999994,12,4.907038784581686,RankSurprise
microVoSTN_R_7-8+,0,341274.33728,341763.8912,489.55392000003485,341274.33728,341763.8912,489.55392000003485,4,3.912593033704738,RankSurprise
microVoSTN_R_7-8+,0,355501.17888,362110.23872,6609.059840000002,355501.17888,362110.23872,6609.059840000002,17,6.319992858749663,RankSurprise
microVoSTN_R_7-8+,0,374937.02656,375800.54528,863.5187199999928,374937.02656,375800.54528,863.5187199999928,5,4.234035464125679,RankSurprise
microVoSTN_R_7-8+,0,508210.33984,510953.18528,2742.8454400000046,508210.33984,510953.18528,2742.8454400000046,10,6.125775643624368,RankSurprise
microVoSTN_R_7-8+,0,516786.33984,516934.36928,148.02944000001298,516786.33984,516934.36928,148.02944000001298,4,6.968382180184204,RankSurprise
microVoSTN_R_7-8+,0,550569.53344,550752.09216,182.5587199999718,550569.53344,550752.09216,182.5587199999718,3,3.674949900428878,RankSurprise
microVoSTN_R_7-8+,0,562796.7488,564073.22624,1276.477440000046,562796.7488,564073.22624,1276.477440000046,6,3.990261451917628,RankSurprise
microVoSTN_R_7-8+,1,35363.96288,39306.60864,3942.6457599999994,35363.96288,39306.60864,3942.6457599999994,37,13.80573054683944,RankSurprise
microVoSTN_R_7-8+,1,41810.41152,41893.4784,83.06687999999849,41810.41152,41893.4784,83.06687999999849,4,5.255503648418291,RankSurprise
microVoSTN_R_7-8+,1,45786.43968,46362.13248,575.6927999999971,45786.43968,46362.13248,575.6927999999971,8,4.726177646617521,RankSurprise
microVoSTN_R_7-8+,1,50264.8832,50378.83392,113.95072000000073,50264.8832,50378.83392,113.95072000000073,4,4.5311554718170015,RankSurprise
microVoSTN_R_7-8+,1,57438.74048,57524.18304,85.44256000000314,57438.74048,57524.18304,85.44256000000314,4,5.328678209370526,RankSurprise
microVoSTN_R_7-8+,1,68816.4864,71922.93376,3106.4473600000056,68816.4864,71922.93376,3106.4473600000056,21,4.300156152235944,RankSurprise
microVoSTN_R_7-8+,1,74171.71968,74742.94784,571.2281599999988,74171.71968,74742.94784,571.2281599999988,7,3.6318233737728574,RankSurprise
microVoSTN_R_7-8+,1,90586.84928,91342.52032,755.6710400000011,90586.84928,91342.52032,755.6710400000011,8,3.555113484488036,RankSurprise
microVoSTN_R_7-8+,1,113748.70528,113970.176,221.47072000001208,113748.70528,113970.176,221.47072000001208,6,6.238579961841658,RankSurprise
microVoSTN_R_7-8+,1,117614.34624,117707.48928,93.14303999999538,117614.34624,117707.48928,93.14303999999538,7,13.346279899998137,RankSurprise
microVoSTN_R_7-8+,1,137971.01568,138007.59296,36.5772799999977,137971.01568,138007.59296,36.5772799999977,3,4.734065649919691,RankSurprise
microVoSTN_R_7-8+,1,146053.61152,147337.216,1283.60447999998,146053.61152,147337.216,1283.60447999998,13,5.211105334152316,RankSurprise
microVoSTN_R_7-8+,1,167314.8416,167364.1984,49.35679999997956,167314.8416,167364.1984,49.35679999997956,4,7.047928848051491,RankSurprise
microVoSTN_R_7-8+,1,167976.01792,168147.3536,171.33567999998922,167976.01792,168147.3536,171.33567999998922,7,9.685495750723163,RankSurprise
microVoSTN_R_7-8+,1,174796.26752,174861.14816,64.88064000001759,174796.26752,174861.14816,64.88064000001759,3,3.68209272999278,RankSurprise
microVoSTN_R_7-8+,1,187859.06688,187909.12,50.05311999999685,187859.06688,187909.12,50.05311999999685,3,4.087199821509019,RankSurprise
microVoSTN_R_7-8+,1,197351.75168,197491.712,139.96032000001287,197351.75168,197491.712,139.96032000001287,5,6.045431847408739,RankSurprise
microVoSTN_R_7-8+,1,207957.36064,209300.6848,1343.3241599999892,207957.36064,209300.6848,1343.3241599999892,20,14.151930829727622,RankSurprise
microVoSTN_R_7-8+,1,215941.07904,217190.72768,1249.6486399999994,215941.07904,217190.72768,1249.6486399999994,16,8.97736127187456,RankSurprise
microVoSTN_R_7-8+,1,222442.37312,222792.82688,350.45376000000397,222442.37312,222792.82688,350.45376000000397,6,4.36010853253374,RankSurprise
microVoSTN_R_7-8+,1,231040.36864,234624.28672,3583.918080000003,231040.36864,234624.28672,3583.918080000003,25,4.928693822219723,RankSurprise
microVoSTN_R_7-8+,1,236403.26144,236440.49408,37.23264000000199,236403.26144,236440.49408,37.23264000000199,3,4.792181459715968,RankSurprise
microVoSTN_R_7-8+,1,250573.66016,250644.2752,70.61504000000423,250573.66016,250644.2752,70.61504000000423,3,3.6155122511460345,RankSurprise
microVoSTN_R_7-8+,1,251685.02784,251720.54016,35.51232000000891,251685.02784,251720.54016,35.51232000000891,3,4.841935577182943,RankSurprise
microVoSTN_R_7-8+,1,255637.54496,255763.41504,125.87007999999332,255637.54496,255763.41504,125.87007999999332,4,4.36546893780617,RankSurprise
microVoSTN_R_7-8+,1,256951.7056,257030.92224,79.21664000002784,256951.7056,257030.92224,79.21664000002784,4,5.716953292211301,RankSurprise
microVoSTN_R_7-8+,1,290644.5824,290912.99328,268.41087999998126,290644.5824,290912.99328,268.41087999998126,5,4.059568948695176,RankSurprise
microVoSTN_R_7-8+,1,304072.37632,304101.90848,29.532160000002477,304072.37632,304101.90848,29.532160000002477,4,8.977908175034612,RankSurprise
microVoSTN_R_7-8+,1,305635.69664,305702.33856,66.64192000002367,305635.69664,305702.33856,66.64192000002367,3,3.610062646378468,RankSurprise
microVoSTN_R_7-8+,1,307338.97728,308271.104,932.1267200000002,307338.97728,308271.104,932.1267200000002,9,3.8343078250538074,RankSurprise
microVoSTN_R_7-8+,1,310003.9168,310149.28384,145.3670399999828,310003.9168,310149.28384,145.3670399999828,4,3.983401500462385,RankSurprise
microVoSTN_R_7-8+,1,318475.83744,319671.0912,1195.2537600000505,318475.83744,319671.0912,1195.2537600000505,18,15.053619547145965,RankSurprise
microVoSTN_R_7-8+,1,328340.11136,331142.26688,2802.1555200000294,328340.11136,331142.26688,2802.1555200000294,20,3.88606331112143,RankSurprise
microVoSTN_R_7-8+,1,335599.16544,336736.70656,1137.541120000009,335599.16544,336736.70656,1137.541120000009,10,4.2569536192515836,RankSurprise
microVoSTN_R_7-8+,1,343476.87936,343503.872,26.9926399999531,343476.87936,343503.872,26.9926399999531,5,13.406496823124545,RankSurprise
microVoSTN_R_7-8+,1,395947.37664,396057.1904,109.8137600000482,395947.37664,396057.1904,109.8137600000482,5,6.630619403783488,RankSurprise
microVoSTN_R_7-8+,1,419923.68128,420039.31136,115.63007999997353,419923.68128,420039.31136,115.63007999997353,4,4.642011648439816,RankSurprise
microVoSTN_R_7-8+,1,439676.1088,439718.78912,42.68031999998493,439676.1088,439718.78912,42.68031999998493,3,4.408787560041631,RankSurprise
microVoSTN_R_7-8+,1,464475.79136,464520.06912,44.27776000002632,464475.79136,464520.06912,44.27776000002632,3,4.29830539426375,RankSurprise
microVoSTN_R_7-8+,1,465736.62208,465768.73472,32.11264000000665,465736.62208,465768.73472,32.11264000000665,3,4.988215849914662,RankSurprise
microVoSTN_R_7-8+,1,486137.20064,486250.65984,113.45919999998296,486137.20064,486250.65984,113.45919999998296,6,9.529744309952484,RankSurprise
microVoSTN_R_7-8+,1,503228.66176,503873.45408,644.7923200000077,503228.66176,503873.45408,644.7923200000077,8,4.0927177723584744,RankSurprise
microVoSTN_R_7-8+,1,504770.60096,505858.58048,1087.9795199999935,504770.60096,505858.58048,1087.9795199999935,12,5.948758657511795,RankSurprise
microVoSTN_R_7-8+,1,506378.89536,506543.80032,164.9049599999562,506378.89536,506543.80032,164.9049599999562,8,12.27288244300071,RankSurprise
microVoSTN_R_7-8+,1,517401.84576,517581.86496,180.01919999998063,517401.84576,517581.86496,180.01919999998063,4,3.5373255280426967,RankSurprise
microVoSTN_R_7-8+,1,557966.41792,558051.45088,85.03295999998227,557966.41792,558051.45088,85.03295999998227,4,5.334857425736484,RankSurprise
microVoSTN_R_7-8+,1,587216.2816,587341.45536,125.17376000003424,587216.2816,587341.45536,125.17376000003424,5,6.535729593245684,RankSurprise
microVoSTN_R_7-8+,1,596544.34816,596617.37984,73.03167999989819,596544.34816,596617.37984,73.03167999989819,3,3.599207782923175,RankSurprise
microVoSTN_R_7-8+,1,609345.57696,609630.65856,285.0816000000341,609345.57696,609630.65856,285.0816000000341,7,7.014271104981816,RankSurprise
microVoSTN_R_7-8+,1,613454.6432,613610.496,155.8527999999933,613454.6432,613610.496,155.8527999999933,7,9.853520223260453,RankSurprise
microVoSTN_R_9-10+,2,27964.53888,29035.3152,1070.7763200000009,27964.53888,29035.3152,1070.7763200000009,10,6.692825748580791,RankSurprise
microVoSTN_R_9-10+,2,38949.76512,39585.3824,635.6172800000058,38949.76512,39585.3824,635.6172800000058,6,3.877107300498518,RankSurprise
microVoSTN_R_9-10+,2,46108.09856,46753.54624,645.4476800000048,46108.09856,46753.54624,645.4476800000048,6,3.894495034771172,RankSurprise
microVoSTN_R_9-10+,2,51119.3088,51906.9696,787.6607999999978,51119.3088,51906.9696,787.6607999999978,8,5.7192397021823975,RankSurprise
microVoSTN_R_9-10+,2,58607.04256,58793.00096,185.9583999999959,58607.04256,58793.00096,185.9583999999959,6,9.742985970217262,RankSurprise
microVoSTN_R_9-10+,2,62235.48416,65290.07616,3054.591999999997,62235.48416,65290.07616,3054.591999999997,17,5.999856503846251,RankSurprise
microVoSTN_R_9-10+,2,76550.59456,76927.42656,376.83200000000943,76550.59456,76927.42656,376.83200000000943,5,4.394313545040873,RankSurprise
microVoSTN_R_9-10+,2,80023.22432,80434.70848,411.48416000000725,80023.22432,80434.70848,411.48416000000725,6,5.816059342286579,RankSurprise
microVoSTN_R_9-10+,2,94449.74592,94678.34368,228.5977600000042,94449.74592,94678.34368,228.5977600000042,4,4.206847233204314,RankSurprise
microVoSTN_R_9-10+,2,96019.12832,97800.88832,1781.7599999999948,96019.12832,97800.88832,1781.7599999999948,11,4.7579888262671215,RankSurprise
microVoSTN_R_9-10+,2,100613.20192,102168.1664,1554.964479999995,100613.20192,102168.1664,1554.964479999995,10,4.559659139297575,RankSurprise
microVoSTN_R_9-10+,2,132824.22784,132905.90208,81.674239999993,132824.22784,132905.90208,81.674239999993,4,7.365691492532985,RankSurprise
microVoSTN_R_9-10+,2,142440.48896,142972.43648,531.9475200000161,142440.48896,142972.43648,531.9475200000161,5,3.574505967379377,RankSurprise
microVoSTN_R_9-10+,2,162690.99008,162879.16032,188.17024000000674,162690.99008,162879.16032,188.17024000000674,5,7.071776981704616,RankSurprise
microVoSTN_R_9-10+,2,173118.30016,173461.87264,343.57247999997344,173118.30016,173461.87264,343.57247999997344,5,4.579764645828753,RankSurprise
microVoSTN_R_9-10+,2,176202.21952,176274.39104,72.17151999997441,176202.21952,176274.39104,72.17151999997441,3,4.6407584885037565,RankSurprise
microVoSTN_R_9-10+,2,197156.29056,197189.4272,33.13664000001154,197156.29056,197189.4272,33.13664000001154,3,6.199732596210394,RankSurprise
microVoSTN_R_9-10+,2,200737.3824,201429.68832,692.3059199999843,200737.3824,201429.68832,692.3059199999843,6,3.601985911467649,RankSurprise
microVoSTN_R_9-10+,2,213314.7648,214081.00352,766.2387199999939,213314.7648,214081.00352,766.2387199999939,7,4.286514497094074,RankSurprise
microVoSTN_R_9-10+,2,220740.8128,221911.61344,1170.8006399999722,220740.8128,221911.61344,1170.8006399999722,8,4.261276409411146,RankSurprise
microVoSTN_R_9-10+,2,232543.55968,232604.75392,61.19423999998253,232543.55968,232604.75392,61.19423999998253,3,4.954918686223362,RankSurprise
microVoSTN_R_9-10+,2,237438.48448,239036.17024,1597.685759999993,237438.48448,239036.17024,1597.685759999993,10,4.342188907687982,RankSurprise
microVoSTN_R_9-10+,2,247768.6784,248088.24832,319.569920000009,247768.6784,248088.24832,319.569920000009,5,4.887925591769697,RankSurprise
microVoSTN_R_9-10+,2,255427.3792,255575.69536,148.31616000001668,255427.3792,255575.69536,148.31616000001668,4,5.423245590314124,RankSurprise
microVoSTN_R_9-10+,2,261720.02304,261803.8272,83.80415999999968,261720.02304,261803.8272,83.80415999999968,3,4.233954243938355,RankSurprise
microVoSTN_R_9-10+,2,265052.52864,265200.18944,147.6608000000124,265052.52864,265200.18944,147.6608000000124,4,5.4727168590567565,RankSurprise
microVoSTN_R_9-10+,2,274320.13824,275373.83424,1053.6959999999963,274320.13824,275373.83424,1053.6959999999963,9,6.6094269821996745,RankSurprise
microVoSTN_R_9-10+,2,280799.19104,280897.78176,98.59071999997832,280799.19104,280897.78176,98.59071999997832,3,3.9663792947856695,RankSurprise
microVoSTN_R_9-10+,2,285278.78144,286761.73824,1482.9567999999854,285278.78144,286761.73824,1482.9567999999854,10,4.866936408957138,RankSurprise
microVoSTN_R_9-10+,2,290521.25184,291991.63392,1470.3820800000103,290521.25184,291991.63392,1470.3820800000103,16,12.193195554276686,RankSurprise
microVoSTN_R_9-10+,2,306710.36416,306967.26528,256.901119999995,306710.36416,306967.26528,256.901119999995,5,5.9256559380583695,RankSurprise
microVoSTN_R_9-10+,2,322186.40384,322318.7456,132.34176000003936,322186.40384,322318.7456,132.34176000003936,4,5.748688841996408,RankSurprise
microVoSTN_R_9-10+,2,329877.46304,330345.63584,468.1728000000003,329877.46304,330345.63584,468.1728000000003,6,5.185967480791227,RankSurprise
microVoSTN_R_9-10+,2,339922.78016,340021.57568,98.79551999998512,339922.78016,340021.57568,98.79551999998512,3,3.9309172613464263,RankSurprise
microVoSTN_R_9-10+,2,349537.77152,350753.13664,1215.365119999973,349537.77152,350753.13664,1215.365119999973,11,6.818901575225203,RankSurprise
microVoSTN_R_9-10+,2,362790.74816,364804.79232,2014.0441599999904,362790.74816,364804.79232,2014.0441599999904,12,3.697481322479133,RankSurprise
microVoSTN_R_9-10+,2,365096.01792,365127.31136,31.293439999979455,365096.01792,365127.31136,31.293439999979455,3,6.33538212703246,RankSurprise
microVoSTN_R_9-10+,2,371310.91968,371352.04352,41.12384000001475,371310.91968,371352.04352,41.12384000001475,3,5.804351607168856,RankSurprise
microVoSTN_R_9-10+,2,379785.37984,380222.30016,436.9203199999756,379785.37984,380222.30016,436.9203199999756,5,3.9246494035965362,RankSurprise
microVoSTN_R_9-10+,2,381639.39328,381940.3264,300.9331200000015,381639.39328,381940.3264,300.9331200000015,5,5.212548591297569,RankSurprise
microVoSTN_R_9-10+,2,418298.63424,418435.6864,137.0521600000211,418298.63424,418435.6864,137.0521600000211,4,5.6715634319842465,RankSurprise
microVoSTN_R_9-10+,2,428689.48992,428885.68832,196.19839999999385,428689.48992,428885.68832,196.19839999999385,5,6.941211816479942,RankSurprise
microVoSTN_R_9-10+,2,437807.75936,438073.7536,265.9942399999709,437807.75936,438073.7536,265.9942399999709,6,7.923149983235199,RankSurprise
microVoSTN_R_9-10+,2,449868.3904,450581.46304,713.0726400000276,449868.3904,450581.46304,713.0726400000276,7,4.689145026475522,RankSurprise
microVoSTN_R_9-10+,2,451884.35968,452045.90592,161.54623999999603,451884.35968,452045.90592,161.54623999999603,5,7.658387812043699,RankSurprise
microVoSTN_R_9-10+,2,490614.90688,491192.77056,577.8636799999513,490614.90688,491192.77056,577.8636799999513,6,4.141776606354389,RankSurprise
microVoSTN_R_9-10+,2,535057.08032,535880.33536,823.2550400000764,535057.08032,535880.33536,823.2550400000764,8,5.214241813972557,RankSurprise
microVoSTN_R_9-10+,2,591163.55584,591523.34848,359.79263999999966,591163.55584,591523.34848,359.79263999999966,5,4.579764645828753,RankSurprise
microVoSTN_R_9-10+,2,600587.264,601848.87296,1261.6089599999832,600587.264,601848.87296,1261.6089599999832,9,4.428298404807022,RankSurprise
microVoSTN_R_9-10+,2,634138.78784,634231.56224,92.77439999999478,634138.78784,634231.56224,92.77439999999478,3,4.0244597926005845,RankSurprise
microVoSTN_R_9-10+,3,8585.25696,8836.54656,251.28960000000006,8585.25696,8836.54656,251.28960000000006,4,3.839479030620641,RankSurprise
microVoSTN_R_9-10+,3,11621.94944,12064.72704,442.77759999999944,11621.94944,12064.72704,442.77759999999944,7,7.415171572301503,RankSurprise
microVoSTN_R_9-10+,3,32518.22592,32801.1776,282.95168000000194,32518.22592,32801.1776,282.95168000000194,5,5.60331004669483,RankSurprise
microVoSTN_R_9-10+,3,87668.36736,88475.89376,807.5264000000025,87668.36736,88475.89376,807.5264000000025,9,7.449319874679882,RankSurprise
microVoSTN_R_9-10+,3,91470.27456,91633.17248,162.89791999998852,91470.27456,91633.17248,162.89791999998852,4,5.342649918436148,RankSurprise
microVoSTN_R_9-10+,3,94781.31712,94950.64576,169.32863999999245,94781.31712,94950.64576,169.32863999999245,4,5.160775441128624,RankSurprise
microVoSTN_R_9-10+,3,102183.28064,102628.31104,445.0304000000033,102183.28064,102628.31104,445.0304000000033,5,3.8745917945786807,RankSurprise
microVoSTN_R_9-10+,3,116195.16416,116358.144,162.97983999999997,116195.16416,116358.144,162.97983999999997,4,5.246969495986622,RankSurprise
microVoSTN_R_9-10+,3,125478.7072,128773.16096,3294.4537599999894,125478.7072,128773.16096,3294.4537599999894,18,6.024884892219172,RankSurprise
microVoSTN_R_9-10+,3,147648.63488,147675.79136,27.156480000005104,147648.63488,147675.79136,27.156480000005104,3,7.237979124149177,RankSurprise
microVoSTN_R_9-10+,3,148208.88576,149160.26368,951.377919999999,148208.88576,149160.26368,951.377919999999,7,3.776315491825472,RankSurprise
microVoSTN_R_9-10+,3,156836.12672,156930.17088,94.04415999999037,156836.12672,156930.17088,94.04415999999037,4,7.492369385920949,RankSurprise
microVoSTN_R_9-10+,3,183214.03904,183283.22048,69.18143999998574,183214.03904,183283.22048,69.18143999998574,3,4.861985115303909,RankSurprise
microVoSTN_R_9-10+,3,189488.66048,190842.0608,1353.4003200000152,189488.66048,190842.0608,1353.4003200000152,9,3.982222582961828,RankSurprise
microVoSTN_R_9-10+,3,197497.36448,197614.1824,116.81792000000132,197497.36448,197614.1824,116.81792000000132,3,3.632686386143508,RankSurprise
microVoSTN_R_9-10+,3,207671.5008,208121.61024,450.1094400000002,207671.5008,208121.61024,450.1094400000002,5,4.110874333721775,RankSurprise
microVoSTN_R_9-10+,3,232216.61696,232299.43808,82.82111999997869,232216.61696,232299.43808,82.82111999997869,3,4.451338648453746,RankSurprise
microVoSTN_R_9-10+,3,236084.79744,236732.66176,647.8643199999933,236084.79744,236732.66176,647.8643199999933,6,3.7752027571964684,RankSurprise
microVoSTN_R_9-10+,3,268189.16352,268300.0832,110.91967999999179,268189.16352,268300.0832,110.91967999999179,3,3.786362344860498,RankSurprise
microVoSTN_R_9-10+,3,277204.29568,277280.31744,76.02176000003237,277204.29568,277280.31744,76.02176000003237,3,4.816912427534609,RankSurprise
microVoSTN_R_9-10+,3,285902.35648,285973.62688,71.27039999997942,285902.35648,285973.62688,71.27039999997942,3,4.805801202109539,RankSurprise
microVoSTN_R_9-10+,3,291546.56256,292594.36032,1047.7977599999867,291546.56256,292594.36032,1047.7977599999867,8,3.9223363912287246,RankSurprise
microVoSTN_R_9-10+,3,303436.88192,304261.36576,824.4838400000008,303436.88192,304261.36576,824.4838400000008,7,3.9686185768694906,RankSurprise
microVoSTN_R_9-10+,3,307782.61504,308601.0368,818.4217599999974,307782.61504,308601.0368,818.4217599999974,7,4.182681225551796,RankSurprise
microVoSTN_R_9-10+,3,355817.6768,355913.44128,95.76448000001255,355817.6768,355913.44128,95.76448000001255,3,4.103001554890792,RankSurprise
microVoSTN_R_9-10+,3,356519.48544,356820.3776,300.8921599999885,356519.48544,356820.3776,300.8921599999885,5,5.332019125781802,RankSurprise
microVoSTN_R_9-10+,3,362309.2224,363237.33504,928.1126399999484,362309.2224,363237.33504,928.1126399999484,9,6.656639112564554,RankSurprise
microVoSTN_R_9-10+,3,364142.14144,364218.32704,76.18560000002617,364142.14144,364218.32704,76.18560000002617,3,4.729704504581038,RankSurprise
microVoSTN_R_9-10+,3,376755.56864,377011.56864,256.0,376755.56864,377011.56864,256.0,4,3.797695571349191,RankSurprise
microVoSTN_R_9-10+,3,383489.024,384794.50112,1305.477119999996,383489.024,384794.50112,1305.477119999996,9,3.600884879054403,RankSurprise
microVoSTN_R_9-10+,3,389966.06976,390055.5264,89.45663999998942,389966.06976,390055.5264,89.45663999998942,3,4.273837765095806,RankSurprise
microVoSTN_R_9-10+,3,407415.48032,408304.88576,889.4054400000023,407415.48032,408304.88576,889.4054400000023,8,4.962869637721052,RankSurprise
microVoSTN_R_9-10+,3,429270.09792,429487.7184,217.62048000004143,429270.09792,429487.7184,217.62048000004143,4,4.357135136919695,RankSurprise
microVoSTN_R_9-10+,3,432195.95264,432569.38496,373.4323200000217,432195.95264,432569.38496,373.4323200000217,5,4.305229906646353,RankSurprise
microVoSTN_R_9-10+,3,440503.66464,440794.9312,291.2665600000182,440503.66464,440794.9312,291.2665600000182,4,3.570041209392425,RankSurprise
microVoSTN_R_9-10+,3,449352.9088,449460.14208,107.23328000004403,449352.9088,449460.14208,107.23328000004403,3,3.9099011156842227,RankSurprise
microVoSTN_R_9-10+,3,453063.80288,454382.71488,1318.9120000000112,453063.80288,454382.71488,1318.9120000000112,9,3.892055702762248,RankSurprise
microVoSTN_R_9-10+,3,465280.73728,465584.90624,304.16895999998087,465280.73728,465584.90624,304.16895999998087,4,3.6322196705089844,RankSurprise
microVoSTN_R_9-10+,3,474173.31712,474213.41696,40.09983999998076,474173.31712,474213.41696,40.09983999998076,3,6.1428670140632775,RankSurprise
microVoSTN_R_9-10+,3,478154.26048,478256.37376,102.11327999999048,478154.26048,478256.37376,102.11327999999048,3,3.8678679160171967,RankSurprise
microVoSTN_R_9-10+,3,495302.2464,495392.03072,89.78431999997701,495302.2464,495392.03072,89.78431999997701,3,4.265363138104831,RankSurprise
microVoSTN_R_9-10+,3,531190.94784,531373.71136,182.7635199999204,531190.94784,531373.71136,182.7635199999204,5,7.571097095006845,RankSurprise
microVoSTN_R_9-10+,3,544181.6576,544266.89536,85.23775999993086,544181.6576,544266.89536,85.23775999993086,3,4.387405930933177,RankSurprise
microVoSTN_R_9-10+,3,566643.9168,567389.47072,745.5539199999766,566643.9168,567389.47072,745.5539199999766,6,3.5149546628325097,RankSurprise
microVoSTN_R_9-10+,3,570157.01504,570745.97888,588.9638399999822,570157.01504,570745.97888,588.9638399999822,7,5.609631215723542,RankSurprise
microVoSTN_R_9-10+,3,582224.93696,582580.224,355.2870400000829,582224.93696,582580.224,355.2870400000829,6,6.707894871266667,RankSurprise
microVoSTN_R_9-10+,3,587521.96608,587793.32608,271.35999999998603,587521.96608,587793.32608,271.35999999998603,4,3.6361489486488736,RankSurprise
microVoSTN_R_9-10+,3,591099.98592,591187.39456,87.40864000003785,591099.98592,591187.39456,87.40864000003785,3,4.316758064820586,RankSurprise
microVoSTN_R_9-10+,3,596160.02048,596331.06944,171.04896000004373,596160.02048,596331.06944,171.04896000004373,4,5.193634582311166,RankSurprise
microVoSTN_R_9-10+,3,604464.29184,604510.49472,46.202879999997094,604464.29184,604510.49472,46.202879999997094,3,5.918135196894566,RankSurprise
microVoSTN_R_9-10+,3,609158.10304,609214.79168,56.68864000006579,609158.10304,609214.79168,56.68864000006579,3,5.350020473280244,RankSurprise
microVoSTN_R_9-10+,3,624079.95392,624363.19232,283.2384000000311,624079.95392,624363.19232,283.2384000000311,4,3.600969352610967,RankSurprise
microVoSTN_R_9-10+,3,630017.26976,630226.37056,209.1007999998983,630017.26976,630226.37056,209.1007999998983,5,6.807242214427113,RankSurprise
microVoSTN_R_9-10+,4,24330.97728,24530.3296,199.35232000000178,24330.97728,24530.3296,199.35232000000178,3,4.05720926656557,RankSurprise
microVoSTN_R_9-10+,4,38816.23552,40879.96416,2063.728640000001,38816.23552,40879.96416,2063.728640000001,8,4.7732276263067765,RankSurprise
microVoSTN_R_9-10+,4,128546.85696,130192.62976,1645.7727999999915,128546.85696,130192.62976,1645.7727999999915,7,4.60776281851547,RankSurprise
microVoSTN_R_9-10+,4,136072.23296,136302.01856,229.7856000000029,136072.23296,136302.01856,229.7856000000029,3,3.6711304948990335,RankSurprise
microVoSTN_R_9-10+,4,178255.01184,179138.06848,883.0566399999952,178255.01184,179138.06848,883.0566399999952,7,7.887454402126508,RankSurprise
microVoSTN_R_9-10+,4,186658.4064,187074.9696,416.56320000000414,186658.4064,187074.9696,416.56320000000414,4,4.747018505607471,RankSurprise
microVoSTN_R_9-10+,4,190997.95456,191075.5328,77.57823999997345,190997.95456,191075.5328,77.57823999997345,3,6.011365208814319,RankSurprise
microVoSTN_R_9-10+,4,193126.89152,194622.2592,1495.3676799999957,193126.89152,194622.2592,1495.3676799999957,6,3.6832296690604744,RankSurprise
microVoSTN_R_9-10+,4,208731.38176,212200.98048,3469.598720000009,208731.38176,212200.98048,3469.598720000009,11,5.031006425687264,RankSurprise
microVoSTN_R_9-10+,4,223751.45472,224844.71808,1093.2633599999826,223751.45472,224844.71808,1093.2633599999826,7,6.870526522422175,RankSurprise
microVoSTN_R_9-10+,4,309247.09888,309326.11072,79.01183999999193,309247.09888,309326.11072,79.01183999999193,3,6.011365208814319,RankSurprise
microVoSTN_R_9-10+,4,315268.9152,316024.2176,755.3023999999859,315268.9152,316024.2176,755.3023999999859,5,4.91034721938216,RankSurprise
microVoSTN_R_9-10+,4,323999.04768,325251.11296,1252.0652799999807,323999.04768,325251.11296,1252.0652799999807,6,4.426069794551105,RankSurprise
microVoSTN_R_9-10+,4,358234.112,358917.28384,683.1718399999663,358234.112,358917.28384,683.1718399999663,5,4.989645451509954,RankSurprise
microVoSTN_R_9-10+,4,362475.76576,362599.50592,123.74016000004485,362475.76576,362599.50592,123.74016000004485,3,5.063734025212188,RankSurprise
microVoSTN_R_9-10+,4,406681.8048,408209.77664,1527.971840000013,406681.8048,408209.77664,1527.971840000013,7,5.686006753613041,RankSurprise
microVoSTN_R_9-10+,4,425057.0752,425691.136,634.0607999999775,425057.0752,425691.136,634.0607999999775,5,5.656249052398103,RankSurprise
microVoSTN_R_9-10+,4,428419.072,429608.87808,1189.8060800000094,428419.072,429608.87808,1189.8060800000094,6,4.661796356949249,RankSurprise
microVoSTN_R_9-10+,4,453266.47296,453439.20128,172.7283199999947,453266.47296,453439.20128,172.7283199999947,3,4.334077935595346,RankSurprise
microVoSTN_R_9-10+,4,541151.0272,541688.4224,537.3952000000281,541151.0272,541688.4224,537.3952000000281,4,3.9010601667660225,RankSurprise
microVoSTN_R_9-10+,4,559128.3712,559243.96032,115.58911999990232,559128.3712,559243.96032,115.58911999990232,3,5.275862516295721,RankSurprise
microVoSTN_R_9-10+,4,637889.08544,637974.07744,84.99199999996927,637889.08544,637974.07744,84.99199999996927,3,5.78252363638547,RankSurprise
microVIMPPN_R_1-2+,0,18949.9392,19459.39968,509.4604799999979,18949.9392,19459.39968,509.4604799999979,4,4.408827135487641,RankSurprise
microVIMPPN_R_1-2+,0,52022.76352,52722.44224,699.6787199999962,52022.76352,52722.44224,699.6787199999962,5,5.472602023517457,RankSurprise
microVIMPPN_R_1-2+,0,74763.50976,76847.9232,2084.413440000004,74763.50976,76847.9232,2084.413440000004,7,4.243860297782793,RankSurprise
microVIMPPN_R_1-2+,0,139140.54656,141689.36448,2548.8179200000013,139140.54656,141689.36448,2548.8179200000013,10,7.1631512596304665,RankSurprise
microVIMPPN_R_1-2+,0,310467.21536,310492.73344,25.518080000008922,310467.21536,310492.73344,25.518080000008922,3,8.893130311622905,RankSurprise
microVIMPPN_R_1-2+,0,310492.73344,312144.52736,1651.7939200000255,310492.73344,312144.52736,1651.7939200000255,6,4.112690910406192,RankSurprise
microVIMPPN_R_1-2+,0,315039.00672,315607.12192,568.1152000000002,315039.00672,315607.12192,568.1152000000002,4,4.245147925388469,RankSurprise
microVIMPPN_R_1-2+,0,327596.2368,328583.49568,987.2588799999794,327596.2368,328583.49568,987.2588799999794,5,4.537264941620528,RankSurprise
microVIMPPN_R_1-2+,0,345539.50208,350518.23104,4978.7289599999785,345539.50208,350518.23104,4978.7289599999785,11,4.585615320331779,RankSurprise
microVIMPPN_R_1-2+,0,385422.99136,386350.16192,927.1705599999987,385422.99136,386350.16192,927.1705599999987,5,4.375951301956828,RankSurprise
microVIMPPN_R_1-2+,0,397076.11136,397255.72096,179.60960000002524,397076.11136,397255.72096,179.60960000002524,3,4.368628028702268,RankSurprise
microVIMPPN_R_1-2+,0,404851.67104,405962.9568,1111.2857599999988,404851.67104,405962.9568,1111.2857599999988,5,3.9183063468516046,RankSurprise
microVIMPPN_R_1-2+,0,437129.6256,437577.40032,447.7747199999867,437129.6256,437577.40032,447.7747199999867,7,12.115414235972878,RankSurprise
microVIMPPN_R_1-2+,0,460393.55392,460540.7232,147.169280000031,460393.55392,460540.7232,147.169280000031,3,4.658621311548286,RankSurprise
microVIMPPN_R_1-2+,0,521983.75424,522250.52672,266.7724800000433,521983.75424,522250.52672,266.7724800000433,3,3.521201127731622,RankSurprise
microVIMPPN_R_1-2+,0,540134.89152,544727.4496,4592.558080000104,540134.89152,544727.4496,4592.558080000104,11,5.060790076623332,RankSurprise
microVIMPPN_R_1-2+,0,560849.5104,561477.79584,628.2854400000069,560849.5104,561477.79584,628.2854400000069,4,3.9664633650889094,RankSurprise
microVIMPPN_R_1-2+,0,577794.74432,578432.86016,638.115839999984,577794.74432,578432.86016,638.115839999984,4,3.836264066709898,RankSurprise
microVIMPPN_R_1-2+,0,597204.04992,597464.35072,260.30079999996815,597204.04992,597464.35072,260.30079999996815,4,6.144327562856262,RankSurprise
microVIMPPN_R_1-2+,0,639075.45088,640072.78592,997.3350400000345,639075.45088,640072.78592,997.3350400000345,5,4.19058841639,RankSurprise
microVIMPPN_R_1-2+,1,49181.77792,49258.74176,76.96383999999671,49181.77792,49258.74176,76.96383999999671,3,5.222084132424191,RankSurprise
microVIMPPN_R_1-2+,1,129187.34848,130033.21344,845.8649600000062,129187.34848,130033.21344,845.8649600000062,6,4.978781597461214,RankSurprise
microVIMPPN_R_1-2+,1,135294.44352,135507.18976,212.74624000000767,135294.44352,135507.18976,212.74624000000767,3,3.5091055410492498,RankSurprise
microVIMPPN_R_1-2+,1,173335.87968,176534.3232,3198.4435200000007,173335.87968,176534.3232,3198.4435200000007,12,5.4445807340176815,RankSurprise
microVIMPPN_R_1-2+,1,294594.3552,294789.9392,195.58400000003166,294594.3552,294789.9392,195.58400000003166,4,5.832388363307373,RankSurprise
microVIMPPN_R_1-2+,1,315187.4048,319444.00896,4256.604159999988,315187.4048,319444.00896,4256.604159999988,15,6.2521163280629635,RankSurprise
microVIMPPN_R_1-2+,1,330958.47936,332097.90464,1139.425280000025,330958.47936,332097.90464,1139.425280000025,7,5.157860769085701,RankSurprise
microVIMPPN_R_1-2+,1,343712.5632,344519.80288,807.2396799999988,343712.5632,344519.80288,807.2396799999988,7,7.531719903268133,RankSurprise
microVIMPPN_R_1-2+,1,363491.9424,364792.50432,1300.5619200000074,363491.9424,364792.50432,1300.5619200000074,7,4.6957602780407175,RankSurprise
microVIMPPN_R_1-2+,1,378033.64352,381449.46176,3415.8182399999932,378033.64352,381449.46176,3415.8182399999932,12,5.188441786208379,RankSurprise
microVIMPPN_R_1-2+,1,412028.27264,412153.11872,124.84608000004664,412028.27264,412153.11872,124.84608000004664,3,4.424076061497852,RankSurprise
microVIMPPN_R_1-2+,1,413895.92576,415855.4112,1959.4854399999604,413895.92576,415855.4112,1959.4854399999604,8,4.158028309820304,RankSurprise
microVIMPPN_R_1-2+,1,421750.66112,421896.15104,145.4899200000218,421750.66112,421896.15104,145.4899200000218,3,4.032196067979994,RankSurprise
microVIMPPN_R_1-2+,1,435887.63648,438202.40896,2314.772479999985,435887.63648,438202.40896,2314.772479999985,13,9.473342087646126,RankSurprise
microVIMPPN_R_1-2+,1,442255.85152,446045.83936,3789.987839999958,442255.85152,446045.83936,3789.987839999958,15,7.095094196943426,RankSurprise
microVIMPPN_R_1-2+,1,486182.42048,486804.52096,622.1004800000228,486182.42048,486804.52096,622.1004800000228,6,6.728455925996986,RankSurprise
microVIMPPN_R_1-2+,1,505371.89376,505532.12928,160.23551999998745,505371.89376,505532.12928,160.23551999998745,3,3.8293172567986833,RankSurprise
microVIMPPN_R_1-2+,1,538828.8,538898.80064,70.00063999998383,538828.8,538898.80064,70.00063999998383,3,5.498398056400394,RankSurprise
microVIMPPN_R_1-2+,1,543841.52576,544991.72352,1150.19776000001,543841.52576,544991.72352,1150.19776000001,7,5.10114047236555,RankSurprise
microVIMPPN_R_1-2+,1,561373.184,564427.93984,3054.755839999998,561373.184,564427.93984,3054.755839999998,12,6.269534789725508,RankSurprise
microVIMPPN_R_1-2+,1,579337.46176,580021.16608,683.7043200000189,579337.46176,580021.16608,683.7043200000189,5,4.29320254217561,RankSurprise
microVIMPPN_R_1-3+,0,6030.90944,6187.2128,156.30335999999988,6030.90944,6187.2128,156.30335999999988,3,4.085744325356238,RankSurprise
microVIMPPN_R_1-3+,0,43552.80896,49302.7328,5749.923839999996,43552.80896,49302.7328,5749.923839999996,17,6.845849195594995,RankSurprise
microVIMPPN_R_1-3+,0,129345.9456,129758.8224,412.8767999999982,129345.9456,129758.8224,412.8767999999982,4,4.181936373322625,RankSurprise
microVIMPPN_R_1-3+,0,273546.81344,273744.65024,197.83679999999003,273546.81344,273744.65024,197.83679999999003,3,3.6180992720528895,RankSurprise
microVIMPPN_R_1-3+,0,300450.11968,300740.8128,290.6931200000108,300450.11968,300740.8128,290.6931200000108,4,5.14177929116615,RankSurprise
microVIMPPN_R_1-3+,0,333542.07232,335328.95232,1786.8800000000047,333542.07232,335328.95232,1786.8800000000047,9,6.248781490900994,RankSurprise
microVIMPPN_R_1-3+,0,372761.64096,372793.50784,31.86687999998685,372761.64096,372793.50784,31.86687999998685,3,7.209881235788405,RankSurprise
microVIMPPN_R_1-3+,0,379791.68768,384227.5328,4435.845120000013,379791.68768,384227.5328,4435.845120000013,16,7.863607725036332,RankSurprise
microVIMPPN_R_1-3+,0,386209.46432,386742.19008,532.725759999943,386209.46432,386742.19008,532.725759999943,5,5.403146955715304,RankSurprise
microVIMPPN_R_1-3+,0,419680.33792,419841.35168,161.01376000000164,419680.33792,419841.35168,161.01376000000164,3,3.990486065284017,RankSurprise
microVIMPPN_R_1-3+,0,435796.74624,436010.68032,213.93407999997726,435796.74624,436010.68032,213.93407999997726,4,5.860816216436872,RankSurprise
microVIMPPN_R_1-3+,0,447690.26048,449108.86912,1418.6086399999913,447690.26048,449108.86912,1418.6086399999913,6,3.9423785287137565,RankSurprise
microVIMPPN_R_1-3+,0,487035.4944,488288.74752,1253.2531199999503,487035.4944,488288.74752,1253.2531199999503,7,5.346775414451734,RankSurprise
microVIMPPN_R_1-3+,0,493967.27808,494174.08512,206.80703999998514,493967.27808,494174.08512,206.80703999998514,3,3.512810315305966,RankSurprise
microVIMPPN_R_1-3+,0,534332.25216,535442.0224,1109.7702399999835,534332.25216,535442.0224,1109.7702399999835,6,4.433612149015732,RankSurprise
microVIMPPN_R_1-3+,0,539394.37568,546013.67552,6619.299839999992,539394.37568,546013.67552,6619.299839999992,24,11.195384674770745,RankSurprise
microVIMPPN_R_1-3+,0,552006.0416,552849.48992,843.4483199999668,552006.0416,552849.48992,843.4483199999668,6,5.345218616582589,RankSurprise
microVIMPPN_R_1-3+,0,624218.56256,624386.94912,168.38656000001356,624218.56256,624386.94912,168.38656000001356,3,3.8995594368627096,RankSurprise
microVIMPPN_R_1-3+,0,637448.06912,640072.74496,2624.67584000004,637448.06912,640072.74496,2624.67584000004,10,5.076051781832357,RankSurprise
microVIMPPN_R_2-3+,1,39107.91168,39163.94496,56.03328000000329,39107.91168,39163.94496,56.03328000000329,3,5.740383358357889,RankSurprise
microVIMPPN_R_2-3+,1,52067.5328,52209.62304,142.09023999999772,52067.5328,52209.62304,142.09023999999772,3,4.089843770238236,RankSurprise
microVIMPPN_R_2-3+,1,54487.69536,58312.37632,3824.680960000005,54487.69536,58312.37632,3824.680960000005,12,3.6127670338477897,RankSurprise
microVIMPPN_R_2-3+,1,78166.6304,78225.73568,59.105280000003404,78166.6304,78225.73568,59.105280000003404,3,5.71007800886256,RankSurprise
microVIMPPN_R_2-3+,1,86867.31264,86973.68576,106.37311999998929,86867.31264,86973.68576,106.37311999998929,3,4.787025926010362,RankSurprise
microVIMPPN_R_2-3+,1,104562.72896,105416.2944,853.5654400000058,104562.72896,105416.2944,853.5654400000058,7,6.731736797417966,RankSurprise
microVIMPPN_R_2-3+,1,126406.77888,127156.75648,749.9775999999983,126406.77888,127156.75648,749.9775999999983,5,3.833610448908786,RankSurprise
microVIMPPN_R_2-3+,1,145458.33984,146316.6976,858.3577600000135,145458.33984,146316.6976,858.3577600000135,7,6.656875848216416,RankSurprise
microVIMPPN_R_2-3+,1,171031.87968,171204.8128,172.9331200000015,171031.87968,171204.8128,172.9331200000015,3,3.7352560141471116,RankSurprise
microVIMPPN_R_2-3+,1,173726.9248,173824.73728,97.81247999999323,173726.9248,173824.73728,97.81247999999323,3,4.694414803175201,RankSurprise
microVIMPPN_R_2-3+,1,206985.0112,207028.71552,43.70431999998982,206985.0112,207028.71552,43.70431999998982,3,6.145149410163555,RankSurprise
microVIMPPN_R_2-3+,1,235161.88672,235356.93824,195.05151999997906,235161.88672,235356.93824,195.05151999997906,3,3.7019216519373295,RankSurprise
microVIMPPN_R_2-3+,1,249916.6208,250497.96608,581.3452800000086,249916.6208,250497.96608,581.3452800000086,5,4.86781536835209,RankSurprise
microVIMPPN_R_2-3+,1,257288.35584,257330.7904,42.434559999994235,257288.35584,257330.7904,42.434559999994235,3,6.221356018974198,RankSurprise
microVIMPPN_R_2-3+,1,266800.45568,266966.016,165.5603199999896,266800.45568,266966.016,165.5603199999896,3,3.780584097141908,RankSurprise
microVIMPPN_R_2-3+,1,268285.7472,268403.17952,117.43232000002172,268285.7472,268403.17952,117.43232000002172,3,4.271789558715774,RankSurprise
microVIMPPN_R_2-3+,1,273709.17888,273809.94048,100.7615999999689,273709.17888,273809.94048,100.7615999999689,3,4.571566811016531,RankSurprise
microVIMPPN_R_2-3+,1,309708.26752,311625.03168,1916.7641600000206,309708.26752,311625.03168,1916.7641600000206,8,3.765833990692636,RankSurprise
microVIMPPN_R_2-3+,1,318932.04992,319705.7024,773.6524799999897,318932.04992,319705.7024,773.6524799999897,5,3.9566072917360877,RankSurprise
microVIMPPN_R_2-3+,1,323182.42816,327778.83648,4596.408319999988,323182.42816,327778.83648,4596.408319999988,17,6.818477056255786,RankSurprise
microVIMPPN_R_2-3+,1,361657.09824,361807.4624,150.36415999999736,361657.09824,361807.4624,150.36415999999736,3,4.05010692804124,RankSurprise
microVIMPPN_R_2-3+,1,371630.12096,372015.9232,385.8022400000482,371630.12096,372015.9232,385.8022400000482,5,6.100302083929179,RankSurprise
microVIMPPN_R_2-3+,1,435888.61952,436439.8592,551.2396799999988,435888.61952,436439.8592,551.2396799999988,6,7.027367627484612,RankSurprise
microVIMPPN_R_2-3+,1,443788.9024,444648.73472,859.8323199999868,443788.9024,444648.73472,859.8323199999868,5,3.5443941712387286,RankSurprise
microVIMPPN_R_2-3+,1,481411.64544,483612.09856,2200.45312000002,481411.64544,483612.09856,2200.45312000002,9,4.4758579795472135,RankSurprise
microVIMPPN_R_2-3+,1,491305.32864,491457.45408,152.12543999997433,491305.32864,491457.45408,152.12543999997433,3,3.8624675784599383,RankSurprise
microVIMPPN_R_2-3+,1,501493.5552,502242.95936,749.4041599999764,501493.5552,502242.95936,749.4041599999764,5,3.827846744192037,RankSurprise
microVIMPPN_R_2-3+,1,512976.97792,513003.7248,26.746880000049714,512976.97792,513003.7248,26.746880000049714,3,7.081557284197309,RankSurprise
microVIMPPN_R_2-3+,1,513634.79552,516784.25088,3149.4553600000218,513634.79552,516784.25088,3149.4553600000218,11,4.446649511985636,RankSurprise
microVIMPPN_R_2-3+,1,559864.38144,560010.69056,146.3091199999908,559864.38144,560010.69056,146.3091199999908,3,4.171767440444043,RankSurprise
microVIMPPN_R_2-3+,1,573162.33216,573220.53632,58.20415999996476,573162.33216,573220.53632,58.20415999996476,3,5.650811160506585,RankSurprise
microVIMPPN_R_2-3+,2,18739.56864,18887.51616,147.9475199999979,18739.56864,18887.51616,147.9475199999979,3,4.404705834267494,RankSurprise
microVIMPPN_R_2-3+,2,80397.39392,81325.79328,928.3993599999958,80397.39392,81325.79328,928.3993599999958,6,5.114593739517481,RankSurprise
microVIMPPN_R_2-3+,2,146896.77312,147182.71488,285.9417600000161,146896.77312,147182.71488,285.9417600000161,5,8.135430332441729,RankSurprise
microVIMPPN_R_2-3+,2,154077.88032,155026.26816,948.3878400000103,154077.88032,155026.26816,948.3878400000103,6,5.185517199893916,RankSurprise
microVIMPPN_R_2-3+,2,169964.29824,172175.60576,2211.307520000002,169964.29824,172175.60576,2211.307520000002,8,4.203148873529466,RankSurprise
microVIMPPN_R_2-3+,2,200330.32192,200817.78688,487.46496000001207,200330.32192,200817.78688,487.46496000001207,4,4.205818005681493,RankSurprise
microVIMPPN_R_2-3+,2,229132.86144,229641.25696,508.39551999999094,229132.86144,229641.25696,508.39551999999094,4,3.7853759834276666,RankSurprise
microVIMPPN_R_2-3+,2,268343.99232,268639.68256,295.69023999996716,268343.99232,268639.68256,295.69023999996716,4,5.5441388021414575,RankSurprise
microVIMPPN_R_2-3+,2,319575.40864,320075.61216,500.20352000003913,319575.40864,320075.61216,500.20352000003913,4,3.895049269346856,RankSurprise
microVIMPPN_R_2-3+,2,323350.89664,326235.83232,2884.935679999995,323350.89664,326235.83232,2884.935679999995,12,6.948343753034806,RankSurprise
microVIMPPN_R_2-3+,2,332541.50144,333398.79424,857.2927999999956,332541.50144,333398.79424,857.2927999999956,5,3.8768558717676633,RankSurprise
microVIMPPN_R_2-3+,2,382468.38272,386533.74464,4065.3619199999957,382468.38272,386533.74464,4065.3619199999957,15,6.674037536070762,RankSurprise
microVIMPPN_R_2-3+,2,398273.7408,398575.77984,302.0390399999451,398273.7408,398575.77984,302.0390399999451,4,5.395791976165086,RankSurprise
microVIMPPN_R_2-3+,2,430152.13056,431015.19872,863.0681599999662,430152.13056,431015.19872,863.0681599999662,5,3.9210902678220023,RankSurprise
microVIMPPN_R_2-3+,2,435537.55136,436009.53344,471.98208000004524,435537.55136,436009.53344,471.98208000004524,4,4.050610127122798,RankSurprise
microVIMPPN_R_2-3+,2,455325.4912,455544.66816,219.1769600000116,455325.4912,455544.66816,219.1769600000116,3,3.7125561600246755,RankSurprise
microVIMPPN_R_2-3+,2,489456.59904,491815.5264,2358.9273599999724,489456.59904,491815.5264,2358.9273599999724,9,4.927338852917424,RankSurprise
microVIMPPN_R_2-3+,2,497789.70624,498009.21088,219.5046399999992,497789.70624,498009.21088,219.5046399999992,3,3.785513251627842,RankSurprise
microVIMPPN_R_2-3+,2,536377.79456,536825.89696,448.1024000000907,536377.79456,536825.89696,448.1024000000907,4,4.17938596464311,RankSurprise
microVIMPPN_R_2-3+,2,546670.10048,546877.19424,207.09375999995973,546670.10048,546877.19424,207.09375999995973,3,3.8104359343906307,RankSurprise
microVIMPPN_R_2-3+,2,570715.46368,570831.91296,116.44927999994252,570715.46368,570831.91296,116.44927999994252,3,4.988540767634342,RankSurprise
microVIMPPN_R_2-3+,2,579970.53952,580705.6896,735.1500800000504,579970.53952,580705.6896,735.1500800000504,6,6.567116297840009,RankSurprise
microVIMPPN_R_2-3+,2,601820.07808,602378.4448,558.3667200000491,601820.07808,602378.4448,558.3667200000491,4,3.5134630710753783,RankSurprise
microVIMPPN_R_2-3+,2,638114.77504,638417.83808,303.0630400000373,638114.77504,638417.83808,303.0630400000373,4,5.330712685565459,RankSurprise
microVIMPPN_R_2-3+,3,116082.4832,116193.8944,111.41120000000228,116082.4832,116193.8944,111.41120000000228,3,4.265310477215916,RankSurprise
microVIMPPN_R_2-3+,3,117272.73984,117917.20448,644.4646400000056,117272.73984,117917.20448,644.4646400000056,5,3.562527455927899,RankSurprise
microVIMPPN_R_2-3+,3,129448.30464,129577.82016,129.51552000000083,129448.30464,129577.82016,129.51552000000083,3,3.9416873318612105,RankSurprise
microVIMPPN_R_2-3+,3,140684.04224,140985.38496,301.342719999986,140684.04224,140985.38496,301.342719999986,4,4.250305993730134,RankSurprise
microVIMPPN_R_2-3+,3,189563.33056,189649.22368,85.89311999999336,189563.33056,189649.22368,85.89311999999336,3,4.651603840698986,RankSurprise
microVIMPPN_R_2-3+,3,190878.9248,190953.75872,74.83392000000458,190878.9248,190953.75872,74.83392000000458,3,4.8237552766552305,RankSurprise
microVIMPPN_R_2-3+,3,201769.7792,203533.47584,1763.6966400000092,201769.7792,203533.47584,1763.6966400000092,10,6.200449005048411,RankSurprise
microVIMPPN_R_2-3+,3,243834.6752,243991.7568,157.08160000000498,243834.6752,243991.7568,157.08160000000498,3,3.5810625621982055,RankSurprise
microVIMPPN_R_2-3+,3,272197.632,272627.54816,429.9161600000225,272197.632,272627.54816,429.9161600000225,5,4.9067466055848215,RankSurprise
microVIMPPN_R_2-3+,3,288686.20288,288807.40352,121.20063999999547,288686.20288,288807.40352,121.20063999999547,3,4.040473445395373,RankSurprise
microVIMPPN_R_2-3+,3,304307.48672,304465.3056,157.81888000003528,304307.48672,304465.3056,157.81888000003528,3,3.5810625621982055,RankSurprise
microVIMPPN_R_2-3+,3,311030.25152,314529.13664,3498.8851199999917,311030.25152,314529.13664,3498.8851199999917,14,4.667523632125942,RankSurprise
microVIMPPN_R_2-3+,3,332362.50624,333147.25888,784.7526399999624,332362.50624,333147.25888,784.7526399999624,6,4.373073178616826,RankSurprise
microVIMPPN_R_2-3+,3,339135.77472,339172.51584,36.7411200000206,339135.77472,339172.51584,36.7411200000206,3,6.4067257784324845,RankSurprise
microVIMPPN_R_2-3+,3,341097.84064,342324.10112,1226.2604799999972,341097.84064,342324.10112,1226.2604799999972,7,3.8292988464108046,RankSurprise
microVIMPPN_R_2-3+,3,352500.28544,352836.608,336.3225600000005,352500.28544,352836.608,336.3225600000005,5,5.772348303717791,RankSurprise
microVIMPPN_R_2-3+,3,367775.49824,367885.14816,109.6499199999962,367775.49824,367885.14816,109.6499199999962,3,4.155088914260109,RankSurprise
microVIMPPN_R_2-3+,3,373290.10688,373449.89184,159.78496000001905,373290.10688,373449.89184,159.78496000001905,3,3.5810625621982055,RankSurprise
microVIMPPN_R_2-3+,3,375519.92832,375676.928,156.99968000000808,375519.92832,375676.928,156.99968000000808,3,3.5412204490818393,RankSurprise
microVIMPPN_R_2-3+,3,378634.52672,380402.11456,1767.5878399999929,378634.52672,380402.11456,1767.5878399999929,10,5.006384893764224,RankSurprise
microVIMPPN_R_2-3+,3,392843.10016,393438.208,595.1078400000115,392843.10016,393438.208,595.1078400000115,5,3.8127441507269175,RankSurprise
microVIMPPN_R_2-3+,3,402109.0304,403994.33728,1885.3068799999892,402109.0304,403994.33728,1885.3068799999892,13,8.713766496750669,RankSurprise
microVIMPPN_R_2-3+,3,415561.64608,416319.16032,757.5142400000477,415561.64608,416319.16032,757.5142400000477,5,3.5375143128391784,RankSurprise
microVIMPPN_R_2-3+,3,429828.3008,429933.73184,105.43103999999585,429828.3008,429933.73184,105.43103999999585,3,4.288102931689853,RankSurprise
microVIMPPN_R_2-3+,3,448040.50944,448323.33824,282.8288000000175,448040.50944,448323.33824,282.8288000000175,4,4.375737209011451,RankSurprise
microVIMPPN_R_2-3+,3,464486.64576,464725.97504,239.32928000000538,464486.64576,464725.97504,239.32928000000538,4,4.802449608847581,RankSurprise
microVIMPPN_R_2-3+,3,473556.7872,474491.12576,934.3385600000038,473556.7872,474491.12576,934.3385600000038,6,3.7351282633812426,RankSurprise
microVIMPPN_R_2-3+,3,485864.36608,490136.82176,4272.455680000014,485864.36608,490136.82176,4272.455680000014,16,4.156511208919405,RankSurprise
microVIMPPN_R_2-3+,3,498418.19648,499405.86496,987.668479999993,498418.19648,499405.86496,987.668479999993,7,4.882352753752273,RankSurprise
microVIMPPN_R_2-3+,3,508401.4592,510390.0672,1988.6080000000075,508401.4592,510390.0672,1988.6080000000075,11,5.849113490287347,RankSurprise
microVIMPPN_R_2-3+,3,524237.49632,524378.03008,140.53376000007847,524237.49632,524378.03008,140.53376000007847,3,3.7227891226397922,RankSurprise
microVIMPPN_R_2-3+,3,538421.98528,540931.4816,2509.4963200000348,538421.98528,540931.4816,2509.4963200000348,11,3.7005947451165175,RankSurprise
microVIMPPN_R_2-3+,3,544222.208,547358.9248,3136.716800000053,544222.208,547358.9248,3136.716800000053,14,4.76671430724817,RankSurprise
microVIMPPN_R_2-3+,3,553703.75168,553818.56256,114.81088000000454,553703.75168,553818.56256,114.81088000000454,3,4.231601548096931,RankSurprise
microVIMPPN_R_2-3+,3,561239.28576,561401.73312,162.44735999999102,561239.28576,561401.73312,162.44735999999102,3,3.533346392650934,RankSurprise
microVIMPPN_R_2-3+,3,565300.4288,565332.74624,32.31744000001345,565300.4288,565332.74624,32.31744000001345,4,10.816593740772104,RankSurprise
microVIMPPN_R_2-3+,3,572064.44032,573420.62592,1356.185599999968,572064.44032,573420.62592,1356.185599999968,8,4.407788771367772,RankSurprise
microVIMPPN_R_2-3+,3,575740.76416,575877.3248,136.5606399999233,575740.76416,575877.3248,136.5606399999233,3,3.802095051495499,RankSurprise
microVIMPPN_R_2-3+,3,622210.37568,622345.91232,135.5366399999475,622210.37568,622345.91232,135.5366399999475,3,3.7931263815127387,RankSurprise
microVIMPPN_R_2-3+,3,626096.37376,626250.91584,154.54208000004292,626096.37376,626250.91584,154.54208000004292,3,3.6382095451805547,RankSurprise
microVIMPPN_R_2-3+,3,639649.21856,640052.0192,402.8006400000304,639649.21856,640052.0192,402.8006400000304,6,7.207332590796405,RankSurprise
microVIMPPN_R_4-5+,0,45604.20864,46969.28256,1365.0739200000025,45604.20864,46969.28256,1365.0739200000025,6,3.5377849783734834,RankSurprise
microVIMPPN_R_4-5+,0,64414.55616,69081.33376,4666.777599999994,64414.55616,69081.33376,4666.777599999994,13,3.949821107584049,RankSurprise
microVIMPPN_R_4-5+,0,93996.35968,95239.00416,1242.6444800000027,93996.35968,95239.00416,1242.6444800000027,6,4.040726361513693,RankSurprise
microVIMPPN_R_4-5+,0,139880.0384,140412.3136,532.2752000000037,139880.0384,140412.3136,532.2752000000037,4,3.8712100833833603,RankSurprise
microVIMPPN_R_4-5+,0,153048.63744,153533.0304,484.3929599999974,153048.63744,153533.0304,484.3929599999974,5,5.944645601002986,RankSurprise
microVIMPPN_R_4-5+,0,195657.85088,195698.11456,40.263679999974556,195657.85088,195698.11456,40.263679999974556,3,6.3372703792692295,RankSurprise
microVIMPPN_R_4-5+,0,254289.42848,254514.29888,224.87039999998524,254289.42848,254514.29888,224.87039999998524,3,3.5456334620587544,RankSurprise
microVIMPPN_R_4-5+,0,304970.46528,306234.73664,1264.2713600000134,304970.46528,306234.73664,1264.2713600000134,6,4.272805881464011,RankSurprise
microVIMPPN_R_4-5+,0,313343.67232,313864.76544,521.0931199999759,313343.67232,313864.76544,521.0931199999759,4,3.7559810681948704,RankSurprise
microVIMPPN_R_4-5+,0,316950.65088,321193.20576,4242.554880000011,316950.65088,321193.20576,4242.554880000011,16,7.636127207015994,RankSurprise
microVIMPPN_R_4-5+,0,332527.16544,333188.62848,661.4630400000024,332527.16544,333188.62848,661.4630400000024,5,5.250595262112952,RankSurprise
microVIMPPN_R_4-5+,0,352847.42144,352959.73376,112.31231999996817,352847.42144,352959.73376,112.31231999996817,4,7.889013688271056,RankSurprise
microVIMPPN_R_4-5+,0,392954.51136,393238.77376,284.2624000000069,392954.51136,393238.77376,284.2624000000069,5,7.869457493216103,RankSurprise
microVIMPPN_R_4-5+,0,396372.13184,397618.09408,1245.9622400000226,396372.13184,397618.09408,1245.9622400000226,10,10.675091587131693,RankSurprise
microVIMPPN_R_4-5+,0,405361.664,405423.84128,62.17728000000352,405361.664,405423.84128,62.17728000000352,3,5.9683628668948625,RankSurprise
microVIMPPN_R_4-5+,0,432831.6928,433010.688,178.99520000000484,432831.6928,433010.688,178.99520000000484,3,4.057245558535358,RankSurprise
microVIMPPN_R_4-5+,0,496029.45024,496523.0592,493.6089600000414,496029.45024,496523.0592,493.6089600000414,5,5.884942335074648,RankSurprise
microVIMPPN_R_4-5+,0,517434.53184,519711.17056,2276.638719999988,517434.53184,519711.17056,2276.638719999988,10,6.429653815831829,RankSurprise
microVIMPPN_R_4-5+,0,522005.99552,523072.38912,1066.3936000000103,522005.99552,523072.38912,1066.3936000000103,6,4.764963499392015,RankSurprise
microVIMPPN_R_4-5+,0,536137.9328,536635.43296,497.50016000005417,536137.9328,536635.43296,497.50016000005417,4,3.9816526959487213,RankSurprise
microVIMPPN_R_4-5+,0,539452.78464,541353.24672,1900.4620800000848,539452.78464,541353.24672,1900.4620800000848,9,5.833983156885072,RankSurprise
microVIMPPN_R_4-5+,0,556570.54208,556960.31744,389.77535999997053,556570.54208,556960.31744,389.77535999997053,4,4.616136640020674,RankSurprise
microVIMPPN_R_4-5+,0,573009.01888,573103.96416,94.94527999998536,573009.01888,573103.96416,94.94527999998536,3,5.0951869451602505,RankSurprise
microVIMPPN_R_4-5+,3,35445.02272,35593.0112,147.98847999999998,35445.02272,35593.0112,147.98847999999998,3,5.046347687429151,RankSurprise
microVIMPPN_R_4-5+,3,39771.62752,39862.59968,90.97215999999753,39771.62752,39862.59968,90.97215999999753,3,6.015468993009743,RankSurprise
microVIMPPN_R_4-5+,3,41298.69824,41545.68704,246.98879999999917,41298.69824,41545.68704,246.98879999999917,5,9.462884480383153,RankSurprise
microVIMPPN_R_4-5+,3,86662.67648,87275.15136,612.4748800000089,86662.67648,87275.15136,612.4748800000089,4,3.833341398005544,RankSurprise
microVIMPPN_R_4-5+,3,93102.81728,93404.5696,301.7523199999996,93102.81728,93404.5696,301.7523199999996,4,6.218181165974425,RankSurprise
microVIMPPN_R_4-5+,3,142667.89888,146054.92224,3387.023360000021,142667.89888,146054.92224,3387.023360000021,9,3.7861522108799046,RankSurprise
microVIMPPN_R_4-5+,3,178588.13952,179034.15296,446.0134400000097,178588.13952,179034.15296,446.0134400000097,4,4.862188312529781,RankSurprise
microVIMPPN_R_4-5+,3,193245.10208,194881.08544,1635.9833599999838,193245.10208,194881.08544,1635.9833599999838,7,4.921438479608721,RankSurprise
microVIMPPN_R_4-5+,3,300154.30656,300918.29248,763.9859200000064,300154.30656,300918.29248,763.9859200000064,5,4.897297878840831,RankSurprise
microVIMPPN_R_4-5+,3,317670.52288,320901.03808,3230.5152000000235,317670.52288,320901.03808,3230.5152000000235,13,8.484561940092565,RankSurprise
microVIMPPN_R_4-5+,3,322706.30912,323712.77824,1006.4691200000234,322706.30912,323712.77824,1006.4691200000234,6,5.844596164899539,RankSurprise
microVIMPPN_R_4-5+,3,335747.15392,336912.91648,1165.7625600000028,335747.15392,336912.91648,1165.7625600000028,5,3.895753433337532,RankSurprise
microVIMPPN_R_4-5+,3,341763.39968,342656.53248,893.1328000000212,341763.39968,342656.53248,893.1328000000212,5,4.307077090843528,RankSurprise
microVIMPPN_R_4-5+,3,348338.62656,348631.36768,292.7411200000206,348338.62656,348631.36768,292.7411200000206,3,3.5284278706931094,RankSurprise
microVIMPPN_R_4-5+,3,355866.70592,356995.76832,1129.0623999999953,355866.70592,356995.76832,1129.0623999999953,7,6.955635589273015,RankSurprise
microVIMPPN_R_4-5+,3,377744.22016,378368.24576,624.0255999999936,377744.22016,378368.24576,624.0255999999936,5,5.994472278210875,RankSurprise
microVIMPPN_R_4-5+,3,387166.08512,387325.00992,158.92479999997886,387166.08512,387325.00992,158.92479999997886,3,4.922269437448383,RankSurprise
microVIMPPN_R_4-5+,3,433228.02176,433417.78944,189.76768000004813,433228.02176,433417.78944,189.76768000004813,3,4.491056943804923,RankSurprise
microVIMPPN_R_4-5+,3,501385.05216,501472.95232,87.90015999996103,501385.05216,501472.95232,87.90015999996103,3,6.12217994776544,RankSurprise
microVIMPPN_R_4-5+,3,502569.20576,503646.53568,1077.3299199999892,502569.20576,503646.53568,1077.3299199999892,5,3.5705726946763754,RankSurprise
microVIMPPN_R_4-5+,3,507698.95424,507867.99616,169.04191999998875,507698.95424,507867.99616,169.04191999998875,3,4.834015052219156,RankSurprise
microVIMPPN_R_4-5+,3,518366.65856,518559.37536,192.7167999999947,518366.65856,518559.37536,192.7167999999947,3,4.515448396929083,RankSurprise
microVIMPPN_R_4-6+,2,74170.65472,75909.81632,1739.1615999999922,74170.65472,75909.81632,1739.1615999999922,15,11.798297251139767,RankSurprise
microVIMPPN_R_4-6+,2,93996.31872,94083.8912,87.57248000000254,93996.31872,94083.8912,87.57248000000254,3,4.307025067098181,RankSurprise
microVIMPPN_R_4-6+,2,116221.41952,117863.99744,1642.5779200000106,116221.41952,117863.99744,1642.5779200000106,10,5.50368599109785,RankSurprise
microVIMPPN_R_4-6+,2,137100.04224,139623.79264,2523.75039999999,137100.04224,139623.79264,2523.75039999999,14,6.554528918244221,RankSurprise
microVIMPPN_R_4-6+,2,171636.85888,171858.45248,221.59359999999288,171636.85888,171858.45248,221.59359999999288,4,4.536123272699566,RankSurprise
microVIMPPN_R_4-6+,2,197815.5008,197834.38336,18.882559999998193,197815.5008,197834.38336,18.882559999998193,3,7.732148484080512,RankSurprise
microVIMPPN_R_4-6+,2,223913.04192,224563.56864,650.5267200000235,223913.04192,224563.56864,650.5267200000235,8,8.043160742406904,RankSurprise
microVIMPPN_R_4-6+,2,271880.3968,272025.72288,145.326080000028,271880.3968,272025.72288,145.326080000028,3,3.628840383251706,RankSurprise
microVIMPPN_R_4-6+,2,305113.33376,305223.10656,109.772799999977,305113.33376,305223.10656,109.772799999977,3,3.9393233077606364,RankSurprise
microVIMPPN_R_4-6+,2,308000.27648,308085.71904,85.44255999999586,308000.27648,308085.71904,85.44255999999586,3,4.331640995512295,RankSurprise
microVIMPPN_R_4-6+,2,322610.46272,322698.40384,87.94111999997403,322610.46272,322698.40384,87.94111999997403,3,4.294829794004363,RankSurprise
microVIMPPN_R_4-6+,2,335403.66336,335895.63392,491.970559999987,335403.66336,335895.63392,491.970559999987,5,4.512318023826474,RankSurprise
microVIMPPN_R_4-6+,2,337764.39296,338024.07936,259.68639999994775,337764.39296,338024.07936,259.68639999994775,4,4.551198744755741,RankSurprise
microVIMPPN_R_4-6+,2,350741.38112,351713.56672,972.1856000000262,350741.38112,351713.56672,972.1856000000262,9,7.526769583958758,RankSurprise
microVIMPPN_R_4-6+,2,355877.92896,355996.50816,118.57920000003651,355877.92896,355996.50816,118.57920000003651,3,3.820769364063013,RankSurprise
microVIMPPN_R_4-6+,2,362542.98112,363540.35712,997.3759999999893,362542.98112,363540.35712,997.3759999999893,7,4.321288814287274,RankSurprise
microVIMPPN_R_4-6+,2,367765.95456,369692.54912,1926.5945599999977,367765.95456,369692.54912,1926.5945599999977,9,3.5425433546263005,RankSurprise
microVIMPPN_R_4-6+,2,390599.02464,390674.0224,74.99775999999838,390599.02464,390674.0224,74.99775999999838,3,4.638914077441244,RankSurprise
microVIMPPN_R_4-6+,2,421308.45696,421396.52096,88.06400000001304,421308.45696,421396.52096,88.06400000001304,3,4.381800857353868,RankSurprise
microVIMPPN_R_4-6+,2,429500.2112,429620.06016,119.84895999997389,429500.2112,429620.06016,119.84895999997389,3,3.727074903123553,RankSurprise
microVIMPPN_R_4-6+,2,435481.31328,436315.7504,834.4371200000169,435481.31328,436315.7504,834.4371200000169,6,3.7742444496103125,RankSurprise
microVIMPPN_R_4-6+,2,464855.94112,464910.25408,54.31296000001021,464855.94112,464910.25408,54.31296000001021,3,5.361582525757923,RankSurprise
microVIMPPN_R_4-6+,2,481991.0656,482111.6928,120.62720000004629,481991.0656,482111.6928,120.62720000004629,3,3.909019504456614,RankSurprise
microVIMPPN_R_4-6+,2,495900.34432,496154.91072,254.56640000001062,495900.34432,496154.91072,254.56640000001062,4,4.2290767144121695,RankSurprise
microVIMPPN_R_4-6+,2,501884.23168,502065.3568,181.12511999998242,501884.23168,502065.3568,181.12511999998242,5,7.879168951275442,RankSurprise
microVIMPPN_R_4-6+,2,502914.8672,503467.54048,552.6732800000464,502914.8672,503467.54048,552.6732800000464,5,3.6756318359576134,RankSurprise
microVIMPPN_R_4-6+,2,506808.32,508129.32096,1321.0009599999757,506808.32,508129.32096,1321.0009599999757,10,7.094482250262921,RankSurprise
microVIMPPN_R_4-6+,2,509546.7008,509828.83328,282.1324800000293,509546.7008,509828.83328,282.1324800000293,4,3.9443796040612824,RankSurprise
microVIMPPN_R_4-6+,2,514877.35808,516948.29568,2070.9376000000047,514877.35808,516948.29568,2070.9376000000047,16,12.127436486539043,RankSurprise
microVIMPPN_R_4-6+,2,521473.76128,524373.11488,2899.3536000000313,521473.76128,524373.11488,2899.3536000000313,14,5.426043199200914,RankSurprise
microVIMPPN_R_4-6+,2,574461.91104,574543.17568,81.2646399999503,574461.91104,574543.17568,81.2646399999503,3,4.581970007867975,RankSurprise
microVIMPPN_R_4-6+,2,613122.49856,614451.89632,1329.3977600000799,613122.49856,614451.89632,1329.3977600000799,8,4.135885759926485,RankSurprise
microVIMPPN_R_4-6+,2,623887.31904,624182.51776,295.19871999998577,623887.31904,624182.51776,295.19871999998577,4,4.000456164370629,RankSurprise
microVIMPPN_R_4-6+,3,36557.37344,44319.04768,7761.67424,36557.37344,44319.04768,7761.67424,26,10.473459018557461,RankSurprise
microVIMPPN_R_4-6+,3,47888.13824,48272.26112,384.1228800000026,47888.13824,48272.26112,384.1228800000026,4,4.189879541350926,RankSurprise
microVIMPPN_R_4-6+,3,59432.42752,60558.82752,1126.4000000000015,59432.42752,60558.82752,1126.4000000000015,7,5.630548450863403,RankSurprise
microVIMPPN_R_4-6+,3,105703.424,106003.21024,299.78624000000127,105703.424,106003.21024,299.78624000000127,4,4.720343024824935,RankSurprise
microVIMPPN_R_4-6+,3,124235.776,124295.90528,60.12928000000829,124235.776,124295.90528,60.12928000000829,3,5.563244855581791,RankSurprise
microVIMPPN_R_4-6+,3,137782.14912,144035.84,6253.690880000009,137782.14912,144035.84,6253.690880000009,22,9.819064409831155,RankSurprise
microVIMPPN_R_4-6+,3,191152.90624,191986.97472,834.0684799999872,191152.90624,191986.97472,834.0684799999872,5,3.6202288240816713,RankSurprise
microVIMPPN_R_4-6+,3,234206.57664,234314.46528,107.88863999999012,234206.57664,234314.46528,107.88863999999012,3,4.5989997305856,RankSurprise
microVIMPPN_R_4-6+,3,309907.12832,311270.31808,1363.1897599999793,309907.12832,311270.31808,1363.1897599999793,7,4.4495828963145545,RankSurprise
microVIMPPN_R_4-6+,3,318023.14752,321819.11552,3795.9679999999935,318023.14752,321819.11552,3795.9679999999935,19,12.872581472566427,RankSurprise
microVIMPPN_R_4-6+,3,324793.22112,329782.6816,4989.460480000009,324793.22112,329782.6816,4989.460480000009,15,5.1361948162621704,RankSurprise
microVIMPPN_R_4-6+,3,342596.07552,343206.62528,610.5497599999653,342596.07552,343206.62528,610.5497599999653,6,6.233681491297858,RankSurprise
microVIMPPN_R_4-6+,3,386742.51776,388682.87488,1940.3571200000006,386742.51776,388682.87488,1940.3571200000006,9,5.320252366294191,RankSurprise
microVIMPPN_R_4-6+,3,408935.87456,409210.71616,274.8415999999852,408935.87456,409210.71616,274.8415999999852,4,4.83356533654781,RankSurprise
microVIMPPN_R_4-6+,3,514165.47328,517481.18528,3315.7119999999995,514165.47328,517481.18528,3315.7119999999995,13,6.83919099213949,RankSurprise
microVIMPPN_R_4-6+,3,520643.09248,521612.98432,969.8918399999966,520643.09248,521612.98432,969.8918399999966,7,5.9568860918795705,RankSurprise
microVIMPPN_R_4-6+,3,551011.5328,551777.36192,765.8291200000094,551011.5328,551777.36192,765.8291200000094,5,3.8336135909066016,RankSurprise
microVIMPPN_R_4-6+,3,600797.3888,601306.19392,508.80512000003364,600797.3888,601306.19392,508.80512000003364,4,4.078190662835425,RankSurprise
microVIMPPN_R_5-6+,1,46743.51104,47676.94848,933.4374400000015,46743.51104,47676.94848,933.4374400000015,6,4.8683652693083985,RankSurprise
microVIMPPN_R_5-6+,1,81265.4592,81755.09504,489.63584000000264,81265.4592,81755.09504,489.63584000000264,4,3.6546183252792126,RankSurprise
microVIMPPN_R_5-6+,1,139976.00768,141302.49728,1326.4896000000008,139976.00768,141302.49728,1326.4896000000008,8,6.444400981004737,RankSurprise
microVIMPPN_R_5-6+,1,179273.9328,179390.79168,116.85887999998522,179273.9328,179390.79168,116.85887999998522,3,4.429430817039286,RankSurprise
microVIMPPN_R_5-6+,1,195355.97568,195526.2464,170.27072000000044,195355.97568,195526.2464,170.27072000000044,5,9.30974102598842,RankSurprise
microVIMPPN_R_5-6+,1,207039.24224,209966.81728,2927.575039999996,207039.24224,209966.81728,2927.575039999996,13,6.877975527801059,RankSurprise
microVIMPPN_R_5-6+,1,216604.59008,217360.1792,755.5891200000187,216604.59008,217360.1792,755.5891200000187,5,3.8552802440280303,RankSurprise
microVIMPPN_R_5-6+,1,254192.31232,255247.68768,1055.3753600000055,254192.31232,255247.68768,1055.3753600000055,6,3.9639574684307113,RankSurprise
microVIMPPN_R_5-6+,1,312668.28288,312686.42816,18.145279999997,312668.28288,312686.42816,18.145279999997,3,8.580845605791431,RankSurprise
microVIMPPN_R_5-6+,1,315033.96864,319028.79744,3994.8288000000175,315033.96864,319028.79744,3994.8288000000175,13,5.348756471927757,RankSurprise
microVIMPPN_R_5-6+,1,326052.00384,326110.49472,58.49087999999756,326052.00384,326110.49472,58.49087999999756,3,6.006417504375351,RankSurprise
microVIMPPN_R_5-6+,1,349854.59712,350104.90368,250.30655999999726,349854.59712,350104.90368,250.30655999999726,4,5.476774064193535,RankSurprise
microVIMPPN_R_5-6+,1,357423.84128,357534.88384,111.04256000003079,357423.84128,357534.88384,111.04256000003079,3,4.554474027155537,RankSurprise
microVIMPPN_R_5-6+,1,371896.68864,374120.8576,2224.168959999981,371896.68864,374120.8576,2224.168959999981,8,3.681119589444936,RankSurprise
microVIMPPN_R_5-6+,1,385169.12128,388334.01856,3164.8972799999756,385169.12128,388334.01856,3164.8972799999756,12,5.821748730014792,RankSurprise
microVIMPPN_R_5-6+,1,404532.75648,405298.33984,765.5833599999896,404532.75648,405298.33984,765.5833599999896,6,5.323226002217552,RankSurprise
microVIMPPN_R_5-6+,1,433635.36896,434016.54272,381.17376000003424,433635.36896,434016.54272,381.17376000003424,5,6.142348453738066,RankSurprise
microVIMPPN_R_5-6+,1,451547.38176,451577.6512,30.26944000000367,451547.38176,451577.6512,30.26944000000367,3,7.299911760329367,RankSurprise
microVIMPPN_R_5-6+,1,493994.55744,494313.10336,318.5459200000041,493994.55744,494313.10336,318.5459200000041,4,4.562783323519323,RankSurprise
microVIMPPN_R_5-6+,1,548638.55616,548742.63552,104.07935999997426,548638.55616,548742.63552,104.07935999997426,3,4.788893966537682,RankSurprise
microVIMPPN_R_5-6+,1,623758.17216,623946.38336,188.21120000001974,623758.17216,623946.38336,188.21120000001974,4,5.934670808407308,RankSurprise
microVIMPPN_R_5-6+,1,632801.03424,632998.17472,197.14048000006005,632801.03424,632998.17472,197.14048000006005,3,3.514460296590684,RankSurprise
microVIMPPN_R_5-6+,2,3236.61824,3272.78592,36.16768000000002,3236.61824,3272.78592,36.16768000000002,3,6.444193454496917,RankSurprise
microVIMPPN_R_5-6+,2,18787.49184,19565.28128,777.7894400000005,18787.49184,19565.28128,777.7894400000005,6,3.6204052388492127,RankSurprise
microVIMPPN_R_5-6+,2,32902.63552,33016.79104,114.15551999999298,32902.63552,33016.79104,114.15551999999298,3,3.9128156948082307,RankSurprise
microVIMPPN_R_5-6+,2,37108.69504,37186.9696,78.27455999999802,37108.69504,37186.9696,78.27455999999802,3,4.753557849780988,RankSurprise
microVIMPPN_R_5-6+,2,38345.97376,39375.62624,1029.652479999997,38345.97376,39375.62624,1029.652479999997,9,7.17352183014894,RankSurprise
microVIMPPN_R_5-6+,2,40744.26368,42727.79264,1983.5289600000033,40744.26368,42727.79264,1983.5289600000033,11,4.287812256168586,RankSurprise
microVIMPPN_R_5-6+,2,66810.51136,67032.064,221.55263999999443,66810.51136,67032.064,221.55263999999443,5,6.89641795538633,RankSurprise
microVIMPPN_R_5-6+,2,102503.75168,102756.39296,252.6412799999962,102503.75168,102756.39296,252.6412799999962,5,6.457827911143742,RankSurprise
microVIMPPN_R_5-6+,2,111423.20128,112842.71104,1419.5097600000008,111423.20128,112842.71104,1419.5097600000008,9,4.944811217911,RankSurprise
microVIMPPN_R_5-6+,2,119775.232,119853.13792,77.90591999999015,119775.232,119853.13792,77.90591999999015,3,4.671192556841978,RankSurprise
microVIMPPN_R_5-6+,2,157090.52928,157119.16032,28.631040000007488,157090.52928,157119.16032,28.631040000007488,3,6.950854574586666,RankSurprise
microVIMPPN_R_5-6+,2,158551.8592,158559.76448,7.905280000006314,158551.8592,158559.76448,7.905280000006314,3,9.933683443304751,RankSurprise
microVIMPPN_R_5-6+,2,190189.60896,190285.824,96.21503999998095,190189.60896,190285.824,96.21503999998095,3,4.275095042406209,RankSurprise
microVIMPPN_R_5-6+,2,197115.78112,198607.70816,1491.9270400000096,197115.78112,198607.70816,1491.9270400000096,11,6.247694868700421,RankSurprise
microVIMPPN_R_5-6+,2,202132.11136,204006.44096,1874.3295999999973,202132.11136,204006.44096,1874.3295999999973,13,6.899285943715161,RankSurprise
microVIMPPN_R_5-6+,2,227669.68832,227938.05824,268.36992000002647,227669.68832,227938.05824,268.36992000002647,4,4.056628688215987,RankSurprise
microVIMPPN_R_5-6+,2,234532.70016,235112.28416,579.5840000000026,234532.70016,235112.28416,579.5840000000026,5,3.5393148575698525,RankSurprise
microVIMPPN_R_5-6+,2,256790.3232,256917.21728,126.89407999999821,256790.3232,256917.21728,126.89407999999821,3,3.7032777102824284,RankSurprise
microVIMPPN_R_5-6+,2,274735.88224,274815.5904,79.70815999998013,274735.88224,274815.5904,79.70815999998013,3,4.694381417238175,RankSurprise
microVIMPPN_R_5-6+,2,306331.68896,307505.60256,1173.913600000029,306331.68896,307505.60256,1173.913600000029,8,4.157812073916231,RankSurprise
microVIMPPN_R_5-6+,2,317450.15808,317758.83264,308.6745599999558,317450.15808,317758.83264,308.6745599999558,6,7.808332833121057,RankSurprise
microVIMPPN_R_5-6+,2,320901.03808,322868.10112,1967.063039999979,320901.03808,322868.10112,1967.063039999979,12,5.462561004023155,RankSurprise
microVIMPPN_R_5-6+,2,324415.40608,324785.7664,370.36032000003615,324415.40608,324785.7664,370.36032000003615,5,5.249323623462669,RankSurprise
microVIMPPN_R_5-6+,2,327043.23584,327422.3616,379.12576000002446,327043.23584,327422.3616,379.12576000002446,6,6.906351171780045,RankSurprise
microVIMPPN_R_5-6+,2,328382.54592,330143.70304,1761.157119999989,328382.54592,330143.70304,1761.157119999989,10,4.057544074149057,RankSurprise
microVIMPPN_R_5-6+,2,331075.33824,331118.22336,42.88511999999173,331075.33824,331118.22336,42.88511999999173,3,6.257382771397674,RankSurprise
microVIMPPN_R_5-6+,2,335886.9504,335940.64896,53.69856000004802,335886.9504,335940.64896,53.69856000004802,3,5.433731332977093,RankSurprise
microVIMPPN_R_5-6+,2,342876.07808,344256.26624,1380.1881600000197,342876.07808,344256.26624,1380.1881600000197,10,6.072144968796841,RankSurprise
microVIMPPN_R_5-6+,2,348921.52832,349005.86496,84.33663999999408,348921.52832,349005.86496,84.33663999999408,3,4.494768363334158,RankSurprise
microVIMPPN_R_5-6+,2,351079.38304,351757.27104,677.8880000000354,351079.38304,351757.27104,677.8880000000354,6,4.440959781260207,RankSurprise
microVIMPPN_R_5-6+,2,370784.29696,371345.8176,561.5206400000025,370784.29696,371345.8176,561.5206400000025,5,3.9041889621805375,RankSurprise
microVIMPPN_R_5-6+,2,393466.55232,395665.89952,2199.34719999996,393466.55232,395665.89952,2199.34719999996,12,4.94602899747236,RankSurprise
microVIMPPN_R_5-6+,2,400589.0048,400865.28,276.2752000000328,400589.0048,400865.28,276.2752000000328,4,4.09207220576959,RankSurprise
microVIMPPN_R_5-6+,2,413080.45312,413513.23648,432.78336000000127,413080.45312,413513.23648,432.78336000000127,6,6.273451679563152,RankSurprise
microVIMPPN_R_5-6+,2,420657.19296,420797.72672,140.53375999996206,420657.19296,420797.72672,140.53375999996206,3,3.53310660101471,RankSurprise
microVIMPPN_R_5-6+,2,433609.68704,434881.3312,1271.6441600000253,433609.68704,434881.3312,1271.6441600000253,8,4.321346498719018,RankSurprise
microVIMPPN_R_5-6+,2,484045.66016,484660.34688,614.6867199999979,484045.66016,484660.34688,614.6867199999979,5,3.7085778242297245,RankSurprise
microVIMPPN_R_5-6+,2,509660.32384,510254.08,593.7561599999899,509660.32384,510254.08,593.7561599999899,6,4.923394678965046,RankSurprise
microVIMPPN_R_5-6+,2,513942.36416,518107.46368,4165.099519999989,513942.36416,518107.46368,4165.099519999989,21,6.59317883326109,RankSurprise
microVIMPPN_R_5-6+,2,519773.3888,520089.31328,315.92447999998694,519773.3888,520089.31328,315.92447999998694,4,3.6347171160091065,RankSurprise
microVIMPPN_R_5-6+,2,523831.54176,523924.64384,93.10207999998238,523831.54176,523924.64384,93.10207999998238,3,4.362065774111295,RankSurprise
microVIMPPN_R_5-6+,2,528078.92992,528206.80704,127.877119999961,528078.92992,528206.80704,127.877119999961,3,3.6750584594657845,RankSurprise
microVIMPPN_R_5-6+,2,549102.14144,550292.60288,1190.4614399999846,549102.14144,550292.60288,1190.4614399999846,8,3.8852088309096717,RankSurprise
microVIMPPN_R_5-6+,2,569664.1024,572210.7904,2546.688000000082,569664.1024,572210.7904,2546.688000000082,14,5.582419172103692,RankSurprise
microVIMPPN_R_5-6+,2,601280.9216,601477.57056,196.64896000002045,601280.9216,601477.57056,196.64896000002045,5,7.517689033910582,RankSurprise
microVIMPPN_R_7-8+,0,58181.632,58188.10368,6.4716800000023795,58181.632,58188.10368,6.4716800000023795,3,9.281161201359264,RankSurprise
microVIMPPN_R_7-8+,0,195152.85504,195290.3168,137.4617600000056,195152.85504,195290.3168,137.4617600000056,4,6.62012496502523,RankSurprise
microVIMPPN_R_7-8+,0,197713.46944,197807.43168,93.96224000002258,197713.46944,197807.43168,93.96224000002258,3,4.560680168860177,RankSurprise
microVIMPPN_R_7-8+,0,313077.59616,325066.50624,11988.910080000001,313077.59616,325066.50624,11988.910080000001,51,22.671186824422183,RankSurprise
microVIMPPN_R_7-8+,0,346790.13376,347966.58688,1176.4531200000201,346790.13376,347966.58688,1176.4531200000201,6,3.5758029169004244,RankSurprise
microVIMPPN_R_7-8+,0,380015.04256,380140.05248,125.00992000004044,380015.04256,380140.05248,125.00992000004044,4,6.8909957485927436,RankSurprise
microVIMPPN_R_7-8+,0,386539.1104,390424.82176,3885.7113600000157,386539.1104,390424.82176,3885.7113600000157,12,4.4284668890061765,RankSurprise
microVIMPPN_R_7-8+,0,391752.13056,392462.7456,710.6150400000042,391752.13056,392462.7456,710.6150400000042,5,4.038392200306433,RankSurprise
microVIMPPN_R_7-8+,0,397938.4832,398910.38208,971.8988799999934,397938.4832,398910.38208,971.8988799999934,6,4.9483353616816075,RankSurprise
microVIMPPN_R_7-8+,0,416602.84928,417027.2768,424.42751999996835,416602.84928,417027.2768,424.42751999996835,4,3.773535599583294,RankSurprise
microVIMPPN_R_7-8+,0,424343.01952,425925.95968,1582.9401600000565,424343.01952,425925.95968,1582.9401600000565,8,5.304964285520764,RankSurprise
microVIMPPN_R_7-8+,0,433265.4592,433709.91616,444.45696000003954,433265.4592,433709.91616,444.45696000003954,4,3.707416886297562,RankSurprise
microVIMPPN_R_7-8+,0,494547.80416,494683.62752,135.8233599999803,494547.80416,494683.62752,135.8233599999803,3,3.9778562933001886,RankSurprise
microVIMPPN_R_7-8+,0,504915.23072,508120.71936,3205.488639999996,504915.23072,508120.71936,3205.488639999996,12,5.199601198938183,RankSurprise
microVIMPPN_R_7-8+,0,516651.33568,517532.8768,881.541120000009,516651.33568,517532.8768,881.541120000009,9,9.34516360605485,RankSurprise
microVIMPPN_R_7-8+,0,554216.28416,555467.81696,1251.532799999928,554216.28416,555467.81696,1251.532799999928,7,5.005982770927087,RankSurprise
microVIMPPN_R_7-8+,0,560995.7376,561871.74912,876.0115200000582,560995.7376,561871.74912,876.0115200000582,6,4.507710109438055,RankSurprise
microVIMPPN_R_7-8+,1,49593.7536,49696.03072,102.27712000000611,49593.7536,49696.03072,102.27712000000611,3,4.2454738232396725,RankSurprise
microVIMPPN_R_7-8+,1,71734.51776,71778.0992,43.58143999999447,71734.51776,71778.0992,43.58143999999447,3,6.081204170201211,RankSurprise
microVIMPPN_R_7-8+,1,106562.88768,107181.62944,618.7417600000044,106562.88768,107181.62944,618.7417600000044,6,5.129094260856071,RankSurprise
microVIMPPN_R_7-8+,1,115913.9328,116668.17024,754.2374400000117,115913.9328,116668.17024,754.2374400000117,7,6.15148240714726,RankSurprise
microVIMPPN_R_7-8+,1,121276.33408,123435.45856,2159.1244799999986,121276.33408,123435.45856,2159.1244799999986,10,3.9215589444019523,RankSurprise
microVIMPPN_R_7-8+,1,167924.16256,168192.28672,268.12416000000667,167924.16256,168192.28672,268.12416000000667,4,4.16154263322591,RankSurprise
microVIMPPN_R_7-8+,1,202909.0816,203034.29632,125.21471999998903,202909.0816,203034.29632,125.21471999998903,3,3.853156135488014,RankSurprise
microVIMPPN_R_7-8+,1,216518.2464,216650.05568,131.80927999998676,216518.2464,216650.05568,131.80927999998676,3,3.8128522488494063,RankSurprise
microVIMPPN_R_7-8+,1,226848.19456,228682.30144,1834.1068800000066,226848.19456,228682.30144,1834.1068800000066,9,3.6353676536401758,RankSurprise
microVIMPPN_R_7-8+,1,311412.40832,311518.37184,105.96351999999024,311412.40832,311518.37184,105.96351999999024,3,4.160611829130186,RankSurprise
microVIMPPN_R_7-8+,1,313934.2336,315986.00192,2051.768320000032,313934.2336,315986.00192,2051.768320000032,14,9.036235210094386,RankSurprise
microVIMPPN_R_7-8+,1,317944.09472,328432.47616,10488.381440000026,317944.09472,328432.47616,10488.381440000026,41,10.826661498883992,RankSurprise
microVIMPPN_R_7-8+,1,347678.1056,348149.71904,471.61343999998644,347678.1056,348149.71904,471.61343999998644,5,4.2239531676982125,RankSurprise
microVIMPPN_R_7-8+,1,355934.04416,356007.07584,73.0316800000146,355934.04416,356007.07584,73.0316800000146,3,5.022646275434958,RankSurprise
microVIMPPN_R_7-8+,1,362756.62848,363563.2128,806.5843199999654,362756.62848,363563.2128,806.5843199999654,7,6.116446081183623,RankSurprise
microVIMPPN_R_7-8+,1,371552.21504,371698.8928,146.6777599999914,371552.21504,371698.8928,146.6777599999914,3,3.568989506702831,RankSurprise
microVIMPPN_R_7-8+,1,379912.35584,380015.57504,103.21920000005048,379912.35584,380015.57504,103.21920000005048,3,4.282975288209322,RankSurprise
microVIMPPN_R_7-8+,1,388407.45984,388980.98176,573.5219199999701,388407.45984,388980.98176,573.5219199999701,6,5.347019234403781,RankSurprise
microVIMPPN_R_7-8+,1,394573.98784,398821.7856,4247.797759999987,394573.98784,398821.7856,4247.797759999987,18,5.035029353211271,RankSurprise
microVIMPPN_R_7-8+,1,422371.69664,424630.8864,2259.1897600000375,422371.69664,424630.8864,2259.1897600000375,14,8.0328736157473,RankSurprise
microVIMPPN_R_7-8+,1,428146.8928,428435.78368,288.89088000002084,428146.8928,428435.78368,288.89088000002084,4,4.086281868929316,RankSurprise
microVIMPPN_R_7-8+,1,467602.92352,467912.74496,309.8214399999706,467602.92352,467912.74496,309.8214399999706,4,3.858653049768609,RankSurprise
microVIMPPN_R_7-8+,1,503366.57408,505873.69472,2507.1206400000374,503366.57408,505873.69472,2507.1206400000374,14,6.468803529614376,RankSurprise
microVIMPPN_R_7-8+,1,507713.08544,507836.78464,123.69920000003185,507713.08544,507836.78464,123.69920000003185,3,3.8633603056622547,RankSurprise
microVIMPPN_R_7-8+,1,509238.51776,509313.8432,75.32543999998597,509238.51776,509313.8432,75.32543999998597,3,4.798269123350845,RankSurprise
microVIMPPN_R_7-8+,1,512579.584,512648.31488,68.73088000004645,512579.584,512648.31488,68.73088000004645,3,5.2141844873338385,RankSurprise
microVIMPPN_R_7-8+,1,517674.68032,517740.99456,66.31424000003608,517674.68032,517740.99456,66.31424000003608,3,4.950888256349682,RankSurprise
microVIMPPN_R_7-8+,1,520903.96672,521003.95008,99.9833599999547,520903.96672,521003.95008,99.9833599999547,3,4.2956336850812455,RankSurprise
microVIMPPN_R_7-8+,1,543684.48512,544394.48576,710.0006399999838,543684.48512,544394.48576,710.0006399999838,7,6.3117291831299775,RankSurprise
microVIMPPN_R_7-8+,1,555740.48768,556466.01216,725.5244800000219,555740.48768,556466.01216,725.5244800000219,6,4.714655002776507,RankSurprise
microVIMPPN_R_7-8+,1,562014.28992,562143.55968,129.26975999993738,562014.28992,562143.55968,129.26975999993738,4,6.6644528888287375,RankSurprise
microVIMPPN_R_7-8+,1,571918.41792,573174.45632,1256.0383999999613,571918.41792,573174.45632,1256.0383999999613,8,4.97391400914995,RankSurprise
microVIMPPN_R_7-8+,1,575758.29504,575889.28512,130.99008000001777,575758.29504,575889.28512,130.99008000001777,3,3.773344550473894,RankSurprise
microVIMPPN_R_7-8+,1,581595.01312,581714.5344,119.52127999998629,581595.01312,581714.5344,119.52127999998629,3,3.9576192328887316,RankSurprise
microVIMPPN_R_7-8+,1,588635.09504,588871.92576,236.830719999969,588635.09504,588871.92576,236.830719999969,5,6.886443784601173,RankSurprise
microVIMPPN_R_7-8+,1,637314.33472,638110.72,796.3852799999295,637314.33472,638110.72,796.3852799999295,7,5.89357123147299,RankSurprise
microVIMPPN_R_9-10+,0,2117.55008,13319.53664,11201.986560000001,2117.55008,13319.53664,11201.986560000001,21,4.113718242643792,RankSurprise
microVIMPPN_R_9-10+,0,38683.36128,48567.05024,9883.68896,38683.36128,48567.05024,9883.68896,20,4.966138636753593,RankSurprise
microVIMPPN_R_9-10+,0,59163.68896,60203.54048,1039.8515200000038,59163.68896,60203.54048,1039.8515200000038,6,5.462911987260682,RankSurprise
microVIMPPN_R_9-10+,0,63185.7152,63364.54656,178.83136000000377,63185.7152,63364.54656,178.83136000000377,5,10.894069688259485,RankSurprise
microVIMPPN_R_9-10+,0,121682.45248,122607.49312,925.040639999992,121682.45248,122607.49312,925.040639999992,7,7.982125968238414,RankSurprise
microVIMPPN_R_9-10+,0,138681.344,140333.01504,1651.6710399999865,138681.344,140333.01504,1651.6710399999865,7,4.986917195821979,RankSurprise
microVIMPPN_R_9-10+,0,173750.39488,173860.864,110.46911999999429,173750.39488,173860.864,110.46911999999429,3,5.259073595484814,RankSurprise
microVIMPPN_R_9-10+,0,191141.0688,191556.52608,415.45728000000236,191141.0688,191556.52608,415.45728000000236,5,7.029868472762107,RankSurprise
microVIMPPN_R_9-10+,0,302330.75712,303326.94528,996.1881599999615,302330.75712,303326.94528,996.1881599999615,5,3.8571266211786117,RankSurprise
microVIMPPN_R_9-10+,0,306000.36352,306122.87488,122.51136000000406,306000.36352,306122.87488,122.51136000000406,3,5.025458744303309,RankSurprise
microVIMPPN_R_9-10+,0,332781.07648,332879.50336,98.42687999998452,332781.07648,332879.50336,98.42687999998452,3,5.64868755585536,RankSurprise
microVIMPPN_R_9-10+,0,339311.04256,339554.14016,243.09760000003735,339311.04256,339554.14016,243.09760000003735,3,3.7946179947910927,RankSurprise
microVIMPPN_R_9-10+,0,401509.33504,401754.07104,244.73600000003353,401509.33504,401754.07104,244.73600000003353,3,3.6156338857732244,RankSurprise
microVIMPPN_R_9-10+,0,430352.54784,430431.35488,78.80703999998514,430352.54784,430431.35488,78.80703999998514,3,6.188609554108989,RankSurprise
microVIMPPN_R_9-10+,0,482614.55872,483794.78016,1180.221440000052,482614.55872,483794.78016,1180.221440000052,6,4.897002189884137,RankSurprise
microVIMPPN_R_9-10+,0,490829.12768,491420.34432,591.2166399999987,490829.12768,491420.34432,591.2166399999987,5,5.624949247166448,RankSurprise
microVIMPPN_R_9-10+,0,496042.92608,496594.5344,551.6083199999994,496042.92608,496594.5344,551.6083199999994,4,4.06122342943215,RankSurprise
microVIMPPN_R_9-10+,0,511344.55808,511477.47328,132.91519999998854,511344.55808,511477.47328,132.91519999998854,3,4.7881305579971425,RankSurprise
microVIMPPN_R_9-10+,3,37159.03488,37318.08256,159.0476800000033,37159.03488,37318.08256,159.0476800000033,7,7.515184965966014,RankSurprise
microVIMPPN_R_9-10+,3,41028.64896,41169.05984,140.4108800000031,41028.64896,41169.05984,140.4108800000031,5,4.786715807718501,RankSurprise
microVIMPPN_R_9-10+,3,55691.38688,55824.01536,132.6284799999994,55691.38688,55824.01536,132.6284799999994,6,6.911909589892346,RankSurprise
microVIMPPN_R_9-10+,3,59393.92512,60625.75616,1231.8310399999973,59393.92512,60625.75616,1231.8310399999973,24,11.981545170864944,RankSurprise
microVIMPPN_R_9-10+,3,68859.20768,69059.91168,200.7039999999979,68859.20768,69059.91168,200.7039999999979,6,4.273972793279688,RankSurprise
microVIMPPN_R_9-10+,3,70095.62624,70277.89824,182.2719999999972,70095.62624,70277.89824,182.2719999999972,6,5.090991373092436,RankSurprise
microVIMPPN_R_9-10+,3,91856.0768,91997.06112,140.9843200000032,91856.0768,91997.06112,140.9843200000032,6,6.285012260787887,RankSurprise
microVIMPPN_R_9-10+,3,107766.94784,107810.48832,43.540480000010575,107766.94784,107810.48832,43.540480000010575,3,3.6911124372299877,RankSurprise
microVIMPPN_R_9-10+,3,115661.94688,115682.67264,20.725760000001173,115661.94688,115682.67264,20.725760000001173,3,6.04887860622247,RankSurprise
microVIMPPN_R_9-10+,3,117931.70432,117970.90304,39.19872000000032,117931.70432,117970.90304,39.19872000000032,4,7.659697512030842,RankSurprise
microVIMPPN_R_9-10+,3,118506.65984,118545.48992,38.83008000001428,118506.65984,118545.48992,38.83008000001428,3,4.162217037179431,RankSurprise
microVIMPPN_R_9-10+,3,127594.94656,127642.91072,47.964160000003176,127594.94656,127642.91072,47.964160000003176,3,3.6206205043581043,RankSurprise
microVIMPPN_R_9-10+,3,133966.19264,133999.53408,33.34144000001834,133966.19264,133999.53408,33.34144000001834,3,4.2599110083390315,RankSurprise
microVIMPPN_R_9-10+,3,136454.144,136534.6304,80.48639999999432,136454.144,136534.6304,80.48639999999432,4,4.5690116851967915,RankSurprise
microVIMPPN_R_9-10+,3,137179.91424,139273.216,2093.301759999973,137179.91424,139273.216,2093.301759999973,38,16.432328027490602,RankSurprise
microVIMPPN_R_9-10+,3,139711.44704,140123.58656,412.139519999997,139711.44704,140123.58656,412.139519999997,11,7.41594713858137,RankSurprise
microVIMPPN_R_9-10+,3,143615.95904,145210.90048,1594.9414400000242,143615.95904,145210.90048,1594.9414400000242,26,10.903353080144793,RankSurprise
microVIMPPN_R_9-10+,3,147395.70688,147619.88096,224.17407999999705,147395.70688,147619.88096,224.17407999999705,6,3.828848957668267,RankSurprise
microVIMPPN_R_9-10+,3,148208.59904,148285.07136,76.47232000000076,148208.59904,148285.07136,76.47232000000076,4,4.5208661862914745,RankSurprise
microVIMPPN_R_9-10+,3,150072.07424,150135.27552,63.20128000000841,150072.07424,150135.27552,63.20128000000841,4,5.386899737938318,RankSurprise
microVIMPPN_R_9-10+,3,160185.58976,160228.67968,43.08991999999853,160185.58976,160228.67968,43.08991999999853,3,3.5931050027297147,RankSurprise
microVIMPPN_R_9-10+,3,174282.01472,174323.05664,41.04191999998875,174282.01472,174323.05664,41.04191999998875,3,4.166762499551105,RankSurprise
microVIMPPN_R_9-10+,3,188432.7936,188464.20992,31.416319999989355,188432.7936,188464.20992,31.416319999989355,3,4.8616714298801575,RankSurprise
microVIMPPN_R_9-10+,3,195691.06944,195792.73216,101.66272000002209,195691.06944,195792.73216,101.66272000002209,4,3.653345260359469,RankSurprise
microVIMPPN_R_9-10+,3,196886.77376,196912.08704,25.313280000002123,196886.77376,196912.08704,25.313280000002123,3,5.510290185479123,RankSurprise
microVIMPPN_R_9-10+,3,204889.41568,206761.45152,1872.0358399999968,204889.41568,206761.45152,1872.0358399999968,22,4.692054645587231,RankSurprise
microVIMPPN_R_9-10+,3,208200.4992,208238.05952,37.56032000001869,208200.4992,208238.05952,37.56032000001869,3,4.48685481615364,RankSurprise
microVIMPPN_R_9-10+,3,224204.1856,224348.48768,144.30207999999402,224204.1856,224348.48768,144.30207999999402,6,6.743218769240045,RankSurprise
microVIMPPN_R_9-10+,3,234636.77952,234682.28608,45.5065599999798,234636.77952,234682.28608,45.5065599999798,3,3.922870686717026,RankSurprise
microVIMPPN_R_9-10+,3,239988.44928,240079.62624,91.1769600000116,239988.44928,240079.62624,91.1769600000116,4,4.126995727303612,RankSurprise
microVIMPPN_R_9-10+,3,246506.00448,246554.37824,48.37375999998767,246506.00448,246554.37824,48.37375999998767,3,3.7236629110810355,RankSurprise
microVIMPPN_R_9-10+,3,248655.13472,248745.45152,90.31680000000051,248655.13472,248745.45152,90.31680000000051,5,6.339103268110268,RankSurprise
microVIMPPN_R_9-10+,3,249744.26112,249964.21632,219.9551999999967,249744.26112,249964.21632,219.9551999999967,10,12.881510970337544,RankSurprise
microVIMPPN_R_9-10+,3,253790.65856,254043.5456,252.88704000000143,253790.65856,254043.5456,252.88704000000143,7,4.942359185407132,RankSurprise
microVIMPPN_R_9-10+,3,264080.83456,264121.26208,40.42752000002656,264080.83456,264121.26208,40.42752000002656,3,3.890901942191853,RankSurprise
microVIMPPN_R_9-10+,3,292465.21344,292564.21376,99.00031999999192,292465.21344,292564.21376,99.00031999999192,5,6.069376290588032,RankSurprise
microVIMPPN_R_9-10+,3,305176.61696,306250.3424,1073.7254400000093,305176.61696,306250.3424,1073.7254400000093,20,11.473363416658207,RankSurprise
microVIMPPN_R_9-10+,3,306772.992,307388.08832,615.0963199999533,306772.992,307388.08832,615.0963199999533,10,5.621162836912566,RankSurprise
microVIMPPN_R_9-10+,3,308420.93568,308558.88896,137.9532800000161,308420.93568,308558.88896,137.9532800000161,5,4.293680880676028,RankSurprise
microVIMPPN_R_9-10+,3,310871.94112,310980.97664,109.03552000003401,310871.94112,310980.97664,109.03552000003401,4,3.5093175519649513,RankSurprise
microVIMPPN_R_9-10+,3,315927.22432,315950.16192,22.93760000000475,315927.22432,315950.16192,22.93760000000475,3,5.746414448266055,RankSurprise
microVIMPPN_R_9-10+,3,317912.22784,318051.61472,139.38688000000548,317912.22784,318051.61472,139.38688000000548,5,4.47124731201696,RankSurprise
microVIMPPN_R_9-10+,3,322695.5776,322717.16352,21.58591999998316,322695.5776,322717.16352,21.58591999998316,3,5.891934140747058,RankSurprise
microVIMPPN_R_9-10+,3,329989.85728,330123.91936,134.06208000000333,329989.85728,330123.91936,134.06208000000333,5,4.572149562882821,RankSurprise
microVIMPPN_R_9-10+,3,331726.60224,331747.1232,20.520959999994375,331726.60224,331747.1232,20.520959999994375,3,6.132224737813804,RankSurprise
microVIMPPN_R_9-10+,3,336193.29024,336266.07616,72.7859199999948,336193.29024,336266.07616,72.7859199999948,4,5.058889399418497,RankSurprise
microVIMPPN_R_9-10+,3,338424.70912,340225.96608,1801.2569599999697,338424.70912,340225.96608,1801.2569599999697,27,10.92186906611133,RankSurprise
microVIMPPN_R_9-10+,3,342419.49696,343049.0112,629.5142399999895,342419.49696,343049.0112,629.5142399999895,10,4.986219751290466,RankSurprise
microVIMPPN_R_9-10+,3,346758.02112,346791.19872,33.17759999999544,346758.02112,346791.19872,33.17759999999544,3,4.8170834828811255,RankSurprise
microVIMPPN_R_9-10+,3,358271.5904,358311.3216,39.73120000003837,358271.5904,358311.3216,39.73120000003837,4,7.56763960221193,RankSurprise
microVIMPPN_R_9-10+,3,361956.27008,361983.83616,27.5660800000187,361956.27008,361983.83616,27.5660800000187,3,5.2437831101638,RankSurprise
microVIMPPN_R_9-10+,3,363266.90816,363310.44864,43.54048000002513,363266.90816,363310.44864,43.54048000002513,3,4.026199559936611,RankSurprise
microVIMPPN_R_9-10+,3,445775.38048,445821.3376,45.9571200000355,445775.38048,445821.3376,45.9571200000355,3,3.886941540975757,RankSurprise
microVIMPPN_R_9-10+,3,463160.40192,463171.584,11.182079999998678,463160.40192,463171.584,11.182079999998678,3,8.269633680968884,RankSurprise
microVIMPPN_R_9-10+,3,500707.65568,500964.18816,256.5324799999944,500707.65568,500964.18816,256.5324799999944,7,4.834021345759524,RankSurprise
microVIMPPN_R_9-10+,3,501960.78592,503593.1648,1632.378880000033,501960.78592,503593.1648,1632.378880000033,27,8.715587682011293,RankSurprise
microVIMPPN_R_9-10+,3,504698.42944,506130.92352,1432.4940800000331,504698.42944,506130.92352,1432.4940800000331,18,3.9675835852775743,RankSurprise
microVIMPPN_R_9-10+,3,508184.12544,508200.79616,16.670720000052825,508184.12544,508200.79616,16.670720000052825,3,6.520106975364101,RankSurprise
microVIMPPN_R_9-10+,3,513370.97216,515036.48768,1665.5155200000154,513370.97216,515036.48768,1665.5155200000154,17,3.727970474231057,RankSurprise
microVIMPPN_R_9-10+,3,515507.44576,518359.90016,2852.454400000046,515507.44576,518359.90016,2852.454400000046,59,29.139182535053994,RankSurprise
microVIMPPN_R_9-10+,3,520805.70368,520848.50688,42.803200000023935,520805.70368,520848.50688,42.803200000023935,3,4.026199559936611,RankSurprise
microVIMPPN_R_9-10+,3,521489.16224,521613.5168,124.35456000000704,521489.16224,521613.5168,124.35456000000704,10,19.659564855508506,RankSurprise
microVIMPPN_R_9-10+,3,524842.8032,524878.52032,35.717120000044815,524842.8032,524878.52032,35.717120000044815,3,4.568610219600149,RankSurprise
microVIMPPN_R_9-10+,3,529435.97568,530036.08064,600.1049599999096,529435.97568,530036.08064,600.1049599999096,10,5.812107212730071,RankSurprise
microVIMPPN_R_9-10+,3,532537.1392,532634.0096,96.87040000001434,532537.1392,532634.0096,96.87040000001434,5,6.282986555090286,RankSurprise
microVIMPPN_R_9-10+,3,556152.29952,556173.76256,21.463039999944158,556152.29952,556173.76256,21.463039999944158,3,5.968867283405743,RankSurprise
microVIMPPN_R_9-10+,3,557737.984,557835.83744,97.85343999997713,557737.984,557835.83744,97.85343999997713,5,6.224212754817046,RankSurprise
microVIMPPN_R_9-10+,3,559846.97344,560482.9184,635.9449599999934,559846.97344,560482.9184,635.9449599999934,11,4.530468964745978,RankSurprise
microVIMPPN_R_9-10+,3,571824.61952,571987.80416,163.18464000010863,571824.61952,571987.80416,163.18464000010863,7,7.503956885346184,RankSurprise
microVIMPPN_R_9-10+,3,585956.39296,586809.91744,853.5244800000219,585956.39296,586809.91744,853.5244800000219,11,3.5542114368626296,RankSurprise
microVIMPPN_R_9-10+,3,587266.74432,587498.82368,232.07935999997426,587266.74432,587498.82368,232.07935999997426,6,3.5169101061385515,RankSurprise
microVIMPPN_R_9-10+,3,592084.5824,592128.77824,44.195840000058524,592084.5824,592128.77824,44.195840000058524,3,3.8751071754095783,RankSurprise
microVIMPPN_R_9-10+,3,602870.3744,602908.63104,38.256640000035986,602870.3744,602908.63104,38.256640000035986,3,4.413451956296864,RankSurprise
microVA_R_1-2+,2,33189.0688,33439.66208,250.59328000000096,33189.0688,33439.66208,250.59328000000096,6,7.291587307694698,RankSurprise
microVA_R_1-2+,2,35102.06464,35481.43616,379.3715200000006,35102.06464,35481.43616,379.3715200000006,6,5.440207360100018,RankSurprise
microVA_R_1-2+,2,75780.01408,75884.05248,104.03840000000491,75780.01408,75884.05248,104.03840000000491,3,3.5183958346037656,RankSurprise
microVA_R_1-2+,2,106344.2432,106480.4352,136.19200000001,106344.2432,106480.4352,136.19200000001,4,5.216047499068093,RankSurprise
microVA_R_1-2+,2,137780.75648,138567.55712,786.8006400000013,137780.75648,138567.55712,786.8006400000013,11,9.694801240420345,RankSurprise
microVA_R_1-2+,2,143709.42976,144056.36096,346.9311999999918,143709.42976,144056.36096,346.9311999999918,6,5.770866201121855,RankSurprise
microVA_R_1-2+,2,145081.18016,145234.82112,153.64096000001882,145081.18016,145234.82112,153.64096000001882,4,5.025385323370934,RankSurprise
microVA_R_1-2+,2,156831.98976,157032.69376,200.7039999999979,156831.98976,157032.69376,200.7039999999979,4,4.164184315677353,RankSurprise
microVA_R_1-2+,2,203281.89952,203447.95136,166.05184000000008,203281.89952,203447.95136,166.05184000000008,4,4.611886438139901,RankSurprise
microVA_R_1-2+,2,231015.8336,231055.5648,39.73119999998016,231015.8336,231055.5648,39.73119999998016,3,5.3630777052861625,RankSurprise
microVA_R_1-2+,2,248870.7072,249176.35072,305.64351999998325,248870.7072,249176.35072,305.64351999998325,5,4.61723023853736,RankSurprise
microVA_R_1-2+,2,252483.25632,254025.35936,1542.1030400000163,252483.25632,254025.35936,1542.1030400000163,13,8.78761532533431,RankSurprise
microVA_R_1-2+,2,271426.02752,272775.82336,1349.795839999977,271426.02752,272775.82336,1349.795839999977,9,3.617387068736506,RankSurprise
microVA_R_1-2+,2,276743.49568,278435.26656,1691.7708800000255,276743.49568,278435.26656,1691.7708800000255,11,4.925151778788814,RankSurprise
microVA_R_1-2+,2,305655.64416,306999.13216,1343.487999999954,305655.64416,306999.13216,1343.487999999954,10,4.759684169049408,RankSurprise
microVA_R_1-2+,2,314237.62432,314329.78432,92.15999999997439,314237.62432,314329.78432,92.15999999997439,3,3.9297080785950342,RankSurprise
microVA_R_1-2+,2,338805.51424,339335.5776,530.0633600000292,338805.51424,339335.5776,530.0633600000292,8,7.743194628521022,RankSurprise
microVA_R_1-2+,2,342914.048,342968.68864,54.6406399999978,342914.048,342968.68864,54.6406399999978,3,4.655788123030998,RankSurprise
microVA_R_1-2+,2,356374.40512,366038.54848,9664.143359999987,356374.40512,366038.54848,9664.143359999987,69,26.04890692360212,RankSurprise
microVA_R_1-2+,2,405238.12864,405340.73344,102.60479999997187,405238.12864,405340.73344,102.60479999997187,5,8.842368160339216,RankSurprise
microVA_R_1-2+,2,410864.47616,411836.0064,971.5302399999928,410864.47616,411836.0064,971.5302399999928,8,5.274424352821967,RankSurprise
microVA_R_1-2+,2,427459.01056,428668.55936,1209.5487999999896,427459.01056,428668.55936,1209.5487999999896,9,4.504750698021251,RankSurprise
microVA_R_1-2+,2,445553.70496,446128.70144,574.9964799999725,445553.70496,446128.70144,574.9964799999725,6,4.412177236623278,RankSurprise
microVA_R_1-2+,2,451005.44,451093.05344,87.61343999998644,451005.44,451093.05344,87.61343999998644,3,3.904497549482276,RankSurprise
microVA_R_1-2+,2,455143.75168,455238.61504,94.86336000001756,455143.75168,455238.61504,94.86336000001756,3,3.846880152195437,RankSurprise
microVA_R_1-2+,2,503956.0704,504561.62304,605.5526399999508,503956.0704,504561.62304,605.5526399999508,7,5.427521010855144,RankSurprise
microVA_R_1-2+,2,514011.05408,516641.66912,2630.6150400000042,514011.05408,516641.66912,2630.6150400000042,25,15.973308483790364,RankSurprise
microVA_R_1-2+,2,546244.48512,546279.34208,34.85696000000462,546244.48512,546279.34208,34.85696000000462,4,9.716623383934664,RankSurprise
microVA_R_1-2+,2,587359.68256,587702.23104,342.54847999999765,587359.68256,587702.23104,342.54847999999765,5,4.457114411804401,RankSurprise
microVA_R_1-2+,2,595241.08288,595280.93696,39.85407999996096,595241.08288,595280.93696,39.85407999996096,3,5.380469447998031,RankSurprise
microVA_R_1-2+,2,611861.25824,611932.07808,70.81984000001103,611861.25824,611932.07808,70.81984000001103,3,4.269977833483249,RankSurprise
microVA_R_4-6+,1,3904.22528,4613.07904,708.8537599999995,3904.22528,4613.07904,708.8537599999995,6,6.865100847437613,RankSurprise
microVA_R_4-6+,1,60482.47808,60698.0096,215.53151999999682,60482.47808,60698.0096,215.53151999999682,3,3.775163822710949,RankSurprise
microVA_R_4-6+,1,72716.20608,73638.74816,922.5420799999993,72716.20608,73638.74816,922.5420799999993,5,3.9515940706883015,RankSurprise
microVA_R_4-6+,1,115969.92512,117892.42368,1922.4985600000073,115969.92512,117892.42368,1922.4985600000073,10,8.269794811781784,RankSurprise
microVA_R_4-6+,1,121415.84384,121615.72864,199.8847999999998,121415.84384,121615.72864,199.8847999999998,5,9.130022061259012,RankSurprise
microVA_R_4-6+,1,122334.24896,123614.208,1279.9590400000016,122334.24896,123614.208,1279.9590400000016,6,4.472634212811583,RankSurprise
microVA_R_4-6+,1,129764.1472,139097.41568,9333.268479999999,129764.1472,139097.41568,9333.268479999999,24,7.612005017249334,RankSurprise
microVA_R_4-6+,1,151044.34176,152983.92064,1939.5788799999864,151044.34176,152983.92064,1939.5788799999864,9,6.416901087073025,RankSurprise
microVA_R_4-6+,1,175993.32352,176475.136,481.81247999999323,175993.32352,176475.136,481.81247999999323,4,4.19842811576542,RankSurprise
microVA_R_4-6+,1,213501.62432,213575.0656,73.4412799999991,213501.62432,213575.0656,73.4412799999991,3,5.72398518197372,RankSurprise
microVA_R_4-6+,1,350667.53024,350787.50208,119.97184000001289,350667.53024,350787.50208,119.97184000001289,3,4.735532003851334,RankSurprise
microVA_R_4-6+,1,353997.70112,355413.11488,1415.413760000025,353997.70112,355413.11488,1415.413760000025,6,3.8420530915389315,RankSurprise
microVA_R_4-6+,1,378001.28512,378337.52576,336.2406399999745,378001.28512,378337.52576,336.2406399999745,4,4.984415393120225,RankSurprise
microVA_R_4-6+,1,420870.10304,422248.98048,1378.8774400000111,420870.10304,422248.98048,1378.8774400000111,7,5.53984887160013,RankSurprise
microVA_R_4-6+,1,499980.82048,500053.15584,72.33536000002641,499980.82048,500053.15584,72.33536000002641,3,5.603937139686485,RankSurprise
microVA_R_4-6+,1,510002.05312,510574.3872,572.3340800000005,510002.05312,510574.3872,572.3340800000005,4,3.6310823553877185,RankSurprise
