Electrode,Cluster,onset_start_ms,onset_end_ms,onset_duration_ms,span_start_ms,span_end_ms,span_duration_ms,Num_Spikes,RS,Method
microGPi1_L_6_CommonFiltered,0,145069.30176,145077.90336,8.601599999994505,145069.30176,145077.90336,8.601599999994505,3,3.7149852472040266,RankSurprise
microGPi1_L_6_CommonFiltered,0,145144.6272,145171.94752,27.3203199999989,145144.6272,145171.94752,27.3203199999989,5,4.3309377645411224,RankSurprise
microGPi1_L_6_CommonFiltered,0,149169.07008,149177.58976,8.519679999997607,149169.07008,149177.58976,8.519679999997607,3,3.960070562019604,RankSurprise
microGPi1_L_6_CommonFiltered,0,149468.93824,149519.03232,50.09408000000985,149468.93824,149519.03232,50.09408000000985,7,4.028755891072201,RankSurprise
microGPi1_L_6_CommonFiltered,0,155785.25696,155843.7888,58.53184000001056,155785.25696,155843.7888,58.53184000001056,8,4.590887400938768,RankSurprise
microGPi1_L_6_CommonFiltered,0,156057.68192,156093.72672,36.044800000003306,156057.68192,156093.72672,36.044800000003306,6,4.512375617093554,RankSurprise
microGPi1_L_6_CommonFiltered,0,177301.01248,177309.65504,8.642560000007506,177301.01248,177309.65504,8.642560000007506,3,3.766912143640301,RankSurprise
microGPi1_L_6_CommonFiltered,0,177387.06944,177420.45184,33.382400000002235,177387.06944,177420.45184,33.382400000002235,7,6.6114590742203205,RankSurprise
microGPi1_L_6_CommonFiltered,0,177534.52544,177834.43456,299.9091199999966,177534.52544,177834.43456,299.9091199999966,39,20.187309878249835,RankSurprise
microGPi1_L_6_CommonFiltered,0,177967.59552,178132.41856,164.8230399999884,177967.59552,178132.41856,164.8230399999884,15,3.5083848480115125,RankSurprise
microGPi1_L_6_CommonFiltered,0,178132.41856,178140.24192,7.823360000009416,178132.41856,178140.24192,7.823360000009416,4,7.385729331660741,RankSurprise
microGPi1_L_6_CommonFiltered,0,178382.27456,178387.1488,4.874240000004647,178382.27456,178387.1488,4.874240000004647,3,5.3871301814984065,RankSurprise
microGPi1_L_6_CommonFiltered,0,178684.35456,178876.49792,192.1433599999873,178684.35456,178876.49792,192.1433599999873,25,12.818861895488153,RankSurprise
microGPi1_L_6_CommonFiltered,0,181332.41856,181384.47872,52.060160000022734,181332.41856,181384.47872,52.060160000022734,7,3.6607858857866202,RankSurprise
microGPi1_L_6_CommonFiltered,0,181601.15712,181767.86432,166.70720000000438,181601.15712,181767.86432,166.70720000000438,19,8.004741211698853,RankSurprise
microGPi1_L_6_CommonFiltered,0,181843.10784,181882.18368,39.07583999997587,181843.10784,181882.18368,39.07583999997587,6,4.75728037215134,RankSurprise
microGPi1_L_6_CommonFiltered,0,182282.28096,182287.19616,4.915199999988545,182282.28096,182287.19616,4.915199999988545,3,5.232738676442205,RankSurprise
microGPi1_L_6_CommonFiltered,0,182417.53088,182426.37824,8.847359999985201,182417.53088,182426.37824,8.847359999985201,3,3.6272361516073843,RankSurprise
microGPi1_L_6_CommonFiltered,0,184399.17568,184403.88608,4.71040000001085,184399.17568,184403.88608,4.71040000001085,3,5.983015492621453,RankSurprise
microGPi1_L_6_CommonFiltered,0,184476.50816,184715.83744,239.32928000000538,184476.50816,184715.83744,239.32928000000538,23,6.304287638820733,RankSurprise
microGPi1_L_6_CommonFiltered,0,184799.232,184887.21408,87.98208000001614,184799.232,184887.21408,87.98208000001614,11,5.634414519404011,RankSurprise
microGPi1_L_6_CommonFiltered,0,184999.23968,185109.74976,110.51008000000729,184999.23968,185109.74976,110.51008000000729,12,4.928549957291144,RankSurprise
microGPi1_L_6_CommonFiltered,0,185276.416,185323.9296,47.51360000000568,185276.416,185323.9296,47.51360000000568,9,8.045187675154486,RankSurprise
microGPi1_L_6_CommonFiltered,0,185532.53888,185559.90016,27.3612799999828,185532.53888,185559.90016,27.3612799999828,5,4.010974224264462,RankSurprise
microGPi1_L_6_CommonFiltered,0,185737.25696,185743.07328,5.816320000012638,185737.25696,185743.07328,5.816320000012638,3,4.517238917974327,RankSurprise
microGPi1_L_6_CommonFiltered,0,187420.672,187576.44288,155.7708799999964,187420.672,187576.44288,155.7708799999964,21,12.709830297557522,RankSurprise
microGPi1_L_6_CommonFiltered,0,187776.49152,188537.2416,760.750079999998,187776.49152,188537.2416,760.750079999998,63,10.066128456488322,RankSurprise
microGPi1_L_6_CommonFiltered,0,188753.92,188859.8016,105.88159999999334,188753.92,188859.8016,105.88159999999334,12,5.27070533197004,RankSurprise
microGPi1_L_6_CommonFiltered,0,189137.26464,189304.0128,166.74815999998827,189137.26464,189304.0128,166.74815999998827,19,7.698988035723644,RankSurprise
microGPi1_L_6_CommonFiltered,0,189337.31328,189390.47936,53.16607999999542,189337.31328,189390.47936,53.16607999999542,8,5.508168231420289,RankSurprise
microGPi1_L_6_CommonFiltered,0,189532.69248,189576.6016,43.90911999999662,189532.69248,189576.6016,43.90911999999662,7,5.396784294245316,RankSurprise
microGPi1_L_6_CommonFiltered,0,199766.26176,199771.01312,4.751359999994747,199766.26176,199771.01312,4.751359999994747,3,5.803547004809905,RankSurprise
microGPi1_L_6_CommonFiltered,0,199987.73248,200110.24384,122.51136000000406,199987.73248,200110.24384,122.51136000000406,14,5.8530385495884545,RankSurprise
microGPi1_L_6_CommonFiltered,0,201304.35072,201321.0624,16.711680000007618,201304.35072,201321.0624,16.711680000007618,4,3.755870931011117,RankSurprise
microGPi1_L_6_CommonFiltered,0,201666.39616,201671.02464,4.628479999984847,201666.39616,201671.02464,4.628479999984847,3,5.921385845594793,RankSurprise
microGPi1_L_6_CommonFiltered,0,202535.07584,202543.63648,8.560639999981504,202535.07584,202543.63648,8.560639999981504,3,3.8105986007571335,RankSurprise
microGPi1_L_6_CommonFiltered,0,203866.35776,203871.10912,4.751359999994747,203866.35776,203871.10912,4.751359999994747,3,5.692266546641088,RankSurprise
microGPi1_L_6_CommonFiltered,0,204187.77088,204254.37184,66.60096000001067,204187.77088,204254.37184,66.60096000001067,8,3.726706987060174,RankSurprise
microGPi1_L_6_CommonFiltered,0,205933.24032,205937.90976,4.669439999997849,205933.24032,205937.90976,4.669439999997849,3,6.330098081021536,RankSurprise
microGPi1_L_6_CommonFiltered,0,227289.21088,227347.78368,58.57279999999446,227289.21088,227347.78368,58.57279999999446,8,4.817582606019593,RankSurprise
microGPi1_L_6_CommonFiltered,0,227437.24032,227456.0,18.759679999988293,227437.24032,227456.0,18.759679999988293,4,3.695822730959687,RankSurprise
microGPi1_L_6_CommonFiltered,0,227531.20256,227558.56384,27.3612799999828,227531.20256,227558.56384,27.3612799999828,5,4.368847610400028,RankSurprise
microGPi1_L_6_CommonFiltered,0,227622.62528,227672.59648,49.97119999999995,227622.62528,227672.59648,49.97119999999995,7,4.441846033313423,RankSurprise
microGPi1_L_6_CommonFiltered,0,227889.27488,228075.3152,186.04032000000007,227889.27488,228075.3152,186.04032000000007,17,4.742017841881152,RankSurprise
microGPi1_L_6_CommonFiltered,0,228195.24608,228275.36384,80.11775999999372,228195.24608,228275.36384,80.11775999999372,13,10.360897580447737,RankSurprise
microGPi1_L_6_CommonFiltered,0,228525.38368,228642.07872,116.69503999999142,228525.38368,228642.07872,116.69503999999142,13,5.793870026239351,RankSurprise
microGPi1_L_6_CommonFiltered,0,229022.80192,229092.18816,69.38623999999254,229022.80192,229092.18816,69.38623999999254,8,3.597265645878994,RankSurprise
microGPi1_L_6_CommonFiltered,0,229873.0496,229906.35008,33.30048000000534,229873.0496,229906.35008,33.30048000000534,7,7.0342580474235845,RankSurprise
microGPi1_L_6_CommonFiltered,0,230087.63904,230098.20672,10.567679999978282,230087.63904,230098.20672,10.567679999978282,4,6.3341435103442265,RankSurprise
microGPi1_L_6_CommonFiltered,0,230189.71136,230208.96256,19.251200000027893,230189.71136,230208.96256,19.251200000027893,4,3.6504360818421056,RankSurprise
microGPi1_L_6_CommonFiltered,0,230254.30528,230258.97472,4.669439999997849,230254.30528,230258.97472,4.669439999997849,3,6.1927889042212225,RankSurprise
microGPi1_L_6_CommonFiltered,0,230592.43008,230602.91584,10.485760000010487,230592.43008,230602.91584,10.485760000010487,4,5.891829534499692,RankSurprise
microGPi1_L_6_CommonFiltered,0,230672.95744,230677.504,4.546559999987949,230672.95744,230677.504,4.546559999987949,3,5.767463491909588,RankSurprise
microGPi1_L_6_CommonFiltered,0,231725.8752,231742.6688,16.793600000004517,231725.8752,231742.6688,16.793600000004517,4,3.977297769152404,RankSurprise
microGPi1_L_6_CommonFiltered,0,233492.8896,233515.37664,22.487040000007255,233492.8896,233515.37664,22.487040000007255,5,5.243640792203077,RankSurprise
microGPi1_L_6_CommonFiltered,0,316178.0224,316355.54304,177.52064000000246,316178.0224,316355.54304,177.52064000000246,16,3.5327359031659413,RankSurprise
microGPi1_L_6_CommonFiltered,0,316530.40128,316566.36416,35.96288000000641,316530.40128,316566.36416,35.96288000000641,6,4.485679623249855,RankSurprise
microGPi1_L_6_CommonFiltered,0,316683.10016,316749.74208,66.64192000002367,316683.10016,316749.74208,66.64192000002367,8,3.5940247615999046,RankSurprise
microGPi1_L_6_CommonFiltered,0,317639.4752,317689.4464,49.97120000002906,317639.4752,317689.4464,49.97120000002906,7,4.1726365620141666,RankSurprise
microGPi1_L_6_CommonFiltered,0,320265.25696,320286.35136,21.094399999943562,320265.25696,320286.35136,21.094399999943562,5,5.004449786954918,RankSurprise
microGPi1_L_6_CommonFiltered,0,320590.80704,320618.2912,27.4841599999927,320590.80704,320618.2912,27.4841599999927,5,3.879798872396808,RankSurprise
microGPi1_L_6_CommonFiltered,0,320696.89344,320701.60384,4.710399999981746,320696.89344,320701.60384,4.710399999981746,3,6.3166072663773125,RankSurprise
microGPi1_L_6_CommonFiltered,0,320818.29888,320849.05984,30.76095999998506,320818.29888,320849.05984,30.76095999998506,5,3.648731582446313,RankSurprise
microGPi1_L_6_CommonFiltered,0,321035.0592,321107.7632,72.7039999999688,321035.0592,321107.7632,72.7039999999688,9,5.039380856109775,RankSurprise
microGPi1_L_6_CommonFiltered,0,321282.58048,321301.87264,19.29216000001179,321282.58048,321301.87264,19.29216000001179,5,5.585596527507256,RankSurprise
microGPi1_L_6_CommonFiltered,0,321697.13664,321700.16768,3.031040000030771,321697.13664,321700.16768,3.031040000030771,3,7.653114449446704,RankSurprise
microGPi1_L_6_CommonFiltered,0,321947.4432,321952.1536,4.710400000039954,321947.4432,321952.1536,4.710400000039954,3,6.276672384769826,RankSurprise
microGPi1_L_6_CommonFiltered,0,321980.86656,322008.18688,27.3203199999989,321980.86656,322008.18688,27.3203199999989,5,4.093420281313026,RankSurprise
microGPi1_L_6_CommonFiltered,0,322066.26816,322105.58976,39.32160000002477,322066.26816,322105.58976,39.32160000002477,6,4.070920858205877,RankSurprise
microGPi1_L_6_CommonFiltered,0,322372.36224,322385.7152,13.352959999989253,322372.36224,322385.7152,13.352959999989253,4,5.442309853875518,RankSurprise
microGPi1_L_6_CommonFiltered,0,322497.536,322499.7888,2.25279999995837,322497.536,322499.7888,2.25279999995837,3,8.810434338941592,RankSurprise
microGPi1_L_6_CommonFiltered,0,322525.06112,322555.65824,30.597119999991264,322525.06112,322555.65824,30.597119999991264,5,3.565966901837381,RankSurprise
microGPi1_L_6_CommonFiltered,0,322619.14624,322708.43904,89.29280000005383,322619.14624,322708.43904,89.29280000005383,10,4.418413036600472,RankSurprise
microGPi1_L_6_CommonFiltered,0,322741.69856,322999.86944,258.1708799999906,322741.69856,322999.86944,258.1708799999906,28,10.07927909709963,RankSurprise
microGPi1_L_6_CommonFiltered,0,323316.85888,323425.40288,108.54399999999441,323316.85888,323425.40288,108.54399999999441,11,4.065485800483636,RankSurprise
microGPi1_L_6_CommonFiltered,0,323619.67616,323650.23232,30.55616000003647,323619.67616,323650.23232,30.55616000003647,6,5.203302213112238,RankSurprise
microGPi1_L_6_CommonFiltered,0,323748.0448,323752.96,4.915200000046752,323748.0448,323752.96,4.915200000046752,3,5.2445034275564115,RankSurprise
microGPi1_L_6_CommonFiltered,0,323998.35136,324025.7536,27.402240000024904,323998.35136,324025.7536,27.402240000024904,5,3.981230622296149,RankSurprise
microGPi1_L_6_CommonFiltered,0,328227.67616,328261.0176,33.34144000004744,328227.67616,328261.0176,33.34144000004744,7,6.9369796387166005,RankSurprise
microGPi1_L_6_CommonFiltered,0,328300.42112,328305.0496,4.628480000013951,328300.42112,328305.0496,4.628480000013951,3,6.477533687630773,RankSurprise
microGPi1_L_6_CommonFiltered,0,328344.45312,328427.64288,83.18975999997929,328344.45312,328427.64288,83.18975999997929,13,9.547827748112253,RankSurprise
microGPi1_L_6_CommonFiltered,0,328527.79008,328571.86304,44.07296000001952,328527.79008,328571.86304,44.07296000001952,7,4.77598340793995,RankSurprise
microGPi1_L_6_CommonFiltered,0,328694.45632,328717.23008,22.773760000010952,328694.45632,328717.23008,22.773760000010952,5,4.433577498586612,RankSurprise
microGPi1_L_6_CommonFiltered,0,328794.64448,328802.54976,7.905280000006314,328794.64448,328802.54976,7.905280000006314,3,4.185445431797932,RankSurprise
microGPi1_L_6_CommonFiltered,0,329925.8368,329989.16096,63.32416000001831,329925.8368,329989.16096,63.32416000001831,9,6.172488200651181,RankSurprise
microGPi1_L_6_CommonFiltered,0,330295.17312,330386.55488,91.3817600000184,330295.17312,330386.55488,91.3817600000184,10,4.519267699329617,RankSurprise
microGPi1_L_6_CommonFiltered,0,330434.39616,330511.89248,77.49631999997655,330434.39616,330511.89248,77.49631999997655,12,8.666278243479615,RankSurprise
microGPi1_L_6_CommonFiltered,0,330612.03968,331045.64224,433.60256000002846,330612.03968,331045.64224,433.60256000002846,40,8.854920498389982,RankSurprise
microGPi1_L_6_CommonFiltered,0,331134.93504,331328.96256,194.02752000000328,331134.93504,331328.96256,194.02752000000328,21,8.547397744888945,RankSurprise
microGPi1_L_6_CommonFiltered,0,331420.4672,331651.76832,231.30111999996006,331420.4672,331651.76832,231.30111999996006,23,6.934418453322631,RankSurprise
microGPi1_L_6_CommonFiltered,0,331795.90656,332062.59712,266.6905600000173,331795.90656,332062.59712,266.6905600000173,30,13.425638609492212,RankSurprise
microGPi1_L_6_CommonFiltered,0,332135.26016,332187.27936,52.01919999998063,332135.26016,332187.27936,52.01919999998063,7,3.894171023206331,RankSurprise
microGPi1_L_6_CommonFiltered,0,332320.72704,332387.49184,66.76479999994626,332320.72704,332387.49184,66.76479999994626,8,3.912543437785172,RankSurprise
microGPi1_L_6_CommonFiltered,0,332546.048,332690.14528,144.09727999998722,332546.048,332690.14528,144.09727999998722,16,6.7646489042633275,RankSurprise
microGPi1_L_6_CommonFiltered,0,332740.1984,332835.6352,95.43680000002496,332740.1984,332835.6352,95.43680000002496,12,5.622975085785506,RankSurprise
microGPi1_L_6_CommonFiltered,0,333102.12096,333129.56416,27.443200000037905,333102.12096,333129.56416,27.443200000037905,7,8.305344281576751,RankSurprise
microGPi1_L_6_CommonFiltered,0,333307.04384,333373.80864,66.76480000000447,333307.04384,333373.80864,66.76480000000447,8,4.123319608609842,RankSurprise
microGPi1_L_6_CommonFiltered,0,333690.55232,333713.12128,22.568960000004154,333690.55232,333713.12128,22.568960000004154,6,6.801199937630372,RankSurprise
microGPi1_L_6_CommonFiltered,0,333902.52032,334069.26848,166.74816000001738,333902.52032,334069.26848,166.74816000001738,17,5.753379651092048,RankSurprise
microGPi1_L_6_CommonFiltered,0,334454.86592,334602.89536,148.02944000001298,334454.86592,334602.89536,148.02944000001298,19,10.264304655481574,RankSurprise
microGPi1_L_6_CommonFiltered,0,334752.93184,334927.54432,174.6124800000107,334752.93184,334927.54432,174.6124800000107,18,5.953907266431149,RankSurprise
microGPi1_L_6_CommonFiltered,0,335021.6704,335141.0688,119.3984000000055,335021.6704,335141.0688,119.3984000000055,14,6.591779870214038,RankSurprise
microGPi1_L_6_CommonFiltered,0,335174.36928,335255.01952,80.65023999998812,335174.36928,335255.01952,80.65023999998812,10,4.678852315428469,RankSurprise
microGPi1_L_6_CommonFiltered,0,335419.8016,335491.19488,71.39328000001842,335419.8016,335491.19488,71.39328000001842,12,10.062530151916368,RankSurprise
microGPi1_L_6_CommonFiltered,0,335955.10784,336063.97952,108.871679999982,335955.10784,336063.97952,108.871679999982,13,6.1390268924190075,RankSurprise
microGPi1_L_6_CommonFiltered,0,337147.53536,337164.24704,16.711680000007618,337147.53536,337164.24704,16.711680000007618,4,4.1385229130425145,RankSurprise
microGPi1_L_6_CommonFiltered,0,337238.99904,337253.74464,14.745599999965634,337238.99904,337253.74464,14.745599999965634,4,4.247822176108507,RankSurprise
microGPi1_L_6_CommonFiltered,0,337372.44672,338131.31264,758.8659200000111,337372.44672,338131.31264,758.8659200000111,66,11.474409344848626,RankSurprise
microGPi1_L_6_CommonFiltered,0,338592.1536,338792.2432,200.0896000000066,338592.1536,338792.2432,200.0896000000066,20,6.134299845389827,RankSurprise
microGPi1_L_6_CommonFiltered,0,339006.21824,339148.34944,142.13120000000345,339006.21824,339148.34944,142.13120000000345,17,8.325586599710253,RankSurprise
microGPi1_L_6_CommonFiltered,0,339292.44672,339315.13856,22.69183999998495,339292.44672,339315.13856,22.69183999998495,5,4.885056680158424,RankSurprise
microGPi1_L_6_CommonFiltered,0,339448.46336,339521.1264,72.663040000014,339448.46336,339521.1264,72.663040000014,12,8.748986675468364,RankSurprise
microGPi1_L_6_CommonFiltered,0,342188.81024,342193.52064,4.710399999981746,342188.81024,342193.52064,4.710399999981746,3,6.023246817280658,RankSurprise
microGPi1_L_6_CommonFiltered,0,342532.9152,342540.77952,7.864319999993313,342532.9152,342540.77952,7.864319999993313,3,3.709500781926854,RankSurprise
microGPi1_L_6_CommonFiltered,0,342641.09056,342666.36288,25.272319999989122,342641.09056,342666.36288,25.272319999989122,5,4.447981947667618,RankSurprise
microGPi1_L_6_CommonFiltered,0,342890.98752,342910.44352,19.45599999994738,342890.98752,342910.44352,19.45599999994738,5,5.944990389726222,RankSurprise
microGPi1_L_6_CommonFiltered,0,343033.20064,343143.91552,110.71487999998499,343033.20064,343143.91552,110.71487999998499,14,7.615787687189903,RankSurprise
microGPi1_L_6_CommonFiltered,0,343483.26912,343594.10688,110.83775999996578,343483.26912,343594.10688,110.83775999996578,14,7.531249477093945,RankSurprise
microGPi1_L_6_CommonFiltered,0,343677.41952,343710.76096,33.341439999989234,343677.41952,343710.76096,33.341439999989234,7,6.765756837052237,RankSurprise
microGPi1_L_6_CommonFiltered,0,343874.84672,343916.7488,41.902080000028946,343874.84672,343916.7488,41.902080000028946,7,5.117200639722722,RankSurprise
microGPi1_L_6_CommonFiltered,0,344016.77312,344100.0448,83.27167999994708,344016.77312,344100.0448,83.27167999994708,10,4.8946167274677865,RankSurprise
microGPi1_L_6_CommonFiltered,0,344225.01376,344322.78528,97.77152000000933,344225.01376,344322.78528,97.77152000000933,12,6.312327804548905,RankSurprise
microGPi1_L_6_CommonFiltered,0,344606.39232,344639.6928,33.30048000003444,344606.39232,344639.6928,33.30048000003444,6,5.180303594077586,RankSurprise
microGPi1_L_6_CommonFiltered,0,344891.84256,344964.42368,72.581119999988,344891.84256,344964.42368,72.581119999988,10,5.911402838406486,RankSurprise
microGPi1_L_6_CommonFiltered,0,345006.44864,345017.18016,10.731519999972079,345006.44864,345017.18016,10.731519999972079,5,9.102696584767319,RankSurprise
microGPi1_L_6_CommonFiltered,0,345058.5088,345123.26656,64.75776000000769,345058.5088,345123.26656,64.75776000000769,11,8.657303640022217,RankSurprise
microGPi1_L_6_CommonFiltered,0,345389.95712,345394.66752,4.710400000039954,345389.95712,345394.66752,4.710400000039954,3,5.757272370518221,RankSurprise
microGPi1_L_6_CommonFiltered,0,349976.69888,350085.24288,108.54399999999441,349976.69888,350085.24288,108.54399999999441,13,6.677673415789956,RankSurprise
microGPi1_L_6_CommonFiltered,0,350118.7072,350132.71552,14.00832000002265,350118.7072,350132.71552,14.00832000002265,6,10.415698486622006,RankSurprise
microGPi1_L_6_CommonFiltered,0,350226.55488,350241.1776,14.622719999984838,350226.55488,350241.1776,14.622719999984838,5,7.085779096836834,RankSurprise
microGPi1_L_6_CommonFiltered,0,350362.74688,350382.65344,19.906560000032187,350362.74688,350382.65344,19.906560000032187,4,3.725696592381478,RankSurprise
microGPi1_L_6_CommonFiltered,0,350796.26752,350835.54816,39.28064000001177,350796.26752,350835.54816,39.28064000001177,7,5.68616168044914,RankSurprise
microGPi1_L_6_CommonFiltered,0,351102.32064,351116.16512,13.844480000028852,351102.32064,351116.16512,13.844480000028852,4,4.952502756660749,RankSurprise
microGPi1_L_6_CommonFiltered,0,351168.96256,351202.304,33.341439999989234,351168.96256,351202.304,33.341439999989234,6,4.839274320734454,RankSurprise
microGPi1_L_6_CommonFiltered,0,351513.10848,351535.67744,22.568960000004154,351513.10848,351535.67744,22.568960000004154,5,5.060978758182596,RankSurprise
microGPi1_L_6_CommonFiltered,0,351858.44224,351863.1936,4.751359999994747,351858.44224,351863.1936,4.751359999994747,3,5.682450561238452,RankSurprise
microGPi1_L_6_CommonFiltered,0,351966.57664,352075.03872,108.46208000002662,351966.57664,352075.03872,108.46208000002662,12,5.292565211723976,RankSurprise
microGPi1_L_6_CommonFiltered,0,352160.48128,352377.48736,217.00608000002103,352160.48128,352377.48736,217.00608000002103,22,7.039976848560383,RankSurprise
microGPi1_L_6_CommonFiltered,0,352475.17696,352594.16576,118.9887999999919,352475.17696,352594.16576,118.9887999999919,18,12.27977139243205,RankSurprise
microGPi1_L_6_CommonFiltered,0,352652.82048,352742.03136,89.21088000002783,352652.82048,352742.03136,89.21088000002783,11,6.447394081468899,RankSurprise
microGPi1_L_6_CommonFiltered,0,356976.72192,356981.39136,4.6694400000269525,356976.72192,356981.39136,4.6694400000269525,3,6.082161366883648,RankSurprise
microGPi1_L_6_CommonFiltered,0,360932.72064,361096.56064,163.8399999999674,360932.72064,361096.56064,163.8399999999674,16,4.936066342008944,RankSurprise
microGPi1_L_6_CommonFiltered,0,361238.69184,361369.3952,130.70336000004318,361238.69184,361369.3952,130.70336000004318,13,4.014634419720288,RankSurprise
microGPi1_L_6_CommonFiltered,0,361444.80256,361516.19584,71.39328000001842,361444.80256,361516.19584,71.39328000001842,10,6.450207660352575,RankSurprise
microGPi1_L_6_CommonFiltered,0,361594.83904,361599.54944,4.710399999981746,361594.83904,361599.54944,4.710399999981746,3,6.2635360131256235,RankSurprise
microGPi1_L_6_CommonFiltered,0,369321.86112,369338.5728,16.711680000007618,369321.86112,369338.5728,16.711680000007618,5,5.959541742617795,RankSurprise
microGPi1_L_6_CommonFiltered,0,369530.51136,369535.46752,4.956160000001546,369530.51136,369535.46752,4.956160000001546,3,5.213283251695424,RankSurprise
microGPi1_L_6_CommonFiltered,0,370482.95424,370491.55584,8.601599999994505,370482.95424,370491.55584,8.601599999994505,3,3.597670390212725,RankSurprise
microGPi1_L_6_CommonFiltered,0,370630.98368,370641.7152,10.731519999972079,370630.98368,370641.7152,10.731519999972079,4,6.008160799578118,RankSurprise
microGPi1_L_6_CommonFiltered,0,370785.81248,370858.3936,72.581119999988,370785.81248,370858.3936,72.581119999988,10,6.390739707811903,RankSurprise
microGPi1_L_6_CommonFiltered,0,371058.4832,371066.59328,8.110079999954905,371058.4832,371066.59328,8.110079999954905,3,4.4029979887423405,RankSurprise
microGPi1_L_6_CommonFiltered,0,371199.87712,371235.92192,36.0447999999742,371199.87712,371235.92192,36.0447999999742,6,4.605004698744089,RankSurprise
microGPi1_L_6_CommonFiltered,0,371297.8944,371305.71776,7.8233600000385195,371297.8944,371305.71776,7.8233600000385195,3,4.431607071234438,RankSurprise
microGPi1_L_6_CommonFiltered,0,383837.92128,383840.70656,2.785280000010971,383837.92128,383840.70656,2.785280000010971,3,7.2939400517671995,RankSurprise
microGPi1_L_6_CommonFiltered,0,383871.42656,383888.05632,16.629759999981616,383871.42656,383888.05632,16.629759999981616,4,4.147812901771172,RankSurprise
microGPi1_L_6_CommonFiltered,0,384019.456,384054.8864,35.430400000012014,384019.456,384054.8864,35.430400000012014,6,5.135704142618792,RankSurprise
microGPi1_L_6_CommonFiltered,0,384219.58656,384446.95552,227.3689599999925,384219.58656,384446.95552,227.3689599999925,27,13.135969714616218,RankSurprise
microGPi1_L_6_CommonFiltered,0,384588.30848,384641.10592,52.79743999999482,384588.30848,384641.10592,52.79743999999482,8,5.604503104595551,RankSurprise
microGPi1_L_6_CommonFiltered,0,384771.64544,384841.23648,69.59104000002844,384771.64544,384841.23648,69.59104000002844,9,5.458337934644266,RankSurprise
microGPi1_L_6_CommonFiltered,0,394924.27776,395229.10208,304.82431999995606,394924.27776,395229.10208,304.82431999995606,25,4.188984212945514,RankSurprise
microGPi1_L_6_CommonFiltered,0,395268.34176,395301.6832,33.34144000004744,395268.34176,395301.6832,33.34144000004744,7,6.65671923316112,RankSurprise
microGPi1_L_6_CommonFiltered,0,395521.31072,395612.61056,91.2998399999924,395521.31072,395612.61056,91.2998399999924,11,5.6676289456369915,RankSurprise
microGPi1_L_6_CommonFiltered,0,401665.06496,401748.54144,83.47648000001209,401665.06496,401748.54144,83.47648000001209,11,6.099202227919315,RankSurprise
microGPi1_L_6_CommonFiltered,0,412252.9792,412275.58912,22.609920000017155,412252.9792,412275.58912,22.609920000017155,5,4.728435744666758,RankSurprise
microGPi1_L_6_CommonFiltered,0,412492.30848,412525.60896,33.30047999997623,412492.30848,412525.60896,33.30047999997623,5,3.5677480441345786,RankSurprise
microGPi1_L_6_CommonFiltered,0,412817.12128,412919.84896,102.72767999995267,412817.12128,412919.84896,102.72767999995267,11,4.191471783479527,RankSurprise
microGPi1_L_6_CommonFiltered,0,430116.33152,430124.40064,8.069120000000112,430116.33152,430124.40064,8.069120000000112,3,3.6272361516073843,RankSurprise
microGPi1_L_6_CommonFiltered,0,430277.05856,430299.7504,22.691840000043157,430277.05856,430299.7504,22.691840000043157,5,4.583454200737737,RankSurprise
microGPi1_L_6_CommonFiltered,0,430449.90976,430510.57152,60.661759999988135,430449.90976,430510.57152,60.661759999988135,9,5.842009193131353,RankSurprise
microGPi1_L_6_CommonFiltered,0,430663.80288,430710.70208,46.89920000004349,430663.80288,430710.70208,46.89920000004349,7,4.3091948120967025,RankSurprise
microGPi1_L_6_CommonFiltered,0,430866.67776,431141.35552,274.6777599999914,430866.67776,431141.35552,274.6777599999914,24,5.3224903512003126,RankSurprise
microGPi1_L_6_CommonFiltered,1,155681.71008,156198.2976,516.587520000001,155681.71008,156198.2976,516.587520000001,40,8.962168245451368,RankSurprise
microGPi1_L_6_CommonFiltered,1,156848.20992,156931.4816,83.27168000000529,156848.20992,156931.4816,83.27168000000529,11,8.78932132954318,RankSurprise
microGPi1_L_6_CommonFiltered,1,167140.31104,167148.05248,7.741440000012517,167140.31104,167148.05248,7.741440000012517,3,6.815353272354956,RankSurprise
microGPi1_L_6_CommonFiltered,1,167206.99392,167247.83104,40.83711999998195,167206.99392,167247.83104,40.83711999998195,7,9.013635200876536,RankSurprise
microGPi1_L_6_CommonFiltered,1,181889.88416,181914.13248,24.248320000013337,181889.88416,181914.13248,24.248320000013337,4,3.9714804229378657,RankSurprise
microGPi1_L_6_CommonFiltered,1,182039.9616,182347.65312,307.69151999999303,182039.9616,182347.65312,307.69151999999303,22,3.685933167888829,RankSurprise
microGPi1_L_6_CommonFiltered,1,184589.96736,184614.25664,24.289279999997234,184589.96736,184614.25664,24.289279999997234,4,3.9692882408396457,RankSurprise
microGPi1_L_6_CommonFiltered,1,184940.01152,185097.54368,157.53216000000248,184940.01152,185097.54368,157.53216000000248,15,6.728510406027537,RankSurprise
microGPi1_L_6_CommonFiltered,1,185480.88832,185497.72288,16.834559999988414,185480.88832,185497.72288,16.834559999988414,4,4.63926709039227,RankSurprise
microGPi1_L_6_CommonFiltered,1,187823.34976,187856.65024,33.30047999997623,187823.34976,187856.65024,33.30047999997623,5,4.3843094770642885,RankSurprise
microGPi1_L_6_CommonFiltered,1,188390.03136,188497.55136,107.52000000001863,188390.03136,188497.55136,107.52000000001863,11,5.442076791704431,RankSurprise
microGPi1_L_6_CommonFiltered,1,188930.99008,189297.58208,366.5920000000042,188930.99008,189297.58208,366.5920000000042,30,6.979741575733178,RankSurprise
microGPi1_L_6_CommonFiltered,1,199590.46144,199623.76192,33.30047999997623,199590.46144,199623.76192,33.30047999997623,5,4.374762930434489,RankSurprise
microGPi1_L_6_CommonFiltered,1,205774.06976,205807.24736,33.17759999999544,205774.06976,205807.24736,33.17759999999544,5,4.6715616637260275,RankSurprise
microGPi1_L_6_CommonFiltered,1,206390.76352,206415.01184,24.248319999984233,206390.76352,206415.01184,24.248319999984233,4,4.085460654441764,RankSurprise
microGPi1_L_6_CommonFiltered,1,209374.49472,209391.16544,16.67072000002372,209374.49472,209391.16544,16.67072000002372,4,8.7736057135617,RankSurprise
microGPi1_L_6_CommonFiltered,1,211241.41056,211265.69984,24.289279999997234,211241.41056,211265.69984,24.289279999997234,4,3.9236186223302347,RankSurprise
microGPi1_L_6_CommonFiltered,1,227477.99552,227502.36672,24.371199999994133,227477.99552,227502.36672,24.371199999994133,4,3.548763932477854,RankSurprise
microGPi1_L_6_CommonFiltered,1,229811.73248,229844.992,33.259519999992335,229811.73248,229844.992,33.259519999992335,5,4.548194920078203,RankSurprise
microGPi1_L_6_CommonFiltered,1,316293.28384,316452.33152,159.04768000001786,316293.28384,316452.33152,159.04768000001786,14,4.508341668427874,RankSurprise
microGPi1_L_6_CommonFiltered,1,316543.3856,316619.12064,75.73503999999957,316543.3856,316619.12064,75.73503999999957,9,5.059099849480907,RankSurprise
microGPi1_L_6_CommonFiltered,1,316769.19808,316826.86976,57.671679999970365,316769.19808,316826.86976,57.671679999970365,7,4.657801324191204,RankSurprise
microGPi1_L_6_CommonFiltered,1,317527.32672,317543.75168,16.424959999974817,317527.32672,317543.75168,16.424959999974817,3,3.6484545025847073,RankSurprise
microGPi1_L_6_CommonFiltered,1,317727.3344,317893.91872,166.58432000002358,317727.3344,317893.91872,166.58432000002358,14,3.9292988008827616,RankSurprise
microGPi1_L_6_CommonFiltered,1,320054.0672,320095.0272,40.960000000020955,320054.0672,320095.0272,40.960000000020955,6,5.4176697719440625,RankSurprise
microGPi1_L_6_CommonFiltered,1,320161.75104,320395.14112,233.39007999998285,320161.75104,320395.14112,233.39007999998285,19,5.446204303779095,RankSurprise
microGPi1_L_6_CommonFiltered,1,320487.58784,320528.46592,40.87807999999495,320487.58784,320528.46592,40.87807999999495,6,5.6201929217488455,RankSurprise
microGPi1_L_6_CommonFiltered,1,320704.34816,320728.63744,24.289280000026338,320704.34816,320728.63744,24.289280000026338,4,3.8765084305422306,RankSurprise
microGPi1_L_6_CommonFiltered,1,321121.28,321171.2512,49.97119999997085,321121.28,321171.2512,49.97119999997085,6,3.7731515952076675,RankSurprise
microGPi1_L_6_CommonFiltered,1,321278.93504,321312.27648,33.341439999989234,321278.93504,321312.27648,33.341439999989234,5,4.175744610784676,RankSurprise
microGPi1_L_6_CommonFiltered,1,321337.99936,321354.62912,16.629759999981616,321337.99936,321354.62912,16.629759999981616,4,8.425088696576587,RankSurprise
microGPi1_L_6_CommonFiltered,1,321582.44864,321595.71968,13.27103999996325,321582.44864,321595.71968,13.27103999996325,3,5.957178350277077,RankSurprise
microGPi1_L_6_CommonFiltered,1,321688.1664,321895.91552,207.74911999999313,321688.1664,321895.91552,207.74911999999313,17,4.219970715094246,RankSurprise
microGPi1_L_6_CommonFiltered,1,321982.58688,321996.06272,13.475839999970049,321982.58688,321996.06272,13.475839999970049,4,9.973756926732248,RankSurprise
microGPi1_L_6_CommonFiltered,1,322238.38208,322462.84288,224.46080000000075,322238.38208,322462.84288,224.46080000000075,19,5.080377366460069,RankSurprise
microGPi1_L_6_CommonFiltered,1,323422.28992,323555.65568,133.36576000001514,323422.28992,323555.65568,133.36576000001514,12,4.330733380189437,RankSurprise
microGPi1_L_6_CommonFiltered,1,323696.72192,323730.0224,33.30048000003444,323696.72192,323730.0224,33.30048000003444,5,4.034910064498195,RankSurprise
microGPi1_L_6_CommonFiltered,1,328141.12768,328198.79936,57.67168000002857,328141.12768,328198.79936,57.67168000002857,7,4.71619692973729,RankSurprise
microGPi1_L_6_CommonFiltered,1,328398.80704,328674.67264,275.8656000000192,328398.80704,328674.67264,275.8656000000192,28,11.698360349535346,RankSurprise
microGPi1_L_6_CommonFiltered,1,328991.49824,329108.19328,116.69504000002053,328991.49824,329108.19328,116.69504000002053,11,4.0975592853105836,RankSurprise
microGPi1_L_6_CommonFiltered,1,329265.93024,329299.39456,33.46431999997003,329265.93024,329299.39456,33.46431999997003,5,4.217696670626491,RankSurprise
microGPi1_L_6_CommonFiltered,1,329408.34816,329432.59648,24.248320000013337,329408.34816,329432.59648,24.248320000013337,4,4.220576711882504,RankSurprise
microGPi1_L_6_CommonFiltered,1,329466.10176,329482.52672,16.424960000033025,329466.10176,329482.52672,16.424960000033025,3,3.528207857174971,RankSurprise
microGPi1_L_6_CommonFiltered,1,329591.808,329775.18592,183.377919999999,329591.808,329775.18592,183.377919999999,15,4.331055514186178,RankSurprise
microGPi1_L_6_CommonFiltered,1,330066.28864,330166.39488,100.1062399999937,330066.28864,330166.39488,100.1062399999937,13,10.016472809445357,RankSurprise
microGPi1_L_6_CommonFiltered,1,330608.92672,330633.05216,24.12544000003254,330608.92672,330633.05216,24.12544000003254,4,4.51056095718225,RankSurprise
microGPi1_L_6_CommonFiltered,1,330825.60512,330849.77152,24.166399999987334,330825.60512,330849.77152,24.166399999987334,4,4.354581995364562,RankSurprise
microGPi1_L_6_CommonFiltered,1,331075.70688,331100.07808,24.371199999994133,331075.70688,331100.07808,24.371199999994133,4,3.6573731087410906,RankSurprise
microGPi1_L_6_CommonFiltered,1,331492.51584,331575.9104,83.39455999998609,331492.51584,331575.9104,83.39455999998609,9,4.583471912955944,RankSurprise
microGPi1_L_6_CommonFiltered,1,332059.40224,332076.11392,16.71167999994941,332059.40224,332076.11392,16.71167999994941,4,8.425088696576587,RankSurprise
microGPi1_L_6_CommonFiltered,1,332283.904,332300.32896,16.424960000033025,332283.904,332300.32896,16.424960000033025,3,3.5784320894982056,RankSurprise
microGPi1_L_6_CommonFiltered,1,332626.24768,332650.496,24.248320000013337,332626.24768,332650.496,24.248320000013337,4,4.119825304726895,RankSurprise
microGPi1_L_6_CommonFiltered,1,333193.13408,333234.01216,40.87807999999495,333193.13408,333234.01216,40.87807999999495,5,3.5706932683691335,RankSurprise
microGPi1_L_6_CommonFiltered,1,333426.56512,333450.77248,24.207360000000335,333426.56512,333450.77248,24.207360000000335,4,4.22534619025398,RankSurprise
microGPi1_L_6_CommonFiltered,1,334026.83392,334084.34176,57.50783999997657,334026.83392,334084.34176,57.50783999997657,7,5.0832642454930275,RankSurprise
microGPi1_L_6_CommonFiltered,1,334517.90336,334576.92672,59.02335999999195,334517.90336,334576.92672,59.02335999999195,7,4.287115581261669,RankSurprise
microGPi1_L_6_CommonFiltered,1,334768.04608,334801.3056,33.25952000002144,334768.04608,334801.3056,33.25952000002144,5,4.6531190020534545,RankSurprise
microGPi1_L_6_CommonFiltered,1,335084.70784,335151.43168,66.72383999999147,335084.70784,335151.43168,66.72383999999147,8,4.651130990271951,RankSurprise
microGPi1_L_6_CommonFiltered,1,335977.43104,336068.48512,91.05408000003081,335977.43104,336068.48512,91.05408000003081,10,5.284659411998538,RankSurprise
microGPi1_L_6_CommonFiltered,1,337111.12192,337218.68288,107.56095999997342,337111.12192,337218.68288,107.56095999997342,10,4.030525752408671,RankSurprise
microGPi1_L_6_CommonFiltered,1,337477.87776,337502.08512,24.207360000000335,337477.87776,337502.08512,24.207360000000335,4,4.230123263345867,RankSurprise
microGPi1_L_6_CommonFiltered,1,338211.4304,338335.744,124.31359999999404,338211.4304,338335.744,124.31359999999404,12,5.299074728921465,RankSurprise
microGPi1_L_6_CommonFiltered,1,338952.8064,338995.15904,42.352639999997336,338952.8064,338995.15904,42.352639999997336,6,4.66183131984434,RankSurprise
microGPi1_L_6_CommonFiltered,1,339211.83744,339402.79296,190.9555200000177,339211.83744,339402.79296,190.9555200000177,17,5.6334107395221755,RankSurprise
microGPi1_L_6_CommonFiltered,1,339502.85824,339536.15872,33.30048000003444,339502.85824,339536.15872,33.30048000003444,5,4.047190778852077,RankSurprise
microGPi1_L_6_CommonFiltered,1,342337.24928,342373.94944,36.7001600000076,342337.24928,342373.94944,36.7001600000076,7,8.563193709391378,RankSurprise
microGPi1_L_6_CommonFiltered,1,342579.8144,342607.42144,27.607040000031702,342579.8144,342607.42144,27.607040000031702,5,5.727905721082617,RankSurprise
microGPi1_L_6_CommonFiltered,1,342770.85184,342904.17664,133.32480000000214,342770.85184,342904.17664,133.32480000000214,12,4.500932641511262,RankSurprise
microGPi1_L_6_CommonFiltered,1,343037.58336,343070.84288,33.25952000002144,343037.58336,343070.84288,33.25952000002144,5,4.336802967011508,RankSurprise
microGPi1_L_6_CommonFiltered,1,343163.2896,343330.03776,166.74815999995917,343163.2896,343330.03776,166.74815999995917,15,4.956813703615416,RankSurprise
microGPi1_L_6_CommonFiltered,1,343463.48544,343480.1152,16.629759999981616,343463.48544,343480.1152,16.629759999981616,4,10.006366585605557,RankSurprise
microGPi1_L_6_CommonFiltered,1,343680.2048,343713.50528,33.30047999997623,343680.2048,343713.50528,33.30047999997623,5,4.3217192777317415,RankSurprise
microGPi1_L_6_CommonFiltered,1,344113.64352,344513.82272,400.1792000000132,344113.64352,344513.82272,400.1792000000132,32,7.265178634146054,RankSurprise
microGPi1_L_6_CommonFiltered,1,350298.89024,350365.53216,66.64192000002367,350298.89024,350365.53216,66.64192000002367,8,5.096637987348176,RankSurprise
microGPi1_L_6_CommonFiltered,1,350965.67808,350973.5424,7.864319999993313,350965.67808,350973.5424,7.864319999993313,3,5.125063263291761,RankSurprise
microGPi1_L_6_CommonFiltered,1,352282.8288,352416.07168,133.24287999997614,352282.8288,352416.07168,133.24287999997614,13,5.484878070469398,RankSurprise
microGPi1_L_6_CommonFiltered,1,352616.16128,352627.54816,11.386880000005476,352616.16128,352627.54816,11.386880000005476,3,5.351332359779359,RankSurprise
microGPi1_L_6_CommonFiltered,1,356800.75776,356825.04704,24.28927999996813,356800.75776,356825.04704,24.28927999996813,4,3.90640192641656,RankSurprise
microGPi1_L_6_CommonFiltered,1,361109.95456,361159.8848,49.930240000016056,361109.95456,361159.8848,49.930240000016056,7,5.647133973349792,RankSurprise
microGPi1_L_6_CommonFiltered,1,370479.39072,370579.41504,100.0243199999677,370479.39072,370579.41504,100.0243199999677,10,4.276447197592289,RankSurprise
microGPi1_L_6_CommonFiltered,1,412046.62272,412163.23584,116.61311999999452,412046.62272,412163.23584,116.61311999999452,12,5.461200077425159,RankSurprise
microGPi1_L_6_CommonFiltered,1,412196.61824,412246.6304,50.01216000004206,412196.61824,412246.6304,50.01216000004206,6,3.6123278496317623,RankSurprise
microGPi1_L_6_CommonFiltered,1,412580.20864,412646.85056,66.64191999996547,412580.20864,412646.85056,66.64191999996547,8,5.15058003347584,RankSurprise
microGPi1_L_6_CommonFiltered,1,412789.30944,412830.39232,41.08288000000175,412789.30944,412830.39232,41.08288000000175,6,4.9345618314155715,RankSurprise
microGPi1_L_6_CommonFiltered,1,413130.50624,413163.80672,33.30047999997623,413130.50624,413163.80672,33.30047999997623,5,4.2452956834607924,RankSurprise
microGPi1_L_6_CommonFiltered,1,429312.73728,429326.66368,13.926399999996647,429312.73728,429326.66368,13.926399999996647,3,6.078735523088669,RankSurprise
microGPi1_L_6_CommonFiltered,1,429996.35968,430020.68992,24.33023999998113,429996.35968,430020.68992,24.33023999998113,4,3.7111772900651268,RankSurprise
microGPi1_L_6_CommonFiltered,1,430104.12544,430137.344,33.21856000000844,430104.12544,430137.344,33.21856000000844,5,4.688026832634467,RankSurprise
microGPi1_L_6_CommonFiltered,1,430796.8,430937.78432,140.98431999998866,430796.8,430937.78432,140.98431999998866,12,3.921784905542619,RankSurprise
microGPi1_L_6_CommonFiltered,2,156768.6656,156835.30752,66.64191999999457,156768.6656,156835.30752,66.64191999999457,6,3.5700793255707137,RankSurprise
microGPi1_L_6_CommonFiltered,2,167129.21088,167151.86176,22.650880000001052,167129.21088,167151.86176,22.650880000001052,4,4.839105479240246,RankSurprise
microGPi1_L_6_CommonFiltered,2,177945.47712,177992.74496,47.267840000014985,177945.47712,177992.74496,47.267840000014985,6,5.3981432873510755,RankSurprise
microGPi1_L_6_CommonFiltered,2,178092.6464,178145.44384,52.79743999999482,178092.6464,178145.44384,52.79743999999482,6,5.087718735642454,RankSurprise
microGPi1_L_6_CommonFiltered,2,178495.44704,178659.24608,163.7990400000126,178495.44704,178659.24608,163.7990400000126,12,4.83073529543848,RankSurprise
microGPi1_L_6_CommonFiltered,2,178862.16192,178892.63616,30.474239999981364,178862.16192,178892.63616,30.474239999981364,4,3.8450900840691666,RankSurprise
microGPi1_L_6_CommonFiltered,2,178959.27808,178968.12544,8.847360000014305,178959.27808,178968.12544,8.847360000014305,3,5.4639312442048595,RankSurprise
microGPi1_L_6_CommonFiltered,2,181490.76992,181662.14656,171.37664000000223,181490.76992,181662.14656,171.37664000000223,12,3.9875077639687415,RankSurprise
microGPi1_L_6_CommonFiltered,2,181801.49248,181828.89472,27.402240000024904,181801.49248,181828.89472,27.402240000024904,4,3.84194047690206,RankSurprise
microGPi1_L_6_CommonFiltered,2,182084.77184,182128.8448,44.07295999999042,182084.77184,182128.8448,44.07295999999042,5,3.66956916819289,RankSurprise
microGPi1_L_6_CommonFiltered,2,182182.21568,182212.15744,29.941760000016075,182182.21568,182212.15744,29.941760000016075,5,6.570603045147102,RankSurprise
microGPi1_L_6_CommonFiltered,2,184157.47072,184168.16128,10.690559999988182,184157.47072,184168.16128,10.690559999988182,3,4.879235464213194,RankSurprise
microGPi1_L_6_CommonFiltered,2,184265.60512,184312.2176,46.61248000001069,184265.60512,184312.2176,46.61248000001069,5,3.7739598718565013,RankSurprise
microGPi1_L_6_CommonFiltered,2,184340.80768,184345.6,4.792320000007749,184340.80768,184345.6,4.792320000007749,3,9.243922871792645,RankSurprise
microGPi1_L_6_CommonFiltered,2,184368.128,184434.76992,66.64191999999457,184368.128,184434.76992,66.64191999999457,7,5.417673744427122,RankSurprise
microGPi1_L_6_CommonFiltered,2,184724.19328,184851.49696,127.3036799999827,184724.19328,184851.49696,127.3036799999827,11,6.05883216118371,RankSurprise
microGPi1_L_6_CommonFiltered,2,185512.18176,185545.56416,33.382400000002235,185512.18176,185545.56416,33.382400000002235,5,5.827524468707271,RankSurprise
microGPi1_L_6_CommonFiltered,2,185574.15424,185582.26432,8.11007999998401,185574.15424,185582.26432,8.11007999998401,4,12.291708058807341,RankSurprise
microGPi1_L_6_CommonFiltered,2,185582.26432,185624.08448,41.82016000000294,185582.26432,185624.08448,41.82016000000294,5,4.283477054636556,RankSurprise
microGPi1_L_6_CommonFiltered,2,187895.6032,187968.22528,72.622080000001,187895.6032,187968.22528,72.622080000001,7,4.753283674905065,RankSurprise
microGPi1_L_6_CommonFiltered,2,188557.47584,188568.20736,10.731520000001183,188557.47584,188568.20736,10.731520000001183,4,10.696678547745467,RankSurprise
microGPi1_L_6_CommonFiltered,2,188807.5776,188912.31232,104.73472000000766,188807.5776,188912.31232,104.73472000000766,11,8.887552205587602,RankSurprise
microGPi1_L_6_CommonFiltered,2,189078.97856,189118.2592,39.28064000001177,189078.97856,189118.2592,39.28064000001177,5,4.79541387843015,RankSurprise
microGPi1_L_6_CommonFiltered,2,189324.288,189334.85568,10.567680000007385,189324.288,189334.85568,10.567680000007385,3,5.721561625366402,RankSurprise
microGPi1_L_6_CommonFiltered,2,189501.52192,189599.00672,97.48480000000563,189501.52192,189599.00672,97.48480000000563,9,6.079341933742115,RankSurprise
microGPi1_L_6_CommonFiltered,2,199912.69376,199929.40544,16.711680000007618,199912.69376,199929.40544,16.711680000007618,5,10.565077971714217,RankSurprise
microGPi1_L_6_CommonFiltered,2,201179.3408,201246.02368,66.68288000000757,201179.3408,201246.02368,66.68288000000757,6,3.5230049140234625,RankSurprise
microGPi1_L_6_CommonFiltered,2,201449.79968,201546.05568,96.25599999999395,201449.79968,201546.05568,96.25599999999395,8,4.016017076470463,RankSurprise
microGPi1_L_6_CommonFiltered,2,201846.04672,201879.3472,33.30047999997623,201846.04672,201879.3472,33.30047999997623,4,3.5297964033886764,RankSurprise
microGPi1_L_6_CommonFiltered,2,202296.15616,202396.0576,99.9014399999869,202296.15616,202396.0576,99.9014399999869,8,3.6102812236913695,RankSurprise
microGPi1_L_6_CommonFiltered,2,206846.40256,206879.70304,33.30048000000534,206846.40256,206879.70304,33.30048000000534,4,3.6249052477466748,RankSurprise
microGPi1_L_6_CommonFiltered,2,210730.27072,210936.13568,205.86496000000625,210730.27072,210936.13568,205.86496000000625,14,3.868423794621806,RankSurprise
microGPi1_L_6_CommonFiltered,2,213313.98656,213369.77408,55.78752000001259,213313.98656,213369.77408,55.78752000001259,7,6.936992708838687,RankSurprise
microGPi1_L_6_CommonFiltered,2,213947.392,213980.69248,33.30048000000534,213947.392,213980.69248,33.30048000000534,4,3.5755333609682864,RankSurprise
microGPi1_L_6_CommonFiltered,2,216803.69664,216881.23392,77.53727999998955,216803.69664,216881.23392,77.53727999998955,7,3.694231396383692,RankSurprise
microGPi1_L_6_CommonFiltered,2,217753.92768,217797.95968,44.03200000000652,217753.92768,217797.95968,44.03200000000652,5,4.46055400628407,RankSurprise
microGPi1_L_6_CommonFiltered,2,224916.35712,224982.95808,66.60096000001067,224916.35712,224982.95808,66.60096000001067,6,3.7005666764831044,RankSurprise
microGPi1_L_6_CommonFiltered,2,227356.09856,227383.58272,27.4841599999927,227356.09856,227383.58272,27.4841599999927,4,4.075910228816696,RankSurprise
microGPi1_L_6_CommonFiltered,2,227983.64672,228016.98816,33.34144000001834,227983.64672,228016.98816,33.34144000001834,4,3.52554409871291,RankSurprise
microGPi1_L_6_CommonFiltered,2,230173.2864,230250.65984,77.37343999999575,230173.2864,230250.65984,77.37343999999575,7,3.9027086407371723,RankSurprise
microGPi1_L_6_CommonFiltered,2,231139.98336,231284.20352,144.22015999999712,231139.98336,231284.20352,144.22015999999712,12,5.986157956139394,RankSurprise
microGPi1_L_6_CommonFiltered,2,231467.58144,231484.2112,16.629759999981616,231467.58144,231484.2112,16.629759999981616,3,3.535275616591905,RankSurprise
microGPi1_L_6_CommonFiltered,2,232350.96576,232434.36032,83.39456000001519,232350.96576,232434.36032,83.39456000001519,7,3.7697856745137943,RankSurprise
microGPi1_L_6_CommonFiltered,2,252344.81152,252361.68704,16.875520000001416,252344.81152,252361.68704,16.875520000001416,4,6.030369271258163,RankSurprise
microGPi1_L_6_CommonFiltered,2,316124.44672,316147.0976,22.65087999997195,316124.44672,316147.0976,22.65087999997195,4,4.9531706960370165,RankSurprise
microGPi1_L_6_CommonFiltered,2,316247.16288,316274.72896,27.566079999960493,316247.16288,316274.72896,27.566079999960493,5,6.965600977641298,RankSurprise
microGPi1_L_6_CommonFiltered,2,316997.55008,317147.5456,149.99551999999676,316997.55008,317147.5456,149.99551999999676,12,5.746754921747014,RankSurprise
microGPi1_L_6_CommonFiltered,2,317658.60352,317670.52288,11.91935999999987,317658.60352,317670.52288,11.91935999999987,3,4.272432821999404,RankSurprise
microGPi1_L_6_CommonFiltered,2,317831.24992,317841.98144,10.731520000030287,317831.24992,317841.98144,10.731520000030287,3,4.686858033715916,RankSurprise
microGPi1_L_6_CommonFiltered,2,317953.92512,317964.61568,10.690559999959078,317953.92512,317964.61568,10.690559999959078,3,5.401603129037214,RankSurprise
microGPi1_L_6_CommonFiltered,2,320104.8576,320132.21888,27.361280000011902,320104.8576,320132.21888,27.361280000011902,5,7.269077626475447,RankSurprise
microGPi1_L_6_CommonFiltered,2,320465.79712,320688.61952,222.82240000000456,320465.79712,320688.61952,222.82240000000456,15,5.655508704734806,RankSurprise
microGPi1_L_6_CommonFiltered,2,320910.04928,320921.96864,11.91935999999987,320910.04928,320921.96864,11.91935999999987,3,4.34346535425013,RankSurprise
microGPi1_L_6_CommonFiltered,2,321066.10688,321093.46816,27.361280000011902,321066.10688,321093.46816,27.361280000011902,5,6.914039854122354,RankSurprise
microGPi1_L_6_CommonFiltered,2,321205.49376,321216.1024,10.608639999991283,321205.49376,321216.1024,10.608639999991283,3,5.446739125976871,RankSurprise
microGPi1_L_6_CommonFiltered,2,321822.35136,321860.44416,38.09280000004219,321822.35136,321860.44416,38.09280000004219,6,8.077543997307956,RankSurprise
microGPi1_L_6_CommonFiltered,2,322016.41984,322055.86432,39.44448000000557,322016.41984,322055.86432,39.44448000000557,6,7.121377896056643,RankSurprise
microGPi1_L_6_CommonFiltered,2,322110.54592,322133.1968,22.65087999997195,322110.54592,322133.1968,22.65087999997195,4,4.928198919163034,RankSurprise
microGPi1_L_6_CommonFiltered,2,322314.0352,322600.05888,286.0236800000421,322314.0352,322600.05888,286.0236800000421,21,7.346710043817253,RankSurprise
microGPi1_L_6_CommonFiltered,2,322780.93824,322789.49888,8.560640000039712,322780.93824,322789.49888,8.560640000039712,3,5.1016870218661285,RankSurprise
microGPi1_L_6_CommonFiltered,2,322866.7904,322894.31552,27.5251200000057,322866.7904,322894.31552,27.5251200000057,4,4.079315451252899,RankSurprise
microGPi1_L_6_CommonFiltered,2,323066.92096,323144.37632,77.45535999996355,323066.92096,323144.37632,77.45535999996355,9,8.620665721566114,RankSurprise
microGPi1_L_6_CommonFiltered,2,323373.13792,323389.76768,16.629759999981616,323373.13792,323389.76768,16.629759999981616,4,6.684334522530538,RankSurprise
microGPi1_L_6_CommonFiltered,2,323717.28384,323767.21408,49.930240000016056,323717.28384,323767.21408,49.930240000016056,5,3.907764173714174,RankSurprise
microGPi1_L_6_CommonFiltered,2,323856.67072,323894.6816,38.010880000016186,323856.67072,323894.6816,38.010880000016186,6,7.9863097922036275,RankSurprise
microGPi1_L_6_CommonFiltered,2,328263.39328,328486.05184,222.65855999995256,328263.39328,328486.05184,222.65855999995256,15,5.167226681142213,RankSurprise
microGPi1_L_6_CommonFiltered,2,328819.54816,328975.64672,156.0985600000131,328819.54816,328975.64672,156.0985600000131,12,4.413539493304325,RankSurprise
microGPi1_L_6_CommonFiltered,2,329313.8944,329380.57728,66.68288000003668,329313.8944,329380.57728,66.68288000003668,8,7.0900743553780154,RankSurprise
microGPi1_L_6_CommonFiltered,2,329870.1312,329903.39072,33.25952000002144,329870.1312,329903.39072,33.25952000002144,6,8.850429612037019,RankSurprise
microGPi1_L_6_CommonFiltered,2,330197.6064,330286.77632,89.16992000001483,330197.6064,330286.77632,89.16992000001483,11,11.791893386449313,RankSurprise
microGPi1_L_6_CommonFiltered,2,330759.7824,330781.16352,21.381119999976363,330759.7824,330781.16352,21.381119999976363,4,5.39178174655952,RankSurprise
microGPi1_L_6_CommonFiltered,2,331226.68544,331237.41696,10.731520000030287,331226.68544,331237.41696,10.731520000030287,3,4.663579378500822,RankSurprise
microGPi1_L_6_CommonFiltered,2,331348.04992,331398.10304,50.05311999999685,331348.04992,331398.10304,50.05311999999685,7,7.887397524301193,RankSurprise
microGPi1_L_6_CommonFiltered,2,331681.54624,331737.4976,55.95136000000639,331681.54624,331737.4976,55.95136000000639,7,7.05626402197057,RankSurprise
microGPi1_L_6_CommonFiltered,2,332037.5296,332048.384,10.854400000011083,332037.5296,332048.384,10.854400000011083,3,4.451508576722203,RankSurprise
microGPi1_L_6_CommonFiltered,2,332078.77632,332098.3552,19.578879999986384,332078.77632,332098.3552,19.578879999986384,5,9.115935519615594,RankSurprise
microGPi1_L_6_CommonFiltered,2,332198.37952,332231.68,33.30047999997623,332198.37952,332231.68,33.30047999997623,4,3.578415206013517,RankSurprise
microGPi1_L_6_CommonFiltered,2,332370.98496,332504.35072,133.36576000001514,332370.98496,332504.35072,133.36576000001514,13,7.85854271448803,RankSurprise
microGPi1_L_6_CommonFiltered,2,332571.07456,332593.72544,22.650880000030156,332571.07456,332593.72544,22.650880000030156,4,4.903433290796141,RankSurprise
microGPi1_L_6_CommonFiltered,2,332798.5664,332854.51776,55.95136000000639,332798.5664,332854.51776,55.95136000000639,6,4.422356377799208,RankSurprise
microGPi1_L_6_CommonFiltered,2,332927.22176,332993.90464,66.68288000003668,332927.22176,332993.90464,66.68288000003668,7,5.058627877436097,RankSurprise
microGPi1_L_6_CommonFiltered,2,333215.37536,333248.67584,33.30047999997623,333215.37536,333248.67584,33.30047999997623,5,5.819313018418942,RankSurprise
microGPi1_L_6_CommonFiltered,2,333304.6272,333844.2752,539.6479999999865,333304.6272,333844.2752,539.6479999999865,42,15.781631276802086,RankSurprise
microGPi1_L_6_CommonFiltered,2,334021.59104,334127.7184,106.12735999998404,334021.59104,334127.7184,106.12735999998404,9,4.61685736746254,RankSurprise
microGPi1_L_6_CommonFiltered,2,334349.14816,334411.12064,61.97247999999672,334349.14816,334411.12064,61.97247999999672,7,5.76390006979914,RankSurprise
microGPi1_L_6_CommonFiltered,2,334721.96608,334871.87968,149.91360000002896,334721.96608,334871.87968,149.91360000002896,14,8.882095921512182,RankSurprise
microGPi1_L_6_CommonFiltered,2,335405.4656,335455.39584,49.930240000016056,335405.4656,335455.39584,49.930240000016056,5,3.5573349769010285,RankSurprise
microGPi1_L_6_CommonFiltered,2,335966.37184,335982.96064,16.588800000026822,335966.37184,335982.96064,16.588800000026822,4,7.0053822739592775,RankSurprise
microGPi1_L_6_CommonFiltered,2,337095.14752,337145.2416,50.09408000000985,337095.14752,337145.2416,50.09408000000985,6,5.422145738006428,RankSurprise
microGPi1_L_6_CommonFiltered,2,337439.37536,337456.04608,16.670719999994617,337439.37536,337456.04608,16.670719999994617,4,6.194748140510903,RankSurprise
microGPi1_L_6_CommonFiltered,2,337812.11136,338189.7216,377.61024000000907,337812.11136,338189.7216,377.61024000000907,27,9.29671025726101,RankSurprise
microGPi1_L_6_CommonFiltered,2,338306.37568,338389.68832,83.31264000001829,338306.37568,338389.68832,83.31264000001829,8,5.90423164419371,RankSurprise
microGPi1_L_6_CommonFiltered,2,338556.35456,338567.20896,10.854400000011083,338556.35456,338567.20896,10.854400000011083,3,4.434237299342845,RankSurprise
microGPi1_L_6_CommonFiltered,2,338639.79008,338647.77728,7.987199999974109,338639.79008,338647.77728,7.987199999974109,3,4.900833971446405,RankSurprise
microGPi1_L_6_CommonFiltered,2,338789.90848,339023.2576,233.34912000002805,338789.90848,339023.2576,233.34912000002805,19,9.877800846768272,RankSurprise
microGPi1_L_6_CommonFiltered,2,339156.70528,339184.06656,27.361280000011902,339156.70528,339184.06656,27.361280000011902,4,4.425645602291688,RankSurprise
microGPi1_L_6_CommonFiltered,2,339223.42912,339367.48544,144.05632000003243,339223.42912,339367.48544,144.05632000003243,11,5.08457457220809,RankSurprise
microGPi1_L_6_CommonFiltered,2,339434.20928,339606.85568,172.6463999999687,339434.20928,339606.85568,172.6463999999687,14,7.0406905047205735,RankSurprise
microGPi1_L_6_CommonFiltered,2,342235.25888,342368.54272,133.28384000004735,342235.25888,342368.54272,133.28384000004735,10,3.634737873123037,RankSurprise
microGPi1_L_6_CommonFiltered,2,342630.6048,342641.21344,10.60864000004949,342630.6048,342641.21344,10.60864000004949,3,5.994713536744245,RankSurprise
microGPi1_L_6_CommonFiltered,2,342749.34784,342868.74624,119.3984000000055,342749.34784,342868.74624,119.3984000000055,10,4.940385156118947,RankSurprise
microGPi1_L_6_CommonFiltered,2,343474.9952,343491.584,16.588799999968614,343474.9952,343491.584,16.588799999968614,3,3.664425841200865,RankSurprise
microGPi1_L_6_CommonFiltered,2,343802.4704,343831.10144,28.631040000007488,343802.4704,343831.10144,28.631040000007488,4,3.8090677183345,RankSurprise
microGPi1_L_6_CommonFiltered,2,344498.01216,344608.64512,110.63296000001719,344498.01216,344608.64512,110.63296000001719,12,10.844366934761497,RankSurprise
microGPi1_L_6_CommonFiltered,2,345425.55136,345448.16128,22.609920000017155,345425.55136,345448.16128,22.609920000017155,4,4.710238092926819,RankSurprise
microGPi1_L_6_CommonFiltered,2,350227.08736,350237.77792,10.690560000017285,350227.08736,350237.77792,10.690560000017285,3,4.602795918069992,RankSurprise
microGPi1_L_6_CommonFiltered,2,350360.3712,350577.29536,216.92415999999503,350360.3712,350577.29536,216.92415999999503,18,9.746453903731021,RankSurprise
microGPi1_L_6_CommonFiltered,2,350868.72576,350943.8464,75.12063999997918,350868.72576,350943.8464,75.12063999997918,7,4.045454330944212,RankSurprise
microGPi1_L_6_CommonFiltered,2,351043.87072,351085.28128,41.410559999989346,351043.87072,351085.28128,41.410559999989346,6,6.448442562861629,RankSurprise
microGPi1_L_6_CommonFiltered,2,351227.41248,351477.30944,249.89695999998366,351227.41248,351477.30944,249.89695999998366,17,5.484739601635741,RankSurprise
microGPi1_L_6_CommonFiltered,2,351504.75264,351510.7328,5.980159999977332,351504.75264,351510.7328,5.980159999977332,3,8.291990448592564,RankSurprise
microGPi1_L_6_CommonFiltered,2,351877.40672,351960.80128,83.39455999998609,351877.40672,351960.80128,83.39455999998609,7,4.102888834852065,RankSurprise
microGPi1_L_6_CommonFiltered,2,352038.2976,352121.56928,83.27168000000529,352038.2976,352121.56928,83.27168000000529,10,10.243768145380056,RankSurprise
microGPi1_L_6_CommonFiltered,2,352588.51328,352661.01248,72.499199999962,352588.51328,352661.01248,72.499199999962,7,5.188010027286438,RankSurprise
microGPi1_L_6_CommonFiltered,2,360724.35712,360780.26752,55.91039999999339,360724.35712,360780.26752,55.91039999999339,6,5.094756035597094,RankSurprise
microGPi1_L_6_CommonFiltered,2,361119.78496,361147.10528,27.3203199999989,361119.78496,361147.10528,27.3203199999989,4,4.020275017709341,RankSurprise
microGPi1_L_6_CommonFiltered,2,361272.5248,361291.1616,18.636799999978393,361272.5248,361291.1616,18.636799999978393,4,5.738212916030204,RankSurprise
microGPi1_L_6_CommonFiltered,2,368516.01408,368526.78656,10.77247999998508,368516.01408,368526.78656,10.77247999998508,3,4.610293590418705,RankSurprise
microGPi1_L_6_CommonFiltered,2,369427.0464,369482.99776,55.95136000000639,369427.0464,369482.99776,55.95136000000639,6,4.43715137108905,RankSurprise
microGPi1_L_6_CommonFiltered,2,370616.81152,370627.42016,10.608639999991283,370616.81152,370627.42016,10.608639999991283,3,6.102639927687251,RankSurprise
microGPi1_L_6_CommonFiltered,2,370706.10432,370791.26016,85.15584000002127,370706.10432,370791.26016,85.15584000002127,8,4.374345196932634,RankSurprise
microGPi1_L_6_CommonFiltered,2,384211.1488,384572.0064,360.85759999998845,384211.1488,384572.0064,360.85759999998845,25,8.800373098543442,RankSurprise
microGPi1_L_6_CommonFiltered,2,384844.92288,384888.87296,43.95007999998052,384844.92288,384888.87296,43.95007999998052,5,4.740229705111243,RankSurprise
microGPi1_L_6_CommonFiltered,2,385033.05216,385038.86848,5.816319999983534,385033.05216,385038.86848,5.816319999983534,3,8.388982714579873,RankSurprise
microGPi1_L_6_CommonFiltered,2,395110.03136,395137.4336,27.402239999966696,395110.03136,395137.4336,27.402239999966696,4,4.404686476791301,RankSurprise
microGPi1_L_6_CommonFiltered,2,411933.85984,411977.89184,44.03200000000652,411933.85984,411977.89184,44.03200000000652,5,4.422769886224817,RankSurprise
microGPi1_L_6_CommonFiltered,2,412267.27424,412361.3184,94.04415999999037,412267.27424,412361.3184,94.04415999999037,8,4.362505096053294,RankSurprise
microGPi1_L_6_CommonFiltered,2,412567.3472,412583.97696,16.629759999981616,412567.3472,412583.97696,16.629759999981616,3,3.5134532441142934,RankSurprise
microGPi1_L_6_CommonFiltered,2,413000.99072,413067.59168,66.60096000001067,413000.99072,413067.59168,66.60096000001067,7,5.567421099001575,RankSurprise
microGPi1_L_6_CommonFiltered,2,429368.36096,429407.60064,39.23967999999877,429368.36096,429407.60064,39.23967999999877,6,7.421729390620563,RankSurprise
microGPi1_L_6_CommonFiltered,2,430302.16704,430674.944,372.77696000004653,430302.16704,430674.944,372.77696000004653,28,11.684469431567814,RankSurprise
microGPi1_L_6_CommonFiltered,3,177459.48672,177481.89184,22.405120000010356,177459.48672,177481.89184,22.405120000010356,4,3.8966382900415084,RankSurprise
microGPi1_L_6_CommonFiltered,3,177622.4256,177626.112,3.6864000000059605,177622.4256,177626.112,3.6864000000059605,3,5.999839505096999,RankSurprise
microGPi1_L_6_CommonFiltered,3,177739.20256,177755.87328,16.670719999994617,177739.20256,177755.87328,16.670719999994617,4,4.521443614454313,RankSurprise
microGPi1_L_6_CommonFiltered,3,177839.22688,177872.52736,33.30048000000534,177839.22688,177872.52736,33.30048000000534,5,4.248980573418621,RankSurprise
microGPi1_L_6_CommonFiltered,3,178226.09408,178509.49632,283.4022399999958,178226.09408,178509.49632,283.4022399999958,23,7.619244731892066,RankSurprise
microGPi1_L_6_CommonFiltered,3,178639.09376,178655.8464,16.75264000002062,178639.09376,178655.8464,16.75264000002062,4,4.21771957017264,RankSurprise
microGPi1_L_6_CommonFiltered,3,178726.17472,178915.20512,189.03039999998873,178726.17472,178915.20512,189.03039999998873,19,9.801185570865037,RankSurprise
microGPi1_L_6_CommonFiltered,3,181422.6944,181690.7776,268.08319999999367,181422.6944,181690.7776,268.08319999999367,19,5.243146165310048,RankSurprise
microGPi1_L_6_CommonFiltered,3,181739.23328,181939.32288,200.0896000000066,181739.23328,181939.32288,200.0896000000066,18,7.4296114688502195,RankSurprise
microGPi1_L_6_CommonFiltered,3,181989.25312,182122.53696,133.28383999998914,181989.25312,182122.53696,133.28383999998914,18,14.832797650784649,RankSurprise
microGPi1_L_6_CommonFiltered,3,182322.50368,182325.82144,3.3177600000053644,182322.50368,182325.82144,3.3177600000053644,3,6.310542480630287,RankSurprise
microGPi1_L_6_CommonFiltered,3,184189.25568,184524.22656,334.97088000000804,184189.25568,184524.22656,334.97088000000804,29,10.327998518716727,RankSurprise
microGPi1_L_6_CommonFiltered,3,185322.53696,185446.97344,124.43648000000394,185322.53696,185446.97344,124.43648000000394,12,5.965158592550651,RankSurprise
microGPi1_L_6_CommonFiltered,3,185815.40864,186009.27232,193.86367999998038,185815.40864,186009.27232,193.86367999998038,14,4.281318207014186,RankSurprise
microGPi1_L_6_CommonFiltered,3,187959.54176,188226.31424,266.7724800000142,187959.54176,188226.31424,266.7724800000142,19,4.314160697726842,RankSurprise
microGPi1_L_6_CommonFiltered,3,188959.744,189026.304,66.55999999999767,188959.744,189026.304,66.55999999999767,8,5.140562474744111,RankSurprise
microGPi1_L_6_CommonFiltered,3,201126.66624,201156.48512,29.818880000006175,201126.66624,201156.48512,29.818880000006175,5,4.591652684148126,RankSurprise
microGPi1_L_6_CommonFiltered,3,202056.4992,202062.68416,6.184960000013234,202056.4992,202062.68416,6.184960000013234,3,4.654729506316164,RankSurprise
microGPi1_L_6_CommonFiltered,3,228097.51552,228164.23936,66.72384000002057,228097.51552,228164.23936,66.72384000002057,7,3.8580975550002954,RankSurprise
microGPi1_L_6_CommonFiltered,3,230427.72992,230448.04608,20.316159999987576,230427.72992,230448.04608,20.316159999987576,4,4.128093752532944,RankSurprise
microGPi1_L_6_CommonFiltered,3,230777.856,230798.04928,20.19328000000678,230777.856,230798.04928,20.19328000000678,4,4.165858056196285,RankSurprise
microGPi1_L_6_CommonFiltered,3,316251.70944,316577.34144,325.63199999998324,316251.70944,316577.34144,325.63199999998324,25,6.241393791292147,RankSurprise
microGPi1_L_6_CommonFiltered,3,316968.50944,317077.66784,109.15840000001481,316968.50944,317077.66784,109.15840000001481,11,5.673681410236538,RankSurprise
microGPi1_L_6_CommonFiltered,3,317155.81952,317502.09536,346.2758399999584,317155.81952,317502.09536,346.2758399999584,24,5.18863273084208,RankSurprise
microGPi1_L_6_CommonFiltered,3,317835.79648,318006.10816,170.31167999998434,317835.79648,318006.10816,170.31167999998434,13,4.134591145957591,RankSurprise
microGPi1_L_6_CommonFiltered,3,320119.93088,320285.81888,165.88799999997718,320119.93088,320285.81888,165.88799999997718,15,6.459316188024445,RankSurprise
microGPi1_L_6_CommonFiltered,3,320336.93696,320544.64512,207.70815999998013,320336.93696,320544.64512,207.70815999998013,16,3.6900080134084554,RankSurprise
microGPi1_L_6_CommonFiltered,3,320621.81376,320653.59872,31.784960000019055,320621.81376,320653.59872,31.784960000019055,5,4.770640316413459,RankSurprise
microGPi1_L_6_CommonFiltered,3,321003.9296,321324.31872,320.3891200000071,321003.9296,321324.31872,320.3891200000071,27,8.969667908208265,RankSurprise
microGPi1_L_6_CommonFiltered,3,321520.80384,321537.51552,16.711680000007618,321520.80384,321537.51552,16.711680000007618,4,4.798076638501847,RankSurprise
microGPi1_L_6_CommonFiltered,3,321982.01344,322974.96576,992.9523199999821,321982.01344,322974.96576,992.9523199999821,67,12.321212675789853,RankSurprise
microGPi1_L_6_CommonFiltered,3,323058.36032,323175.13728,116.77696000004653,323058.36032,323175.13728,116.77696000004653,11,4.66487935590809,RankSurprise
microGPi1_L_6_CommonFiltered,3,323354.86976,323375.18592,20.316160000045784,323354.86976,323375.18592,20.316160000045784,5,6.2448941426494,RankSurprise
microGPi1_L_6_CommonFiltered,3,323621.64224,323708.60032,86.95808000001125,323621.64224,323708.60032,86.95808000001125,11,7.646350926797108,RankSurprise
microGPi1_L_6_CommonFiltered,3,323830.74304,323938.42688,107.68384000001242,323830.74304,323938.42688,107.68384000001242,11,5.673681410236538,RankSurprise
microGPi1_L_6_CommonFiltered,3,324038.57408,324208.80384,170.22976000001654,324038.57408,324208.80384,170.22976000001654,14,4.623791554774393,RankSurprise
microGPi1_L_6_CommonFiltered,3,328907.32544,328911.01184,3.6864000000059605,328907.32544,328911.01184,3.6864000000059605,3,5.632797979769098,RankSurprise
microGPi1_L_6_CommonFiltered,3,328952.05376,328990.80192,38.74816000001738,328952.05376,328990.80192,38.74816000001738,5,3.720486749391455,RankSurprise
microGPi1_L_6_CommonFiltered,3,329040.81408,329144.40192,103.58783999999287,329040.81408,329144.40192,103.58783999999287,11,5.757072349567114,RankSurprise
microGPi1_L_6_CommonFiltered,3,329207.68512,329211.20768,3.522560000012163,329207.68512,329211.20768,3.522560000012163,3,6.098139981344099,RankSurprise
microGPi1_L_6_CommonFiltered,3,329374.35136,329377.87392,3.522560000012163,329374.35136,329377.87392,3.522560000012163,3,6.138854119136052,RankSurprise
microGPi1_L_6_CommonFiltered,3,329407.6928,329427.968,20.275199999974575,329407.6928,329427.968,20.275199999974575,4,3.9523291471183626,RankSurprise
microGPi1_L_6_CommonFiltered,3,329541.0176,329561.37472,20.357120000000577,329541.0176,329561.37472,20.357120000000577,4,3.8219623634802247,RankSurprise
microGPi1_L_6_CommonFiltered,3,329641.1648,330108.06784,466.9030399999465,329641.1648,330108.06784,466.9030399999465,42,15.556442110374284,RankSurprise
microGPi1_L_6_CommonFiltered,3,330378.36288,330402.69312,24.33024000003934,330378.36288,330402.69312,24.33024000003934,4,3.602914974010325,RankSurprise
microGPi1_L_6_CommonFiltered,3,331395.15392,331528.84736,133.69344000000274,331395.15392,331528.84736,133.69344000000274,13,6.468427891221305,RankSurprise
microGPi1_L_6_CommonFiltered,3,331743.27296,331816.26368,72.9907200000016,331743.27296,331816.26368,72.9907200000016,9,6.479160543255612,RankSurprise
microGPi1_L_6_CommonFiltered,3,332092.08832,332126.69952,34.61120000004303,332092.08832,332126.69952,34.61120000004303,5,3.762477811690939,RankSurprise
microGPi1_L_6_CommonFiltered,3,332234.91584,332245.72928,10.81344000005629,332234.91584,332245.72928,10.81344000005629,4,5.571402195255313,RankSurprise
microGPi1_L_6_CommonFiltered,3,332975.84128,333042.36032,66.51903999998467,332975.84128,333042.36032,66.51903999998467,7,4.2689030689700616,RankSurprise
microGPi1_L_6_CommonFiltered,3,333109.16608,333162.7008,53.534719999996014,333109.16608,333162.7008,53.534719999996014,7,4.870534931949351,RankSurprise
microGPi1_L_6_CommonFiltered,3,333262.6432,333309.1328,46.489600000029895,333262.6432,333309.1328,46.489600000029895,6,4.433874563743411,RankSurprise
microGPi1_L_6_CommonFiltered,3,333659.29984,333826.048,166.74816000001738,333659.29984,333826.048,166.74816000001738,16,7.1362820056111484,RankSurprise
microGPi1_L_6_CommonFiltered,3,334292.992,334361.14944,68.15743999998085,334292.992,334361.14944,68.15743999998085,7,3.96695166017074,RankSurprise
microGPi1_L_6_CommonFiltered,3,334867.37408,335159.74656,292.37248000002,334867.37408,335159.74656,292.37248000002,23,7.554533345967735,RankSurprise
microGPi1_L_6_CommonFiltered,3,336080.2816,336111.32928,31.047680000017863,336080.2816,336111.32928,31.047680000017863,5,4.7887855145819564,RankSurprise
microGPi1_L_6_CommonFiltered,3,337377.19808,337384.81664,7.618559999973513,337377.19808,337384.81664,7.618559999973513,3,4.087336515389547,RankSurprise
microGPi1_L_6_CommonFiltered,3,337477.2224,337495.16288,17.940479999990202,337477.2224,337495.16288,17.940479999990202,4,4.5876040883360325,RankSurprise
microGPi1_L_6_CommonFiltered,3,337985.1264,338014.33088,29.204480000014883,337985.1264,338014.33088,29.204480000014883,5,4.849870966863364,RankSurprise
microGPi1_L_6_CommonFiltered,3,338194.18624,338197.504,3.3177600000053644,338194.18624,338197.504,3.3177600000053644,3,6.437754044943114,RankSurprise
microGPi1_L_6_CommonFiltered,3,338844.50816,338944.32768,99.8195199999609,338844.50816,338944.32768,99.8195199999609,13,9.693498645613483,RankSurprise
microGPi1_L_6_CommonFiltered,3,342245.66272,342482.61632,236.9535999999498,342245.66272,342482.61632,236.9535999999498,20,7.062553891786279,RankSurprise
microGPi1_L_6_CommonFiltered,3,342580.67456,343112.58112,531.906559999974,342580.67456,343112.58112,531.906559999974,41,10.661798557754551,RankSurprise
microGPi1_L_6_CommonFiltered,3,343597.71136,343629.49632,31.784959999960847,343597.71136,343629.49632,31.784959999960847,7,8.576847613791365,RankSurprise
microGPi1_L_6_CommonFiltered,3,343796.16256,343832.86272,36.70015999994939,343796.16256,343832.86272,36.70015999994939,5,3.674341256963885,RankSurprise
microGPi1_L_6_CommonFiltered,3,343922.8928,344016.24064,93.34784000000218,343922.8928,344016.24064,93.34784000000218,13,10.875214060253484,RankSurprise
microGPi1_L_6_CommonFiltered,3,344229.51936,344230.99392,1.4745600000023842,344229.51936,344230.99392,1.4745600000023842,3,8.91669052774461,RankSurprise
microGPi1_L_6_CommonFiltered,3,344879.84128,345300.04992,420.2086400000262,344879.84128,345300.04992,420.2086400000262,33,8.5498749497767,RankSurprise
microGPi1_L_6_CommonFiltered,3,350064.88576,350268.57984,203.69408000004478,350064.88576,350268.57984,203.69408000004478,22,13.012990295106475,RankSurprise
microGPi1_L_6_CommonFiltered,3,350514.83136,350598.3488,83.51743999996688,350514.83136,350598.3488,83.51743999996688,10,6.707626092240001,RankSurprise
microGPi1_L_6_CommonFiltered,3,351131.81184,351135.21152,3.399680000031367,351131.81184,351135.21152,3.399680000031367,3,6.3444418678014625,RankSurprise
microGPi1_L_6_CommonFiltered,3,351240.72448,351281.84832,41.12384000001475,351240.72448,351281.84832,41.12384000001475,9,10.46665921917768,RankSurprise
microGPi1_L_6_CommonFiltered,3,351635.37408,351707.5456,72.17152000003261,351635.37408,351707.5456,72.17152000003261,8,4.7446760998303255,RankSurprise
microGPi1_L_6_CommonFiltered,3,351982.01856,351985.58208,3.5635200000251643,351982.01856,351985.58208,3.5635200000251643,3,6.038581863780502,RankSurprise
microGPi1_L_6_CommonFiltered,3,352465.38752,352468.91008,3.522560000012163,352465.38752,352468.91008,3.522560000012163,3,6.118393448794622,RankSurprise
microGPi1_L_6_CommonFiltered,3,352582.32832,352585.80992,3.4816000000573695,352582.32832,352585.80992,3.4816000000573695,3,6.128597618968863,RankSurprise
microGPi1_L_6_CommonFiltered,3,352750.3872,352785.8176,35.430400000012014,352750.3872,352785.8176,35.430400000012014,5,3.7797124675893308,RankSurprise
microGPi1_L_6_CommonFiltered,3,360984.82176,361018.08128,33.25951999996323,360984.82176,361018.08128,33.25951999996323,5,4.37270180726744,RankSurprise
microGPi1_L_6_CommonFiltered,3,361103.07328,361218.12992,115.05663999996614,361103.07328,361218.12992,115.05663999996614,10,4.089740218031701,RankSurprise
microGPi1_L_6_CommonFiltered,3,361586.23744,361601.59744,15.35999999998603,361586.23744,361601.59744,15.35999999998603,4,4.7515215934904305,RankSurprise
microGPi1_L_6_CommonFiltered,3,369422.37696,369487.38048,65.00351999996928,369422.37696,369487.38048,65.00351999996928,8,5.591432068110637,RankSurprise
microGPi1_L_6_CommonFiltered,3,369554.30912,369562.25536,7.946240000019316,369554.30912,369562.25536,7.946240000019316,3,3.6876712906402567,RankSurprise
microGPi1_L_6_CommonFiltered,3,369670.88128,369691.19744,20.316160000045784,369670.88128,369691.19744,20.316160000045784,4,3.9837211423789967,RankSurprise
microGPi1_L_6_CommonFiltered,3,370458.09152,370704.50688,246.4153599999845,370458.09152,370704.50688,246.4153599999845,19,4.898110947028905,RankSurprise
microGPi1_L_6_CommonFiltered,3,370888.00768,371171.36896,283.3612800000119,370888.00768,371171.36896,283.3612800000119,21,5.523204637375218,RankSurprise
microGPi1_L_6_CommonFiltered,3,383846.1952,383852.9536,6.758399999991525,383846.1952,383852.9536,6.758399999991525,3,4.06898774739313,RankSurprise
microGPi1_L_6_CommonFiltered,3,383942.94272,383962.97216,20.029440000012983,383942.94272,383962.97216,20.029440000012983,4,4.229113435573609,RankSurprise
microGPi1_L_6_CommonFiltered,3,384218.97216,384279.9616,60.98943999997573,384218.97216,384279.9616,60.98943999997573,8,6.2087732934346915,RankSurprise
microGPi1_L_6_CommonFiltered,3,394964.45952,395026.75968,62.300160000042524,394964.45952,395026.75968,62.300160000042524,7,4.25804889694072,RankSurprise
microGPi1_L_6_CommonFiltered,3,395332.77184,395418.0096,85.23775999998907,395332.77184,395418.0096,85.23775999998907,12,9.257605711665315,RankSurprise
microGPi1_L_6_CommonFiltered,3,430746.09152,430766.08,19.98847999999998,430746.09152,430766.08,19.98847999999998,5,6.032529916750075,RankSurprise
microGPi1_L_6_CommonFiltered,4,181564.94848,181698.27328,133.32480000000214,181564.94848,181698.27328,133.32480000000214,8,6.839746124560358,RankSurprise
microGPi1_L_6_CommonFiltered,4,181798.33856,182131.58912,333.25055999998585,181798.33856,182131.58912,333.25055999998585,14,5.2470680853272516,RankSurprise
microGPi1_L_6_CommonFiltered,4,184431.69792,184464.9984,33.30048000000534,184431.69792,184464.9984,33.30048000000534,3,3.5248223715318456,RankSurprise
microGPi1_L_6_CommonFiltered,4,185015.00928,185314.95936,299.9500800000096,185015.00928,185314.95936,299.9500800000096,12,3.8835185530721565,RankSurprise
microGPi1_L_6_CommonFiltered,4,185481.70752,185598.3616,116.65408000000753,185481.70752,185598.3616,116.65408000000753,6,3.6091851101077106,RankSurprise
microGPi1_L_6_CommonFiltered,4,187448.36096,187515.00288,66.64191999999457,187448.36096,187515.00288,66.64191999999457,5,6.079413119325199,RankSurprise
microGPi1_L_6_CommonFiltered,4,187815.07584,188831.70304,1016.6271999999881,187815.07584,188831.70304,1016.6271999999881,36,7.321883251256093,RankSurprise
microGPi1_L_6_CommonFiltered,4,189131.776,189348.41344,216.63743999999133,189131.776,189348.41344,216.63743999999133,10,5.137417302282683,RankSurprise
microGPi1_L_6_CommonFiltered,4,205782.34368,205815.64416,33.30048000000534,205782.34368,205815.64416,33.30048000000534,3,3.8705092817333036,RankSurprise
microGPi1_L_6_CommonFiltered,4,209082.7776,209132.78976,50.012160000012955,209082.7776,209132.78976,50.012160000012955,4,4.013211462833393,RankSurprise
microGPi1_L_6_CommonFiltered,4,209349.46816,209449.49248,100.0243199999968,209349.46816,209449.49248,100.0243199999968,6,4.233007638014455,RankSurprise
microGPi1_L_6_CommonFiltered,4,211666.49344,211699.79392,33.30048000000534,211666.49344,211699.79392,33.30048000000534,3,3.740645695159328,RankSurprise
microGPi1_L_6_CommonFiltered,4,317527.94112,317661.34784,133.40672000002814,317527.94112,317661.34784,133.40672000002814,8,5.650539131467979,RankSurprise
microGPi1_L_6_CommonFiltered,4,321513.10336,321563.11552,50.01215999998385,321513.10336,321563.11552,50.01215999998385,4,4.185003935521877,RankSurprise
microGPi1_L_6_CommonFiltered,4,323330.58048,323463.94624,133.36576000001514,323330.58048,323463.94624,133.36576000001514,7,4.279144336722402,RankSurprise
microGPi1_L_6_CommonFiltered,4,328482.97984,328582.9632,99.98336000001291,328482.97984,328582.9632,99.98336000001291,7,8.668890211817057,RankSurprise
microGPi1_L_6_CommonFiltered,4,328966.51264,329349.98016,383.4675200000056,328966.51264,329349.98016,383.4675200000056,17,6.176462569602966,RankSurprise
microGPi1_L_6_CommonFiltered,4,329766.87104,329800.13056,33.25952000002144,329766.87104,329800.13056,33.25952000002144,3,4.541781513783368,RankSurprise
microGPi1_L_6_CommonFiltered,4,330483.79392,330550.51776,66.72383999999147,330483.79392,330550.51776,66.72383999999147,5,4.610142584232914,RankSurprise
microGPi1_L_6_CommonFiltered,4,332251.17696,332284.47744,33.30047999997623,332251.17696,332284.47744,33.30047999997623,3,4.197769830893298,RankSurprise
microGPi1_L_6_CommonFiltered,4,334335.26272,334368.52224,33.25952000002144,334335.26272,334368.52224,33.25952000002144,3,4.700402668961017,RankSurprise
microGPi1_L_6_CommonFiltered,4,334835.42528,334868.72576,33.30047999997623,334835.42528,334868.72576,33.30047999997623,3,4.027453259466176,RankSurprise
microGPi1_L_6_CommonFiltered,4,337386.16832,337519.57504,133.40672000002814,337386.16832,337519.57504,133.40672000002814,7,4.422529741008329,RankSurprise
microGPi1_L_6_CommonFiltered,4,338069.79072,338119.76192,49.97120000002906,338069.79072,338119.76192,49.97120000002906,4,5.58363517878961,RankSurprise
microGPi1_L_6_CommonFiltered,4,338353.19296,338519.90016,166.70720000000438,338353.19296,338519.90016,166.70720000000438,9,6.031299031812936,RankSurprise
microGPi1_L_6_CommonFiltered,4,342137.97888,342187.95008,49.97119999997085,342137.97888,342187.95008,49.97119999997085,4,5.314277757783763,RankSurprise
microGPi1_L_6_CommonFiltered,4,343004.93824,343088.29184,83.35360000003129,343004.93824,343088.29184,83.35360000003129,6,5.363051830559215,RankSurprise
microGPi1_L_6_CommonFiltered,4,345372.4672,345489.16224,116.69503999996232,345372.4672,345489.16224,116.69503999996232,7,5.76174152355685,RankSurprise
microGPi1_L_6_CommonFiltered,4,351290.85952,351374.17216,83.31264000001829,351290.85952,351374.17216,83.31264000001829,6,6.465581106772284,RankSurprise
microGPi1_L_6_CommonFiltered,4,351524.29056,351557.55008,33.25952000002144,351524.29056,351557.55008,33.25952000002144,3,4.082629464186777,RankSurprise
microGPi1_L_6_CommonFiltered,4,352657.85856,352824.56576,166.70720000000438,352657.85856,352824.56576,166.70720000000438,9,4.744599146328676,RankSurprise
microGPi1_L_6_CommonFiltered,4,360827.16672,360860.42624,33.25952000002144,360827.16672,360860.42624,33.25952000002144,3,4.000425684021133,RankSurprise
microGPi1_L_6_CommonFiltered,4,412080.70144,412147.34336,66.64192000002367,412080.70144,412147.34336,66.64192000002367,5,5.819269185898971,RankSurprise
microGPi1_L_6_CommonFiltered,4,412580.90496,413014.38464,433.47967999998946,412580.90496,413014.38464,433.47967999998946,20,10.025502751355306,RankSurprise
microGPi1_L_6_CommonFiltered,4,413164.42112,413197.7216,33.30047999997623,413164.42112,413197.7216,33.30047999997623,3,4.438900850605325,RankSurprise
microGPi1_L_6_CommonFiltered,4,429587.90656,429754.61376,166.70720000000438,429587.90656,429754.61376,166.70720000000438,9,5.7512724541862195,RankSurprise
microGPi1_L_6_CommonFiltered,4,430188.17536,430538.3424,350.1670400000294,430188.17536,430538.3424,350.1670400000294,15,4.910793750162891,RankSurprise
microGPi1_L_6_CommonFiltered,4,430838.49728,430888.50944,50.01215999998385,430838.49728,430888.50944,50.01215999998385,4,4.062081428513043,RankSurprise
microGPi1_L_8_CommonFiltered,0,149360.68096,149452.63616,91.9551999999967,149360.68096,149452.63616,91.9551999999967,11,6.318254043846697,RankSurprise
microGPi1_L_8_CommonFiltered,0,156466.13504,156476.70272,10.567680000007385,156466.13504,156476.70272,10.567680000007385,3,3.6405806906847857,RankSurprise
microGPi1_L_8_CommonFiltered,0,156760.14592,156802.08896,41.94303999998374,156760.14592,156802.08896,41.94303999998374,6,4.407441697747375,RankSurprise
microGPi1_L_8_CommonFiltered,0,177490.69824,177526.12864,35.430400000012014,177490.69824,177526.12864,35.430400000012014,5,3.586891283474909,RankSurprise
microGPi1_L_8_CommonFiltered,0,177618.00192,177626.112,8.11007999998401,177618.00192,177626.112,8.11007999998401,3,4.0800687760045715,RankSurprise
microGPi1_L_8_CommonFiltered,0,177676.04224,177751.36768,75.32543999998597,177676.04224,177751.36768,75.32543999998597,11,8.951493133464282,RankSurprise
microGPi1_L_8_CommonFiltered,0,177842.7904,177848.5248,5.734400000015739,177842.7904,177848.5248,5.734400000015739,3,5.1699677494362835,RankSurprise
microGPi1_L_8_CommonFiltered,0,177945.47712,178431.83616,486.3590400000103,177945.47712,178431.83616,486.3590400000103,46,16.129936069425558,RankSurprise
microGPi1_L_8_CommonFiltered,0,178651.29984,178659.20512,7.905280000006314,178651.29984,178659.20512,7.905280000006314,3,4.175952959486498,RankSurprise
microGPi1_L_8_CommonFiltered,0,178857.41056,178928.88576,71.47520000001532,178857.41056,178928.88576,71.47520000001532,10,7.464215980255093,RankSurprise
microGPi1_L_8_CommonFiltered,0,181526.20032,181767.9872,241.78687999999966,181526.20032,181767.9872,241.78687999999966,23,8.935682931037578,RankSurprise
microGPi1_L_8_CommonFiltered,0,182024.06912,182128.88576,104.81664000000455,182024.06912,182128.88576,104.81664000000455,10,3.929308390286122,RankSurprise
microGPi1_L_8_CommonFiltered,0,184268.14464,184468.15232,200.0076799999806,184268.14464,184468.15232,200.0076799999806,25,16.41817196736954,RankSurprise
microGPi1_L_8_CommonFiltered,0,184557.48608,184584.76544,27.2793599999859,184557.48608,184584.76544,27.2793599999859,5,4.727621462678737,RankSurprise
microGPi1_L_8_CommonFiltered,0,184724.19328,184774.12352,49.93023999998695,184724.19328,184774.12352,49.93023999998695,6,3.882250821059761,RankSurprise
microGPi1_L_8_CommonFiltered,0,184818.19648,184868.20864,50.01215999998385,184818.19648,184868.20864,50.01215999998385,6,3.514373707235002,RankSurprise
microGPi1_L_8_CommonFiltered,0,185051.50464,185059.61472,8.110080000013113,185051.50464,185059.61472,8.110080000013113,3,4.137045943083809,RankSurprise
microGPi1_L_8_CommonFiltered,0,185334.82496,185378.97984,44.15488000001642,185334.82496,185378.97984,44.15488000001642,6,4.171854191477026,RankSurprise
microGPi1_L_8_CommonFiltered,0,185512.22272,185534.70976,22.487040000007255,185512.22272,185534.70976,22.487040000007255,5,5.724736012898095,RankSurprise
microGPi1_L_8_CommonFiltered,0,185568.21504,185578.98752,10.77247999998508,185568.21504,185578.98752,10.77247999998508,4,6.8078855010788715,RankSurprise
microGPi1_L_8_CommonFiltered,0,185618.14528,185626.25536,8.110080000013113,185618.14528,185626.25536,8.110080000013113,3,4.210628763993613,RankSurprise
microGPi1_L_8_CommonFiltered,0,185768.26368,185776.20992,7.946239999990212,185768.26368,185776.20992,7.946239999990212,3,4.927015181845606,RankSurprise
microGPi1_L_8_CommonFiltered,0,187601.55136,187765.59616,164.0447999999742,187601.55136,187765.59616,164.0447999999742,14,4.941424534465918,RankSurprise
microGPi1_L_8_CommonFiltered,0,187892.81792,187968.22528,75.40736000001198,187892.81792,187968.22528,75.40736000001198,11,8.205688587301406,RankSurprise
microGPi1_L_8_CommonFiltered,0,188557.5168,188568.20736,10.690559999988182,188557.5168,188568.20736,10.690559999988182,5,10.707016823072191,RankSurprise
microGPi1_L_8_CommonFiltered,0,188595.6096,188668.14976,72.54016000000411,188595.6096,188668.14976,72.54016000000411,9,6.230471078623607,RankSurprise
microGPi1_L_8_CommonFiltered,0,188857.58976,188884.91008,27.3203199999989,188857.58976,188884.91008,27.3203199999989,7,9.56871990941358,RankSurprise
microGPi1_L_8_CommonFiltered,0,189407.4368,189426.36032,18.923520000011194,189407.4368,189426.36032,18.923520000011194,5,6.519472631883094,RankSurprise
microGPi1_L_8_CommonFiltered,0,189501.52192,189526.34368,24.821759999991627,189501.52192,189526.34368,24.821759999991627,5,5.562131404398254,RankSurprise
microGPi1_L_8_CommonFiltered,0,199910.03136,199929.40544,19.37408000000869,199910.03136,199929.40544,19.37408000000869,5,6.611823061551778,RankSurprise
microGPi1_L_8_CommonFiltered,0,200362.72128,200646.00064,283.279360000015,200362.72128,200646.00064,283.279360000015,23,4.879731190476572,RankSurprise
microGPi1_L_8_CommonFiltered,0,201924.68992,202135.38816,210.6982399999979,201924.68992,202135.38816,210.6982399999979,22,10.61943543859383,RankSurprise
microGPi1_L_8_CommonFiltered,0,206029.6192,206068.81792,39.19872000001487,206029.6192,206068.81792,39.19872000001487,7,7.296368923487016,RankSurprise
microGPi1_L_8_CommonFiltered,0,228016.9472,228022.80448,5.8572799999965355,228016.9472,228022.80448,5.8572799999965355,3,5.856684039665938,RankSurprise
microGPi1_L_8_CommonFiltered,0,230173.2864,230223.29856,50.01215999998385,230173.2864,230223.29856,50.01215999998385,8,7.826156429100327,RankSurprise
microGPi1_L_8_CommonFiltered,0,231140.02432,231250.82112,110.79680000001099,231140.02432,231250.82112,110.79680000001099,11,4.500332683506286,RankSurprise
microGPi1_L_8_CommonFiltered,0,232398.35648,232406.91712,8.560640000010608,232398.35648,232406.91712,8.560640000010608,3,4.289619954376528,RankSurprise
microGPi1_L_8_CommonFiltered,0,316247.16288,316277.18656,30.02367999998387,316247.16288,316277.18656,30.02367999998387,5,4.746687278111981,RankSurprise
microGPi1_L_8_CommonFiltered,0,316980.92032,317153.56672,172.64640000002692,316980.92032,317153.56672,172.64640000002692,15,5.282763362770627,RankSurprise
microGPi1_L_8_CommonFiltered,0,317520.44544,317531.17696,10.731520000030287,317520.44544,317531.17696,10.731520000030287,3,3.665155674555294,RankSurprise
microGPi1_L_8_CommonFiltered,0,317653.77024,317664.4608,10.690560000017285,317653.77024,317664.4608,10.690560000017285,3,4.052177553386924,RankSurprise
microGPi1_L_8_CommonFiltered,0,317908.66432,317964.61568,55.95136000000639,317908.66432,317964.61568,55.95136000000639,8,6.261470420424035,RankSurprise
microGPi1_L_8_CommonFiltered,0,320188.37504,320221.55264,33.17759999999544,320188.37504,320221.55264,33.17759999999544,5,4.003516301615402,RankSurprise
microGPi1_L_8_CommonFiltered,0,320326.41024,320382.40256,55.99232000001939,320326.41024,320382.40256,55.99232000001939,9,8.311662821278185,RankSurprise
microGPi1_L_8_CommonFiltered,0,320443.14624,320465.75616,22.609920000017155,320443.14624,320465.75616,22.609920000017155,4,3.5582199891868456,RankSurprise
microGPi1_L_8_CommonFiltered,0,320688.5376,320693.248,4.710400000039954,320688.5376,320693.248,4.710400000039954,3,6.322268543217898,RankSurprise
microGPi1_L_8_CommonFiltered,0,320871.95648,320921.96864,50.01215999998385,320871.95648,320921.96864,50.01215999998385,6,3.868847351886862,RankSurprise
microGPi1_L_8_CommonFiltered,0,321372.20096,321566.3104,194.10944000002928,321372.20096,321566.3104,194.10944000002928,19,7.647392726344041,RankSurprise
microGPi1_L_8_CommonFiltered,0,321824.48128,321872.2816,47.800319999980275,321824.48128,321872.2816,47.800319999980275,8,7.916710134209169,RankSurprise
microGPi1_L_8_CommonFiltered,0,322107.96544,322133.23776,25.272319999989122,322107.96544,322133.23776,25.272319999989122,6,8.045633619999379,RankSurprise
microGPi1_L_8_CommonFiltered,0,322172.55936,322633.40032,460.84096000000136,322172.55936,322633.40032,460.84096000000136,35,6.529837464010208,RankSurprise
microGPi1_L_8_CommonFiltered,0,322883.584,322974.96576,91.3817600000184,322883.584,322974.96576,91.3817600000184,10,5.620416322752148,RankSurprise
microGPi1_L_8_CommonFiltered,0,323058.31936,323224.86272,166.54335999995237,323058.31936,323224.86272,166.54335999995237,18,8.868080155640428,RankSurprise
microGPi1_L_8_CommonFiltered,0,323333.65248,323389.76768,56.115200000000186,323333.65248,323389.76768,56.115200000000186,8,5.784079514160666,RankSurprise
microGPi1_L_8_CommonFiltered,0,323506.54464,323556.51584,49.97120000002906,323506.54464,323556.51584,49.97120000002906,7,5.553475228462413,RankSurprise
microGPi1_L_8_CommonFiltered,0,323656.54016,323750.66624,94.12608000001637,323656.54016,323750.66624,94.12608000001637,12,7.654996332881419,RankSurprise
microGPi1_L_8_CommonFiltered,0,323856.71168,323894.6816,37.969920000003185,323856.71168,323894.6816,37.969920000003185,6,5.13038172479235,RankSurprise
microGPi1_L_8_CommonFiltered,0,324167.35232,324184.14592,16.793599999975413,324167.35232,324184.14592,16.793599999975413,5,7.16179274359823,RankSurprise
microGPi1_L_8_CommonFiltered,0,328249.05728,328430.14144,181.08415999996942,328249.05728,328430.14144,181.08415999996942,18,7.858974172464959,RankSurprise
microGPi1_L_8_CommonFiltered,0,328577.55648,328710.92224,133.36575999995694,328577.55648,328710.92224,133.36575999995694,12,4.334601859434222,RankSurprise
microGPi1_L_8_CommonFiltered,0,328852.97152,328975.64672,122.67519999999786,328852.97152,328975.64672,122.67519999999786,13,6.806083595053809,RankSurprise
microGPi1_L_8_CommonFiltered,0,329042.41152,329127.81312,85.40159999998286,329042.41152,329127.81312,85.40159999998286,9,4.492375643530712,RankSurprise
microGPi1_L_8_CommonFiltered,0,329219.72736,329380.57728,160.84992000000784,329219.72736,329380.57728,160.84992000000784,17,7.816196156882276,RankSurprise
microGPi1_L_8_CommonFiltered,0,329686.67136,329719.97184,33.30048000003444,329686.67136,329719.97184,33.30048000003444,5,3.7533386669060924,RankSurprise
microGPi1_L_8_CommonFiltered,0,329870.1312,330009.51808,139.38688000000548,329870.1312,330009.51808,139.38688000000548,15,6.645023120952187,RankSurprise
microGPi1_L_8_CommonFiltered,0,330153.53344,330281.00096,127.4675199999474,330153.53344,330281.00096,127.4675199999474,13,6.356925337422294,RankSurprise
microGPi1_L_8_CommonFiltered,0,330347.68384,330378.36288,30.67903999995906,330347.68384,330378.36288,30.67903999995906,5,4.4143331364733704,RankSurprise
microGPi1_L_8_CommonFiltered,0,331237.41696,331495.424,258.0070399999968,331237.41696,331495.424,258.0070399999968,24,8.690395378417463,RankSurprise
microGPi1_L_8_CommonFiltered,0,331681.54624,331745.4848,63.9385599999805,331681.54624,331745.4848,63.9385599999805,9,6.659253029629482,RankSurprise
microGPi1_L_8_CommonFiltered,0,332020.9408,332098.3552,77.41440000000875,332020.9408,332098.3552,77.41440000000875,12,11.330311212128594,RankSurprise
microGPi1_L_8_CommonFiltered,0,332198.37952,332504.35072,305.97119999997085,332198.37952,332504.35072,305.97119999997085,26,7.200389757033377,RankSurprise
microGPi1_L_8_CommonFiltered,0,332798.60736,332854.4768,55.869439999980386,332798.60736,332854.4768,55.869439999980386,10,10.070075868536719,RankSurprise
microGPi1_L_8_CommonFiltered,0,332971.2128,332996.03456,24.82176000002073,332971.2128,332996.03456,24.82176000002073,6,7.849291794421326,RankSurprise
microGPi1_L_8_CommonFiltered,0,333081.96864,333846.36416,764.39552000002,333081.96864,333846.36416,764.39552000002,68,18.19286887256387,RankSurprise
microGPi1_L_8_CommonFiltered,0,334071.56224,334127.67744,56.115200000000186,334071.56224,334127.67744,56.115200000000186,7,4.155571795195226,RankSurprise
microGPi1_L_8_CommonFiltered,0,334265.79456,334463.13984,197.34528000000864,334265.79456,334463.13984,197.34528000000864,20,9.248981608994495,RankSurprise
microGPi1_L_8_CommonFiltered,0,334638.65344,334646.59968,7.946239999961108,334638.65344,334646.59968,7.946239999961108,3,4.881076730635362,RankSurprise
microGPi1_L_8_CommonFiltered,0,334813.30688,334821.94944,8.642560000007506,334813.30688,334821.94944,8.642560000007506,3,4.082410697449651,RankSurprise
microGPi1_L_8_CommonFiltered,0,334894.40768,334905.18016,10.77247999998508,334894.40768,334905.18016,10.77247999998508,3,4.1808699890204135,RankSurprise
microGPi1_L_8_CommonFiltered,0,335046.656,335171.95264,125.29663999995682,335046.656,335171.95264,125.29663999995682,12,4.505965698709976,RankSurprise
microGPi1_L_8_CommonFiltered,0,335288.85248,335438.68416,149.83168000000296,335288.85248,335438.68416,149.83168000000296,16,8.675011799137735,RankSurprise
microGPi1_L_8_CommonFiltered,0,335622.18496,335672.19712,50.01216000004206,335622.18496,335672.19712,50.01216000004206,8,7.24692799506937,RankSurprise
microGPi1_L_8_CommonFiltered,0,335796.87936,335816.2944,19.415039999992587,335796.87936,335816.2944,19.415039999992587,4,4.088712001098738,RankSurprise
microGPi1_L_8_CommonFiltered,0,335978.20928,335983.0016,4.792320000007749,335978.20928,335983.0016,4.792320000007749,3,6.183564378833809,RankSurprise
microGPi1_L_8_CommonFiltered,0,337039.27808,337222.57408,183.295999999973,337039.27808,337222.57408,183.295999999973,16,4.76204034710798,RankSurprise
microGPi1_L_8_CommonFiltered,0,337439.37536,337483.48928,44.113919999974314,337439.37536,337483.48928,44.113919999974314,7,5.591667903103409,RankSurprise
microGPi1_L_8_CommonFiltered,0,337639.54688,337650.19648,10.649600000004284,337639.54688,337650.19648,10.649600000004284,3,4.225675862828433,RankSurprise
microGPi1_L_8_CommonFiltered,0,337756.20096,337764.1472,7.946240000019316,337756.20096,337764.1472,7.946240000019316,3,4.959448351350469,RankSurprise
microGPi1_L_8_CommonFiltered,0,337822.88384,338022.89152,200.0076799999806,337822.88384,338022.89152,200.0076799999806,17,5.312112198017021,RankSurprise
microGPi1_L_8_CommonFiltered,0,338148.47488,338272.95232,124.47743999998784,338148.47488,338272.95232,124.47743999998784,13,6.2024791210221375,RankSurprise
microGPi1_L_8_CommonFiltered,0,338367.0784,338395.7504,28.67200000002049,338367.0784,338395.7504,28.67200000002049,7,9.341451520848842,RankSurprise
microGPi1_L_8_CommonFiltered,0,338639.79008,338647.77728,7.987199999974109,338639.79008,338647.77728,7.987199999974109,3,4.158837934221294,RankSurprise
microGPi1_L_8_CommonFiltered,0,338729.12384,339045.86752,316.74368000001414,338729.12384,339045.86752,316.74368000001414,34,15.28738385126226,RankSurprise
microGPi1_L_8_CommonFiltered,0,339154.1248,339606.85568,452.73087999998825,339154.1248,339606.85568,452.73087999998825,35,7.313345548185668,RankSurprise
microGPi1_L_8_CommonFiltered,0,342224.40448,342282.4448,58.04031999997096,342224.40448,342282.4448,58.04031999997096,8,5.986583015297888,RankSurprise
microGPi1_L_8_CommonFiltered,0,342318.61248,342530.6624,212.04991999996128,342318.61248,342530.6624,212.04991999996128,16,3.735674736019653,RankSurprise
microGPi1_L_8_CommonFiltered,0,342749.34784,342964.06016,214.71231999999145,342749.34784,342964.06016,214.71231999999145,20,7.318685826149969,RankSurprise
microGPi1_L_8_CommonFiltered,0,343149.44512,343202.24256,52.79743999999482,343149.44512,343202.24256,52.79743999999482,7,4.689806230405494,RankSurprise
microGPi1_L_8_CommonFiltered,0,343641.66144,343652.39296,10.731520000030287,343641.66144,343652.39296,10.731520000030287,4,6.479457999656599,RankSurprise
microGPi1_L_8_CommonFiltered,0,343991.74656,344008.4992,16.75264000002062,343991.74656,344008.4992,16.75264000002062,4,4.389254700866029,RankSurprise
microGPi1_L_8_CommonFiltered,0,344498.01216,344583.24992,85.23775999998907,344498.01216,344583.24992,85.23775999998907,12,10.260608020410132,RankSurprise
microGPi1_L_8_CommonFiltered,0,344769.49504,344792.10496,22.609920000017155,344769.49504,344792.10496,22.609920000017155,5,5.823567497490281,RankSurprise
microGPi1_L_8_CommonFiltered,0,345016.7296,345092.21888,75.48927999997977,345016.7296,345092.21888,75.48927999997977,8,4.078178432018836,RankSurprise
microGPi1_L_8_CommonFiltered,0,345275.51488,345283.62496,8.110080000013113,345275.51488,345283.62496,8.110080000013113,3,4.063751663638477,RankSurprise
microGPi1_L_8_CommonFiltered,0,345365.01248,345515.008,149.99551999999676,345365.01248,345515.008,149.99551999999676,14,4.923731049049189,RankSurprise
microGPi1_L_8_CommonFiltered,0,350118.54336,350135.0912,16.54784000001382,350118.54336,350135.0912,16.54784000001382,4,4.979185560674651,RankSurprise
microGPi1_L_8_CommonFiltered,0,350443.84768,350604.53376,160.68608000001404,350443.84768,350604.53376,160.68608000001404,14,4.894542277472427,RankSurprise
microGPi1_L_8_CommonFiltered,0,350866.55488,350943.8464,77.29151999996975,350866.55488,350943.8464,77.29151999996975,10,6.4838906872762685,RankSurprise
microGPi1_L_8_CommonFiltered,0,351243.96032,351251.90656,7.946239999961108,351243.96032,351251.90656,7.946239999961108,3,4.149123278874242,RankSurprise
microGPi1_L_8_CommonFiltered,0,351410.74944,351510.77376,100.02432000002591,351410.74944,351510.77376,100.02432000002591,9,3.7904705913387002,RankSurprise
microGPi1_L_8_CommonFiltered,0,352577.7408,352619.02848,41.28767999995034,352577.7408,352619.02848,41.28767999995034,8,8.921816096836274,RankSurprise
microGPi1_L_8_CommonFiltered,0,361469.62432,361555.02592,85.40159999998286,361469.62432,361555.02592,85.40159999998286,10,5.866275726248538,RankSurprise
microGPi1_L_8_CommonFiltered,0,368193.37216,368210.04288,16.670719999994617,368193.37216,368210.04288,16.670719999994617,4,4.887210216300058,RankSurprise
microGPi1_L_8_CommonFiltered,0,369407.7952,369489.01888,81.22367999999551,369407.7952,369489.01888,81.22367999999551,14,14.198998097004347,RankSurprise
microGPi1_L_8_CommonFiltered,0,369677.1072,369693.85984,16.752639999962412,369677.1072,369693.85984,16.752639999962412,4,4.851195369358582,RankSurprise
microGPi1_L_8_CommonFiltered,0,370333.40928,370343.97696,10.567679999978282,370333.40928,370343.97696,10.567679999978282,3,3.631208600248904,RankSurprise
microGPi1_L_8_CommonFiltered,0,370616.77056,370627.3792,10.60864000004949,370616.77056,370627.3792,10.60864000004949,4,7.275497093171932,RankSurprise
microGPi1_L_8_CommonFiltered,0,370706.10432,370791.26016,85.15584000002127,370706.10432,370791.26016,85.15584000002127,9,4.1605224572573185,RankSurprise
microGPi1_L_8_CommonFiltered,0,370900.1728,371139.54304,239.37024000001838,370900.1728,371139.54304,239.37024000001838,20,5.97067106483618,RankSurprise
microGPi1_L_8_CommonFiltered,0,383915.78624,384730.112,814.3257600000361,383915.78624,384730.112,814.3257600000361,74,22.278033017944118,RankSurprise
microGPi1_L_8_CommonFiltered,0,384796.8768,384888.87296,91.99615999998059,384796.8768,384888.87296,91.99615999998059,11,7.01068018735394,RankSurprise
microGPi1_L_8_CommonFiltered,0,394884.54656,394917.80608,33.25952000002144,394884.54656,394917.80608,33.25952000002144,6,5.528387146435357,RankSurprise
microGPi1_L_8_CommonFiltered,0,395093.31968,395137.39264,44.07295999996131,395093.31968,395137.39264,44.07295999996131,7,5.90867909282017,RankSurprise
microGPi1_L_8_CommonFiltered,0,395316.10112,395354.112,38.010880000016186,395316.10112,395354.112,38.010880000016186,8,9.625589534568519,RankSurprise
microGPi1_L_8_CommonFiltered,0,395432.79616,395451.63776,18.841599999985192,395432.79616,395451.63776,18.841599999985192,5,6.658810338314684,RankSurprise
microGPi1_L_8_CommonFiltered,0,395493.49888,395554.28352,60.78463999996893,395493.49888,395554.28352,60.78463999996893,9,7.398826077101828,RankSurprise
microGPi1_L_8_CommonFiltered,0,411933.81888,411994.56256,60.74368000001414,411933.81888,411994.56256,60.74368000001414,8,5.387529606634494,RankSurprise
microGPi1_L_8_CommonFiltered,0,412133.90848,412141.73184,7.8233600000385195,412133.90848,412141.73184,7.8233600000385195,3,4.393643444837686,RankSurprise
microGPi1_L_8_CommonFiltered,0,412267.27424,412361.3184,94.04415999999037,412267.27424,412361.3184,94.04415999999037,10,4.778500862319358,RankSurprise
microGPi1_L_8_CommonFiltered,0,429568.36864,429791.0272,222.65856000001077,429568.36864,429791.0272,222.65856000001077,20,6.880815986379636,RankSurprise
microGPi1_L_8_CommonFiltered,0,430302.16704,430674.944,372.77696000004653,430302.16704,430674.944,372.77696000004653,31,7.866972139557593,RankSurprise
microGPi1_L_8_CommonFiltered,1,149274.46016,149324.43136,49.97119999999995,149274.46016,149324.43136,49.97119999999995,4,4.193581292515397,RankSurprise
microGPi1_L_8_CommonFiltered,1,155773.99296,155807.25248,33.259519999992335,155773.99296,155807.25248,33.259519999992335,3,4.794020663847668,RankSurprise
microGPi1_L_8_CommonFiltered,1,156857.22112,156923.86304,66.64191999999457,156857.22112,156923.86304,66.64191999999457,5,5.331026282473964,RankSurprise
microGPi1_L_8_CommonFiltered,1,184139.9808,184189.952,49.97119999999995,184139.9808,184189.952,49.97119999999995,4,4.2961555866762104,RankSurprise
microGPi1_L_8_CommonFiltered,1,184923.3408,184973.312,49.97119999999995,184923.3408,184973.312,49.97119999999995,4,4.234191127185287,RankSurprise
microGPi1_L_8_CommonFiltered,1,189073.408,189206.77376,133.36576000001514,189073.408,189206.77376,133.36576000001514,8,5.167903289726767,RankSurprise
microGPi1_L_8_CommonFiltered,1,199573.74976,199623.72096,49.97119999999995,199573.74976,199623.72096,49.97119999999995,4,3.792986452610659,RankSurprise
microGPi1_L_8_CommonFiltered,1,199881.35936,199923.79392,42.434559999994235,199881.35936,199923.79392,42.434559999994235,4,3.956168917351274,RankSurprise
microGPi1_L_8_CommonFiltered,1,201190.44096,201240.45312,50.01215999998385,201190.44096,201240.45312,50.01215999998385,4,3.59248514393402,RankSurprise
microGPi1_L_8_CommonFiltered,1,203240.448,203290.46016,50.01215999998385,203240.448,203290.46016,50.01215999998385,4,3.667698094227813,RankSurprise
microGPi1_L_8_CommonFiltered,1,205057.26976,205240.60672,183.3369600000151,205057.26976,205240.60672,183.3369600000151,10,5.149981904020463,RankSurprise
microGPi1_L_8_CommonFiltered,1,205774.06976,205807.24736,33.17759999999544,205774.06976,205807.24736,33.17759999999544,3,7.669031136582346,RankSurprise
microGPi1_L_8_CommonFiltered,1,208474.35776,208507.61728,33.259519999992335,208474.35776,208507.61728,33.259519999992335,3,4.0406010147709,RankSurprise
microGPi1_L_8_CommonFiltered,1,208891.04384,209374.49472,483.4508799999894,208891.04384,209374.49472,483.4508799999894,22,8.65700466092844,RankSurprise
microGPi1_L_8_CommonFiltered,1,316302.336,316352.34816,50.01215999998385,316302.336,316352.34816,50.01215999998385,4,4.03164472068746,RankSurprise
microGPi1_L_8_CommonFiltered,1,316585.82016,316635.79136,49.97119999997085,316585.82016,316635.79136,49.97119999997085,4,3.54743304675101,RankSurprise
microGPi1_L_8_CommonFiltered,1,316769.23904,316819.2512,50.01215999998385,316769.23904,316819.2512,50.01215999998385,4,4.099280552599151,RankSurprise
microGPi1_L_8_CommonFiltered,1,320987.83232,321404.68224,416.84992000000784,320987.83232,321404.68224,416.84992000000784,19,6.223668328516305,RankSurprise
microGPi1_L_8_CommonFiltered,1,322221.71136,322455.1424,233.43103999999585,322221.71136,322455.1424,233.43103999999585,12,5.937655197588618,RankSurprise
microGPi1_L_8_CommonFiltered,1,322855.36256,322922.04544,66.68288000003668,322855.36256,322922.04544,66.68288000003668,5,4.333819271712628,RankSurprise
microGPi1_L_8_CommonFiltered,1,323188.81792,323322.18368,133.36576000001514,323188.81792,323322.18368,133.36576000001514,7,4.014190274978841,RankSurprise
microGPi1_L_8_CommonFiltered,1,324105.91232,324205.9776,100.0652799999807,324105.91232,324205.9776,100.0652799999807,7,6.0115155568609575,RankSurprise
microGPi1_L_8_CommonFiltered,1,328424.57088,328491.25376,66.68287999997847,328424.57088,328491.25376,66.68287999997847,5,4.700778723779017,RankSurprise
microGPi1_L_8_CommonFiltered,1,328941.48608,329124.864,183.377919999999,328941.48608,329124.864,183.377919999999,10,5.277222516747612,RankSurprise
microGPi1_L_8_CommonFiltered,1,330075.29984,330125.312,50.01215999998385,330075.29984,330125.312,50.01215999998385,4,3.6007496224238373,RankSurprise
microGPi1_L_8_CommonFiltered,1,330592.17408,330675.56864,83.39455999998609,330592.17408,330675.56864,83.39455999998609,6,5.561394666620814,RankSurprise
microGPi1_L_8_CommonFiltered,1,331442.50368,331492.47488,49.97119999997085,331442.50368,331492.47488,49.97119999997085,4,3.9795517704129786,RankSurprise
microGPi1_L_8_CommonFiltered,1,335977.43104,336060.70272,83.27168000000529,335977.43104,336060.70272,83.27168000000529,6,6.86221753372233,RankSurprise
microGPi1_L_8_CommonFiltered,1,337127.79264,337161.05216,33.25952000002144,337127.79264,337161.05216,33.25952000002144,3,4.902481957183744,RankSurprise
microGPi1_L_8_CommonFiltered,1,337461.248,337494.50752,33.25951999996323,337461.248,337494.50752,33.25951999996323,3,6.151227242492499,RankSurprise
microGPi1_L_8_CommonFiltered,1,338028.09344,338328.1664,300.0729599999613,338028.09344,338328.1664,300.0729599999613,13,4.901975392889188,RankSurprise
microGPi1_L_8_CommonFiltered,1,338544.96768,338578.26816,33.30047999997623,338544.96768,338578.26816,33.30047999997623,3,3.621049807861013,RankSurprise
microGPi1_L_8_CommonFiltered,1,339278.56128,339311.86176,33.30047999997623,339278.56128,339311.86176,33.30047999997623,3,4.089483487903355,RankSurprise
microGPi1_L_8_CommonFiltered,1,342112.95232,342162.92352,49.97120000002906,342112.95232,342162.92352,49.97120000002906,4,4.213817495299153,RankSurprise
microGPi1_L_8_CommonFiltered,1,342779.86304,342896.55808,116.69503999996232,342779.86304,342896.55808,116.69503999996232,7,5.921569120904359,RankSurprise
microGPi1_L_8_CommonFiltered,1,343546.79808,343730.21696,183.418880000012,343546.79808,343730.21696,183.418880000012,10,5.263275786158808,RankSurprise
microGPi1_L_8_CommonFiltered,1,344330.40384,344497.11104,166.70720000000438,344330.40384,344497.11104,166.70720000000438,9,5.499580683879601,RankSurprise
microGPi1_L_8_CommonFiltered,1,344730.54208,344780.51328,49.97120000002906,344730.54208,344780.51328,49.97120000002906,4,3.932966908542973,RankSurprise
microGPi1_L_8_CommonFiltered,1,351049.1136,351115.75552,66.64192000002367,351049.1136,351115.75552,66.64192000002367,5,5.099950913862692,RankSurprise
microGPi1_L_8_CommonFiltered,1,352282.8288,352332.71808,49.889280000003055,352282.8288,352332.71808,49.889280000003055,4,5.989391523840915,RankSurprise
microGPi1_L_8_CommonFiltered,1,371021.90592,371105.30048,83.39455999998609,371021.90592,371105.30048,83.39455999998609,6,4.501495227875295,RankSurprise
microGPi1_L_8_CommonFiltered,1,412222.42304,412305.73568,83.31263999996008,412222.42304,412305.73568,83.31263999996008,6,5.9173849808173955,RankSurprise
microGPi1_L_8_CommonFiltered,1,412539.20768,412589.17888,49.97120000002906,412539.20768,412589.17888,49.97120000002906,4,3.8018229960776537,RankSurprise
microGPi1_L_8_CommonFiltered,1,430113.13664,430246.5024,133.36576000001514,430113.13664,430246.5024,133.36576000001514,8,5.488580282115847,RankSurprise
microGPi1_L_8_CommonFiltered,1,430396.6208,430463.26272,66.64192000002367,430396.6208,430463.26272,66.64192000002367,5,4.722927208562343,RankSurprise
microGPi1_L_8_CommonFiltered,3,156832.23552,156915.54816,83.31264000001829,156832.23552,156915.54816,83.31264000001829,5,3.5684898261770535,RankSurprise
microGPi1_L_8_CommonFiltered,3,181448.25344,181748.3264,300.0729599999904,181448.25344,181748.3264,300.0729599999904,15,7.215635799625558,RankSurprise
microGPi1_L_8_CommonFiltered,3,181965.0048,182048.23552,83.23071999999229,181965.0048,182048.23552,83.23071999999229,5,4.155175307162491,RankSurprise
microGPi1_L_8_CommonFiltered,3,187481.7024,187515.00288,33.30047999997623,187481.7024,187515.00288,33.30047999997623,3,3.8170418366183725,RankSurprise
microGPi1_L_8_CommonFiltered,3,188565.05344,188831.70304,266.6496000000043,188565.05344,188831.70304,266.6496000000043,12,4.778211883371094,RankSurprise
microGPi1_L_8_CommonFiltered,3,189231.80032,189265.05984,33.259519999992335,189231.80032,189265.05984,33.259519999992335,3,4.339918302251901,RankSurprise
microGPi1_L_8_CommonFiltered,3,189315.11296,189348.41344,33.30048000000534,189315.11296,189348.41344,33.30048000000534,3,3.824476815105891,RankSurprise
microGPi1_L_8_CommonFiltered,3,211149.78304,211183.08352,33.30047999997623,211149.78304,211183.08352,33.30047999997623,3,4.428603319799558,RankSurprise
microGPi1_L_8_CommonFiltered,3,211249.7664,211316.40832,66.64191999999457,211249.7664,211316.40832,66.64191999999457,5,5.582161531391012,RankSurprise
microGPi1_L_8_CommonFiltered,3,211816.52992,211849.8304,33.30048000000534,211816.52992,211849.8304,33.30048000000534,3,4.028176005721351,RankSurprise
microGPi1_L_8_CommonFiltered,3,316127.232,316193.95584,66.72383999999147,316127.232,316193.95584,66.72383999999147,5,3.9423589138012964,RankSurprise
microGPi1_L_8_CommonFiltered,3,316227.29728,316251.70944,24.412160000007134,316227.29728,316251.70944,24.412160000007134,3,6.55656096544522,RankSurprise
microGPi1_L_8_CommonFiltered,3,316544.12288,316560.83456,16.711680000007618,316544.12288,316560.83456,16.711680000007618,3,11.272505556935219,RankSurprise
microGPi1_L_8_CommonFiltered,3,317444.54656,317594.58304,150.03648000000976,317444.54656,317594.58304,150.03648000000976,9,6.043442830876719,RankSurprise
microGPi1_L_8_CommonFiltered,3,320929.46432,321246.28992,316.82559999998193,320929.46432,321246.28992,316.82559999998193,14,4.818432676563553,RankSurprise
microGPi1_L_8_CommonFiltered,3,323330.58048,324130.93888,800.3583999999682,323330.58048,324130.93888,800.3583999999682,31,6.176072685964966,RankSurprise
microGPi1_L_8_CommonFiltered,3,328668.44672,328699.65824,31.21152000001166,328668.44672,328699.65824,31.21152000001166,3,7.987307089135944,RankSurprise
microGPi1_L_8_CommonFiltered,3,329049.78432,329433.33376,383.5494400000316,329049.78432,329433.33376,383.5494400000316,19,8.60931401471439,RankSurprise
microGPi1_L_8_CommonFiltered,3,329733.48864,329850.14272,116.65408000000753,329733.48864,329850.14272,116.65408000000753,7,5.5696547568838914,RankSurprise
microGPi1_L_8_CommonFiltered,3,330483.79392,330550.51776,66.72383999999147,330483.79392,330550.51776,66.72383999999147,5,4.223313312836023,RankSurprise
microGPi1_L_8_CommonFiltered,3,330767.27808,330817.29024,50.01215999998385,330767.27808,330817.29024,50.01215999998385,4,3.740996271336172,RankSurprise
microGPi1_L_8_CommonFiltered,3,331717.59104,331884.29824,166.70719999994617,331717.59104,331884.29824,166.70719999994617,10,7.0341910394695635,RankSurprise
microGPi1_L_8_CommonFiltered,3,331951.02208,332067.75808,116.73599999997532,331951.02208,332067.75808,116.73599999997532,7,4.191593687024217,RankSurprise
microGPi1_L_8_CommonFiltered,3,332251.17696,332284.47744,33.30047999997623,332251.17696,332284.47744,33.30047999997623,3,3.9473565989796437,RankSurprise
microGPi1_L_8_CommonFiltered,3,333068.12416,333118.0544,49.930240000016056,333068.12416,333118.0544,49.930240000016056,4,4.867112037654486,RankSurprise
microGPi1_L_8_CommonFiltered,3,333668.352,333701.65248,33.30047999997623,333668.352,333701.65248,33.30047999997623,3,3.8926654825035225,RankSurprise
microGPi1_L_8_CommonFiltered,3,334335.26272,334368.52224,33.25952000002144,334335.26272,334368.52224,33.25952000002144,3,4.564072676427061,RankSurprise
microGPi1_L_8_CommonFiltered,3,335518.96576,335635.6608,116.69504000002053,335518.96576,335635.6608,116.69504000002053,7,4.764130878176124,RankSurprise
microGPi1_L_8_CommonFiltered,3,337369.53856,337402.79808,33.25951999996323,337369.53856,337402.79808,33.25951999996323,3,5.443559939325011,RankSurprise
microGPi1_L_8_CommonFiltered,3,337702.99392,337886.37184,183.377919999999,337702.99392,337886.37184,183.377919999999,9,4.379076384793159,RankSurprise
microGPi1_L_8_CommonFiltered,3,338069.79072,338136.4736,66.68288000003668,338069.79072,338136.4736,66.68288000003668,5,4.564933297260421,RankSurprise
microGPi1_L_8_CommonFiltered,3,338303.1808,338636.63616,333.45536000002176,338303.1808,338636.63616,333.45536000002176,16,7.007257216255946,RankSurprise
microGPi1_L_8_CommonFiltered,3,342121.30816,342271.34464,150.03648000000976,342121.30816,342271.34464,150.03648000000976,10,8.49918384442774,RankSurprise
microGPi1_L_8_CommonFiltered,3,342338.06848,342604.8,266.7315199999721,342338.06848,342604.8,266.7315199999721,12,4.961042023170458,RankSurprise
microGPi1_L_8_CommonFiltered,3,343004.93824,343088.25088,83.31264000001829,343004.93824,343088.25088,83.31264000001829,6,6.329436509527703,RankSurprise
microGPi1_L_8_CommonFiltered,3,344405.48352,344488.79616,83.31264000001829,344405.48352,344488.79616,83.31264000001829,5,3.8455648817012893,RankSurprise
microGPi1_L_8_CommonFiltered,3,344905.60512,344938.94656,33.341439999989234,344905.60512,344938.94656,33.341439999989234,3,3.579414668302997,RankSurprise
microGPi1_L_8_CommonFiltered,3,345122.36544,345155.70688,33.341439999989234,345122.36544,345155.70688,33.341439999989234,3,3.5467341153472667,RankSurprise
microGPi1_L_8_CommonFiltered,3,345372.4672,345505.792,133.32480000000214,345372.4672,345505.792,133.32480000000214,7,4.06371066115383,RankSurprise
microGPi1_L_8_CommonFiltered,3,351524.29056,351607.56224,83.27168000000529,351524.29056,351607.56224,83.27168000000529,5,3.8162472666495084,RankSurprise
microGPi1_L_8_CommonFiltered,3,352024.41216,352341.07392,316.66175999998813,352024.41216,352341.07392,316.66175999998813,13,3.610070113184634,RankSurprise
microGPi1_L_8_CommonFiltered,3,352741.25312,352774.47168,33.21856000000844,352741.25312,352774.47168,33.21856000000844,3,5.393969775112913,RankSurprise
microGPi1_L_8_CommonFiltered,3,411963.96544,412314.09152,350.1260800000164,411963.96544,412314.09152,350.1260800000164,18,9.262022356372265,RankSurprise
microGPi1_L_8_CommonFiltered,3,412580.90496,412697.55904,116.65408000000753,412580.90496,412697.55904,116.65408000000753,8,7.2308089506571775,RankSurprise
microGPi1_L_8_CommonFiltered,3,412880.97792,412897.6896,16.711680000007618,412880.97792,412897.6896,16.711680000007618,3,11.272505556935219,RankSurprise
microGPi1_L_8_CommonFiltered,3,413164.42112,413197.7216,33.30047999997623,413164.42112,413197.7216,33.30047999997623,3,3.612638115322495,RankSurprise
microGPi1_L_8_CommonFiltered,3,430088.06912,430588.35456,500.28544000000693,430088.06912,430588.35456,500.28544000000693,22,6.411654733215293,RankSurprise
microGPi1_L_8_CommonFiltered,4,145069.30176,145177.88672,108.58496000000741,145069.30176,145177.88672,108.58496000000741,14,8.207155421729516,RankSurprise
microGPi1_L_8_CommonFiltered,4,155793.8176,155843.7888,49.97119999999995,155793.8176,155843.7888,49.97119999999995,7,4.432679650142641,RankSurprise
microGPi1_L_8_CommonFiltered,4,156066.48832,156093.76768,27.2793599999859,156066.48832,156093.76768,27.2793599999859,5,4.4554719719773495,RankSurprise
microGPi1_L_8_CommonFiltered,4,156841.12384,156877.04576,35.92192000002251,156841.12384,156877.04576,35.92192000002251,6,4.878620562699602,RankSurprise
microGPi1_L_8_CommonFiltered,4,156951.552,156960.3584,8.806400000001304,156951.552,156960.3584,8.806400000001304,3,3.603230472539698,RankSurprise
microGPi1_L_8_CommonFiltered,4,167076.864,167120.896,44.03200000000652,167076.864,167120.896,44.03200000000652,6,3.9224715332266387,RankSurprise
microGPi1_L_8_CommonFiltered,4,177301.01248,177309.696,8.683519999991404,177301.01248,177309.696,8.683519999991404,3,3.7924695018267887,RankSurprise
microGPi1_L_8_CommonFiltered,4,177517.73184,178040.2176,522.4857600000105,177517.73184,178040.2176,522.4857600000105,50,14.849525060419571,RankSurprise
microGPi1_L_8_CommonFiltered,4,178106.85952,178256.85504,149.99551999999676,178106.85952,178256.85504,149.99551999999676,16,6.713000153418028,RankSurprise
microGPi1_L_8_CommonFiltered,4,178584.3712,178634.46528,50.09408000000985,178584.3712,178634.46528,50.09408000000985,7,4.297937878718859,RankSurprise
microGPi1_L_8_CommonFiltered,4,178684.39552,178909.75744,225.36191999999573,178684.39552,178909.75744,225.36191999999573,30,18.619845925709217,RankSurprise
microGPi1_L_8_CommonFiltered,4,181284.53632,181293.17888,8.642559999978403,181284.53632,181293.17888,8.642559999978403,4,7.038876833654278,RankSurprise
microGPi1_L_8_CommonFiltered,4,181417.73824,181420.48256,2.7443199999979697,181417.73824,181420.48256,2.7443199999979697,3,7.258980965870096,RankSurprise
microGPi1_L_8_CommonFiltered,4,181599.10912,181643.14112,44.031999999977415,181599.10912,181643.14112,44.031999999977415,6,3.849991669093892,RankSurprise
microGPi1_L_8_CommonFiltered,4,181851.01312,181882.18368,31.17055999999866,181851.01312,181882.18368,31.17055999999866,6,5.973307638554118,RankSurprise
microGPi1_L_8_CommonFiltered,4,182076.53888,182084.44416,7.905280000006314,182076.53888,182084.44416,7.905280000006314,3,4.824273518456788,RankSurprise
microGPi1_L_8_CommonFiltered,4,182184.3456,182209.69984,25.35423999998602,182184.3456,182209.69984,25.35423999998602,5,4.8273141103567205,RankSurprise
microGPi1_L_8_CommonFiltered,4,184067.80928,184076.4928,8.683520000020508,184067.80928,184076.4928,8.683520000020508,3,3.9221542668495353,RankSurprise
microGPi1_L_8_CommonFiltered,4,184249.18016,184259.74784,10.567680000007385,184249.18016,184259.74784,10.567680000007385,3,3.750383770023218,RankSurprise
microGPi1_L_8_CommonFiltered,4,184599.22432,184617.86112,18.636799999978393,184599.22432,184617.86112,18.636799999978393,4,4.401057221632513,RankSurprise
microGPi1_L_8_CommonFiltered,4,184799.232,184853.87264,54.6406399999978,184799.232,184853.87264,54.6406399999978,7,4.166579539734361,RankSurprise
microGPi1_L_8_CommonFiltered,4,185184.62464,185315.90144,131.27679999999236,185184.62464,185315.90144,131.27679999999236,13,4.024547431932166,RankSurprise
microGPi1_L_8_CommonFiltered,4,185449.2672,185476.42368,27.156480000005104,185449.2672,185476.42368,27.156480000005104,6,6.721625885930287,RankSurprise
microGPi1_L_8_CommonFiltered,4,187465.80992,187557.2736,91.4636799999862,187465.80992,187557.2736,91.4636799999862,12,8.194034989487069,RankSurprise
microGPi1_L_8_CommonFiltered,4,187815.936,187826.50368,10.567680000007385,187815.936,187826.50368,10.567680000007385,3,3.687909178257753,RankSurprise
microGPi1_L_8_CommonFiltered,4,188201.04192,188317.94176,116.89983999999822,188201.04192,188317.94176,116.89983999999822,12,4.38594641514598,RankSurprise
microGPi1_L_8_CommonFiltered,4,188359.84384,188676.58752,316.74368000001414,188359.84384,188676.58752,316.74368000001414,28,6.86486607258407,RankSurprise
microGPi1_L_8_CommonFiltered,4,188817.98144,188826.58304,8.601599999994505,188817.98144,188826.58304,8.601599999994505,3,3.8836297902291808,RankSurprise
microGPi1_L_8_CommonFiltered,4,188959.86688,188968.01792,8.151040000026114,188959.86688,188968.01792,8.151040000026114,3,3.716951321704917,RankSurprise
microGPi1_L_8_CommonFiltered,4,189157.33504,189193.17504,35.83999999999651,189157.33504,189193.17504,35.83999999999651,6,4.9669816073690285,RankSurprise
microGPi1_L_8_CommonFiltered,4,189554.03264,189576.6016,22.568960000004154,189554.03264,189576.6016,22.568960000004154,4,3.6988660273819995,RankSurprise
microGPi1_L_8_CommonFiltered,4,199987.73248,200104.3456,116.61311999999452,199987.73248,200104.3456,116.61311999999452,13,5.8600481016453845,RankSurprise
microGPi1_L_8_CommonFiltered,4,201304.30976,201321.0624,16.752639999991516,201304.30976,201321.0624,16.752639999991516,4,4.16436474029021,RankSurprise
microGPi1_L_8_CommonFiltered,4,201666.39616,201687.69536,21.299200000008568,201666.39616,201687.69536,21.299200000008568,4,3.516920495323266,RankSurprise
microGPi1_L_8_CommonFiltered,4,203321.09824,203354.39872,33.30048000000534,203321.09824,203354.39872,33.30048000000534,5,3.5580478400213202,RankSurprise
microGPi1_L_8_CommonFiltered,4,208655.03232,208666.78784,11.755520000006072,208655.03232,208666.78784,11.755520000006072,3,3.55050013462669,RankSurprise
microGPi1_L_8_CommonFiltered,4,210105.26208,210127.70816,22.446080000023358,210105.26208,210127.70816,22.446080000023358,4,3.549191266834434,RankSurprise
microGPi1_L_8_CommonFiltered,4,210467.06176,210477.79328,10.731520000001183,210467.06176,210477.79328,10.731520000001183,3,3.8793947424625177,RankSurprise
microGPi1_L_8_CommonFiltered,4,218136.9856,218145.50528,8.519679999997607,218136.9856,218145.50528,8.519679999997607,3,4.376290522218332,RankSurprise
microGPi1_L_8_CommonFiltered,4,218623.09888,218639.85152,16.752639999991516,218623.09888,218639.85152,16.752639999991516,4,4.1247975099161245,RankSurprise
microGPi1_L_8_CommonFiltered,4,219353.82528,219362.5088,8.683520000020508,219353.82528,219362.5088,8.683520000020508,3,4.14600438959919,RankSurprise
microGPi1_L_8_CommonFiltered,4,227272.4992,227355.93472,83.43551999999909,227272.4992,227355.93472,83.43551999999909,9,3.7148803967170134,RankSurprise
microGPi1_L_8_CommonFiltered,4,227531.1616,227558.6048,27.4432000000088,227531.1616,227558.6048,27.4432000000088,5,4.602542946846118,RankSurprise
microGPi1_L_8_CommonFiltered,4,227641.91744,227681.15712,39.23967999999877,227641.91744,227681.15712,39.23967999999877,6,4.5144993646247595,RankSurprise
microGPi1_L_8_CommonFiltered,4,227839.34464,227975.24992,135.90528000000631,227839.34464,227975.24992,135.90528000000631,13,4.853411788648231,RankSurprise
microGPi1_L_8_CommonFiltered,4,228025.344,228275.4048,250.06079999997746,228025.344,228275.4048,250.06079999997746,24,8.147980853707109,RankSurprise
microGPi1_L_8_CommonFiltered,4,228506.0096,228625.36704,119.3574400000216,228506.0096,228625.36704,119.3574400000216,14,7.302398462795007,RankSurprise
microGPi1_L_8_CommonFiltered,4,229842.28864,229856.21504,13.926399999996647,229842.28864,229856.21504,13.926399999996647,4,5.115461739632838,RankSurprise
microGPi1_L_8_CommonFiltered,4,230042.4192,230098.16576,55.74655999999959,230042.4192,230098.16576,55.74655999999959,8,5.331926546421513,RankSurprise
microGPi1_L_8_CommonFiltered,4,230189.6704,230292.35712,102.68671999999788,230189.6704,230292.35712,102.68671999999788,12,6.22381803002675,RankSurprise
microGPi1_L_8_CommonFiltered,4,230629.13024,230675.78368,46.65343999999459,230629.13024,230675.78368,46.65343999999459,7,4.75517133603782,RankSurprise
microGPi1_L_8_CommonFiltered,4,230756.39296,230765.03552,8.642560000007506,230756.39296,230765.03552,8.642560000007506,3,3.999256348811146,RankSurprise
microGPi1_L_8_CommonFiltered,4,316205.4656,316405.5552,200.0896000000066,316205.4656,316405.5552,200.0896000000066,18,4.5153308497186675,RankSurprise
microGPi1_L_8_CommonFiltered,4,316488.94976,316582.99392,94.04415999999037,316488.94976,316582.99392,94.04415999999037,12,7.215684950586507,RankSurprise
microGPi1_L_8_CommonFiltered,4,316845.09696,316889.21088,44.11392000003252,316845.09696,316889.21088,44.11392000003252,7,5.560810997331247,RankSurprise
microGPi1_L_8_CommonFiltered,4,317606.0928,317689.4464,83.35360000003129,317606.0928,317689.4464,83.35360000003129,9,4.014305602617367,RankSurprise
microGPi1_L_8_CommonFiltered,4,317897.68704,317906.28864,8.601599999994505,317897.68704,317906.28864,8.601599999994505,3,4.13155519448255,RankSurprise
microGPi1_L_8_CommonFiltered,4,320257.35168,320282.13248,24.780799999949522,320257.35168,320282.13248,24.780799999949522,5,4.651964430855312,RankSurprise
microGPi1_L_8_CommonFiltered,4,320418.11968,320474.112,55.99232000001939,320418.11968,320474.112,55.99232000001939,7,4.0583812940900446,RankSurprise
microGPi1_L_8_CommonFiltered,4,320990.98624,321057.71008,66.72383999999147,320990.98624,321057.71008,66.72383999999147,11,9.272852234949978,RankSurprise
microGPi1_L_8_CommonFiltered,4,321091.05152,321107.72224,16.670719999994617,321091.05152,321107.72224,16.670719999994617,4,4.287779209784606,RankSurprise
microGPi1_L_8_CommonFiltered,4,321215.93856,321257.79968,41.861120000015944,321215.93856,321257.79968,41.861120000015944,6,4.239295100100943,RankSurprise
microGPi1_L_8_CommonFiltered,4,321341.11232,321368.55552,27.443199999979697,321341.11232,321368.55552,27.443199999979697,5,4.287428703642835,RankSurprise
microGPi1_L_8_CommonFiltered,4,321641.34912,321664.04096,22.69183999998495,321641.34912,321664.04096,22.69183999998495,5,5.187244643228418,RankSurprise
microGPi1_L_8_CommonFiltered,4,321699.47136,321714.09408,14.622719999984838,321699.47136,321714.09408,14.622719999984838,4,4.461696767893649,RankSurprise
microGPi1_L_8_CommonFiltered,4,321980.86656,322166.1696,185.30304000002798,321980.86656,322166.1696,185.30304000002798,19,6.84910195106565,RankSurprise
microGPi1_L_8_CommonFiltered,4,322268.9792,322408.2432,139.26400000002468,322268.9792,322408.2432,139.26400000002468,15,5.4614005500807545,RankSurprise
microGPi1_L_8_CommonFiltered,4,322669.1584,322708.43904,39.28064000001177,322669.1584,322708.43904,39.28064000001177,6,4.062474564746789,RankSurprise
microGPi1_L_8_CommonFiltered,4,322747.84256,322752.512,4.669439999968745,322747.84256,322752.512,4.669439999968745,3,6.693667156820036,RankSurprise
microGPi1_L_8_CommonFiltered,4,322785.85344,322802.60608,16.75264000002062,322785.85344,322802.60608,16.75264000002062,4,4.436670549406028,RankSurprise
microGPi1_L_8_CommonFiltered,4,322842.0096,322852.61824,10.608639999991283,322842.0096,322852.61824,10.608639999991283,4,6.858966646180576,RankSurprise
microGPi1_L_8_CommonFiltered,4,322949.77536,322956.00128,6.2259199999971315,322949.77536,322956.00128,6.2259199999971315,3,4.525445483123365,RankSurprise
microGPi1_L_8_CommonFiltered,4,323316.85888,323325.41952,8.560639999981504,323316.85888,323325.41952,8.560639999981504,3,4.091173760950403,RankSurprise
microGPi1_L_8_CommonFiltered,4,323642.20416,323650.31424,8.110079999954905,323642.20416,323650.31424,8.110079999954905,3,4.333364643200289,RankSurprise
microGPi1_L_8_CommonFiltered,4,323748.08576,323769.71264,21.626879999996163,323748.08576,323769.71264,21.626879999996163,6,7.8160219237545405,RankSurprise
microGPi1_L_8_CommonFiltered,4,328119.05024,328127.52896,8.478720000013709,328119.05024,328127.52896,8.478720000013709,3,4.387167508506973,RankSurprise
microGPi1_L_8_CommonFiltered,4,328525.824,328571.904,46.07999999995809,328525.824,328571.904,46.07999999995809,8,6.850724122945227,RankSurprise
microGPi1_L_8_CommonFiltered,4,328935.91552,328942.01856,6.103040000016335,328935.91552,328942.01856,6.103040000016335,3,4.633498825951774,RankSurprise
microGPi1_L_8_CommonFiltered,4,329628.34432,329652.92032,24.57600000000093,329628.34432,329652.92032,24.57600000000093,5,5.126594670741959,RankSurprise
microGPi1_L_8_CommonFiltered,4,329786.44992,329792.3072,5.8572799999965355,329786.44992,329792.3072,5.8572799999965355,3,5.159616066231967,RankSurprise
microGPi1_L_8_CommonFiltered,4,329934.4384,329995.22304,60.78464000002714,329934.4384,329995.22304,60.78464000002714,8,4.759963558035124,RankSurprise
microGPi1_L_8_CommonFiltered,4,330095.28832,330103.1936,7.905280000006314,330095.28832,330103.1936,7.905280000006314,3,4.636585248154963,RankSurprise
microGPi1_L_8_CommonFiltered,4,330286.65344,330328.55552,41.90207999997074,330286.65344,330328.55552,41.90207999997074,7,6.152923288839698,RankSurprise
microGPi1_L_8_CommonFiltered,4,330453.4016,330503.29088,49.889280000003055,330453.4016,330503.29088,49.889280000003055,7,5.0047853729286595,RankSurprise
microGPi1_L_8_CommonFiltered,4,330636.6976,330645.38112,8.6835199999623,330636.6976,330645.38112,8.6835199999623,4,7.282097053184209,RankSurprise
microGPi1_L_8_CommonFiltered,4,330720.01024,330745.36448,25.354240000015125,330720.01024,330745.36448,25.354240000015125,5,4.845540344467526,RankSurprise
microGPi1_L_8_CommonFiltered,4,330789.4784,330862.10048,72.622080000001,330789.4784,330862.10048,72.622080000001,9,5.057555245009333,RankSurprise
microGPi1_L_8_CommonFiltered,4,330928.86528,330972.89728,44.03199999994831,330928.86528,330972.89728,44.03199999994831,6,3.9441626845190454,RankSurprise
microGPi1_L_8_CommonFiltered,4,331020.16512,331022.90944,2.7443199999979697,331020.16512,331022.90944,2.7443199999979697,3,7.608783030521067,RankSurprise
microGPi1_L_8_CommonFiltered,4,331134.89408,331145.58464,10.690560000017285,331134.89408,331145.58464,10.690560000017285,4,6.478960695846872,RankSurprise
microGPi1_L_8_CommonFiltered,4,331312.20992,331328.96256,16.75264000002062,331312.20992,331328.96256,16.75264000002062,4,4.261217300548271,RankSurprise
microGPi1_L_8_CommonFiltered,4,331523.072,331651.76832,128.6963199999882,331523.072,331651.76832,128.6963199999882,15,7.75164184727329,RankSurprise
microGPi1_L_8_CommonFiltered,4,331820.56448,332023.31648,202.75199999997858,331820.56448,332023.31648,202.75199999997858,22,9.197591552824578,RankSurprise
microGPi1_L_8_CommonFiltered,4,332085.28896,332104.00768,18.718720000004396,332085.28896,332104.00768,18.718720000004396,4,4.099634264617279,RankSurprise
microGPi1_L_8_CommonFiltered,4,332135.17824,332206.65344,71.47520000004442,332135.17824,332206.65344,71.47520000004442,9,4.992483472928724,RankSurprise
microGPi1_L_8_CommonFiltered,4,332429.43488,332437.504,8.069120000000112,332429.43488,332437.504,8.069120000000112,3,3.926480932863603,RankSurprise
microGPi1_L_8_CommonFiltered,4,332546.00704,332835.6352,289.62816000002204,332546.00704,332835.6352,289.62816000002204,30,10.774634688306843,RankSurprise
microGPi1_L_8_CommonFiltered,4,333123.70688,333129.56416,5.8572799999965355,333123.70688,333129.56416,5.8572799999965355,3,4.8040201663971605,RankSurprise
microGPi1_L_8_CommonFiltered,4,333290.41408,333373.76768,83.35359999997308,333290.41408,333373.76768,83.35359999997308,11,7.285388281656273,RankSurprise
microGPi1_L_8_CommonFiltered,4,333552.31232,333579.75552,27.443199999979697,333552.31232,333579.75552,27.443199999979697,5,4.373465869400494,RankSurprise
microGPi1_L_8_CommonFiltered,4,333690.55232,333696.45056,5.898240000009537,333690.55232,333696.45056,5.898240000009537,3,4.85849165789468,RankSurprise
microGPi1_L_8_CommonFiltered,4,333902.47936,334054.56384,152.08448000001954,333902.47936,334054.56384,152.08448000001954,17,7.736407986765007,RankSurprise
microGPi1_L_8_CommonFiltered,4,334110.72,334129.88928,19.169280000030994,334110.72,334129.88928,19.169280000030994,4,3.946311256765334,RankSurprise
microGPi1_L_8_CommonFiltered,4,334469.5296,334480.09728,10.567679999978282,334469.5296,334480.09728,10.567679999978282,3,3.7345812148211532,RankSurprise
microGPi1_L_8_CommonFiltered,4,334552.80128,334602.93632,50.13503999996465,334552.80128,334602.93632,50.13503999996465,9,8.261895704501413,RankSurprise
microGPi1_L_8_CommonFiltered,4,334788.15744,334896.9472,108.78976000001421,334788.15744,334896.9472,108.78976000001421,14,8.279261258347846,RankSurprise
microGPi1_L_8_CommonFiltered,4,334946.95936,335141.10976,194.15040000004228,334946.95936,335141.10976,194.15040000004228,17,4.128719752983514,RankSurprise
microGPi1_L_8_CommonFiltered,4,335419.8016,335597.1584,177.35680000000866,335419.8016,335597.1584,177.35680000000866,18,6.812502763597195,RankSurprise
microGPi1_L_8_CommonFiltered,4,335813.79584,335907.96288,94.16704000002937,335813.79584,335907.96288,94.16704000002937,11,5.578922445610842,RankSurprise
microGPi1_L_8_CommonFiltered,4,335963.9552,336097.28,133.32480000000214,335963.9552,336097.28,133.32480000000214,13,4.596567345165911,RankSurprise
microGPi1_L_8_CommonFiltered,4,337153.6384,337164.24704,10.608639999991283,337153.6384,337164.24704,10.608639999991283,3,3.7247676500798246,RankSurprise
microGPi1_L_8_CommonFiltered,4,337458.42176,337931.30496,472.883199999982,337458.42176,337931.30496,472.883199999982,42,9.803348410615706,RankSurprise
microGPi1_L_8_CommonFiltered,4,338053.98016,338131.27168,77.29152000002796,338053.98016,338131.27168,77.29152000002796,11,7.992617755808859,RankSurprise
microGPi1_L_8_CommonFiltered,4,338528.82944,338598.13376,69.30431999999564,338528.82944,338598.13376,69.30431999999564,9,4.9908447206898545,RankSurprise
microGPi1_L_8_CommonFiltered,4,339479.67488,339521.1264,41.45152000000235,339479.67488,339521.1264,41.45152000000235,8,7.576537870801903,RankSurprise
microGPi1_L_8_CommonFiltered,4,342188.8512,342330.20416,141.35296000004746,342188.8512,342330.20416,141.35296000004746,16,6.974481117528053,RankSurprise
microGPi1_L_8_CommonFiltered,4,342532.9152,342540.82048,7.905280000006314,342532.9152,342540.82048,7.905280000006314,3,3.9724851655285303,RankSurprise
microGPi1_L_8_CommonFiltered,4,342641.09056,342724.1984,83.10784000001149,342641.09056,342724.1984,83.10784000001149,10,5.854767131294032,RankSurprise
microGPi1_L_8_CommonFiltered,4,342827.08992,343143.91552,316.82559999998193,342827.08992,343143.91552,316.82559999998193,30,8.439255138514056,RankSurprise
microGPi1_L_8_CommonFiltered,4,343572.56192,343583.41632,10.854400000011083,343572.56192,343583.41632,10.854400000011083,4,5.841079612590928,RankSurprise
microGPi1_L_8_CommonFiltered,4,343833.43616,343916.7488,83.31264000001829,343833.43616,343916.7488,83.31264000001829,12,8.087252672581938,RankSurprise
microGPi1_L_8_CommonFiltered,4,344027.5456,344039.46496,11.91935999999987,344027.5456,344039.46496,11.91935999999987,4,5.529478893419061,RankSurprise
microGPi1_L_8_CommonFiltered,4,344091.60704,344100.0448,8.437760000000708,344091.60704,344100.0448,8.437760000000708,3,4.4706869910394325,RankSurprise
microGPi1_L_8_CommonFiltered,4,344256.14336,344324.95616,68.81280000001425,344256.14336,344324.95616,68.81280000001425,12,11.355959880405479,RankSurprise
microGPi1_L_8_CommonFiltered,4,345050.43968,345123.26656,72.8268800000078,345050.43968,345123.26656,72.8268800000078,10,6.71057781291914,RankSurprise
microGPi1_L_8_CommonFiltered,4,349976.73984,349985.25952,8.51968000002671,349976.73984,349985.25952,8.51968000002671,3,4.445262907181869,RankSurprise
microGPi1_L_8_CommonFiltered,4,350176.78848,350185.2672,8.478720000013709,350176.78848,350185.2672,8.478720000013709,3,4.467846080037829,RankSurprise
microGPi1_L_8_CommonFiltered,4,350385.3568,350393.38496,8.02815999998711,350385.3568,350393.38496,8.02815999998711,3,3.87305893814319,RankSurprise
microGPi1_L_8_CommonFiltered,4,350776.81152,350835.54816,58.73664000001736,350776.81152,350835.54816,58.73664000001736,8,4.925235094344218,RankSurprise
microGPi1_L_8_CommonFiltered,4,351569.14176,351577.16992,8.02815999998711,351569.14176,351577.16992,8.02815999998711,3,4.531297721593887,RankSurprise
microGPi1_L_8_CommonFiltered,4,351669.16608,351702.6304,33.46432000002824,351669.16608,351702.6304,33.46432000002824,5,3.568464513304658,RankSurprise
microGPi1_L_8_CommonFiltered,4,351858.44224,351869.1328,10.690560000017285,351858.44224,351869.1328,10.690560000017285,4,6.588633562842656,RankSurprise
microGPi1_L_8_CommonFiltered,4,351908.49536,351952.52736,44.03200000000652,351908.49536,351952.52736,44.03200000000652,6,4.068049083646256,RankSurprise
microGPi1_L_8_CommonFiltered,4,352185.91744,352335.99488,150.07744000002276,352185.91744,352335.99488,150.07744000002276,17,8.075057628866896,RankSurprise
microGPi1_L_8_CommonFiltered,4,352408.61696,352525.312,116.69503999996232,352408.61696,352525.312,116.69503999996232,12,4.482317819645279,RankSurprise
microGPi1_L_8_CommonFiltered,4,352652.77952,352658.75968,5.980160000035539,352652.77952,352658.75968,5.980160000035539,3,5.705114781205282,RankSurprise
microGPi1_L_8_CommonFiltered,4,356964.67968,356984.75008,20.070400000025984,356964.67968,356984.75008,20.070400000025984,6,8.22642459344761,RankSurprise
microGPi1_L_8_CommonFiltered,4,360621.83424,360769.20832,147.37407999997959,360621.83424,360769.20832,147.37407999997959,13,3.827490104902455,RankSurprise
microGPi1_L_8_CommonFiltered,4,360894.70976,360946.76992,52.06015999999363,360894.70976,360946.76992,52.06015999999363,7,4.6930642124909685,RankSurprise
microGPi1_L_8_CommonFiltered,4,360996.74112,361046.54848,49.80735999997705,360996.74112,361046.54848,49.80735999997705,7,4.421986956641178,RankSurprise
microGPi1_L_8_CommonFiltered,4,361194.74176,361355.4688,160.72703999996884,361194.74176,361355.4688,160.72703999996884,15,4.410096692992445,RankSurprise
microGPi1_L_8_CommonFiltered,4,369508.18816,369557.99552,49.80735999997705,369508.18816,369557.99552,49.80735999997705,7,5.007753554133052,RankSurprise
microGPi1_L_8_CommonFiltered,4,370488.9344,370531.04128,42.10687999997754,370488.9344,370531.04128,42.10687999997754,6,3.849991669093892,RankSurprise
microGPi1_L_8_CommonFiltered,4,370785.81248,370952.47872,166.66623999999138,370785.81248,370952.47872,166.66623999999138,19,9.400938903060302,RankSurprise
microGPi1_L_8_CommonFiltered,4,371199.87712,371208.47872,8.601599999994505,371199.87712,371208.47872,8.601599999994505,3,4.286149315420035,RankSurprise
microGPi1_L_8_CommonFiltered,4,384019.456,384054.80448,35.34847999998601,384019.456,384054.80448,35.34847999998601,6,5.5401816569602005,RankSurprise
microGPi1_L_8_CommonFiltered,4,384138.19904,384163.51232,25.313280000002123,384138.19904,384163.51232,25.313280000002123,5,4.614841190116284,RankSurprise
microGPi1_L_8_CommonFiltered,4,384227.328,384254.89408,27.5660800000187,384227.328,384254.89408,27.5660800000187,7,8.769639754428255,RankSurprise
microGPi1_L_8_CommonFiltered,4,384336.2816,384374.29248,38.010880000016186,384336.2816,384374.29248,38.010880000016186,6,4.68955399549692,RankSurprise
microGPi1_L_8_CommonFiltered,4,384436.26496,384441.01632,4.751359999994747,384436.26496,384441.01632,4.751359999994747,3,6.0059646867441785,RankSurprise
microGPi1_L_8_CommonFiltered,4,384603.05408,384607.76448,4.710400000039954,384603.05408,384607.76448,4.710400000039954,4,12.97085516558058,RankSurprise
microGPi1_L_8_CommonFiltered,4,384774.59456,384913.8176,139.22304000001168,384774.59456,384913.8176,139.22304000001168,14,5.73774801637899,RankSurprise
microGPi1_L_8_CommonFiltered,4,394949.46816,394990.96064,41.49248000001535,394949.46816,394990.96064,41.49248000001535,6,4.002494395334894,RankSurprise
microGPi1_L_8_CommonFiltered,4,395109.66272,395485.184,375.5212799999863,395109.66272,395485.184,375.5212799999863,33,7.853260981004206,RankSurprise
microGPi1_L_8_CommonFiltered,4,395557.84704,395612.65152,54.8044799999916,395557.84704,395612.65152,54.8044799999916,10,9.217128750219805,RankSurprise
microGPi1_L_8_CommonFiltered,4,412019.67104,412025.52832,5.8572799999965355,412019.67104,412025.52832,5.8572799999965355,3,4.731464757645062,RankSurprise
microGPi1_L_8_CommonFiltered,4,412208.9472,412275.58912,66.64192000002367,412208.9472,412275.58912,66.64192000002367,9,5.394014153143398,RankSurprise
microGPi1_L_8_CommonFiltered,4,412492.30848,412553.09312,60.78463999996893,412492.30848,412553.09312,60.78463999996893,8,4.525449927865303,RankSurprise
microGPi1_L_8_CommonFiltered,4,412675.76832,412859.14624,183.377919999999,412675.76832,412859.14624,183.377919999999,16,3.9266173585779187,RankSurprise
microGPi1_L_8_CommonFiltered,4,429824.2048,429832.76544,8.560639999981504,429824.2048,429832.76544,8.560639999981504,3,4.431276829360295,RankSurprise
microGPi1_L_8_CommonFiltered,4,430199.64416,430299.7504,100.1062399999937,430199.64416,430299.7504,100.1062399999937,10,3.6166589337241,RankSurprise
microGPi1_L_8_CommonFiltered,4,430449.90976,430483.16928,33.25951999996323,430449.90976,430483.16928,33.25951999996323,6,5.297480650991972,RankSurprise
microGPi1_L_8_CommonFiltered,4,430674.41152,430710.66112,36.249599999981,430674.41152,430710.66112,36.249599999981,7,6.440889376313063,RankSurprise
microGPi1_L_8_CommonFiltered,4,430850.08896,431100.06784,249.97887999995146,430850.08896,431100.06784,249.97887999995146,24,7.710073866494393,RankSurprise
microGPi1_L_9_CommonFiltered,0,181448.25344,181698.31424,250.06080000000657,181448.25344,181698.31424,250.06080000000657,12,5.374818715914445,RankSurprise
microGPi1_L_9_CommonFiltered,0,181964.96384,182048.27648,83.31263999998919,181964.96384,182048.27648,83.31263999998919,6,6.177004730065121,RankSurprise
microGPi1_L_9_CommonFiltered,0,185715.01568,185814.99904,99.9833599999838,185715.01568,185814.99904,99.9833599999838,6,4.252748745821161,RankSurprise
microGPi1_L_9_CommonFiltered,0,188048.384,188081.68448,33.30048000000534,188048.384,188081.68448,33.30048000000534,3,3.5998773499013055,RankSurprise
microGPi1_L_9_CommonFiltered,0,188565.05344,188831.70304,266.6496000000043,188565.05344,188831.70304,266.6496000000043,12,4.591858016078346,RankSurprise
microGPi1_L_9_CommonFiltered,0,189131.73504,189348.41344,216.67840000000433,189131.73504,189348.41344,216.67840000000433,10,4.1648311825931055,RankSurprise
microGPi1_L_9_CommonFiltered,0,209066.06592,209132.78976,66.72384000002057,209066.06592,209132.78976,66.72384000002057,5,4.054236458412035,RankSurprise
microGPi1_L_9_CommonFiltered,0,209382.8096,209482.79296,99.9833599999838,209382.8096,209482.79296,99.9833599999838,6,4.508964965091489,RankSurprise
microGPi1_L_9_CommonFiltered,0,211149.78304,211183.04256,33.259519999992335,211149.78304,211183.04256,33.259519999992335,3,4.171643638113153,RankSurprise
microGPi1_L_9_CommonFiltered,0,211816.52992,211866.54208,50.012160000012955,211816.52992,211866.54208,50.012160000012955,4,3.579992936688175,RankSurprise
microGPi1_L_9_CommonFiltered,0,316127.232,316193.95584,66.72383999999147,316127.232,316193.95584,66.72383999999147,5,3.9019544924204084,RankSurprise
microGPi1_L_9_CommonFiltered,0,316544.16384,316560.83456,16.670719999994617,316544.16384,316560.83456,16.670719999994617,3,10.826164279044132,RankSurprise
microGPi1_L_9_CommonFiltered,0,317444.54656,317661.30688,216.76032000000123,317444.54656,317661.30688,216.76032000000123,11,5.003848829390258,RankSurprise
microGPi1_L_9_CommonFiltered,0,320946.176,320979.47648,33.30048000003444,320946.176,320979.47648,33.30048000003444,4,12.197289642230338,RankSurprise
microGPi1_L_9_CommonFiltered,0,321913.2416,322129.96096,216.71935999998823,321913.2416,322129.96096,216.71935999998823,10,3.8822906242570765,RankSurprise
microGPi1_L_9_CommonFiltered,0,322613.61664,322646.91712,33.30047999997623,322613.61664,322646.91712,33.30047999997623,3,3.741728323158128,RankSurprise
microGPi1_L_9_CommonFiltered,0,323330.58048,323530.67008,200.0896000000066,323330.58048,323530.67008,200.0896000000066,11,6.843473487299527,RankSurprise
microGPi1_L_9_CommonFiltered,0,323730.71872,323814.15424,83.43551999999909,323730.71872,323814.15424,83.43551999999909,6,4.8128332196915125,RankSurprise
microGPi1_L_9_CommonFiltered,0,324014.24384,324097.59744,83.35359999997308,324014.24384,324097.59744,83.35359999997308,5,3.9019544924204084,RankSurprise
microGPi1_L_9_CommonFiltered,0,328966.51264,329349.98016,383.4675200000056,328966.51264,329349.98016,383.4675200000056,17,6.134845889275815,RankSurprise
microGPi1_L_9_CommonFiltered,0,329733.48864,329866.8544,133.36576000001514,329733.48864,329866.8544,133.36576000001514,8,5.838270644064812,RankSurprise
microGPi1_L_9_CommonFiltered,0,330200.39168,330283.74528,83.35359999997308,330200.39168,330283.74528,83.35359999997308,6,5.859180274009844,RankSurprise
microGPi1_L_9_CommonFiltered,0,330483.79392,330550.51776,66.72383999999147,330483.79392,330550.51776,66.72383999999147,5,4.773886832047882,RankSurprise
microGPi1_L_9_CommonFiltered,0,330617.2416,330817.29024,200.0486399999936,330617.2416,330817.29024,200.0486399999936,10,4.989024022010825,RankSurprise
microGPi1_L_9_CommonFiltered,0,330933.98528,331000.6272,66.64191999996547,330933.98528,331000.6272,66.64191999996547,5,5.785609176699808,RankSurprise
microGPi1_L_9_CommonFiltered,0,331134.11584,331184.04608,49.930240000016056,331134.11584,331184.04608,49.930240000016056,4,5.641148639447017,RankSurprise
microGPi1_L_9_CommonFiltered,0,331717.59104,331884.29824,166.70719999994617,331717.59104,331884.29824,166.70719999994617,9,5.389822147937918,RankSurprise
microGPi1_L_9_CommonFiltered,0,332251.17696,332284.47744,33.30047999997623,332251.17696,332284.47744,33.30047999997623,3,3.945156400855879,RankSurprise
microGPi1_L_9_CommonFiltered,0,334318.55104,334368.52224,49.97120000002906,334318.55104,334368.52224,49.97120000002906,4,5.085076396214266,RankSurprise
microGPi1_L_9_CommonFiltered,0,337369.53856,337419.55072,50.01215999998385,337369.53856,337419.55072,50.01215999998385,4,4.227714608071725,RankSurprise
microGPi1_L_9_CommonFiltered,0,338103.13216,338519.8592,416.72704000002705,338103.13216,338519.8592,416.72704000002705,17,5.729820642683442,RankSurprise
microGPi1_L_9_CommonFiltered,0,342121.30816,342187.99104,66.68287999997847,342121.30816,342187.99104,66.68287999997847,5,4.849934902727181,RankSurprise
microGPi1_L_9_CommonFiltered,0,342421.34016,342588.08832,166.74815999995917,342421.34016,342588.08832,166.74815999995917,9,4.746909640534757,RankSurprise
microGPi1_L_9_CommonFiltered,0,343905.28,343955.29216,50.01215999998385,343905.28,343955.29216,50.01215999998385,4,4.188128643035011,RankSurprise
microGPi1_L_9_CommonFiltered,0,344805.62176,344838.92224,33.30047999997623,344805.62176,344838.92224,33.30047999997623,3,3.971018950334294,RankSurprise
microGPi1_L_9_CommonFiltered,0,345372.50816,345505.83296,133.32480000000214,345372.50816,345505.83296,133.32480000000214,8,5.951115182184039,RankSurprise
microGPi1_L_9_CommonFiltered,0,351524.29056,351607.56224,83.27168000000529,351524.29056,351607.56224,83.27168000000529,5,3.7630514759553826,RankSurprise
microGPi1_L_9_CommonFiltered,0,352657.85856,352707.87072,50.01215999998385,352657.85856,352707.87072,50.01215999998385,4,3.8889479150996067,RankSurprise
microGPi1_L_9_CommonFiltered,0,356809.15456,356833.52576,24.371199999994133,356809.15456,356833.52576,24.371199999994133,3,6.81883109381166,RankSurprise
microGPi1_L_9_CommonFiltered,0,361027.1744,361177.21088,150.03648000000976,361027.1744,361177.21088,150.03648000000976,8,4.529721355203425,RankSurprise
microGPi1_L_9_CommonFiltered,0,370713.55904,370746.85952,33.30047999997623,370713.55904,370746.85952,33.30047999997623,3,3.9111851549726744,RankSurprise
microGPi1_L_9_CommonFiltered,0,411963.96544,412314.09152,350.1260800000164,411963.96544,412314.09152,350.1260800000164,17,7.3147898301699925,RankSurprise
microGPi1_L_9_CommonFiltered,0,412580.90496,412697.55904,116.65408000000753,412580.90496,412697.55904,116.65408000000753,8,8.057569575913748,RankSurprise
microGPi1_L_9_CommonFiltered,0,412864.3072,412964.33152,100.02432000002591,412864.3072,412964.33152,100.02432000002591,6,3.733200638822094,RankSurprise
microGPi1_L_9_CommonFiltered,0,413164.42112,413197.7216,33.30047999997623,413164.42112,413197.7216,33.30047999997623,3,3.919624023618539,RankSurprise
microGPi1_L_9_CommonFiltered,0,429421.1584,429521.18272,100.0243199999677,429421.1584,429521.18272,100.0243199999677,6,4.226337350768834,RankSurprise
microGPi1_L_9_CommonFiltered,0,429587.90656,429754.61376,166.70720000000438,429587.90656,429754.61376,166.70720000000438,9,4.624680634567234,RankSurprise
microGPi1_L_9_CommonFiltered,0,430104.82176,430154.79296,49.97119999997085,430104.82176,430154.79296,49.97119999997085,4,4.391498381858693,RankSurprise
microGPi1_L_9_CommonFiltered,2,145069.38368,145188.61824,119.2345600000117,145069.38368,145188.61824,119.2345600000117,14,7.735210028149594,RankSurprise
microGPi1_L_9_CommonFiltered,2,148663.58272,148667.84256,4.259839999984251,148663.58272,148667.84256,4.259839999984251,3,7.5635538797228925,RankSurprise
microGPi1_L_9_CommonFiltered,2,156085.98528,156093.76768,7.782399999996414,156085.98528,156093.76768,7.782399999996414,3,4.934188317801816,RankSurprise
microGPi1_L_9_CommonFiltered,2,156483.01056,156485.8368,2.8262399999948684,156483.01056,156485.8368,2.8262399999948684,3,10.289089015839355,RankSurprise
microGPi1_L_9_CommonFiltered,2,156643.61472,156651.76576,8.15103999999701,156643.61472,156651.76576,8.15103999999701,3,3.7533255499856235,RankSurprise
microGPi1_L_9_CommonFiltered,2,156841.12384,156877.04576,35.92192000002251,156841.12384,156877.04576,35.92192000002251,7,7.123794393480296,RankSurprise
microGPi1_L_9_CommonFiltered,2,177301.01248,177309.696,8.683519999991404,177301.01248,177309.696,8.683519999991404,3,3.883418630150519,RankSurprise
microGPi1_L_9_CommonFiltered,2,177387.1104,177403.78112,16.670719999994617,177387.1104,177403.78112,16.670719999994617,4,4.430197975435686,RankSurprise
microGPi1_L_9_CommonFiltered,2,177517.73184,177617.67424,99.9423999999999,177517.73184,177617.67424,99.9423999999999,16,14.281337549576241,RankSurprise
microGPi1_L_9_CommonFiltered,2,177720.44288,177834.3936,113.95072000002256,177720.44288,177834.3936,113.95072000002256,12,5.155626752465674,RankSurprise
microGPi1_L_9_CommonFiltered,2,177982.38208,178003.80416,21.422079999989364,177982.38208,178003.80416,21.422079999989364,4,4.052745225015098,RankSurprise
microGPi1_L_9_CommonFiltered,2,178443.10016,178717.77792,274.6777599999914,178443.10016,178717.77792,274.6777599999914,26,8.464194596703,RankSurprise
microGPi1_L_9_CommonFiltered,2,178753.78176,178909.7984,156.0166399999871,178753.78176,178909.7984,156.0166399999871,18,8.441627160244591,RankSurprise
microGPi1_L_9_CommonFiltered,2,181434.40896,181453.78304,19.37408000000869,181434.40896,181453.78304,19.37408000000869,4,3.732600967635456,RankSurprise
microGPi1_L_9_CommonFiltered,2,181687.13216,181759.7952,72.6630399999849,181687.13216,181759.7952,72.6630399999849,10,7.263820648505365,RankSurprise
microGPi1_L_9_CommonFiltered,2,182170.46016,182201.22112,30.760960000014165,182170.46016,182201.22112,30.760960000014165,5,3.820323523192176,RankSurprise
microGPi1_L_9_CommonFiltered,2,184067.85024,184076.45184,8.601599999994505,184067.85024,184076.45184,8.601599999994505,3,4.445458017115021,RankSurprise
microGPi1_L_9_CommonFiltered,2,184684.46208,184693.10464,8.642560000007506,184684.46208,184693.10464,8.642560000007506,3,3.6932910125829483,RankSurprise
microGPi1_L_9_CommonFiltered,2,185184.54272,185193.34912,8.806400000001304,185184.54272,185193.34912,8.806400000001304,3,3.5690868028335654,RankSurprise
microGPi1_L_9_CommonFiltered,2,185284.32128,185293.2096,8.888319999998203,185284.32128,185293.2096,8.888319999998203,3,3.69132056859565,RankSurprise
microGPi1_L_9_CommonFiltered,2,185432.55552,185476.42368,43.86816000001272,185432.55552,185476.42368,43.86816000001272,7,6.000440507667377,RankSurprise
microGPi1_L_9_CommonFiltered,2,185734.3488,185743.11424,8.765439999988303,185734.3488,185743.11424,8.765439999988303,3,4.363871418530495,RankSurprise
microGPi1_L_9_CommonFiltered,2,187403.8784,187593.15456,189.27616000000853,187403.8784,187593.15456,189.27616000000853,22,12.999556251766814,RankSurprise
microGPi1_L_9_CommonFiltered,2,187732.54144,187743.15008,10.608639999991283,187732.54144,187743.15008,10.608639999991283,3,4.134901612659615,RankSurprise
microGPi1_L_9_CommonFiltered,2,187803.93472,187876.5568,72.622080000001,187803.93472,187876.5568,72.622080000001,8,4.3941223215674725,RankSurprise
microGPi1_L_9_CommonFiltered,2,187993.21088,188093.07136,99.86048000000301,187993.21088,188093.07136,99.86048000000301,12,6.9486654896534,RankSurprise
microGPi1_L_9_CommonFiltered,2,188201.08288,188270.592,69.50912000000244,188201.08288,188270.592,69.50912000000244,8,4.1628703552054285,RankSurprise
microGPi1_L_9_CommonFiltered,2,188353.90464,188626.5344,272.6297600000107,188353.90464,188626.5344,272.6297600000107,24,6.4748997768610685,RankSurprise
microGPi1_L_9_CommonFiltered,2,188818.0224,188851.07712,33.05472000001464,188818.0224,188851.07712,33.05472000001464,6,5.653345482978345,RankSurprise
microGPi1_L_9_CommonFiltered,2,189143.2448,189387.40736,244.16256000002613,189143.2448,189387.40736,244.16256000002613,23,7.821531981716501,RankSurprise
microGPi1_L_9_CommonFiltered,2,199987.56864,200104.38656,116.81792000000132,199987.56864,200104.38656,116.81792000000132,13,6.374385150434454,RankSurprise
microGPi1_L_9_CommonFiltered,2,201304.30976,201321.02144,16.711680000007618,201304.30976,201321.02144,16.711680000007618,4,4.172875687544735,RankSurprise
microGPi1_L_9_CommonFiltered,2,201666.39616,201676.96384,10.567680000007385,201666.39616,201676.96384,10.567680000007385,3,3.6178468469746807,RankSurprise
microGPi1_L_9_CommonFiltered,2,202454.38464,202487.68512,33.30048000000534,202454.38464,202487.68512,33.30048000000534,5,3.606148200127482,RankSurprise
microGPi1_L_9_CommonFiltered,2,203321.1392,203354.35776,33.21856000000844,203321.1392,203354.35776,33.21856000000844,5,3.775131101402362,RankSurprise
microGPi1_L_9_CommonFiltered,2,203868.32384,203904.36864,36.044800000003306,203868.32384,203904.36864,36.044800000003306,5,3.5497613101063443,RankSurprise
microGPi1_L_9_CommonFiltered,2,205021.22496,205054.48448,33.25952000002144,205021.22496,205054.48448,33.25952000002144,5,3.6395759503478295,RankSurprise
microGPi1_L_9_CommonFiltered,2,208655.03232,208666.78784,11.755520000006072,208655.03232,208666.78784,11.755520000006072,3,3.63883941089588,RankSurprise
microGPi1_L_9_CommonFiltered,2,227275.20256,227355.93472,80.73215999998502,227275.20256,227355.93472,80.73215999998502,10,5.4521946234666405,RankSurprise
microGPi1_L_9_CommonFiltered,2,227389.27616,227397.75488,8.478719999984605,227389.27616,227397.75488,8.478719999984605,3,4.74540183487837,RankSurprise
microGPi1_L_9_CommonFiltered,2,227531.20256,227672.55552,141.35295999998925,227531.20256,227672.55552,141.35295999998925,15,7.297255906552049,RankSurprise
microGPi1_L_9_CommonFiltered,2,227891.97824,228075.3152,183.3369600000151,227891.97824,228075.3152,183.3369600000151,19,7.117686392109389,RankSurprise
microGPi1_L_9_CommonFiltered,2,228131.18464,228547.95264,416.76800000001094,228131.18464,228547.95264,416.76800000001094,35,7.985740094157602,RankSurprise
microGPi1_L_9_CommonFiltered,2,229992.28416,230264.91392,272.6297599999816,229992.28416,230264.91392,272.6297599999816,23,5.364878256524958,RankSurprise
microGPi1_L_9_CommonFiltered,2,230664.97024,230692.37248,27.4022399999958,230664.97024,230692.37248,27.4022399999958,5,4.590202450460442,RankSurprise
microGPi1_L_9_CommonFiltered,2,230756.39296,230765.07648,8.683519999991404,230756.39296,230765.07648,8.683519999991404,3,3.942828956960179,RankSurprise
microGPi1_L_9_CommonFiltered,2,316344.9344,316355.54304,10.608639999991283,316344.9344,316355.54304,10.608639999991283,3,3.745216058839384,RankSurprise
microGPi1_L_9_CommonFiltered,2,316396.99456,316405.59616,8.601599999994505,316396.99456,316405.59616,8.601599999994505,3,3.9517825281591463,RankSurprise
microGPi1_L_9_CommonFiltered,2,316488.94976,316582.99392,94.04415999999037,316488.94976,316582.99392,94.04415999999037,11,5.388197852317268,RankSurprise
microGPi1_L_9_CommonFiltered,2,316845.01504,316889.21088,44.19584000000032,316845.01504,316889.21088,44.19584000000032,6,3.772113804307285,RankSurprise
microGPi1_L_9_CommonFiltered,2,317656.14592,317689.4464,33.30048000003444,317656.14592,317689.4464,33.30048000003444,5,3.6455040734114696,RankSurprise
microGPi1_L_9_CommonFiltered,2,320257.39264,320274.14528,16.75264000002062,320257.39264,320274.14528,16.75264000002062,4,4.165588823452094,RankSurprise
microGPi1_L_9_CommonFiltered,2,320418.11968,320474.07104,55.95136000000639,320418.11968,320474.07104,55.95136000000639,8,5.524507623306646,RankSurprise
microGPi1_L_9_CommonFiltered,2,320818.25792,320949.12512,130.86719999997877,320818.25792,320949.12512,130.86719999997877,13,5.076573383645734,RankSurprise
microGPi1_L_9_CommonFiltered,2,320999.0144,321057.66912,58.65471999999136,320999.0144,321057.66912,58.65471999999136,8,6.039332939770468,RankSurprise
microGPi1_L_9_CommonFiltered,2,321091.05152,321107.72224,16.670719999994617,321091.05152,321107.72224,16.670719999994617,4,4.53700539308473,RankSurprise
microGPi1_L_9_CommonFiltered,2,321282.58048,321301.9136,19.333120000024792,321282.58048,321301.9136,19.333120000024792,5,6.754694715203261,RankSurprise
microGPi1_L_9_CommonFiltered,2,321341.11232,321368.59648,27.4841599999927,321341.11232,321368.59648,27.4841599999927,5,4.425837747138896,RankSurprise
microGPi1_L_9_CommonFiltered,2,321465.79456,321497.2928,31.498239999986254,321465.79456,321497.2928,31.498239999986254,5,3.6852510188485077,RankSurprise
microGPi1_L_9_CommonFiltered,2,321768.69376,321774.592,5.898240000009537,321768.69376,321774.592,5.898240000009537,3,5.5672048022383365,RankSurprise
microGPi1_L_9_CommonFiltered,2,321991.43424,322174.85312,183.418880000012,321991.43424,322174.85312,183.418880000012,20,8.347877253651903,RankSurprise
microGPi1_L_9_CommonFiltered,2,322699.91936,322708.43904,8.51968000002671,322699.91936,322708.43904,8.51968000002671,3,3.978886283052537,RankSurprise
microGPi1_L_9_CommonFiltered,2,322785.8944,322802.60608,16.711680000007618,322785.8944,322802.60608,16.711680000007618,4,4.533712307570241,RankSurprise
microGPi1_L_9_CommonFiltered,2,322949.81632,322966.528,16.711680000007618,322949.81632,322966.528,16.711680000007618,5,6.946361407756392,RankSurprise
microGPi1_L_9_CommonFiltered,2,323642.28608,323650.23232,7.946240000019316,323642.28608,323650.23232,7.946240000019316,3,4.908687040410536,RankSurprise
microGPi1_L_9_CommonFiltered,2,323875.59424,323892.26496,16.670719999994617,323875.59424,323892.26496,16.670719999994617,4,4.60195382151953,RankSurprise
microGPi1_L_9_CommonFiltered,2,328300.38016,328310.94784,10.567679999978282,328300.38016,328310.94784,10.567679999978282,3,4.09835977868941,RankSurprise
microGPi1_L_9_CommonFiltered,2,328420.02432,328427.64288,7.618559999973513,328420.02432,328427.64288,7.618559999973513,3,5.255671130396353,RankSurprise
microGPi1_L_9_CommonFiltered,2,328538.48064,328638.58688,100.1062399999937,328538.48064,328638.58688,100.1062399999937,13,8.03495186437826,RankSurprise
microGPi1_L_9_CommonFiltered,2,328994.65216,329027.91168,33.25952000002144,328994.65216,329027.91168,33.25952000002144,5,3.556524597235029,RankSurprise
microGPi1_L_9_CommonFiltered,2,329605.7344,329611.59168,5.8572799999965355,329605.7344,329611.59168,5.8572799999965355,3,5.50772077246881,RankSurprise
microGPi1_L_9_CommonFiltered,2,329739.01824,329789.07136,50.05311999999685,329739.01824,329789.07136,50.05311999999685,7,4.491534519187431,RankSurprise
microGPi1_L_9_CommonFiltered,2,330289.39776,330328.55552,39.15775999997277,330289.39776,330328.55552,39.15775999997277,6,4.821697130726427,RankSurprise
microGPi1_L_9_CommonFiltered,2,330453.4016,330462.04416,8.642560000007506,330453.4016,330462.04416,8.642560000007506,3,3.8661492247855964,RankSurprise
microGPi1_L_9_CommonFiltered,2,330636.6976,330645.42208,8.724479999975301,330636.6976,330645.42208,8.724479999975301,4,7.527655523563524,RankSurprise
microGPi1_L_9_CommonFiltered,2,331018.0352,331045.60128,27.5660800000187,331018.0352,331045.60128,27.5660800000187,7,9.341231532333069,RankSurprise
microGPi1_L_9_CommonFiltered,2,331134.93504,331162.17344,27.2383999999729,331134.93504,331162.17344,27.2383999999729,5,5.05718905256262,RankSurprise
microGPi1_L_9_CommonFiltered,2,331312.20992,331329.00352,16.79360000003362,331312.20992,331329.00352,16.79360000003362,4,4.403291960494823,RankSurprise
microGPi1_L_9_CommonFiltered,2,331523.072,331545.72288,22.650880000030156,331523.072,331545.72288,22.650880000030156,5,5.2770166752917085,RankSurprise
microGPi1_L_9_CommonFiltered,2,331829.20704,331837.15328,7.946240000019316,331829.20704,331837.15328,7.946240000019316,3,4.288135492402114,RankSurprise
microGPi1_L_9_CommonFiltered,2,331937.30048,332029.21472,91.9142400000128,331937.30048,332029.21472,91.9142400000128,11,5.6373396060010785,RankSurprise
microGPi1_L_9_CommonFiltered,2,332552.11008,332556.82048,4.710399999981746,332552.11008,332556.82048,4.710399999981746,3,6.250239119628613,RankSurprise
microGPi1_L_9_CommonFiltered,2,332652.09344,332668.84608,16.752639999962412,332652.09344,332668.84608,16.752639999962412,4,4.072435875242437,RankSurprise
microGPi1_L_9_CommonFiltered,2,332740.1984,332823.552,83.35360000003129,332740.1984,332823.552,83.35360000003129,11,7.399532765084047,RankSurprise
microGPi1_L_9_CommonFiltered,2,332976.98816,332990.30016,13.311999999976251,332976.98816,332990.30016,13.311999999976251,4,5.403898352984083,RankSurprise
microGPi1_L_9_CommonFiltered,2,333102.12096,333110.35392,8.232960000052117,333102.12096,333110.35392,8.232960000052117,4,7.697555814033041,RankSurprise
microGPi1_L_9_CommonFiltered,2,333269.03296,333373.76768,104.73472000000766,333269.03296,333373.76768,104.73472000000766,11,4.769514444037793,RankSurprise
microGPi1_L_9_CommonFiltered,2,333690.55232,333696.45056,5.898240000009537,333690.55232,333696.45056,5.898240000009537,3,5.183781704053603,RankSurprise
microGPi1_L_9_CommonFiltered,2,333879.9104,333913.2928,33.382400000002235,333879.9104,333913.2928,33.382400000002235,7,7.521003782221513,RankSurprise
microGPi1_L_9_CommonFiltered,2,334002.62656,334029.94688,27.3203199999989,334002.62656,334029.94688,27.3203199999989,6,6.984818584269618,RankSurprise
microGPi1_L_9_CommonFiltered,2,334454.86592,334480.09728,25.23135999997612,334454.86592,334480.09728,25.23135999997612,5,5.287437226346196,RankSurprise
microGPi1_L_9_CommonFiltered,2,334552.80128,334602.89536,50.09408000000985,334552.80128,334602.89536,50.09408000000985,9,8.81138713538286,RankSurprise
microGPi1_L_9_CommonFiltered,2,334788.15744,334863.5648,75.40736000001198,334788.15744,334863.5648,75.40736000001198,10,6.188970116149908,RankSurprise
microGPi1_L_9_CommonFiltered,2,334963.54816,335088.39424,124.84607999998843,334963.54816,335088.39424,124.84607999998843,14,6.1508811744927785,RankSurprise
microGPi1_L_9_CommonFiltered,2,335174.36928,335224.4224,50.05311999999685,335174.36928,335224.4224,50.05311999999685,8,6.066269443192092,RankSurprise
microGPi1_L_9_CommonFiltered,2,335424.512,335574.54848,150.03648000000976,335424.512,335574.54848,150.03648000000976,16,7.016539575396268,RankSurprise
microGPi1_L_9_CommonFiltered,2,335663.9232,335724.544,60.620799999975134,335663.9232,335724.544,60.620799999975134,7,3.7638101803926722,RankSurprise
microGPi1_L_9_CommonFiltered,2,335838.57664,335847.30112,8.724480000033509,335838.57664,335847.30112,8.724480000033509,3,3.781970548421212,RankSurprise
microGPi1_L_9_CommonFiltered,2,336024.65792,336097.23904,72.581119999988,336024.65792,336097.23904,72.581119999988,8,3.82381224571959,RankSurprise
microGPi1_L_9_CommonFiltered,2,337288.92928,337297.69472,8.76544000004651,337288.92928,337297.69472,8.76544000004651,3,3.7150949999963547,RankSurprise
microGPi1_L_9_CommonFiltered,2,337775.16544,337931.30496,156.1395199999679,337775.16544,337931.30496,156.1395199999679,17,7.6112513453865285,RankSurprise
microGPi1_L_9_CommonFiltered,2,338054.02112,338087.3216,33.30048000003444,338054.02112,338087.3216,33.30048000003444,8,10.634521127323062,RankSurprise
microGPi1_L_9_CommonFiltered,2,338542.14144,338658.87744,116.73600000003353,338542.14144,338658.87744,116.73600000003353,16,10.695371537974582,RankSurprise
microGPi1_L_9_CommonFiltered,2,339292.48768,339315.0976,22.609919999958947,339292.48768,339315.0976,22.609919999958947,5,5.97889299503489,RankSurprise
microGPi1_L_9_CommonFiltered,2,339481.8048,339523.25632,41.45152000000235,339481.8048,339523.25632,41.45152000000235,7,5.915969829944797,RankSurprise
microGPi1_L_9_CommonFiltered,2,342190.73536,342340.97664,150.24128000001656,342190.73536,342340.97664,150.24128000001656,15,5.59625220847885,RankSurprise
microGPi1_L_9_CommonFiltered,2,342527.01696,342540.77952,13.76256000000285,342527.01696,342540.77952,13.76256000000285,4,5.468369179296573,RankSurprise
microGPi1_L_9_CommonFiltered,2,342643.67104,342766.34624,122.67519999999786,342643.67104,342766.34624,122.67519999999786,12,4.305192986495823,RankSurprise
microGPi1_L_9_CommonFiltered,2,342899.87584,342933.05344,33.17759999999544,342899.87584,342933.05344,33.17759999999544,6,5.687457401671146,RankSurprise
microGPi1_L_9_CommonFiltered,2,342993.79712,343074.36544,80.56832000002032,342993.79712,343074.36544,80.56832000002032,10,5.54798564735152,RankSurprise
microGPi1_L_9_CommonFiltered,2,343139.20512,343143.91552,4.710399999981746,343139.20512,343143.91552,4.710399999981746,4,11.928194604120671,RankSurprise
microGPi1_L_9_CommonFiltered,2,343500.06272,343533.24032,33.17759999999544,343500.06272,343533.24032,33.17759999999544,5,3.6842525165189137,RankSurprise
microGPi1_L_9_CommonFiltered,2,343560.68352,343583.37536,22.69183999998495,343560.68352,343583.37536,22.69183999998495,6,8.406193600880819,RankSurprise
microGPi1_L_9_CommonFiltered,2,343877.50912,343916.78976,39.28064000001177,343877.50912,343916.78976,39.28064000001177,7,5.861872128353189,RankSurprise
microGPi1_L_9_CommonFiltered,2,344016.77312,344050.11456,33.341439999989234,344016.77312,344050.11456,33.341439999989234,5,3.5526584615787975,RankSurprise
microGPi1_L_9_CommonFiltered,2,344091.52512,344100.0448,8.519679999968503,344091.52512,344100.0448,8.519679999968503,3,4.650921665041325,RankSurprise
microGPi1_L_9_CommonFiltered,2,344308.16256,344322.82624,14.66367999999784,344308.16256,344322.82624,14.66367999999784,4,5.026210196832981,RankSurprise
microGPi1_L_9_CommonFiltered,2,344425.0624,344483.59424,58.53184000001056,344425.0624,344483.59424,58.53184000001056,7,3.7718103283086424,RankSurprise
microGPi1_L_9_CommonFiltered,2,344823.11168,345017.18016,194.06848000001628,344823.11168,345017.18016,194.06848000001628,19,6.861556398983513,RankSurprise
microGPi1_L_9_CommonFiltered,2,345108.60288,345117.16352,8.560639999981504,345108.60288,345117.16352,8.560639999981504,3,4.474381168261731,RankSurprise
microGPi1_L_9_CommonFiltered,2,350043.42272,350068.736,25.313280000002123,350043.42272,350068.736,25.313280000002123,5,4.682670164215221,RankSurprise
microGPi1_L_9_CommonFiltered,2,350168.71936,350268.6208,99.9014399999869,350168.71936,350268.6208,99.9014399999869,13,7.867820738961499,RankSurprise
microGPi1_L_9_CommonFiltered,2,350796.30848,350802.24768,5.93919999996433,350796.30848,350802.24768,5.93919999996433,3,5.094426650038857,RankSurprise
microGPi1_L_9_CommonFiltered,2,351168.96256,351202.26304,33.30047999997623,351168.96256,351202.26304,33.30047999997623,6,6.02509249630652,RankSurprise
microGPi1_L_9_CommonFiltered,2,351358.19776,351375.03232,16.834559999988414,351358.19776,351375.03232,16.834559999988414,4,4.663180449532952,RankSurprise
microGPi1_L_9_CommonFiltered,2,351513.06752,351602.36032,89.29279999999562,351513.06752,351602.36032,89.29279999999562,10,4.658036100797822,RankSurprise
microGPi1_L_9_CommonFiltered,2,351858.4832,351863.23456,4.751359999994747,351858.4832,351863.23456,4.751359999994747,3,6.314993186636935,RankSurprise
microGPi1_L_9_CommonFiltered,2,351908.49536,351969.32096,60.82559999998193,351908.49536,351969.32096,60.82559999998193,8,5.429804425913298,RankSurprise
microGPi1_L_9_CommonFiltered,2,352096.54272,352110.55104,14.008319999964442,352096.54272,352110.55104,14.008319999964442,4,4.955303012136319,RankSurprise
microGPi1_L_9_CommonFiltered,2,352319.24224,352335.91296,16.670719999994617,352319.24224,352335.91296,16.670719999994617,4,4.70296195796384,RankSurprise
microGPi1_L_9_CommonFiltered,2,352475.21792,352525.312,50.094079999951646,352475.21792,352525.312,50.094079999951646,7,4.721400027790007,RankSurprise
microGPi1_L_9_CommonFiltered,2,352708.77184,352736.09216,27.3203199999989,352708.77184,352736.09216,27.3203199999989,5,4.682670164215221,RankSurprise
microGPi1_L_9_CommonFiltered,2,356978.76992,356984.70912,5.939200000022538,356978.76992,356984.70912,5.939200000022538,3,6.0547969882212485,RankSurprise
microGPi1_L_9_CommonFiltered,2,360996.74112,361046.50752,49.76639999996405,360996.74112,361046.50752,49.76639999996405,9,8.869241504255942,RankSurprise
microGPi1_L_9_CommonFiltered,2,361194.74176,361216.12288,21.381119999976363,361194.74176,361216.12288,21.381119999976363,4,3.5280592714824444,RankSurprise
microGPi1_L_9_CommonFiltered,2,361311.47776,361332.81792,21.34016000002157,361311.47776,361332.81792,21.34016000002157,4,3.6444506058603814,RankSurprise
microGPi1_L_9_CommonFiltered,2,369247.19104,369257.96352,10.77247999998508,369247.19104,369257.96352,10.77247999998508,3,3.5561597005948737,RankSurprise
microGPi1_L_9_CommonFiltered,2,369514.04544,369558.03648,43.99103999999352,369514.04544,369558.03648,43.99103999999352,6,4.114772720433436,RankSurprise
microGPi1_L_9_CommonFiltered,2,370630.98368,370641.67424,10.690560000017285,370630.98368,370641.67424,10.690560000017285,4,6.8404198491437285,RankSurprise
microGPi1_L_9_CommonFiltered,2,370714.50112,370802.52416,88.02304000000004,370714.50112,370802.52416,88.02304000000004,11,7.018983368384224,RankSurprise
microGPi1_L_9_CommonFiltered,2,370935.808,370952.47872,16.670719999994617,370935.808,370952.47872,16.670719999994617,5,7.171478907474157,RankSurprise
microGPi1_L_9_CommonFiltered,2,383804.70272,383838.12608,33.423360000015236,383804.70272,383838.12608,33.423360000015236,6,5.614272603660744,RankSurprise
microGPi1_L_9_CommonFiltered,2,384038.0928,384057.50784,19.415039999992587,384038.0928,384057.50784,19.415039999992587,5,6.690676254728881,RankSurprise
microGPi1_L_9_CommonFiltered,2,384227.328,384230.1952,2.8672000000369735,384227.328,384230.1952,2.8672000000369735,3,8.44042141433942,RankSurprise
microGPi1_L_9_CommonFiltered,2,384336.32256,384641.06496,304.74239999998827,384336.32256,384641.06496,304.74239999998827,34,14.70709098762064,RankSurprise
microGPi1_L_9_CommonFiltered,2,384830.464,384855.2448,24.78080000000773,384830.464,384855.2448,24.78080000000773,5,4.943430718421045,RankSurprise
microGPi1_L_9_CommonFiltered,2,394924.27776,395176.3456,252.06783999997424,394924.27776,395176.3456,252.06783999997424,26,10.174974182193802,RankSurprise
microGPi1_L_9_CommonFiltered,2,395276.36992,395645.91104,369.54111999995075,395276.36992,395645.91104,369.54111999995075,40,16.29045433960148,RankSurprise
microGPi1_L_9_CommonFiltered,2,401665.10592,401731.7888,66.68287999997847,401665.10592,401731.7888,66.68287999997847,8,4.447041973997407,RankSurprise
microGPi1_L_9_CommonFiltered,2,412492.30848,412525.64992,33.341439999989234,412492.30848,412525.64992,33.341439999989234,5,3.6455040734114696,RankSurprise
microGPi1_L_9_CommonFiltered,2,412903.2192,412919.88992,16.670719999994617,412903.2192,412919.88992,16.670719999994617,4,4.475046656900609,RankSurprise
microGPi1_L_9_CommonFiltered,2,429423.98464,429440.53248,16.54784000001382,429423.98464,429440.53248,16.54784000001382,4,4.83829650881901,RankSurprise
microGPi1_L_9_CommonFiltered,2,429605.43744,429616.00512,10.567679999978282,429605.43744,429616.00512,10.567679999978282,3,3.9517825281591463,RankSurprise
microGPi1_L_9_CommonFiltered,2,430172.32384,430299.7504,127.4265599999926,430172.32384,430299.7504,127.4265599999926,12,3.956761691802195,RankSurprise
microGPi1_L_9_CommonFiltered,2,430407.80288,430416.4864,8.683520000020508,430407.80288,430416.4864,8.683520000020508,3,3.788162505480093,RankSurprise
microGPi1_L_9_CommonFiltered,2,430449.90976,430516.38784,66.47807999997167,430449.90976,430516.38784,66.47807999997167,9,6.236571038838088,RankSurprise
microGPi1_L_9_CommonFiltered,2,430677.31968,430710.66112,33.341439999989234,430677.31968,430710.66112,33.341439999989234,6,5.177270013232494,RankSurprise
microGPi1_L_9_CommonFiltered,2,430874.70592,431100.1088,225.40288000000874,430874.70592,431100.1088,225.40288000000874,24,10.163927606769219,RankSurprise
microGPi1_L_9_CommonFiltered,3,155773.99296,156023.93088,249.93791999999667,155773.99296,156023.93088,249.93791999999667,10,3.8979507555720763,RankSurprise
microGPi1_L_9_CommonFiltered,3,156807.20896,156990.50496,183.2960000000021,156807.20896,156990.50496,183.2960000000021,8,3.680284507097383,RankSurprise
microGPi1_L_9_CommonFiltered,3,184156.65152,184189.952,33.30047999997623,184156.65152,184189.952,33.30047999997623,3,3.6297651281798693,RankSurprise
microGPi1_L_9_CommonFiltered,3,184923.3408,184973.312,49.97119999999995,184923.3408,184973.312,49.97119999999995,4,3.9574715626893706,RankSurprise
microGPi1_L_9_CommonFiltered,3,187823.34976,187923.33312,99.9833599999838,187823.34976,187923.33312,99.9833599999838,6,4.03616468716358,RankSurprise
microGPi1_L_9_CommonFiltered,3,188406.70208,188456.67328,49.97119999999995,188406.70208,188456.67328,49.97119999999995,4,3.8476739199340457,RankSurprise
microGPi1_L_9_CommonFiltered,3,189073.408,189290.0864,216.67840000000433,189073.408,189290.0864,216.67840000000433,10,4.3080633055618405,RankSurprise
microGPi1_L_9_CommonFiltered,3,205640.66304,205673.96352,33.30047999997623,205640.66304,205673.96352,33.30047999997623,3,4.2877258752716845,RankSurprise
microGPi1_L_9_CommonFiltered,3,205774.06976,205807.28832,33.218559999979334,205774.06976,205807.28832,33.218559999979334,3,6.8148095333373995,RankSurprise
microGPi1_L_9_CommonFiltered,3,206157.37344,206274.02752,116.65408000000753,206157.37344,206274.02752,116.65408000000753,6,3.7411622980181747,RankSurprise
microGPi1_L_9_CommonFiltered,3,208741.00736,208924.38528,183.377919999999,208741.00736,208924.38528,183.377919999999,9,4.33605313288317,RankSurprise
microGPi1_L_9_CommonFiltered,3,209257.79968,209341.11232,83.31263999998919,209257.79968,209341.11232,83.31263999998919,6,7.030019971495356,RankSurprise
microGPi1_L_9_CommonFiltered,3,210524.65152,210591.3344,66.68287999997847,210524.65152,210591.3344,66.68287999997847,5,5.368387199715613,RankSurprise
microGPi1_L_9_CommonFiltered,3,316552.47872,316635.7504,83.27168000000529,316552.47872,316635.7504,83.27168000000529,6,6.1919027023058035,RankSurprise
microGPi1_L_9_CommonFiltered,3,316702.5152,316819.2512,116.73599999997532,316702.5152,316819.2512,116.73599999997532,7,4.588850013998332,RankSurprise
microGPi1_L_9_CommonFiltered,3,317319.49568,317369.50784,50.01215999998385,317319.49568,317369.50784,50.01215999998385,4,3.8336442535540343,RankSurprise
microGPi1_L_9_CommonFiltered,3,317769.728,317953.06496,183.336959999986,317769.728,317953.06496,183.336959999986,8,3.6291383988629944,RankSurprise
microGPi1_L_9_CommonFiltered,3,320170.8032,320220.81536,50.01215999998385,320170.8032,320220.81536,50.01215999998385,4,3.852365093509924,RankSurprise
microGPi1_L_9_CommonFiltered,3,320337.59232,320370.85184,33.25952000002144,320337.59232,320370.85184,33.25952000002144,3,4.7328288451388865,RankSurprise
microGPi1_L_9_CommonFiltered,3,320954.49088,321387.97056,433.47967999998946,320954.49088,321387.97056,433.47967999998946,23,13.394814516357862,RankSurprise
microGPi1_L_9_CommonFiltered,3,322221.71136,322405.13024,183.418880000012,322221.71136,322405.13024,183.418880000012,10,5.9662388486181985,RankSurprise
microGPi1_L_9_CommonFiltered,3,322671.94368,322772.00896,100.0652799999807,322671.94368,322772.00896,100.0652799999807,6,3.7698383346027247,RankSurprise
microGPi1_L_9_CommonFiltered,3,323188.81792,323322.18368,133.36576000001514,323188.81792,323322.18368,133.36576000001514,7,3.754586512763302,RankSurprise
microGPi1_L_9_CommonFiltered,3,324105.91232,324139.2128,33.30047999997623,324105.91232,324139.2128,33.30047999997623,3,3.947777725138266,RankSurprise
microGPi1_L_9_CommonFiltered,3,328941.48608,329124.864,183.377919999999,328941.48608,329124.864,183.377919999999,10,5.9598223835219315,RankSurprise
microGPi1_L_9_CommonFiltered,3,330075.29984,330125.312,50.01215999998385,330075.29984,330125.312,50.01215999998385,4,3.759907706737671,RankSurprise
microGPi1_L_9_CommonFiltered,3,330442.1376,330675.56864,233.43103999999585,330442.1376,330675.56864,233.43103999999585,12,5.505169758908301,RankSurprise
microGPi1_L_9_CommonFiltered,3,331425.83296,331492.51584,66.68287999997847,331425.83296,331492.51584,66.68287999997847,5,5.282188382396946,RankSurprise
microGPi1_L_9_CommonFiltered,3,334026.83392,334076.80512,49.97119999997085,334026.83392,334076.80512,49.97119999997085,4,4.624473553786665,RankSurprise
microGPi1_L_9_CommonFiltered,3,335960.76032,336060.74368,99.98336000001291,335960.76032,336060.74368,99.98336000001291,7,7.214046255536459,RankSurprise
microGPi1_L_9_CommonFiltered,3,337211.14624,337361.18272,150.03648000000976,337211.14624,337361.18272,150.03648000000976,8,4.2309655054002855,RankSurprise
microGPi1_L_9_CommonFiltered,3,337594.61376,337627.87328,33.25952000002144,337594.61376,337627.87328,33.25952000002144,3,4.7328288451388865,RankSurprise
microGPi1_L_9_CommonFiltered,3,338144.74752,338278.15424,133.40672000002814,338144.74752,338278.15424,133.40672000002814,7,3.6780845968560585,RankSurprise
microGPi1_L_9_CommonFiltered,3,338544.96768,338578.26816,33.30047999997623,338544.96768,338578.26816,33.30047999997623,3,4.185851456075188,RankSurprise
microGPi1_L_9_CommonFiltered,3,339278.56128,339311.86176,33.30047999997623,339278.56128,339311.86176,33.30047999997623,3,4.540589040673694,RankSurprise
microGPi1_L_9_CommonFiltered,3,342112.95232,342162.92352,49.97120000002906,342112.95232,342162.92352,49.97120000002906,4,4.221601946738282,RankSurprise
microGPi1_L_9_CommonFiltered,3,342346.3424,342362.97216,16.629759999981616,342346.3424,342362.97216,16.629759999981616,3,11.99095926591123,RankSurprise
microGPi1_L_9_CommonFiltered,3,342829.8752,342879.8464,49.97119999997085,342829.8752,342879.8464,49.97119999997085,4,5.8806099280971935,RankSurprise
microGPi1_L_9_CommonFiltered,3,343546.79808,343713.46432,166.66624000004958,343546.79808,343713.46432,166.66624000004958,10,8.480805308279425,RankSurprise
microGPi1_L_9_CommonFiltered,3,344113.68448,344480.48128,366.796800000011,344113.68448,344480.48128,366.796800000011,16,6.449013890235512,RankSurprise
microGPi1_L_9_CommonFiltered,3,344730.54208,344780.55424,50.01216000004206,344730.54208,344780.55424,50.01216000004206,4,3.8617695053288905,RankSurprise
microGPi1_L_9_CommonFiltered,3,361085.58336,361135.5136,49.930240000016056,361085.58336,361135.5136,49.930240000016056,4,4.71697857378166,RankSurprise
microGPi1_L_9_CommonFiltered,3,370605.17888,370638.4384,33.25951999996323,370605.17888,370638.4384,33.25951999996323,3,5.613212430111856,RankSurprise
microGPi1_L_9_CommonFiltered,3,371038.57664,371105.30048,66.72383999999147,371038.57664,371105.30048,66.72383999999147,5,3.8318388341567626,RankSurprise
microGPi1_L_9_CommonFiltered,3,411938.97984,412005.62176,66.64192000002367,411938.97984,412005.62176,66.64192000002367,5,5.014219010097893,RankSurprise
microGPi1_L_9_CommonFiltered,3,412272.47616,412305.73568,33.25951999996323,412272.47616,412305.73568,33.25951999996323,3,6.447345543407849,RankSurprise
microGPi1_L_9_CommonFiltered,3,412522.53696,412872.62208,350.08512000000337,412522.53696,412872.62208,350.08512000000337,16,5.810276915172961,RankSurprise
microGPi1_L_9_CommonFiltered,3,412956.0576,413005.98784,49.930240000016056,412956.0576,413005.98784,49.930240000016056,4,5.140026005295205,RankSurprise
microGPi1_L_9_CommonFiltered,4,156446.14656,156476.70272,30.556160000007367,156446.14656,156476.70272,30.556160000007367,5,5.03992805426299,RankSurprise
microGPi1_L_9_CommonFiltered,4,156676.87424,156710.05184,33.17759999999544,156676.87424,156710.05184,33.17759999999544,5,4.62885229303112,RankSurprise
microGPi1_L_9_CommonFiltered,4,167129.21088,167151.86176,22.650880000001052,167129.21088,167151.86176,22.650880000001052,4,3.8972228405693343,RankSurprise
microGPi1_L_9_CommonFiltered,4,177409.35168,177442.65216,33.30048000000534,177409.35168,177442.65216,33.30048000000534,5,4.022622008649439,RankSurprise
microGPi1_L_9_CommonFiltered,4,177574.0928,177578.76224,4.669439999997849,177574.0928,177578.76224,4.669439999997849,3,7.047444909922245,RankSurprise
microGPi1_L_9_CommonFiltered,4,177724.0064,177731.7888,7.782399999996414,177724.0064,177731.7888,7.782399999996414,4,8.955600421932743,RankSurprise
microGPi1_L_9_CommonFiltered,4,177968.08704,178018.01728,49.93023999998695,177968.08704,178018.01728,49.93023999998695,9,10.765298100453968,RankSurprise
microGPi1_L_9_CommonFiltered,4,178057.37984,178228.71552,171.33567999998922,178057.37984,178228.71552,171.33567999998922,17,8.335300639381803,RankSurprise
microGPi1_L_9_CommonFiltered,4,178284.66688,178431.83616,147.1692800000019,178284.66688,178431.83616,147.1692800000019,13,4.938270022113822,RankSurprise
microGPi1_L_9_CommonFiltered,4,178907.38176,178917.94944,10.567680000007385,178907.38176,178917.94944,10.567680000007385,4,8.239015193281674,RankSurprise
microGPi1_L_9_CommonFiltered,4,181526.24128,181707.44832,181.20704000000842,181526.24128,181707.44832,181.20704000000842,18,8.330764174664228,RankSurprise
microGPi1_L_9_CommonFiltered,4,181984.74752,181995.39712,10.649600000004284,181984.74752,181995.39712,10.649600000004284,3,3.913160015215224,RankSurprise
microGPi1_L_9_CommonFiltered,4,182092.84096,182128.8448,36.003839999990305,182092.84096,182128.8448,36.003839999990305,5,4.002462367193498,RankSurprise
microGPi1_L_9_CommonFiltered,4,184157.47072,184168.12032,10.64959999997518,184157.47072,184168.12032,10.64959999997518,3,4.528721022089149,RankSurprise
microGPi1_L_9_CommonFiltered,4,184312.2176,184598.89664,286.67903999998816,184312.2176,184598.89664,286.67903999998816,28,14.175759740815618,RankSurprise
microGPi1_L_9_CommonFiltered,4,184818.23744,184851.49696,33.259519999992335,184818.23744,184851.49696,33.259519999992335,5,4.914494631765894,RankSurprise
microGPi1_L_9_CommonFiltered,4,185034.79296,185059.61472,24.82176000002073,185034.79296,185059.61472,24.82176000002073,5,5.771966503975744,RankSurprise
microGPi1_L_9_CommonFiltered,4,185368.08448,185384.79616,16.711680000007618,185368.08448,185384.79616,16.711680000007618,4,5.507735171317744,RankSurprise
microGPi1_L_9_CommonFiltered,4,185568.21504,185584.76288,16.547839999984717,185568.21504,185584.76288,16.547839999984717,5,9.375449465130892,RankSurprise
microGPi1_L_9_CommonFiltered,4,185718.12864,185728.86016,10.731520000001183,185718.12864,185728.86016,10.731520000001183,3,3.865966799440004,RankSurprise
microGPi1_L_9_CommonFiltered,4,187557.56032,187568.16896,10.608640000020387,187557.56032,187568.16896,10.608640000020387,3,4.6897090399147,RankSurprise
microGPi1_L_9_CommonFiltered,4,187740.81536,187751.50592,10.690559999988182,187740.81536,187751.50592,10.690559999988182,3,4.726935183563784,RankSurprise
microGPi1_L_9_CommonFiltered,4,187895.56224,187962.20416,66.64191999999457,187895.56224,187962.20416,66.64191999999457,10,9.422818469939461,RankSurprise
microGPi1_L_9_CommonFiltered,4,188290.94912,188301.59872,10.649600000004284,188290.94912,188301.59872,10.649600000004284,3,4.241076035036075,RankSurprise
microGPi1_L_9_CommonFiltered,4,188512.29696,188607.56992,95.27296000000206,188512.29696,188607.56992,95.27296000000206,12,9.236108959739536,RankSurprise
microGPi1_L_9_CommonFiltered,4,188657.54112,188678.92224,21.381120000005467,188657.54112,188678.92224,21.381120000005467,4,4.382919294433631,RankSurprise
microGPi1_L_9_CommonFiltered,4,188828.91776,188984.89344,155.9756800000032,188828.91776,188984.89344,155.9756800000032,14,5.926086930566395,RankSurprise
microGPi1_L_9_CommonFiltered,4,199910.07232,199935.22176,25.149439999979222,199910.07232,199935.22176,25.149439999979222,6,9.065823722909201,RankSurprise
microGPi1_L_9_CommonFiltered,4,200351.82592,200646.00064,294.17472000001,200351.82592,200646.00064,294.17472000001,21,3.683368786798716,RankSurprise
microGPi1_L_9_CommonFiltered,4,201462.66112,201529.38496,66.72383999999147,201462.66112,201529.38496,66.72383999999147,7,4.004543184395933,RankSurprise
microGPi1_L_9_CommonFiltered,4,201962.7008,202135.38816,172.6873600000108,201962.7008,202135.38816,172.6873600000108,17,8.325356606307189,RankSurprise
microGPi1_L_9_CommonFiltered,4,202626.70336,202635.22304,8.519679999997607,202626.70336,202635.22304,8.519679999997607,3,5.242292515057386,RankSurprise
microGPi1_L_9_CommonFiltered,4,202879.3856,202979.36896,99.9833599999838,202879.3856,202979.36896,99.9833599999838,9,3.663635646524087,RankSurprise
microGPi1_L_9_CommonFiltered,4,203226.64448,203235.328,8.683520000020508,203226.64448,203235.328,8.683520000020508,3,4.679675567041057,RankSurprise
microGPi1_L_9_CommonFiltered,4,212925.8496,212930.56,4.71040000001085,212925.8496,212930.56,4.71040000001085,3,7.253933558115529,RankSurprise
microGPi1_L_9_CommonFiltered,4,228016.98816,228022.84544,5.8572799999965355,228016.98816,228022.84544,5.8572799999965355,3,6.3932690081956896,RankSurprise
microGPi1_L_9_CommonFiltered,4,228189.67552,228200.36608,10.690560000017285,228189.67552,228200.36608,10.690560000017285,3,3.9291418406240712,RankSurprise
microGPi1_L_9_CommonFiltered,4,228323.00032,228356.3008,33.30048000000534,228323.00032,228356.3008,33.30048000000534,5,4.356148480153163,RankSurprise
microGPi1_L_9_CommonFiltered,4,230134.08768,230206.58688,72.4991999999911,230134.08768,230206.58688,72.4991999999911,9,7.186963611753298,RankSurprise
microGPi1_L_9_CommonFiltered,4,230247.91552,230259.34336,11.427839999989374,230247.91552,230259.34336,11.427839999989374,4,7.483121719572452,RankSurprise
microGPi1_L_9_CommonFiltered,4,230390.04672,230398.64832,8.601599999994505,230390.04672,230398.64832,8.601599999994505,3,5.1097652600034476,RankSurprise
microGPi1_L_9_CommonFiltered,4,231167.50848,231217.5616,50.05311999999685,231167.50848,231217.5616,50.05311999999685,6,4.17952003349366,RankSurprise
microGPi1_L_9_CommonFiltered,4,231364.89472,231384.18688,19.292159999982687,231364.89472,231384.18688,19.292159999982687,4,4.564591047776982,RankSurprise
microGPi1_L_9_CommonFiltered,4,232398.35648,232406.87616,8.51968000002671,232398.35648,232406.87616,8.51968000002671,3,5.06477354061604,RankSurprise
microGPi1_L_9_CommonFiltered,4,316247.16288,316363.85792,116.69503999996232,316247.16288,316363.85792,116.69503999996232,11,5.214836068951154,RankSurprise
microGPi1_L_9_CommonFiltered,4,317020.20096,317030.85056,10.649600000004284,317020.20096,317030.85056,10.649600000004284,4,7.675525720765691,RankSurprise
microGPi1_L_9_CommonFiltered,4,317953.92512,317964.61568,10.690559999959078,317953.92512,317964.61568,10.690559999959078,3,4.27894060452469,RankSurprise
microGPi1_L_9_CommonFiltered,4,319959.57248,319982.22336,22.650880000030156,319959.57248,319982.22336,22.650880000030156,4,3.992247100074721,RankSurprise
microGPi1_L_9_CommonFiltered,4,320109.69088,320132.21888,22.527999999991152,320109.69088,320132.21888,22.527999999991152,5,6.987846539844057,RankSurprise
microGPi1_L_9_CommonFiltered,4,320326.4512,320365.69088,39.23967999999877,320326.4512,320365.69088,39.23967999999877,6,5.100497062466282,RankSurprise
microGPi1_L_9_CommonFiltered,4,320515.76832,320709.91872,194.15040000004228,320515.76832,320709.91872,194.15040000004228,17,7.393882796694075,RankSurprise
microGPi1_L_9_CommonFiltered,4,321199.39072,321216.14336,16.752639999962412,321199.39072,321216.14336,16.752639999962412,4,5.153079029985655,RankSurprise
microGPi1_L_9_CommonFiltered,4,321410.2528,321432.82176,22.568960000004154,321410.2528,321432.82176,22.568960000004154,4,4.032266756280237,RankSurprise
microGPi1_L_9_CommonFiltered,4,321827.14368,321874.5344,47.390720000024885,321827.14368,321874.5344,47.390720000024885,8,8.627728043219015,RankSurprise
microGPi1_L_9_CommonFiltered,4,322110.58688,322600.05888,489.47200000000885,322110.58688,322600.05888,489.47200000000885,36,7.336796615290461,RankSurprise
microGPi1_L_9_CommonFiltered,4,322856.22272,322972.91776,116.69503999996232,322856.22272,322972.91776,116.69503999996232,11,4.353183240794431,RankSurprise
microGPi1_L_9_CommonFiltered,4,323058.31936,323100.2624,41.94303999998374,323058.31936,323100.2624,41.94303999998374,6,5.144239752457246,RankSurprise
microGPi1_L_9_CommonFiltered,4,323216.95744,323224.90368,7.946239999961108,323216.95744,323224.90368,7.946239999961108,3,4.528721022089149,RankSurprise
microGPi1_L_9_CommonFiltered,4,323377.84832,323400.45824,22.609920000017155,323377.84832,323400.45824,22.609920000017155,4,4.002202076332523,RankSurprise
microGPi1_L_9_CommonFiltered,4,323656.54016,323691.88864,35.34848000004422,323656.54016,323691.88864,35.34848000004422,5,4.396627211218007,RankSurprise
microGPi1_L_9_CommonFiltered,4,323725.35296,323750.62528,25.272319999989122,323725.35296,323750.62528,25.272319999989122,5,5.658824158991113,RankSurprise
microGPi1_L_9_CommonFiltered,4,323856.71168,323894.6816,37.969920000003185,323856.71168,323894.6816,37.969920000003185,6,6.230450086927988,RankSurprise
microGPi1_L_9_CommonFiltered,4,328263.35232,328286.04416,22.69183999998495,328263.35232,328286.04416,22.69183999998495,4,3.882130192865855,RankSurprise
microGPi1_L_9_CommonFiltered,4,328392.04864,328396.8,4.751359999994747,328392.04864,328396.8,4.751359999994747,3,6.910548432404147,RankSurprise
microGPi1_L_9_CommonFiltered,4,328852.93056,328930.38592,77.45535999996355,328852.93056,328930.38592,77.45535999996355,8,4.909861424586331,RankSurprise
microGPi1_L_9_CommonFiltered,4,329113.8048,329180.44672,66.64192000002367,329113.8048,329180.44672,66.64192000002367,8,5.67642688847794,RankSurprise
microGPi1_L_9_CommonFiltered,4,329311.15008,329380.57728,69.42720000003465,329311.15008,329380.57728,69.42720000003465,9,6.856190639602813,RankSurprise
microGPi1_L_9_CommonFiltered,4,329586.688,329719.93088,133.24287999997614,329586.688,329719.93088,133.24287999997614,12,4.693536275809475,RankSurprise
microGPi1_L_9_CommonFiltered,4,329880.82176,329903.34976,22.527999999991152,329880.82176,329903.34976,22.527999999991152,4,4.2593537589530825,RankSurprise
microGPi1_L_9_CommonFiltered,4,330192.93696,330378.36288,185.42591999995057,330192.93696,330378.36288,185.42591999995057,18,7.890352020110488,RankSurprise
microGPi1_L_9_CommonFiltered,4,330837.11488,330847.8464,10.731519999972079,330837.11488,330847.8464,10.731519999972079,3,4.096403498559376,RankSurprise
microGPi1_L_9_CommonFiltered,4,331226.68544,331243.23328,16.54784000001382,331226.68544,331243.23328,16.54784000001382,5,8.67085051137511,RankSurprise
microGPi1_L_9_CommonFiltered,4,331281.36704,331495.424,214.05696000001626,331281.36704,331495.424,214.05696000001626,19,7.614585132958105,RankSurprise
microGPi1_L_9_CommonFiltered,4,332020.9408,332098.3552,77.41440000000875,332020.9408,332098.3552,77.41440000000875,11,10.72291339536532,RankSurprise
microGPi1_L_9_CommonFiltered,4,332198.37952,332265.10336,66.72383999999147,332198.37952,332265.10336,66.72383999999147,9,7.619648667100283,RankSurprise
microGPi1_L_9_CommonFiltered,4,332421.16096,332481.78176,60.620799999975134,332421.16096,332481.78176,60.620799999975134,10,11.293151462887499,RankSurprise
microGPi1_L_9_CommonFiltered,4,332804.5056,332854.51776,50.01216000004206,332804.5056,332854.51776,50.01216000004206,7,6.003056767448942,RankSurprise
microGPi1_L_9_CommonFiltered,4,332971.2128,332995.9936,24.78080000000773,332971.2128,332995.9936,24.78080000000773,6,8.805348022015153,RankSurprise
microGPi1_L_9_CommonFiltered,4,333082.0096,333262.68416,180.67456000001403,333082.0096,333262.68416,180.67456000001403,17,7.414410304243767,RankSurprise
microGPi1_L_9_CommonFiltered,4,333304.70912,333621.37088,316.66175999998813,333304.70912,333621.37088,316.66175999998813,26,7.681869894508409,RankSurprise
microGPi1_L_9_CommonFiltered,4,333671.54688,333844.2752,172.7283199999947,333671.54688,333844.2752,172.7283199999947,18,9.752875969187233,RankSurprise
microGPi1_L_9_CommonFiltered,4,334054.93248,334213.03808,158.10560000000987,334054.93248,334213.03808,158.10560000000987,14,5.507177879243617,RankSurprise
microGPi1_L_9_CommonFiltered,4,334265.79456,334315.76576,49.97119999997085,334265.79456,334315.76576,49.97119999997085,6,3.9545714251642528,RankSurprise
microGPi1_L_9_CommonFiltered,4,334349.14816,334365.81888,16.670719999994617,334349.14816,334365.81888,16.670719999994617,4,5.540858549935514,RankSurprise
microGPi1_L_9_CommonFiltered,4,334749.2864,334794.5472,45.2607999999891,334749.2864,334794.5472,45.2607999999891,7,7.05956480694087,RankSurprise
microGPi1_L_9_CommonFiltered,4,334861.23008,334871.87968,10.649600000004284,334861.23008,334871.87968,10.649600000004284,3,4.6172730902303645,RankSurprise
microGPi1_L_9_CommonFiltered,4,334938.60352,334961.2544,22.65087999997195,334938.60352,334961.2544,22.65087999997195,4,3.7825247989344994,RankSurprise
microGPi1_L_9_CommonFiltered,4,335099.41248,335122.10432,22.69183999998495,335099.41248,335122.10432,22.69183999998495,4,3.8725651640823813,RankSurprise
microGPi1_L_9_CommonFiltered,4,335144.71424,335155.36384,10.649600000004284,335144.71424,335155.36384,10.649600000004284,4,7.661021235487002,RankSurprise
microGPi1_L_9_CommonFiltered,4,335288.85248,335332.80256,43.95007999998052,335288.85248,335332.80256,43.95007999998052,7,7.305327850672583,RankSurprise
microGPi1_L_9_CommonFiltered,4,335405.4656,335416.15616,10.690560000017285,335405.4656,335416.15616,10.690560000017285,3,4.124007460790571,RankSurprise
microGPi1_L_9_CommonFiltered,4,335555.50208,335580.11904,24.616960000013933,335555.50208,335580.11904,24.616960000013933,4,3.593960903817532,RankSurprise
microGPi1_L_9_CommonFiltered,4,335655.48544,335666.21696,10.731519999972079,335655.48544,335666.21696,10.731519999972079,3,3.9614937989004346,RankSurprise
microGPi1_L_9_CommonFiltered,4,335794.83136,335822.15168,27.3203199999989,335794.83136,335822.15168,27.3203199999989,5,5.6995975091200854,RankSurprise
microGPi1_L_9_CommonFiltered,4,335978.20928,335983.0016,4.792320000007749,335978.20928,335983.0016,4.792320000007749,3,7.047444909922245,RankSurprise
microGPi1_L_9_CommonFiltered,4,337039.27808,337047.30624,8.02815999998711,337039.27808,337047.30624,8.02815999998711,3,4.679675567041057,RankSurprise
microGPi1_L_9_CommonFiltered,4,337095.14752,337097.35936,2.2118400000035763,337095.14752,337097.35936,2.2118400000035763,3,10.17071901451662,RankSurprise
microGPi1_L_9_CommonFiltered,4,337116.69248,337155.8912,39.19871999998577,337116.69248,337155.8912,39.19871999998577,5,3.616197539380561,RankSurprise
microGPi1_L_9_CommonFiltered,4,337430.85568,337650.15552,219.2998399999924,337430.85568,337650.15552,219.2998399999924,21,9.366376979236254,RankSurprise
microGPi1_L_9_CommonFiltered,4,337756.20096,337764.1472,7.946240000019316,337756.20096,337764.1472,7.946240000019316,3,5.1097652600034476,RankSurprise
microGPi1_L_9_CommonFiltered,4,337939.61984,338272.95232,333.33247999998275,337939.61984,338272.95232,333.33247999998275,27,8.174870336279021,RankSurprise
microGPi1_L_9_CommonFiltered,4,338364.2112,338395.7504,31.539199999999255,338364.2112,338395.7504,31.539199999999255,8,12.516041185057496,RankSurprise
microGPi1_L_9_CommonFiltered,4,338489.71264,338512.4864,22.773760000010952,338489.71264,338512.4864,22.773760000010952,4,3.7509178299927655,RankSurprise
microGPi1_L_9_CommonFiltered,4,338639.74912,338667.27424,27.5251200000057,338639.74912,338667.27424,27.5251200000057,5,5.532383993360522,RankSurprise
microGPi1_L_9_CommonFiltered,4,338733.8752,338750.54592,16.670719999994617,338733.8752,338750.54592,16.670719999994617,4,5.294331986654001,RankSurprise
microGPi1_L_9_CommonFiltered,4,338789.86752,339045.90848,256.0409599999548,338789.86752,339045.90848,256.0409599999548,25,12.249532264938832,RankSurprise
microGPi1_L_9_CommonFiltered,4,339156.70528,339189.9648,33.25952000002144,339156.70528,339189.9648,33.25952000002144,6,6.8719613569714255,RankSurprise
microGPi1_L_9_CommonFiltered,4,339234.07872,339514.94144,280.86272000003373,339234.07872,339514.94144,280.86272000003373,23,7.450665879072874,RankSurprise
microGPi1_L_9_CommonFiltered,4,339573.51424,339617.54624,44.03200000000652,339573.51424,339617.54624,44.03200000000652,9,11.892999771816868,RankSurprise
microGPi1_L_9_CommonFiltered,4,342630.6048,342649.2416,18.6368000000366,342630.6048,342649.2416,18.6368000000366,4,5.265978439545449,RankSurprise
microGPi1_L_9_CommonFiltered,4,342749.34784,342918.7584,169.41055999998935,342749.34784,342918.7584,169.41055999998935,15,5.960861158410324,RankSurprise
microGPi1_L_9_CommonFiltered,4,343141.45792,343202.24256,60.78463999996893,343141.45792,343202.24256,60.78463999996893,8,5.907614218341592,RankSurprise
microGPi1_L_9_CommonFiltered,4,343291.61728,343391.60064,99.98336000001291,343291.61728,343391.60064,99.98336000001291,9,3.7977365208407345,RankSurprise
microGPi1_L_9_CommonFiltered,4,343431.04512,343435.6736,4.6284799999557436,343431.04512,343435.6736,4.6284799999557436,3,7.683677892199986,RankSurprise
microGPi1_L_9_CommonFiltered,4,343785.75872,343941.7344,155.9756800000323,343785.75872,343941.7344,155.9756800000323,14,5.781360561899252,RankSurprise
microGPi1_L_9_CommonFiltered,4,344175.32928,344183.23456,7.905280000006314,344175.32928,344183.23456,7.905280000006314,3,5.658422034149149,RankSurprise
microGPi1_L_9_CommonFiltered,4,344498.01216,344608.60416,110.59200000000419,344498.01216,344608.60416,110.59200000000419,12,7.810575916537256,RankSurprise
microGPi1_L_9_CommonFiltered,4,345025.41312,345075.46624,50.05311999999685,345025.41312,345075.46624,50.05311999999685,6,4.228022356199819,RankSurprise
microGPi1_L_9_CommonFiltered,4,345275.47392,345503.08864,227.6147199999541,345275.47392,345503.08864,227.6147199999541,16,3.7359477302217377,RankSurprise
microGPi1_L_9_CommonFiltered,4,349904.32256,349943.64416,39.32160000002477,349904.32256,349943.64416,39.32160000002477,5,3.6569778118029213,RankSurprise
microGPi1_L_9_CommonFiltered,4,350508.31872,350566.4,58.08128000004217,350508.31872,350566.4,58.08128000004217,6,3.5954689571742113,RankSurprise
microGPi1_L_9_CommonFiltered,4,350866.55488,350949.74464,83.18975999997929,350866.55488,350949.74464,83.18975999997929,10,6.249933488873864,RankSurprise
microGPi1_L_9_CommonFiltered,4,351227.45344,351319.57248,92.11903999996139,351227.45344,351319.57248,92.11903999996139,10,5.0938704742818475,RankSurprise
microGPi1_L_9_CommonFiltered,4,351410.70848,351510.77376,100.06528000003891,351410.70848,351510.77376,100.06528000003891,10,5.066922302907885,RankSurprise
microGPi1_L_9_CommonFiltered,4,352085.6064,352094.208,8.601599999994505,352085.6064,352094.208,8.601599999994505,3,5.040652620865595,RankSurprise
microGPi1_L_9_CommonFiltered,4,352585.76896,352619.06944,33.30047999997623,352585.76896,352619.06944,33.30047999997623,6,6.811977761438207,RankSurprise
microGPi1_L_9_CommonFiltered,4,357020.42624,357073.14176,52.71552000002703,357020.42624,357073.14176,52.71552000002703,6,3.78307598884411,RankSurprise
microGPi1_L_9_CommonFiltered,4,361241.14944,361347.03104,105.88159999996424,361241.14944,361347.03104,105.88159999996424,11,7.2196665298874585,RankSurprise
microGPi1_L_9_CommonFiltered,4,361722.63424,361747.29216,24.657920000026934,361722.63424,361747.29216,24.657920000026934,4,3.6114173141839245,RankSurprise
microGPi1_L_9_CommonFiltered,4,368193.3312,368260.05504,66.72383999999147,368193.3312,368260.05504,66.72383999999147,8,5.681686893501371,RankSurprise
microGPi1_L_9_CommonFiltered,4,369410.37568,369482.9568,72.581119999988,369410.37568,369482.9568,72.581119999988,9,6.381587230966683,RankSurprise
microGPi1_L_9_CommonFiltered,4,369672.23296,369693.81888,21.58591999998316,369672.23296,369693.81888,21.58591999998316,5,7.068777631569336,RankSurprise
microGPi1_L_9_CommonFiltered,4,370550.04672,370666.65984,116.61311999999452,370550.04672,370666.65984,116.61311999999452,10,4.075161771103907,RankSurprise
microGPi1_L_9_CommonFiltered,4,370706.10432,370791.26016,85.15584000002127,370706.10432,370791.26016,85.15584000002127,9,5.531991060037398,RankSurprise
microGPi1_L_9_CommonFiltered,4,370833.408,370883.46112,50.05311999999685,370833.408,370883.46112,50.05311999999685,6,4.343091100825987,RankSurprise
microGPi1_L_9_CommonFiltered,4,371008.22528,371024.73216,16.50688000000082,371008.22528,371024.73216,16.50688000000082,4,4.976497745371027,RankSurprise
microGPi1_L_9_CommonFiltered,4,371106.07872,371116.89216,10.813439999998081,371106.07872,371116.89216,10.813439999998081,3,3.726574884821149,RankSurprise
microGPi1_L_9_CommonFiltered,4,371183.4112,371194.2656,10.854400000011083,371183.4112,371194.2656,10.854400000011083,3,3.7918438528551217,RankSurprise
microGPi1_L_9_CommonFiltered,4,383915.78624,384678.05184,762.2655999999843,383915.78624,384678.05184,762.2655999999843,71,28.01740825118747,RankSurprise
microGPi1_L_9_CommonFiltered,4,384844.92288,384888.91392,43.99103999999352,384844.92288,384888.91392,43.99103999999352,5,3.5508037236293966,RankSurprise
microGPi1_L_9_CommonFiltered,4,394884.54656,394890.40384,5.8572799999965355,394884.54656,394890.40384,5.8572799999965355,3,5.696884830589616,RankSurprise
microGPi1_L_9_CommonFiltered,4,395332.77184,395343.38048,10.608639999991283,395332.77184,395343.38048,10.608639999991283,4,8.074044328727052,RankSurprise
microGPi1_L_9_CommonFiltered,4,395432.79616,395437.58848,4.792319999949541,395432.79616,395437.58848,4.792319999949541,3,6.801609947405966,RankSurprise
microGPi1_L_9_CommonFiltered,4,395593.5232,395651.4816,57.95840000000317,395593.5232,395651.4816,57.95840000000317,6,3.556578993437389,RankSurprise
microGPi1_L_9_CommonFiltered,4,412133.86752,412361.3184,227.4508799999603,412133.86752,412361.3184,227.4508799999603,20,6.900138733832648,RankSurprise
microGPi1_L_9_CommonFiltered,4,429607.60832,429707.83744,100.2291199999745,429607.60832,429707.83744,100.2291199999745,11,5.941910123304981,RankSurprise
microGPi1_L_9_CommonFiltered,4,430191.32928,430574.83776,383.5084800000186,430191.32928,430574.83776,383.5084800000186,32,10.700410015763397,RankSurprise
microGPi1_L_9_CommonFiltered,4,431175.0656,431183.09376,8.028160000045318,431175.0656,431183.09376,8.028160000045318,3,4.5536240826503285,RankSurprise
microGPi2_L_6_CommonFiltered,2,22306.48832,22420.76672,114.27839999999924,22306.48832,22420.76672,114.27839999999924,3,4.0985826729771695,RankSurprise
microGPi2_L_6_CommonFiltered,2,141212.38528,141264.15872,51.773440000019036,141212.38528,141264.15872,51.773440000019036,3,5.643542394278844,RankSurprise
microGPi2_L_6_CommonFiltered,2,154649.92768,154684.94848,35.02079999999842,154649.92768,154684.94848,35.02079999999842,3,6.124160224766353,RankSurprise
microGPi2_L_6_CommonFiltered,2,166739.02592,166837.82144,98.79552000001422,166739.02592,166837.82144,98.79552000001422,3,4.346524416779436,RankSurprise
microGPi2_L_6_CommonFiltered,2,207288.27904,207366.5536,78.27456000001985,207288.27904,207366.5536,78.27456000001985,3,4.725443343647905,RankSurprise
microGPi2_L_6_CommonFiltered,2,212106.07616,212142.8992,36.8230400000175,212106.07616,212142.8992,36.8230400000175,3,6.075370060596921,RankSurprise
microGPi2_L_6_CommonFiltered,2,227912.62208,228863.54944,950.9273600000015,227912.62208,228863.54944,950.9273600000015,5,3.5799441121041014,RankSurprise
microGPi2_L_6_CommonFiltered,2,248560.80384,249591.64416,1030.8403199999884,248560.80384,249591.64416,1030.8403199999884,6,4.372245308605562,RankSurprise
microGPi2_L_6_CommonFiltered,2,308612.83328,311870.6688,3257.835519999964,308612.83328,311870.6688,3257.835519999964,13,6.321512718691841,RankSurprise
microGPi2_L_6_CommonFiltered,2,336039.3216,336212.33664,173.0150399999693,336039.3216,336212.33664,173.0150399999693,3,3.622024797605169,RankSurprise
microGPi2_L_6_CommonFiltered,2,347780.62848,347829.8624,49.23391999996966,347780.62848,347829.8624,49.23391999996966,3,5.76359043656608,RankSurprise
microGPi2_L_6_CommonFiltered,2,356402.66752,357039.3088,636.6412799999816,356402.66752,357039.3088,636.6412799999816,5,4.195947591944179,RankSurprise
microGPi2_L_6_CommonFiltered,2,368404.80768,390776.6272,22371.81951999996,368404.80768,390776.6272,22371.81951999996,53,7.743779120246402,RankSurprise
microGPi2_L_6_CommonFiltered,2,401832.63232,402555.04384,722.4115200000233,401832.63232,402555.04384,722.4115200000233,5,3.856691177484038,RankSurprise
microGPi2_L_6_CommonFiltered,2,406410.15808,406737.05984,326.9017599999788,406410.15808,406737.05984,326.9017599999788,5,6.564014913989379,RankSurprise
microGPi2_L_6_CommonFiltered,2,413210.29632,413370.94144,160.64512000000104,413210.29632,413370.94144,160.64512000000104,3,3.7086820814101156,RankSurprise
microGPi2_L_6_CommonFiltered,2,421376.32768,427879.99744,6503.669760000019,421376.32768,427879.99744,6503.669760000019,19,5.378892189753673,RankSurprise
microGPi2_L_6_CommonFiltered,2,428309.21728,428355.21536,45.998079999990296,428309.21728,428355.21536,45.998079999990296,4,8.96622017296286,RankSurprise
microGPi2_L_6_CommonFiltered,2,436054.2208,436768.19456,713.9737599999644,436054.2208,436768.19456,713.9737599999644,7,7.053410495647775,RankSurprise
microGPi2_L_6_CommonFiltered,2,448020.19328,449245.22496,1225.0316800000146,448020.19328,449245.22496,1225.0316800000146,7,4.628677693953763,RankSurprise
microGPi2_L_6_CommonFiltered,2,456241.80736,458117.81632,1876.0089600000065,456241.80736,458117.81632,1876.0089600000065,8,3.9609330930651505,RankSurprise
microGPi2_L_6_CommonFiltered,2,460288.4096,460418.6624,130.25279999995837,460288.4096,460418.6624,130.25279999995837,4,6.485926562025151,RankSurprise
microGPi2_L_6_CommonFiltered,2,464037.39648,464519.9872,482.5907199999783,464037.39648,464519.9872,482.5907199999783,5,5.047641475734519,RankSurprise
microGPi2_L_6_CommonFiltered,2,579699.38432,579854.70464,155.3203200000571,579699.38432,579854.70464,155.3203200000571,3,3.7534606947764733,RankSurprise
microGPi2_L_6_CommonFiltered,4,147459.2768,147481.31328,22.03648000000976,147459.2768,147481.31328,22.03648000000976,3,5.940917025737039,RankSurprise
microGPi2_L_6_CommonFiltered,4,247836.79488,248842.89536,1006.1004799999937,247836.79488,248842.89536,1006.1004799999937,6,4.155285010851951,RankSurprise
microGPi2_L_6_CommonFiltered,4,283229.30688,284291.85024,1062.5433600000106,283229.30688,284291.85024,1062.5433600000106,6,4.192991513023199,RankSurprise
microGPi2_L_6_CommonFiltered,4,288810.96704,288892.76416,81.7971200000029,288810.96704,288892.76416,81.7971200000029,3,4.3638924842907105,RankSurprise
microGPi2_L_6_CommonFiltered,4,304584.86784,306945.024,2360.156159999955,304584.86784,306945.024,2360.156159999955,8,3.629118683161894,RankSurprise
microGPi2_L_6_CommonFiltered,4,309124.42368,309166.40768,41.98399999999674,309124.42368,309166.40768,41.98399999999674,4,7.9196919622827675,RankSurprise
microGPi2_L_6_CommonFiltered,4,311369.89184,316085.248,4715.356160000025,311369.89184,316085.248,4715.356160000025,13,3.722416062429164,RankSurprise
microGPi2_L_6_CommonFiltered,4,353428.43904,353484.55424,56.115200000000186,353428.43904,353484.55424,56.115200000000186,3,4.845262225361408,RankSurprise
microGPi2_L_6_CommonFiltered,4,357863.26016,358263.48032,400.220159999968,357863.26016,358263.48032,400.220159999968,4,3.7606465544360894,RankSurprise
microGPi2_L_6_CommonFiltered,4,366077.41952,366091.59168,14.172160000016447,366077.41952,366091.59168,14.172160000016447,3,6.740286419552292,RankSurprise
microGPi2_L_6_CommonFiltered,4,370322.2272,371769.38496,1447.1577599999728,370322.2272,371769.38496,1447.1577599999728,10,7.8266139790059945,RankSurprise
microGPi2_L_6_CommonFiltered,4,381452.9024,381495.45984,42.557440000004135,381452.9024,381495.45984,42.557440000004135,5,11.06929734424882,RankSurprise
microGPi2_L_6_CommonFiltered,4,399918.6944,399953.38752,34.69312000001082,399918.6944,399953.38752,34.69312000001082,3,5.045439398296578,RankSurprise
microGPi2_L_6_CommonFiltered,4,404741.28384,404907.58144,166.29759999999078,404741.28384,404907.58144,166.29759999999078,4,5.23450772231298,RankSurprise
microGPi2_L_6_CommonFiltered,4,411387.53536,411660.04224,272.5068800000008,411387.53536,411660.04224,272.5068800000008,6,7.436410614091827,RankSurprise
microGPi2_L_6_CommonFiltered,4,419547.99616,428329.69728,8781.701120000042,419547.99616,428329.69728,8781.701120000042,38,17.890381032230007,RankSurprise
microGPi2_L_6_CommonFiltered,4,439259.70944,439362.43712,102.72768000001088,439259.70944,439362.43712,102.72768000001088,4,5.723973797363588,RankSurprise
microGPi2_L_6_CommonFiltered,4,445760.512,450228.71552,4468.203520000039,445760.512,450228.71552,4468.203520000039,19,8.764208679563952,RankSurprise
microGPi2_L_6_CommonFiltered,4,460329.61536,461627.22816,1297.6128000000026,460329.61536,461627.22816,1297.6128000000026,7,4.5702318246962985,RankSurprise
microGPi2_L_7_CommonFiltered,1,28908.99456,28996.64896,87.65439999999944,28908.99456,28996.64896,87.65439999999944,4,6.3766789388881655,RankSurprise
microGPi2_L_7_CommonFiltered,1,57246.39232,57646.57152,400.1791999999987,57246.39232,57646.57152,400.1791999999987,5,4.411094353419166,RankSurprise
microGPi2_L_7_CommonFiltered,1,160666.25536,160741.82656,75.57119999997667,160666.25536,160741.82656,75.57119999997667,3,4.114396514402962,RankSurprise
microGPi2_L_7_CommonFiltered,1,169323.43808,169391.34976,67.91168000001926,169323.43808,169391.34976,67.91168000001926,3,4.30332909705203,RankSurprise
microGPi2_L_7_CommonFiltered,1,175512.61696,176052.14208,539.5251199999766,175512.61696,176052.14208,539.5251199999766,7,6.838339061863159,RankSurprise
microGPi2_L_7_CommonFiltered,1,243033.62048,243702.62016,668.999679999979,243033.62048,243702.62016,668.999679999979,6,3.599120151784668,RankSurprise
microGPi2_L_7_CommonFiltered,1,258340.90496,258561.80224,220.89727999997558,258340.90496,258561.80224,220.89727999997558,4,4.07338751063358,RankSurprise
microGPi2_L_7_CommonFiltered,1,281195.15136,282043.26912,848.1177599999937,281195.15136,282043.26912,848.1177599999937,7,5.015826138719808,RankSurprise
microGPi2_L_7_CommonFiltered,1,316982.23104,317069.84448,87.61344000004465,316982.23104,317069.84448,87.61344000004465,3,3.773364133075342,RankSurprise
microGPi2_L_7_CommonFiltered,1,324220.84608,324403.6096,182.7635200000368,324220.84608,324403.6096,182.7635200000368,4,4.539111033333796,RankSurprise
microGPi2_L_7_CommonFiltered,1,336153.84576,336488.52992,334.68416000000434,336153.84576,336488.52992,334.68416000000434,5,4.6627862993114775,RankSurprise
microGPi2_L_7_CommonFiltered,1,339691.84768,341432.44288,1740.5951999999816,339691.84768,341432.44288,1740.5951999999816,10,5.0894584737313995,RankSurprise
microGPi2_L_7_CommonFiltered,1,346029.79328,347259.86304,1230.0697600000422,346029.79328,347259.86304,1230.0697600000422,9,4.622318155946772,RankSurprise
microGPi2_L_7_CommonFiltered,1,348817.32608,350283.1616,1465.8355199999642,348817.32608,350283.1616,1465.8355199999642,9,4.148580861113796,RankSurprise
microGPi2_L_7_CommonFiltered,1,353087.77472,353269.5552,181.7804800000158,353087.77472,353269.5552,181.7804800000158,7,11.625526764946478,RankSurprise
microGPi2_L_7_CommonFiltered,1,359279.73888,359697.12128,417.38240000000224,359279.73888,359697.12128,417.38240000000224,5,4.3560348540256335,RankSurprise
microGPi2_L_7_CommonFiltered,1,371310.26432,371405.74208,95.47775999997975,371310.26432,371405.74208,95.47775999997975,6,11.374750412160282,RankSurprise
microGPi2_L_7_CommonFiltered,1,372957.55264,373280.52224,322.96960000001127,372957.55264,373280.52224,322.96960000001127,6,7.135486906618652,RankSurprise
microGPi2_L_7_CommonFiltered,1,376903.8848,376991.58016,87.69536000001244,376903.8848,376991.58016,87.69536000001244,3,3.792457465602748,RankSurprise
microGPi2_L_7_CommonFiltered,1,383201.4848,383478.3744,276.88959999999497,383201.4848,383478.3744,276.88959999999497,4,3.596961168711804,RankSurprise
microGPi2_L_7_CommonFiltered,1,399800.97536,399973.49888,172.52352000004612,399800.97536,399973.49888,172.52352000004612,4,4.655857806141427,RankSurprise
microGPi2_L_7_CommonFiltered,1,420672.96256,420775.03488,102.07231999997748,420672.96256,420775.03488,102.07231999997748,3,3.75445135688744,RankSurprise
microGPi2_L_7_CommonFiltered,1,425033.76896,425096.68352,62.91456000000471,425033.76896,425096.68352,62.91456000000471,3,4.353488958893603,RankSurprise
microGPi2_L_7_CommonFiltered,1,431209.63584,432021.7088,812.0729600000195,431209.63584,432021.7088,812.0729600000195,9,7.961594909421879,RankSurprise
microGPi2_L_7_CommonFiltered,1,438559.25248,438751.60064,192.3481599999941,438559.25248,438751.60064,192.3481599999941,4,4.397469237484657,RankSurprise
microGPi2_L_7_CommonFiltered,1,447207.38304,451425.81248,4218.429440000036,447207.38304,451425.81248,4218.429440000036,18,4.542865058868032,RankSurprise
microGPi2_L_7_CommonFiltered,1,455700.76672,456702.93504,1002.168319999997,455700.76672,456702.93504,1002.168319999997,6,3.5084917636451523,RankSurprise
microGPi2_L_7_CommonFiltered,1,457036.43136,457048.10496,11.673600000038277,457036.43136,457048.10496,11.673600000038277,3,7.333462797323353,RankSurprise
microGPi2_L_7_CommonFiltered,1,458433.82272,459578.9824,1145.1596799999825,458433.82272,459578.9824,1145.1596799999825,8,4.372329517032183,RankSurprise
microGPi2_L_7_CommonFiltered,1,463116.82048,469539.79904,6422.978560000018,463116.82048,469539.79904,6422.978560000018,38,16.38477901318644,RankSurprise
microGPi2_L_7_CommonFiltered,1,473932.26752,474994.15552,1061.8879999999772,473932.26752,474994.15552,1061.8879999999772,8,4.9890044514437095,RankSurprise
microGPi2_L_7_CommonFiltered,1,475757.93664,475777.67936,19.74271999998018,475757.93664,475777.67936,19.74271999998018,3,6.403926838699178,RankSurprise
microGPi2_L_7_CommonFiltered,1,480744.48896,481054.3104,309.8214400000288,480744.48896,481054.3104,309.8214400000288,4,3.6419059346450453,RankSurprise
microGPi2_L_7_CommonFiltered,1,510669.74208,510965.71904,295.97695999999996,510669.74208,510965.71904,295.97695999999996,5,5.239735659230217,RankSurprise
microGPi2_L_7_CommonFiltered,1,550393.69216,550466.84672,73.1545600000536,550393.69216,550466.84672,73.1545600000536,4,6.86507282505862,RankSurprise
microGPi2_L_7_CommonFiltered,4,144299.13088,144538.91072,239.77984000000288,144299.13088,144538.91072,239.77984000000288,5,5.571256655257919,RankSurprise
microGPi2_L_7_CommonFiltered,4,168894.464,170148.53632,1254.0723200000066,168894.464,170148.53632,1254.0723200000066,9,4.652922315608819,RankSurprise
microGPi2_L_7_CommonFiltered,4,173858.73408,174521.87648,663.1424000000115,173858.73408,174521.87648,663.1424000000115,6,3.9702179821413495,RankSurprise
microGPi2_L_7_CommonFiltered,4,180320.78848,184725.99552,4405.207040000008,180320.78848,184725.99552,4405.207040000008,21,6.0681161205501315,RankSurprise
microGPi2_L_7_CommonFiltered,4,303224.25856,304521.29792,1297.0393599999952,303224.25856,304521.29792,1297.0393599999952,9,4.1646836872154,RankSurprise
microGPi2_L_7_CommonFiltered,4,308901.56032,309496.13568,594.5753600000171,308901.56032,309496.13568,594.5753600000171,7,5.897664085695097,RankSurprise
microGPi2_L_7_CommonFiltered,4,326268.7232,326334.62784,65.90463999996427,326268.7232,326334.62784,65.90463999996427,3,4.23647267108411,RankSurprise
microGPi2_L_7_CommonFiltered,4,327863.25504,327941.3248,78.06975999998394,327863.25504,327941.3248,78.06975999998394,3,3.927316245109859,RankSurprise
microGPi2_L_7_CommonFiltered,4,336104.69376,336151.22432,46.53055999998469,336104.69376,336151.22432,46.53055999998469,3,4.7665877946228346,RankSurprise
microGPi2_L_7_CommonFiltered,4,339495.40352,342179.71712,2684.313599999994,339495.40352,342179.71712,2684.313599999994,14,4.758551451712608,RankSurprise
microGPi2_L_7_CommonFiltered,4,353022.81216,353467.76064,444.94848000002094,353022.81216,353467.76064,444.94848000002094,6,5.536303722796596,RankSurprise
microGPi2_L_7_CommonFiltered,4,356390.46144,356668.74368,278.28224000002956,356390.46144,356668.74368,278.28224000002956,5,5.245122654080983,RankSurprise
microGPi2_L_7_CommonFiltered,4,361531.06432,361931.85792,400.7935999999754,361531.06432,361931.85792,400.7935999999754,5,4.340988060304781,RankSurprise
microGPi2_L_7_CommonFiltered,4,362600.448,362646.15936,45.7113600000157,362600.448,362646.15936,45.7113600000157,4,8.20898813847695,RankSurprise
microGPi2_L_7_CommonFiltered,4,369982.54592,370061.76256,79.21663999999873,369982.54592,370061.76256,79.21663999999873,3,4.054008552453716,RankSurprise
microGPi2_L_7_CommonFiltered,4,371316.77696,373912.65792,2595.8809600000386,371316.77696,373912.65792,2595.8809600000386,21,13.08229094145478,RankSurprise
microGPi2_L_7_CommonFiltered,4,394815.11936,395121.4592,306.33983999997145,394815.11936,395121.4592,306.33983999997145,4,3.685212981766732,RankSurprise
microGPi2_L_7_CommonFiltered,4,399871.3856,399977.18528,105.79967999999644,399871.3856,399977.18528,105.79967999999644,3,3.686640215034009,RankSurprise
microGPi2_L_7_CommonFiltered,4,405632.2048,405663.66208,31.457279999973252,405632.2048,405663.66208,31.457279999973252,3,5.701954673557802,RankSurprise
microGPi2_L_7_CommonFiltered,4,408042.98752,408112.3328,69.34527999995044,408042.98752,408112.3328,69.34527999995044,4,6.874223823511487,RankSurprise
microGPi2_L_7_CommonFiltered,4,410333.5936,410431.52896,97.93536000000313,410333.5936,410431.52896,97.93536000000313,3,3.7605520225226865,RankSurprise
microGPi2_L_7_CommonFiltered,4,411315.4048,411356.40576,41.00095999997575,411315.4048,411356.40576,41.00095999997575,3,5.298343134098962,RankSurprise
microGPi2_L_7_CommonFiltered,4,413112.48384,414088.97024,976.4863999999943,413112.48384,414088.97024,976.4863999999943,7,4.186776987639075,RankSurprise
microGPi2_L_7_CommonFiltered,4,426986.78272,427063.41888,76.63615999999456,426986.78272,427063.41888,76.63615999999456,3,3.927316245109859,RankSurprise
microGPi2_L_7_CommonFiltered,4,431250.88256,431368.192,117.30943999998271,431250.88256,431368.192,117.30943999998271,4,5.576061894063066,RankSurprise
microGPi2_L_7_CommonFiltered,4,438460.37504,438633.39008,173.0150399999693,438460.37504,438633.39008,173.0150399999693,5,6.630704418920224,RankSurprise
microGPi2_L_7_CommonFiltered,4,443152.75264,443250.4832,97.73055999999633,443152.75264,443250.4832,97.73055999999633,3,3.8178355008491724,RankSurprise
microGPi2_L_7_CommonFiltered,4,444030.48448,444115.84512,85.36064000002807,444030.48448,444115.84512,85.36064000002807,4,6.261672537894171,RankSurprise
microGPi2_L_7_CommonFiltered,4,448512.8192,448653.5168,140.69759999995586,448512.8192,448653.5168,140.69759999995586,4,5.155370728276125,RankSurprise
microGPi2_L_7_CommonFiltered,4,450293.43232,450413.07648,119.64415999996709,450293.43232,450413.07648,119.64415999996709,4,5.554633049303213,RankSurprise
microGPi2_L_7_CommonFiltered,4,454630.56384,454803.41504,172.8511999999755,454630.56384,454803.41504,172.8511999999755,6,9.343660777217327,RankSurprise
microGPi2_L_7_CommonFiltered,4,463225.48736,464517.61152,1292.1241599999485,463225.48736,464517.61152,1292.1241599999485,11,8.170208080498197,RankSurprise
microGPi2_L_7_CommonFiltered,4,469817.42592,470761.472,944.0460800000001,469817.42592,470761.472,944.0460800000001,10,8.454280067290751,RankSurprise
microGPi2_L_7_CommonFiltered,4,472461.18912,476061.81888,3600.6297599999816,472461.18912,476061.81888,3600.6297599999816,15,3.9836567255913824,RankSurprise
microGPi2_L_7_CommonFiltered,4,555051.25376,555317.94432,266.6905600000173,555051.25376,555317.94432,266.6905600000173,4,3.5290435357919776,RankSurprise
microGPi2_L_7_CommonFiltered,4,561539.8912,561694.14656,154.25536000006832,561539.8912,561694.14656,154.25536000006832,4,4.895893092592569,RankSurprise
microGPi2_L_9_CommonFiltered,1,503.3984,1043.61984,540.22144,503.3984,1043.61984,540.22144,7,3.8797532694364634,RankSurprise
microGPi2_L_9_CommonFiltered,1,20965.74464,21046.272,80.52736000000004,20965.74464,21046.272,80.52736000000004,4,5.637808638581607,RankSurprise
microGPi2_L_9_CommonFiltered,1,29251.9936,29342.06464,90.0710399999989,29251.9936,29342.06464,90.0710399999989,6,10.601454695900081,RankSurprise
microGPi2_L_9_CommonFiltered,1,53190.81984,53352.2432,161.42336000000068,53190.81984,53352.2432,161.42336000000068,4,3.6750534452561787,RankSurprise
microGPi2_L_9_CommonFiltered,1,54331.67872,54639.94368,308.26495999999315,54331.67872,54639.94368,308.26495999999315,6,4.83274195343985,RankSurprise
microGPi2_L_9_CommonFiltered,1,70286.17216,70331.22816,45.05599999999686,70286.17216,70331.22816,45.05599999999686,3,4.413688938203512,RankSurprise
microGPi2_L_9_CommonFiltered,1,72013.16864,72065.80224,52.633600000001024,72013.16864,72065.80224,52.633600000001024,3,4.113258614367005,RankSurprise
microGPi2_L_9_CommonFiltered,1,98200.9856,98208.9728,7.987200000003213,98200.9856,98208.9728,7.987200000003213,3,7.564326134235225,RankSurprise
microGPi2_L_9_CommonFiltered,1,102143.22176,102207.93856,64.71679999999469,102143.22176,102207.93856,64.71679999999469,3,3.7087492860057676,RankSurprise
microGPi2_L_9_CommonFiltered,1,104135.22944,104173.89568,38.66624000000593,104135.22944,104173.89568,38.66624000000593,3,4.646724599731824,RankSurprise
microGPi2_L_9_CommonFiltered,1,112191.85664,112568.60672,376.750079999998,112191.85664,112568.60672,376.750079999998,6,4.044091508818959,RankSurprise
microGPi2_L_9_CommonFiltered,1,125690.14272,126017.98656,327.84384000000136,125690.14272,126017.98656,327.84384000000136,7,6.697987742356204,RankSurprise
microGPi2_L_9_CommonFiltered,1,131289.00608,131319.72608,30.720000000001164,131289.00608,131319.72608,30.720000000001164,3,5.197312561369193,RankSurprise
microGPi2_L_9_CommonFiltered,1,138642.75968,138649.76384,7.004160000011325,138642.75968,138649.76384,7.004160000011325,3,7.7704017770372875,RankSurprise
microGPi2_L_9_CommonFiltered,1,144243.9168,144669.81888,425.90207999999984,144243.9168,144669.81888,425.90207999999984,6,3.6359361611575336,RankSurprise
microGPi2_L_9_CommonFiltered,1,146835.8656,147442.81088,606.9452800000145,146835.8656,147442.81088,606.9452800000145,8,4.396008992501864,RankSurprise
microGPi2_L_9_CommonFiltered,1,151525.7856,151597.75232,71.96671999999671,151525.7856,151597.75232,71.96671999999671,4,5.994203828712131,RankSurprise
microGPi2_L_9_CommonFiltered,1,153159.35232,153210.88,51.527679999999236,153159.35232,153210.88,51.527679999999236,3,4.194591426539981,RankSurprise
microGPi2_L_9_CommonFiltered,1,157609.32864,158099.21024,489.88159999999334,157609.32864,158099.21024,489.88159999999334,9,7.087848350692035,RankSurprise
microGPi2_L_9_CommonFiltered,1,160666.09152,160995.9424,329.8508800000127,160666.09152,160995.9424,329.8508800000127,6,4.490205497885164,RankSurprise
microGPi2_L_9_CommonFiltered,1,166865.63328,166986.30144,120.66816000000108,166865.63328,166986.30144,120.66816000000108,4,4.629782427652181,RankSurprise
microGPi2_L_9_CommonFiltered,1,167691.30496,167812.42368,121.11871999999858,167691.30496,167812.42368,121.11871999999858,4,4.503699027728899,RankSurprise
microGPi2_L_9_CommonFiltered,1,177424.46592,177693.4912,269.02528000000166,177424.46592,177693.4912,269.02528000000166,5,3.8017205321881278,RankSurprise
microGPi2_L_9_CommonFiltered,1,185373.696,185532.29312,158.59711999999126,185373.696,185532.29312,158.59711999999126,5,5.845726260429167,RankSurprise
microGPi2_L_9_CommonFiltered,1,187022.78656,187175.69024,152.90367999998853,187022.78656,187175.69024,152.90367999998853,5,5.845726260429167,RankSurprise
microGPi2_L_9_CommonFiltered,1,194077.81888,194109.39904,31.580159999983152,194077.81888,194109.39904,31.580159999983152,3,5.105245694454666,RankSurprise
microGPi2_L_9_CommonFiltered,1,206620.63104,206667.07968,46.44863999998779,206620.63104,206667.07968,46.44863999998779,3,4.390667053606711,RankSurprise
microGPi2_L_9_CommonFiltered,1,208296.38656,208325.2224,28.835839999985183,208296.38656,208325.2224,28.835839999985183,3,5.330105337687007,RankSurprise
microGPi2_L_9_CommonFiltered,1,213214.28992,213447.31136,233.02143999998225,213214.28992,213447.31136,233.02143999998225,5,4.2917180263968895,RankSurprise
microGPi2_L_9_CommonFiltered,1,223566.60224,223833.66144,267.0591999999888,223566.60224,223833.66144,267.0591999999888,5,3.8122635045264026,RankSurprise
microGPi2_L_9_CommonFiltered,1,225612.30848,225642.65984,30.351360000000568,225612.30848,225642.65984,30.351360000000568,3,5.163341315485988,RankSurprise
microGPi2_L_9_CommonFiltered,1,250886.10304,251095.49056,209.3875200000184,250886.10304,251095.49056,209.3875200000184,5,4.608617511817265,RankSurprise
microGPi2_L_9_CommonFiltered,1,280726.77376,281058.22208,331.44831999996677,280726.77376,281058.22208,331.44831999996677,6,4.498701258973279,RankSurprise
microGPi2_L_9_CommonFiltered,1,302249.90208,302317.03552,67.13343999994686,302249.90208,302317.03552,67.13343999994686,3,3.6133984641472967,RankSurprise
microGPi2_L_9_CommonFiltered,1,304394.28096,304599.40864,205.12767999997595,304394.28096,304599.40864,205.12767999997595,5,4.760916922222087,RankSurprise
microGPi2_L_9_CommonFiltered,1,310694.87104,310749.7984,54.9273600000306,310694.87104,310749.7984,54.9273600000306,3,4.0543585635062485,RankSurprise
microGPi2_L_9_CommonFiltered,1,327723.99104,328151.36768,427.37664000003133,327723.99104,328151.36768,427.37664000003133,8,6.2273342594715855,RankSurprise
microGPi2_L_9_CommonFiltered,1,340251.40224,340421.18144,169.77919999998994,340251.40224,340421.18144,169.77919999998994,4,3.5389475683941995,RankSurprise
microGPi2_L_9_CommonFiltered,1,347627.02848,347685.35552,58.32704000000376,347627.02848,347685.35552,58.32704000000376,3,3.927852527933444,RankSurprise
microGPi2_L_9_CommonFiltered,1,352966.90176,353269.39136,302.4896000000299,352966.90176,353269.39136,302.4896000000299,5,3.5566834027879857,RankSurprise
microGPi2_L_9_CommonFiltered,1,357846.71232,358292.11136,445.3990399999893,357846.71232,358292.11136,445.3990399999893,7,4.755609211394373,RankSurprise
microGPi2_L_9_CommonFiltered,1,363044.53632,363103.39584,58.859519999998156,363044.53632,363103.39584,58.859519999998156,3,3.8829572080255517,RankSurprise
microGPi2_L_9_CommonFiltered,1,364339.8144,364374.75328,34.93888000003062,364339.8144,364374.75328,34.93888000003062,3,4.9179737701799,RankSurprise
microGPi2_L_9_CommonFiltered,1,366367.29344,366516.51072,149.21728000004077,366367.29344,366516.51072,149.21728000004077,5,5.891622660377308,RankSurprise
microGPi2_L_9_CommonFiltered,1,368559.43168,368609.93536,50.50368000002345,368559.43168,368609.93536,50.50368000002345,3,4.173946047550457,RankSurprise
microGPi2_L_9_CommonFiltered,1,371368.09984,371681.28,313.1801600000472,371368.09984,371681.28,313.1801600000472,6,4.643198651125498,RankSurprise
microGPi2_L_9_CommonFiltered,1,373106.0736,373395.00544,288.93183999997564,373106.0736,373395.00544,288.93183999997564,5,3.6326667160163844,RankSurprise
microGPi2_L_9_CommonFiltered,1,390388.69504,390664.27392,275.5788799999864,390388.69504,390664.27392,275.5788799999864,5,3.6712065803007192,RankSurprise
microGPi2_L_9_CommonFiltered,1,394745.2416,394803.85536,58.613759999978356,394745.2416,394803.85536,58.613759999978356,3,3.87409782497733,RankSurprise
microGPi2_L_9_CommonFiltered,1,399931.71968,400199.76192,268.0422400000389,399931.71968,400199.76192,268.0422400000389,5,3.787006900429649,RankSurprise
microGPi2_L_9_CommonFiltered,1,405764.01408,405878.45632,114.44224000000395,405764.01408,405878.45632,114.44224000000395,4,4.668311888939979,RankSurprise
microGPi2_L_9_CommonFiltered,1,406656.12288,406694.58432,38.461440000042785,406656.12288,406694.58432,38.461440000042785,3,4.7263373196287155,RankSurprise
microGPi2_L_9_CommonFiltered,1,411539.78368,411626.20928,86.42560000001686,411539.78368,411626.20928,86.42560000001686,4,5.444497155073016,RankSurprise
microGPi2_L_9_CommonFiltered,1,414432.54272,414534.2464,101.70367999997688,414432.54272,414534.2464,101.70367999997688,4,5.015498477351581,RankSurprise
microGPi2_L_9_CommonFiltered,1,418864.49664,418923.68384,59.18719999998575,418864.49664,418923.68384,59.18719999998575,3,3.9187924781697614,RankSurprise
microGPi2_L_9_CommonFiltered,1,425252.98688,425304.96512,51.978240000025835,425252.98688,425304.96512,51.978240000025835,3,4.18424209763954,RankSurprise
microGPi2_L_9_CommonFiltered,1,428033.31072,428390.4,357.0892800000147,428033.31072,428390.4,357.0892800000147,6,4.205669315448148,RankSurprise
microGPi2_L_9_CommonFiltered,1,438715.35104,438747.79136,32.440319999994244,438715.35104,438747.79136,32.440319999994244,3,5.04879010364939,RankSurprise
microGPi2_L_9_CommonFiltered,1,444331.13088,444416.90112,85.77023999998346,444331.13088,444416.90112,85.77023999998346,4,5.495150778747757,RankSurprise
microGPi2_L_9_CommonFiltered,1,446516.34688,446555.21792,38.871039999998175,446516.34688,446555.21792,38.871039999998175,3,4.719580537165836,RankSurprise
microGPi2_L_9_CommonFiltered,1,447538.46272,448830.70976,1292.2470399999875,447538.46272,448830.70976,1292.2470399999875,18,10.305383447601935,RankSurprise
microGPi2_L_9_CommonFiltered,1,459512.34048,459578.44992,66.10943999997107,459512.34048,459578.44992,66.10943999997107,4,6.251750502950699,RankSurprise
microGPi2_L_9_CommonFiltered,1,464538.66496,464918.07744,379.41247999999905,464538.66496,464918.07744,379.41247999999905,6,3.817040632753398,RankSurprise
microGPi2_L_9_CommonFiltered,1,465402.83904,465685.01248,282.1734399999841,465402.83904,465685.01248,282.1734399999841,5,3.7060072206221655,RankSurprise
microGPi2_L_9_CommonFiltered,1,468925.93152,468931.29728,5.365760000015143,468925.93152,468931.29728,5.365760000015143,3,8.468368244033181,RankSurprise
microGPi2_L_9_CommonFiltered,1,483745.05472,483902.09536,157.04063999996288,483745.05472,483902.09536,157.04063999996288,4,3.754579303534033,RankSurprise
microGPi2_L_9_CommonFiltered,1,501914.37824,502398.52544,484.1472000000067,501914.37824,502398.52544,484.1472000000067,7,4.526479248259744,RankSurprise
microGPi2_L_9_CommonFiltered,1,516148.92032,516450.42688,301.5065600000089,516148.92032,516450.42688,301.5065600000089,5,3.6025006509935587,RankSurprise
microGPi2_L_9_CommonFiltered,1,531528.2944,531841.47456,313.180159999989,531528.2944,531841.47456,313.180159999989,6,5.215184252021061,RankSurprise
microGPi2_L_9_CommonFiltered,1,534079.20128,534366.8224,287.62111999990884,534079.20128,534366.8224,287.62111999990884,5,3.691640858737692,RankSurprise
microGPi2_L_9_CommonFiltered,1,537030.20544,537064.73472,34.52927999990061,537030.20544,537064.73472,34.52927999990061,3,4.940445995524675,RankSurprise
microGPi2_L_9_CommonFiltered,1,542654.79168,543531.45856,876.6668800000334,542654.79168,543531.45856,876.6668800000334,10,4.41706221511853,RankSurprise
microGPi2_L_9_CommonFiltered,1,548660.18304,551055.72864,2395.545599999954,548660.18304,551055.72864,2395.545599999954,20,5.13932919457387,RankSurprise
microGPi2_L_9_CommonFiltered,2,7132.5696,7410.2784,277.70880000000034,7132.5696,7410.2784,277.70880000000034,5,4.000131057680825,RankSurprise
microGPi2_L_9_CommonFiltered,2,23437.80352,23482.7776,44.97407999999996,23437.80352,23482.7776,44.97407999999996,3,4.417578731169778,RankSurprise
microGPi2_L_9_CommonFiltered,2,24631.17312,24644.07552,12.902399999999034,24631.17312,24644.07552,12.902399999999034,3,6.834757826259784,RankSurprise
microGPi2_L_9_CommonFiltered,2,35692.17536,36854.784,1162.6086399999986,35692.17536,36854.784,1162.6086399999986,12,4.471340660550185,RankSurprise
microGPi2_L_9_CommonFiltered,2,41456.92672,41516.40064,59.473919999996724,41456.92672,41516.40064,59.473919999996724,3,3.869194155818114,RankSurprise
microGPi2_L_9_CommonFiltered,2,43441.43872,43995.01312,553.574400000005,43441.43872,43995.01312,553.574400000005,9,7.129009431912343,RankSurprise
microGPi2_L_9_CommonFiltered,2,64761.52832,64880.18944,118.6611200000043,64761.52832,64880.18944,118.6611200000043,4,4.645193619713844,RankSurprise
microGPi2_L_9_CommonFiltered,2,66943.46752,67078.47168,135.00415999999677,66943.46752,67078.47168,135.00415999999677,4,4.234916445428784,RankSurprise
microGPi2_L_9_CommonFiltered,2,71967.86688,72011.65312,43.78624000000127,71967.86688,72011.65312,43.78624000000127,3,4.4609241848551235,RankSurprise
microGPi2_L_9_CommonFiltered,2,123393.26976,123462.2464,68.97664000000805,123393.26976,123462.2464,68.97664000000805,3,3.5792703306121822,RankSurprise
microGPi2_L_9_CommonFiltered,2,131799.8592,131859.456,59.59679999999935,131799.8592,131859.456,59.59679999999935,3,3.869194155818114,RankSurprise
microGPi2_L_9_CommonFiltered,2,132895.49824,133013.79072,118.2924800000037,132895.49824,133013.79072,118.2924800000037,4,4.561399383244439,RankSurprise
microGPi2_L_9_CommonFiltered,2,139705.79456,139836.94848,131.15391999998246,139705.79456,139836.94848,131.15391999998246,4,4.28037189598766,RankSurprise
microGPi2_L_9_CommonFiltered,2,148451.57376,149665.25952,1213.685759999993,148451.57376,149665.25952,1213.685759999993,15,8.796423909362632,RankSurprise
microGPi2_L_9_CommonFiltered,2,156705.9968,156968.38656,262.38976000002003,156705.9968,156968.38656,262.38976000002003,5,4.109110306822252,RankSurprise
microGPi2_L_9_CommonFiltered,2,170409.53344,170424.60672,15.073280000011437,170409.53344,170424.60672,15.073280000011437,3,6.734734481919833,RankSurprise
microGPi2_L_9_CommonFiltered,2,175474.97472,175521.13664,46.1619200000132,175474.97472,175521.13664,46.1619200000132,3,4.417578731169778,RankSurprise
microGPi2_L_9_CommonFiltered,2,176976.93696,177356.3904,379.45344000001205,176976.93696,177356.3904,379.45344000001205,6,3.875342569851818,RankSurprise
microGPi2_L_9_CommonFiltered,2,185949.51168,186118.30784,168.79615999999805,185949.51168,186118.30784,168.79615999999805,5,5.899592304982683,RankSurprise
microGPi2_L_9_CommonFiltered,2,204552.92928,204561.2032,8.273919999977807,204552.92928,204561.2032,8.273919999977807,3,7.998119051636993,RankSurprise
microGPi2_L_9_CommonFiltered,2,208074.1376,208130.17088,56.03328000000329,208074.1376,208130.17088,56.03328000000329,3,3.9548197195879773,RankSurprise
microGPi2_L_9_CommonFiltered,2,208716.75904,208863.55968,146.8006400000013,208716.75904,208863.55968,146.8006400000013,4,3.828688189367675,RankSurprise
microGPi2_L_9_CommonFiltered,2,223822.72512,223866.83904,44.11392000000342,223822.72512,223866.83904,44.11392000000342,3,4.467193797868717,RankSurprise
microGPi2_L_9_CommonFiltered,2,228565.52448,228595.9168,30.39232000001357,228565.52448,228595.9168,30.39232000001357,3,5.23004386710419,RankSurprise
microGPi2_L_9_CommonFiltered,2,240754.11456,240817.72544,63.61088000002201,240754.11456,240817.72544,63.61088000002201,3,3.764861978118473,RankSurprise
microGPi2_L_9_CommonFiltered,2,241854.70976,242120.41728,265.7075199999963,241854.70976,242120.41728,265.7075199999963,6,5.494039671104076,RankSurprise
microGPi2_L_9_CommonFiltered,2,245979.3408,246139.82208,160.48128000000725,245979.3408,246139.82208,160.48128000000725,5,5.554208989545625,RankSurprise
microGPi2_L_9_CommonFiltered,2,249420.06272,249726.81216,306.74944000001415,249420.06272,249726.81216,306.74944000001415,7,6.695985666679995,RankSurprise
microGPi2_L_9_CommonFiltered,2,259557.62176,259619.84,62.21823999998742,259557.62176,259619.84,62.21823999998742,3,3.814081525909195,RankSurprise
microGPi2_L_9_CommonFiltered,2,279335.15776,279807.34464,472.18688000005204,279335.15776,279807.34464,472.18688000005204,6,3.6573330524505563,RankSurprise
microGPi2_L_9_CommonFiltered,2,289877.36064,290024.12032,146.7596799999592,289877.36064,290024.12032,146.7596799999592,4,3.851287179648857,RankSurprise
microGPi2_L_9_CommonFiltered,2,322660.10624,322700.45184,40.34560000000056,322660.10624,322700.45184,40.34560000000056,3,4.7070823148523875,RankSurprise
microGPi2_L_9_CommonFiltered,2,336047.34976,336403.29216,355.9423999999999,336047.34976,336403.29216,355.9423999999999,6,4.494176840656949,RankSurprise
microGPi2_L_9_CommonFiltered,2,339591.53664,339691.06944,99.53279999998631,339591.53664,339691.06944,99.53279999998631,4,5.056362837416323,RankSurprise
microGPi2_L_9_CommonFiltered,2,340742.51264,341094.76864,352.25600000005215,340742.51264,341094.76864,352.25600000005215,6,4.164446605803184,RankSurprise
microGPi2_L_9_CommonFiltered,2,349464.73984,349502.70976,37.969920000003185,349464.73984,349502.70976,37.969920000003185,3,4.793895503555664,RankSurprise
microGPi2_L_9_CommonFiltered,2,354936.17664,355027.88608,91.709440000006,354936.17664,355027.88608,91.709440000006,4,5.253370427939441,RankSurprise
microGPi2_L_9_CommonFiltered,2,358072.5248,358225.7152,153.19039999996312,358072.5248,358225.7152,153.19039999996312,4,3.828688189367675,RankSurprise
microGPi2_L_9_CommonFiltered,2,363189.73952,363681.50528,491.7657599999802,363189.73952,363681.50528,491.7657599999802,10,8.938973352414676,RankSurprise
microGPi2_L_9_CommonFiltered,2,370401.56672,370430.60736,29.040640000021085,370401.56672,370430.60736,29.040640000021085,3,5.484667483359328,RankSurprise
microGPi2_L_9_CommonFiltered,2,375442.67776,375591.40352,148.72576000000117,375442.67776,375591.40352,148.72576000000117,4,3.917223939951473,RankSurprise
microGPi2_L_9_CommonFiltered,2,384859.05408,385406.976,547.9219200000516,384859.05408,385406.976,547.9219200000516,8,5.220300315637382,RankSurprise
microGPi2_L_9_CommonFiltered,2,388844.58496,389003.8784,159.29343999997946,388844.58496,389003.8784,159.29343999997946,4,3.6831217972226327,RankSurprise
microGPi2_L_9_CommonFiltered,2,392918.2208,393147.43296,229.2121599999955,392918.2208,393147.43296,229.2121599999955,5,4.346583545854173,RankSurprise
microGPi2_L_9_CommonFiltered,2,404790.96832,405066.38336,275.4150399999926,404790.96832,405066.38336,275.4150399999926,5,4.021220746514402,RankSurprise
microGPi2_L_9_CommonFiltered,2,405718.34368,405860.51584,142.17216000001645,405718.34368,405860.51584,142.17216000001645,6,8.452191352278419,RankSurprise
microGPi2_L_9_CommonFiltered,2,407501.824,408700.3136,1198.4895999999717,407501.824,408700.3136,1198.4895999999717,15,7.737222191904739,RankSurprise
microGPi2_L_9_CommonFiltered,2,418836.02944,418886.4512,50.42175999999745,418836.02944,418886.4512,50.42175999999745,3,4.258671313366669,RankSurprise
microGPi2_L_9_CommonFiltered,2,424450.49856,424497.64352,47.144960000005085,424450.49856,424497.64352,47.144960000005085,4,7.373821962890638,RankSurprise
microGPi2_L_9_CommonFiltered,2,425844.61312,426346.61888,502.0057600000291,425844.61312,426346.61888,502.0057600000291,9,6.783386327804728,RankSurprise
microGPi2_L_9_CommonFiltered,2,431203.65568,431489.024,285.3683199999505,431203.65568,431489.024,285.3683199999505,7,6.991274094591034,RankSurprise
microGPi2_L_9_CommonFiltered,2,439438.9504,440952.54528,1513.5948800000479,439438.9504,440952.54528,1513.5948800000479,17,7.650844243993642,RankSurprise
microGPi2_L_9_CommonFiltered,2,449065.61536,449141.47328,75.85791999998037,449065.61536,449141.47328,75.85791999998037,4,5.9081323710710585,RankSurprise
microGPi2_L_9_CommonFiltered,2,450583.3472,450601.90208,18.5548800000106,450583.3472,450601.90208,18.5548800000106,3,6.3298406391799595,RankSurprise
microGPi2_L_9_CommonFiltered,2,450992.45568,451064.05376,71.59807999996701,450992.45568,451064.05376,71.59807999996701,3,3.5315068193047345,RankSurprise
microGPi2_L_9_CommonFiltered,2,465312.27648,465422.99136,110.71487999998499,465312.27648,465422.99136,110.71487999998499,7,12.538919010508152,RankSurprise
microGPi2_L_9_CommonFiltered,2,474635.79648,474639.7696,3.973119999980554,474635.79648,474639.7696,3.973119999980554,3,9.366394907254206,RankSurprise
microGPi2_L_9_CommonFiltered,2,484016.57856,484088.91392,72.33536000002641,484016.57856,484088.91392,72.33536000002641,3,3.515835813223461,RankSurprise
microGPi2_L_9_CommonFiltered,2,492208.7424,492228.11648,19.374080000037793,492208.7424,492228.11648,19.374080000037793,3,6.161800471869562,RankSurprise
microGPi2_L_9_CommonFiltered,2,514899.43552,515075.56352,176.12800000002608,514899.43552,515075.56352,176.12800000002608,4,3.5674194053168407,RankSurprise
microGPi2_L_9_CommonFiltered,2,517088.62464,517120.6144,31.989760000025854,517088.62464,517120.6144,31.989760000025854,3,5.088076714510336,RankSurprise
microGPi2_L_9_CommonFiltered,2,521413.95968,521600.69632,186.73663999995915,521413.95968,521600.69632,186.73663999995915,5,5.214069894775459,RankSurprise
microGPi2_L_9_CommonFiltered,2,522342.64576,522390.36416,47.71840000001248,522342.64576,522390.36416,47.71840000001248,3,4.3336081885400155,RankSurprise
microGPi2_L_9_CommonFiltered,2,526772.79744,527137.09568,364.2982400000328,526772.79744,527137.09568,364.2982400000328,8,7.837436903276228,RankSurprise
microGPi2_L_9_CommonFiltered,2,528739.98336,528935.15776,195.17440000001807,528739.98336,528935.15776,195.17440000001807,5,5.0073930866710405,RankSurprise
microGPi2_L_9_CommonFiltered,2,532354.6624,532520.05888,165.3964799999958,532354.6624,532520.05888,165.3964799999958,4,3.6484701276314873,RankSurprise
microGPi2_L_9_CommonFiltered,2,549117.17376,549209.66144,92.48768000002019,549117.17376,549209.66144,92.48768000002019,4,5.257898737564187,RankSurprise
microGPi2_L_9_CommonFiltered,2,556649.10336,556711.89504,62.791680000023916,556649.10336,556711.89504,62.791680000023916,3,3.7692867640988297,RankSurprise
microGPi2_L_9_CommonFiltered,2,558600.84736,558625.87392,25.02656000002753,558600.84736,558625.87392,25.02656000002753,3,5.716974289880817,RankSurprise
microGPi2_L_9_CommonFiltered,2,577610.05568,578058.36288,448.3072000000393,577610.05568,578058.36288,448.3072000000393,7,4.732697065852819,RankSurprise
microGPi2_L_9_CommonFiltered,2,579350.40512,579392.06144,41.65631999995094,579350.40512,579392.06144,41.65631999995094,3,4.5505394048739465,RankSurprise
microGPi2_L_9_CommonFiltered,2,590470.144,590623.70304,153.55904000008013,590470.144,590623.70304,153.55904000008013,4,3.8569636274921315,RankSurprise
microGPi2_L_9_CommonFiltered,2,597147.2384,597582.27456,435.03616000001784,597147.2384,597582.27456,435.03616000001784,6,3.5512081570079514,RankSurprise
microGPi2_L_9_CommonFiltered,2,611199.34464,611246.77632,47.43167999992147,611199.34464,611246.77632,47.43167999992147,3,4.292909023712404,RankSurprise
microGPi2_L_10_CommonFiltered,0,144392.97024,144575.93856,182.9683200000145,144392.97024,144575.93856,182.9683200000145,5,4.945394507980005,RankSurprise
microGPi2_L_10_CommonFiltered,0,145254.27712,145271.76704,17.489919999992708,145254.27712,145271.76704,17.489919999992708,4,8.087626723889228,RankSurprise
microGPi2_L_10_CommonFiltered,0,154344.57088,155109.04832,764.4774399999878,154344.57088,155109.04832,764.4774399999878,8,4.414952349801572,RankSurprise
microGPi2_L_10_CommonFiltered,0,183750.81984,184851.8656,1101.045759999979,183750.81984,184851.8656,1101.045759999979,8,3.7628384756155984,RankSurprise
microGPi2_L_10_CommonFiltered,0,187229.83936,187577.83552,347.9961599999806,187229.83936,187577.83552,347.9961599999806,8,7.858813506021187,RankSurprise
microGPi2_L_10_CommonFiltered,0,196181.1968,196182.13888,0.9420800000079907,196181.1968,196182.13888,0.9420800000079907,3,10.302073497811886,RankSurprise
microGPi2_L_10_CommonFiltered,0,227262.34112,227301.25312,38.912000000011176,227262.34112,227301.25312,38.912000000011176,3,4.149340803107782,RankSurprise
microGPi2_L_10_CommonFiltered,0,244993.59744,245134.00832,140.41087999998126,244993.59744,245134.00832,140.41087999998126,6,8.14693782638519,RankSurprise
microGPi2_L_10_CommonFiltered,0,247502.06976,247565.27104,63.201279999979306,247502.06976,247565.27104,63.201279999979306,3,3.5828878255274663,RankSurprise
microGPi2_L_10_CommonFiltered,0,300698.4192,300737.3312,38.912000000011176,300698.4192,300737.3312,38.912000000011176,3,4.359274122685184,RankSurprise
microGPi2_L_10_CommonFiltered,0,304400.42496,304777.6256,377.2006400000537,304400.42496,304777.6256,377.2006400000537,7,6.381546701711974,RankSurprise
microGPi2_L_10_CommonFiltered,0,311117.45536,311136.29696,18.841599999985192,311117.45536,311136.29696,18.841599999985192,4,8.703470058700525,RankSurprise
microGPi2_L_10_CommonFiltered,0,315983.872,316077.38368,93.51168000005418,315983.872,316077.38368,93.51168000005418,5,7.382435118156867,RankSurprise
microGPi2_L_10_CommonFiltered,0,319248.9984,319553.57696,304.57855999999447,319248.9984,319553.57696,304.57855999999447,6,4.9546109562349585,RankSurprise
microGPi2_L_10_CommonFiltered,0,327866.90048,328043.84768,176.94719999999506,327866.90048,328043.84768,176.94719999999506,6,7.476180551746296,RankSurprise
microGPi2_L_10_CommonFiltered,0,342448.5376,342475.20256,26.66496000002371,342448.5376,342475.20256,26.66496000002371,3,4.799649785969724,RankSurprise
microGPi2_L_10_CommonFiltered,0,349440.12288,350153.03168,712.9088000000338,349440.12288,350153.03168,712.9088000000338,9,5.338074178798773,RankSurprise
microGPi2_L_10_CommonFiltered,0,353075.07712,353182.02368,106.94656000001123,353075.07712,353182.02368,106.94656000001123,4,4.5349580022866505,RankSurprise
microGPi2_L_10_CommonFiltered,0,355820.46208,358328.1152,2507.6531199999736,355820.46208,358328.1152,2507.6531199999736,13,3.72494952966564,RankSurprise
microGPi2_L_10_CommonFiltered,0,361685.72928,362003.16928,317.4399999999441,361685.72928,362003.16928,317.4399999999441,8,7.97237371057505,RankSurprise
microGPi2_L_10_CommonFiltered,0,367458.54976,375429.28384,7970.734079999966,367458.54976,375429.28384,7970.734079999966,37,5.325761761781593,RankSurprise
microGPi2_L_10_CommonFiltered,0,381329.85856,381478.87104,149.01247999997577,381329.85856,381478.87104,149.01247999997577,4,3.7852198530825305,RankSurprise
microGPi2_L_10_CommonFiltered,0,383221.71904,383978.00448,756.2854400000069,383221.71904,383978.00448,756.2854400000069,10,6.026273442253811,RankSurprise
microGPi2_L_10_CommonFiltered,0,404783.47264,405788.18048,1004.7078399999882,404783.47264,405788.18048,1004.7078399999882,14,9.97894196041881,RankSurprise
microGPi2_L_10_CommonFiltered,0,411567.84128,411714.1504,146.3091199999908,411567.84128,411714.1504,146.3091199999908,4,4.360328750390387,RankSurprise
microGPi2_L_10_CommonFiltered,0,413206.69184,413359.84128,153.14944000000833,413206.69184,413359.84128,153.14944000000833,4,3.7999982678615964,RankSurprise
microGPi2_L_10_CommonFiltered,0,419448.87296,421363.0976,1914.2246399999713,419448.87296,421363.0976,1914.2246399999713,13,4.148051306885068,RankSurprise
microGPi2_L_10_CommonFiltered,0,427725.33248,427815.69024,90.35776000004262,427725.33248,427815.69024,90.35776000004262,5,7.116598984613301,RankSurprise
microGPi2_L_10_CommonFiltered,0,444234.83392,444395.47904,160.64512000000104,444234.83392,444395.47904,160.64512000000104,4,3.5650018539838086,RankSurprise
microGPi2_L_10_CommonFiltered,0,448532.23424,449247.0272,714.7929599999916,448532.23424,449247.0272,714.7929599999916,8,5.7697411297780254,RankSurprise
microGPi2_L_10_CommonFiltered,0,463644.18048,463684.48512,40.304640000045765,463644.18048,463684.48512,40.304640000045765,3,4.2071073045310765,RankSurprise
microGPi2_L_10_CommonFiltered,0,467290.15296,471269.53984,3979.3868800000055,467290.15296,471269.53984,3979.3868800000055,19,4.265560666045089,RankSurprise
microGPi2_L_10_CommonFiltered,0,472990.43328,473319.50592,329.0726400000276,472990.43328,473319.50592,329.0726400000276,5,3.9849588899870128,RankSurprise
microVoSTNSNr_L_9_CommonFiltered,1,135542.04672,136395.28448,853.2377599999891,135542.04672,136395.28448,853.2377599999891,7,4.739963955538375,RankSurprise
microVoSTNSNr_L_9_CommonFiltered,1,144270.66368,149719.08096,5448.417279999994,144270.66368,149719.08096,5448.417279999994,25,7.649753769719855,RankSurprise
microVoSTNSNr_L_9_CommonFiltered,1,154526.5152,154879.87712,353.36191999999573,154526.5152,154879.87712,353.36191999999573,4,3.7901735872615063,RankSurprise
microVoSTNSNr_L_9_CommonFiltered,1,156657.29536,156794.83904,137.5436800000025,156657.29536,156794.83904,137.5436800000025,5,8.164461676258075,RankSurprise
microVoSTNSNr_L_9_CommonFiltered,1,157790.49472,157792.33792,1.8432000000029802,157790.49472,157792.33792,1.8432000000029802,3,12.186361314066403,RankSurprise
microVoSTNSNr_L_9_CommonFiltered,1,159313.14176,161273.07776,1959.935999999987,159313.14176,161273.07776,1959.935999999987,10,4.04823560773195,RankSurprise
microVoSTNSNr_L_9_CommonFiltered,1,170842.3168,171347.5584,505.2416000000085,170842.3168,171347.5584,505.2416000000085,5,3.788148716484063,RankSurprise
microVoSTNSNr_L_9_CommonFiltered,1,176809.3696,176891.24864,81.8790399999998,176809.3696,176891.24864,81.8790399999998,3,4.550091710687029,RankSurprise
microVoSTNSNr_L_9_CommonFiltered,1,178234.69568,178286.14144,51.44576000000234,178234.69568,178286.14144,51.44576000000234,3,5.356567576553978,RankSurprise
microVoSTNSNr_L_9_CommonFiltered,1,180073.34912,180241.03936,167.69023999999627,180073.34912,180241.03936,167.69023999999627,4,5.26484629034049,RankSurprise
microVoSTNSNr_L_9_CommonFiltered,1,210703.23712,210798.55104,95.31391999998596,210703.23712,210798.55104,95.31391999998596,3,4.160191119119975,RankSurprise
microVoSTNSNr_L_9_CommonFiltered,1,244357.36576,244485.20192,127.8361600000062,244357.36576,244485.20192,127.8361600000062,3,3.597778126563492,RankSurprise
microVoSTNSNr_L_9_CommonFiltered,1,268109.53728,268856.81152,747.2742399999988,268109.53728,268856.81152,747.2742399999988,6,3.9994118963861847,RankSurprise
microVoSTNSNr_L_9_CommonFiltered,1,278776.17664,278875.21792,99.04128000000492,278776.17664,278875.21792,99.04128000000492,3,3.963539183252742,RankSurprise
microVoSTNSNr_L_9_CommonFiltered,1,333678.22336,333702.67648,24.453120000020135,333678.22336,333702.67648,24.453120000020135,4,11.418299384382795,RankSurprise
microVoSTNSNr_L_9_CommonFiltered,1,338563.44064,340430.97088,1867.5302399999928,338563.44064,340430.97088,1867.5302399999928,12,6.465158137422564,RankSurprise
microVoSTNSNr_L_9_CommonFiltered,1,345647.80032,346536.71424,888.9139200000209,345647.80032,346536.71424,888.9139200000209,10,10.450529766624785,RankSurprise
microVoSTNSNr_L_9_CommonFiltered,1,361933.29152,362358.49728,425.20575999998255,361933.29152,362358.49728,425.20575999998255,5,4.3901005040184415,RankSurprise
microVoSTNSNr_L_9_CommonFiltered,1,368478.04416,372077.73184,3599.687680000032,368478.04416,372077.73184,3599.687680000032,17,6.287652211258826,RankSurprise
microVoSTNSNr_L_9_CommonFiltered,1,381344.31744,382677.77024,1333.45279999997,381344.31744,382677.77024,1333.45279999997,8,4.562171835282102,RankSurprise
microVoSTNSNr_L_9_CommonFiltered,1,385843.48672,387172.1472,1328.6604800000205,385843.48672,387172.1472,1328.6604800000205,8,4.91981493723051,RankSurprise
microVoSTNSNr_L_9_CommonFiltered,1,390486.67136,390602.26048,115.58912000001874,390486.67136,390602.26048,115.58912000001874,3,3.631487055682477,RankSurprise
microVoSTNSNr_L_9_CommonFiltered,1,396233.23648,396323.84,90.60352000000421,396233.23648,396323.84,90.60352000000421,3,4.250773928477203,RankSurprise
microVoSTNSNr_L_9_CommonFiltered,1,403800.43264,404577.19808,776.7654399999883,403800.43264,404577.19808,776.7654399999883,6,4.285569251747665,RankSurprise
microVoSTNSNr_L_9_CommonFiltered,1,421604.9664,421777.08032,172.11392000003252,421604.9664,421777.08032,172.11392000003252,4,5.083702798796615,RankSurprise
microVoSTNSNr_L_9_CommonFiltered,1,470210.88768,470645.39136,434.50368000002345,470210.88768,470645.39136,434.50368000002345,6,6.057132845254376,RankSurprise
microVoSTNSNr_L_9_CommonFiltered,1,495762.30912,495813.09952,50.790399999998044,495762.30912,495813.09952,50.790399999998044,3,5.176952381357765,RankSurprise
microVIMPPN_L_10_CommonFiltered,0,145171.98848,145177.8048,5.816320000012638,145171.98848,145177.8048,5.816320000012638,3,6.364856871849964,RankSurprise
microVIMPPN_L_10_CommonFiltered,0,149221.66272,149230.46912,8.806400000001304,149221.66272,149230.46912,8.806400000001304,3,4.136352237097917,RankSurprise
microVIMPPN_L_10_CommonFiltered,0,156187.89376,156221.19424,33.30048000000534,156187.89376,156221.19424,33.30048000000534,5,3.5565772587364286,RankSurprise
microVIMPPN_L_10_CommonFiltered,0,156737.90464,156746.58816,8.683520000020508,156737.90464,156746.58816,8.683520000020508,3,4.902027140010565,RankSurprise
microVIMPPN_L_10_CommonFiltered,0,156951.63392,156960.3584,8.724480000004405,156951.63392,156960.3584,8.724480000004405,3,4.099456472569345,RankSurprise
microVIMPPN_L_10_CommonFiltered,0,177834.43456,177842.9952,8.560640000010608,177834.43456,177842.9952,8.560640000010608,3,5.107950788056373,RankSurprise
microVIMPPN_L_10_CommonFiltered,0,178175.46752,178223.5136,48.046080000000075,178175.46752,178223.5136,48.046080000000075,6,3.6637392665088697,RankSurprise
microVIMPPN_L_10_CommonFiltered,0,178409.92256,178492.98944,83.06687999999849,178409.92256,178492.98944,83.06687999999849,10,5.688119283278295,RankSurprise
microVIMPPN_L_10_CommonFiltered,0,178584.41216,178592.9728,8.560639999981504,178584.41216,178592.9728,8.560639999981504,3,5.206161896930444,RankSurprise
microVIMPPN_L_10_CommonFiltered,0,178684.39552,178715.648,31.252479999995558,178684.39552,178715.648,31.252479999995558,5,4.456934738961298,RankSurprise
microVIMPPN_L_10_CommonFiltered,0,178801.13152,178809.73312,8.601599999994505,178801.13152,178809.73312,8.601599999994505,3,5.067999334930354,RankSurprise
microVIMPPN_L_10_CommonFiltered,0,178970.50112,178976.39936,5.898240000009537,178970.50112,178976.39936,5.898240000009537,3,5.622868430458466,RankSurprise
microVIMPPN_L_10_CommonFiltered,0,181351.0144,181393.03936,42.02496000000974,181351.0144,181393.03936,42.02496000000974,8,8.061267273396538,RankSurprise
microVIMPPN_L_10_CommonFiltered,0,181726.4128,181767.86432,41.45152000000235,181726.4128,181767.86432,41.45152000000235,7,6.2246162103734175,RankSurprise
microVIMPPN_L_10_CommonFiltered,0,181859.7376,182209.7408,350.0032000000065,181859.7376,182209.7408,350.0032000000065,33,12.791266573705515,RankSurprise
microVIMPPN_L_10_CommonFiltered,0,184298.98752,184303.90272,4.915200000017649,184298.98752,184303.90272,4.915200000017649,3,6.299734487392454,RankSurprise
microVIMPPN_L_10_CommonFiltered,0,184503.99232,184526.4384,22.446080000023358,184503.99232,184526.4384,22.446080000023358,4,3.523497771269458,RankSurprise
microVIMPPN_L_10_CommonFiltered,0,184834.53952,184909.824,75.28448000000208,184834.53952,184909.824,75.28448000000208,11,9.06290721357066,RankSurprise
microVIMPPN_L_10_CommonFiltered,0,185053.92128,185093.12,39.19871999998577,185053.92128,185093.12,39.19871999998577,6,5.114162327887215,RankSurprise
microVIMPPN_L_10_CommonFiltered,0,185276.45696,185287.22944,10.77247999998508,185276.45696,185287.22944,10.77247999998508,3,3.8371593185063464,RankSurprise
microVIMPPN_L_10_CommonFiltered,0,185443.16416,185476.46464,33.30048000000534,185443.16416,185476.46464,33.30048000000534,5,3.562680403749571,RankSurprise
microVIMPPN_L_10_CommonFiltered,0,186120.6016,186129.36704,8.765440000017406,186120.6016,186129.36704,8.765440000017406,3,3.5305763002494626,RankSurprise
microVIMPPN_L_10_CommonFiltered,0,187465.85088,187476.45952,10.608639999991283,187465.85088,187476.45952,10.608639999991283,4,7.994516999025656,RankSurprise
microVIMPPN_L_10_CommonFiltered,0,187503.98464,187526.51264,22.527999999991152,187503.98464,187526.51264,22.527999999991152,4,3.538356645086118,RankSurprise
microVIMPPN_L_10_CommonFiltered,0,187617.81248,187626.45504,8.642560000007506,187617.81248,187626.45504,8.642560000007506,3,5.04831894955108,RankSurprise
microVIMPPN_L_10_CommonFiltered,0,187993.088,188109.824,116.73600000000442,187993.088,188109.824,116.73600000000442,13,6.149732002919952,RankSurprise
microVIMPPN_L_10_CommonFiltered,0,188265.84064,188899.00032,633.1596799999825,188265.84064,188899.00032,633.1596799999825,47,8.024757779375499,RankSurprise
microVIMPPN_L_10_CommonFiltered,0,188970.51648,188976.57856,6.062080000003334,188970.51648,188976.57856,6.062080000003334,3,5.577705103549638,RankSurprise
microVIMPPN_L_10_CommonFiltered,0,189170.688,189201.28512,30.597119999991264,189170.688,189201.28512,30.597119999991264,7,8.880757850694522,RankSurprise
microVIMPPN_L_10_CommonFiltered,0,189268.09088,189276.5696,8.478719999984605,189268.09088,189276.5696,8.478719999984605,3,3.7559963144436583,RankSurprise
microVIMPPN_L_10_CommonFiltered,0,189370.65472,189376.59392,5.939200000022538,189370.65472,189376.59392,5.939200000022538,3,6.192804260553055,RankSurprise
microVIMPPN_L_10_CommonFiltered,0,189620.71552,189643.24352,22.527999999991152,189620.71552,189643.24352,22.527999999991152,4,3.529432492273493,RankSurprise
microVIMPPN_L_10_CommonFiltered,0,199993.5488,200087.71584,94.16704000000027,199993.5488,200087.71584,94.16704000000027,10,4.379889618470515,RankSurprise
microVIMPPN_L_10_CommonFiltered,0,201115.36128,201126.87104,11.509759999986272,201115.36128,201126.87104,11.509759999986272,3,4.380275709513436,RankSurprise
microVIMPPN_L_10_CommonFiltered,0,205037.7728,205054.52544,16.752639999991516,205037.7728,205054.52544,16.752639999991516,4,4.327833873245591,RankSurprise
microVIMPPN_L_10_CommonFiltered,0,215511.8592,215539.3024,27.443199999979697,215511.8592,215539.3024,27.443199999979697,5,4.41438922097284,RankSurprise
microVIMPPN_L_10_CommonFiltered,0,227975.29088,228325.41696,350.1260800000164,227975.29088,228325.41696,350.1260800000164,29,7.412147071250768,RankSurprise
microVIMPPN_L_10_CommonFiltered,0,228508.63104,228575.31392,66.68287999997847,228508.63104,228575.31392,66.68287999997847,8,4.4026050163893835,RankSurprise
microVIMPPN_L_10_CommonFiltered,0,229848.2688,229909.01248,60.74368000001414,229848.2688,229909.01248,60.74368000001414,7,3.6824724173323777,RankSurprise
microVIMPPN_L_10_CommonFiltered,0,230089.64608,230098.20672,8.560639999981504,230089.64608,230098.20672,8.560639999981504,3,5.133331880222215,RankSurprise
microVIMPPN_L_10_CommonFiltered,0,230189.71136,230292.39808,102.68672000002698,230189.71136,230292.39808,102.68672000002698,10,4.005175261521501,RankSurprise
microVIMPPN_L_10_CommonFiltered,0,230531.60448,230575.80032,44.19584000000032,230531.60448,230575.80032,44.19584000000032,6,3.5960440680005235,RankSurprise
microVIMPPN_L_10_CommonFiltered,0,232409.2928,232415.35488,6.062080000003334,232409.2928,232415.35488,6.062080000003334,3,6.066711533520953,RankSurprise
microVIMPPN_L_10_CommonFiltered,0,316166.30784,316249.4976,83.18975999997929,316166.30784,316249.4976,83.18975999997929,9,4.505851374327288,RankSurprise
microVIMPPN_L_10_CommonFiltered,0,316520.07936,316688.9984,168.91904000000795,316520.07936,316688.9984,168.91904000000795,16,5.618001908431752,RankSurprise
microVIMPPN_L_10_CommonFiltered,0,317612.15488,317622.8864,10.731520000030287,317612.15488,317622.8864,10.731520000030287,3,3.528285348502907,RankSurprise
microVIMPPN_L_10_CommonFiltered,0,320818.33984,321107.72224,289.38240000000224,320818.33984,321107.72224,289.38240000000224,25,7.969293775963206,RankSurprise
microVIMPPN_L_10_CommonFiltered,0,321341.07136,321374.45376,33.382400000002235,321341.07136,321374.45376,33.382400000002235,6,5.6086608049547095,RankSurprise
microVIMPPN_L_10_CommonFiltered,0,321582.4896,321591.296,8.806400000001304,321582.4896,321591.296,8.806400000001304,3,4.304600246116312,RankSurprise
microVIMPPN_L_10_CommonFiltered,0,321649.2544,321658.01984,8.76544000004651,321649.2544,321658.01984,8.76544000004651,3,4.301227561637672,RankSurprise
microVIMPPN_L_10_CommonFiltered,0,321758.08512,321816.08448,57.99936000001617,321758.08512,321816.08448,57.99936000001617,7,3.5776163475990286,RankSurprise
microVIMPPN_L_10_CommonFiltered,0,321991.55712,322135.6544,144.09727999998722,321991.55712,322135.6544,144.09727999998722,14,4.9511997475232485,RankSurprise
microVIMPPN_L_10_CommonFiltered,0,322375.02464,322391.73632,16.711680000007618,322375.02464,322391.73632,16.711680000007618,4,5.017682934268251,RankSurprise
microVIMPPN_L_10_CommonFiltered,0,322619.1872,322991.80032,372.6131199999945,322619.1872,322991.80032,372.6131199999945,35,13.538682146669856,RankSurprise
microVIMPPN_L_10_CommonFiltered,0,323314.72896,323375.34976,60.62080000003334,323314.72896,323375.34976,60.62080000003334,7,4.095062354037012,RankSurprise
microVIMPPN_L_10_CommonFiltered,0,323700.28544,323758.94016,58.65471999999136,323700.28544,323758.94016,58.65471999999136,8,5.828550766749209,RankSurprise
microVIMPPN_L_10_CommonFiltered,0,324133.80608,324150.39488,16.588799999968614,324133.80608,324150.39488,16.588799999968614,4,4.534397295667183,RankSurprise
microVIMPPN_L_10_CommonFiltered,0,328538.5216,328577.72032,39.19872000004398,328538.5216,328577.72032,39.19872000004398,6,4.6913353158824025,RankSurprise
microVIMPPN_L_10_CommonFiltered,0,329578.16832,329789.11232,210.9440000000177,329578.16832,329789.11232,210.9440000000177,17,3.626624305816228,RankSurprise
microVIMPPN_L_10_CommonFiltered,0,329811.72224,329828.27008,16.54784000001382,329811.72224,329828.27008,16.54784000001382,4,5.475261122338587,RankSurprise
microVIMPPN_L_10_CommonFiltered,0,330289.43872,330745.40544,455.9667200000258,330289.43872,330745.40544,455.9667200000258,38,8.944239275902683,RankSurprise
microVIMPPN_L_10_CommonFiltered,0,330789.51936,330862.10048,72.58112000004621,330789.51936,330862.10048,72.58112000004621,8,3.6892870180256834,RankSurprise
microVIMPPN_L_10_CommonFiltered,0,331139.6864,331478.95808,339.2716800000053,331139.6864,331478.95808,339.2716800000053,26,5.488495520179559,RankSurprise
microVIMPPN_L_10_CommonFiltered,0,331889.8688,332062.63808,172.7692800000077,331889.8688,332062.63808,172.7692800000077,15,4.104659563123403,RankSurprise
microVIMPPN_L_10_CommonFiltered,0,332553.95328,332556.98432,3.0310399999725632,332553.95328,332556.98432,3.0310399999725632,3,7.392832286587973,RankSurprise
microVIMPPN_L_10_CommonFiltered,0,332573.4912,332604.17024,30.679040000017267,332573.4912,332604.17024,30.679040000017267,5,3.847430611111225,RankSurprise
microVIMPPN_L_10_CommonFiltered,0,332690.18624,332923.61728,233.43103999999585,332690.18624,332923.61728,233.43103999999585,19,5.275839931321407,RankSurprise
microVIMPPN_L_10_CommonFiltered,0,333102.12096,333107.11808,4.997120000014547,333102.12096,333107.11808,4.997120000014547,3,6.461728674537762,RankSurprise
microVIMPPN_L_10_CommonFiltered,0,333307.0848,333373.76768,66.68287999997847,333307.0848,333373.76768,66.68287999997847,8,4.183513685293245,RankSurprise
microVIMPPN_L_10_CommonFiltered,0,333496.36096,333507.21536,10.854399999952875,333496.36096,333507.21536,10.854399999952875,3,3.53516609149691,RankSurprise
microVIMPPN_L_10_CommonFiltered,0,333746.46272,333846.528,100.0652799999807,333746.46272,333846.528,100.0652799999807,13,7.88509822346008,RankSurprise
microVIMPPN_L_10_CommonFiltered,0,333896.45824,334069.30944,172.8511999999755,333896.45824,334069.30944,172.8511999999755,18,7.519475663006317,RankSurprise
microVIMPPN_L_10_CommonFiltered,0,334404.77184,334413.33248,8.560639999981504,334404.77184,334413.33248,8.560639999981504,3,5.179845682210823,RankSurprise
microVIMPPN_L_10_CommonFiltered,0,335563.85792,335597.19936,33.34144000004744,335563.85792,335597.19936,33.34144000004744,6,5.656288043469232,RankSurprise
microVIMPPN_L_10_CommonFiltered,0,337141.71904,337212.2112,70.49216000002343,337141.71904,337212.2112,70.49216000002343,10,7.489003373154023,RankSurprise
microVIMPPN_L_10_CommonFiltered,0,337289.0112,337297.73568,8.724479999975301,337289.0112,337297.73568,8.724479999975301,3,3.8640595344493693,RankSurprise
microVIMPPN_L_10_CommonFiltered,0,337458.42176,337564.38528,105.96351999999024,337458.42176,337564.38528,105.96351999999024,11,4.078020570968568,RankSurprise
microVIMPPN_L_10_CommonFiltered,0,337864.54016,338131.3536,266.8134399999981,337864.54016,338131.3536,266.8134399999981,21,4.6236353556607215,RankSurprise
microVIMPPN_L_10_CommonFiltered,0,338789.45792,338864.78336,75.32543999998597,338789.45792,338864.78336,75.32543999998597,9,4.9894444171544405,RankSurprise
microVIMPPN_L_10_CommonFiltered,0,339292.44672,339298.38592,5.93919999996433,339292.44672,339298.38592,5.93919999996433,3,6.210233647489362,RankSurprise
microVIMPPN_L_10_CommonFiltered,0,339481.76384,339515.14624,33.38239999994403,339481.76384,339515.14624,33.38239999994403,5,3.59949613046879,RankSurprise
microVIMPPN_L_10_CommonFiltered,0,342166.3232,342316.15488,149.83168000000296,342166.3232,342316.15488,149.83168000000296,13,4.039710107933857,RankSurprise
microVIMPPN_L_10_CommonFiltered,0,342371.98336,342399.42656,27.443199999979697,342371.98336,342399.42656,27.443199999979697,5,5.312067960719332,RankSurprise
microVIMPPN_L_10_CommonFiltered,0,342566.21568,342593.7408,27.5251200000057,342566.21568,342593.7408,27.5251200000057,5,5.147153406985421,RankSurprise
microVIMPPN_L_10_CommonFiltered,0,342710.39488,342724.23936,13.844480000028852,342710.39488,342724.23936,13.844480000028852,4,5.780000702801981,RankSurprise
microVIMPPN_L_10_CommonFiltered,0,342993.79712,343143.87456,150.07744000002276,342993.79712,343143.87456,150.07744000002276,15,5.994562369078234,RankSurprise
microVIMPPN_L_10_CommonFiltered,0,343399.99744,343616.59392,216.59648000000743,343399.99744,343616.59392,216.59648000000743,22,8.495873493843362,RankSurprise
microVIMPPN_L_10_CommonFiltered,0,343674.59328,343710.80192,36.20864000002621,343674.59328,343710.80192,36.20864000002621,6,5.3135243205191,RankSurprise
microVIMPPN_L_10_CommonFiltered,0,343783.38304,343799.97184,16.588800000026822,343783.38304,343799.97184,16.588800000026822,4,5.1168655662335425,RankSurprise
microVIMPPN_L_10_CommonFiltered,0,344344.28928,344500.30592,156.0166399999871,344344.28928,344500.30592,156.0166399999871,15,5.916279997641266,RankSurprise
microVIMPPN_L_10_CommonFiltered,0,344977.89952,345117.16352,139.26400000002468,344977.89952,345117.16352,139.26400000002468,14,5.491077266481318,RankSurprise
microVIMPPN_L_10_CommonFiltered,0,345417.40032,345450.57792,33.17759999999544,345417.40032,345450.57792,33.17759999999544,6,6.020738782076457,RankSurprise
microVIMPPN_L_10_CommonFiltered,0,350218.81344,350318.67392,99.8604799999739,350218.81344,350318.67392,99.8604799999739,9,4.043615092258959,RankSurprise
microVIMPPN_L_10_CommonFiltered,0,350985.58464,351202.34496,216.76032000000123,350985.58464,351202.34496,216.76032000000123,19,5.752872831618792,RankSurprise
microVIMPPN_L_10_CommonFiltered,0,351363.15392,351396.49536,33.341439999989234,351363.15392,351396.49536,33.341439999989234,5,3.535895945066901,RankSurprise
microVIMPPN_L_10_CommonFiltered,0,351469.19936,351619.072,149.87263999995776,351469.19936,351619.072,149.87263999995776,16,7.723058515649888,RankSurprise
microVIMPPN_L_10_CommonFiltered,0,351750.38976,351819.20256,68.81280000001425,351750.38976,351819.20256,68.81280000001425,8,4.425522899409103,RankSurprise
microVIMPPN_L_10_CommonFiltered,0,351858.4832,351913.20576,54.7225599999656,351858.4832,351913.20576,54.7225599999656,9,8.295231939884223,RankSurprise
microVIMPPN_L_10_CommonFiltered,0,352090.64448,352102.52288,11.878399999986868,352090.64448,352102.52288,11.878399999986868,4,6.786903794821434,RankSurprise
microVIMPPN_L_10_CommonFiltered,0,352230.07232,352269.312,39.23967999999877,352230.07232,352269.312,39.23967999999877,6,4.76811225532498,RankSurprise
microVIMPPN_L_10_CommonFiltered,0,352475.25888,352516.75136,41.49248000001535,352475.25888,352516.75136,41.49248000001535,6,4.241507026831192,RankSurprise
microVIMPPN_L_10_CommonFiltered,0,352708.77184,352813.50656,104.73472000000766,352708.77184,352813.50656,104.73472000000766,12,7.087853803576654,RankSurprise
microVIMPPN_L_10_CommonFiltered,0,361311.51872,361332.81792,21.299200000008568,361311.51872,361332.81792,21.299200000008568,4,3.903833079351351,RankSurprise
microVIMPPN_L_10_CommonFiltered,0,361466.18368,361722.18368,256.0,361466.18368,361722.18368,256.0,20,4.219598990006401,RankSurprise
microVIMPPN_L_10_CommonFiltered,0,369435.40224,369441.25952,5.8572799999965355,369435.40224,369441.25952,5.8572799999965355,3,6.33668723684853,RankSurprise
microVIMPPN_L_10_CommonFiltered,0,369535.63136,369658.14272,122.51136000000406,369535.63136,369658.14272,122.51136000000406,13,6.08912202304223,RankSurprise
microVIMPPN_L_10_CommonFiltered,0,370274.95936,370306.21184,31.25248000002466,370274.95936,370306.21184,31.25248000002466,5,3.9889438038948306,RankSurprise
microVIMPPN_L_10_CommonFiltered,0,370779.70944,370958.336,178.62656000000425,370779.70944,370958.336,178.62656000000425,17,6.2456009809031485,RankSurprise
microVIMPPN_L_10_CommonFiltered,0,371185.99168,371283.02592,97.03424000000814,371185.99168,371283.02592,97.03424000000814,10,4.433639773816457,RankSurprise
microVIMPPN_L_10_CommonFiltered,0,383874.12992,383890.71872,16.588800000026822,383874.12992,383890.71872,16.588800000026822,5,7.880903993011206,RankSurprise
microVIMPPN_L_10_CommonFiltered,0,383927.13216,383929.99936,2.8672000000369735,383927.13216,383929.99936,2.8672000000369735,3,9.622059595010366,RankSurprise
microVIMPPN_L_10_CommonFiltered,0,384036.08576,384054.8864,18.8006400000304,384036.08576,384054.8864,18.8006400000304,4,3.9461947072154224,RankSurprise
microVIMPPN_L_10_CommonFiltered,0,384277.34016,384283.07456,5.734399999957532,384277.34016,384283.07456,5.734399999957532,3,5.836129316614322,RankSurprise
microVIMPPN_L_10_CommonFiltered,0,384421.6832,384446.95552,25.272319999989122,384421.6832,384446.95552,25.272319999989122,6,7.355509834088515,RankSurprise
microVIMPPN_L_10_CommonFiltered,0,384574.38208,384694.23104,119.84895999997389,384574.38208,384694.23104,119.84895999997389,14,9.00788133440116,RankSurprise
microVIMPPN_L_10_CommonFiltered,0,384838.61504,384857.9072,19.29216000001179,384838.61504,384857.9072,19.29216000001179,4,3.913945450604583,RankSurprise
microVIMPPN_L_10_CommonFiltered,0,394999.52128,395226.35776,226.83647999999812,394999.52128,395226.35776,226.83647999999812,22,8.832834470415797,RankSurprise
microVIMPPN_L_10_CommonFiltered,0,395276.41088,395301.72416,25.313280000002123,395276.41088,395301.72416,25.313280000002123,7,11.455038774096309,RankSurprise
microVIMPPN_L_10_CommonFiltered,0,412242.20672,412275.54816,33.341439999989234,412242.20672,412275.54816,33.341439999989234,5,3.508084463466499,RankSurprise
microVIMPPN_L_10_CommonFiltered,0,412838.33856,412903.2192,64.88063999998849,412838.33856,412903.2192,64.88063999998849,8,5.438495764339056,RankSurprise
microVIMPPN_L_10_CommonFiltered,0,430877.40928,431127.51104,250.10175999999046,430877.40928,431127.51104,250.10175999999046,21,5.08475959717428,RankSurprise
microVIMPPN_L_10_CommonFiltered,1,155805.9008,155814.87104,8.970239999995101,155805.9008,155814.87104,8.970239999995101,3,5.389927595646652,RankSurprise
microVIMPPN_L_10_CommonFiltered,1,155931.56608,156198.2976,266.7315200000012,155931.56608,156198.2976,266.7315200000012,17,5.146080580758548,RankSurprise
microVIMPPN_L_10_CommonFiltered,1,156448.19456,156631.57248,183.377919999999,156448.19456,156631.57248,183.377919999999,19,14.065960490047832,RankSurprise
microVIMPPN_L_10_CommonFiltered,1,181847.49056,181897.58464,50.09407999998075,181847.49056,181897.58464,50.09407999998075,7,7.44639471925354,RankSurprise
microVIMPPN_L_10_CommonFiltered,1,182147.56352,182446.57152,299.00800000000163,182147.56352,182446.57152,299.00800000000163,20,7.528711422153341,RankSurprise
microVIMPPN_L_10_CommonFiltered,1,184373.32992,184397.49632,24.166400000016438,184373.32992,184397.49632,24.166400000016438,4,4.933874826104162,RankSurprise
microVIMPPN_L_10_CommonFiltered,1,184647.55712,184671.96928,24.41215999997803,184647.55712,184671.96928,24.41215999997803,4,4.2769322587470775,RankSurprise
microVIMPPN_L_10_CommonFiltered,1,184923.3408,185088.6144,165.2735999999859,184923.3408,185088.6144,165.2735999999859,17,14.203693537394583,RankSurprise
microVIMPPN_L_10_CommonFiltered,1,185917.56288,185930.9568,13.393920000002254,185917.56288,185930.9568,13.393920000002254,3,4.775435691770106,RankSurprise
microVIMPPN_L_10_CommonFiltered,1,187680.93184,187740.03712,59.10527999998885,187680.93184,187740.03712,59.10527999998885,6,4.01963573335813,RankSurprise
microVIMPPN_L_10_CommonFiltered,1,187830.92736,187967.6928,136.7654399999883,187830.92736,187967.6928,136.7654399999883,11,5.801307270987028,RankSurprise
microVIMPPN_L_10_CommonFiltered,1,188181.01248,188194.89792,13.885439999983646,188181.01248,188194.89792,13.885439999983646,3,4.135977401557721,RankSurprise
microVIMPPN_L_10_CommonFiltered,1,188790.08768,189073.44896,283.3612800000119,188790.08768,189073.44896,283.3612800000119,21,7.822851006682822,RankSurprise
microVIMPPN_L_10_CommonFiltered,1,205883.26912,205898.26048,14.991359999985434,205883.26912,205898.26048,14.991359999985434,3,4.491906810201492,RankSurprise
microVIMPPN_L_10_CommonFiltered,1,210924.78976,210932.40832,7.618559999973513,210924.78976,210932.40832,7.618559999973513,3,6.440870396743696,RankSurprise
microVIMPPN_L_10_CommonFiltered,1,229986.01728,229995.1104,9.093120000005001,229986.01728,229995.1104,9.093120000005001,3,6.181883585119605,RankSurprise
microVIMPPN_L_10_CommonFiltered,1,230319.39072,230343.72096,24.330240000010235,230319.39072,230343.72096,24.330240000010235,4,4.526610985358197,RankSurprise
microVIMPPN_L_10_CommonFiltered,1,231424.65536,231435.0592,10.403839999984484,231424.65536,231435.0592,10.403839999984484,3,4.1950660231399155,RankSurprise
microVIMPPN_L_10_CommonFiltered,1,316385.6896,316735.8976,350.2080000000424,316385.6896,316735.8976,350.2080000000424,20,4.970615411224792,RankSurprise
microVIMPPN_L_10_CommonFiltered,1,316927.01696,316985.9584,58.94144000002416,316927.01696,316985.9584,58.94144000002416,6,3.924771558221701,RankSurprise
microVIMPPN_L_10_CommonFiltered,1,317436.19072,317446.9632,10.77247999998508,317436.19072,317446.9632,10.77247999998508,3,5.525191472780946,RankSurprise
microVIMPPN_L_10_CommonFiltered,1,320837.79584,320862.12608,24.33024000003934,320837.79584,320862.12608,24.33024000003934,4,4.507243562804469,RankSurprise
microVIMPPN_L_10_CommonFiltered,1,321278.89408,321345.61792,66.72383999999147,321278.89408,321345.61792,66.72383999999147,8,7.069696433507907,RankSurprise
microVIMPPN_L_10_CommonFiltered,1,321462.39488,321604.8128,142.41792000003625,321462.39488,321604.8128,142.41792000003625,11,5.891108155419096,RankSurprise
microVIMPPN_L_10_CommonFiltered,1,322312.8064,322329.31328,16.50688000000082,322312.8064,322329.31328,16.50688000000082,4,7.569206903209366,RankSurprise
microVIMPPN_L_10_CommonFiltered,1,322762.99776,322922.0864,159.08863999997266,322762.99776,322922.0864,159.08863999997266,14,8.461816149986921,RankSurprise
microVIMPPN_L_10_CommonFiltered,1,324055.90016,324071.13728,15.237120000005234,324055.90016,324071.13728,15.237120000005234,3,4.0504941312080796,RankSurprise
microVIMPPN_L_10_CommonFiltered,1,328081.98144,328106.43456,24.453120000020135,328081.98144,328106.43456,24.453120000020135,4,4.669874447402677,RankSurprise
microVIMPPN_L_10_CommonFiltered,1,328348.83584,328632.19712,283.3612800000119,328348.83584,328632.19712,283.3612800000119,22,10.078614481765554,RankSurprise
microVIMPPN_L_10_CommonFiltered,1,329165.86496,329174.91712,9.052160000021104,329165.86496,329174.91712,9.052160000021104,3,4.775435691770106,RankSurprise
microVIMPPN_L_10_CommonFiltered,1,329265.93024,329382.54336,116.61311999999452,329265.93024,329382.54336,116.61311999999452,9,4.205989254601808,RankSurprise
microVIMPPN_L_10_CommonFiltered,1,329716.20352,329727.26272,11.059200000017881,329716.20352,329727.26272,11.059200000017881,3,5.50200261238475,RankSurprise
microVIMPPN_L_10_CommonFiltered,1,330016.3584,330166.272,149.91359999997076,330016.3584,330166.272,149.91359999997076,12,6.035687294806263,RankSurprise
microVIMPPN_L_10_CommonFiltered,1,330616.6272,330807.62368,190.99648000003072,330616.6272,330807.62368,190.99648000003072,13,4.633079983537933,RankSurprise
microVIMPPN_L_10_CommonFiltered,1,331199.97952,331207.80288,7.823359999980312,331199.97952,331207.80288,7.823359999980312,3,6.368462816089625,RankSurprise
microVIMPPN_L_10_CommonFiltered,1,331850.30144,331908.01408,57.71263999998337,331850.30144,331908.01408,57.71263999998337,6,4.568517775765229,RankSurprise
microVIMPPN_L_10_CommonFiltered,1,333917.7984,333926.8096,9.011199999949895,333917.7984,333926.8096,9.011199999949895,3,5.124907723414779,RankSurprise
microVIMPPN_L_10_CommonFiltered,1,335760.71168,335777.3824,16.670719999994617,335760.71168,335777.3824,16.670719999994617,4,6.338552630769055,RankSurprise
microVIMPPN_L_10_CommonFiltered,1,337726.6688,337794.70336,68.03456000000006,337726.6688,337794.70336,68.03456000000006,7,4.8449167965292474,RankSurprise
microVIMPPN_L_10_CommonFiltered,1,338219.04896,338480.3328,261.28383999998914,338219.04896,338480.3328,261.28383999998914,16,4.56535535483388,RankSurprise
microVIMPPN_L_10_CommonFiltered,1,338628.32128,338993.64352,365.3222400000086,338628.32128,338993.64352,365.3222400000086,24,9.111179969873719,RankSurprise
microVIMPPN_L_10_CommonFiltered,1,339293.88032,339319.56224,25.68192000000272,339293.88032,339319.56224,25.68192000000272,4,3.888430032553309,RankSurprise
microVIMPPN_L_10_CommonFiltered,1,342337.37216,342370.7136,33.341439999989234,342337.37216,342370.7136,33.341439999989234,5,5.105407953763013,RankSurprise
microVIMPPN_L_10_CommonFiltered,1,342570.8032,342604.06272,33.25951999996323,342570.8032,342604.06272,33.25951999996323,6,9.167446730805949,RankSurprise
microVIMPPN_L_10_CommonFiltered,1,342778.4704,342813.20448,34.73408000002382,342778.4704,342813.20448,34.73408000002382,6,7.602521819402952,RankSurprise
microVIMPPN_L_10_CommonFiltered,1,343221.00224,343270.85056,49.84831999999005,343221.00224,343270.85056,49.84831999999005,5,3.52931946191109,RankSurprise
microVIMPPN_L_10_CommonFiltered,1,343312.05632,343320.9856,8.929280000040308,343312.05632,343320.9856,8.929280000040308,3,5.620732877466098,RankSurprise
microVIMPPN_L_10_CommonFiltered,1,343537.78688,343595.45856,57.671679999970365,343537.78688,343595.45856,57.671679999970365,8,8.661306258761435,RankSurprise
microVIMPPN_L_10_CommonFiltered,1,343687.9872,343713.50528,25.518080000008922,343687.9872,343713.50528,25.518080000008922,4,4.320150334603799,RankSurprise
microVIMPPN_L_10_CommonFiltered,1,344841.50272,344871.56736,30.06463999999687,344841.50272,344871.56736,30.06463999999687,4,3.762322192828698,RankSurprise
microVIMPPN_L_10_CommonFiltered,1,350094.37696,350106.37824,12.001279999967664,350094.37696,350106.37824,12.001279999967664,3,5.490508232959016,RankSurprise
microVIMPPN_L_10_CommonFiltered,1,350932.33664,350973.29664,40.960000000020955,350932.33664,350973.29664,40.960000000020955,5,4.4079938823751235,RankSurprise
microVIMPPN_L_10_CommonFiltered,1,351089.99168,351173.59104,83.59936000005109,351089.99168,351173.59104,83.59936000005109,11,11.182648798773988,RankSurprise
microVIMPPN_L_10_CommonFiltered,1,351323.46368,351499.18208,175.71840000001248,351323.46368,351499.18208,175.71840000001248,15,7.978790613639189,RankSurprise
microVIMPPN_L_10_CommonFiltered,1,351873.59744,351890.39104,16.79360000003362,351873.59744,351890.39104,16.79360000003362,4,5.400039161657357,RankSurprise
microVIMPPN_L_10_CommonFiltered,1,352748.1344,352757.18656,9.052160000021104,352748.1344,352757.18656,9.052160000021104,3,5.50200261238475,RankSurprise
microVIMPPN_L_10_CommonFiltered,1,360818.81088,360850.8416,32.03071999998065,360818.81088,360850.8416,32.03071999998065,4,3.5445196179992813,RankSurprise
microVIMPPN_L_10_CommonFiltered,1,361317.62176,361643.25376,325.63199999998324,361317.62176,361643.25376,325.63199999998324,19,4.537991851765586,RankSurprise
microVIMPPN_L_10_CommonFiltered,1,361693.30688,361721.07776,27.7708800000255,361693.30688,361721.07776,27.7708800000255,6,9.659648794867365,RankSurprise
microVIMPPN_L_10_CommonFiltered,1,368528.83456,368548.6592,19.824640000006184,368528.83456,368548.6592,19.824640000006184,4,5.238110850690305,RankSurprise
microVIMPPN_L_10_CommonFiltered,1,370588.38528,370629.50912,41.12384000001475,370588.38528,370629.50912,41.12384000001475,5,3.898189610315338,RankSurprise
microVIMPPN_L_10_CommonFiltered,1,371212.9024,371362.97984,150.07743999996455,371212.9024,371362.97984,150.07743999996455,11,4.532151889155222,RankSurprise
microVIMPPN_L_10_CommonFiltered,1,429287.05536,429353.69728,66.64192000002367,429287.05536,429353.69728,66.64192000002367,7,5.1240744923072645,RankSurprise
microVIMPPN_L_10_CommonFiltered,1,429637.18144,429678.26432,41.08288000000175,429637.18144,429678.26432,41.08288000000175,5,4.279804499433197,RankSurprise
microVIMPPN_L_10_CommonFiltered,1,429970.67776,430204.1088,233.43103999999585,429970.67776,430204.1088,233.43103999999585,18,8.693800578054594,RankSurprise
microVIMPPN_L_10_CommonFiltered,1,430446.67392,430595.31776,148.64384000003338,430446.67392,430595.31776,148.64384000003338,10,3.588584330710696,RankSurprise
microVIMPPN_L_10_CommonFiltered,2,149330.08384,149402.624,72.54016000000411,149330.08384,149402.624,72.54016000000411,9,6.171506001071759,RankSurprise
microVIMPPN_L_10_CommonFiltered,2,155596.30848,155752.16128,155.8527999999933,155596.30848,155752.16128,155.8527999999933,16,8.55197933108917,RankSurprise
microVIMPPN_L_10_CommonFiltered,2,156442.13248,156452.08576,9.95327999998699,156442.13248,156452.08576,9.95327999998699,3,4.317342217652266,RankSurprise
microVIMPPN_L_10_CommonFiltered,2,177468.0064,177495.49056,27.4841599999927,177468.0064,177495.49056,27.4841599999927,5,4.935914765895312,RankSurprise
microVIMPPN_L_10_CommonFiltered,2,177792.69632,177799.24992,6.55360000001383,177792.69632,177799.24992,6.55360000001383,3,6.223959001759864,RankSurprise
microVIMPPN_L_10_CommonFiltered,2,177842.87232,177848.5248,5.652480000018841,177842.87232,177848.5248,5.652480000018841,3,6.578130815480479,RankSurprise
microVIMPPN_L_10_CommonFiltered,2,178057.4208,178067.94752,10.526719999994384,178057.4208,178067.94752,10.526719999994384,4,8.373540952532501,RankSurprise
microVIMPPN_L_10_CommonFiltered,2,178084.61824,178209.34144,124.72319999997853,178084.61824,178209.34144,124.72319999997853,11,4.100783859785383,RankSurprise
microVIMPPN_L_10_CommonFiltered,2,178326.20032,178424.09472,97.89439999999013,178326.20032,178424.09472,97.89439999999013,9,3.7240986480234515,RankSurprise
microVIMPPN_L_10_CommonFiltered,2,178862.24384,179028.66432,166.42048000000068,178862.24384,179028.66432,166.42048000000068,17,9.365160952420137,RankSurprise
microVIMPPN_L_10_CommonFiltered,2,181328.896,181334.67136,5.775359999999637,181328.896,181334.67136,5.775359999999637,3,6.719784155811183,RankSurprise
microVIMPPN_L_10_CommonFiltered,2,181542.74816,181657.35424,114.60607999999775,181542.74816,181657.35424,114.60607999999775,13,8.084935011037771,RankSurprise
microVIMPPN_L_10_CommonFiltered,2,182195.6096,182323.89632,128.2867200000037,182195.6096,182323.89632,128.2867200000037,11,4.275116212940894,RankSurprise
microVIMPPN_L_10_CommonFiltered,2,184162.22208,184184.70912,22.487040000007255,184162.22208,184184.70912,22.487040000007255,4,3.713177681298024,RankSurprise
microVIMPPN_L_10_CommonFiltered,2,184312.2176,184443.00288,130.78527999998187,184312.2176,184443.00288,130.78527999998187,11,4.354271423332049,RankSurprise
microVIMPPN_L_10_CommonFiltered,2,184623.96416,184634.73664,10.77247999998508,184623.96416,184634.73664,10.77247999998508,3,4.291747697062712,RankSurprise
microVIMPPN_L_10_CommonFiltered,2,184824.13568,184829.00992,4.874240000004647,184824.13568,184829.00992,4.874240000004647,3,7.264805481534806,RankSurprise
microVIMPPN_L_10_CommonFiltered,2,185128.91904,185151.488,22.568960000004154,185128.91904,185151.488,22.568960000004154,5,6.1743311818278315,RankSurprise
microVIMPPN_L_10_CommonFiltered,2,185568.09216,185578.94656,10.854400000011083,185568.09216,185578.94656,10.854400000011083,3,3.6960509159786774,RankSurprise
microVIMPPN_L_10_CommonFiltered,2,185695.60064,185726.23872,30.638080000004265,185695.60064,185726.23872,30.638080000004265,5,4.3812079221172056,RankSurprise
microVIMPPN_L_10_CommonFiltered,2,185726.23872,185729.10592,2.8672000000078697,185726.23872,185729.10592,2.8672000000078697,3,9.069552146289674,RankSurprise
microVIMPPN_L_10_CommonFiltered,2,187651.4816,187701.53472,50.05311999999685,187651.4816,187701.53472,50.05311999999685,7,5.582484956137725,RankSurprise
microVIMPPN_L_10_CommonFiltered,2,188062.3104,188521.84064,459.5302400000219,188062.3104,188521.84064,459.5302400000219,31,5.171109927218752,RankSurprise
microVIMPPN_L_10_CommonFiltered,2,188557.5168,188562.35008,4.833279999991646,188557.5168,188562.35008,4.833279999991646,3,7.380542225178724,RankSurprise
microVIMPPN_L_10_CommonFiltered,2,188657.54112,188678.92224,21.381120000005467,188657.54112,188678.92224,21.381120000005467,4,4.243087298503255,RankSurprise
microVIMPPN_L_10_CommonFiltered,2,189328.9984,189345.71008,16.711679999978514,189328.9984,189345.71008,16.711679999978514,4,5.410899110346325,RankSurprise
microVIMPPN_L_10_CommonFiltered,2,199593.3696,199599.75936,6.389759999990929,199593.3696,199599.75936,6.389759999990929,3,6.445850204757608,RankSurprise
microVIMPPN_L_10_CommonFiltered,2,200516.52608,200526.68416,10.158079999993788,200516.52608,200526.68416,10.158079999993788,3,4.937987362267842,RankSurprise
microVIMPPN_L_10_CommonFiltered,2,200601.96864,200735.21152,133.24288000000524,200601.96864,200735.21152,133.24288000000524,11,4.177626382075948,RankSurprise
microVIMPPN_L_10_CommonFiltered,2,217314.63168,217320.69376,6.062080000003334,217314.63168,217320.69376,6.062080000003334,3,6.094582961126987,RankSurprise
microVIMPPN_L_10_CommonFiltered,2,218887.41376,218898.10432,10.690560000017285,218887.41376,218898.10432,10.690560000017285,3,3.6012339098961057,RankSurprise
microVIMPPN_L_10_CommonFiltered,2,221398.75328,221404.5696,5.816319999983534,221398.75328,221404.5696,5.816319999983534,3,6.695467522185021,RankSurprise
microVIMPPN_L_10_CommonFiltered,2,227356.09856,227383.54176,27.443199999979697,227356.09856,227383.54176,27.443199999979697,5,4.996052161391628,RankSurprise
microVIMPPN_L_10_CommonFiltered,2,227789.49632,227800.35072,10.854399999981979,227789.49632,227800.35072,10.854399999981979,3,3.590970894057147,RankSurprise
microVIMPPN_L_10_CommonFiltered,2,228164.32128,228172.84096,8.519679999997607,228164.32128,228172.84096,8.519679999997607,3,5.405085932029598,RankSurprise
microVIMPPN_L_10_CommonFiltered,2,230134.12864,230204.53888,70.41023999999743,230134.12864,230204.53888,70.41023999999743,10,8.719025890661195,RankSurprise
microVIMPPN_L_10_CommonFiltered,2,230448.00512,230473.27744,25.272320000018226,230448.00512,230473.27744,25.272320000018226,5,5.942238826054233,RankSurprise
microVIMPPN_L_10_CommonFiltered,2,230806.69184,230817.50528,10.813439999998081,230806.69184,230817.50528,10.813439999998081,3,3.6141371858299447,RankSurprise
microVIMPPN_L_10_CommonFiltered,2,231234.19136,231256.76032,22.568960000004154,231234.19136,231256.76032,22.568960000004154,4,3.6740947072707364,RankSurprise
microVIMPPN_L_10_CommonFiltered,2,317020.20096,317024.99328,4.792320000007749,317020.20096,317024.99328,4.792320000007749,3,7.485371711834716,RankSurprise
microVIMPPN_L_10_CommonFiltered,2,317047.52128,317147.58656,100.06528000003891,317047.52128,317147.58656,100.06528000003891,9,3.7720326857655473,RankSurprise
microVIMPPN_L_10_CommonFiltered,2,317391.79008,317408.50176,16.711680000007618,317391.79008,317408.50176,16.711680000007618,4,4.943287728241504,RankSurprise
microVIMPPN_L_10_CommonFiltered,2,320059.71968,320165.56032,105.84064000000944,320059.71968,320165.56032,105.84064000000944,10,4.630105322623835,RankSurprise
microVIMPPN_L_10_CommonFiltered,2,320874.04544,320957.31712,83.27168000000529,320874.04544,320957.31712,83.27168000000529,8,3.7313531565530216,RankSurprise
microVIMPPN_L_10_CommonFiltered,2,321043.49696,321099.32544,55.828479999967385,321043.49696,321099.32544,55.828479999967385,7,4.844985538399768,RankSurprise
microVIMPPN_L_10_CommonFiltered,2,321599.56992,321610.38336,10.813439999998081,321599.56992,321610.38336,10.813439999998081,3,3.674588594394569,RankSurprise
microVIMPPN_L_10_CommonFiltered,2,321827.2256,321866.38336,39.15775999997277,321827.2256,321866.38336,39.15775999997277,6,5.390324080365872,RankSurprise
microVIMPPN_L_10_CommonFiltered,2,322110.58688,322133.1968,22.609919999958947,322110.58688,322133.1968,22.609919999958947,4,3.6673493404448045,RankSurprise
microVIMPPN_L_10_CommonFiltered,2,322422.53824,322427.41248,4.8742399999755435,322422.53824,322427.41248,4.8742399999755435,3,7.155401538654623,RankSurprise
microVIMPPN_L_10_CommonFiltered,2,322950.30784,322960.9984,10.690559999959078,322950.30784,322960.9984,10.690559999959078,3,3.809812562364149,RankSurprise
microVIMPPN_L_10_CommonFiltered,2,323300.31104,323572.98176,272.6707199999946,323300.31104,323572.98176,272.6707199999946,19,3.9791512800353788,RankSurprise
microVIMPPN_L_10_CommonFiltered,2,323689.92256,323741.94176,52.019200000038836,323689.92256,323741.94176,52.019200000038836,6,3.5928919584049455,RankSurprise
microVIMPPN_L_10_CommonFiltered,2,329286.4512,329380.61824,94.16703999997117,329286.4512,329380.61824,94.16703999997117,11,6.840895297260906,RankSurprise
microVIMPPN_L_10_CommonFiltered,2,329786.61376,329903.43168,116.81792000000132,329786.61376,329903.43168,116.81792000000132,10,4.123509503716375,RankSurprise
microVIMPPN_L_10_CommonFiltered,2,330097.58208,330347.7248,250.14272000000346,330097.58208,330347.7248,250.14272000000346,18,4.389839407467237,RankSurprise
microVIMPPN_L_10_CommonFiltered,2,331228.5696,331487.27296,258.70335999998497,331228.5696,331487.27296,258.70335999998497,20,7.663360299416495,RankSurprise
microVIMPPN_L_10_CommonFiltered,2,331681.54624,332518.97344,837.4271999999764,331681.54624,332518.97344,837.4271999999764,63,14.947852060161834,RankSurprise
microVIMPPN_L_10_CommonFiltered,2,332645.82656,332654.3872,8.560639999981504,332645.82656,332654.3872,8.560639999981504,3,5.348832086320078,RankSurprise
microVIMPPN_L_10_CommonFiltered,2,332771.04128,332887.81824,116.77695999998832,332771.04128,332887.81824,116.77695999998832,12,5.831218964752342,RankSurprise
microVIMPPN_L_10_CommonFiltered,2,332977.02912,332981.98528,4.956160000001546,332977.02912,332981.98528,4.956160000001546,3,7.155401538654623,RankSurprise
microVIMPPN_L_10_CommonFiltered,2,333112.7296,333148.89728,36.167679999955,333112.7296,333148.89728,36.167679999955,7,7.949520945156436,RankSurprise
microVIMPPN_L_10_CommonFiltered,2,333804.83072,333815.6032,10.77247999998508,333804.83072,333815.6032,10.77247999998508,3,4.3321160739748255,RankSurprise
microVIMPPN_L_10_CommonFiltered,2,335005.24544,335488.69632,483.4508799999603,335005.24544,335488.69632,483.4508799999603,39,11.52758850584958,RankSurprise
microVIMPPN_L_10_CommonFiltered,2,335638.81472,335672.23808,33.42335999995703,335638.81472,335672.23808,33.42335999995703,6,5.924665432502685,RankSurprise
microVIMPPN_L_10_CommonFiltered,2,336080.32256,336086.87616,6.553599999984726,336080.32256,336086.87616,6.553599999984726,4,12.3368823602581,RankSurprise
microVIMPPN_L_10_CommonFiltered,2,336766.60736,336789.13536,22.527999999991152,336766.60736,336789.13536,22.527999999991152,4,3.882038231739106,RankSurprise
microVIMPPN_L_10_CommonFiltered,2,337095.22944,337133.40416,38.174719999951776,337095.22944,337133.40416,38.174719999951776,6,5.140726676941249,RankSurprise
microVIMPPN_L_10_CommonFiltered,2,337380.67968,337395.13856,14.45887999999104,337380.67968,337395.13856,14.45887999999104,4,6.1713044028494295,RankSurprise
microVIMPPN_L_10_CommonFiltered,2,337566.96576,337650.19648,83.23071999999229,337566.96576,337650.19648,83.23071999999229,9,5.2519319690268675,RankSurprise
microVIMPPN_L_10_CommonFiltered,2,337822.88384,338567.168,744.2841599999811,337822.88384,338567.168,744.2841599999811,55,11.808663957101114,RankSurprise
microVIMPPN_L_10_CommonFiltered,2,338723.18464,338806.62016,83.43551999999909,338723.18464,338806.62016,83.43551999999909,11,8.415507209174201,RankSurprise
microVIMPPN_L_10_CommonFiltered,2,339217.48992,339279.2576,61.76767999998992,339217.48992,339279.2576,61.76767999998992,8,5.785548480280336,RankSurprise
microVIMPPN_L_10_CommonFiltered,2,342280.47872,342285.312,4.833279999962542,342280.47872,342285.312,4.833279999962542,3,7.380542225178724,RankSurprise
microVIMPPN_L_10_CommonFiltered,2,342732.63616,342835.48672,102.85055999999167,342732.63616,342835.48672,102.85055999999167,9,3.7970986939079654,RankSurprise
microVIMPPN_L_10_CommonFiltered,2,343749.75488,343831.10144,81.34655999997631,343749.75488,343831.10144,81.34655999997631,10,6.633200818012847,RankSurprise
microVIMPPN_L_10_CommonFiltered,2,344125.11232,344169.30816,44.19584000000032,344125.11232,344169.30816,44.19584000000032,6,4.5541419157167216,RankSurprise
microVIMPPN_L_10_CommonFiltered,2,344242.01216,344258.47808,16.46591999998782,344242.01216,344258.47808,16.46591999998782,4,5.333590520171413,RankSurprise
microVIMPPN_L_10_CommonFiltered,2,344536.10496,344581.24288,45.1379199999501,344536.10496,344581.24288,45.1379199999501,6,4.568501228433787,RankSurprise
microVIMPPN_L_10_CommonFiltered,2,344758.72256,344783.38048,24.657919999968726,344758.72256,344783.38048,24.657919999968726,6,8.839141201386603,RankSurprise
microVIMPPN_L_10_CommonFiltered,2,344919.49056,344956.68224,37.19167999998899,344919.49056,344956.68224,37.19167999998899,5,3.5315666287209915,RankSurprise
microVIMPPN_L_10_CommonFiltered,2,345136.29184,345302.95808,166.66623999999138,345136.29184,345302.95808,166.66623999999138,14,4.899606152227687,RankSurprise
microVIMPPN_L_10_CommonFiltered,2,345369.76384,345386.3936,16.629759999981616,345369.76384,345386.3936,16.629759999981616,4,5.3189491933769695,RankSurprise
microVIMPPN_L_10_CommonFiltered,2,349972.80768,350010.32704,37.51935999997659,349972.80768,350010.32704,37.51935999997659,5,3.7321470350351014,RankSurprise
microVIMPPN_L_10_CommonFiltered,2,350487.92064,350571.23328,83.31263999996008,350487.92064,350571.23328,83.31263999996008,9,5.257896758103633,RankSurprise
microVIMPPN_L_10_CommonFiltered,2,350910.58688,350960.59904,50.01215999998385,350910.58688,350960.59904,50.01215999998385,6,3.55551308180646,RankSurprise
microVIMPPN_L_10_CommonFiltered,2,351293.97248,351304.78592,10.813439999998081,351293.97248,351304.78592,10.813439999998081,3,3.7590698576728734,RankSurprise
microVIMPPN_L_10_CommonFiltered,2,351393.9968,351568.73216,174.7353599999915,351393.9968,351568.73216,174.7353599999915,14,4.541077700978849,RankSurprise
microVIMPPN_L_10_CommonFiltered,2,352088.39168,352154.99264,66.60096000001067,352088.39168,352154.99264,66.60096000001067,7,3.8314495193212674,RankSurprise
microVIMPPN_L_10_CommonFiltered,2,352260.95616,352271.64672,10.690560000017285,352260.95616,352271.64672,10.690560000017285,3,4.0848448681031915,RankSurprise
microVIMPPN_L_10_CommonFiltered,2,352410.95168,352477.71648,66.76480000000447,352410.95168,352477.71648,66.76480000000447,9,7.043464646789284,RankSurprise
microVIMPPN_L_10_CommonFiltered,2,352577.7408,352694.35392,116.61311999999452,352577.7408,352694.35392,116.61311999999452,15,10.82783067206911,RankSurprise
microVIMPPN_L_10_CommonFiltered,2,361205.18656,361247.08864,41.90207999997074,361205.18656,361247.08864,41.90207999997074,6,4.974229573095464,RankSurprise
microVIMPPN_L_10_CommonFiltered,2,370577.48992,370583.30624,5.816319999983534,370577.48992,370583.30624,5.816319999983534,3,6.635938790889222,RankSurprise
microVIMPPN_L_10_CommonFiltered,2,370766.68416,370799.98464,33.30047999997623,370766.68416,370799.98464,33.30047999997623,7,8.766102000734648,RankSurprise
microVIMPPN_L_10_CommonFiltered,2,370883.50208,371116.89216,233.39007999998285,370883.50208,371116.89216,233.39007999998285,20,7.209479483693749,RankSurprise
microVIMPPN_L_10_CommonFiltered,2,371291.58656,371300.10624,8.519679999968503,371291.58656,371300.10624,8.519679999968503,4,9.4171209317898,RankSurprise
microVIMPPN_L_10_CommonFiltered,2,383915.70432,383979.76576,64.0614399999613,383915.70432,383979.76576,64.0614399999613,8,5.92269439143398,RankSurprise
microVIMPPN_L_10_CommonFiltered,2,384330.01472,384638.85312,308.8384000000078,384330.01472,384638.85312,308.8384000000078,24,6.9338744610001894,RankSurprise
microVIMPPN_L_10_CommonFiltered,2,384782.99136,384808.3456,25.354240000015125,384782.99136,384808.3456,25.354240000015125,5,5.272361868042395,RankSurprise
microVIMPPN_L_10_CommonFiltered,2,394904.08448,394909.94176,5.8572799999965355,394904.08448,394909.94176,5.8572799999965355,3,6.578130815480479,RankSurprise
microVIMPPN_L_10_CommonFiltered,2,395418.17344,395437.58848,19.415039999992587,395418.17344,395437.58848,19.415039999992587,4,4.228835485851409,RankSurprise
microVIMPPN_L_10_CommonFiltered,2,412700.71296,412753.46944,52.75648000004003,412700.71296,412753.46944,52.75648000004003,7,4.834244562341211,RankSurprise
microVIMPPN_L_10_CommonFiltered,2,429618.54464,429627.22816,8.683520000020508,429618.54464,429627.22816,8.683520000020508,3,4.666224584033552,RankSurprise
microVIMPPN_L_10_CommonFiltered,2,430274.7648,430391.5008,116.73599999997532,430274.7648,430391.5008,116.73599999997532,14,8.824902596082705,RankSurprise
microVIMPPN_L_10_CommonFiltered,2,430535.59808,430674.944,139.34591999999247,430535.59808,430674.944,139.34591999999247,13,4.711099474364263,RankSurprise
microVIMPPN_L_10_CommonFiltered,2,430802.49344,431024.98816,222.49472000001697,430802.49344,431024.98816,222.49472000001697,17,5.285993956270827,RankSurprise
microVIMPPN_L_10_CommonFiltered,4,149499.41248,149505.47456,6.062080000003334,149499.41248,149505.47456,6.062080000003334,4,7.240557598549188,RankSurprise
microVIMPPN_L_10_CommonFiltered,4,155847.63904,155850.01472,2.3756799999973737,155847.63904,155850.01472,2.3756799999973737,3,9.069857194826266,RankSurprise
microVIMPPN_L_10_CommonFiltered,4,156055.01952,156423.29088,368.27135999998427,156055.01952,156423.29088,368.27135999998427,30,7.309201080892664,RankSurprise
microVIMPPN_L_10_CommonFiltered,4,156564.23424,156582.2976,18.063360000000102,156564.23424,156582.2976,18.063360000000102,5,5.967042790972158,RankSurprise
microVIMPPN_L_10_CommonFiltered,4,156785.41824,157002.01472,216.59648000000743,156785.41824,157002.01472,216.59648000000743,17,4.460855335445451,RankSurprise
microVIMPPN_L_10_CommonFiltered,4,177701.39648,177855.85664,154.4601600000169,177701.39648,177855.85664,154.4601600000169,13,4.830733966460597,RankSurprise
microVIMPPN_L_10_CommonFiltered,4,178234.65472,178240.7168,6.062080000003334,178234.65472,178240.7168,6.062080000003334,4,6.95863126518282,RankSurprise
microVIMPPN_L_10_CommonFiltered,4,178282.65984,178287.616,4.956160000001546,178282.65984,178287.616,4.956160000001546,3,4.331976660248785,RankSurprise
microVIMPPN_L_10_CommonFiltered,4,178496.88064,178530.14016,33.25952000002144,178496.88064,178530.14016,33.25952000002144,6,4.71808202036326,RankSurprise
microVIMPPN_L_10_CommonFiltered,4,178601.41056,178772.5824,171.17184000002453,178601.41056,178772.5824,171.17184000002453,15,4.525878835130198,RankSurprise
microVIMPPN_L_10_CommonFiltered,4,179022.60224,179073.67936,51.07712000000174,179022.60224,179073.67936,51.07712000000174,9,7.163338551552608,RankSurprise
microVIMPPN_L_10_CommonFiltered,4,181888.12288,181939.32288,51.19999999998254,181888.12288,181939.32288,51.19999999998254,9,7.1474455319312975,RankSurprise
microVIMPPN_L_10_CommonFiltered,4,182105.9072,182117.08928,11.182079999998678,182105.9072,182117.08928,11.182079999998678,4,5.345936332824483,RankSurprise
microVIMPPN_L_10_CommonFiltered,4,182255.86176,182512.14848,256.2867200000037,182255.86176,182512.14848,256.2867200000037,20,3.9434799969519467,RankSurprise
microVIMPPN_L_10_CommonFiltered,4,184200.43776,184205.96736,5.529600000008941,184200.43776,184205.96736,5.529600000008941,4,7.783752973298913,RankSurprise
microVIMPPN_L_10_CommonFiltered,4,184431.69792,184437.5552,5.8572799999965355,184431.69792,184437.5552,5.8572799999965355,3,4.139636170128881,RankSurprise
microVIMPPN_L_10_CommonFiltered,4,184780.30848,185122.69312,342.38464000000386,184780.30848,185122.69312,342.38464000000386,28,7.2595933346729975,RankSurprise
microVIMPPN_L_10_CommonFiltered,4,185584.8448,185616.09728,31.252479999995558,185584.8448,185616.09728,31.252479999995558,5,3.5486034384702947,RankSurprise
microVIMPPN_L_10_CommonFiltered,4,187699.4048,187715.09248,15.687680000002729,187699.4048,187715.09248,15.687680000002729,4,4.381770212505746,RankSurprise
microVIMPPN_L_10_CommonFiltered,4,187801.51808,188098.39616,296.87807999999495,187801.51808,188098.39616,296.87807999999495,28,9.495584444197613,RankSurprise
microVIMPPN_L_10_CommonFiltered,4,189047.02976,189337.76384,290.7340799999947,189047.02976,189337.76384,290.7340799999947,24,5.976924690056671,RankSurprise
microVIMPPN_L_10_CommonFiltered,4,189416.12032,189431.84896,15.72864000001573,189416.12032,189431.84896,15.72864000001573,5,6.212709409320983,RankSurprise
microVIMPPN_L_10_CommonFiltered,4,208331.28448,208349.26592,17.981440000003204,208331.28448,208349.26592,17.981440000003204,5,5.451274660685542,RankSurprise
microVIMPPN_L_10_CommonFiltered,4,213048.64768,213083.3408,34.69312000001082,213048.64768,213083.3408,34.69312000001082,6,4.523532359636635,RankSurprise
microVIMPPN_L_10_CommonFiltered,4,227406.19264,227410.61632,4.423680000007153,227406.19264,227410.61632,4.423680000007153,3,4.891282898576414,RankSurprise
microVIMPPN_L_10_CommonFiltered,4,316301.63968,316518.27712,216.63743999996223,316301.63968,316518.27712,216.63743999996223,19,6.404594270846262,RankSurprise
microVIMPPN_L_10_CommonFiltered,4,316563.90656,316935.24992,371.34335999999894,316563.90656,316935.24992,371.34335999999894,27,5.167033812896219,RankSurprise
microVIMPPN_L_10_CommonFiltered,4,317259.776,317485.50656,225.73055999999633,317259.776,317485.50656,225.73055999999633,19,4.864286700114089,RankSurprise
microVIMPPN_L_10_CommonFiltered,4,317776.6912,317785.62048,8.9292799999821,317776.6912,317785.62048,8.9292799999821,3,3.702155114379625,RankSurprise
microVIMPPN_L_10_CommonFiltered,4,320235.15136,320253.46048,18.3091199999908,320235.15136,320253.46048,18.3091199999908,5,5.748540133866477,RankSurprise
microVIMPPN_L_10_CommonFiltered,4,321666.33472,321670.79936,4.464640000020154,321666.33472,321670.79936,4.464640000020154,3,4.710548797347652,RankSurprise
microVIMPPN_L_10_CommonFiltered,4,321852.66176,321982.01344,129.3516800000216,321852.66176,321982.01344,129.3516800000216,12,3.708152449918285,RankSurprise
microVIMPPN_L_10_CommonFiltered,4,322328.65792,322454.48704,125.82911999995122,322328.65792,322454.48704,125.82911999995122,14,6.690934157199142,RankSurprise
microVIMPPN_L_10_CommonFiltered,4,322721.25952,322866.7904,145.5308799999766,322721.25952,322866.7904,145.5308799999766,14,4.132076283251821,RankSurprise
microVIMPPN_L_10_CommonFiltered,4,323054.75584,323555.00032,500.2444799999939,323054.75584,323555.00032,500.2444799999939,38,7.3996625318082065,RankSurprise
microVIMPPN_L_10_CommonFiltered,4,323621.64224,323655.02464,33.382400000002235,323621.64224,323655.02464,33.382400000002235,6,5.089656683918015,RankSurprise
microVIMPPN_L_10_CommonFiltered,4,324112.87552,324121.84576,8.970239999995101,324112.87552,324121.84576,8.970239999995101,4,5.923153943717903,RankSurprise
microVIMPPN_L_10_CommonFiltered,4,328364.89216,328566.29248,201.4003200000152,328364.89216,328566.29248,201.4003200000152,21,9.391601182148412,RankSurprise
microVIMPPN_L_10_CommonFiltered,4,328807.34208,328831.71328,24.37120000005234,328807.34208,328831.71328,24.37120000005234,6,6.204922095226216,RankSurprise
microVIMPPN_L_10_CommonFiltered,4,328983.10144,328990.88384,7.782400000025518,328983.10144,328990.88384,7.782400000025518,3,3.626844969559608,RankSurprise
microVIMPPN_L_10_CommonFiltered,4,330458.112,330667.2128,209.1007999999565,330458.112,330667.2128,209.1007999999565,18,5.794349554407126,RankSurprise
microVIMPPN_L_10_CommonFiltered,4,331441.80736,331458.47808,16.670719999994617,331441.80736,331458.47808,16.670719999994617,4,4.010420639554571,RankSurprise
microVIMPPN_L_10_CommonFiltered,4,331608.55552,331658.56768,50.01215999998385,331608.55552,331658.56768,50.01215999998385,7,4.481276480945135,RankSurprise
microVIMPPN_L_10_CommonFiltered,4,331756.9536,331854.2336,97.27999999996973,331756.9536,331854.2336,97.27999999996973,16,11.665920233823675,RankSurprise
microVIMPPN_L_10_CommonFiltered,4,332051.08736,332058.78784,7.700479999999516,332051.08736,332058.78784,7.700479999999516,3,3.6868645110861493,RankSurprise
microVIMPPN_L_10_CommonFiltered,4,332433.16224,332442.13248,8.970239999995101,332433.16224,332442.13248,8.970239999995101,3,3.6536310990625793,RankSurprise
microVIMPPN_L_10_CommonFiltered,4,332675.60448,332716.60544,41.000960000033956,332675.60448,332716.60544,41.000960000033956,7,5.611316981878498,RankSurprise
microVIMPPN_L_10_CommonFiltered,4,332785.74592,332792.34048,6.594559999997728,332785.74592,332792.34048,6.594559999997728,3,3.9260516844329167,RankSurprise
microVIMPPN_L_10_CommonFiltered,4,332835.75808,332845.71136,9.953280000016093,332835.75808,332845.71136,9.953280000016093,4,5.430735719559326,RankSurprise
microVIMPPN_L_10_CommonFiltered,4,333079.10144,333087.9488,8.847360000014305,333079.10144,333087.9488,8.847360000014305,3,3.509163908867002,RankSurprise
microVIMPPN_L_10_CommonFiltered,4,333659.25888,333675.88864,16.629760000039823,333659.25888,333675.88864,16.629760000039823,5,5.928882343111496,RankSurprise
microVIMPPN_L_10_CommonFiltered,4,334158.39744,334201.81504,43.41760000004433,334158.39744,334201.81504,43.41760000004433,6,4.289792707630243,RankSurprise
microVIMPPN_L_10_CommonFiltered,4,334867.41504,334876.38528,8.970239999995101,334867.41504,334876.38528,8.970239999995101,4,6.216797486280566,RankSurprise
microVIMPPN_L_10_CommonFiltered,4,334967.3984,334976.36864,8.970239999995101,334967.3984,334976.36864,8.970239999995101,4,6.3214329686031405,RankSurprise
microVIMPPN_L_10_CommonFiltered,4,335288.89344,335318.87616,29.98271999997087,335288.89344,335318.87616,29.98271999997087,6,5.742589335240893,RankSurprise
microVIMPPN_L_10_CommonFiltered,4,335519.00672,335526.66624,7.6595199999865144,335519.00672,335526.66624,7.6595199999865144,4,6.085581050056604,RankSurprise
microVIMPPN_L_10_CommonFiltered,4,335841.77152,335860.08064,18.3091199999908,335841.77152,335860.08064,18.3091199999908,4,3.7656806017687394,RankSurprise
microVIMPPN_L_10_CommonFiltered,4,337043.74272,337047.30624,3.5635200000251643,337043.74272,337047.30624,3.5635200000251643,3,5.317505128362836,RankSurprise
microVIMPPN_L_10_CommonFiltered,4,337419.59168,337522.81088,103.21919999999227,337419.59168,337522.81088,103.21919999999227,11,4.999698539872827,RankSurprise
microVIMPPN_L_10_CommonFiltered,4,337575.64928,337660.5184,84.86911999998847,337575.64928,337660.5184,84.86911999998847,10,5.262353054681427,RankSurprise
microVIMPPN_L_10_CommonFiltered,4,337777.2544,338059.01824,281.7638400000287,337777.2544,338059.01824,281.7638400000287,25,8.174713166890001,RankSurprise
microVIMPPN_L_10_CommonFiltered,4,338160.68096,338222.8992,62.218239999958314,338160.68096,338222.8992,62.218239999958314,8,4.634264312788022,RankSurprise
microVIMPPN_L_10_CommonFiltered,4,338353.19296,338409.18528,55.99231999996118,338353.19296,338409.18528,55.99231999996118,8,5.08363138529422,RankSurprise
microVIMPPN_L_10_CommonFiltered,4,338560.8192,338610.91328,50.094079999951646,338560.8192,338610.91328,50.094079999951646,7,4.138656911348785,RankSurprise
microVIMPPN_L_10_CommonFiltered,4,338894.52032,338918.72768,24.207360000000335,338894.52032,338918.72768,24.207360000000335,5,4.775102830910253,RankSurprise
microVIMPPN_L_10_CommonFiltered,4,339019.89888,339027.72224,7.823359999980312,339019.89888,339027.72224,7.823359999980312,3,3.671689922726152,RankSurprise
microVIMPPN_L_10_CommonFiltered,4,342189.01504,342195.56864,6.553599999984726,342189.01504,342195.56864,6.553599999984726,3,3.8651847287634933,RankSurprise
microVIMPPN_L_10_CommonFiltered,4,342353.3056,342376.2432,22.93760000000475,342353.3056,342376.2432,22.93760000000475,6,6.77491683896023,RankSurprise
microVIMPPN_L_10_CommonFiltered,4,342560.84992,342706.83136,145.9814400000032,342560.84992,342706.83136,145.9814400000032,14,5.523982255876332,RankSurprise
microVIMPPN_L_10_CommonFiltered,4,342958.08,342964.14208,6.062080000003334,342958.08,342964.14208,6.062080000003334,4,7.172160657749799,RankSurprise
microVIMPPN_L_10_CommonFiltered,4,343327.78496,343388.40576,60.620799999975134,343327.78496,343388.40576,60.620799999975134,8,4.54969923205435,RankSurprise
microVIMPPN_L_10_CommonFiltered,4,343653.7856,343662.7968,9.011200000008103,343653.7856,343662.7968,9.011200000008103,4,6.243743815487729,RankSurprise
microVIMPPN_L_10_CommonFiltered,4,343829.46304,344063.01696,233.55391999997664,343829.46304,344063.01696,233.55391999997664,28,14.707548362769382,RankSurprise
microVIMPPN_L_10_CommonFiltered,4,344296.32512,344328.06912,31.744000000006054,344296.32512,344328.06912,31.744000000006054,7,6.98656480401857,RankSurprise
microVIMPPN_L_10_CommonFiltered,4,344394.79296,344504.1152,109.3222400000086,344394.79296,344504.1152,109.3222400000086,11,4.533691693131204,RankSurprise
microVIMPPN_L_10_CommonFiltered,4,344605.57312,344613.15072,7.577599999960512,344605.57312,344613.15072,7.577599999960512,4,6.216797486280566,RankSurprise
microVIMPPN_L_10_CommonFiltered,4,344894.8736,344913.3056,18.432000000029802,344894.8736,344913.3056,18.432000000029802,5,5.636036655418085,RankSurprise
microVIMPPN_L_10_CommonFiltered,4,349967.81056,350235.89376,268.08319999999367,349967.81056,350235.89376,268.08319999999367,27,9.851873052456696,RankSurprise
microVIMPPN_L_10_CommonFiltered,4,350472.56064,350665.07264,192.5120000000461,350472.56064,350665.07264,192.5120000000461,19,6.412287991970449,RankSurprise
microVIMPPN_L_10_CommonFiltered,4,350874.09152,350880.11264,6.021119999990333,350874.09152,350880.11264,6.021119999990333,4,7.159890667786346,RankSurprise
microVIMPPN_L_10_CommonFiltered,4,351163.47392,351191.8592,28.385279999987688,351163.47392,351191.8592,28.385279999987688,6,5.656662478164918,RankSurprise
microVIMPPN_L_10_CommonFiltered,4,351439.50336,351446.87616,7.372800000011921,351439.50336,351446.87616,7.372800000011921,4,6.59258562487258,RankSurprise
microVIMPPN_L_10_CommonFiltered,4,351646.9248,351896.9856,250.06080000003567,351646.9248,351896.9856,250.06080000003567,20,5.007408677195624,RankSurprise
microVIMPPN_L_10_CommonFiltered,4,352096.99328,352174.40768,77.41440000000875,352096.99328,352174.40768,77.41440000000875,9,4.196789308849938,RankSurprise
microVIMPPN_L_10_CommonFiltered,4,352323.09248,352330.46528,7.372800000011921,352323.09248,352330.46528,7.372800000011921,4,6.60782700771043,RankSurprise
microVIMPPN_L_10_CommonFiltered,4,353131.15136,353161.13408,29.98271999997087,353131.15136,353161.13408,29.98271999997087,6,5.376620753680271,RankSurprise
microVIMPPN_L_10_CommonFiltered,4,356816.77312,356833.52576,16.752639999962412,356816.77312,356833.52576,16.752639999962412,4,4.090772919351011,RankSurprise
microVIMPPN_L_10_CommonFiltered,4,360834.70336,361284.85376,450.1504000000423,360834.70336,361284.85376,450.1504000000423,39,11.429176308266879,RankSurprise
microVIMPPN_L_10_CommonFiltered,4,361626.0096,361812.7872,186.77760000003036,361626.0096,361812.7872,186.77760000003036,20,8.208920538784037,RankSurprise
microVIMPPN_L_10_CommonFiltered,4,370428.7232,370486.14912,57.42592000000877,370428.7232,370486.14912,57.42592000000877,8,4.8085688938523825,RankSurprise
microVIMPPN_L_10_CommonFiltered,4,370687.7952,370704.46592,16.670719999994617,370687.7952,370704.46592,16.670719999994617,4,3.8416846892784164,RankSurprise
microVIMPPN_L_10_CommonFiltered,4,370874.44992,370886.69696,12.247039999987464,370874.44992,370886.69696,12.247039999987464,4,5.247243143162173,RankSurprise
microVIMPPN_L_10_CommonFiltered,4,371412.3776,371414.79424,2.416640000010375,371412.3776,371414.79424,2.416640000010375,3,8.522728864062708,RankSurprise
microVIMPPN_L_10_CommonFiltered,4,384858.43968,385003.43808,144.9983999999822,384858.43968,385003.43808,144.9983999999822,15,6.900659449508525,RankSurprise
microVIMPPN_L_10_CommonFiltered,4,412629.48352,412636.85632,7.372800000011921,412629.48352,412636.85632,7.372800000011921,3,3.6596326073186027,RankSurprise
microVIMPPN_L_10_CommonFiltered,4,412770.304,413084.38528,314.08127999998396,412770.304,413084.38528,314.08127999998396,31,10.82598160515457,RankSurprise
microVIMPPN_L_10_CommonFiltered,4,413138.78016,413213.16352,74.38335999997798,413138.78016,413213.16352,74.38335999997798,12,9.583429190565338,RankSurprise
microVIMPPN_L_10_CommonFiltered,4,429436.39552,429462.15936,25.763839999970514,429436.39552,429462.15936,25.763839999970514,5,4.216275892347102,RankSurprise
microVIMPPN_L_10_CommonFiltered,4,430436.9664,430445.89568,8.929280000040308,430436.9664,430445.89568,8.929280000040308,3,3.6536310990625793,RankSurprise
microVIMPPN_L_10_CommonFiltered,4,430824.93952,431012.90496,187.96543999999994,430824.93952,431012.90496,187.96543999999994,19,6.470192112526515,RankSurprise
microCMCL_L_1_CommonFiltered,4,144314.1632,144627.05664,312.8934399999853,144314.1632,144627.05664,312.8934399999853,8,7.77912504901215,RankSurprise
microCMCL_L_1_CommonFiltered,4,154611.13856,155414.3232,803.1846400000213,154611.13856,155414.3232,803.1846400000213,13,9.191932862866093,RankSurprise
microCMCL_L_1_CommonFiltered,4,156663.02976,158206.68928,1543.6595199999865,156663.02976,158206.68928,1543.6595199999865,11,4.753706504519481,RankSurprise
microCMCL_L_1_CommonFiltered,4,176786.432,178187.50976,1401.0777599999856,176786.432,178187.50976,1401.0777599999856,29,27.276504040888607,RankSurprise
microCMCL_L_1_CommonFiltered,4,179013.0176,179055.2064,42.18880000000354,179013.0176,179055.2064,42.18880000000354,4,6.769984552846104,RankSurprise
microCMCL_L_1_CommonFiltered,4,180928.18432,181088.74752,160.56320000000414,180928.18432,181088.74752,160.56320000000414,4,3.6464711253205024,RankSurprise
microCMCL_L_1_CommonFiltered,4,185907.85536,186028.60544,120.75008000002708,185907.85536,186028.60544,120.75008000002708,4,4.114146204803795,RankSurprise
microCMCL_L_1_CommonFiltered,4,190676.21376,192027.32032,1351.1065599999856,190676.21376,192027.32032,1351.1065599999856,12,4.748491629320244,RankSurprise
microCMCL_L_1_CommonFiltered,4,227112.38656,227261.72672,149.34015999999247,227112.38656,227261.72672,149.34015999999247,5,5.49077971488013,RankSurprise
microCMCL_L_1_CommonFiltered,4,228553.35936,228673.69984,120.34047999998438,228553.35936,228673.69984,120.34047999998438,6,8.24856133885632,RankSurprise
microCMCL_L_1_CommonFiltered,4,312528.24064,312578.17088,49.930240000016056,312528.24064,312578.17088,49.930240000016056,3,3.846569435293338,RankSurprise
microCMCL_L_1_CommonFiltered,4,313602.62144,313604.096,1.4745600000023842,313602.62144,313604.096,1.4745600000023842,3,8.411823013875987,RankSurprise
microCMCL_L_1_CommonFiltered,4,327463.28064,327844.6592,381.3785599999828,327463.28064,327844.6592,381.3785599999828,6,4.580950210070561,RankSurprise
microCMCL_L_1_CommonFiltered,4,339344.83456,342041.64096,2696.8064000000013,339344.83456,342041.64096,2696.8064000000013,18,5.485606023245801,RankSurprise
microCMCL_L_1_CommonFiltered,4,345520.7424,346182.28736,661.5449600000284,345520.7424,346182.28736,661.5449600000284,15,13.779602530578225,RankSurprise
microCMCL_L_1_CommonFiltered,4,347619.40992,348355.3792,735.9692800000194,347619.40992,348355.3792,735.9692800000194,8,3.677113198308673,RankSurprise
microCMCL_L_1_CommonFiltered,4,353131.60192,353314.52928,182.9273600000306,353131.60192,353314.52928,182.9273600000306,5,4.849902296525851,RankSurprise
microCMCL_L_1_CommonFiltered,4,356330.37312,356384.44032,54.06719999999041,356330.37312,356384.44032,54.06719999999041,3,3.8375195997734206,RankSurprise
microCMCL_L_1_CommonFiltered,4,368123.94496,370218.84416,2094.8991999999853,368123.94496,370218.84416,2094.8991999999853,18,7.885710162245705,RankSurprise
microCMCL_L_1_CommonFiltered,4,371330.08896,372863.30368,1533.214719999989,371330.08896,372863.30368,1533.214719999989,12,3.917908012682567,RankSurprise
microCMCL_L_1_CommonFiltered,4,375423.42656,375558.26688,134.84032000001753,375423.42656,375558.26688,134.84032000001753,5,5.973207886566907,RankSurprise
microCMCL_L_1_CommonFiltered,4,379283.29216,385548.41088,6265.1187199999695,379283.29216,385548.41088,6265.1187199999695,37,8.762266348079207,RankSurprise
microCMCL_L_1_CommonFiltered,4,388570.89024,388600.87296,29.982720000029076,388570.89024,388600.87296,29.982720000029076,3,4.678019319034542,RankSurprise
microCMCL_L_1_CommonFiltered,4,390426.05056,390581.49376,155.4431999999797,390426.05056,390581.49376,155.4431999999797,4,3.6991041622856287,RankSurprise
microCMCL_L_1_CommonFiltered,4,392252.66176,392257.45408,4.792320000007749,392252.66176,392257.45408,4.792320000007749,3,7.235908162345208,RankSurprise
microCMCL_L_1_CommonFiltered,4,395109.1712,395434.88512,325.71392000000924,395109.1712,395434.88512,325.71392000000924,8,8.204603749976277,RankSurprise
microCMCL_L_1_CommonFiltered,4,401329.39776,407310.66368,5981.265919999976,401329.39776,407310.66368,5981.265919999976,42,11.389529411525857,RankSurprise
microCMCL_L_1_CommonFiltered,4,408184.13568,408213.95456,29.81887999997707,408184.13568,408213.95456,29.81887999997707,3,4.6104445522522735,RankSurprise
microCMCL_L_1_CommonFiltered,4,411385.56928,411530.77248,145.203199999989,411385.56928,411530.77248,145.203199999989,4,3.862781476206308,RankSurprise
microCMCL_L_1_CommonFiltered,4,419521.00352,420390.17472,869.1711999999825,419521.00352,420390.17472,869.1711999999825,10,6.958760395127399,RankSurprise
microCMCL_L_1_CommonFiltered,4,428441.92768,428480.14336,38.21567999996478,428441.92768,428480.14336,38.21567999996478,4,7.0323671074872,RankSurprise
microCMCL_L_1_CommonFiltered,4,448453.50912,448499.79392,46.2848000000231,448453.50912,448499.79392,46.2848000000231,3,4.007033710277449,RankSurprise
microCMCL_L_1_CommonFiltered,4,464189.52192,466601.5744,2412.052479999955,464189.52192,466601.5744,2412.052479999955,15,4.361962210631158,RankSurprise
microCMCL_L_1_CommonFiltered,4,468746.15808,468847.32928,101.17119999998249,468746.15808,468847.32928,101.17119999998249,4,4.5533162527075675,RankSurprise
microCMCL_L_1_CommonFiltered,4,472943.49312,472954.83904,11.345919999992475,472943.49312,472954.83904,11.345919999992475,3,5.83719128122676,RankSurprise
microCMCL_L_2_CommonFiltered,2,134467.584,134879.88736,412.3033599999908,134467.584,134879.88736,412.3033599999908,5,3.6071095110836353,RankSurprise
microCMCL_L_2_CommonFiltered,2,176595.51744,176617.8816,22.364159999997355,176595.51744,176617.8816,22.364159999997355,3,5.166101763587035,RankSurprise
microCMCL_L_2_CommonFiltered,2,189526.34368,189699.39968,173.0560000000114,189526.34368,189699.39968,173.0560000000114,5,5.474218830288269,RankSurprise
microCMCL_L_2_CommonFiltered,2,208280.00256,208303.06304,23.06048000001465,208280.00256,208303.06304,23.06048000001465,3,5.264488868895839,RankSurprise
microCMCL_L_2_CommonFiltered,2,247417.73312,247626.71104,208.97792000000481,247417.73312,247626.71104,208.97792000000481,5,4.972847121973466,RankSurprise
microCMCL_L_2_CommonFiltered,2,249456.2304,249608.97024,152.73983999999473,249456.2304,249608.97024,152.73983999999473,4,3.8254099312914605,RankSurprise
microCMCL_L_2_CommonFiltered,2,267012.79232,267112.36608,99.57375999999931,267012.79232,267112.36608,99.57375999999931,5,6.800753085298997,RankSurprise
microCMCL_L_2_CommonFiltered,2,324198.07232,324576.95232,378.88000000000466,324198.07232,324576.95232,378.88000000000466,6,4.856354664694614,RankSurprise
microCMCL_L_2_CommonFiltered,2,325798.37952,325803.95008,5.570559999963734,325798.37952,325803.95008,5.570559999963734,3,7.396116163746245,RankSurprise
microCMCL_L_2_CommonFiltered,2,326584.1152,326633.51296,49.39776000002166,326584.1152,326633.51296,49.39776000002166,3,4.081410813437532,RankSurprise
microCMCL_L_2_CommonFiltered,2,327835.89376,328009.03168,173.1379200000083,327835.89376,328009.03168,173.1379200000083,5,5.227078743525524,RankSurprise
microCMCL_L_2_CommonFiltered,2,345730.41664,345794.10944,63.6927999999607,345730.41664,345794.10944,63.6927999999607,3,3.589136264038329,RankSurprise
microCMCL_L_2_CommonFiltered,2,361915.63776,361999.27808,83.64032000000589,361915.63776,361999.27808,83.64032000000589,7,12.167581818215552,RankSurprise
microCMCL_L_2_CommonFiltered,2,364685.68064,365610.8032,925.1225600000471,364685.68064,365610.8032,925.1225600000471,8,3.8318886465003743,RankSurprise
microCMCL_L_2_CommonFiltered,2,367968.33792,372145.64352,4177.305599999963,367968.33792,372145.64352,4177.305599999963,25,7.207386578067004,RankSurprise
microCMCL_L_2_CommonFiltered,2,379342.47936,381428.69504,2086.215680000023,379342.47936,381428.69504,2086.215680000023,13,5.375086171131903,RankSurprise
microCMCL_L_2_CommonFiltered,2,388204.17536,390479.91296,2275.737599999993,388204.17536,390479.91296,2275.737599999993,15,6.5003772079779685,RankSurprise
microCMCL_L_2_CommonFiltered,2,393544.54016,396112.52736,2567.9872000000323,393544.54016,396112.52736,2567.9872000000323,19,7.914276985491527,RankSurprise
microCMCL_L_2_CommonFiltered,2,418283.80672,418344.83712,61.03039999998873,418283.80672,418344.83712,61.03039999998873,3,3.820165474917985,RankSurprise
microCMCL_L_2_CommonFiltered,2,436852.9408,436924.0064,71.06560000003083,436852.9408,436924.0064,71.06560000003083,4,5.41226974274743,RankSurprise
microCMCL_L_2_CommonFiltered,2,460248.80128,460296.64256,47.841279999993276,460248.80128,460296.64256,47.841279999993276,3,3.9035123157602385,RankSurprise
microCMCL_L_3_CommonFiltered,2,27631.57504,27696.61952,65.04448000000048,27631.57504,27696.61952,65.04448000000048,3,4.3992979732475845,RankSurprise
microCMCL_L_3_CommonFiltered,2,109897.85088,109965.5168,67.66591999999946,109897.85088,109965.5168,67.66591999999946,3,4.22879032874685,RankSurprise
microCMCL_L_3_CommonFiltered,2,130366.38208,130460.63104,94.24895999999717,130366.38208,130460.63104,94.24895999999717,3,3.6566525796019214,RankSurprise
microCMCL_L_3_CommonFiltered,2,134676.35712,135045.28384,368.92671999998856,134676.35712,135045.28384,368.92671999998856,6,5.72560527825938,RankSurprise
microCMCL_L_3_CommonFiltered,2,144675.34848,144706.68288,31.33440000002156,144675.34848,144706.68288,31.33440000002156,3,5.628043834509246,RankSurprise
microCMCL_L_3_CommonFiltered,2,155509.63712,158063.37024,2553.73311999999,155509.63712,158063.37024,2553.73311999999,19,8.43051387111486,RankSurprise
microCMCL_L_3_CommonFiltered,2,166874.97216,167279.90272,404.930560000008,166874.97216,167279.90272,404.930560000008,8,9.103480622631452,RankSurprise
microCMCL_L_3_CommonFiltered,2,176065.45408,176111.4112,45.9571200000064,176065.45408,176111.4112,45.9571200000064,3,4.860869002005526,RankSurprise
microCMCL_L_3_CommonFiltered,2,182395.37152,182844.08832,448.7168000000238,182395.37152,182844.08832,448.7168000000238,11,15.034926266160667,RankSurprise
microCMCL_L_3_CommonFiltered,2,187718.08256,188054.36416,336.2815999999875,187718.08256,188054.36416,336.2815999999875,5,4.435933911740836,RankSurprise
microCMCL_L_3_CommonFiltered,2,191585.52576,191686.94272,101.41696000000229,191585.52576,191686.94272,101.41696000000229,5,8.699826458300315,RankSurprise
microCMCL_L_3_CommonFiltered,2,202893.55776,203244.99456,351.43679999999586,202893.55776,203244.99456,351.43679999999586,6,6.169931516383386,RankSurprise
microCMCL_L_3_CommonFiltered,2,218215.30112,218663.40352,448.1024000000034,218215.30112,218663.40352,448.1024000000034,5,3.626674043921021,RankSurprise
microCMCL_L_3_CommonFiltered,2,219858.28864,220326.87104,468.5823999999848,219858.28864,220326.87104,468.5823999999848,5,3.597213984292793,RankSurprise
microCMCL_L_3_CommonFiltered,2,221705.33888,223278.94016,1573.6012800000026,221705.33888,223278.94016,1573.6012800000026,10,3.86325342512571,RankSurprise
microCMCL_L_3_CommonFiltered,2,238755.06176,239085.89568,330.8339199999755,238755.06176,239085.89568,330.8339199999755,5,4.541900511067709,RankSurprise
microCMCL_L_3_CommonFiltered,2,308819.27168,308885.13536,65.86368000000948,308819.27168,308885.13536,65.86368000000948,3,4.380649718167032,RankSurprise
microCMCL_L_3_CommonFiltered,2,309382.63552,309452.92288,70.28736000001663,309382.63552,309452.92288,70.28736000001663,4,6.759857829318669,RankSurprise
microCMCL_L_3_CommonFiltered,2,339795.23072,341891.03104,2095.8003199999803,339795.23072,341891.03104,2095.8003199999803,14,6.124546990473706,RankSurprise
microCMCL_L_3_CommonFiltered,2,349393.42848,349927.46496,534.0364800000098,349393.42848,349927.46496,534.0364800000098,6,4.399166634571046,RankSurprise
microCMCL_L_3_CommonFiltered,2,352883.38432,354491.88352,1608.499199999962,352883.38432,354491.88352,1608.499199999962,12,6.2945789291095435,RankSurprise
microCMCL_L_3_CommonFiltered,2,361549.0048,362903.51104,1354.506240000017,361549.0048,362903.51104,1354.506240000017,9,3.5433692330931748,RankSurprise
microCMCL_L_3_CommonFiltered,2,367450.19392,368000.57344,550.3795200000168,367450.19392,368000.57344,550.3795200000168,7,5.946437214830942,RankSurprise
microCMCL_L_3_CommonFiltered,2,371317.06368,371410.49344,93.42975999996997,371317.06368,371410.49344,93.42975999996997,3,3.650200944320435,RankSurprise
microCMCL_L_3_CommonFiltered,2,378312.45824,378388.72576,76.26751999999397,378312.45824,378388.72576,76.26751999999397,3,4.1037490711859,RankSurprise
microCMCL_L_3_CommonFiltered,2,378902.81472,378933.28896,30.47423999995226,378902.81472,378933.28896,30.47423999995226,3,5.662979886872023,RankSurprise
microCMCL_L_3_CommonFiltered,2,390411.6736,390503.95648,92.28288000001339,390411.6736,390503.95648,92.28288000001339,3,3.735740528670757,RankSurprise
microCMCL_L_3_CommonFiltered,2,394678.23104,394776.82176,98.59072000003653,394678.23104,394776.82176,98.59072000003653,3,3.5314157487529627,RankSurprise
microCMCL_L_3_CommonFiltered,2,401758.12608,401851.76064,93.63455999997677,401758.12608,401851.76064,93.63455999997677,3,3.624600529244974,RankSurprise
microCMCL_L_3_CommonFiltered,2,404715.9296,405779.41504,1063.4854400000186,404715.9296,405779.41504,1063.4854400000186,10,5.916513429014481,RankSurprise
microCMCL_L_3_CommonFiltered,2,416697.58976,416743.34208,45.752319999970496,416697.58976,416743.34208,45.752319999970496,3,4.872703459652527,RankSurprise
microCMCL_L_3_CommonFiltered,2,425180.20096,425636.20864,456.0076800000388,425180.20096,425636.20864,456.0076800000388,6,4.940320518982688,RankSurprise
microCMCL_L_3_CommonFiltered,2,427835.8016,427897.11872,61.31712000002153,427835.8016,427897.11872,61.31712000002153,3,4.298819699919401,RankSurprise
microCMCL_L_3_CommonFiltered,2,446179.40992,447566.19264,1386.7827200000174,446179.40992,447566.19264,1386.7827200000174,11,5.47867047191501,RankSurprise
microCMCL_L_3_CommonFiltered,2,459127.6032,459251.87584,124.27263999998104,459127.6032,459251.87584,124.27263999998104,5,7.6391467159709165,RankSurprise
microCMCL_L_3_CommonFiltered,2,480598.4256,480831.488,233.06239999999525,480598.4256,480831.488,233.06239999999525,5,5.7418048428562365,RankSurprise
microCMCL_L_3_CommonFiltered,2,493405.51168,493622.02624,216.51455999998143,493405.51168,493622.02624,216.51455999998143,4,4.052801992392077,RankSurprise
microCMCL_L_3_CommonFiltered,2,517618.85184,517803.78624,184.93439999996917,517618.85184,517803.78624,184.93439999996917,5,6.50075001839577,RankSurprise
microCMCL_L_3_CommonFiltered,2,523463.59808,524158.27968,694.6815999999526,523463.59808,524158.27968,694.6815999999526,7,4.518005520428901,RankSurprise
microCMCL_L_3_CommonFiltered,2,548209.33632,548279.66464,70.32831999997143,548209.33632,548279.66464,70.32831999997143,3,4.237411071790756,RankSurprise
microCMCL_L_3_CommonFiltered,2,562753.41312,562919.91552,166.50239999999758,562753.41312,562919.91552,166.50239999999758,4,4.786091538480093,RankSurprise
microCMCL_L_3_CommonFiltered,2,583431.3728,583486.09536,54.722560000023805,583431.3728,583486.09536,54.722560000023805,4,7.546960830024821,RankSurprise
microCMCL_L_3_CommonFiltered,2,602592.0512,603060.55168,468.5004800000461,602592.0512,603060.55168,468.5004800000461,7,6.515716802802893,RankSurprise
microCMCL_L_3_CommonFiltered,3,964.1984,991.47776,27.279359999999997,964.1984,991.47776,27.279359999999997,3,6.482986763633875,RankSurprise
microCMCL_L_3_CommonFiltered,3,48814.6944,49014.33344,199.63904000000184,48814.6944,49014.33344,199.63904000000184,5,6.84397812390533,RankSurprise
microCMCL_L_3_CommonFiltered,3,77903.79008,78550.6304,646.8403199999884,77903.79008,78550.6304,646.8403199999884,7,5.37852310800719,RankSurprise
microCMCL_L_3_CommonFiltered,3,96261.57056,96303.5136,41.94304000001284,96261.57056,96303.5136,41.94304000001284,3,5.704032188633073,RankSurprise
microCMCL_L_3_CommonFiltered,3,115446.41536,115614.63808,168.2227200000052,115446.41536,115614.63808,168.2227200000052,4,4.566707600382458,RankSurprise
microCMCL_L_3_CommonFiltered,3,143950.35648,147226.91072,3276.5542400000268,143950.35648,147226.91072,3276.5542400000268,18,5.50263110030409,RankSurprise
microCMCL_L_3_CommonFiltered,3,154578.49344,156021.22752,1442.7340799999947,154578.49344,156021.22752,1442.7340799999947,11,6.838521996007372,RankSurprise
microCMCL_L_3_CommonFiltered,3,179391.0784,179644.12928,253.05087999999523,179391.0784,179644.12928,253.05087999999523,4,3.7193554653282064,RankSurprise
microCMCL_L_3_CommonFiltered,3,182509.32224,182565.60128,56.279039999993984,182509.32224,182565.60128,56.279039999993984,3,4.920933117768147,RankSurprise
microCMCL_L_3_CommonFiltered,3,189452.4928,189547.35616,94.86335999998846,189452.4928,189547.35616,94.86335999998846,3,3.762037271406964,RankSurprise
microCMCL_L_3_CommonFiltered,3,192470.50752,193144.50432,673.9967999999935,192470.50752,193144.50432,673.9967999999935,8,6.386722505444005,RankSurprise
microCMCL_L_3_CommonFiltered,3,204122.89024,204286.7712,163.8809599999804,204122.89024,204286.7712,163.8809599999804,4,4.872056496213389,RankSurprise
microCMCL_L_3_CommonFiltered,3,207880.8064,207927.99232,47.18591999998898,207880.8064,207927.99232,47.18591999998898,3,5.215783679698539,RankSurprise
microCMCL_L_3_CommonFiltered,3,210890.91584,210950.3488,59.43296000000555,210890.91584,210950.3488,59.43296000000555,3,4.835553506166423,RankSurprise
microCMCL_L_3_CommonFiltered,3,227881.24672,228076.01152,194.76480000000447,227881.24672,228076.01152,194.76480000000447,4,4.379146106222208,RankSurprise
microCMCL_L_3_CommonFiltered,3,252116.66432,252156.3136,39.649279999983264,252116.66432,252156.3136,39.649279999983264,3,5.596380721228691,RankSurprise
microCMCL_L_3_CommonFiltered,3,258336.23552,259234.36544,898.1299200000067,258336.23552,259234.36544,898.1299200000067,8,5.051651343859706,RankSurprise
microCMCL_L_3_CommonFiltered,3,297832.12032,298528.93184,696.8115199999884,297832.12032,298528.93184,696.8115199999884,7,5.3380492970594355,RankSurprise
microCMCL_L_3_CommonFiltered,3,300025.40544,300074.84416,49.438719999976456,300025.40544,300074.84416,49.438719999976456,3,5.244875486422259,RankSurprise
microCMCL_L_3_CommonFiltered,3,308997.36576,309075.88608,78.52032000001054,308997.36576,309075.88608,78.52032000001054,3,4.112075441153792,RankSurprise
microCMCL_L_3_CommonFiltered,3,326388.49024,326552.1664,163.6761599999736,326388.49024,326552.1664,163.6761599999736,4,4.884688131146142,RankSurprise
microCMCL_L_3_CommonFiltered,3,334114.816,335854.91968,1740.1036800000002,334114.816,335854.91968,1740.1036800000002,10,3.596785920286161,RankSurprise
microCMCL_L_3_CommonFiltered,3,336166.7072,336246.53824,79.83104000001913,336166.7072,336246.53824,79.83104000001913,4,6.8645476735974995,RankSurprise
microCMCL_L_3_CommonFiltered,3,349339.48416,350035.51744,696.0332800000324,349339.48416,350035.51744,696.0332800000324,7,4.972144800535757,RankSurprise
microCMCL_L_3_CommonFiltered,3,365957.12,366015.6928,58.57280000002356,365957.12,366015.6928,58.57280000002356,3,4.776725226675204,RankSurprise
microCMCL_L_3_CommonFiltered,3,369665.10592,371455.22176,1790.115839999984,369665.10592,371455.22176,1790.115839999984,12,5.658934136057361,RankSurprise
microCMCL_L_3_CommonFiltered,3,379430.17472,379960.5248,530.3500800000038,379430.17472,379960.5248,530.3500800000038,6,4.407299881101963,RankSurprise
microCMCL_L_3_CommonFiltered,3,384981.77024,385134.26432,152.49408000003314,384981.77024,385134.26432,152.49408000003314,4,5.0740878487492616,RankSurprise
microCMCL_L_3_CommonFiltered,3,389824.55296,389898.28096,73.7280000000028,389824.55296,389898.28096,73.7280000000028,3,4.249764843926977,RankSurprise
microCMCL_L_3_CommonFiltered,3,404178.65728,404378.54208,199.8847999999998,404178.65728,404378.54208,199.8847999999998,4,4.279224307402419,RankSurprise
microCMCL_L_3_CommonFiltered,3,408085.42208,408477.40928,391.9872000000323,408085.42208,408477.40928,391.9872000000323,6,5.647452487890803,RankSurprise
microCMCL_L_3_CommonFiltered,3,410709.44256,413706.60864,2997.1660799999954,410709.44256,413706.60864,2997.1660799999954,21,8.910358317625688,RankSurprise
microCMCL_L_3_CommonFiltered,3,421596.24192,422087.39328,491.15136000001803,421596.24192,422087.39328,491.15136000001803,5,3.758454580393483,RankSurprise
microCMCL_L_3_CommonFiltered,3,425179.62752,425210.88,31.25248000002466,425179.62752,425210.88,31.25248000002466,3,6.204043242652807,RankSurprise
microCMCL_L_3_CommonFiltered,3,432866.59072,436058.23488,3191.6441600000253,432866.59072,436058.23488,3191.6441600000253,18,5.690596653027234,RankSurprise
microCMCL_L_3_CommonFiltered,3,438232.71936,438308.57728,75.85792000003858,438232.71936,438308.57728,75.85792000003858,3,4.188356215798333,RankSurprise
microCMCL_L_3_CommonFiltered,3,457563.09504,459427.10272,1864.0076800000388,457563.09504,459427.10272,1864.0076800000388,12,5.522578428502698,RankSurprise
microCMCL_L_3_CommonFiltered,3,477419.9296,477518.56128,98.63168000004953,477419.9296,477518.56128,98.63168000004953,3,3.7001764873225564,RankSurprise
microCMCL_L_3_CommonFiltered,3,583750.00064,583976.83712,226.83648000005633,583750.00064,583976.83712,226.83648000005633,4,3.8689467846951118,RankSurprise
microCMCL_L_3_CommonFiltered,3,585591.1936,585700.22912,109.03552000003401,585591.1936,585700.22912,109.03552000003401,3,3.633614419426644,RankSurprise
microCMCL_L_4_CommonFiltered,2,84698.56256,84790.64064,92.07807999999204,84698.56256,84790.64064,92.07807999999204,3,3.5933736237660465,RankSurprise
microCMCL_L_4_CommonFiltered,2,85733.49888,85769.54368,36.044800000003306,85733.49888,85769.54368,36.044800000003306,3,5.391668209704182,RankSurprise
microCMCL_L_4_CommonFiltered,2,117595.38176,118027.79648,432.41472000000067,117595.38176,118027.79648,432.41472000000067,5,3.7539085488354615,RankSurprise
microCMCL_L_4_CommonFiltered,2,148495.52384,148807.84384,312.3199999999779,148495.52384,148807.84384,312.3199999999779,5,5.190056123865119,RankSurprise
microCMCL_L_4_CommonFiltered,2,166931.21024,167009.23904,78.02880000000005,166931.21024,167009.23904,78.02880000000005,3,3.9143464840604825,RankSurprise
microCMCL_L_4_CommonFiltered,2,171171.88096,171407.5648,235.68383999998332,171171.88096,171407.5648,235.68383999998332,4,3.6009096082881697,RankSurprise
microCMCL_L_4_CommonFiltered,2,173301.18656,173380.15744,78.97088000000804,173301.18656,173380.15744,78.97088000000804,3,3.906624437966572,RankSurprise
microCMCL_L_4_CommonFiltered,2,179855.03232,180082.688,227.6556799999962,179855.03232,180082.688,227.6556799999962,6,7.6224232556820795,RankSurprise
microCMCL_L_4_CommonFiltered,2,182060.11392,184774.4512,2714.337280000007,182060.11392,184774.4512,2714.337280000007,20,9.152730461426348,RankSurprise
microCMCL_L_4_CommonFiltered,2,187520.94208,187890.23744,369.29535999998916,187520.94208,187890.23744,369.29535999998916,6,5.65907891414777,RankSurprise
microCMCL_L_4_CommonFiltered,2,202486.04672,203424.5632,938.5164799999911,202486.04672,203424.5632,938.5164799999911,8,4.371782287076562,RankSurprise
microCMCL_L_4_CommonFiltered,2,213527.1424,213603.7376,76.59519999998156,213527.1424,213603.7376,76.59519999998156,3,3.945536318504674,RankSurprise
microCMCL_L_4_CommonFiltered,2,221786.07104,221861.2736,75.20255999997607,221786.07104,221861.2736,75.20255999997607,3,3.9772202736876068,RankSurprise
microCMCL_L_4_CommonFiltered,2,251170.77504,251252.77696,82.0019199999806,251170.77504,251252.77696,82.0019199999806,3,3.8384357705689407,RankSurprise
microCMCL_L_4_CommonFiltered,2,301419.97056,301495.9104,75.93984000000637,301419.97056,301495.9104,75.93984000000637,3,3.9932524880519455,RankSurprise
microCMCL_L_4_CommonFiltered,2,322794.37312,326504.12032,3709.7471999999834,322794.37312,326504.12032,3709.7471999999834,21,6.431306390134735,RankSurprise
microCMCL_L_4_CommonFiltered,2,339509.90336,339674.07104,164.1676800000132,339509.90336,339674.07104,164.1676800000132,5,6.752303987238658,RankSurprise
microCMCL_L_4_CommonFiltered,2,340544.26624,341194.83392,650.5676799999783,340544.26624,341194.83392,650.5676799999783,10,9.648430921641408,RankSurprise
microCMCL_L_4_CommonFiltered,2,345249.25952,350259.85536,5010.595839999965,345249.25952,350259.85536,5010.595839999965,30,9.843209481006625,RankSurprise
microCMCL_L_4_CommonFiltered,2,352684.6464,353393.62304,708.9766399999498,352684.6464,353393.62304,708.9766399999498,8,6.177116875018578,RankSurprise
microCMCL_L_4_CommonFiltered,2,356489.0112,356649.94304,160.93183999997564,356489.0112,356649.94304,160.93183999997564,5,6.797888731731099,RankSurprise
microCMCL_L_4_CommonFiltered,2,361556.91008,362274.24256,717.3324799999828,361556.91008,362274.24256,717.3324799999828,12,14.225764319799652,RankSurprise
microCMCL_L_4_CommonFiltered,2,368040.30464,372129.34144,4089.0368000000017,368040.30464,372129.34144,4089.0368000000017,22,6.182628943506741,RankSurprise
microCMCL_L_4_CommonFiltered,2,382599.5776,386786.34496,4186.767359999998,382599.5776,386786.34496,4186.767359999998,25,8.215173999153503,RankSurprise
microCMCL_L_4_CommonFiltered,2,401842.87232,401888.6656,45.7932799999835,401842.87232,401888.6656,45.7932799999835,3,4.982973773020435,RankSurprise
microCMCL_L_4_CommonFiltered,2,405794.65216,405946.9824,152.33023999998113,405794.65216,405946.9824,152.33023999998113,7,12.136441110123918,RankSurprise
microCMCL_L_4_CommonFiltered,2,408081.28512,408176.06656,94.78143999999156,408081.28512,408176.06656,94.78143999999156,3,3.5737012811420588,RankSurprise
microCMCL_L_4_CommonFiltered,2,415809.08544,416248.17664,439.0912000000244,415809.08544,416248.17664,439.0912000000244,6,4.783632228891264,RankSurprise
microCMCL_L_4_CommonFiltered,2,427764.44928,427828.06016,63.6108799999929,427764.44928,427828.06016,63.6108799999929,5,10.220369823886138,RankSurprise
microCMCL_L_4_CommonFiltered,2,431303.35232,431586.79552,283.4431999999797,431303.35232,431586.79552,283.4431999999797,4,3.652192977750854,RankSurprise
microCMCL_L_4_CommonFiltered,2,438602.83392,438628.92544,26.091520000016317,438602.83392,438628.92544,26.091520000016317,3,5.823844094558956,RankSurprise
microCMCL_L_4_CommonFiltered,2,443146.93632,443224.84224,77.90592000004835,443146.93632,443224.84224,77.90592000004835,3,3.906624437966572,RankSurprise
microCMCL_L_4_CommonFiltered,2,445033.63584,445131.32544,97.68959999998333,445033.63584,445131.32544,97.68959999998333,3,3.52216850594775,RankSurprise
microCMCL_L_4_CommonFiltered,2,449963.8272,449972.87936,9.052160000021104,449963.8272,449972.87936,9.052160000021104,3,7.345345132482483,RankSurprise
microCMCL_L_4_CommonFiltered,2,455296.69632,457791.97952,2495.2832000000053,455296.69632,457791.97952,2495.2832000000053,17,8.088142766379011,RankSurprise
microCMCL_L_4_CommonFiltered,2,463672.32,464423.44448,751.1244799999986,463672.32,464423.44448,751.1244799999986,7,4.012348725719708,RankSurprise
microCMCL_L_4_CommonFiltered,2,476165.07904,477690.75712,1525.6780800000415,476165.07904,477690.75712,1525.6780800000415,10,3.550610217400747,RankSurprise
microCMCL_L_4_CommonFiltered,2,540321.9968,540399.49312,77.49632000003476,540321.9968,540399.49312,77.49632000003476,3,3.922098460864799,RankSurprise
microCMCL_L_4_CommonFiltered,2,600698.71616,600760.77056,62.054400000022724,600698.71616,600760.77056,62.054400000022724,4,7.134775748264541,RankSurprise
microCMCL_L_4_CommonFiltered,4,45050.22464,45111.21408,60.98943999999756,45050.22464,45111.21408,60.98943999999756,3,4.532122291043361,RankSurprise
microCMCL_L_4_CommonFiltered,4,105479.08608,105559.77728,80.69120000000112,105479.08608,105559.77728,80.69120000000112,3,4.0078099758907815,RankSurprise
microCMCL_L_4_CommonFiltered,4,120109.21984,120973.39392,864.174079999997,120109.21984,120973.39392,864.174079999997,7,3.5184623104188035,RankSurprise
microCMCL_L_4_CommonFiltered,4,131443.95776,131669.72928,225.77152000000933,131443.95776,131669.72928,225.77152000000933,4,3.7513284336038843,RankSurprise
microCMCL_L_4_CommonFiltered,4,154465.0752,154725.13024,260.05504000000656,154465.0752,154725.13024,260.05504000000656,6,7.194597419998004,RankSurprise
microCMCL_L_4_CommonFiltered,4,157060.25984,157160.28416,100.0243199999968,157060.25984,157160.28416,100.0243199999968,3,3.59279182513802,RankSurprise
microCMCL_L_4_CommonFiltered,4,165334.016,165427.77344,93.75743999998667,165334.016,165427.77344,93.75743999998667,3,3.669190232912417,RankSurprise
microCMCL_L_4_CommonFiltered,4,175613.09184,175672.15616,59.064320000004955,175613.09184,175672.15616,59.064320000004955,4,7.217848858856584,RankSurprise
microCMCL_L_4_CommonFiltered,4,178740.46976,181094.07232,2353.6025599999994,178740.46976,181094.07232,2353.6025599999994,18,9.51948897095104,RankSurprise
microCMCL_L_4_CommonFiltered,4,189532.81536,189580.00128,47.18591999998898,189532.81536,189580.00128,47.18591999998898,3,4.787543501276922,RankSurprise
microCMCL_L_4_CommonFiltered,4,203944.18176,204192.11264,247.9308799999999,203944.18176,204192.11264,247.9308799999999,4,3.6294153122174215,RankSurprise
microCMCL_L_4_CommonFiltered,4,213359.04256,213455.91296,96.87039999998524,213359.04256,213455.91296,96.87039999998524,4,5.996566193170274,RankSurprise
microCMCL_L_4_CommonFiltered,4,228022.64064,228052.29568,29.655040000012377,228022.64064,228052.29568,29.655040000012377,3,5.4754136247360226,RankSurprise
microCMCL_L_4_CommonFiltered,4,260240.83456,260279.13216,38.297600000019884,260240.83456,260279.13216,38.297600000019884,3,5.123908389929591,RankSurprise
microCMCL_L_4_CommonFiltered,4,267024.22016,267092.86912,68.64895999996224,267024.22016,267092.86912,68.64895999996224,3,4.1829774088881795,RankSurprise
microCMCL_L_4_CommonFiltered,4,317614.73536,317682.64704,67.91168000001926,317614.73536,317682.64704,67.91168000001926,3,4.192151785164219,RankSurprise
microCMCL_L_4_CommonFiltered,4,319184.85504,319718.15424,533.2992000000086,319184.85504,319718.15424,533.2992000000086,6,4.388216663830489,RankSurprise
microCMCL_L_4_CommonFiltered,4,324963.45088,325001.95328,38.50239999999758,324963.45088,325001.95328,38.50239999999758,3,5.138614537319286,RankSurprise
microCMCL_L_4_CommonFiltered,4,340830.74048,342002.8928,1172.1523199999938,340830.74048,342002.8928,1172.1523199999938,9,4.814199058219833,RankSurprise
microCMCL_L_4_CommonFiltered,4,354389.56544,354820.25984,430.6944000000367,354389.56544,354820.25984,430.6944000000367,5,3.5269733649436823,RankSurprise
microCMCL_L_4_CommonFiltered,4,360616.71424,360719.36,102.64575999998488,360616.71424,360719.36,102.64575999998488,4,5.816983839980683,RankSurprise
microCMCL_L_4_CommonFiltered,4,361672.0896,364420.34176,2748.2521599999745,361672.0896,364420.34176,2748.2521599999745,16,5.049264462515004,RankSurprise
microCMCL_L_4_CommonFiltered,4,366950.97344,367053.12768,102.15424000000348,366950.97344,367053.12768,102.15424000000348,4,5.807823470582019,RankSurprise
microCMCL_L_4_CommonFiltered,4,371248.66048,372935.68,1687.0195199999725,371248.66048,372935.68,1687.0195199999725,13,6.615522757422899,RankSurprise
microCMCL_L_4_CommonFiltered,4,383666.66752,383862.5792,195.91167999996105,383666.66752,383862.5792,195.91167999996105,4,4.240784266082073,RankSurprise
microCMCL_L_4_CommonFiltered,4,386357.69856,387841.76128,1484.0627199999872,386357.69856,387841.76128,1484.0627199999872,11,5.325511154944831,RankSurprise
microCMCL_L_4_CommonFiltered,4,390248.8576,390437.92896,189.07136000000173,390248.8576,390437.92896,189.07136000000173,7,11.144927201264444,RankSurprise
microCMCL_L_4_CommonFiltered,4,399971.24608,400655.64672,684.4006400000071,399971.24608,400655.64672,684.4006400000071,10,9.05067810120592,RankSurprise
microCMCL_L_4_CommonFiltered,4,403555.08224,404828.5696,1273.48735999997,403555.08224,404828.5696,1273.48735999997,9,3.895015724141496,RankSurprise
microCMCL_L_4_CommonFiltered,4,405604.63872,406073.09824,468.4595200000331,405604.63872,406073.09824,468.4595200000331,13,18.42871800987783,RankSurprise
microCMCL_L_4_CommonFiltered,4,419421.92128,419591.3728,169.45152000000235,419421.92128,419591.3728,169.45152000000235,4,4.537040681430007,RankSurprise
microCMCL_L_4_CommonFiltered,4,426117.40672,427083.1616,965.754879999964,426117.40672,427083.1616,965.754879999964,8,4.680632761205454,RankSurprise
microCMCL_L_4_CommonFiltered,4,427842.27328,427972.1984,129.92511999997078,427842.27328,427972.1984,129.92511999997078,6,10.513755833892645,RankSurprise
microCMCL_L_4_CommonFiltered,4,437138.55488,437224.448,85.89311999996426,437138.55488,437224.448,85.89311999996426,4,6.481836057367236,RankSurprise
microCMCL_L_4_CommonFiltered,4,445467.648,445847.18336,379.53536000003805,445467.648,445847.18336,379.53536000003805,5,4.0280916892637215,RankSurprise
microCMCL_L_4_CommonFiltered,4,448372.736,450163.0976,1790.3616000000038,448372.736,450163.0976,1790.3616000000038,19,13.270917448490396,RankSurprise
microCMCL_L_4_CommonFiltered,4,454752.21504,456136.0896,1383.8745600000257,454752.21504,456136.0896,1383.8745600000257,10,4.795675089490877,RankSurprise
microCMCL_L_4_CommonFiltered,4,463667.89632,463923.69152,255.7951999999932,463667.89632,463923.69152,255.7951999999932,7,9.356276160017735,RankSurprise
microCMCL_L_4_CommonFiltered,4,468872.76544,468895.66208,22.89663999999175,468872.76544,468895.66208,22.89663999999175,4,9.401597485835536,RankSurprise
microCMCL_L_4_CommonFiltered,4,472683.47904,472754.09408,70.61504000000423,472683.47904,472754.09408,70.61504000000423,3,4.119908800017063,RankSurprise
microCMCL_L_4_CommonFiltered,4,476191.90784,478213.89824,2021.9904000000097,476191.90784,478213.89824,2021.9904000000097,15,7.141021640742145,RankSurprise
microCMCL_L_4_CommonFiltered,4,515040.50176,515127.41888,86.91711999999825,515040.50176,515127.41888,86.91711999999825,3,3.877946389316806,RankSurprise
microCMCL_L_4_CommonFiltered,4,573135.4624,573637.2224,501.7600000000093,573135.4624,573637.2224,501.7600000000093,6,4.406698280298019,RankSurprise
microCMCL_L_4_CommonFiltered,4,579593.29792,579904.67584,311.377919999999,579593.29792,579904.67584,311.377919999999,5,4.670151016793188,RankSurprise
microCMCL_L_5_CommonFiltered,0,145182.26944,145196.31872,14.049280000006547,145182.26944,145196.31872,14.049280000006547,3,4.518867597155657,RankSurprise
microCMCL_L_5_CommonFiltered,0,155773.952,155881.51296,107.56096000000252,155773.952,155881.51296,107.56096000000252,7,3.578148962906268,RankSurprise
microCMCL_L_5_CommonFiltered,0,156448.19456,156573.85984,125.66527999998652,156448.19456,156573.85984,125.66527999998652,9,5.875757294274338,RankSurprise
microCMCL_L_5_CommonFiltered,0,156831.45728,156898.0992,66.64191999999457,156831.45728,156898.0992,66.64191999999457,7,6.738164150396649,RankSurprise
microCMCL_L_5_CommonFiltered,0,167140.31104,167240.25344,99.9423999999999,167140.31104,167240.25344,99.9423999999999,7,4.635435988581016,RankSurprise
microCMCL_L_5_CommonFiltered,0,181814.19008,182239.92832,425.73824000000604,181814.19008,182239.92832,425.73824000000604,21,5.376105358094503,RankSurprise
microCMCL_L_5_CommonFiltered,0,184647.51616,184664.14592,16.62976000001072,184647.51616,184664.14592,16.62976000001072,3,3.7940536351355707,RankSurprise
microCMCL_L_5_CommonFiltered,0,184939.97056,185030.8608,90.8902400000079,184939.97056,185030.8608,90.8902400000079,7,4.4176465487094445,RankSurprise
microCMCL_L_5_CommonFiltered,0,187790.00832,187967.65184,177.64352000001236,187790.00832,187967.65184,177.64352000001236,10,4.467063085569023,RankSurprise
microCMCL_L_5_CommonFiltered,0,201814.67136,201831.34208,16.670719999994617,201814.67136,201831.34208,16.670719999994617,3,3.87236727408013,RankSurprise
microCMCL_L_5_CommonFiltered,0,203014.71744,203023.85152,9.134079999988899,203014.71744,203023.85152,9.134079999988899,3,6.082969977362525,RankSurprise
microCMCL_L_5_CommonFiltered,0,206314.94656,206348.288,33.341439999989234,206314.94656,206348.288,33.341439999989234,4,4.14169493753576,RankSurprise
microCMCL_L_5_CommonFiltered,0,227327.91808,227502.24384,174.325760000007,227327.91808,227502.24384,174.325760000007,9,3.55684823370751,RankSurprise
microCMCL_L_5_CommonFiltered,0,228052.3776,228069.04832,16.670719999994617,228052.3776,228069.04832,16.670719999994617,3,3.9331829440454324,RankSurprise
microCMCL_L_5_CommonFiltered,0,228261.4784,228278.10816,16.62976000001072,228261.4784,228278.10816,16.62976000001072,3,4.038841641580719,RankSurprise
microCMCL_L_5_CommonFiltered,0,252490.99776,252507.66848,16.670719999994617,252490.99776,252507.66848,16.670719999994617,3,3.737267344810782,RankSurprise
microCMCL_L_5_CommonFiltered,0,316543.34464,316593.3568,50.01215999998385,316543.34464,316593.3568,50.01215999998385,5,4.447291066420462,RankSurprise
microCMCL_L_5_CommonFiltered,0,317343.78496,317680.55808,336.7731199999689,317343.78496,317680.55808,336.7731199999689,16,4.340687220273506,RankSurprise
microCMCL_L_5_CommonFiltered,0,317860.6592,317903.01184,42.352639999997336,317860.6592,317903.01184,42.352639999997336,5,5.106702526648842,RankSurprise
microCMCL_L_5_CommonFiltered,0,320211.72224,320228.352,16.629760000039823,320211.72224,320228.352,16.629760000039823,3,4.0101157409822115,RankSurprise
microCMCL_L_5_CommonFiltered,0,320345.088,320528.46592,183.377919999999,320345.088,320528.46592,183.377919999999,10,3.7048262047415883,RankSurprise
microCMCL_L_5_CommonFiltered,0,320828.66176,320837.75488,9.093120000034105,320828.66176,320837.75488,9.093120000034105,3,9.343088760764775,RankSurprise
microCMCL_L_5_CommonFiltered,0,321137.90976,321354.62912,216.71935999998823,321137.90976,321354.62912,216.71935999998823,13,5.971375495669906,RankSurprise
microCMCL_L_5_CommonFiltered,0,321445.64224,321912.54528,466.9030400000047,321445.64224,321912.54528,466.9030400000047,22,4.8376680971761115,RankSurprise
microCMCL_L_5_CommonFiltered,0,322212.61824,322479.43168,266.8134399999981,322212.61824,322479.43168,266.8134399999981,13,3.6003318099306543,RankSurprise
microCMCL_L_5_CommonFiltered,0,322896.2816,322922.04544,25.763840000028722,322896.2816,322922.04544,25.763840000028722,4,4.57237010170579,RankSurprise
microCMCL_L_5_CommonFiltered,0,323113.04192,323313.0496,200.00768000003882,323113.04192,323313.0496,200.00768000003882,11,4.152543713573567,RankSurprise
microCMCL_L_5_CommonFiltered,0,323805.75744,323813.41696,7.6595199999865144,323805.75744,323813.41696,7.6595199999865144,3,10.079253326408411,RankSurprise
microCMCL_L_5_CommonFiltered,0,324096.90112,324189.26592,92.36479999998119,324096.90112,324189.26592,92.36479999998119,8,6.304970638116507,RankSurprise
microCMCL_L_5_CommonFiltered,0,328382.17728,328598.81472,216.63744000002043,328382.17728,328598.81472,216.63744000002043,16,10.041173026564525,RankSurprise
microCMCL_L_5_CommonFiltered,0,329265.84832,329424.97792,159.12959999998566,329265.84832,329424.97792,159.12959999998566,10,4.429532392909533,RankSurprise
microCMCL_L_5_CommonFiltered,0,329891.88096,329908.55168,16.670719999994617,329891.88096,329908.55168,16.670719999994617,3,3.7310561447181403,RankSurprise
microCMCL_L_5_CommonFiltered,0,330075.29984,330132.84864,57.54879999998957,330075.29984,330132.84864,57.54879999998957,6,5.78331115167623,RankSurprise
microCMCL_L_5_CommonFiltered,0,331492.47488,331583.44704,90.9721600000048,331492.47488,331583.44704,90.9721600000048,9,8.260634321932166,RankSurprise
microCMCL_L_5_CommonFiltered,0,332109.37344,332517.1712,407.79775999998674,332109.37344,332517.1712,407.79775999998674,20,4.856415300026332,RankSurprise
microCMCL_L_5_CommonFiltered,0,333984.31744,334084.34176,100.0243199999677,333984.31744,334084.34176,100.0243199999677,9,7.061058591550339,RankSurprise
microCMCL_L_5_CommonFiltered,0,334517.8624,334534.57408,16.711680000007618,334517.8624,334534.57408,16.711680000007618,3,3.806894803826781,RankSurprise
microCMCL_L_5_CommonFiltered,0,334893.75232,334943.80544,50.05311999999685,334893.75232,334943.80544,50.05311999999685,5,4.128411140469641,RankSurprise
microCMCL_L_5_CommonFiltered,0,335101.37856,335234.82624,133.44768000004115,335101.37856,335234.82624,133.44768000004115,9,4.260248733081567,RankSurprise
microCMCL_L_5_CommonFiltered,0,335404.8512,335418.08128,13.230080000008456,335404.8512,335418.08128,13.230080000008456,3,8.260391927402564,RankSurprise
microCMCL_L_5_CommonFiltered,0,335477.26848,335910.66624,433.39775999996345,335477.26848,335910.66624,433.39775999996345,18,3.619361726381176,RankSurprise
microCMCL_L_5_CommonFiltered,0,337602.1504,337618.82112,16.670719999994617,337602.1504,337618.82112,16.670719999994617,3,3.71869131536314,RankSurprise
microCMCL_L_5_CommonFiltered,0,338895.0528,338978.4064,83.35359999997308,338895.0528,338978.4064,83.35359999997308,6,3.8444950419353625,RankSurprise
microCMCL_L_5_CommonFiltered,0,342446.36672,342513.00864,66.64192000002367,342446.36672,342513.00864,66.64192000002367,6,4.852407899684479,RankSurprise
microCMCL_L_5_CommonFiltered,0,342779.86304,342904.09472,124.23167999996804,342779.86304,342904.09472,124.23167999996804,11,9.113416343786874,RankSurprise
microCMCL_L_5_CommonFiltered,0,343254.2208,343270.85056,16.629759999981616,343254.2208,343270.85056,16.629759999981616,3,4.046088050101485,RankSurprise
microCMCL_L_5_CommonFiltered,0,343463.44448,343480.07424,16.629759999981616,343463.44448,343480.07424,16.629759999981616,3,4.090126674884992,RankSurprise
microCMCL_L_5_CommonFiltered,0,344380.37504,344397.04576,16.670719999994617,344380.37504,344397.04576,16.670719999994617,3,3.9538728452368286,RankSurprise
microCMCL_L_5_CommonFiltered,0,344730.54208,344780.51328,49.97120000002906,344730.54208,344780.51328,49.97120000002906,5,4.358767304095199,RankSurprise
microCMCL_L_5_CommonFiltered,0,345254.95296,345271.66464,16.71167999994941,345254.95296,345271.66464,16.71167999994941,3,3.737267344810782,RankSurprise
microCMCL_L_5_CommonFiltered,0,349998.77632,350082.00704,83.23071999999229,349998.77632,350082.00704,83.23071999999229,6,3.636428744163639,RankSurprise
microCMCL_L_5_CommonFiltered,0,352373.67808,352416.03072,42.352639999997336,352373.67808,352416.03072,42.352639999997336,5,5.200144072656627,RankSurprise
microCMCL_L_5_CommonFiltered,0,370621.8496,370629.38624,7.536640000005718,370621.8496,370629.38624,7.536640000005718,3,10.400458090898836,RankSurprise
microCMCL_L_5_CommonFiltered,0,370888.58112,370905.16992,16.588800000026822,370888.58112,370905.16992,16.588800000026822,3,3.87236727408013,RankSurprise
microCMCL_L_5_CommonFiltered,0,371321.97888,371346.26816,24.28927999996813,371321.97888,371346.26816,24.28927999996813,4,5.793919342344445,RankSurprise
microCMCL_L_5_CommonFiltered,0,412572.54912,412646.76864,74.2195200000424,412572.54912,412646.76864,74.2195200000424,6,4.074008181495135,RankSurprise
microCMCL_L_5_CommonFiltered,0,412896.82944,413046.94784,150.11839999997756,412896.82944,413046.94784,150.11839999997756,10,4.605937645123029,RankSurprise
microCMCL_L_5_CommonFiltered,0,429837.18912,430053.90848,216.71935999998823,429837.18912,430053.90848,216.71935999998823,14,7.4852259419770295,RankSurprise
microCMCL_L_5_CommonFiltered,0,430120.67328,430537.56416,416.89088000002084,430120.67328,430537.56416,416.89088000002084,19,4.071641506640883,RankSurprise
microCMCL_L_5_CommonFiltered,0,431171.1744,431196.93824,25.763839999970514,431171.1744,431196.93824,25.763839999970514,4,4.7417275849594205,RankSurprise
microCMCL_L_5_CommonFiltered,1,145061.19168,145177.84576,116.65408000000753,145061.19168,145177.84576,116.65408000000753,14,4.8498475543343265,RankSurprise
microCMCL_L_5_CommonFiltered,1,155649.80224,155666.55488,16.75264000002062,155649.80224,155666.55488,16.75264000002062,4,3.583644847398798,RankSurprise
microCMCL_L_5_CommonFiltered,1,155877.1712,155918.41792,41.24671999999555,155877.1712,155918.41792,41.24671999999555,7,4.147164710327621,RankSurprise
microCMCL_L_5_CommonFiltered,1,156387.90144,156393.6768,5.775359999999637,156387.90144,156393.6768,5.775359999999637,3,3.9494946128843935,RankSurprise
microCMCL_L_5_CommonFiltered,1,156841.12384,156884.82816,43.704320000018924,156841.12384,156884.82816,43.704320000018924,8,5.569506294641265,RankSurprise
microCMCL_L_5_CommonFiltered,1,177515.80672,177573.4784,57.67167999999947,177515.80672,177573.4784,57.67167999999947,11,8.052750786043367,RankSurprise
microCMCL_L_5_CommonFiltered,1,177600.88064,177692.91776,92.0371200000227,177600.88064,177692.91776,92.0371200000227,16,10.648950936709989,RankSurprise
microCMCL_L_5_CommonFiltered,1,177899.06944,177909.76,10.690560000017285,177899.06944,177909.76,10.690560000017285,4,5.518764153331357,RankSurprise
microCMCL_L_5_CommonFiltered,1,178123.53024,178137.04704,13.516800000012154,178123.53024,178137.04704,13.516800000012154,5,6.507806277028902,RankSurprise
microCMCL_L_5_CommonFiltered,1,178484.30592,178499.05152,14.745599999994738,178484.30592,178499.05152,14.745599999994738,4,3.8305089654781135,RankSurprise
microCMCL_L_5_CommonFiltered,1,178582.36416,178599.07584,16.711680000007618,178582.36416,178599.07584,16.711680000007618,5,5.685714381892517,RankSurprise
microCMCL_L_5_CommonFiltered,1,178753.7408,178793.14432,39.40351999999257,178753.7408,178793.14432,39.40351999999257,8,6.064942119271991,RankSurprise
microCMCL_L_5_CommonFiltered,1,178843.11552,178926.26432,83.14879999999539,178843.11552,178926.26432,83.14879999999539,12,6.217795762152403,RankSurprise
microCMCL_L_5_CommonFiltered,1,181290.27072,181406.88384,116.61311999999452,181290.27072,181406.88384,116.61311999999452,15,6.084152944494531,RankSurprise
microCMCL_L_5_CommonFiltered,1,181599.10912,181767.82336,168.71424000000115,181599.10912,181767.82336,168.71424000000115,21,7.52899695128485,RankSurprise
microCMCL_L_5_CommonFiltered,1,182059.6224,182084.32128,24.69888000001083,182059.6224,182084.32128,24.69888000001083,5,4.298888495408672,RankSurprise
microCMCL_L_5_CommonFiltered,1,182184.3456,182226.37056,42.02496000000974,182184.3456,182226.37056,42.02496000000974,7,4.485037219269462,RankSurprise
microCMCL_L_5_CommonFiltered,1,184267.69408,184299.15136,31.457280000002356,184267.69408,184299.15136,31.457280000002356,6,4.67245693010783,RankSurprise
microCMCL_L_5_CommonFiltered,1,184581.16096,184617.86112,36.700159999978496,184581.16096,184617.86112,36.700159999978496,8,6.955444428173673,RankSurprise
microCMCL_L_5_CommonFiltered,1,185440.4608,185443.1232,2.662400000001071,185440.4608,185443.1232,2.662400000001071,3,5.943756006489471,RankSurprise
microCMCL_L_5_CommonFiltered,1,185472.24576,185484.65664,12.410880000010366,185472.24576,185484.65664,12.410880000010366,4,4.389566351424076,RankSurprise
microCMCL_L_5_CommonFiltered,1,185593.15968,185659.8016,66.64191999999457,185593.15968,185659.8016,66.64191999999457,9,3.685706509711112,RankSurprise
microCMCL_L_5_CommonFiltered,1,185732.54656,185743.11424,10.567680000007385,185732.54656,185743.11424,10.567680000007385,4,5.563060273402094,RankSurprise
microCMCL_L_5_CommonFiltered,1,187415.83872,187543.18336,127.3446399999957,187415.83872,187543.18336,127.3446399999957,15,5.1586369440988635,RankSurprise
microCMCL_L_5_CommonFiltered,1,188043.18208,188051.0464,7.864319999993313,188043.18208,188051.0464,7.864319999993313,3,3.9830922491137652,RankSurprise
microCMCL_L_5_CommonFiltered,1,188240.36352,188265.84064,25.47711999999592,188240.36352,188265.84064,25.47711999999592,5,3.5549500317611553,RankSurprise
microCMCL_L_5_CommonFiltered,1,188432.54784,188437.21728,4.669439999997849,188432.54784,188437.21728,4.669439999997849,3,5.033516618967004,RankSurprise
microCMCL_L_5_CommonFiltered,1,188793.2416,188867.7888,74.54720000000088,188793.2416,188867.7888,74.54720000000088,12,7.762810562945312,RankSurprise
microCMCL_L_5_CommonFiltered,1,188949.25824,188982.59968,33.34144000001834,188949.25824,188982.59968,33.34144000001834,6,3.7054037952530625,RankSurprise
microCMCL_L_5_CommonFiltered,1,189268.00896,189301.26848,33.259519999992335,189268.00896,189301.26848,33.259519999992335,6,4.046336888304571,RankSurprise
microCMCL_L_5_CommonFiltered,1,189384.62208,189390.60224,5.980160000006435,189384.62208,189390.60224,5.980160000006435,4,6.451228654466441,RankSurprise
microCMCL_L_5_CommonFiltered,1,189601.30048,189637.26336,35.96288000000641,189601.30048,189637.26336,35.96288000000641,7,5.067548817111628,RankSurprise
microCMCL_L_5_CommonFiltered,1,199554.21184,199574.36416,20.15231999999378,199554.21184,199574.36416,20.15231999999378,5,4.448264091437185,RankSurprise
microCMCL_L_5_CommonFiltered,1,199766.17984,199770.97216,4.792320000007749,199766.17984,199770.97216,4.792320000007749,3,4.696300041490899,RankSurprise
microCMCL_L_5_CommonFiltered,1,200068.096,200110.32576,42.22976000001654,200068.096,200110.32576,42.22976000001654,8,5.520673603095183,RankSurprise
microCMCL_L_5_CommonFiltered,1,200487.56736,200493.50656,5.939200000022538,200487.56736,200493.50656,5.939200000022538,3,3.8707139969115083,RankSurprise
microCMCL_L_5_CommonFiltered,1,201604.3008,201620.97152,16.670719999994617,201604.3008,201620.97152,16.670719999994617,4,3.596254324086729,RankSurprise
microCMCL_L_5_CommonFiltered,1,202354.36032,202370.94912,16.58879999999772,202354.36032,202370.94912,16.58879999999772,4,3.6947291028686067,RankSurprise
microCMCL_L_5_CommonFiltered,1,203101.63456,203126.94784,25.313280000002123,203101.63456,203126.94784,25.313280000002123,5,3.597444856436642,RankSurprise
microCMCL_L_5_CommonFiltered,1,214355.68128,214361.57952,5.898240000009537,214355.68128,214361.57952,5.898240000009537,3,4.3567242543393245,RankSurprise
microCMCL_L_5_CommonFiltered,1,218437.09952,218462.33088,25.231360000005225,218437.09952,218462.33088,25.231360000005225,5,3.671608891069102,RankSurprise
microCMCL_L_5_CommonFiltered,1,221298.97472,221307.00288,8.02815999998711,221298.97472,221307.00288,8.02815999998711,3,3.730656759193918,RankSurprise
microCMCL_L_5_CommonFiltered,1,227320.38144,227325.17376,4.792320000007749,227320.38144,227325.17376,4.792320000007749,3,4.651259410558104,RankSurprise
microCMCL_L_5_CommonFiltered,1,227811.77856,227814.52288,2.7443199999979697,227811.77856,227814.52288,2.7443199999979697,3,6.058541816999929,RankSurprise
microCMCL_L_5_CommonFiltered,1,228041.9328,228047.91296,5.980159999977332,228041.9328,228047.91296,5.980159999977332,3,4.49599746677651,RankSurprise
microCMCL_L_5_CommonFiltered,1,228141.95712,228172.67712,30.720000000001164,228141.95712,228172.67712,30.720000000001164,6,4.999662844660577,RankSurprise
microCMCL_L_5_CommonFiltered,1,228253.94176,228258.77504,4.83328000002075,228253.94176,228258.77504,4.83328000002075,3,4.850108332229125,RankSurprise
microCMCL_L_5_CommonFiltered,1,229975.61344,229992.20224,16.588800000026822,229975.61344,229992.20224,16.588800000026822,4,3.5409580227890345,RankSurprise
microCMCL_L_5_CommonFiltered,1,230154.28096,230192.37376,38.09279999998398,230154.28096,230192.37376,38.09279999998398,6,3.516941691367513,RankSurprise
microCMCL_L_5_CommonFiltered,1,230254.30528,230264.87296,10.567680000007385,230254.30528,230264.87296,10.567680000007385,5,7.566737632699958,RankSurprise
microCMCL_L_5_CommonFiltered,1,320424.01792,320496.59904,72.581119999988,320424.01792,320496.59904,72.581119999988,9,3.742564474394105,RankSurprise
microCMCL_L_5_CommonFiltered,1,321024.28672,321065.82016,41.53344000002835,321024.28672,321065.82016,41.53344000002835,7,4.145653952227971,RankSurprise
microCMCL_L_5_CommonFiltered,1,321699.18464,321700.16768,0.983040000020992,321699.18464,321700.16768,0.983040000020992,3,9.884054705193826,RankSurprise
microCMCL_L_5_CommonFiltered,1,321947.4432,321958.33856,10.895360000024084,321947.4432,321958.33856,10.895360000024084,4,5.014067750762919,RankSurprise
microCMCL_L_5_CommonFiltered,1,321997.53728,322091.6224,94.08512000000337,321997.53728,322091.6224,94.08512000000337,12,3.9769716897152536,RankSurprise
microCMCL_L_5_CommonFiltered,1,322146.01728,322166.25152,20.23424000001978,322146.01728,322166.25152,20.23424000001978,5,4.483296165575329,RankSurprise
microCMCL_L_5_CommonFiltered,1,322247.63904,322264.22784,16.588800000026822,322247.63904,322264.22784,16.588800000026822,4,3.6025789931480254,RankSurprise
microCMCL_L_5_CommonFiltered,1,322372.36224,322382.848,10.485760000010487,322372.36224,322382.848,10.485760000010487,4,5.632830881661185,RankSurprise
microCMCL_L_5_CommonFiltered,1,322541.69088,322558.3616,16.670719999994617,322541.69088,322558.3616,16.670719999994617,4,3.583644847398798,RankSurprise
microCMCL_L_5_CommonFiltered,1,322769.14176,322866.5856,97.44383999996353,322769.14176,322866.5856,97.44383999996353,13,5.766646377627758,RankSurprise
microCMCL_L_5_CommonFiltered,1,322941.952,322966.60992,24.657920000026934,322941.952,322966.60992,24.657920000026934,5,4.246289427552934,RankSurprise
microCMCL_L_5_CommonFiltered,1,323314.72896,323575.64416,260.91520000004675,323314.72896,323575.64416,260.91520000004675,32,9.992162675495232,RankSurprise
microCMCL_L_5_CommonFiltered,1,323998.3104,324033.69984,35.38943999999901,323998.3104,324033.69984,35.38943999999901,6,3.5906244131565126,RankSurprise
microCMCL_L_5_CommonFiltered,1,324233.95328,324236.45184,2.49855999997817,324233.95328,324236.45184,2.49855999997817,3,6.4214987442006155,RankSurprise
microCMCL_L_5_CommonFiltered,1,328027.46368,328144.15872,116.69504000002053,328027.46368,328144.15872,116.69504000002053,13,3.717012279576548,RankSurprise
microCMCL_L_5_CommonFiltered,1,328227.59424,328260.93568,33.341439999989234,328227.59424,328260.93568,33.341439999989234,6,4.024035454534503,RankSurprise
microCMCL_L_5_CommonFiltered,1,328544.41984,328717.18912,172.7692800000077,328544.41984,328717.18912,172.7692800000077,20,6.086458815637372,RankSurprise
microCMCL_L_5_CommonFiltered,1,328794.60352,328835.8912,41.28768000000855,328794.60352,328835.8912,41.28768000000855,7,4.644488222457233,RankSurprise
microCMCL_L_5_CommonFiltered,1,329867.55072,329936.36352,68.81280000001425,329867.55072,329936.36352,68.81280000001425,10,4.851591981022138,RankSurprise
microCMCL_L_5_CommonFiltered,1,329992.47872,330003.12832,10.649600000004284,329992.47872,330003.12832,10.649600000004284,4,5.486954700872776,RankSurprise
microCMCL_L_5_CommonFiltered,1,330125.88544,330184.54016,58.65471999999136,330125.88544,330184.54016,58.65471999999136,8,3.609696923178924,RankSurprise
microCMCL_L_5_CommonFiltered,1,330255.85152,330269.85984,14.008319999964442,330255.85152,330269.85984,14.008319999964442,4,4.2358236252413235,RankSurprise
microCMCL_L_5_CommonFiltered,1,330451.27168,330553.1392,101.86751999997068,330451.27168,330553.1392,101.86751999997068,13,5.231405833034093,RankSurprise
microCMCL_L_5_CommonFiltered,1,330636.65664,330645.38112,8.724479999975301,330636.65664,330645.38112,8.724479999975301,4,6.250802542082095,RankSurprise
microCMCL_L_5_CommonFiltered,1,330928.86528,330942.8736,14.008319999964442,330928.86528,330942.8736,14.008319999964442,4,4.187988087411263,RankSurprise
microCMCL_L_5_CommonFiltered,1,331278.9504,331362.18112,83.2307200000505,331278.9504,331362.18112,83.2307200000505,13,7.384095614467858,RankSurprise
microCMCL_L_5_CommonFiltered,1,331795.8656,331845.75488,49.889280000003055,331795.8656,331845.75488,49.889280000003055,8,4.403258764993631,RankSurprise
microCMCL_L_5_CommonFiltered,1,331971.25632,332062.55616,91.2998399999924,331971.25632,332062.55616,91.2998399999924,13,6.404790051052236,RankSurprise
microCMCL_L_5_CommonFiltered,1,332135.17824,332139.97056,4.792320000007749,332135.17824,332139.97056,4.792320000007749,3,4.693455089358668,RankSurprise
microCMCL_L_5_CommonFiltered,1,332176.67072,332270.75584,94.08512000000337,332176.67072,332270.75584,94.08512000000337,13,5.868835583185495,RankSurprise
microCMCL_L_5_CommonFiltered,1,332318.67904,332387.45088,68.77184000000125,332318.67904,332387.45088,68.77184000000125,10,5.18073876683707,RankSurprise
microCMCL_L_5_CommonFiltered,1,332552.06912,332556.77952,4.710399999981746,332552.06912,332556.77952,4.710399999981746,4,9.126027102279927,RankSurprise
microCMCL_L_5_CommonFiltered,1,332668.80512,332770.9184,102.11328000004869,332668.80512,332770.9184,102.11328000004869,12,3.6574693274388403,RankSurprise
microCMCL_L_5_CommonFiltered,1,332987.43296,332990.21824,2.785280000010971,332987.43296,332990.21824,2.785280000010971,3,7.528128343774453,RankSurprise
microCMCL_L_5_CommonFiltered,1,333046.25152,333107.11808,60.866559999994934,333046.25152,333107.11808,60.866559999994934,9,4.910240253152194,RankSurprise
microCMCL_L_5_CommonFiltered,1,333268.992,333337.51808,68.52607999998145,333268.992,333337.51808,68.52607999998145,9,4.339464661965493,RankSurprise
microCMCL_L_5_CommonFiltered,1,333552.27136,333579.75552,27.4841599999927,333552.27136,333579.75552,27.4841599999927,6,5.179457511613144,RankSurprise
microCMCL_L_5_CommonFiltered,1,333637.95968,333646.60224,8.642559999949299,333637.95968,333646.60224,8.642559999949299,5,8.337028865723639,RankSurprise
microCMCL_L_5_CommonFiltered,1,334002.66752,334019.33824,16.670719999994617,334002.66752,334019.33824,16.670719999994617,4,3.6290762529300906,RankSurprise
microCMCL_L_5_CommonFiltered,1,334113.34144,334246.62528,133.28383999998914,334113.34144,334246.62528,133.28383999998914,18,7.861446766194115,RankSurprise
microCMCL_L_5_CommonFiltered,1,334369.46432,334404.85376,35.38943999999901,334369.46432,334404.85376,35.38943999999901,7,5.163169230609787,RankSurprise
microCMCL_L_5_CommonFiltered,1,334552.84224,334586.10176,33.25951999996323,334552.84224,334586.10176,33.25951999996323,7,5.812730733860097,RankSurprise
microCMCL_L_5_CommonFiltered,1,334786.02752,335155.15904,369.13151999999536,334786.02752,335155.15904,369.13151999999536,43,11.884918883987746,RankSurprise
microCMCL_L_5_CommonFiltered,1,335180.3904,335203.08224,22.691840000043157,335180.3904,335203.08224,22.691840000043157,6,6.35876718034941,RankSurprise
microCMCL_L_5_CommonFiltered,1,335247.07328,335263.58016,16.50688000000082,335247.07328,335263.58016,16.50688000000082,4,3.6483002434403424,RankSurprise
microCMCL_L_5_CommonFiltered,1,335341.07648,335471.90272,130.82624000002397,335341.07648,335471.90272,130.82624000002397,17,6.939065374619498,RankSurprise
microCMCL_L_5_CommonFiltered,1,335513.84576,335521.83296,7.987200000032317,335513.84576,335521.83296,7.987200000032317,3,3.6312786972588267,RankSurprise
microCMCL_L_5_CommonFiltered,1,335753.29792,335755.30496,2.0070399999967776,335753.29792,335755.30496,2.0070399999967776,3,9.266244341270005,RankSurprise
microCMCL_L_5_CommonFiltered,1,335869.952,335874.58048,4.628480000013951,335869.952,335874.58048,4.628480000013951,3,5.1839372499479435,RankSurprise
microCMCL_L_5_CommonFiltered,1,336007.94624,336041.24672,33.30047999997623,336007.94624,336041.24672,33.30047999997623,7,5.626773508403359,RankSurprise
microCMCL_L_5_CommonFiltered,1,336753.4592,336764.19072,10.731520000030287,336753.4592,336764.19072,10.731520000030287,4,5.0583113301571885,RankSurprise
microCMCL_L_5_CommonFiltered,1,337153.6384,337208.36096,54.722560000023805,337153.6384,337208.36096,54.722560000023805,11,8.989558037906386,RankSurprise
microCMCL_L_5_CommonFiltered,1,337458.3808,337489.1008,30.720000000030268,337458.3808,337489.1008,30.720000000030268,7,6.072158390537241,RankSurprise
microCMCL_L_5_CommonFiltered,1,337864.45824,337872.36352,7.905280000006314,337864.45824,337872.36352,7.905280000006314,3,3.6196119954839308,RankSurprise
microCMCL_L_5_CommonFiltered,1,338053.98016,338089.32864,35.34848000004422,338053.98016,338089.32864,35.34848000004422,8,7.554856952635762,RankSurprise
microCMCL_L_5_CommonFiltered,1,338320.62976,338331.40224,10.772480000043288,338320.62976,338331.40224,10.772480000043288,4,4.972132477150705,RankSurprise
microCMCL_L_5_CommonFiltered,1,338398.04416,338464.68608,66.64192000002367,338398.04416,338464.68608,66.64192000002367,10,5.060455898326468,RankSurprise
microCMCL_L_5_CommonFiltered,1,338737.5616,338887.35232,149.79071999998996,338737.5616,338887.35232,149.79071999998996,17,5.128216707543534,RankSurprise
microCMCL_L_5_CommonFiltered,1,338970.91072,338973.0816,2.170879999990575,338970.91072,338973.0816,2.170879999990575,3,8.908591784583551,RankSurprise
microCMCL_L_5_CommonFiltered,1,339254.39488,339304.28416,49.889280000003055,339254.39488,339304.28416,49.889280000003055,8,5.18570345014606,RankSurprise
microCMCL_L_5_CommonFiltered,1,341249.14688,341299.07712,49.93023999995785,341249.14688,341299.07712,49.93023999995785,8,5.120979275615283,RankSurprise
microCMCL_L_5_CommonFiltered,1,342076.74368,342082.68288,5.93919999996433,342076.74368,342082.68288,5.93919999996433,3,4.304557674602046,RankSurprise
microCMCL_L_5_CommonFiltered,1,342539.01824,342541.02528,2.0070399999967776,342539.01824,342541.02528,2.0070399999967776,3,9.23846477716293,RankSurprise
microCMCL_L_5_CommonFiltered,1,342760.448,342766.30528,5.8572799999965355,342760.448,342766.30528,5.8572799999965355,3,3.8168073762711163,RankSurprise
microCMCL_L_5_CommonFiltered,1,342882.95936,342999.77728,116.81792000000132,342882.95936,342999.77728,116.81792000000132,16,7.223466422102305,RankSurprise
microCMCL_L_5_CommonFiltered,1,343033.20064,343222.43584,189.23519999999553,343033.20064,343222.43584,189.23519999999553,23,7.693716708554664,RankSurprise
microCMCL_L_5_CommonFiltered,1,343407.73888,343574.56896,166.83007999998517,343407.73888,343574.56896,166.83007999998517,19,5.194314027203566,RankSurprise
microCMCL_L_5_CommonFiltered,1,343989.49376,344139.40736,149.91360000002896,343989.49376,344139.40736,149.91360000002896,21,9.586845160382238,RankSurprise
microCMCL_L_5_CommonFiltered,1,344272.896,344275.7632,2.867199999978766,344272.896,344275.7632,2.867199999978766,3,7.599778435602596,RankSurprise
microCMCL_L_5_CommonFiltered,1,344416.99328,344674.87744,257.884160000016,344416.99328,344674.87744,257.884160000016,26,4.96865716874366,RankSurprise
microCMCL_L_5_CommonFiltered,1,345006.4896,345123.26656,116.77696000004653,345006.4896,345123.26656,116.77696000004653,14,4.479055989434274,RankSurprise
microCMCL_L_5_CommonFiltered,1,345289.9328,345367.3472,77.41440000000875,345289.9328,345367.3472,77.41440000000875,11,5.4196241535938015,RankSurprise
microCMCL_L_5_CommonFiltered,1,345498.0096,345500.71296,2.7033599999849685,345498.0096,345500.71296,2.7033599999849685,3,8.342004070220538,RankSurprise
microCMCL_L_5_CommonFiltered,1,345578.04544,345594.63424,16.588799999968614,345578.04544,345594.63424,16.588799999968614,4,3.614208964623174,RankSurprise
microCMCL_L_5_CommonFiltered,1,350109.94176,350276.73088,166.78911999997217,350109.94176,350276.73088,166.78911999997217,20,7.038733940938857,RankSurprise
microCMCL_L_5_CommonFiltered,1,350458.10176,350535.4752,77.37343999999575,350458.10176,350535.4752,77.37343999999575,12,6.508574292708249,RankSurprise
microCMCL_L_5_CommonFiltered,1,350593.51552,350643.6096,50.09408000000985,350593.51552,350643.6096,50.09408000000985,8,4.333765184454359,RankSurprise
microCMCL_L_5_CommonFiltered,1,350979.56352,350993.6128,14.049279999977443,350979.56352,350993.6128,14.049279999977443,4,4.089577233446274,RankSurprise
microCMCL_L_5_CommonFiltered,1,351168.96256,351202.42688,33.46431999997003,351168.96256,351202.42688,33.46431999997003,6,4.2500805451930175,RankSurprise
microCMCL_L_5_CommonFiltered,1,351519.04768,351627.18208,108.13439999998081,351519.04768,351627.18208,108.13439999998081,16,8.22548729094648,RankSurprise
microCMCL_L_5_CommonFiltered,1,351858.4832,351908.49536,50.01215999998385,351858.4832,351908.49536,50.01215999998385,8,4.678027581420962,RankSurprise
microCMCL_L_5_CommonFiltered,1,351991.88992,352032.44032,40.55040000000736,351991.88992,352032.44032,40.55040000000736,10,10.009918176161003,RankSurprise
microCMCL_L_5_CommonFiltered,1,352183.86944,352215.81824,31.948800000012852,352183.86944,352215.81824,31.948800000012852,11,16.178557463250286,RankSurprise
microCMCL_L_5_CommonFiltered,1,352358.68672,352379.904,21.217279999982566,352358.68672,352379.904,21.217279999982566,7,9.077312666354693,RankSurprise
microCMCL_L_5_CommonFiltered,1,352458.67008,352598.50752,139.83743999997387,352458.67008,352598.50752,139.83743999997387,17,5.7197367370020205,RankSurprise
microCMCL_L_5_CommonFiltered,1,352886.04672,352892.1088,6.062080000003334,352886.04672,352892.1088,6.062080000003334,3,4.288240562235952,RankSurprise
microCMCL_L_5_CommonFiltered,1,356951.20384,356964.67968,13.475840000028256,356951.20384,356964.67968,13.475840000028256,4,4.15355624940085,RankSurprise
microCMCL_L_5_CommonFiltered,1,360996.74112,361044.66432,47.92319999996107,360996.74112,361044.66432,47.92319999996107,8,4.398214510780403,RankSurprise
microCMCL_L_5_CommonFiltered,1,361228.04224,361355.4688,127.4265599999926,361228.04224,361355.4688,127.4265599999926,14,3.5579341607067354,RankSurprise
microCMCL_L_5_CommonFiltered,1,361499.60704,361516.15488,16.54784000001382,361499.60704,361516.15488,16.54784000001382,4,3.690379699768613,RankSurprise
microCMCL_L_5_CommonFiltered,1,361838.87872,361855.54944,16.670719999994617,361838.87872,361855.54944,16.670719999994617,5,5.972243750519951,RankSurprise
microCMCL_L_5_CommonFiltered,1,369514.00448,369591.45984,77.45536000002176,369514.00448,369591.45984,77.45536000002176,11,5.272739475234868,RankSurprise
microCMCL_L_5_CommonFiltered,1,370364.2112,370399.68256,35.47135999996681,370364.2112,370399.68256,35.47135999996681,6,4.079567116098789,RankSurprise
microCMCL_L_5_CommonFiltered,1,370435.52256,370491.55584,56.033279999974184,370435.52256,370491.55584,56.033279999974184,10,6.6598363623815064,RankSurprise
microCMCL_L_5_CommonFiltered,1,370739.11808,370779.5456,40.42752000002656,370739.11808,370779.5456,40.42752000002656,7,5.124188473831877,RankSurprise
microCMCL_L_5_CommonFiltered,1,371047.87456,371066.51136,18.636799999978393,371047.87456,371066.51136,18.636799999978393,5,5.085087892997574,RankSurprise
microCMCL_L_5_CommonFiltered,1,371158.50752,371166.49472,7.987200000032317,371158.50752,371166.49472,7.987200000032317,3,3.5736140670494567,RankSurprise
microCMCL_L_5_CommonFiltered,1,371364.57728,371399.8848,35.30751999997301,371364.57728,371399.8848,35.30751999997301,6,3.5435934018922692,RankSurprise
microCMCL_L_5_CommonFiltered,1,383804.70272,383810.43712,5.734400000015739,383804.70272,383810.43712,5.734400000015739,3,3.787676222536458,RankSurprise
microCMCL_L_5_CommonFiltered,1,383871.46752,383888.01536,16.54784000001382,383871.46752,383888.01536,16.54784000001382,6,7.962736685525051,RankSurprise
microCMCL_L_5_CommonFiltered,1,383921.47968,383938.10944,16.629759999981616,383921.47968,383938.10944,16.629759999981616,4,3.6579586321452062,RankSurprise
microCMCL_L_5_CommonFiltered,1,384227.28704,384391.00416,163.7171199999866,384227.28704,384391.00416,163.7171199999866,23,11.15225003476768,RankSurprise
microCMCL_L_5_CommonFiltered,1,384419.51232,384451.3792,31.866880000045057,384419.51232,384451.3792,31.866880000045057,7,6.3411093253896365,RankSurprise
microCMCL_L_5_CommonFiltered,1,384553.04192,384855.20384,302.1619199999841,384553.04192,384855.20384,302.1619199999841,38,12.617607764957347,RankSurprise
microCMCL_L_5_CommonFiltered,1,384953.18016,384960.96256,7.782400000025518,384953.18016,384960.96256,7.782400000025518,3,4.134146473903007,RankSurprise
microCMCL_L_5_CommonFiltered,1,384986.7264,385074.62656,87.90016000001924,384986.7264,385074.62656,87.90016000001924,12,5.415132277939072,RankSurprise
microCMCL_L_5_CommonFiltered,1,394949.50912,395142.84032,193.3312000000151,394949.50912,395142.84032,193.3312000000151,27,13.138561513891064,RankSurprise
microCMCL_L_5_CommonFiltered,1,395224.43264,395229.10208,4.669439999968745,395224.43264,395229.10208,4.669439999968745,3,4.9770344209884225,RankSurprise
microCMCL_L_5_CommonFiltered,1,395324.416,395398.88128,74.46527999994578,395324.416,395398.88128,74.46527999994578,10,4.112218130566598,RankSurprise
microCMCL_L_5_CommonFiltered,1,395443.03616,395612.5696,169.53343999997014,395443.03616,395612.5696,169.53343999997014,24,11.031424693345949,RankSurprise
microCMCL_L_5_CommonFiltered,1,412100.07552,412125.42976,25.354240000015125,412100.07552,412125.42976,25.354240000015125,5,3.569347676738179,RankSurprise
microCMCL_L_5_CommonFiltered,1,412200.05888,412208.98816,8.9292799999821,412200.05888,412208.98816,8.9292799999821,4,5.879367313667956,RankSurprise
microCMCL_L_5_CommonFiltered,1,429610.06592,429632.67584,22.609919999958947,429610.06592,429632.67584,22.609919999958947,5,3.97719063165653,RankSurprise
microCMCL_L_5_CommonFiltered,1,429826.8672,429843.57888,16.711680000007618,429826.8672,429843.57888,16.711680000007618,4,3.7242536740181507,RankSurprise
microCMCL_L_5_CommonFiltered,1,429955.56352,430022.28736,66.72383999999147,429955.56352,430022.28736,66.72383999999147,10,5.15133778221966,RankSurprise
microCMCL_L_5_CommonFiltered,1,431039.44704,431100.06784,60.620799999975134,431039.44704,431100.06784,60.620799999975134,11,7.916714459393121,RankSurprise
microCMCL_L_5_CommonFiltered,2,155632.27136,155687.23968,54.9683199999854,155632.27136,155687.23968,54.9683199999854,7,4.609349789491557,RankSurprise
microCMCL_L_5_CommonFiltered,2,155856.65024,155980.88192,124.23168000002624,155856.65024,155980.88192,124.23168000002624,12,4.066147466631054,RankSurprise
microCMCL_L_5_CommonFiltered,2,156017.74592,156090.04032,72.29440000001341,156017.74592,156090.04032,72.29440000001341,9,5.883938496664144,RankSurprise
microCMCL_L_5_CommonFiltered,2,156217.71264,156225.49504,7.782399999996414,156217.71264,156225.49504,7.782399999996414,3,4.886816293040901,RankSurprise
microCMCL_L_5_CommonFiltered,2,156565.54496,156839.77216,274.2271999999939,156565.54496,156839.77216,274.2271999999939,22,5.852256923165904,RankSurprise
microCMCL_L_5_CommonFiltered,2,178646.8352,178655.8464,9.011200000008103,178646.8352,178655.8464,9.011200000008103,3,3.9956445889097623,RankSurprise
microCMCL_L_5_CommonFiltered,2,179063.52128,179072.6144,9.093120000005001,179063.52128,179072.6144,9.093120000005001,3,3.8689948398533005,RankSurprise
microCMCL_L_5_CommonFiltered,2,181433.7536,181472.70656,38.95295999999507,181433.7536,181472.70656,38.95295999999507,6,4.223087894721209,RankSurprise
microCMCL_L_5_CommonFiltered,2,181722.56256,181805.95712,83.39456000001519,181722.56256,181805.95712,83.39456000001519,11,6.939715360160896,RankSurprise
microCMCL_L_5_CommonFiltered,2,182031.60576,182122.496,90.8902400000079,182031.60576,182122.496,90.8902400000079,10,5.072208039092313,RankSurprise
microCMCL_L_5_CommonFiltered,2,182322.50368,182331.5968,9.093120000005001,182322.50368,182331.5968,9.093120000005001,3,4.515273086421708,RankSurprise
microCMCL_L_5_CommonFiltered,2,184355.88096,184363.58144,7.700479999999516,184355.88096,184363.58144,7.700479999999516,3,5.116411084498692,RankSurprise
microCMCL_L_5_CommonFiltered,2,185022.70976,185122.65216,99.9423999999999,185022.70976,185122.65216,99.9423999999999,10,4.260039554021281,RankSurprise
microCMCL_L_5_CommonFiltered,2,185389.2608,185407.24224,17.981440000003204,185389.2608,185407.24224,17.981440000003204,4,3.6317969132204304,RankSurprise
microCMCL_L_5_CommonFiltered,2,185704.69376,185748.35712,43.66336000000592,185704.69376,185748.35712,43.66336000000592,6,3.688976062260995,RankSurprise
microCMCL_L_5_CommonFiltered,2,187972.73088,187989.4016,16.67072000002372,187972.73088,187989.4016,16.67072000002372,4,5.563009255409106,RankSurprise
microCMCL_L_5_CommonFiltered,2,188289.39264,188296.97024,7.577599999989616,188289.39264,188296.97024,7.577599999989616,3,5.080949051059449,RankSurprise
microCMCL_L_5_CommonFiltered,2,188967.23968,188990.62784,23.388160000002244,188967.23968,188990.62784,23.388160000002244,4,3.640492574526533,RankSurprise
microCMCL_L_5_CommonFiltered,2,189315.072,189372.78464,57.71264000001247,189315.072,189372.78464,57.71264000001247,7,3.704769904969761,RankSurprise
microCMCL_L_5_CommonFiltered,2,228460.78976,228469.84192,9.052159999992,228460.78976,228469.84192,9.052159999992,3,4.062109759302297,RankSurprise
microCMCL_L_5_CommonFiltered,2,316719.80032,316777.55392,57.75359999999637,316719.80032,316777.55392,57.75359999999637,8,5.138690317549592,RankSurprise
microCMCL_L_5_CommonFiltered,2,316909.568,317001.9328,92.36479999998119,316909.568,317001.9328,92.36479999998119,9,3.642316761611564,RankSurprise
microCMCL_L_5_CommonFiltered,2,317077.7088,317085.24544,7.536640000005718,317077.7088,317085.24544,7.536640000005718,3,5.032335400049533,RankSurprise
microCMCL_L_5_CommonFiltered,2,317138.49344,317494.51776,356.0243200000259,317138.49344,317494.51776,356.0243200000259,28,5.663582987154519,RankSurprise
microCMCL_L_5_CommonFiltered,2,317544.57088,317668.84352,124.27263999998104,317544.57088,317668.84352,124.27263999998104,14,7.185982917078427,RankSurprise
microCMCL_L_5_CommonFiltered,2,317894.656,317919.0272,24.371199999994133,317894.656,317919.0272,24.371199999994133,5,5.204933467055987,RankSurprise
microCMCL_L_5_CommonFiltered,2,320729.37472,320787.0464,57.671679999970365,320729.37472,320787.0464,57.671679999970365,7,3.5294636272385063,RankSurprise
microCMCL_L_5_CommonFiltered,2,320837.14048,321170.55488,333.41440000000875,320837.14048,321170.55488,333.41440000000875,27,5.698826786628947,RankSurprise
microCMCL_L_5_CommonFiltered,2,321440.60416,321529.81504,89.21088000002783,321440.60416,321529.81504,89.21088000002783,9,3.675389999879169,RankSurprise
microCMCL_L_5_CommonFiltered,2,321978.53184,322145.32096,166.78911999997217,321978.53184,322145.32096,166.78911999997217,17,6.864414724023257,RankSurprise
microCMCL_L_5_CommonFiltered,2,322332.18048,322346.76224,14.581760000030044,322332.18048,322346.76224,14.581760000030044,4,6.257337434620755,RankSurprise
microCMCL_L_5_CommonFiltered,2,322395.42272,322398.98624,3.5635200000251643,322395.42272,322398.98624,3.5635200000251643,3,5.96891962957109,RankSurprise
microCMCL_L_5_CommonFiltered,2,322721.25952,322804.69504,83.43551999999909,322721.25952,322804.69504,83.43551999999909,11,6.869257115183455,RankSurprise
microCMCL_L_5_CommonFiltered,2,322938.10176,322988.11392,50.01215999998385,322938.10176,322988.11392,50.01215999998385,7,4.359893485010349,RankSurprise
microCMCL_L_5_CommonFiltered,2,323063.76704,323263.8976,200.1305600000196,323063.76704,323263.8976,200.1305600000196,17,4.059626644455869,RankSurprise
microCMCL_L_5_CommonFiltered,2,323347.21024,323413.97504,66.76480000000447,323347.21024,323413.97504,66.76480000000447,9,5.899320462089599,RankSurprise
microCMCL_L_5_CommonFiltered,2,323513.9584,323718.7584,204.79999999998836,323513.9584,323718.7584,204.79999999998836,18,5.183490139662857,RankSurprise
microCMCL_L_5_CommonFiltered,2,323980.86144,323988.43904,7.57760000001872,323980.86144,323988.43904,7.57760000001872,3,5.025486058203956,RankSurprise
microCMCL_L_5_CommonFiltered,2,324030.8736,324038.53312,7.6595199999865144,324030.8736,324038.53312,7.6595199999865144,3,5.174491582313607,RankSurprise
microCMCL_L_5_CommonFiltered,2,324088.54528,324097.55648,9.011200000008103,324088.54528,324097.55648,9.011200000008103,3,4.520578138651402,RankSurprise
microCMCL_L_5_CommonFiltered,2,328166.07232,328207.07328,41.000960000033956,328166.07232,328207.07328,41.000960000033956,6,4.2953282171467535,RankSurprise
microCMCL_L_5_CommonFiltered,2,328364.8512,328373.94432,9.093120000034105,328364.8512,328373.94432,9.093120000034105,3,3.8197498836331043,RankSurprise
microCMCL_L_5_CommonFiltered,2,328523.85792,328566.25152,42.39360000001034,328523.85792,328566.25152,42.39360000001034,7,6.204451164353041,RankSurprise
microCMCL_L_5_CommonFiltered,2,328831.67232,328840.76544,9.093119999975897,328831.67232,328840.76544,9.093119999975897,3,4.585361248270075,RankSurprise
microCMCL_L_5_CommonFiltered,2,328966.47168,328998.46144,31.989759999967646,328966.47168,328998.46144,31.989759999967646,5,3.9874477942788182,RankSurprise
microCMCL_L_5_CommonFiltered,2,329315.20512,329324.25728,9.052160000021104,329315.20512,329324.25728,9.052160000021104,3,4.109120524321334,RankSurprise
microCMCL_L_5_CommonFiltered,2,329733.44768,330007.87968,274.4320000000298,329733.44768,330007.87968,274.4320000000298,26,7.807918886461879,RankSurprise
microCMCL_L_5_CommonFiltered,2,330148.864,330157.95712,9.093119999975897,330148.864,330157.95712,9.093119999975897,3,3.9432221796978375,RankSurprise
microCMCL_L_5_CommonFiltered,2,330424.77056,330817.24928,392.4787200000137,330424.77056,330817.24928,392.4787200000137,33,7.2474957721565385,RankSurprise
microCMCL_L_5_CommonFiltered,2,331484.20096,331500.87168,16.670719999994617,331484.20096,331500.87168,16.670719999994617,4,4.868886401218294,RankSurprise
microCMCL_L_5_CommonFiltered,2,331591.80288,331608.55552,16.75264000002062,331591.80288,331608.55552,16.75264000002062,4,4.444615115476644,RankSurprise
microCMCL_L_5_CommonFiltered,2,331685.31456,331817.65632,132.34175999998115,331685.31456,331817.65632,132.34175999998115,13,5.042510039632919,RankSurprise
microCMCL_L_5_CommonFiltered,2,332353.20832,332408.832,55.623680000018794,332353.20832,332408.832,55.623680000018794,7,4.135494571930144,RankSurprise
microCMCL_L_5_CommonFiltered,2,332501.1968,332519.99744,18.8006400000304,332501.1968,332519.99744,18.8006400000304,5,7.398448984664828,RankSurprise
microCMCL_L_5_CommonFiltered,2,333075.78368,333084.71296,8.9292799999821,333075.78368,333084.71296,8.9292799999821,4,8.077488587348057,RankSurprise
microCMCL_L_5_CommonFiltered,2,333575.94624,333675.84768,99.9014399999869,333575.94624,333675.84768,99.9014399999869,13,8.141124240255884,RankSurprise
microCMCL_L_5_CommonFiltered,2,333859.34848,333868.35968,9.011200000008103,333859.34848,333868.35968,9.011200000008103,3,3.915553727220413,RankSurprise
microCMCL_L_5_CommonFiltered,2,334867.41504,334884.0448,16.629759999981616,334867.41504,334884.0448,16.629759999981616,4,5.037470218323726,RankSurprise
microCMCL_L_5_CommonFiltered,2,335543.37792,335552.3072,8.9292799999821,335543.37792,335552.3072,8.9292799999821,4,7.955786241973989,RankSurprise
microCMCL_L_5_CommonFiltered,2,337327.14496,337427.21024,100.0652799999807,337327.14496,337427.21024,100.0652799999807,11,5.491353698848299,RankSurprise
microCMCL_L_5_CommonFiltered,2,337985.1264,338001.7152,16.588799999968614,337985.1264,338001.7152,16.588799999968614,4,5.413885026484472,RankSurprise
microCMCL_L_5_CommonFiltered,2,338353.152,338394.112,40.960000000020955,338353.152,338394.112,40.960000000020955,7,7.889090086556351,RankSurprise
microCMCL_L_5_CommonFiltered,2,338553.28256,338610.83136,57.54879999998957,338553.28256,338610.83136,57.54879999998957,8,5.419703581418173,RankSurprise
microCMCL_L_5_CommonFiltered,2,338944.28672,338953.4208,9.134080000047106,338944.28672,338953.4208,9.134080000047106,3,3.8234952063632672,RankSurprise
microCMCL_L_5_CommonFiltered,2,342438.01088,342528.98304,90.9721600000048,342438.01088,342528.98304,90.9721600000048,10,4.536741330967713,RankSurprise
microCMCL_L_5_CommonFiltered,2,343045.89824,343079.36256,33.46431999997003,343045.89824,343079.36256,33.46431999997003,5,3.593057802209053,RankSurprise
microCMCL_L_5_CommonFiltered,2,343496.04864,343505.05984,9.011200000008103,343496.04864,343505.05984,9.011200000008103,3,3.717630991455925,RankSurprise
microCMCL_L_5_CommonFiltered,2,343899.50464,344088.65792,189.15328000002773,343899.50464,344088.65792,189.15328000002773,21,11.098044272059674,RankSurprise
microCMCL_L_5_CommonFiltered,2,344296.448,344313.07776,16.629760000039823,344296.448,344313.07776,16.629760000039823,4,5.521968892491046,RankSurprise
microCMCL_L_5_CommonFiltered,2,344404.04992,344504.07424,100.0243199999677,344404.04992,344504.07424,100.0243199999677,11,5.509586447955198,RankSurprise
microCMCL_L_5_CommonFiltered,2,344872.26368,344879.84128,7.57760000001872,344872.26368,344879.84128,7.57760000001872,3,4.97818642144242,RankSurprise
microCMCL_L_5_CommonFiltered,2,345179.9552,345263.26784,83.31263999996008,345179.9552,345263.26784,83.31263999996008,9,3.857540775529377,RankSurprise
microCMCL_L_5_CommonFiltered,2,350198.1696,350298.19392,100.0243199999677,350198.1696,350298.19392,100.0243199999677,11,5.629937512386186,RankSurprise
microCMCL_L_5_CommonFiltered,2,350426.15296,350676.04992,249.89696000004187,350426.15296,350676.04992,249.89696000004187,26,10.406331462841914,RankSurprise
microCMCL_L_5_CommonFiltered,2,351274.10688,351281.72544,7.618560000031721,351274.10688,351281.72544,7.618560000031721,3,4.931979619949729,RankSurprise
microCMCL_L_5_CommonFiltered,2,352022.97856,352031.90784,8.9292799999821,352022.97856,352031.90784,8.9292799999821,3,4.618557094600327,RankSurprise
microCMCL_L_5_CommonFiltered,2,356809.1136,356839.66976,30.55616000003647,356809.1136,356839.66976,30.55616000003647,6,6.639632543116306,RankSurprise
microCMCL_L_5_CommonFiltered,2,360634.65472,360707.56352,72.9088000000338,360634.65472,360707.56352,72.9088000000338,9,6.00100105180803,RankSurprise
microCMCL_L_5_CommonFiltered,2,360843.75552,360869.35552,25.599999999976717,360843.75552,360869.35552,25.599999999976717,6,6.892814525944793,RankSurprise
microCMCL_L_5_CommonFiltered,2,360912.4864,360918.17984,5.693440000002738,360912.4864,360918.17984,5.693440000002738,3,5.979908751146684,RankSurprise
microCMCL_L_5_CommonFiltered,2,361593.97888,361601.55648,7.57760000001872,361593.97888,361601.55648,7.57760000001872,3,4.991586844181203,RankSurprise
microCMCL_L_5_CommonFiltered,2,361710.75584,361729.55648,18.8006400000304,361710.75584,361729.55648,18.8006400000304,4,4.813660109812094,RankSurprise
microCMCL_L_5_CommonFiltered,2,370803.3024,370813.5424,10.239999999990687,370803.3024,370813.5424,10.239999999990687,4,5.91790885593937,RankSurprise
microCMCL_L_5_CommonFiltered,2,412796.23168,412855.21408,58.98239999997895,412796.23168,412855.21408,58.98239999997895,9,7.59381101114528,RankSurprise
microCMCL_L_5_CommonFiltered,2,412997.71392,413029.62176,31.90783999999985,412997.71392,413029.62176,31.90783999999985,6,6.934781229342796,RankSurprise
microCMCL_L_5_CommonFiltered,2,413196.36992,413205.34016,8.970239999995101,413196.36992,413205.34016,8.970239999995101,3,4.290034976407018,RankSurprise
microCMCL_L_5_CommonFiltered,2,429754.5728,429778.90304,24.33023999998113,429754.5728,429778.90304,24.33023999998113,5,6.012244563762003,RankSurprise
microCMCL_L_5_CommonFiltered,2,430112.48128,430129.02912,16.54784000001382,430112.48128,430129.02912,16.54784000001382,4,5.659588750627577,RankSurprise
microCMCL_L_5_CommonFiltered,2,430412.5952,430462.5664,49.97120000002906,430412.5952,430462.5664,49.97120000002906,7,4.629542494063653,RankSurprise
microCMCL_L_5_CommonFiltered,2,430796.1856,430896.128,99.9423999999999,430796.1856,430896.128,99.9423999999999,11,5.058005484327234,RankSurprise
microCMCL_L_5_CommonFiltered,2,430996.15232,431046.20544,50.05311999999685,430996.15232,431046.20544,50.05311999999685,8,7.215648188687945,RankSurprise
microCMCL_L_5_CommonFiltered,3,155677.20448,155687.85408,10.649600000004284,155677.20448,155687.85408,10.649600000004284,3,4.514831168550369,RankSurprise
microCMCL_L_5_CommonFiltered,3,155921.16224,156030.44352,109.2812799999956,155921.16224,156030.44352,109.2812799999956,10,5.737221235413311,RankSurprise
microCMCL_L_5_CommonFiltered,3,156948.2752,156955.81184,7.536640000005718,156948.2752,156955.81184,7.536640000005718,3,5.172989064909562,RankSurprise
microCMCL_L_5_CommonFiltered,3,167120.85504,167181.27104,60.41599999999744,167120.85504,167181.27104,60.41599999999744,7,5.359674741841875,RankSurprise
microCMCL_L_5_CommonFiltered,3,177925.24288,177970.3808,45.13792000000831,177925.24288,177970.3808,45.13792000000831,5,3.5957024873493992,RankSurprise
microCMCL_L_5_CommonFiltered,3,178408.61184,178420.44928,11.837440000002971,178408.61184,178420.44928,11.837440000002971,3,3.8360022431538816,RankSurprise
microCMCL_L_5_CommonFiltered,3,181630.976,181687.17312,56.197119999997085,181630.976,181687.17312,56.197119999997085,6,4.059421416134901,RankSurprise
microCMCL_L_5_CommonFiltered,3,182370.46784,182380.87168,10.403840000013588,182370.46784,182380.87168,10.403840000013588,3,3.9016799328217076,RankSurprise
microCMCL_L_5_CommonFiltered,3,184955.24864,184980.8896,25.640959999989718,184955.24864,184980.8896,25.640959999989718,4,3.7615765410904594,RankSurprise
microCMCL_L_5_CommonFiltered,3,185925.34528,185950.94528,25.60000000000582,185925.34528,185950.94528,25.60000000000582,4,3.789945573242413,RankSurprise
microCMCL_L_5_CommonFiltered,3,187721.9328,187787.30496,65.37215999999898,187721.9328,187787.30496,65.37215999999898,8,6.551386420944985,RankSurprise
microCMCL_L_5_CommonFiltered,3,188164.34176,188270.55104,106.20927999998094,188164.34176,188270.55104,106.20927999998094,9,4.630263116151708,RankSurprise
microCMCL_L_5_CommonFiltered,3,188353.86368,188370.57536,16.711679999978514,188353.86368,188370.57536,16.711679999978514,4,6.137560949119202,RankSurprise
microCMCL_L_5_CommonFiltered,3,188896.50176,188947.74272,51.24095999999554,188896.50176,188947.74272,51.24095999999554,6,4.578383508701199,RankSurprise
microCMCL_L_5_CommonFiltered,3,189531.09504,189541.25312,10.158080000022892,189531.09504,189541.25312,10.158080000022892,3,4.059490860033971,RankSurprise
microCMCL_L_5_CommonFiltered,3,200604.34432,200609.13664,4.792320000007749,200604.34432,200609.13664,4.792320000007749,3,6.623362282713975,RankSurprise
microCMCL_L_5_CommonFiltered,3,227541.85216,227551.15008,9.297919999982696,227541.85216,227551.15008,9.297919999982696,3,3.988515485635059,RankSurprise
microCMCL_L_5_CommonFiltered,3,228308.66432,228326.76864,18.104319999984,228308.66432,228326.76864,18.104319999984,5,7.5276146016236325,RankSurprise
microCMCL_L_5_CommonFiltered,3,316399.57504,316443.32032,43.74527999997372,316399.57504,316443.32032,43.74527999997372,6,5.355479967448225,RankSurprise
microCMCL_L_5_CommonFiltered,3,317110.35392,317191.04512,80.69120000000112,317110.35392,317191.04512,80.69120000000112,10,8.294756402954887,RankSurprise
microCMCL_L_5_CommonFiltered,3,321078.84544,321103.17568,24.33023999998113,321078.84544,321103.17568,24.33023999998113,4,3.932221614467302,RankSurprise
microCMCL_L_5_CommonFiltered,3,322185.54368,322302.27968,116.73599999997532,322185.54368,322302.27968,116.73599999997532,9,4.1747623158493425,RankSurprise
microCMCL_L_5_CommonFiltered,3,322702.45888,322885.87776,183.418880000012,322702.45888,322885.87776,183.418880000012,13,4.29718696211453,RankSurprise
microCMCL_L_5_CommonFiltered,3,323691.1104,323837.78816,146.6777599999914,323691.1104,323837.78816,146.6777599999914,14,9.733712434020978,RankSurprise
microCMCL_L_5_CommonFiltered,3,324004.4544,324063.60064,59.14624000003096,324004.4544,324063.60064,59.14624000003096,6,3.7707990217226044,RankSurprise
microCMCL_L_5_CommonFiltered,3,324162.47808,324213.63712,51.15904000005685,324162.47808,324213.63712,51.15904000005685,6,4.9392551382010055,RankSurprise
microCMCL_L_5_CommonFiltered,3,328597.74976,328688.55808,90.80832000001101,328597.74976,328688.55808,90.80832000001101,9,5.163617288342352,RankSurprise
microCMCL_L_5_CommonFiltered,3,328926.78144,329105.408,178.62656000000425,328926.78144,329105.408,178.62656000000425,15,7.834933963964909,RankSurprise
microCMCL_L_5_CommonFiltered,3,330007.18336,330205.88032,198.69695999997202,330007.18336,330205.88032,198.69695999997202,19,12.315153660894815,RankSurprise
microCMCL_L_5_CommonFiltered,3,330739.46624,330833.26464,93.79840000002878,330739.46624,330833.26464,93.79840000002878,10,6.476781240145655,RankSurprise
microCMCL_L_5_CommonFiltered,3,331882.45504,331900.27264,17.817600000009406,331882.45504,331900.27264,17.817600000009406,4,4.913379755673706,RankSurprise
microCMCL_L_5_CommonFiltered,3,332006.56384,332133.7856,127.2217599999858,332006.56384,332133.7856,127.2217599999858,9,3.593219180107451,RankSurprise
microCMCL_L_5_CommonFiltered,3,333123.70688,333134.06976,10.362879999971483,333123.70688,333134.06976,10.362879999971483,3,4.741654576822981,RankSurprise
microCMCL_L_5_CommonFiltered,3,333907.3536,333928.8576,21.504000000015367,333907.3536,333928.8576,21.504000000015367,4,4.413412590003979,RankSurprise
microCMCL_L_5_CommonFiltered,3,334267.96544,334284.5952,16.629759999981616,334267.96544,334284.5952,16.629759999981616,4,6.256782493173311,RankSurprise
microCMCL_L_5_CommonFiltered,3,334701.40416,334709.02272,7.618560000031721,334701.40416,334709.02272,7.618560000031721,3,4.836235375992654,RankSurprise
microCMCL_L_5_CommonFiltered,3,337538.90816,337543.24992,4.34175999998115,337538.90816,337543.24992,4.34175999998115,3,6.357771168076386,RankSurprise
microCMCL_L_5_CommonFiltered,3,337775.16544,337785.56928,10.403839999984484,337775.16544,337785.56928,10.403839999984484,3,3.969587852482583,RankSurprise
microCMCL_L_5_CommonFiltered,3,338119.0656,338132.992,13.926400000054855,338119.0656,338132.992,13.926400000054855,4,5.610138321801671,RankSurprise
microCMCL_L_5_CommonFiltered,3,338785.97632,338819.35872,33.382400000002235,338785.97632,338819.35872,33.382400000002235,5,4.7351595992163595,RankSurprise
microCMCL_L_5_CommonFiltered,3,339292.44672,339325.7472,33.30047999997623,339292.44672,339325.7472,33.30047999997623,5,4.653160211328931,RankSurprise
microCMCL_L_5_CommonFiltered,3,342587.35104,342670.82752,83.47648000001209,342587.35104,342670.82752,83.47648000001209,8,4.77662726101225,RankSurprise
microCMCL_L_5_CommonFiltered,3,343521.0752,343560.64256,39.567359999986365,343521.0752,343560.64256,39.567359999986365,5,3.847269985570396,RankSurprise
microCMCL_L_5_CommonFiltered,3,343779.00032,343799.02976,20.029440000012983,343779.00032,343799.02976,20.029440000012983,4,4.7618320986161216,RankSurprise
microCMCL_L_5_CommonFiltered,3,344027.5456,344038.03136,10.485760000010487,344027.5456,344038.03136,10.485760000010487,3,3.871558813245837,RankSurprise
microCMCL_L_5_CommonFiltered,3,344088.08448,344371.52768,283.4431999999797,344088.08448,344371.52768,283.4431999999797,19,6.3610341251742,RankSurprise
microCMCL_L_5_CommonFiltered,3,344777.76896,344816.06656,38.29759999999078,344777.76896,344816.06656,38.29759999999078,5,3.861720877770349,RankSurprise
microCMCL_L_5_CommonFiltered,3,345027.87072,345088.32768,60.456959999981336,345027.87072,345088.32768,60.456959999981336,7,5.151548368665733,RankSurprise
microCMCL_L_5_CommonFiltered,3,351089.95072,351240.11008,150.15935999999056,351089.95072,351240.11008,150.15935999999056,12,5.278172769681042,RankSurprise
microCMCL_L_5_CommonFiltered,3,351523.55328,351563.07968,39.52640000003157,351523.55328,351563.07968,39.52640000003157,5,3.9852147827172857,RankSurprise
microCMCL_L_5_CommonFiltered,3,351763.08736,351787.54048,24.453120000020135,351763.08736,351787.54048,24.453120000020135,4,3.876698690143723,RankSurprise
microCMCL_L_5_CommonFiltered,3,352473.86624,352584.94976,111.08351999998558,352473.86624,352584.94976,111.08351999998558,9,4.62807069183927,RankSurprise
microCMCL_L_5_CommonFiltered,3,360699.24864,360750.77632,51.527679999999236,360699.24864,360750.77632,51.527679999999236,6,4.818093477695804,RankSurprise
microCMCL_L_5_CommonFiltered,3,360932.67968,360975.36,42.68031999998493,360932.67968,360975.36,42.68031999998493,5,3.798523831272668,RankSurprise
microCMCL_L_5_CommonFiltered,3,361166.06976,361466.14272,300.0729600000195,361166.06976,361466.14272,300.0729600000195,23,10.798999670052615,RankSurprise
microCMCL_L_5_CommonFiltered,3,369385.34912,369452.07296,66.72383999999147,369385.34912,369452.07296,66.72383999999147,9,9.257859876312798,RankSurprise
microCMCL_L_5_CommonFiltered,3,412240.15872,412280.09472,39.93599999998696,412240.15872,412280.09472,39.93599999998696,5,3.809940185923672,RankSurprise
microCMCL_L_5_CommonFiltered,3,412796.928,412803.15392,6.2259199999971315,412796.928,412803.15392,6.2259199999971315,3,5.2311331860742705,RankSurprise
microCMCL_L_5_CommonFiltered,3,429676.7488,429760.14336,83.39455999998609,429676.7488,429760.14336,83.39455999998609,8,5.590456023037793,RankSurprise
microCMCL_L_5_CommonFiltered,3,430871.1424,431027.44576,156.30335999996169,430871.1424,431027.44576,156.30335999996169,13,6.798271187837104,RankSurprise
microCMCL_L_5_CommonFiltered,4,144960.83968,144996.9664,36.126720000000205,144960.83968,144996.9664,36.126720000000205,7,4.210635803213168,RankSurprise
microCMCL_L_5_CommonFiltered,4,145125.66272,145130.25024,4.58752000000095,145125.66272,145130.25024,4.58752000000095,3,5.3124184187318395,RankSurprise
microCMCL_L_5_CommonFiltered,4,149360.68096,149385.8304,25.149440000008326,149360.68096,149385.8304,25.149440000008326,6,5.356740555897012,RankSurprise
microCMCL_L_5_CommonFiltered,4,156279.48032,156285.3376,5.8572799999965355,156279.48032,156285.3376,5.8572799999965355,3,3.75505083439365,RankSurprise
microCMCL_L_5_CommonFiltered,4,156892.65152,157012.74624,120.09471999999369,156892.65152,157012.74624,120.09471999999369,15,4.368856542249797,RankSurprise
microCMCL_L_5_CommonFiltered,4,177462.14912,177512.07936,49.930240000016056,177462.14912,177512.07936,49.930240000016056,8,3.54039552123873,RankSurprise
microCMCL_L_5_CommonFiltered,4,177562.05056,177576.05888,14.008319999993546,177562.05056,177576.05888,14.008319999993546,5,5.645261764703381,RankSurprise
microCMCL_L_5_CommonFiltered,4,177701.31456,177731.7888,30.474240000010468,177701.31456,177731.7888,30.474240000010468,7,5.365694657269989,RankSurprise
microCMCL_L_5_CommonFiltered,4,177992.78592,178012.11904,19.333119999995688,177992.78592,178012.11904,19.333119999995688,5,4.392805730048121,RankSurprise
microCMCL_L_5_CommonFiltered,4,178065.16224,178095.47264,30.310399999987567,178065.16224,178095.47264,30.310399999987567,6,4.12576782275638,RankSurprise
microCMCL_L_5_CommonFiltered,4,178176.0,178276.06528,100.0652800000098,178176.0,178276.06528,100.0652800000098,18,11.125373682438608,RankSurprise
microCMCL_L_5_CommonFiltered,4,178328.7808,178426.10176,97.32095999998273,178328.7808,178426.10176,97.32095999998273,14,5.621121898606379,RankSurprise
microCMCL_L_5_CommonFiltered,4,178640.6912,178675.95776,35.26655999998911,178640.6912,178675.95776,35.26655999998911,7,5.2790864533430195,RankSurprise
microCMCL_L_5_CommonFiltered,4,178742.6816,178748.45696,5.775359999999637,178742.6816,178748.45696,5.775359999999637,3,3.681947817740202,RankSurprise
microCMCL_L_5_CommonFiltered,4,178857.3696,178917.94944,60.579839999991236,178857.3696,178917.94944,60.579839999991236,11,6.758766969551493,RankSurprise
microCMCL_L_5_CommonFiltered,4,178962.14528,179045.45792,83.31263999998919,178962.14528,179045.45792,83.31263999998919,12,4.976734439467976,RankSurprise
microCMCL_L_5_CommonFiltered,4,181876.20352,181878.86592,2.662400000001071,181876.20352,181878.86592,2.662400000001071,3,9.139750447101475,RankSurprise
microCMCL_L_5_CommonFiltered,4,181984.78848,182212.15744,227.36896000002162,181984.78848,182212.15744,227.36896000002162,29,8.165143838257064,RankSurprise
microCMCL_L_5_CommonFiltered,4,184157.47072,184190.81216,33.341439999989234,184157.47072,184190.81216,33.341439999989234,7,4.904617378800659,RankSurprise
microCMCL_L_5_CommonFiltered,4,184290.79552,184442.88,152.08447999999044,184290.79552,184442.88,152.08447999999044,24,11.412436993761862,RankSurprise
microCMCL_L_5_CommonFiltered,4,184557.3632,184575.95904,18.595839999994496,184557.3632,184575.95904,18.595839999994496,5,4.528812230434294,RankSurprise
microCMCL_L_5_CommonFiltered,4,184818.19648,184868.12672,49.93023999998695,184818.19648,184868.12672,49.93023999998695,9,5.751743672422028,RankSurprise
microCMCL_L_5_CommonFiltered,4,184901.4272,184999.36256,97.93536000000313,184901.4272,184999.36256,97.93536000000313,14,5.651541313214906,RankSurprise
microCMCL_L_5_CommonFiltered,4,185140.8384,185151.44704,10.608639999991283,185140.8384,185151.44704,10.608639999991283,4,5.021000614367054,RankSurprise
microCMCL_L_5_CommonFiltered,4,185232.05632,185284.77184,52.71551999999792,185232.05632,185284.77184,52.71551999999792,9,5.152823688716852,RankSurprise
microCMCL_L_5_CommonFiltered,4,185724.19072,185728.77824,4.58752000000095,185724.19072,185728.77824,4.58752000000095,3,5.40784295204587,RankSurprise
microCMCL_L_5_CommonFiltered,4,185774.12096,185799.39328,25.272319999989122,185774.12096,185799.39328,25.272319999989122,7,7.361669722648152,RankSurprise
microCMCL_L_5_CommonFiltered,4,185857.47456,185907.48672,50.01215999998385,185857.47456,185907.48672,50.01215999998385,9,5.62833706220899,RankSurprise
microCMCL_L_5_CommonFiltered,4,185940.82816,185986.90816,46.079999999987194,185940.82816,185986.90816,46.079999999987194,9,5.896067940382884,RankSurprise
microCMCL_L_5_CommonFiltered,4,187451.55584,187524.13696,72.58112000001711,187451.55584,187524.13696,72.58112000001711,11,5.461947588887587,RankSurprise
microCMCL_L_5_CommonFiltered,4,187855.13472,187918.09024,62.95551999998861,187855.13472,187918.09024,62.95551999998861,11,6.662727128547665,RankSurprise
microCMCL_L_5_CommonFiltered,4,188092.94848,188318.1056,225.15712000001804,188092.94848,188318.1056,225.15712000001804,29,9.217722905505486,RankSurprise
microCMCL_L_5_CommonFiltered,4,188357.4272,188401.4592,44.03200000000652,188357.4272,188401.4592,44.03200000000652,8,4.960681496597736,RankSurprise
microCMCL_L_5_CommonFiltered,4,188559.52384,188568.1664,8.642559999978403,188559.52384,188568.1664,8.642559999978403,4,5.796351880888576,RankSurprise
microCMCL_L_5_CommonFiltered,4,188590.81728,188609.57696,18.759680000017397,188590.81728,188609.57696,18.759680000017397,6,6.823392475384459,RankSurprise
microCMCL_L_5_CommonFiltered,4,188640.6656,188784.8448,144.17919999998412,188640.6656,188784.8448,144.17919999998412,19,6.7287713014570905,RankSurprise
microCMCL_L_5_CommonFiltered,4,188857.58976,188962.24256,104.65280000001076,188857.58976,188962.24256,104.65280000001076,16,6.881461128898708,RankSurprise
microCMCL_L_5_CommonFiltered,4,189076.2752,189107.6096,31.334399999992456,189076.2752,189107.6096,31.334399999992456,6,3.6563821302337223,RankSurprise
microCMCL_L_5_CommonFiltered,4,189234.95424,189242.7776,7.823360000009416,189234.95424,189242.7776,7.823360000009416,3,3.669766583039566,RankSurprise
microCMCL_L_5_CommonFiltered,4,189621.0432,189628.94848,7.905280000006314,189621.0432,189628.94848,7.905280000006314,4,6.554483634480327,RankSurprise
microCMCL_L_5_CommonFiltered,4,199907.7376,199929.40544,21.667840000009164,199907.7376,199929.40544,21.667840000009164,6,5.81278827262863,RankSurprise
microCMCL_L_5_CommonFiltered,4,200462.70464,200595.94752,133.24287999997614,200462.70464,200595.94752,133.24287999997614,17,4.990415856844243,RankSurprise
microCMCL_L_5_CommonFiltered,4,202857.79968,202862.67392,4.874240000004647,202857.79968,202862.67392,4.874240000004647,3,4.384743740033398,RankSurprise
microCMCL_L_5_CommonFiltered,4,206029.57824,206079.54944,49.97119999999995,206029.57824,206079.54944,49.97119999999995,8,3.934076664934119,RankSurprise
microCMCL_L_5_CommonFiltered,4,212925.8496,212930.47808,4.628480000013951,212925.8496,212930.47808,4.628480000013951,3,5.140553743157229,RankSurprise
microCMCL_L_5_CommonFiltered,4,214709.32992,214714.08128,4.751360000023851,214709.32992,214714.08128,4.751360000023851,3,4.701563958998689,RankSurprise
microCMCL_L_5_CommonFiltered,4,227983.64672,228072.8576,89.21087999999872,227983.64672,228072.8576,89.21087999999872,12,4.080068804178441,RankSurprise
microCMCL_L_5_CommonFiltered,4,228097.51552,228164.28032,66.76480000000447,228097.51552,228164.28032,66.76480000000447,10,4.0886761411470856,RankSurprise
microCMCL_L_5_CommonFiltered,4,228187.62752,228200.32512,12.69759999998496,228187.62752,228200.32512,12.69759999998496,4,4.168152597497951,RankSurprise
microCMCL_L_5_CommonFiltered,4,228797.68576,228820.992,23.306240000005346,228797.68576,228820.992,23.306240000005346,5,3.549471206533344,RankSurprise
microCMCL_L_5_CommonFiltered,4,229845.77024,229889.80224,44.031999999977415,229845.77024,229889.80224,44.031999999977415,8,5.213356632485359,RankSurprise
microCMCL_L_5_CommonFiltered,4,230592.75776,230606.76608,14.008319999993546,230592.75776,230606.76608,14.008319999993546,5,5.864530515901702,RankSurprise
microCMCL_L_5_CommonFiltered,4,230648.09472,230650.75712,2.662400000001071,230648.09472,230650.75712,2.662400000001071,3,7.794791208025286,RankSurprise
microCMCL_L_5_CommonFiltered,4,230746.07104,230750.78144,4.710399999981746,230746.07104,230750.78144,4.710399999981746,3,4.916103096455485,RankSurprise
microCMCL_L_5_CommonFiltered,4,231167.46752,231173.40672,5.939199999993434,231167.46752,231173.40672,5.939199999993434,3,3.9776885239892525,RankSurprise
microCMCL_L_5_CommonFiltered,4,231379.64032,231384.14592,4.505600000004051,231379.64032,231384.14592,4.505600000004051,3,5.562054784602088,RankSurprise
microCMCL_L_5_CommonFiltered,4,232179.58912,232184.29952,4.71040000001085,232179.58912,232184.29952,4.71040000001085,3,4.849291005953084,RankSurprise
microCMCL_L_5_CommonFiltered,4,233160.54016,233167.872,7.33183999999892,233160.54016,233167.872,7.33183999999892,4,6.600092642731212,RankSurprise
microCMCL_L_5_CommonFiltered,4,234617.97888,234623.83616,5.8572799999965355,234617.97888,234623.83616,5.8572799999965355,3,3.958305108594681,RankSurprise
microCMCL_L_5_CommonFiltered,4,316686.66368,316691.37408,4.710399999981746,316686.66368,316691.37408,4.710399999981746,3,4.841094269344133,RankSurprise
microCMCL_L_5_CommonFiltered,4,316788.1216,316793.2416,5.119999999995343,316788.1216,316793.2416,5.119999999995343,3,4.592693504199207,RankSurprise
microCMCL_L_5_CommonFiltered,4,317020.20096,317036.87168,16.670719999994617,317020.20096,317036.87168,16.670719999994617,5,5.106614163987384,RankSurprise
microCMCL_L_5_CommonFiltered,4,317141.64736,317155.61472,13.967360000009649,317141.64736,317155.61472,13.967360000009649,4,3.7139817631913914,RankSurprise
microCMCL_L_5_CommonFiltered,4,317297.664,317314.29376,16.629759999981616,317297.664,317314.29376,16.629759999981616,5,5.17490578187353,RankSurprise
microCMCL_L_5_CommonFiltered,4,320590.68416,320721.87904,131.19488000002457,320590.68416,320721.87904,131.19488000002457,17,5.536572713545184,RankSurprise
microCMCL_L_5_CommonFiltered,4,320871.95648,320921.96864,50.01215999998385,320871.95648,320921.96864,50.01215999998385,8,3.8953880119156694,RankSurprise
microCMCL_L_5_CommonFiltered,4,321032.64256,321099.3664,66.72383999999147,321032.64256,321099.3664,66.72383999999147,10,4.2254719247198285,RankSurprise
microCMCL_L_5_CommonFiltered,4,321205.49376,321307.60704,102.11327999999048,321205.49376,321307.60704,102.11327999999048,14,5.339709824628958,RankSurprise
microCMCL_L_5_CommonFiltered,4,321372.20096,321382.76864,10.56768000003649,321372.20096,321382.76864,10.56768000003649,4,5.048273534108752,RankSurprise
microCMCL_L_5_CommonFiltered,4,321472.22528,321605.632,133.40671999996994,321472.22528,321605.632,133.40671999996994,17,5.128582636908484,RankSurprise
microCMCL_L_5_CommonFiltered,4,322107.96544,322139.21792,31.25248000002466,322107.96544,322139.21792,31.25248000002466,7,5.392602904267678,RankSurprise
microCMCL_L_5_CommonFiltered,4,322339.30752,322564.13696,224.82944000000134,322339.30752,322564.13696,224.82944000000134,29,8.22979301051319,RankSurprise
microCMCL_L_5_CommonFiltered,4,322872.9344,322974.96576,102.03135999996448,322872.9344,322974.96576,102.03135999996448,15,6.581286693199152,RankSurprise
microCMCL_L_5_CommonFiltered,4,323166.94528,323196.928,29.982720000029076,323166.94528,323196.928,29.982720000029076,7,5.587965008773109,RankSurprise
microCMCL_L_5_CommonFiltered,4,323249.3568,323258.40896,9.052159999962896,323249.3568,323258.40896,9.052159999962896,5,10.362266202800587,RankSurprise
microCMCL_L_5_CommonFiltered,4,323723.264,323727.9744,4.710399999981746,323723.264,323727.9744,4.710399999981746,3,4.882418073076028,RankSurprise
microCMCL_L_5_CommonFiltered,4,323867.27936,323894.72256,27.443200000037905,323867.27936,323894.72256,27.443200000037905,7,6.2721343680057515,RankSurprise
microCMCL_L_5_CommonFiltered,4,324150.84544,324175.42144,24.57600000000093,324150.84544,324175.42144,24.57600000000093,6,5.2966195866827235,RankSurprise
microCMCL_L_5_CommonFiltered,4,328383.488,328486.05184,102.56383999995887,328383.488,328486.05184,102.56383999995887,15,6.066717112395766,RankSurprise
microCMCL_L_5_CommonFiltered,4,328644.11648,328648.74496,4.6284799999557436,328644.11648,328648.74496,4.6284799999557436,3,5.090512008992123,RankSurprise
microCMCL_L_5_CommonFiltered,4,328727.63392,328760.97536,33.341439999989234,328727.63392,328760.97536,33.341439999989234,7,5.174227409998698,RankSurprise
microCMCL_L_5_CommonFiltered,4,328825.61024,328880.3328,54.7225599999656,328825.61024,328880.3328,54.7225599999656,9,5.335509805811751,RankSurprise
microCMCL_L_5_CommonFiltered,4,329192.448,329442.46784,250.01984000002267,329192.448,329442.46784,250.01984000002267,29,7.4266086657691215,RankSurprise
microCMCL_L_5_CommonFiltered,4,329609.25696,329615.81056,6.553599999984726,329609.25696,329615.81056,6.553599999984726,3,4.32698569898035,RankSurprise
microCMCL_L_5_CommonFiltered,4,329697.36192,329726.03392,28.67200000002049,329697.36192,329726.03392,28.67200000002049,6,4.092145917243398,RankSurprise
microCMCL_L_5_CommonFiltered,4,329880.7808,329926.08256,45.301760000002105,329880.7808,329926.08256,45.301760000002105,9,6.207970578908557,RankSurprise
microCMCL_L_5_CommonFiltered,4,330151.36256,330164.26496,12.902400000020862,330151.36256,330164.26496,12.902400000020862,5,6.248656789313348,RankSurprise
microCMCL_L_5_CommonFiltered,4,330214.27712,330293.00224,78.72512000001734,330214.27712,330293.00224,78.72512000001734,13,6.630661789211487,RankSurprise
microCMCL_L_5_CommonFiltered,4,330364.27264,330378.32192,14.049280000035651,330364.27264,330378.32192,14.049280000035651,4,3.51762353843214,RankSurprise
microCMCL_L_5_CommonFiltered,4,330553.71264,330581.07392,27.361280000011902,330553.71264,330581.07392,27.361280000011902,6,4.889624579510283,RankSurprise
microCMCL_L_5_CommonFiltered,4,330684.33408,330697.76896,13.434880000015255,330684.33408,330697.76896,13.434880000015255,4,3.685821658037021,RankSurprise
microCMCL_L_5_CommonFiltered,4,330837.11488,330847.8464,10.731519999972079,330837.11488,330847.8464,10.731519999972079,4,4.839570369283692,RankSurprise
microCMCL_L_5_CommonFiltered,4,330903.7568,330961.92,58.163200000009965,330903.7568,330961.92,58.163200000009965,9,4.196810933176571,RankSurprise
microCMCL_L_5_CommonFiltered,4,331201.3312,331281.36704,80.03583999996772,331201.3312,331281.36704,80.03583999996772,11,4.596583256245168,RankSurprise
microCMCL_L_5_CommonFiltered,4,331309.99808,331411.90656,101.90847999998368,331309.99808,331411.90656,101.90847999998368,17,8.5730801929588,RankSurprise
microCMCL_L_5_CommonFiltered,4,331476.74624,331481.45664,4.710399999981746,331476.74624,331481.45664,4.710399999981746,3,5.041691860183002,RankSurprise
microCMCL_L_5_CommonFiltered,4,331678.67904,331745.52576,66.84671999997227,331678.67904,331745.52576,66.84671999997227,12,7.34657097518613,RankSurprise
microCMCL_L_5_CommonFiltered,4,332078.77632,332098.3552,19.578879999986384,332078.77632,332098.3552,19.578879999986384,6,6.257990492364492,RankSurprise
microCMCL_L_5_CommonFiltered,4,332431.7696,332481.7408,49.97120000002906,332431.7696,332481.7408,49.97120000002906,9,5.105450946478482,RankSurprise
microCMCL_L_5_CommonFiltered,4,332660.44928,332665.15968,4.710399999981746,332660.44928,332665.15968,4.710399999981746,3,4.982296222651959,RankSurprise
microCMCL_L_5_CommonFiltered,4,332798.5664,332804.42368,5.8572799999965355,332798.5664,332804.42368,5.8572799999965355,3,4.00981773539514,RankSurprise
microCMCL_L_5_CommonFiltered,4,332837.76512,332869.09952,31.334399999992456,332837.76512,332869.09952,31.334399999992456,7,5.598428148833399,RankSurprise
microCMCL_L_5_CommonFiltered,4,332969.12384,332995.95264,26.8287999999593,332969.12384,332995.95264,26.8287999999593,7,6.5602616734203485,RankSurprise
microCMCL_L_5_CommonFiltered,4,333112.60672,333165.3632,52.75648000004003,333112.60672,333165.3632,52.75648000004003,11,8.171309757858126,RankSurprise
microCMCL_L_5_CommonFiltered,4,333210.4192,333410.7136,200.2944000000134,333210.4192,333410.7136,200.2944000000134,26,7.781352630546749,RankSurprise
microCMCL_L_5_CommonFiltered,4,333494.10816,333544.12032,50.01215999998385,333494.10816,333544.12032,50.01215999998385,9,5.392919370461839,RankSurprise
microCMCL_L_5_CommonFiltered,4,333760.7168,333796.31104,35.59424000000581,333760.7168,333796.31104,35.59424000000581,9,8.44515532545712,RankSurprise
microCMCL_L_5_CommonFiltered,4,334077.70624,334082.37568,4.669439999968745,334077.70624,334082.37568,4.669439999968745,3,5.112251366570911,RankSurprise
microCMCL_L_5_CommonFiltered,4,334277.71392,334282.42432,4.710399999981746,334277.71392,334282.42432,4.710399999981746,3,4.918935959539789,RankSurprise
microCMCL_L_5_CommonFiltered,4,334411.12064,334479.89248,68.77184000000125,334411.12064,334479.89248,68.77184000000125,12,7.188042466110663,RankSurprise
microCMCL_L_5_CommonFiltered,4,334755.14368,334830.01856,74.87488000001758,334755.14368,334830.01856,74.87488000001758,11,4.791183633865768,RankSurprise
microCMCL_L_5_CommonFiltered,4,334988.61568,335366.144,377.52831999998307,334988.61568,335366.144,377.52831999998307,43,8.96677967759479,RankSurprise
microCMCL_L_5_CommonFiltered,4,335399.44448,335438.68416,39.23967999999877,335399.44448,335438.68416,39.23967999999877,7,3.9515970332516854,RankSurprise
microCMCL_L_5_CommonFiltered,4,335616.16384,335666.176,50.01215999998385,335616.16384,335666.176,50.01215999998385,11,8.496391376876087,RankSurprise
microCMCL_L_5_CommonFiltered,4,335853.64992,335938.84672,85.19679999997607,335853.64992,335938.84672,85.19679999997607,11,3.888486848860342,RankSurprise
microCMCL_L_5_CommonFiltered,4,335978.20928,335982.96064,4.751359999994747,335978.20928,335982.96064,4.751359999994747,3,4.7478682971919834,RankSurprise
microCMCL_L_5_CommonFiltered,4,337095.14752,337097.35936,2.2118400000035763,337095.14752,337097.35936,2.2118400000035763,3,8.555618423087553,RankSurprise
microCMCL_L_5_CommonFiltered,4,337097.35936,337147.37152,50.01215999998385,337097.35936,337147.37152,50.01215999998385,8,3.67933762318616,RankSurprise
microCMCL_L_5_CommonFiltered,4,337289.4208,337297.16224,7.741439999954309,337289.4208,337297.16224,7.741439999954309,3,3.874172517048942,RankSurprise
microCMCL_L_5_CommonFiltered,4,337378.75456,337389.24032,10.485760000010487,337378.75456,337389.24032,10.485760000010487,4,4.8481011819967215,RankSurprise
microCMCL_L_5_CommonFiltered,4,337439.3344,337666.8672,227.5327999999863,337439.3344,337666.8672,227.5327999999863,30,10.010028790262414,RankSurprise
microCMCL_L_5_CommonFiltered,4,337750.17984,337964.15488,213.97503999999026,337750.17984,337964.15488,213.97503999999026,31,11.740626702019112,RankSurprise
microCMCL_L_5_CommonFiltered,4,338105.42592,338114.23232,8.806400000001304,338105.42592,338114.23232,8.806400000001304,4,5.572493699816079,RankSurprise
microCMCL_L_5_CommonFiltered,4,338148.43392,338400.37888,251.94495999999344,338148.43392,338400.37888,251.94495999999344,32,8.467309028027795,RankSurprise
microCMCL_L_5_CommonFiltered,4,338562.4576,338567.168,4.710399999981746,338562.4576,338567.168,4.710399999981746,3,4.885203590197454,RankSurprise
microCMCL_L_5_CommonFiltered,4,338629.14048,338647.77728,18.636799999978393,338629.14048,338647.77728,18.636799999978393,6,7.203051054576946,RankSurprise
microCMCL_L_5_CommonFiltered,4,338729.12384,338733.8752,4.751359999994747,338729.12384,338733.8752,4.751359999994747,3,4.732314096902224,RankSurprise
microCMCL_L_5_CommonFiltered,4,338789.82656,339000.64768,210.8211199999787,338789.82656,339000.64768,210.8211199999787,30,11.409964646415098,RankSurprise
microCMCL_L_5_CommonFiltered,4,339156.70528,339196.02688,39.32160000002477,339156.70528,339196.02688,39.32160000002477,8,5.717978801389431,RankSurprise
microCMCL_L_5_CommonFiltered,4,339223.3472,339250.74944,27.402239999966696,339223.3472,339250.74944,27.402239999966696,7,6.504157893731601,RankSurprise
microCMCL_L_5_CommonFiltered,4,339323.37152,339356.672,33.30048000003444,339323.37152,339356.672,33.30048000003444,6,3.8074393665210913,RankSurprise
microCMCL_L_5_CommonFiltered,4,339406.76608,339623.5264,216.76032000000123,339406.76608,339623.5264,216.76032000000123,25,5.5163914409558705,RankSurprise
microCMCL_L_5_CommonFiltered,4,342799.40096,342874.64448,75.24352000001818,342799.40096,342874.64448,75.24352000001818,12,6.30058785791517,RankSurprise
microCMCL_L_5_CommonFiltered,4,343352.27904,343391.55968,39.28064000001177,343352.27904,343391.55968,39.28064000001177,7,4.392998745815367,RankSurprise
microCMCL_L_5_CommonFiltered,4,343431.00416,343435.63264,4.628480000013951,343431.00416,343435.63264,4.628480000013951,3,5.169262388318666,RankSurprise
microCMCL_L_5_CommonFiltered,4,343566.41792,343652.39296,85.97504000004847,343566.41792,343652.39296,85.97504000004847,12,5.064458857384018,RankSurprise
microCMCL_L_5_CommonFiltered,4,343714.16064,343756.22656,42.065919999964535,343714.16064,343756.22656,42.065919999964535,7,3.9678070552065137,RankSurprise
microCMCL_L_5_CommonFiltered,4,343799.84896,343999.93856,200.0896000000066,343799.84896,343999.93856,200.0896000000066,21,3.5836485579775714,RankSurprise
microCMCL_L_5_CommonFiltered,4,344281.2928,344285.96224,4.6694400000269525,344281.2928,344285.96224,4.6694400000269525,3,5.041691860183002,RankSurprise
microCMCL_L_5_CommonFiltered,4,344489.20576,344583.9872,94.78143999999156,344489.20576,344583.9872,94.78143999999156,17,10.10513405839439,RankSurprise
microCMCL_L_5_CommonFiltered,4,344675.36896,344858.86976,183.5007999999798,344675.36896,344858.86976,183.5007999999798,25,9.454650129681529,RankSurprise
microCMCL_L_5_CommonFiltered,4,345156.28032,345166.848,10.567679999978282,345156.28032,345166.848,10.567679999978282,4,4.700849382194228,RankSurprise
microCMCL_L_5_CommonFiltered,4,345236.2752,345300.04992,63.77472000004491,345236.2752,345300.04992,63.77472000004491,10,4.95342367347392,RankSurprise
microCMCL_L_5_CommonFiltered,4,345369.68192,345398.272,28.590079999994487,345369.68192,345398.272,28.590079999994487,6,4.105566710268357,RankSurprise
microCMCL_L_5_CommonFiltered,4,345431.6544,345517.056,85.40159999998286,345431.6544,345517.056,85.40159999998286,11,3.6699809076942977,RankSurprise
microCMCL_L_5_CommonFiltered,4,350235.11552,350237.77792,2.662400000030175,350235.11552,350237.77792,2.662400000030175,3,9.026079822998184,RankSurprise
microCMCL_L_5_CommonFiltered,4,350374.5024,350387.77344,13.271040000021458,350374.5024,350387.77344,13.271040000021458,5,6.683494877086371,RankSurprise
microCMCL_L_5_CommonFiltered,4,350516.4288,350568.48896,52.06015999999363,350516.4288,350568.48896,52.06015999999363,8,4.05070612724922,RankSurprise
microCMCL_L_5_CommonFiltered,4,350933.1968,350954.57792,21.38112000003457,350933.1968,350954.57792,21.38112000003457,5,4.206831181127878,RankSurprise
microCMCL_L_5_CommonFiltered,4,351083.27424,351087.94368,4.6694400000269525,351083.27424,351087.94368,4.6694400000269525,3,5.0117735592882635,RankSurprise
microCMCL_L_5_CommonFiltered,4,351133.20448,351158.55872,25.354239999956917,351133.20448,351158.55872,25.354239999956917,5,3.6895276092878397,RankSurprise
microCMCL_L_5_CommonFiltered,4,351227.37152,351304.704,77.33248000004096,351227.37152,351304.704,77.33248000004096,14,8.412574898418853,RankSurprise
microCMCL_L_5_CommonFiltered,4,351387.97568,351435.40736,47.431680000037886,351387.97568,351435.40736,47.431680000037886,9,5.649232117250765,RankSurprise
microCMCL_L_5_CommonFiltered,4,351716.84352,351739.94496,23.101439999998547,351716.84352,351739.94496,23.101439999998547,6,6.1996974497281485,RankSurprise
microCMCL_L_5_CommonFiltered,4,351933.52192,351985.70496,52.183039999974426,351933.52192,351985.70496,52.183039999974426,9,5.371418976070408,RankSurprise
microCMCL_L_5_CommonFiltered,4,352085.56544,352150.24128,64.6758400000399,352085.56544,352150.24128,64.6758400000399,12,8.022037815667325,RankSurprise
microCMCL_L_5_CommonFiltered,4,352460.92288,352485.82656,24.903679999988526,352460.92288,352485.82656,24.903679999988526,6,4.93618557948588,RankSurprise
microCMCL_L_5_CommonFiltered,4,352816.98816,352844.30848,27.3203199999989,352816.98816,352844.30848,27.3203199999989,6,4.600821799705135,RankSurprise
microCMCL_L_5_CommonFiltered,4,352959.0784,352985.86624,26.787840000004508,352959.0784,352985.86624,26.787840000004508,5,3.517261293247433,RankSurprise
microCMCL_L_5_CommonFiltered,4,353044.35712,353071.84128,27.4841599999927,353044.35712,353071.84128,27.4841599999927,6,4.2572294370504595,RankSurprise
microCMCL_L_5_CommonFiltered,4,353102.47936,353167.23712,64.75776000000769,353102.47936,353167.23712,64.75776000000769,9,3.850226559969538,RankSurprise
microCMCL_L_5_CommonFiltered,4,356873.0112,356895.58016,22.568960000004154,356873.0112,356895.58016,22.568960000004154,5,3.9402372379284536,RankSurprise
microCMCL_L_5_CommonFiltered,4,360586.19904,360647.0656,60.866559999994934,360586.19904,360647.0656,60.866559999994934,10,5.390828112898289,RankSurprise
microCMCL_L_5_CommonFiltered,4,360886.39488,360891.14624,4.751359999994747,360886.39488,360891.14624,4.751359999994747,3,4.830217283055491,RankSurprise
microCMCL_L_5_CommonFiltered,4,361080.34048,361163.65312,83.31263999996008,361080.34048,361163.65312,83.31263999996008,12,5.062824235471809,RankSurprise
microCMCL_L_5_CommonFiltered,4,361319.8336,361405.27616,85.44255999999586,361319.8336,361405.27616,85.44255999999586,11,3.8104362511695475,RankSurprise
microCMCL_L_5_CommonFiltered,4,361736.6016,361742.1312,5.529600000008941,361736.6016,361742.1312,5.529600000008941,3,4.224240944885281,RankSurprise
microCMCL_L_5_CommonFiltered,4,369407.75424,369430.36416,22.609920000017155,369407.75424,369430.36416,22.609920000017155,5,3.894065435592612,RankSurprise
microCMCL_L_5_CommonFiltered,4,369572.37248,369710.44864,138.0761599999969,369572.37248,369710.44864,138.0761599999969,17,4.602934660670561,RankSurprise
microCMCL_L_5_CommonFiltered,4,370233.18016,370283.39712,50.21695999999065,370233.18016,370283.39712,50.21695999999065,9,4.773300373672573,RankSurprise
microCMCL_L_5_CommonFiltered,4,370550.04672,370627.3792,77.33248000004096,370550.04672,370627.3792,77.33248000004096,12,6.066128412700601,RankSurprise
microCMCL_L_5_CommonFiltered,4,370756.03456,370860.8512,104.81663999997545,370756.03456,370860.8512,104.81663999997545,16,7.202840437574222,RankSurprise
microCMCL_L_5_CommonFiltered,4,370977.46432,370983.36256,5.898239999951329,370977.46432,370983.36256,5.898239999951329,3,3.9706182545295956,RankSurprise
microCMCL_L_5_CommonFiltered,4,371022.76608,371122.62656,99.86048000003211,371022.76608,371122.62656,99.86048000003211,18,10.904381548752525,RankSurprise
microCMCL_L_5_CommonFiltered,4,371189.51424,371194.2656,4.751359999994747,371189.51424,371194.2656,4.751359999994747,3,4.7400760762571945,RankSurprise
microCMCL_L_5_CommonFiltered,4,371291.58656,371298.01728,6.4307199999457225,371291.58656,371298.01728,6.4307199999457225,3,4.248422605809182,RankSurprise
microCMCL_L_5_CommonFiltered,4,383846.1952,383850.86464,4.669439999968745,383846.1952,383850.86464,4.669439999968745,3,4.956133045037726,RankSurprise
microCMCL_L_5_CommonFiltered,4,383877.85728,383891.16928,13.311999999976251,383877.85728,383891.16928,13.311999999976251,4,4.165883308217207,RankSurprise
microCMCL_L_5_CommonFiltered,4,383941.30432,384013.06624,71.76192000001902,383941.30432,384013.06624,71.76192000001902,18,17.29444135138227,RankSurprise
microCMCL_L_5_CommonFiltered,4,384111.12448,384121.856,10.731520000030287,384111.12448,384121.856,10.731520000030287,4,4.625878938053155,RankSurprise
microCMCL_L_5_CommonFiltered,4,384146.47296,384616.0384,469.56544000003487,384146.47296,384616.0384,469.56544000003487,60,16.65983290227291,RankSurprise
microCMCL_L_5_CommonFiltered,4,384638.73024,384732.85632,94.12608000001637,384638.73024,384732.85632,94.12608000001637,14,6.38031349290895,RankSurprise
microCMCL_L_5_CommonFiltered,4,384778.15808,384780.9024,2.7443199999979697,384778.15808,384780.9024,2.7443199999979697,3,8.982360929643002,RankSurprise
microCMCL_L_5_CommonFiltered,4,384844.88192,384849.63328,4.751359999994747,384844.88192,384849.63328,4.751359999994747,3,4.745267515491927,RankSurprise
microCMCL_L_5_CommonFiltered,4,384993.44384,384999.66976,6.2259199999971315,384993.44384,384999.66976,6.2259199999971315,3,3.5475799379049437,RankSurprise
microCMCL_L_5_CommonFiltered,4,394982.6048,394987.3152,4.710400000039954,394982.6048,394987.3152,4.710400000039954,3,4.879636430114152,RankSurprise
microCMCL_L_5_CommonFiltered,4,395070.6688,395190.51776,119.8489600000321,395070.6688,395190.51776,119.8489600000321,16,4.818579610736958,RankSurprise
microCMCL_L_5_CommonFiltered,4,395268.13696,395354.19392,86.05696000001626,395268.13696,395354.19392,86.05696000001626,14,7.8123875269761625,RankSurprise
microCMCL_L_5_CommonFiltered,4,395516.19072,395521.76128,5.570559999963734,395516.19072,395521.76128,5.570559999963734,4,8.044514050943096,RankSurprise
microCMCL_L_5_CommonFiltered,4,395543.552,395554.28352,10.731519999972079,395543.552,395554.28352,10.731519999972079,4,4.748675498484012,RankSurprise
microCMCL_L_5_CommonFiltered,4,412520.12032,412534.08768,13.967360000009649,412520.12032,412534.08768,13.967360000009649,4,3.7711075905413836,RankSurprise
microCMCL_L_5_CommonFiltered,4,412578.07872,412583.97696,5.898240000009537,412578.07872,412583.97696,5.898240000009537,3,4.192446924218283,RankSurprise
microCMCL_L_5_CommonFiltered,4,429430.25152,429435.00288,4.751359999994747,429430.25152,429435.00288,4.751359999994747,3,4.704108489633684,RankSurprise
microCMCL_L_5_CommonFiltered,4,429474.32448,429488.20992,13.885439999983646,429474.32448,429488.20992,13.885439999983646,4,3.9450990596963855,RankSurprise
microCMCL_L_5_CommonFiltered,4,430380.8512,430391.37792,10.526720000023488,430380.8512,430391.37792,10.526720000023488,4,5.24645882250212,RankSurprise
microCMCL_L_5_CommonFiltered,4,430527.61088,430674.86208,147.2511999999988,430527.61088,430674.86208,147.2511999999988,18,4.803317682874918,RankSurprise
microCMCL_L_6_CommonFiltered,0,122253.63968,122890.11712,636.4774400000024,122253.63968,122890.11712,636.4774400000024,6,3.6709446880919665,RankSurprise
microCMCL_L_6_CommonFiltered,0,131225.8048,131424.01024,198.20543999999063,131225.8048,131424.01024,198.20543999999063,4,4.065962684332881,RankSurprise
microCMCL_L_6_CommonFiltered,0,134765.24032,134771.712,6.471679999987828,134765.24032,134771.712,6.471679999987828,3,7.151518117499082,RankSurprise
microCMCL_L_6_CommonFiltered,0,145890.5088,147799.20384,1908.6950399999914,145890.5088,147799.20384,1908.6950399999914,13,6.0944675175298615,RankSurprise
microCMCL_L_6_CommonFiltered,0,154538.88512,154941.76768,402.8825599999982,154538.88512,154941.76768,402.8825599999982,6,4.919843760279505,RankSurprise
microCMCL_L_6_CommonFiltered,0,156913.41824,158218.8544,1305.436160000012,156913.41824,158218.8544,1305.436160000012,14,9.45647112572516,RankSurprise
microCMCL_L_6_CommonFiltered,0,166704.82432,166955.04896,250.22463999997126,166704.82432,166955.04896,250.22463999997126,5,5.011971850549539,RankSurprise
microCMCL_L_6_CommonFiltered,0,177231.09376,177276.55936,45.465600000025006,177231.09376,177276.55936,45.465600000025006,4,7.068295899298988,RankSurprise
microCMCL_L_6_CommonFiltered,0,179070.03392,181441.536,2371.5020800000057,179070.03392,181441.536,2371.5020800000057,17,8.564578896668271,RankSurprise
microCMCL_L_6_CommonFiltered,0,182422.1184,182470.81984,48.70144000000437,182422.1184,182470.81984,48.70144000000437,7,15.213910180197324,RankSurprise
microCMCL_L_6_CommonFiltered,0,183055.40096,183393.77152,338.3705600000103,183055.40096,183393.77152,338.3705600000103,5,4.325521102988681,RankSurprise
microCMCL_L_6_CommonFiltered,0,185715.95776,185985.80224,269.84447999999975,185715.95776,185985.80224,269.84447999999975,7,8.54688645221831,RankSurprise
microCMCL_L_6_CommonFiltered,0,189529.12896,189562.10176,32.97279999998864,189529.12896,189562.10176,32.97279999998864,4,7.917174787683511,RankSurprise
microCMCL_L_6_CommonFiltered,0,230837.57568,231022.592,185.01631999999518,230837.57568,231022.592,185.01631999999518,4,3.9784026489746687,RankSurprise
microCMCL_L_6_CommonFiltered,0,262113.40288,262117.08928,3.6863999999768566,262113.40288,262117.08928,3.6863999999768566,3,7.891671340434957,RankSurprise
microCMCL_L_6_CommonFiltered,0,262410.07616,262797.9264,387.85023999999976,262410.07616,262797.9264,387.85023999999976,5,3.850281930446453,RankSurprise
microCMCL_L_6_CommonFiltered,0,272026.33728,272066.06848,39.73120000003837,272026.33728,272066.06848,39.73120000003837,3,4.8866242956064205,RankSurprise
microCMCL_L_6_CommonFiltered,0,286465.024,286504.46848,39.44448000000557,286465.024,286504.46848,39.44448000000557,3,4.556606143651685,RankSurprise
microCMCL_L_6_CommonFiltered,0,300715.49952,302306.9184,1591.418880000012,300715.49952,302306.9184,1591.418880000012,11,4.1977816170381095,RankSurprise
microCMCL_L_6_CommonFiltered,0,308571.21792,310751.27296,2180.0550399999483,308571.21792,310751.27296,2180.0550399999483,13,3.738906035307292,RankSurprise
microCMCL_L_6_CommonFiltered,0,324213.26848,324235.30496,22.036479999951553,324213.26848,324235.30496,22.036479999951553,3,5.416017107047985,RankSurprise
microCMCL_L_6_CommonFiltered,0,330639.36,330886.06208,246.7020800000173,330639.36,330886.06208,246.7020800000173,4,3.8105954489586082,RankSurprise
microCMCL_L_6_CommonFiltered,0,333798.8096,333892.8128,94.00320000003558,333798.8096,333892.8128,94.00320000003558,3,3.677367463133878,RankSurprise
microCMCL_L_6_CommonFiltered,0,339607.83872,339854.37696,246.5382400000235,339607.83872,339854.37696,246.5382400000235,5,5.03787873119888,RankSurprise
microCMCL_L_6_CommonFiltered,0,347542.48704,347964.0064,421.5193600000348,347542.48704,347964.0064,421.5193600000348,10,11.529622196743372,RankSurprise
microCMCL_L_6_CommonFiltered,0,349369.344,349519.21664,149.87264000001596,349369.344,349519.21664,149.87264000001596,4,4.468051447288204,RankSurprise
microCMCL_L_6_CommonFiltered,0,352280.12544,353554.10432,1273.9788800000097,352280.12544,353554.10432,1273.9788800000097,13,7.9447082380874825,RankSurprise
microCMCL_L_6_CommonFiltered,0,356488.15104,356638.26944,150.11839999997756,356488.15104,356638.26944,150.11839999997756,4,4.7301730956242025,RankSurprise
microCMCL_L_6_CommonFiltered,0,358411.96032,360228.6592,1816.6988799999817,358411.96032,360228.6592,1816.6988799999817,16,8.336424038237507,RankSurprise
microCMCL_L_6_CommonFiltered,0,371296.95232,372383.17056,1086.2182400000165,371296.95232,372383.17056,1086.2182400000165,9,4.574341361109004,RankSurprise
microCMCL_L_6_CommonFiltered,0,373637.85728,376762.53184,3124.674560000014,373637.85728,376762.53184,3124.674560000014,19,5.957895193668354,RankSurprise
microCMCL_L_6_CommonFiltered,0,378966.46656,380523.7248,1557.2582400000538,378966.46656,380523.7248,1557.2582400000538,12,5.730266546356533,RankSurprise
microCMCL_L_6_CommonFiltered,0,382840.17664,383039.11936,198.94271999999182,382840.17664,383039.11936,198.94271999999182,4,3.8492433932679404,RankSurprise
microCMCL_L_6_CommonFiltered,0,398869.46304,399100.39552,230.93248000001768,398869.46304,399100.39552,230.93248000001768,4,3.6199810810526714,RankSurprise
microCMCL_L_6_CommonFiltered,0,402152.20224,402226.33984,74.13759999995818,402152.20224,402226.33984,74.13759999995818,3,3.7214060879173854,RankSurprise
microCMCL_L_6_CommonFiltered,0,404428.06272,405870.75584,1442.6931200000108,404428.06272,405870.75584,1442.6931200000108,12,6.14177592241238,RankSurprise
microCMCL_L_6_CommonFiltered,0,410551.74656,411702.0672,1150.3206399999908,410551.74656,411702.0672,1150.3206399999908,12,9.288697401631849,RankSurprise
microCMCL_L_6_CommonFiltered,0,422555.40224,422862.4384,307.03615999995964,422555.40224,422862.4384,307.03615999995964,4,3.5094304611878933,RankSurprise
microCMCL_L_6_CommonFiltered,0,426123.59168,426127.89248,4.300799999968149,426123.59168,426127.89248,4.300799999968149,3,7.832830840412024,RankSurprise
microCMCL_L_6_CommonFiltered,0,427727.74912,428177.98144,450.2323200000101,427727.74912,428177.98144,450.2323200000101,7,6.156163745900382,RankSurprise
microCMCL_L_6_CommonFiltered,0,430699.3152,431525.84704,826.5318400000106,430699.3152,431525.84704,826.5318400000106,8,5.058276398238094,RankSurprise
microCMCL_L_6_CommonFiltered,0,435537.67424,435721.58464,183.9103999999934,435537.67424,435721.58464,183.9103999999934,4,4.045129225411063,RankSurprise
microCMCL_L_6_CommonFiltered,0,448944.16896,450305.8432,1361.674240000022,448944.16896,450305.8432,1361.674240000022,9,4.191848103818152,RankSurprise
microCMCL_L_6_CommonFiltered,0,466270.94528,466496.59392,225.64864000002854,466270.94528,466496.59392,225.64864000002854,5,5.213205987531733,RankSurprise
microCMCL_L_6_CommonFiltered,0,469761.76128,469851.5456,89.78432000003522,469761.76128,469851.5456,89.78432000003522,3,3.6846402224629564,RankSurprise
microCMCL_L_6_CommonFiltered,0,589715.8656,589743.47264,27.607040000031702,589715.8656,589743.47264,27.607040000031702,3,5.468652736510165,RankSurprise
microCMCL_L_6_CommonFiltered,2,127219.99872,127293.6448,73.64607999999134,127219.99872,127293.6448,73.64607999999134,3,3.9563839860927583,RankSurprise
microCMCL_L_6_CommonFiltered,2,158157.824,158679.28576,521.4617600000056,158157.824,158679.28576,521.4617600000056,5,3.7198630135284922,RankSurprise
microCMCL_L_6_CommonFiltered,2,175667.85536,176145.8176,477.9622400000226,175667.85536,176145.8176,477.9622400000226,6,5.524049645502167,RankSurprise
microCMCL_L_6_CommonFiltered,2,177289.8304,177331.44576,41.615359999996144,177289.8304,177331.44576,41.615359999996144,4,7.42200839606928,RankSurprise
microCMCL_L_6_CommonFiltered,2,178884.52608,182519.27552,3634.749439999985,178884.52608,182519.27552,3634.749439999985,22,8.430610906798888,RankSurprise
microCMCL_L_6_CommonFiltered,2,194952.35584,195361.42336,409.0675199999823,194952.35584,195361.42336,409.0675199999823,5,4.184593998269836,RankSurprise
microCMCL_L_6_CommonFiltered,2,215410.76992,215640.76032,229.99040000000969,215410.76992,215640.76032,229.99040000000969,5,5.803005819987,RankSurprise
microCMCL_L_6_CommonFiltered,2,238461.952,239672.5248,1210.5728000000236,238461.952,239672.5248,1210.5728000000236,8,3.851901997198099,RankSurprise
microCMCL_L_6_CommonFiltered,2,251447.13216,254114.77504,2667.6428799999994,251447.13216,254114.77504,2667.6428799999994,13,3.8544081180752783,RankSurprise
microCMCL_L_6_CommonFiltered,2,309106.60608,309213.92128,107.31520000001183,309106.60608,309213.92128,107.31520000001183,8,15.626849839467937,RankSurprise
microCMCL_L_6_CommonFiltered,2,315485.10208,315893.02272,407.92064000002574,315485.10208,315893.02272,407.92064000002574,7,7.306472352877741,RankSurprise
microCMCL_L_6_CommonFiltered,2,333138.37056,333564.7232,426.35263999999734,333138.37056,333564.7232,426.35263999999734,5,4.071078819719869,RankSurprise
microCMCL_L_6_CommonFiltered,2,339586.00704,340319.92832,733.9212800000096,339586.00704,340319.92832,733.9212800000096,7,5.387412877535154,RankSurprise
microCMCL_L_6_CommonFiltered,2,347749.21216,347997.5936,248.3814400000265,347749.21216,347997.5936,248.3814400000265,4,3.716786915057348,RankSurprise
microCMCL_L_6_CommonFiltered,2,359775.35488,365067.01824,5291.663360000006,359775.35488,365067.01824,5291.663360000006,29,9.12769154358625,RankSurprise
microCMCL_L_6_CommonFiltered,2,366183.46496,367983.53408,1800.06912,366183.46496,367983.53408,1800.06912,10,3.6172516373834336,RankSurprise
microCMCL_L_6_CommonFiltered,2,369399.48032,370220.8512,821.3708800000022,369399.48032,370220.8512,821.3708800000022,7,4.088253223090843,RankSurprise
microCMCL_L_6_CommonFiltered,2,371408.896,371423.8464,14.950399999972433,371408.896,371423.8464,14.950399999972433,3,6.003794099541734,RankSurprise
microCMCL_L_6_CommonFiltered,2,381426.64704,381428.3264,1.6793600000091828,381426.64704,381428.3264,1.6793600000091828,3,9.38284324798088,RankSurprise
microCMCL_L_6_CommonFiltered,2,383452.32384,383907.59424,455.2703999999794,383452.32384,383907.59424,455.2703999999794,5,3.5160224533778575,RankSurprise
microCMCL_L_6_CommonFiltered,2,384889.15968,385055.70304,166.54336000001058,384889.15968,385055.70304,166.54336000001058,4,4.559496251792055,RankSurprise
microCMCL_L_6_CommonFiltered,2,390355.06688,390819.51232,464.4454399999813,390355.06688,390819.51232,464.4454399999813,6,5.101542239951712,RankSurprise
microCMCL_L_6_CommonFiltered,2,394904.82176,395107.04128,202.2195199999842,394904.82176,395107.04128,202.2195199999842,4,4.085482129940928,RankSurprise
microCMCL_L_6_CommonFiltered,2,399862.25152,400081.7152,219.4636799999862,399862.25152,400081.7152,219.4636799999862,6,7.6271611059658895,RankSurprise
microCMCL_L_6_CommonFiltered,2,402300.80512,402321.44896,20.64384000003338,402300.80512,402321.44896,20.64384000003338,3,5.786705845565557,RankSurprise
microCMCL_L_6_CommonFiltered,2,404520.26368,407582.76096,3062.4972800000105,404520.26368,407582.76096,3062.4972800000105,20,8.490702848515507,RankSurprise
microCMCL_L_6_CommonFiltered,2,411557.56032,411673.6,116.03967999998713,411557.56032,411673.6,116.03967999998713,4,5.368973245961978,RankSurprise
microCMCL_L_6_CommonFiltered,2,413210.33728,413255.10656,44.76928000000771,413210.33728,413255.10656,44.76928000000771,4,7.3526395982594615,RankSurprise
microCMCL_L_6_CommonFiltered,2,420132.00384,421487.2064,1355.2025600000052,420132.00384,421487.2064,1355.2025600000052,13,8.59635599996509,RankSurprise
microCMCL_L_6_CommonFiltered,2,427971.74784,428634.84928,663.1014399999985,427971.74784,428634.84928,663.1014399999985,10,9.675285515307248,RankSurprise
microCMCL_L_6_CommonFiltered,2,430726.92224,430749.40928,22.48704000003636,430726.92224,430749.40928,22.48704000003636,3,5.549863449893186,RankSurprise
microCMCL_L_6_CommonFiltered,2,435564.7488,435624.3456,59.59679999999935,435564.7488,435624.3456,59.59679999999935,3,4.406109505560304,RankSurprise
microCMCL_L_6_CommonFiltered,2,436353.92512,436424.00768,70.08255999995163,436353.92512,436424.00768,70.08255999995163,3,3.9291106953083155,RankSurprise
microCMCL_L_6_CommonFiltered,2,444849.60256,449044.43904,4194.836479999998,444849.60256,449044.43904,4194.836479999998,18,3.8653287626444603,RankSurprise
microCMCL_L_6_CommonFiltered,2,449966.77632,450607.80032,641.0239999999758,449966.77632,450607.80032,641.0239999999758,6,3.7932442137739297,RankSurprise
microCMCL_L_6_CommonFiltered,2,458775.79776,458863.0016,87.20384000003105,458775.79776,458863.0016,87.20384000003105,6,11.427760534817384,RankSurprise
microCMCL_L_6_CommonFiltered,2,466152.6528,466229.248,76.59520000003977,466152.6528,466229.248,76.59520000003977,3,3.840795696510243,RankSurprise
microCMCL_L_6_CommonFiltered,2,478088.56064,478174.98624,86.42560000001686,478088.56064,478174.98624,86.42560000001686,3,3.7479516092011114,RankSurprise
microCMCL_L_7_CommonFiltered,1,15265.21856,15292.8256,27.60704000000078,15265.21856,15292.8256,27.60704000000078,3,5.484278396314423,RankSurprise
microCMCL_L_7_CommonFiltered,1,22269.952,22337.69984,67.74784,22269.952,22337.69984,67.74784,3,3.6032778947694677,RankSurprise
microCMCL_L_7_CommonFiltered,1,44659.9168,44692.80768,32.890879999999015,44659.9168,44692.80768,32.890879999999015,3,5.092280184544812,RankSurprise
microCMCL_L_7_CommonFiltered,1,90676.30592,91042.4064,366.10048000000825,90676.30592,91042.4064,366.10048000000825,6,4.390888076233268,RankSurprise
microCMCL_L_7_CommonFiltered,1,125440.16384,126806.26176,1366.0979200000002,125440.16384,126806.26176,1366.0979200000002,12,4.253978402835762,RankSurprise
microCMCL_L_7_CommonFiltered,1,134538.77248,134752.4608,213.68831999998656,134538.77248,134752.4608,213.68831999998656,7,8.5816010021748,RankSurprise
microCMCL_L_7_CommonFiltered,1,135703.3472,135930.10176,226.75456000000122,135703.3472,135930.10176,226.75456000000122,5,4.4696926571021685,RankSurprise
microCMCL_L_7_CommonFiltered,1,138052.44416,138392.82176,340.377599999978,138052.44416,138392.82176,340.377599999978,5,3.6038835782742105,RankSurprise
microCMCL_L_7_CommonFiltered,1,144449.86368,144496.55808,46.69439999997849,144449.86368,144496.55808,46.69439999997849,3,4.375651486716295,RankSurprise
microCMCL_L_7_CommonFiltered,1,145567.3344,146385.7152,818.3808000000136,145567.3344,146385.7152,818.3808000000136,11,8.300464012794388,RankSurprise
microCMCL_L_7_CommonFiltered,1,147308.01152,147642.9824,334.97088000000804,147308.01152,147642.9824,334.97088000000804,5,3.512529299190284,RankSurprise
microCMCL_L_7_CommonFiltered,1,148480.98304,148755.37408,274.3910400000168,148480.98304,148755.37408,274.3910400000168,7,7.8188636695288665,RankSurprise
microCMCL_L_7_CommonFiltered,1,154755.44064,155038.22848,282.7878400000045,154755.44064,155038.22848,282.7878400000045,6,5.3270039487103915,RankSurprise
microCMCL_L_7_CommonFiltered,1,156794.0608,157059.23584,265.1750400000019,156794.0608,157059.23584,265.1750400000019,5,4.063625873377227,RankSurprise
microCMCL_L_7_CommonFiltered,1,162010.60352,162036.57216,25.968640000006417,162010.60352,162036.57216,25.968640000006417,3,5.700707526900814,RankSurprise
microCMCL_L_7_CommonFiltered,1,166536.84736,167309.5168,772.6694399999978,166536.84736,167309.5168,772.6694399999978,10,6.126780920623676,RankSurprise
microCMCL_L_7_CommonFiltered,1,173736.1408,173892.36224,156.2214399999939,173736.1408,173892.36224,156.2214399999939,4,3.911976400552362,RankSurprise
microCMCL_L_7_CommonFiltered,1,177219.7888,177410.08896,190.30015999998432,177219.7888,177410.08896,190.30015999998432,5,5.187236206292056,RankSurprise
microCMCL_L_7_CommonFiltered,1,178369.69984,179185.00864,815.3087999999989,178369.69984,179185.00864,815.3087999999989,11,6.51408040102601,RankSurprise
microCMCL_L_7_CommonFiltered,1,185778.29888,185830.44096,52.14208000001963,185778.29888,185830.44096,52.14208000001963,3,4.182354274960522,RankSurprise
microCMCL_L_7_CommonFiltered,1,189270.95808,190134.4768,863.5187199999928,189270.95808,190134.4768,863.5187199999928,9,4.277966660464076,RankSurprise
microCMCL_L_7_CommonFiltered,1,200844.20608,201295.38048,451.17439999998896,200844.20608,201295.38048,451.17439999998896,7,5.144530523428301,RankSurprise
microCMCL_L_7_CommonFiltered,1,214808.90368,214852.32128,43.41760000001523,214808.90368,214852.32128,43.41760000001523,3,4.611627478100388,RankSurprise
microCMCL_L_7_CommonFiltered,1,221663.35488,222173.83936,510.4844800000137,221663.35488,222173.83936,510.4844800000137,6,3.5925952854304435,RankSurprise
microCMCL_L_7_CommonFiltered,1,225658.71616,226147.61472,488.89856000000145,225658.71616,226147.61472,488.89856000000145,6,3.6764724515341,RankSurprise
microCMCL_L_7_CommonFiltered,1,252222.13632,253283.1232,1060.9868800000113,252222.13632,253283.1232,1060.9868800000113,10,4.1819579392809,RankSurprise
microCMCL_L_7_CommonFiltered,1,253976.94464,254992.95744,1016.0127999999968,253976.94464,254992.95744,1016.0127999999968,11,5.645704986814038,RankSurprise
microCMCL_L_7_CommonFiltered,1,255455.51872,255503.7696,48.25088000000687,255455.51872,255503.7696,48.25088000000687,3,4.317582740542202,RankSurprise
microCMCL_L_7_CommonFiltered,1,272154.17344,272211.80416,57.63072000001557,272154.17344,272211.80416,57.63072000001557,3,3.900118332623032,RankSurprise
microCMCL_L_7_CommonFiltered,1,278378.9056,278491.99616,113.09055999998236,278378.9056,278491.99616,113.09055999998236,4,4.756135669693776,RankSurprise
microCMCL_L_7_CommonFiltered,1,295867.63776,295914.2912,46.653439999965485,295867.63776,295914.2912,46.653439999965485,3,4.36911551573651,RankSurprise
microCMCL_L_7_CommonFiltered,1,298737.82784,299475.3536,737.5257599999895,298737.82784,299475.3536,737.5257599999895,8,3.8841187188670925,RankSurprise
microCMCL_L_7_CommonFiltered,1,320218.76736,320269.84448,51.077120000030845,320218.76736,320269.84448,51.077120000030845,4,7.00336962582859,RankSurprise
microCMCL_L_7_CommonFiltered,1,324203.88864,324376.45312,172.5644800000009,324203.88864,324376.45312,172.5644800000009,4,3.5804607187802873,RankSurprise
microCMCL_L_7_CommonFiltered,1,327352.97536,327418.30656,65.33120000001509,327352.97536,327418.30656,65.33120000001509,4,6.311014691222475,RankSurprise
microCMCL_L_7_CommonFiltered,1,333915.05408,334243.71712,328.663040000014,333915.05408,334243.71712,328.663040000014,6,5.758644681358362,RankSurprise
microCMCL_L_7_CommonFiltered,1,339599.48288,339714.08896,114.60607999999775,339599.48288,339714.08896,114.60607999999775,4,4.747779107522895,RankSurprise
microCMCL_L_7_CommonFiltered,1,340780.31872,342061.8752,1281.5564800000284,340780.31872,342061.8752,1281.5564800000284,17,11.089802863615876,RankSurprise
microCMCL_L_7_CommonFiltered,1,353105.96096,353323.008,217.04703999997582,353105.96096,353323.008,217.04703999997582,5,4.565488299992676,RankSurprise
microCMCL_L_7_CommonFiltered,1,356701.55264,356758.48704,56.93439999996917,356701.55264,356758.48704,56.93439999996917,5,9.84775793247038,RankSurprise
microCMCL_L_7_CommonFiltered,1,358576.49664,358613.52448,37.027839999995194,358576.49664,358613.52448,37.027839999995194,3,4.812958618798998,RankSurprise
microCMCL_L_7_CommonFiltered,1,359896.10496,360062.89408,166.78911999997217,359896.10496,360062.89408,166.78911999997217,4,3.617445562154444,RankSurprise
microCMCL_L_7_CommonFiltered,1,360885.4528,361134.73536,249.28255999996327,360885.4528,361134.73536,249.28255999996327,5,4.6157476799332855,RankSurprise
microCMCL_L_7_CommonFiltered,1,361759.98976,361789.11232,29.12255999998888,361759.98976,361789.11232,29.12255999998888,3,5.3626930747083,RankSurprise
microCMCL_L_7_CommonFiltered,1,363332.36224,363398.5536,66.19135999999708,363332.36224,363398.5536,66.19135999999708,3,3.6711578000869984,RankSurprise
microCMCL_L_7_CommonFiltered,1,365429.39136,366236.59008,807.1987199999858,365429.39136,366236.59008,807.1987199999858,10,6.3017976984956565,RankSurprise
microCMCL_L_7_CommonFiltered,1,370559.7952,371437.81376,878.0185599999968,370559.7952,371437.81376,878.0185599999968,11,6.5268116513064305,RankSurprise
microCMCL_L_7_CommonFiltered,1,381607.85408,382310.56384,702.7097599999979,381607.85408,382310.56384,702.7097599999979,8,4.282044989852441,RankSurprise
microCMCL_L_7_CommonFiltered,1,384958.50496,385176.08448,217.57952000002842,384958.50496,385176.08448,217.57952000002842,5,4.539133867821466,RankSurprise
microCMCL_L_7_CommonFiltered,1,389423.84128,389469.42976,45.588480000034906,389423.84128,389469.42976,45.588480000034906,3,4.49016119702771,RankSurprise
microCMCL_L_7_CommonFiltered,1,389934.44864,390104.6784,170.22975999995833,389934.44864,390104.6784,170.22975999995833,7,9.981118535388347,RankSurprise
microCMCL_L_7_CommonFiltered,1,393015.33696,394048.96256,1033.6256000000285,393015.33696,394048.96256,1033.6256000000285,11,5.122947318960125,RankSurprise
microCMCL_L_7_CommonFiltered,1,398432.09216,398498.89792,66.80576000001747,398432.09216,398498.89792,66.80576000001747,3,3.7654038712200766,RankSurprise
microCMCL_L_7_CommonFiltered,1,401809.03936,404054.58944,2245.5500800000154,401809.03936,404054.58944,2245.5500800000154,18,5.250487636527424,RankSurprise
microCMCL_L_7_CommonFiltered,1,406938.66496,406972.33408,33.66911999997683,406938.66496,406972.33408,33.66911999997683,3,5.018708281886056,RankSurprise
microCMCL_L_7_CommonFiltered,1,411439.55456,411923.37408,483.8195199999609,411439.55456,411923.37408,483.8195199999609,6,3.874803265970061,RankSurprise
microCMCL_L_7_CommonFiltered,1,413198.90944,413236.46976,37.56031999998959,413198.90944,413236.46976,37.56031999998959,5,11.516686117344598,RankSurprise
microCMCL_L_7_CommonFiltered,1,413770.87488,414227.21024,456.3353599999682,413770.87488,414227.21024,456.3353599999682,6,3.699243847827513,RankSurprise
microCMCL_L_7_CommonFiltered,1,421880.91392,421934.03904,53.12511999998242,421880.91392,421934.03904,53.12511999998242,3,4.1470071810475435,RankSurprise
microCMCL_L_7_CommonFiltered,1,431234.12992,431479.27552,245.14560000004712,431234.12992,431479.27552,245.14560000004712,9,12.282998840461715,RankSurprise
microCMCL_L_7_CommonFiltered,1,436080.8448,436305.75616,224.91135999996914,436080.8448,436305.75616,224.91135999996914,5,4.565488299992676,RankSurprise
microCMCL_L_7_CommonFiltered,1,438002.97472,438169.43616,166.46143999998458,438002.97472,438169.43616,166.46143999998458,4,3.5719901199152027,RankSurprise
microCMCL_L_7_CommonFiltered,1,440544.8704,440708.13696,163.26655999996,440544.8704,440708.13696,163.26655999996,4,4.224551482625987,RankSurprise
microCMCL_L_7_CommonFiltered,1,449058.52928,449185.9968,127.4675200000056,449058.52928,449185.9968,127.4675200000056,4,4.302662476925821,RankSurprise
microCMCL_L_7_CommonFiltered,1,454546.18624,454583.25504,37.068800000008196,454546.18624,454583.25504,37.068800000008196,3,4.930393283087984,RankSurprise
microCMCL_L_7_CommonFiltered,1,458678.51776,459317.6576,639.1398399999598,458678.51776,459317.6576,639.1398399999598,8,4.911836675331656,RankSurprise
microCMCL_L_7_CommonFiltered,1,468682.71104,468818.1248,135.41375999996671,468682.71104,468818.1248,135.41375999996671,4,4.281156988024755,RankSurprise
microCMCL_L_7_CommonFiltered,4,39436.00128,39589.64224,153.64096000000427,39436.00128,39589.64224,153.64096000000427,4,3.9223310903877255,RankSurprise
microCMCL_L_7_CommonFiltered,4,45252.52608,45418.16832,165.64223999999376,45252.52608,45418.16832,165.64223999999376,4,3.75709748542058,RankSurprise
microCMCL_L_7_CommonFiltered,4,82428.23168,82479.43168,51.19999999999709,82428.23168,82479.43168,51.19999999999709,3,3.982331559757487,RankSurprise
microCMCL_L_7_CommonFiltered,4,106885.65248,106932.96128,47.30879999999888,106885.65248,106932.96128,47.30879999999888,3,4.19391116631332,RankSurprise
microCMCL_L_7_CommonFiltered,4,145225.1136,146152.2432,927.1295999999857,145225.1136,146152.2432,927.1295999999857,17,13.483161582607433,RankSurprise
microCMCL_L_7_CommonFiltered,4,154729.55392,155320.32,590.7660800000012,154729.55392,155320.32,590.7660800000012,8,5.094336802913147,RankSurprise
microCMCL_L_7_CommonFiltered,4,156883.7632,157242.44992,358.686720000027,156883.7632,157242.44992,358.686720000027,8,7.035967679931073,RankSurprise
microCMCL_L_7_CommonFiltered,4,157944.58624,158097.8176,153.23136000000522,157944.58624,158097.8176,153.23136000000522,4,3.557208467161445,RankSurprise
microCMCL_L_7_CommonFiltered,4,165991.50592,167361.1264,1369.6204800000123,165991.50592,167361.1264,1369.6204800000123,12,3.700525555381112,RankSurprise
microCMCL_L_7_CommonFiltered,4,175705.82528,176171.66336,465.8380800000159,175705.82528,176171.66336,465.8380800000159,7,4.881783259185678,RankSurprise
microCMCL_L_7_CommonFiltered,4,177230.31552,177462.02624,231.71072000000277,177230.31552,177462.02624,231.71072000000277,5,4.453982807624659,RankSurprise
microCMCL_L_7_CommonFiltered,4,180613.16096,181492.77696,879.61599999998,180613.16096,181492.77696,879.61599999998,12,6.169067794188372,RankSurprise
microCMCL_L_7_CommonFiltered,4,184942.71488,184983.92064,41.20575999998255,184942.71488,184983.92064,41.20575999998255,4,7.1255848606127685,RankSurprise
microCMCL_L_7_CommonFiltered,4,185847.35744,186058.17856,210.8211200000078,185847.35744,186058.17856,210.8211200000078,5,4.492457877914017,RankSurprise
microCMCL_L_7_CommonFiltered,4,197830.53312,197921.13664,90.60352000000421,197830.53312,197921.13664,90.60352000000421,4,5.059401425991311,RankSurprise
microCMCL_L_7_CommonFiltered,4,203581.11232,203739.136,158.02368000001297,203581.11232,203739.136,158.02368000001297,5,5.3176028657575785,RankSurprise
microCMCL_L_7_CommonFiltered,4,210061.47584,211046.72768,985.2518400000117,210061.47584,211046.72768,985.2518400000117,11,4.518750641203159,RankSurprise
microCMCL_L_7_CommonFiltered,4,252049.08032,252716.60544,667.5251200000057,252049.08032,252716.60544,667.5251200000057,9,5.817587041699685,RankSurprise
microCMCL_L_7_CommonFiltered,4,267053.6704,268039.29088,985.6204799999832,267053.6704,268039.29088,985.6204799999832,11,5.481056326739026,RankSurprise
microCMCL_L_7_CommonFiltered,4,278689.54624,278884.02432,194.47808000002988,278689.54624,278884.02432,194.47808000002988,6,6.647424896372982,RankSurprise
microCMCL_L_7_CommonFiltered,4,279895.77728,280117.53472,221.75744000001578,279895.77728,280117.53472,221.75744000001578,5,4.103316887456536,RankSurprise
microCMCL_L_7_CommonFiltered,4,282059.40736,282609.2544,549.8470399999642,282059.40736,282609.2544,549.8470399999642,9,6.099890378635057,RankSurprise
microCMCL_L_7_CommonFiltered,4,291046.03136,291375.02208,328.9907200000016,291046.03136,291375.02208,328.9907200000016,6,4.377363908159549,RankSurprise
microCMCL_L_7_CommonFiltered,4,292279.58272,294103.81824,1824.2355199999874,292279.58272,294103.81824,1824.2355199999874,17,6.642807027212461,RankSurprise
microCMCL_L_7_CommonFiltered,4,308461.73184,308736.16384,274.4319999999716,308461.73184,308736.16384,274.4319999999716,7,6.673932927745788,RankSurprise
microCMCL_L_7_CommonFiltered,4,319125.54496,319288.23808,162.69311999995261,319125.54496,319288.23808,162.69311999995261,4,3.812144935655162,RankSurprise
microCMCL_L_7_CommonFiltered,4,324202.74176,324318.24896,115.50719999999274,324202.74176,324318.24896,115.50719999999274,7,11.422890539921163,RankSurprise
microCMCL_L_7_CommonFiltered,4,326172.13952,326364.32384,192.1843200000003,326172.13952,326364.32384,192.1843200000003,8,10.94970180680847,RankSurprise
microCMCL_L_7_CommonFiltered,4,327722.31168,328030.74048,308.4287999999942,327722.31168,328030.74048,308.4287999999942,7,6.60465499873586,RankSurprise
microCMCL_L_7_CommonFiltered,4,335547.5968,336763.37152,1215.7747199999867,335547.5968,336763.37152,1215.7747199999867,14,6.201412581165303,RankSurprise
microCMCL_L_7_CommonFiltered,4,339604.72576,339907.01056,302.2848000000231,339604.72576,339907.01056,302.2848000000231,6,4.592536824007306,RankSurprise
microCMCL_L_7_CommonFiltered,4,340894.80192,341913.23136,1018.4294399999781,340894.80192,341913.23136,1018.4294399999781,17,11.934621665624217,RankSurprise
microCMCL_L_7_CommonFiltered,4,342394.34752,342505.43104,111.08351999998558,342394.34752,342505.43104,111.08351999998558,4,4.491827547571123,RankSurprise
microCMCL_L_7_CommonFiltered,4,346024.50944,346053.30432,28.794880000001285,346024.50944,346053.30432,28.794880000001285,4,8.133245668096507,RankSurprise
microCMCL_L_7_CommonFiltered,4,349469.81888,349987.59424,517.7753600000287,349469.81888,349987.59424,517.7753600000287,7,3.9581978185122106,RankSurprise
microCMCL_L_7_CommonFiltered,4,351381.66784,351408.5376,26.869759999972302,351381.66784,351408.5376,26.869759999972302,3,5.0526205965633615,RankSurprise
microCMCL_L_7_CommonFiltered,4,356295.02464,356635.648,340.62335999996867,356295.02464,356635.648,340.62335999996867,6,4.142693513205994,RankSurprise
microCMCL_L_7_CommonFiltered,4,371342.29504,371413.1968,70.90175999997882,371342.29504,371413.1968,70.90175999997882,4,5.732158643042496,RankSurprise
microCMCL_L_7_CommonFiltered,4,372524.68736,372689.87904,165.1916800000472,372524.68736,372689.87904,165.1916800000472,4,3.6582649598713353,RankSurprise
microCMCL_L_7_CommonFiltered,4,385249.36192,385650.03264,400.6707199999946,385249.36192,385650.03264,400.6707199999946,6,3.6674539181212453,RankSurprise
microCMCL_L_7_CommonFiltered,4,390339.09248,390389.59616,50.50368000002345,390339.09248,390389.59616,50.50368000002345,6,12.608778440915973,RankSurprise
microCMCL_L_7_CommonFiltered,4,393636.33152,394412.4416,776.1100800000131,393636.33152,394412.4416,776.1100800000131,9,4.630413559740914,RankSurprise
microCMCL_L_7_CommonFiltered,4,395087.29856,395795.16928,707.870719999948,395087.29856,395795.16928,707.870719999948,9,5.783352956028864,RankSurprise
microCMCL_L_7_CommonFiltered,4,401125.62176,401824.48128,698.8595199999982,401125.62176,401824.48128,698.8595199999982,14,12.619292743485568,RankSurprise
microCMCL_L_7_CommonFiltered,4,404715.64288,406905.2416,2189.598720000009,404715.64288,406905.2416,2189.598720000009,23,9.562972298328502,RankSurprise
microCMCL_L_7_CommonFiltered,4,408130.72384,408490.43456,359.71072000003187,408130.72384,408490.43456,359.71072000003187,6,4.094918560291591,RankSurprise
microCMCL_L_7_CommonFiltered,4,411808.11264,411965.60384,157.49119999998948,411808.11264,411965.60384,157.49119999998948,4,3.5977679171979027,RankSurprise
microCMCL_L_7_CommonFiltered,4,413179.98592,413323.22304,143.23712000000523,413179.98592,413323.22304,143.23712000000523,5,5.747161824230467,RankSurprise
microCMCL_L_7_CommonFiltered,4,419609.72288,419755.13088,145.4079999999958,419609.72288,419755.13088,145.4079999999958,4,3.739921855560766,RankSurprise
microCMCL_L_7_CommonFiltered,4,420252.18048,420351.63136,99.45088000001851,420252.18048,420351.63136,99.45088000001851,7,12.169417296748414,RankSurprise
microCMCL_L_7_CommonFiltered,4,428420.46464,428449.34144,28.87679999996908,428420.46464,428449.34144,28.87679999996908,3,5.03511493052177,RankSurprise
microCMCL_L_7_CommonFiltered,4,430760.96,432348.32384,1587.3638400000054,430760.96,432348.32384,1587.3638400000054,14,3.6452351654192148,RankSurprise
microCMCL_L_7_CommonFiltered,4,436249.1904,437577.76896,1328.5785599999945,436249.1904,437577.76896,1328.5785599999945,14,6.887646970375154,RankSurprise
microCMCL_L_7_CommonFiltered,4,447557.4272,449152.73728,1595.3100800000248,447557.4272,449152.73728,1595.3100800000248,17,6.4886270598613045,RankSurprise
microCMCL_L_7_CommonFiltered,4,450003.5584,450160.2304,156.6720000000205,450003.5584,450160.2304,156.6720000000205,4,3.6638256690034794,RankSurprise
microCMCL_L_7_CommonFiltered,4,455951.1552,456597.0944,645.9392000000225,455951.1552,456597.0944,645.9392000000225,8,5.32287885467194,RankSurprise
microCMCL_L_7_CommonFiltered,4,457945.00608,457989.40672,44.400640000007115,457945.00608,457989.40672,44.400640000007115,3,4.342347544877139,RankSurprise
microCMCL_L_7_CommonFiltered,4,464327.76192,464356.80256,29.040639999962877,464327.76192,464356.80256,29.040639999962877,3,4.94148038616656,RankSurprise
microCMCL_L_7_CommonFiltered,4,465778.15552,465816.9856,38.83008000004338,465778.15552,465816.9856,38.83008000004338,3,4.398601390586659,RankSurprise
microCMCL_L_7_CommonFiltered,4,530488.89344,530507.20256,18.3091199999908,530488.89344,530507.20256,18.3091199999908,3,5.89233464295749,RankSurprise
microCMCL_L_7_CommonFiltered,4,568986.8288,569133.09696,146.2681599999778,568986.8288,569133.09696,146.2681599999778,4,3.7030419364998792,RankSurprise
microCMCL_L_7_CommonFiltered,4,584977.94048,585152.26624,174.3257600000361,584977.94048,585152.26624,174.3257600000361,5,5.505218846696227,RankSurprise
microCMCL_L_7_CommonFiltered,4,604696.24832,605243.1872,546.9388800000306,604696.24832,605243.1872,546.9388800000306,7,4.270387870166943,RankSurprise
microCMCL_L_9_CommonFiltered,0,6629.62176,6995.51744,365.89567999999963,6629.62176,6995.51744,365.89567999999963,5,3.794033315936396,RankSurprise
microCMCL_L_9_CommonFiltered,0,17738.21952,17879.94112,141.72160000000076,17738.21952,17879.94112,141.72160000000076,4,4.853386812341828,RankSurprise
microCMCL_L_9_CommonFiltered,0,28153.07776,28284.928,131.85023999999976,28153.07776,28284.928,131.85023999999976,4,5.00808807733867,RankSurprise
microCMCL_L_9_CommonFiltered,0,63059.06688,63461.33504,402.2681599999996,63059.06688,63461.33504,402.2681599999996,5,3.6061651585173706,RankSurprise
microCMCL_L_9_CommonFiltered,0,68519.15776,68845.03552,325.87776000000304,68519.15776,68845.03552,325.87776000000304,5,4.240650902854611,RankSurprise
microCMCL_L_9_CommonFiltered,0,77357.34272,77508.52608,151.18335999999545,77357.34272,77508.52608,151.18335999999545,4,4.686536424169347,RankSurprise
microCMCL_L_9_CommonFiltered,0,119970.07872,120416.95232,446.8735999999917,119970.07872,120416.95232,446.8735999999917,5,3.5978318171464707,RankSurprise
microCMCL_L_9_CommonFiltered,0,140000.256,140072.5504,72.29440000001341,140000.256,140072.5504,72.29440000001341,3,4.113606995460422,RankSurprise
microCMCL_L_9_CommonFiltered,0,144432.70144,144568.40192,135.70047999999952,144432.70144,144568.40192,135.70047999999952,5,7.477459822556657,RankSurprise
microCMCL_L_9_CommonFiltered,0,145552.30208,146183.41376,631.1116800000018,145552.30208,146183.41376,631.1116800000018,7,4.3144192778353565,RankSurprise
microCMCL_L_9_CommonFiltered,0,154591.72352,154943.61088,351.88735999999335,154591.72352,154943.61088,351.88735999999335,6,5.669831496401017,RankSurprise
microCMCL_L_9_CommonFiltered,0,156993.41312,157044.61312,51.19999999998254,156993.41312,157044.61312,51.19999999998254,3,4.750948942359839,RankSurprise
microCMCL_L_9_CommonFiltered,0,157821.70624,157903.79008,82.0838400000066,157821.70624,157903.79008,82.0838400000066,3,3.842661262259824,RankSurprise
microCMCL_L_9_CommonFiltered,0,160705.37216,161404.68224,699.3100799999957,160705.37216,161404.68224,699.3100799999957,11,10.678184026409319,RankSurprise
microCMCL_L_9_CommonFiltered,0,170035.24096,170156.72832,121.48735999999917,170035.24096,170156.72832,121.48735999999917,4,5.313241401736658,RankSurprise
microCMCL_L_9_CommonFiltered,0,172368.40448,173713.12128,1344.7167999999947,172368.40448,173713.12128,1344.7167999999947,10,3.7478078748082133,RankSurprise
microCMCL_L_9_CommonFiltered,0,187458.23232,187831.78752,373.5552000000025,187458.23232,187831.78752,373.5552000000025,6,5.262171522546119,RankSurprise
microCMCL_L_9_CommonFiltered,0,190991.72864,191990.66112,998.9324800000177,190991.72864,191990.66112,998.9324800000177,11,7.354613600441031,RankSurprise
microCMCL_L_9_CommonFiltered,0,202508.82048,203530.73152,1021.9110400000063,202508.82048,203530.73152,1021.9110400000063,10,5.661931495469057,RankSurprise
microCMCL_L_9_CommonFiltered,0,205558.9888,206261.57568,702.5868800000171,205558.9888,206261.57568,702.5868800000171,7,4.429695158337844,RankSurprise
microCMCL_L_9_CommonFiltered,0,207969.60768,208215.6544,246.046720000013,207969.60768,208215.6544,246.046720000013,5,5.12305566936066,RankSurprise
microCMCL_L_9_CommonFiltered,0,229809.3568,232028.16,2218.803199999995,229809.3568,232028.16,2218.803199999995,17,7.742261542547692,RankSurprise
microCMCL_L_9_CommonFiltered,0,243435.06944,244100.096,665.0265599999984,243435.06944,244100.096,665.0265599999984,7,4.113127966850257,RankSurprise
microCMCL_L_9_CommonFiltered,0,247460.70016,247771.21792,310.5177599999879,247460.70016,247771.21792,310.5177599999879,6,6.069114156695754,RankSurprise
microCMCL_L_9_CommonFiltered,0,253643.81696,254495.41632,851.5993599999929,253643.81696,254495.41632,851.5993599999929,8,4.31797209575041,RankSurprise
microCMCL_L_9_CommonFiltered,0,262275.31776,262534.79936,259.48159999999916,262275.31776,262534.79936,259.48159999999916,4,3.777127753338849,RankSurprise
microCMCL_L_9_CommonFiltered,0,276046.97088,276408.48384,361.51296000002185,276046.97088,276408.48384,361.51296000002185,5,3.791119985398037,RankSurprise
microCMCL_L_9_CommonFiltered,0,282597.53984,282648.53504,50.99520000000484,282597.53984,282648.53504,50.99520000000484,3,4.750948942359839,RankSurprise
microCMCL_L_9_CommonFiltered,0,286016.9216,286224.7936,207.87199999997392,286016.9216,286224.7936,207.87199999997392,5,5.789057472137149,RankSurprise
microCMCL_L_9_CommonFiltered,0,304578.27328,304627.42528,49.15200000000186,304578.27328,304627.42528,49.15200000000186,3,4.808784633570749,RankSurprise
microCMCL_L_9_CommonFiltered,0,307836.43648,307848.6016,12.16512000001967,307836.43648,307848.6016,12.16512000001967,3,7.686893297534857,RankSurprise
microCMCL_L_9_CommonFiltered,0,324302.47936,324455.17824,152.69887999998173,324302.47936,324455.17824,152.69887999998173,4,4.751162073809613,RankSurprise
microCMCL_L_9_CommonFiltered,0,328994.44736,329057.19808,62.750720000010915,328994.44736,329057.19808,62.750720000010915,3,4.355661077178592,RankSurprise
microCMCL_L_9_CommonFiltered,0,345730.12992,345749.95456,19.824640000006184,345730.12992,345749.95456,19.824640000006184,3,6.673438817207053,RankSurprise
microCMCL_L_9_CommonFiltered,0,350620.30336,350801.5104,181.20704000000842,350620.30336,350801.5104,181.20704000000842,4,4.201685031609706,RankSurprise
microCMCL_L_9_CommonFiltered,0,354727.81312,354978.57024,250.75711999996565,354727.81312,354978.57024,250.75711999996565,5,5.1597906692385465,RankSurprise
microCMCL_L_9_CommonFiltered,0,359264.37888,360092.54912,828.1702400000067,359264.37888,360092.54912,828.1702400000067,7,3.703998827273056,RankSurprise
microCMCL_L_9_CommonFiltered,0,367923.97824,367999.50848,75.53023999999277,367923.97824,367999.50848,75.53023999999277,5,9.86982535216417,RankSurprise
microCMCL_L_9_CommonFiltered,0,368254.976,369351.55712,1096.581119999988,368254.976,369351.55712,1096.581119999988,9,4.066460824728483,RankSurprise
microCMCL_L_9_CommonFiltered,0,370785.60768,371325.66528,540.0576000000001,370785.60768,371325.66528,540.0576000000001,6,3.913510660736911,RankSurprise
microCMCL_L_9_CommonFiltered,0,372079.57504,373499.78112,1420.2060799999745,372079.57504,373499.78112,1420.2060799999745,12,5.602271327947854,RankSurprise
microCMCL_L_9_CommonFiltered,0,375461.64224,375557.65248,96.01023999997415,375461.64224,375557.65248,96.01023999997415,3,3.5460287196778637,RankSurprise
microCMCL_L_9_CommonFiltered,0,377350.02112,377382.66624,32.64512000000104,377350.02112,377382.66624,32.64512000000104,3,5.691915360765853,RankSurprise
microCMCL_L_9_CommonFiltered,0,384916.15232,386770.41152,1854.2592000000295,384916.15232,386770.41152,1854.2592000000295,13,4.747323920609689,RankSurprise
microCMCL_L_9_CommonFiltered,0,388862.23872,391381.31968,2519.080959999992,388862.23872,391381.31968,2519.080959999992,15,3.6910416959946097,RankSurprise
microCMCL_L_9_CommonFiltered,0,394807.00928,395843.54304,1036.5337600000203,394807.00928,395843.54304,1036.5337600000203,11,6.995767546951941,RankSurprise
microCMCL_L_9_CommonFiltered,0,405343.232,405765.69344,422.4614399999846,405343.232,405765.69344,422.4614399999846,6,4.706946665682703,RankSurprise
microCMCL_L_9_CommonFiltered,0,413160.28416,413299.22048,138.93632000003709,413160.28416,413299.22048,138.93632000003709,5,7.441029547155946,RankSurprise
microCMCL_L_9_CommonFiltered,0,416753.29536,416842.58816,89.29279999999562,416753.29536,416842.58816,89.29279999999562,3,3.6638675604627515,RankSurprise
microCMCL_L_9_CommonFiltered,0,420055.2448,420143.9232,88.67840000003343,420055.2448,420143.9232,88.67840000003343,4,6.146139641443359,RankSurprise
microCMCL_L_9_CommonFiltered,0,446568.07936,446664.78592,96.70656000002054,446568.07936,446664.78592,96.70656000002054,3,3.5408339028007596,RankSurprise
microCMCL_L_9_CommonFiltered,0,449064.7552,449146.42944,81.6742399999639,449064.7552,449146.42944,81.6742399999639,3,3.842661262259824,RankSurprise
microCMCL_L_9_CommonFiltered,0,469482.61888,470134.29248,651.6735999999801,469482.61888,470134.29248,651.6735999999801,9,7.667098626717712,RankSurprise
microCMCL_L_9_CommonFiltered,0,476284.88704,476471.95136,187.06432000000495,476284.88704,476471.95136,187.06432000000495,4,4.1232220980871475,RankSurprise
microCMCL_L_9_CommonFiltered,0,482026.16832,482123.40736,97.23904000001494,482026.16832,482123.40736,97.23904000001494,4,5.952523216913782,RankSurprise
microCMCL_L_9_CommonFiltered,0,489262.20288,489293.16864,30.96575999999186,489262.20288,489293.16864,30.96575999999186,3,5.801319303646036,RankSurprise
microCMCL_L_9_CommonFiltered,0,495878.51264,495912.67328,34.16064000001643,495878.51264,495912.67328,34.16064000001643,3,5.531242918692207,RankSurprise
microCMCL_L_9_CommonFiltered,0,565632.6144,565876.85888,244.24447999999393,565632.6144,565876.85888,244.24447999999393,6,7.211133677757289,RankSurprise
microCMCL_L_9_CommonFiltered,0,595126.76352,595217.69472,90.9311999999918,595126.76352,595217.69472,90.9311999999918,4,6.210832488593329,RankSurprise
microCMCL_L_9_CommonFiltered,0,598785.14688,598986.1376,200.9907200000016,598785.14688,598986.1376,200.9907200000016,5,5.945652685785241,RankSurprise
microCMCL_L_9_CommonFiltered,0,611808.21504,612547.87072,739.6556799999671,611808.21504,612547.87072,739.6556799999671,7,4.0767040737095686,RankSurprise
microCMCL_L_9_CommonFiltered,2,98714.91072,98803.42528,88.51455999999598,98714.91072,98803.42528,88.51455999999598,3,3.536499441786626,RankSurprise
microCMCL_L_9_CommonFiltered,2,110345.05216,110404.93568,59.88351999998849,110345.05216,110404.93568,59.88351999998849,3,4.26396331275374,RankSurprise
microCMCL_L_9_CommonFiltered,2,119781.1712,119983.5136,202.34240000000864,119781.1712,119983.5136,202.34240000000864,4,3.6501200264108355,RankSurprise
microCMCL_L_9_CommonFiltered,2,148624.5888,148716.50304,91.9142400000128,148624.5888,148716.50304,91.9142400000128,4,5.838070369387367,RankSurprise
microCMCL_L_9_CommonFiltered,2,154682.53184,155116.62592,434.09407999998075,154682.53184,155116.62592,434.09407999998075,7,6.014035874900569,RankSurprise
microCMCL_L_9_CommonFiltered,2,159211.52,159579.05408,367.5340800000122,159211.52,159579.05408,367.5340800000122,5,4.022541776882921,RankSurprise
microCMCL_L_9_CommonFiltered,2,161065.12384,161088.34816,23.224320000008447,161065.12384,161088.34816,23.224320000008447,4,9.76514175104613,RankSurprise
microCMCL_L_9_CommonFiltered,2,165935.88224,166144.57344,208.69120000000112,165935.88224,166144.57344,208.69120000000112,4,3.611616794732381,RankSurprise
microCMCL_L_9_CommonFiltered,2,175617.67936,175867.4944,249.81503999998677,175617.67936,175867.4944,249.81503999998677,5,4.752114803201156,RankSurprise
microCMCL_L_9_CommonFiltered,2,182552.33024,183291.04384,738.7135999999882,182552.33024,183291.04384,738.7135999999882,8,4.8300574743896245,RankSurprise
microCMCL_L_9_CommonFiltered,2,185617.85856,187360.13312,1742.2745600000198,185617.85856,187360.13312,1742.2745600000198,14,5.650819191309655,RankSurprise
microCMCL_L_9_CommonFiltered,2,199572.19328,200074.15808,501.964799999987,199572.19328,200074.15808,501.964799999987,6,3.9718105439683176,RankSurprise
microCMCL_L_9_CommonFiltered,2,207594.0864,209336.48384,1742.3974400000006,207594.0864,209336.48384,1742.3974400000006,13,4.7039594967103096,RankSurprise
microCMCL_L_9_CommonFiltered,2,222850.08896,226178.33472,3328.24576000002,222850.08896,226178.33472,3328.24576000002,24,7.718573300187622,RankSurprise
microCMCL_L_9_CommonFiltered,2,227592.02816,227609.96864,17.940480000019306,227592.02816,227609.96864,17.940480000019306,3,6.379980221017339,RankSurprise
microCMCL_L_9_CommonFiltered,2,229873.82784,229878.25152,4.423679999978049,229873.82784,229878.25152,4.423679999978049,3,8.972229547667158,RankSurprise
microCMCL_L_9_CommonFiltered,2,244484.7104,244637.98272,153.27231999998912,244484.7104,244637.98272,153.27231999998912,4,4.284237880644305,RankSurprise
microCMCL_L_9_CommonFiltered,2,269929.8816,270052.80256,122.92095999995945,269929.8816,270052.80256,122.92095999995945,4,5.094559930326518,RankSurprise
microCMCL_L_9_CommonFiltered,2,271759.07328,271804.53888,45.4655999999959,271759.07328,271804.53888,45.4655999999959,3,4.737203291338011,RankSurprise
microCMCL_L_9_CommonFiltered,2,272686.61248,272805.72416,119.1116799999727,272686.61248,272805.72416,119.1116799999727,4,4.991809960252173,RankSurprise
microCMCL_L_9_CommonFiltered,2,283528.15104,283583.32416,55.173119999992196,283528.15104,283583.32416,55.173119999992196,3,4.348632303968715,RankSurprise
microCMCL_L_9_CommonFiltered,2,297841.37728,297905.84832,64.47103999997489,297841.37728,297905.84832,64.47103999997489,3,4.0730284382816695,RankSurprise
microCMCL_L_9_CommonFiltered,2,315567.39072,316012.01152,444.62079999997513,315567.39072,316012.01152,444.62079999997513,6,4.129040139664353,RankSurprise
microCMCL_L_9_CommonFiltered,2,321441.87392,322348.48256,906.6086399999913,321441.87392,322348.48256,906.6086399999913,10,5.893541685117272,RankSurprise
microCMCL_L_9_CommonFiltered,2,330357.3504,330811.96544,454.6150400000042,330357.3504,330811.96544,454.6150400000042,6,4.278435257030093,RankSurprise
microCMCL_L_9_CommonFiltered,2,335017.65632,335087.0016,69.34528000000864,335017.65632,335087.0016,69.34528000000864,3,4.005120518620794,RankSurprise
microCMCL_L_9_CommonFiltered,2,339523.05152,339846.38976,323.33824000001187,339523.05152,339846.38976,323.33824000001187,9,11.772806484290498,RankSurprise
microCMCL_L_9_CommonFiltered,2,341322.50624,341396.76672,74.26047999999719,341322.50624,341396.76672,74.26047999999719,3,3.7544367067883435,RankSurprise
microCMCL_L_9_CommonFiltered,2,348292.34176,348382.94528,90.60352000000421,348292.34176,348382.94528,90.60352000000421,5,8.48047204236936,RankSurprise
microCMCL_L_9_CommonFiltered,2,353152.57344,353323.2128,170.63935999997193,353152.57344,353323.2128,170.63935999997193,4,4.087382493165933,RankSurprise
microCMCL_L_9_CommonFiltered,2,354659.20512,354668.83072,9.625600000028498,354659.20512,354668.83072,9.625600000028498,3,7.678735291713142,RankSurprise
microCMCL_L_9_CommonFiltered,2,357414.01088,358083.09248,669.0815999999759,357414.01088,358083.09248,669.0815999999759,9,6.490680848674566,RankSurprise
microCMCL_L_9_CommonFiltered,2,361702.23616,361923.21536,220.97920000000158,361702.23616,361923.21536,220.97920000000158,5,5.107505712848781,RankSurprise
microCMCL_L_9_CommonFiltered,2,371370.96704,371676.16,305.19295999995666,371370.96704,371676.16,305.19295999995666,8,9.711157414124358,RankSurprise
microCMCL_L_9_CommonFiltered,2,375424.24576,375641.25184,217.00607999996282,375424.24576,375641.25184,217.00607999996282,4,3.592548919665198,RankSurprise
microCMCL_L_9_CommonFiltered,2,376554.20928,376645.59104,91.3817600000184,376554.20928,376645.59104,91.3817600000184,4,5.765299200500301,RankSurprise
microCMCL_L_9_CommonFiltered,2,378784.89088,378913.50528,128.6143999999622,378784.89088,378913.50528,128.6143999999622,4,4.7915725674881315,RankSurprise
microCMCL_L_9_CommonFiltered,2,383320.59648,383401.53344,80.93696000002092,383320.59648,383401.53344,80.93696000002092,4,6.1630950062859,RankSurprise
microCMCL_L_9_CommonFiltered,2,384961.04448,385030.22592,69.18144000001485,384961.04448,385030.22592,69.18144000001485,3,3.9102877317576077,RankSurprise
microCMCL_L_9_CommonFiltered,2,390274.29376,390489.37472,215.08096000005025,390274.29376,390489.37472,215.08096000005025,5,5.244989569831638,RankSurprise
microCMCL_L_9_CommonFiltered,2,393599.50848,395235.86048,1636.3519999999553,393599.50848,395235.86048,1636.3519999999553,18,10.348511172395897,RankSurprise
microCMCL_L_9_CommonFiltered,2,396173.7216,397214.9248,1041.203199999989,396173.7216,397214.9248,1041.203199999989,12,7.2048335792151645,RankSurprise
microCMCL_L_9_CommonFiltered,2,400186.81856,400226.95936,40.14079999999376,400186.81856,400226.95936,40.14079999999376,3,4.9689449509606884,RankSurprise
microCMCL_L_9_CommonFiltered,2,405617.99168,406317.09696,699.105280000018,405617.99168,406317.09696,699.105280000018,10,7.656409567566117,RankSurprise
microCMCL_L_9_CommonFiltered,2,411364.67968,411570.66752,205.98784000001615,411364.67968,411570.66752,205.98784000001615,4,3.7519361193255563,RankSurprise
microCMCL_L_9_CommonFiltered,2,411570.66752,411573.61664,2.9491200000047684,411570.66752,411573.61664,2.9491200000047684,3,9.560016212569277,RankSurprise
microCMCL_L_9_CommonFiltered,2,423599.88224,424001.45408,401.5718399999896,423599.88224,424001.45408,401.5718399999896,6,4.784597386696113,RankSurprise
microCMCL_L_9_CommonFiltered,2,427701.32992,427776.04096,74.71104000002379,427701.32992,427776.04096,74.71104000002379,4,6.316190111244254,RankSurprise
microCMCL_L_9_CommonFiltered,2,434592.27648,434664.36608,72.08960000000661,434592.27648,434664.36608,72.08960000000661,3,3.8197487536880406,RankSurprise
microCMCL_L_9_CommonFiltered,2,438416.7936,438474.62912,57.83552000002237,438416.7936,438474.62912,57.83552000002237,3,4.31291695526534,RankSurprise
microCMCL_L_9_CommonFiltered,2,448570.5728,448610.05824,39.48543999996036,448570.5728,448610.05824,39.48543999996036,3,5.059413206219617,RankSurprise
microCMCL_L_9_CommonFiltered,2,454765.44512,454919.20896,153.76384000002872,454765.44512,454919.20896,153.76384000002872,4,4.448213322528662,RankSurprise
microCMCL_L_9_CommonFiltered,2,460168.56064,460369.1008,200.5401600000332,460168.56064,460369.1008,200.5401600000332,4,3.679325255504093,RankSurprise
microCMCL_L_9_CommonFiltered,2,478245.2736,478461.70624,216.43264000001363,478245.2736,478461.70624,216.43264000001363,4,3.5704551685749557,RankSurprise
microCMCL_L_9_CommonFiltered,2,510224.09728,510312.16128,88.06400000001304,510224.09728,510312.16128,88.06400000001304,4,5.864976469514573,RankSurprise
microCMCL_L_9_CommonFiltered,2,535678.5664,535745.57696,67.01055999996606,535678.5664,535745.57696,67.01055999996606,3,3.980987440889548,RankSurprise
microCMCL_L_9_CommonFiltered,2,553116.42624,553272.32,155.8937600000063,553116.42624,553272.32,155.8937600000063,4,4.4146933771420755,RankSurprise
microCMCL_L_9_CommonFiltered,2,581259.91936,581312.63488,52.71551999996882,581259.91936,581312.63488,52.71551999996882,3,4.490483277225538,RankSurprise
microCMCL_L_10_CommonFiltered,0,44145.664,44173.55776,27.893760000006296,44145.664,44173.55776,27.893760000006296,3,5.47580365247757,RankSurprise
microCMCL_L_10_CommonFiltered,0,46858.15808,47637.62688,779.4688000000024,46858.15808,47637.62688,779.4688000000024,8,4.035893704592567,RankSurprise
microCMCL_L_10_CommonFiltered,0,55605.28896,55679.5904,74.30144000000291,55605.28896,55679.5904,74.30144000000291,3,3.6397599810007897,RankSurprise
microCMCL_L_10_CommonFiltered,0,59850.38336,59928.41216,78.02880000000005,59850.38336,59928.41216,78.02880000000005,3,3.5763344260326395,RankSurprise
microCMCL_L_10_CommonFiltered,0,110249.86112,110441.6768,191.8156799999997,110249.86112,110441.6768,191.8156799999997,5,5.555236676832507,RankSurprise
microCMCL_L_10_CommonFiltered,0,125846.24128,126170.48064,324.2393599999923,125846.24128,126170.48064,324.2393599999923,6,5.191004416285331,RankSurprise
microCMCL_L_10_CommonFiltered,0,133055.65184,133894.63552,838.9836800000048,133055.65184,133894.63552,838.9836800000048,9,4.601429278154813,RankSurprise
microCMCL_L_10_CommonFiltered,0,146602.43456,146929.90976,327.4752000000153,146602.43456,146929.90976,327.4752000000153,5,3.582888047824241,RankSurprise
microCMCL_L_10_CommonFiltered,0,154701.90592,154893.59872,191.6928000000189,154701.90592,154893.59872,191.6928000000189,4,3.814774086668155,RankSurprise
microCMCL_L_10_CommonFiltered,0,173812.44928,174143.44704,330.9977599999984,173812.44928,174143.44704,330.9977599999984,5,4.055625641785134,RankSurprise
microCMCL_L_10_CommonFiltered,0,190330.22464,190369.25952,39.03487999999197,190330.22464,190369.25952,39.03487999999197,3,4.856258600029136,RankSurprise
microCMCL_L_10_CommonFiltered,0,196034.3552,196067.5328,33.17759999999544,196034.3552,196067.5328,33.17759999999544,3,5.156824573303876,RankSurprise
microCMCL_L_10_CommonFiltered,0,201139.07712,201286.94272,147.86559999999008,201139.07712,201286.94272,147.86559999999008,4,4.51071971273857,RankSurprise
microCMCL_L_10_CommonFiltered,0,204877.78304,205040.55808,162.77503999997862,204877.78304,205040.55808,162.77503999997862,4,4.0437946112496554,RankSurprise
microCMCL_L_10_CommonFiltered,0,209678.45888,211906.7648,2228.3059200000134,209678.45888,211906.7648,2228.3059200000134,20,8.196156304967328,RankSurprise
microCMCL_L_10_CommonFiltered,0,213272.12544,213291.78624,19.660799999983283,213272.12544,213291.78624,19.660799999983283,3,6.171945146084205,RankSurprise
microCMCL_L_10_CommonFiltered,0,214058.35264,215957.74976,1899.3971200000087,214058.35264,215957.74976,1899.3971200000087,15,5.224924995047683,RankSurprise
microCMCL_L_10_CommonFiltered,0,216499.73248,216553.10336,53.37088000000222,216499.73248,216553.10336,53.37088000000222,3,4.286184921455993,RankSurprise
microCMCL_L_10_CommonFiltered,0,227890.5856,227934.08512,43.499520000012126,227890.5856,227934.08512,43.499520000012126,3,4.662948507851658,RankSurprise
microCMCL_L_10_CommonFiltered,0,233286.69696,233314.79552,28.098560000013094,233286.69696,233314.79552,28.098560000013094,3,5.534287851863546,RankSurprise
microCMCL_L_10_CommonFiltered,0,238309.5808,238503.03488,193.45407999999588,238309.5808,238503.03488,193.45407999999588,6,7.397312534286868,RankSurprise
microCMCL_L_10_CommonFiltered,0,242941.87008,244003.79904,1061.9289600000193,242941.87008,244003.79904,1061.9289600000193,12,6.659506481244079,RankSurprise
microCMCL_L_10_CommonFiltered,0,245338.112,245596.5696,258.4575999999943,245338.112,245596.5696,258.4575999999943,7,8.303238637079787,RankSurprise
microCMCL_L_10_CommonFiltered,0,263708.59008,263816.35584,107.76575999998022,263708.59008,263816.35584,107.76575999998022,4,5.121012128467026,RankSurprise
microCMCL_L_10_CommonFiltered,0,271945.03168,271960.76032,15.728639999986626,271945.03168,271960.76032,15.728639999986626,3,6.608063217384718,RankSurprise
microCMCL_L_10_CommonFiltered,0,272502.53824,272561.9712,59.43296000000555,272502.53824,272561.9712,59.43296000000555,3,4.035484033558209,RankSurprise
microCMCL_L_10_CommonFiltered,0,280994.89792,281509.6832,514.785280000011,280994.89792,281509.6832,514.785280000011,7,4.695060772325781,RankSurprise
microCMCL_L_10_CommonFiltered,0,319647.3344,319694.0288,46.69439999997849,319647.3344,319694.0288,46.69439999997849,4,7.519213174231847,RankSurprise
microCMCL_L_10_CommonFiltered,0,323171.1232,323185.95072,14.827520000049844,323171.1232,323185.95072,14.827520000049844,3,6.891151993446055,RankSurprise
microCMCL_L_10_CommonFiltered,0,327098.73664,327186.51392,87.77727999998024,327098.73664,327186.51392,87.77727999998024,4,5.796450246474588,RankSurprise
microCMCL_L_10_CommonFiltered,0,329099.0592,329771.17184,672.1126400000066,329099.0592,329771.17184,672.1126400000066,7,3.6230701702639245,RankSurprise
microCMCL_L_10_CommonFiltered,0,331424.23552,331485.10208,60.866559999994934,331424.23552,331485.10208,60.866559999994934,3,4.075145469503994,RankSurprise
microCMCL_L_10_CommonFiltered,0,338756.73088,339635.52768,878.796800000011,338756.73088,339635.52768,878.796800000011,13,11.90986016869575,RankSurprise
microCMCL_L_10_CommonFiltered,0,341859.90144,342325.16608,465.2646400000085,341859.90144,342325.16608,465.2646400000085,6,3.63164587129421,RankSurprise
microCMCL_L_10_CommonFiltered,0,343305.87136,343323.48416,17.612800000002608,343305.87136,343323.48416,17.612800000002608,3,6.451882617615906,RankSurprise
microCMCL_L_10_CommonFiltered,0,345534.30016,345592.09472,57.79456000000937,345534.30016,345592.09472,57.79456000000937,3,4.150956455874313,RankSurprise
microCMCL_L_10_CommonFiltered,0,350856.56064,350967.1936,110.63296000001719,350856.56064,350967.1936,110.63296000001719,4,5.0125948101156865,RankSurprise
microCMCL_L_10_CommonFiltered,0,355003.31008,355083.59168,80.28159999998752,355003.31008,355083.59168,80.28159999998752,3,3.5365979711814894,RankSurprise
microCMCL_L_10_CommonFiltered,0,359243.03872,359823.31904,580.2803199999616,359243.03872,359823.31904,580.2803199999616,8,6.350575168834072,RankSurprise
microCMCL_L_10_CommonFiltered,0,371469.5168,371606.89664,137.3798400000087,371469.5168,371606.89664,137.3798400000087,4,4.566057314159085,RankSurprise
microCMCL_L_10_CommonFiltered,0,379565.95712,379952.20992,386.2528000000166,379565.95712,379952.20992,386.2528000000166,6,4.460851281693497,RankSurprise
microCMCL_L_10_CommonFiltered,0,386763.03872,386787.86048,24.821759999962524,386763.03872,386787.86048,24.821759999962524,3,5.773568946148163,RankSurprise
microCMCL_L_10_CommonFiltered,0,391415.64416,391447.01952,31.37535999994725,391415.64416,391447.01952,31.37535999994725,3,5.35285896350257,RankSurprise
microCMCL_L_10_CommonFiltered,0,393381.72416,395010.21184,1628.4876800000202,393381.72416,395010.21184,1628.4876800000202,15,5.974516238494113,RankSurprise
microCMCL_L_10_CommonFiltered,0,395798.60992,396803.15392,1004.5439999999944,395798.60992,396803.15392,1004.5439999999944,12,6.8722466252767545,RankSurprise
microCMCL_L_10_CommonFiltered,0,398743.552,398913.04448,169.49247999995714,398743.552,398913.04448,169.49247999995714,4,3.9840580755495054,RankSurprise
microCMCL_L_10_CommonFiltered,0,401732.68992,401793.67936,60.98944000003394,401732.68992,401793.67936,60.98944000003394,3,4.092386991185295,RankSurprise
microCMCL_L_10_CommonFiltered,0,402371.13344,402904.80128,533.6678400000092,402371.13344,402904.80128,533.6678400000092,8,6.35327650001552,RankSurprise
microCMCL_L_10_CommonFiltered,0,407017.39008,407080.71424,63.32416000001831,407017.39008,407080.71424,63.32416000001831,3,4.075145469503994,RankSurprise
microCMCL_L_10_CommonFiltered,0,415342.01856,415355.16672,13.148159999982454,415342.01856,415355.16672,13.148159999982454,3,7.011674756843558,RankSurprise
microCMCL_L_10_CommonFiltered,0,416318.79168,416447.97952,129.18783999996958,416318.79168,416447.97952,129.18783999996958,4,4.634654871116727,RankSurprise
microCMCL_L_10_CommonFiltered,0,443177.94304,443465.97376,288.03072000003885,443177.94304,443465.97376,288.03072000003885,5,4.159423938649724,RankSurprise
microCMCL_L_10_CommonFiltered,0,446058.94656,446825.79968,766.8531199999852,446058.94656,446825.79968,766.8531199999852,10,6.980423407340139,RankSurprise
microCMCL_L_10_CommonFiltered,0,447810.39616,448117.9648,307.56864000001224,447810.39616,448117.9648,307.56864000001224,5,3.8234174759293786,RankSurprise
microCMCL_L_10_CommonFiltered,0,454819.26656,454852.36224,33.095679999969434,454819.26656,454852.36224,33.095679999969434,3,5.226832158221374,RankSurprise
microCMCL_L_10_CommonFiltered,0,465554.75968,465609.76896,55.0092799999984,465554.75968,465609.76896,55.0092799999984,3,4.286184921455993,RankSurprise
microCMCL_L_10_CommonFiltered,0,470725.632,470827.33568,101.70368000003509,470725.632,470827.33568,101.70368000003509,4,5.365944549671614,RankSurprise
microCMCL_L_10_CommonFiltered,0,491459.70688,491532.9024,73.1955200000084,491459.70688,491532.9024,73.1955200000084,3,3.686327922033504,RankSurprise
microCMCL_L_10_CommonFiltered,0,493505.90464,494098.39104,592.4863999999943,493505.90464,494098.39104,592.4863999999943,7,4.239445635628751,RankSurprise
microCMCL_L_10_CommonFiltered,0,509626.9824,509704.23296,77.25056000001496,509626.9824,509704.23296,77.25056000001496,3,3.681622030996092,RankSurprise
microCMCL_L_10_CommonFiltered,0,549749.06368,549792.1536,43.08991999994032,549749.06368,549792.1536,43.08991999994032,4,7.775400786156581,RankSurprise
microCMCL_L_10_CommonFiltered,0,564566.13888,566116.67968,1550.5407999999588,564566.13888,566116.67968,1550.5407999999588,12,3.7333723278574826,RankSurprise
microCMCL_L_10_CommonFiltered,0,580259.0208,580330.98752,71.9667199999094,580259.0208,580330.98752,71.9667199999094,3,3.787799106282046,RankSurprise
microCMCL_L_10_CommonFiltered,0,604436.43904,604493.6192,57.18015999998897,604436.43904,604493.6192,57.18015999998897,3,4.086623286468544,RankSurprise
microCMCL_L_10_CommonFiltered,0,610264.51456,610337.30048,72.7859199999366,610264.51456,610337.30048,72.7859199999366,3,3.768070186343124,RankSurprise
microCMCL_L_10_CommonFiltered,1,11475.3536,11575.0912,99.73760000000038,11475.3536,11575.0912,99.73760000000038,4,4.914045959177216,RankSurprise
microCMCL_L_10_CommonFiltered,1,37971.43552,38351.62624,380.1907199999987,37971.43552,38351.62624,380.1907199999987,6,3.6450243068645327,RankSurprise
microCMCL_L_10_CommonFiltered,1,92899.86048,93060.58752,160.72703999999794,92899.86048,93060.58752,160.72703999999794,4,3.526174361990659,RankSurprise
microCMCL_L_10_CommonFiltered,1,112677.02784,112714.83392,37.80608000000939,112677.02784,112714.83392,37.80608000000939,4,7.346843549636688,RankSurprise
microCMCL_L_10_CommonFiltered,1,129586.13504,129763.98336,177.8483200000046,129586.13504,129763.98336,177.8483200000046,6,7.059636474713841,RankSurprise
microCMCL_L_10_CommonFiltered,1,130742.23104,130802.36032,60.12928000000829,130742.23104,130802.36032,60.12928000000829,3,3.794145336138131,RankSurprise
microCMCL_L_10_CommonFiltered,1,134034.96448,134163.456,128.4915200000105,134034.96448,134163.456,128.4915200000105,4,4.350785222209733,RankSurprise
microCMCL_L_10_CommonFiltered,1,135124.95104,135719.69024,594.7391999999818,135124.95104,135719.69024,594.7391999999818,8,4.609540472001422,RankSurprise
microCMCL_L_10_CommonFiltered,1,139812.08576,139871.06816,58.982400000008056,139812.08576,139871.06816,58.982400000008056,3,3.7425849560798454,RankSurprise
microCMCL_L_10_CommonFiltered,1,144507.74016,145801.05216,1293.3120000000054,144507.74016,145801.05216,1293.3120000000054,14,5.723986542250408,RankSurprise
microCMCL_L_10_CommonFiltered,1,148586.82368,148717.28128,130.45759999999427,148586.82368,148717.28128,130.45759999999427,4,4.104412902988898,RankSurprise
microCMCL_L_10_CommonFiltered,1,157601.62816,157609.984,8.355840000003809,157601.62816,157609.984,8.355840000003809,3,7.134166620773726,RankSurprise
microCMCL_L_10_CommonFiltered,1,162143.19104,164024.5248,1881.3337600000086,162143.19104,164024.5248,1881.3337600000086,17,5.398428856491142,RankSurprise
microCMCL_L_10_CommonFiltered,1,169634.24256,169796.64896,162.40639999997802,169634.24256,169796.64896,162.40639999997802,4,3.7199546323888626,RankSurprise
microCMCL_L_10_CommonFiltered,1,174156.3904,174755.75808,599.3676799999957,174156.3904,174755.75808,599.3676799999957,8,5.512754178978839,RankSurprise
microCMCL_L_10_CommonFiltered,1,180195.40992,180754.14528,558.7353599999915,180195.40992,180754.14528,558.7353599999915,8,4.5541720837019195,RankSurprise
microCMCL_L_10_CommonFiltered,1,199973.888,200244.79744,270.90943999998854,199973.888,200244.79744,270.90943999998854,5,3.576784904100929,RankSurprise
microCMCL_L_10_CommonFiltered,1,203223.32672,203265.26976,41.94303999998374,203223.32672,203265.26976,41.94303999998374,3,4.447168691388267,RankSurprise
microCMCL_L_10_CommonFiltered,1,213686.19008,213751.6032,65.41312000001199,213686.19008,213751.6032,65.41312000001199,3,3.564148369536518,RankSurprise
microCMCL_L_10_CommonFiltered,1,219479.61344,219810.6112,330.9977600000275,219479.61344,219810.6112,330.9977600000275,6,4.548602054754336,RankSurprise
microCMCL_L_10_CommonFiltered,1,221382.00064,222735.64672,1353.6460799999768,221382.00064,222735.64672,1353.6460799999768,16,8.421500385903776,RankSurprise
microCMCL_L_10_CommonFiltered,1,225951.744,226028.38016,76.63615999999456,225951.744,226028.38016,76.63615999999456,4,5.593297567862013,RankSurprise
microCMCL_L_10_CommonFiltered,1,230223.33952,231362.23232,1138.8928000000014,230223.33952,231362.23232,1138.8928000000014,13,6.698841807150797,RankSurprise
microCMCL_L_10_CommonFiltered,1,236268.21632,236573.0816,304.86527999999817,236268.21632,236573.0816,304.86527999999817,7,7.041185841634636,RankSurprise
microCMCL_L_10_CommonFiltered,1,242009.21088,242409.22624,400.0153599999903,242009.21088,242409.22624,400.0153599999903,6,3.7259733752661335,RankSurprise
microCMCL_L_10_CommonFiltered,1,247371.20256,247413.63712,42.434559999994235,247371.20256,247413.63712,42.434559999994235,3,4.441144576784886,RankSurprise
microCMCL_L_10_CommonFiltered,1,248449.88416,248559.65696,109.7728000000061,248449.88416,248559.65696,109.7728000000061,4,4.651378011616558,RankSurprise
microCMCL_L_10_CommonFiltered,1,257376.0512,257937.57184,561.5206400000025,257376.0512,257937.57184,561.5206400000025,8,4.3791683807468,RankSurprise
microCMCL_L_10_CommonFiltered,1,259904.83968,260057.7024,152.86272000000463,259904.83968,260057.7024,152.86272000000463,4,3.64966938671407,RankSurprise
microCMCL_L_10_CommonFiltered,1,265516.93312,265574.15424,57.221120000001974,265516.93312,265574.15424,57.221120000001974,3,3.776810429369327,RankSurprise
microCMCL_L_10_CommonFiltered,1,274462.80192,274605.50656,142.70464000001084,274462.80192,274605.50656,142.70464000001084,5,5.843145504378754,RankSurprise
microCMCL_L_10_CommonFiltered,1,283180.6464,283222.016,41.369599999976344,283180.6464,283222.016,41.369599999976344,3,4.393593940788094,RankSurprise
microCMCL_L_10_CommonFiltered,1,288264.68352,289267.58912,1002.9055999999982,288264.68352,289267.58912,1002.9055999999982,11,4.608435323091541,RankSurprise
microCMCL_L_10_CommonFiltered,1,300270.1824,300757.6064,487.42399999999907,300270.1824,300757.6064,487.42399999999907,9,7.00338528449357,RankSurprise
microCMCL_L_10_CommonFiltered,1,317263.17568,317528.84224,265.6665600000415,317263.17568,317528.84224,265.6665600000415,6,5.19868349024096,RankSurprise
microCMCL_L_10_CommonFiltered,1,320947.24096,321076.30592,129.0649599999888,320947.24096,321076.30592,129.0649599999888,5,6.212001332577561,RankSurprise
microCMCL_L_10_CommonFiltered,1,322547.99872,323139.50208,591.5033600000315,322547.99872,323139.50208,591.5033600000315,9,5.514802893741653,RankSurprise
microCMCL_L_10_CommonFiltered,1,329583.32928,329911.41888,328.0896000000066,329583.32928,329911.41888,328.0896000000066,8,7.5549886954055365,RankSurprise
microCMCL_L_10_CommonFiltered,1,332386.9184,332669.87008,282.9516799999983,332386.9184,332669.87008,282.9516799999983,7,6.732154493706112,RankSurprise
microCMCL_L_10_CommonFiltered,1,336926.9248,337731.62496,804.7001600000076,336926.9248,337731.62496,804.7001600000076,11,5.9906280133878855,RankSurprise
microCMCL_L_10_CommonFiltered,1,342615.6544,342688.60416,72.9497599999886,342615.6544,342688.60416,72.9497599999886,4,5.703493800532556,RankSurprise
microCMCL_L_10_CommonFiltered,1,345500.91776,345628.22144,127.30368000001181,345500.91776,345628.22144,127.30368000001181,4,4.276945162179164,RankSurprise
microCMCL_L_10_CommonFiltered,1,347743.27296,347870.45376,127.18080000003101,347743.27296,347870.45376,127.18080000003101,4,4.242262669435647,RankSurprise
microCMCL_L_10_CommonFiltered,1,348736.7168,348793.07776,56.360960000019986,348736.7168,348793.07776,56.360960000019986,3,3.8028694606734277,RankSurprise
microCMCL_L_10_CommonFiltered,1,352199.76192,352243.0976,43.33567999996012,352199.76192,352243.0976,43.33567999996012,3,4.279440045898781,RankSurprise
microCMCL_L_10_CommonFiltered,1,353109.23776,355047.17824,1937.9404799999902,353109.23776,355047.17824,1937.9404799999902,20,7.655509049045001,RankSurprise
microCMCL_L_10_CommonFiltered,1,356944.0768,358928.01536,1983.9385600000387,356944.0768,358928.01536,1983.9385600000387,18,5.603448744060109,RankSurprise
microCMCL_L_10_CommonFiltered,1,371017.76896,371351.10144,333.33247999998275,371017.76896,371351.10144,333.33247999998275,6,4.908994167255763,RankSurprise
microCMCL_L_10_CommonFiltered,1,373901.96736,374132.89984,230.93248000001768,373901.96736,374132.89984,230.93248000001768,5,4.096799253057043,RankSurprise
microCMCL_L_10_CommonFiltered,1,377829.82656,378840.4736,1010.6470400000107,377829.82656,378840.4736,1010.6470400000107,12,6.116899027635241,RankSurprise
microCMCL_L_10_CommonFiltered,1,379475.72224,379536.05632,60.33408000000054,379475.72224,379536.05632,60.33408000000054,3,3.7172948123020184,RankSurprise
microCMCL_L_10_CommonFiltered,1,382411.32544,382785.82272,374.4972800000105,382411.32544,382785.82272,374.4972800000105,6,3.7557694053019746,RankSurprise
microCMCL_L_10_CommonFiltered,1,383197.67552,384375.48032,1177.8047999999835,383197.67552,384375.48032,1177.8047999999835,13,5.797175152301547,RankSurprise
microCMCL_L_10_CommonFiltered,1,398311.34208,398891.58144,580.2393600000069,398311.34208,398891.58144,580.2393600000069,7,4.053139046270828,RankSurprise
microCMCL_L_10_CommonFiltered,1,405614.83776,405916.71296,301.8751999999513,405614.83776,405916.71296,301.8751999999513,6,5.026252526157535,RankSurprise
microCMCL_L_10_CommonFiltered,1,408261.14048,408266.752,5.611519999976736,408261.14048,408266.752,5.611519999976736,3,7.432868828941338,RankSurprise
microCMCL_L_10_CommonFiltered,1,417537.31072,417689.27232,151.96159999998054,417537.31072,417689.27232,151.96159999998054,5,5.650125416534458,RankSurprise
microCMCL_L_10_CommonFiltered,1,420532.55168,420582.64576,50.09408000000985,420532.55168,420582.64576,50.09408000000985,3,4.049120090614128,RankSurprise
microCMCL_L_10_CommonFiltered,1,421839.21664,422134.45632,295.23967999999877,421839.21664,422134.45632,295.23967999999877,8,8.163041494568143,RankSurprise
microCMCL_L_10_CommonFiltered,1,423332.0448,423390.74048,58.69568000000436,423332.0448,423390.74048,58.69568000000436,3,3.7510865725314346,RankSurprise
microCMCL_L_10_CommonFiltered,1,426305.00352,426937.42592,632.4223999999813,426305.00352,426937.42592,632.4223999999813,8,3.887117586798154,RankSurprise
microCMCL_L_10_CommonFiltered,1,427864.55552,427887.37024,22.814720000023954,427864.55552,427887.37024,22.814720000023954,3,5.5551245354747,RankSurprise
microCMCL_L_10_CommonFiltered,1,440415.232,440423.87456,8.642560000007506,440415.232,440423.87456,8.642560000007506,3,7.065975995619413,RankSurprise
microCMCL_L_10_CommonFiltered,1,442069.97504,442132.31616,62.34111999999732,442069.97504,442132.31616,62.34111999999732,3,3.6513773444512054,RankSurprise
microCMCL_L_10_CommonFiltered,1,448012.61568,448067.87072,55.2550400000182,448012.61568,448067.87072,55.2550400000182,3,3.856028801495512,RankSurprise
microCMCL_L_10_CommonFiltered,1,456935.95648,456972.45184,36.4953600000008,456935.95648,456972.45184,36.4953600000008,3,4.6236615287662275,RankSurprise
microCMCL_L_10_CommonFiltered,1,470000.35328,470034.59584,34.24256000004243,470000.35328,470034.59584,34.24256000004243,3,4.846501148506118,RankSurprise
microCMCL_L_10_CommonFiltered,1,473496.90368,473562.27584,65.37216000002809,473496.90368,473562.27584,65.37216000002809,3,3.5564039189139045,RankSurprise
microCMCL_L_10_CommonFiltered,1,474454.34368,475112.12032,657.7766399999964,474454.34368,475112.12032,657.7766399999964,11,8.55947808504621,RankSurprise
microCMCL_L_10_CommonFiltered,1,481580.60544,481637.70368,57.09823999996297,481580.60544,481637.70368,57.09823999996297,3,3.7681989959688167,RankSurprise
microCMCL_L_10_CommonFiltered,1,489208.66816,489291.9808,83.31264000001829,489208.66816,489291.9808,83.31264000001829,4,5.31632180586098,RankSurprise
microCMCL_L_10_CommonFiltered,1,505704.69376,505797.4272,92.73343999998178,505704.69376,505797.4272,92.73343999998178,4,5.133656440660285,RankSurprise
microCMCL_L_10_CommonFiltered,1,511268.2496,511298.56,30.31040000001667,511268.2496,511298.56,30.31040000001667,3,5.047832289204727,RankSurprise
microCMCL_L_10_CommonFiltered,1,515555.04128,515601.44896,46.40768000000389,515555.04128,515601.44896,46.40768000000389,3,4.197906866321512,RankSurprise
microCMCL_L_10_CommonFiltered,1,521032.78592,521079.52128,46.73535999999149,521032.78592,521079.52128,46.73535999999149,4,6.881869254684755,RankSurprise
microCMCL_L_10_CommonFiltered,1,531791.42144,531952.47616,161.05472000001464,531791.42144,531952.47616,161.05472000001464,5,5.588925697411167,RankSurprise
microCMCL_L_10_CommonFiltered,1,537418.30144,537461.84192,43.540480000083335,537418.30144,537461.84192,43.540480000083335,3,4.301755523050147,RankSurprise
microCMCL_L_10_CommonFiltered,1,542192.14848,544664.12544,2471.97696,542192.14848,544664.12544,2471.97696,22,6.28302143113504,RankSurprise
microCMCL_L_10_CommonFiltered,1,597126.22592,597548.6464,422.4204799999716,597126.22592,597548.6464,422.4204799999716,7,4.989638891171419,RankSurprise
microCMCL_L_10_CommonFiltered,1,598852.03456,599114.21952,262.18496000010055,598852.03456,599114.21952,262.18496000010055,5,3.9935824745431034,RankSurprise
microCMCL_L_10_CommonFiltered,1,606983.90528,607025.60256,41.697280000080355,606983.90528,607025.60256,41.697280000080355,3,4.376049931142479,RankSurprise
microCMCL_L_10_CommonFiltered,1,611386.368,611645.76768,259.39968000003137,611386.368,611645.76768,259.39968000003137,6,5.638527596632251,RankSurprise
