Electrode,Cluster,onset_start_ms,onset_end_ms,onset_duration_ms,span_start_ms,span_end_ms,span_duration_ms,Num_Spikes,RS,Method
microGPi1_L_1-3+,0,10972.03712,11028.6848,56.64768000000004,10972.03712,11028.6848,56.64768000000004,4,6.676349434171243,RankSurprise
microGPi1_L_1-3+,0,12316.50816,12496.52736,180.01920000000064,12316.50816,12496.52736,180.01920000000064,5,5.293630869228551,RankSurprise
microGPi1_L_1-3+,0,17437.9008,17464.19712,26.296320000001288,17437.9008,17464.19712,26.296320000001288,3,5.562172977695665,RankSurprise
microGPi1_L_1-3+,0,21078.67136,21197.6192,118.94784000000072,21078.67136,21197.6192,118.94784000000072,4,4.72296453157978,RankSurprise
microGPi1_L_1-3+,0,23342.98112,23351.7056,8.724480000000767,23342.98112,23351.7056,8.724480000000767,3,7.973408622782822,RankSurprise
microGPi1_L_1-3+,0,23878.12352,23953.44896,75.32544000000053,23878.12352,23953.44896,75.32544000000053,4,5.897808990640883,RankSurprise
microGPi1_L_1-3+,0,32629.51424,34470.33856,1840.824319999996,32629.51424,34470.33856,1840.824319999996,16,5.4060061006766755,RankSurprise
microGPi1_L_1-3+,0,48334.47936,48392.15104,57.67167999999947,48334.47936,48392.15104,57.67167999999947,3,3.888738230054999,RankSurprise
microGPi1_L_1-3+,0,56021.77024,56922.3168,900.5465600000025,56021.77024,56922.3168,900.5465600000025,10,5.461863098439874,RankSurprise
microGPi1_L_1-3+,0,58064.40448,60030.11584,1965.7113600000012,58064.40448,60030.11584,1965.7113600000012,20,9.396901347854177,RankSurprise
microGPi1_L_1-3+,0,63076.43392,63336.40704,259.9731199999951,63076.43392,63336.40704,259.9731199999951,6,6.085202788917179,RankSurprise
microGPi1_L_1-3+,0,63978.0864,64004.46464,26.378239999998186,63978.0864,64004.46464,26.378239999998186,3,5.4897653970415945,RankSurprise
microGPi1_L_1-3+,0,68031.16032,68890.66496,859.5046399999992,68031.16032,68890.66496,859.5046399999992,9,3.8406418636259305,RankSurprise
microGPi1_L_1-3+,0,94122.84416,94354.0224,231.17824000000837,94122.84416,94354.0224,231.17824000000837,5,4.5638862980043875,RankSurprise
microGPi1_L_1-3+,0,105573.33504,105609.13408,35.79903999999806,105573.33504,105609.13408,35.79903999999806,3,4.766651386832182,RankSurprise
microGPi1_L_1-3+,0,113817.23136,113852.2112,34.97983999999997,113817.23136,113852.2112,34.97983999999997,3,4.754305551009882,RankSurprise
microGPi1_L_1-3+,0,122145.50528,122877.29664,731.7913600000029,122145.50528,122877.29664,731.7913600000029,11,8.085307729219098,RankSurprise
microGPi1_L_1-3+,0,137262.36672,137327.49312,65.12640000000829,137262.36672,137327.49312,65.12640000000829,3,3.833616417232191,RankSurprise
microGPi1_L_1-3+,0,140969.73824,142608.67072,1638.9324799999886,140969.73824,142608.67072,1638.9324799999886,13,4.1455340770318685,RankSurprise
microGPi1_L_1-3+,0,149173.94432,149238.9888,65.04447999998229,149173.94432,149238.9888,65.04447999998229,3,3.727731199873329,RankSurprise
microGPi1_L_1-3+,0,149723.9552,149795.6352,71.67999999999302,149723.9552,149795.6352,71.67999999999302,3,3.592447896897017,RankSurprise
microGPi1_L_1-3+,0,152554.37312,152694.1696,139.79647999998997,152554.37312,152694.1696,139.79647999998997,4,4.280812839647879,RankSurprise
microGPi1_L_1-3+,0,155481.088,155524.62848,43.54048000002513,155481.088,155524.62848,43.54048000002513,3,4.566482730916189,RankSurprise
microGPi1_L_1-3+,0,162396.03712,162545.62304,149.58592000001227,162396.03712,162545.62304,149.58592000001227,4,4.015152091004229,RankSurprise
microGPi1_L_1-3+,0,175474.688,175532.81024,58.122239999996964,175474.688,175532.81024,58.122239999996964,3,3.9209322144886887,RankSurprise
microGPi1_L_1-3+,0,176532.97152,177302.03648,769.0649600000179,176532.97152,177302.03648,769.0649600000179,8,3.63701911846703,RankSurprise
microGPi1_L_1-3+,0,178002.7392,178049.51552,46.776319999975385,178002.7392,178049.51552,46.776319999975385,3,4.374333699080523,RankSurprise
microGPi1_L_1-3+,0,224511.09888,225002.65984,491.5609600000025,224511.09888,225002.65984,491.5609600000025,8,5.845510695709572,RankSurprise
microGPi1_L_1-3+,0,228301.824,228859.33056,557.5065600000089,228301.824,228859.33056,557.5065600000089,8,4.998819184736781,RankSurprise
microGPi1_L_1-3+,0,231675.41248,231844.57728,169.16479999999865,231675.41248,231844.57728,169.16479999999865,5,5.507616267159566,RankSurprise
microGPi1_L_1-3+,0,240878.7968,241009.21344,130.41663999998127,240878.7968,241009.21344,130.41663999998127,4,4.481845462327485,RankSurprise
microGPi1_L_1-3+,0,244789.08416,245509.61152,720.5273600000073,244789.08416,245509.61152,720.5273600000073,11,7.648928585122789,RankSurprise
microGPi1_L_1-3+,0,258529.81248,258590.06464,60.25216000000364,258529.81248,258590.06464,60.25216000000364,4,6.450497885700127,RankSurprise
microGPi1_L_1-3+,0,272252.23168,272581.67296,329.44127999997,272252.23168,272581.67296,329.44127999997,5,3.548487221372284,RankSurprise
microGPi1_L_1-3+,0,275204.58752,275234.03776,29.450239999976475,275204.58752,275234.03776,29.450239999976475,3,5.22380941876774,RankSurprise
microGPi1_L_1-3+,0,288989.10208,289375.55968,386.4576000000234,288989.10208,289375.55968,386.4576000000234,6,4.347076764794876,RankSurprise
microGPi1_L_1-3+,0,315327.61088,315349.31968,21.708800000022165,315327.61088,315349.31968,21.708800000022165,3,5.637300837750132,RankSurprise
microGPi1_L_1-3+,0,317326.49984,317373.60384,47.103999999992084,317326.49984,317373.60384,47.103999999992084,3,4.217773646667592,RankSurprise
microGPi1_L_1-3+,0,320759.52128,320843.73504,84.21376000001328,320759.52128,320843.73504,84.21376000001328,4,5.590309272501322,RankSurprise
microGPi1_L_1-3+,0,327913.51296,328068.83328,155.3203199999989,327913.51296,328068.83328,155.3203199999989,5,5.91526473533273,RankSurprise
microGPi1_L_1-3+,0,329570.14016,329588.20352,18.063359999971,329570.14016,329588.20352,18.063359999971,3,6.134483685112336,RankSurprise
microGPi1_L_1-3+,0,342008.87296,342066.176,57.30303999996977,342008.87296,342066.176,57.30303999996977,3,3.8649283313029716,RankSurprise
microGPi1_L_1-3+,0,343215.5136,343337.94304,122.42943999997806,343215.5136,343337.94304,122.42943999997806,4,4.615471154541876,RankSurprise
microGPi1_L_1-3+,0,349536.29696,350695.87456,1159.5776000000187,349536.29696,350695.87456,1159.5776000000187,11,4.364851397652755,RankSurprise
microGPi1_L_1-3+,0,354122.71104,354289.50016,166.78911999997217,354122.71104,354289.50016,166.78911999997217,4,3.6833485281133846,RankSurprise
microGPi1_L_1-3+,0,375242.58816,375284.77696,42.18880000000354,375242.58816,375284.77696,42.18880000000354,3,4.425883286974617,RankSurprise
microGPi1_L_1-3+,0,404930.47808,405232.47616,301.9980800000485,404930.47808,405232.47616,301.9980800000485,5,3.8426025160267194,RankSurprise
microGPi1_L_1-3+,1,2204.99968,2257.79712,52.79744000000028,2204.99968,2257.79712,52.79744000000028,3,3.580848077559347,RankSurprise
microGPi1_L_1-3+,1,2993.11104,3036.73344,43.6224000000002,2993.11104,3036.73344,43.6224000000002,3,3.967264518231058,RankSurprise
microGPi1_L_1-3+,1,6957.4656,7082.92608,125.46047999999973,6957.4656,7082.92608,125.46047999999973,6,7.697103192264741,RankSurprise
microGPi1_L_1-3+,1,7711.29344,7749.18144,37.88799999999992,7711.29344,7749.18144,37.88799999999992,3,4.237516725607497,RankSurprise
microGPi1_L_1-3+,1,8426.9056,8478.43328,51.527679999999236,8426.9056,8478.43328,51.527679999999236,3,3.6515415840614036,RankSurprise
microGPi1_L_1-3+,1,13465.68192,13658.03008,192.34815999999955,13465.68192,13658.03008,192.34815999999955,5,3.7304059492175767,RankSurprise
microGPi1_L_1-3+,1,15535.14496,15559.35232,24.207360000000335,15535.14496,15559.35232,24.207360000000335,3,5.212440196914267,RankSurprise
microGPi1_L_1-3+,1,21125.57056,21425.11104,299.54047999999966,21125.57056,21425.11104,299.54047999999966,6,4.199197555713668,RankSurprise
microGPi1_L_1-3+,1,22250.53696,22302.1056,51.568639999997686,22250.53696,22302.1056,51.568639999997686,3,3.593143211155807,RankSurprise
microGPi1_L_1-3+,1,26131.61984,26232.46336,100.84352000000217,26131.61984,26232.46336,100.84352000000217,5,6.349862799788877,RankSurprise
microGPi1_L_1-3+,1,28249.62048,28339.6096,89.98911999999837,28249.62048,28339.6096,89.98911999999837,4,4.506831936809824,RankSurprise
microGPi1_L_1-3+,1,29130.87488,29227.008,96.13312000000224,29130.87488,29227.008,96.13312000000224,4,4.3163465612716045,RankSurprise
microGPi1_L_1-3+,1,32798.3104,33755.05408,956.7436799999996,32798.3104,33755.05408,956.7436799999996,12,4.252745159952081,RankSurprise
microGPi1_L_1-3+,1,40907.53024,41088.08192,180.55167999999685,40907.53024,41088.08192,180.55167999999685,5,3.9887815681799843,RankSurprise
microGPi1_L_1-3+,1,42487.88992,42509.27104,21.38111999999819,42487.88992,42509.27104,21.38111999999819,3,5.500065378454355,RankSurprise
microGPi1_L_1-3+,1,49722.44992,49768.6528,46.20288000000437,49722.44992,49768.6528,46.20288000000437,3,3.8657933339825163,RankSurprise
microGPi1_L_1-3+,1,50429.1328,50466.36544,37.23264000000199,50429.1328,50466.36544,37.23264000000199,3,4.266088698417557,RankSurprise
microGPi1_L_1-3+,1,58650.4192,58912.19456,261.7753600000069,58650.4192,58912.19456,261.7753600000069,9,9.522144919932604,RankSurprise
microGPi1_L_1-3+,1,82640.24064,82824.6016,184.36095999999088,82640.24064,82824.6016,184.36095999999088,6,5.781747766612696,RankSurprise
microGPi1_L_1-3+,1,84588.3392,84593.58208,5.242879999990691,84588.3392,84593.58208,5.242879999990691,3,8.773179107038557,RankSurprise
microGPi1_L_1-3+,1,87364.8128,87491.3792,126.56639999999607,87364.8128,87491.3792,126.56639999999607,5,5.428832789904337,RankSurprise
microGPi1_L_1-3+,1,105916.86656,106096.96768,180.10112000000663,105916.86656,106096.96768,180.10112000000663,6,5.83199948100836,RankSurprise
microGPi1_L_1-3+,1,106987.15136,107171.71712,184.56575999999768,106987.15136,107171.71712,184.56575999999768,5,3.8930943508484894,RankSurprise
microGPi1_L_1-3+,1,122227.22048,123116.01152,888.7910399999964,122227.22048,123116.01152,888.7910399999964,15,7.245409441470624,RankSurprise
microGPi1_L_1-3+,1,123555.06176,123668.56192,113.50015999999596,123555.06176,123668.56192,113.50015999999596,4,3.926678009214722,RankSurprise
microGPi1_L_1-3+,1,124651.97056,124773.86752,121.89695999999822,124651.97056,124773.86752,121.89695999999822,4,3.650945009691796,RankSurprise
microGPi1_L_1-3+,1,131146.50624,131266.72384,120.21760000000359,131146.50624,131266.72384,120.21760000000359,4,3.6806616127253022,RankSurprise
microGPi1_L_1-3+,1,137835.9296,138136.04352,300.1139200000034,137835.9296,138136.04352,300.1139200000034,6,4.076534553153004,RankSurprise
microGPi1_L_1-3+,1,138704.896,138710.99904,6.103039999987232,138704.896,138710.99904,6.103039999987232,3,8.37676383445031,RankSurprise
microGPi1_L_1-3+,1,142547.968,142640.5376,92.56960000001709,142547.968,142640.5376,92.56960000001709,5,6.819664003044689,RankSurprise
microGPi1_L_1-3+,1,145886.65856,145997.98784,111.32927999997628,145886.65856,145997.98784,111.32927999997628,4,3.926678009214722,RankSurprise
microGPi1_L_1-3+,1,147903.24224,148107.91936,204.67712000000756,147903.24224,148107.91936,204.67712000000756,5,3.5359306360694553,RankSurprise
microGPi1_L_1-3+,1,150384.10752,150577.9712,193.86368000000948,150384.10752,150577.9712,193.86368000000948,5,3.8426783089785914,RankSurprise
microGPi1_L_1-3+,1,157435.04384,157546.33216,111.28831999999238,157435.04384,157546.33216,111.28831999999238,4,3.897352243818755,RankSurprise
microGPi1_L_1-3+,1,176294.7072,176362.37312,67.66591999999946,176294.7072,176362.37312,67.66591999999946,4,5.428858190699877,RankSurprise
microGPi1_L_1-3+,1,184913.42848,184966.18496,52.756480000010924,184913.42848,184966.18496,52.756480000010924,3,3.5324097373622987,RankSurprise
microGPi1_L_1-3+,1,186123.79648,186142.76096,18.964480000024196,186123.79648,186142.76096,18.964480000024196,3,5.678457924822778,RankSurprise
microGPi1_L_1-3+,1,210052.75136,210144.82944,92.0780800000066,210052.75136,210144.82944,92.0780800000066,5,6.84852768017095,RankSurprise
microGPi1_L_1-3+,1,219571.03616,219657.99424,86.95808000001125,219571.03616,219657.99424,86.95808000001125,6,9.626181289717984,RankSurprise
microGPi1_L_1-3+,1,222605.96736,222701.40416,95.43679999999586,222605.96736,222701.40416,95.43679999999586,4,4.333172194364213,RankSurprise
microGPi1_L_1-3+,1,225560.33024,225885.55264,325.22239999999874,225560.33024,225885.55264,325.22239999999874,9,7.891466022709116,RankSurprise
microGPi1_L_1-3+,1,226325.95456,226439.61856,113.66399999998976,226325.95456,226439.61856,113.66399999998976,4,4.004294329936442,RankSurprise
microGPi1_L_1-3+,1,230524.39552,232319.50848,1795.1129599999986,230524.39552,232319.50848,1795.1129599999986,21,4.749751780326695,RankSurprise
microGPi1_L_1-3+,1,245554.42176,245577.3184,22.89663999999175,245554.42176,245577.3184,22.89663999999175,3,5.386044102719863,RankSurprise
microGPi1_L_1-3+,1,247299.76832,248744.67328,1444.9049599999853,247299.76832,248744.67328,1444.9049599999853,18,4.760888689222325,RankSurprise
microGPi1_L_1-3+,1,253415.6288,254360.1664,944.5375999999815,253415.6288,254360.1664,944.5375999999815,14,5.5436486687490705,RankSurprise
microGPi1_L_1-3+,1,255592.69376,255999.34464,406.65088000000105,255592.69376,255999.34464,406.65088000000105,9,5.952010346280604,RankSurprise
microGPi1_L_1-3+,1,259537.59232,259552.09216,14.499840000004042,259537.59232,259552.09216,14.499840000004042,3,6.255773289857602,RankSurprise
microGPi1_L_1-3+,1,265840.68096,265878.81472,38.13375999999698,265840.68096,265878.81472,38.13375999999698,3,4.318569955275423,RankSurprise
microGPi1_L_1-3+,1,266664.01792,266774.1184,110.10047999996459,266664.01792,266774.1184,110.10047999996459,4,3.947377956893284,RankSurprise
microGPi1_L_1-3+,1,275654.656,275779.9936,125.33759999996983,275654.656,275779.9936,125.33759999996983,6,7.718720205948252,RankSurprise
microGPi1_L_1-3+,1,276931.584,277451.776,520.1920000000391,276931.584,277451.776,520.1920000000391,10,5.362257186163564,RankSurprise
microGPi1_L_1-3+,1,286920.21248,287228.3136,308.10112000000663,286920.21248,287228.3136,308.10112000000663,7,4.85426579682641,RankSurprise
microGPi1_L_1-3+,1,288376.09472,288775.24992,399.15519999997923,288376.09472,288775.24992,399.15519999997923,7,3.5561928778225935,RankSurprise
microGPi1_L_1-3+,1,289248.99328,289297.57184,48.57855999999447,289248.99328,289297.57184,48.57855999999447,3,3.7872612006143473,RankSurprise
microGPi1_L_1-3+,1,294392.54528,295131.5456,739.0003199999919,294392.54528,295131.5456,739.0003199999919,13,6.528776436315377,RankSurprise
microGPi1_L_1-3+,1,301269.36064,301292.1344,22.773759999952745,301269.36064,301292.1344,22.773759999952745,3,5.365993683531778,RankSurprise
microGPi1_L_1-3+,1,303735.6032,303972.84352,237.2403199999826,303735.6032,303972.84352,237.2403199999826,7,6.218569438142988,RankSurprise
microGPi1_L_1-3+,1,308911.96416,309007.11424,95.15008000005037,308911.96416,309007.11424,95.15008000005037,4,4.391095678995391,RankSurprise
microGPi1_L_1-3+,1,312986.95168,313066.45504,79.50335999997333,312986.95168,313066.45504,79.50335999997333,4,4.965710928580375,RankSurprise
microGPi1_L_1-3+,1,315193.83552,315495.58784,301.7523199999705,315193.83552,315495.58784,301.7523199999705,7,5.139979468956397,RankSurprise
microGPi1_L_1-3+,1,328615.19872,328681.51296,66.31424000003608,328615.19872,328681.51296,66.31424000003608,4,5.409471982884675,RankSurprise
microGPi1_L_1-3+,1,330945.16736,330997.9648,52.79743999999482,330945.16736,330997.9648,52.79743999999482,4,6.213522655635334,RankSurprise
microGPi1_L_1-3+,1,333202.0224,333222.54336,20.520959999994375,333202.0224,333222.54336,20.520959999994375,3,5.598446602006051,RankSurprise
microGPi1_L_1-3+,1,334054.76864,334065.21344,10.444799999997485,334054.76864,334065.21344,10.444799999997485,3,7.024371025006101,RankSurprise
microGPi1_L_1-3+,1,344444.3136,344557.32224,113.00864000001457,344444.3136,344557.32224,113.00864000001457,4,3.83954695144865,RankSurprise
microGPi1_L_1-3+,1,352423.7312,352449.78176,26.050560000003316,352423.7312,352449.78176,26.050560000003316,3,5.095814645661456,RankSurprise
microGPi1_L_1-3+,1,353079.00928,353109.1968,30.187519999977667,353079.00928,353109.1968,30.187519999977667,3,4.745016056565861,RankSurprise
microGPi1_L_1-3+,1,355064.832,355105.5872,40.755200000014156,355064.832,355105.5872,40.755200000014156,3,4.100476575071292,RankSurprise
microGPi1_L_1-3+,1,355973.16096,356482.58048,509.4195199999958,355973.16096,356482.58048,509.4195199999958,12,8.986851465502557,RankSurprise
microGPi1_L_1-3+,1,357263.52384,357288.22272,24.698880000039935,357263.52384,357288.22272,24.698880000039935,3,5.130980556662186,RankSurprise
microGPi1_L_1-3+,1,368563.15904,368743.75168,180.59263999998802,368563.15904,368743.75168,180.59263999998802,5,4.060275907101815,RankSurprise
microGPi1_L_1-3+,1,372035.54304,372158.79168,123.24864000000525,372035.54304,372158.79168,123.24864000000525,4,3.5246104887866245,RankSurprise
microGPi1_L_1-3+,1,378267.93472,378563.01056,295.075840000005,378267.93472,378563.01056,295.075840000005,10,10.613113333028956,RankSurprise
microGPi1_L_1-3+,1,380129.85344,380279.93088,150.07744000002276,380129.85344,380279.93088,150.07744000002276,5,4.751511426106244,RankSurprise
microGPi1_L_1-3+,1,384182.35392,384956.08832,773.7343999999575,384182.35392,384956.08832,773.7343999999575,13,5.823699176943129,RankSurprise
microGPi1_L_1-3+,1,399607.808,399652.4544,44.64639999996871,399607.808,399652.4544,44.64639999996871,3,3.947535598292136,RankSurprise
microGPi1_L_1-3+,1,405774.41792,405814.43584,40.017920000012964,405774.41792,405814.43584,40.017920000012964,3,4.214949445507221,RankSurprise
microGPi1_L_1-3+,2,6495.72352,7114.21952,618.4960000000001,6495.72352,7114.21952,618.4960000000001,5,4.0549604091932565,RankSurprise
microGPi1_L_1-3+,2,17295.31904,17419.10016,123.78112000000328,17295.31904,17419.10016,123.78112000000328,3,3.9065066288995443,RankSurprise
microGPi1_L_1-3+,2,32173.2608,32358.56384,185.30303999999887,32173.2608,32358.56384,185.30303999999887,5,8.165251413803148,RankSurprise
microGPi1_L_1-3+,2,76853.08416,76886.34368,33.25952000000689,76853.08416,76886.34368,33.25952000000689,3,6.198277152147332,RankSurprise
microGPi1_L_1-3+,2,79815.4752,79922.54464,107.06943999999203,79815.4752,79922.54464,107.06943999999203,3,4.291539698190503,RankSurprise
microGPi1_L_1-3+,2,83802.27584,84670.30016,868.0243199999968,83802.27584,84670.30016,868.0243199999968,7,5.660759000779298,RankSurprise
microGPi1_L_1-3+,2,127212.78976,131588.83328,4376.043519999992,127212.78976,131588.83328,4376.043519999992,20,9.432048588820557,RankSurprise
microGPi1_L_1-3+,2,147330.37568,147921.87904,591.5033600000024,147330.37568,147921.87904,591.5033600000024,5,4.272509629228722,RankSurprise
microGPi1_L_1-3+,2,155007.22176,155065.30304,58.08128000001307,155007.22176,155065.30304,58.08128000001307,4,8.543171336651378,RankSurprise
microGPi1_L_1-3+,2,165381.36576,165523.21024,141.84447999999975,165381.36576,165523.21024,141.84447999999975,3,3.8519566656454796,RankSurprise
microGPi1_L_1-3+,2,231427.11296,231642.07104,214.95808000001125,231427.11296,231642.07104,214.95808000001125,4,5.093177617770706,RankSurprise
microGPi1_L_1-3+,2,242452.11136,243507.44576,1055.3343999999925,242452.11136,243507.44576,1055.3343999999925,7,4.698125549966532,RankSurprise
microGPi1_L_1-3+,2,243835.2896,243846.26688,10.977280000020983,243835.2896,243846.26688,10.977280000020983,3,8.075979051176112,RankSurprise
microGPi1_L_1-3+,2,261885.58336,263268.27008,1382.6867199999979,261885.58336,263268.27008,1382.6867199999979,9,6.359344683255623,RankSurprise
microGPi1_L_1-3+,2,293626.01984,293729.97632,103.95647999999346,293626.01984,293729.97632,103.95647999999346,3,4.359730323344817,RankSurprise
microGPi1_L_1-3+,2,326144.12288,328397.57824,2253.4553600000218,326144.12288,328397.57824,2253.4553600000218,12,6.716979190194118,RankSurprise
microGPi1_L_1-3+,2,336254.64832,336422.13376,167.48544000001857,336254.64832,336422.13376,167.48544000001857,3,3.5068346874447833,RankSurprise
microGPi1_L_1-3+,2,377581.52704,378453.52448,871.9974400000065,377581.52704,378453.52448,871.9974400000065,7,5.679816508836392,RankSurprise
microGPi1_L_2-3+,0,17577.32864,17583.84128,6.512640000000829,17577.32864,17583.84128,6.512640000000829,4,11.293152384624298,RankSurprise
microGPi1_L_2-3+,0,21854.49472,21952.96256,98.46784000000116,21854.49472,21952.96256,98.46784000000116,4,4.552855083111314,RankSurprise
microGPi1_L_2-3+,0,26092.17536,26107.41248,15.237119999997958,26092.17536,26107.41248,15.237119999997958,3,5.685277364294093,RankSurprise
microGPi1_L_2-3+,0,30406.61504,30622.59712,215.98207999999795,30406.61504,30622.59712,215.98207999999795,5,4.015213838774805,RankSurprise
microGPi1_L_2-3+,0,32353.77152,32982.79424,629.0227200000045,32353.77152,32982.79424,629.0227200000045,8,3.895387463642116,RankSurprise
microGPi1_L_2-3+,0,50197.79072,50424.6272,226.8364800000054,50197.79072,50424.6272,226.8364800000054,6,5.454624373120694,RankSurprise
microGPi1_L_2-3+,0,63078.07232,63297.20832,219.1359999999986,63078.07232,63297.20832,219.1359999999986,5,4.118588414582209,RankSurprise
microGPi1_L_2-3+,0,63798.55872,64456.17152,657.6128000000026,63798.55872,64456.17152,657.6128000000026,9,5.448432819316477,RankSurprise
microGPi1_L_2-3+,0,73879.552,74005.17632,125.62432000000263,73879.552,74005.17632,125.62432000000263,4,3.9316756581411134,RankSurprise
microGPi1_L_2-3+,0,76834.816,77263.33952,428.5235199999879,76834.816,77263.33952,428.5235199999879,9,7.405483114533549,RankSurprise
microGPi1_L_2-3+,0,104329.0112,104341.95456,12.943360000004759,104329.0112,104341.95456,12.943360000004759,3,6.124860396839116,RankSurprise
microGPi1_L_2-3+,0,117661.61408,117683.32288,21.708800000007614,117661.61408,117683.32288,21.708800000007614,3,5.2087194889220925,RankSurprise
microGPi1_L_2-3+,0,141778.944,141802.25024,23.306240000005346,141778.944,141802.25024,23.306240000005346,3,5.266071825916191,RankSurprise
microGPi1_L_2-3+,0,142408.45824,143337.22624,928.7679999999818,142408.45824,143337.22624,928.7679999999818,11,5.276414172731443,RankSurprise
microGPi1_L_2-3+,0,145615.50336,145824.9728,209.4694399999862,145615.50336,145824.9728,209.4694399999862,11,16.434478019387996,RankSurprise
microGPi1_L_2-3+,0,147776.7168,148021.53472,244.81792000000132,147776.7168,148021.53472,244.81792000000132,7,6.844455407497271,RankSurprise
microGPi1_L_2-3+,0,152388.03456,152456.92928,68.89472000001115,152388.03456,152456.92928,68.89472000001115,5,7.978223667539805,RankSurprise
microGPi1_L_2-3+,0,154362.10176,154418.87232,56.77056000000448,154362.10176,154418.87232,56.77056000000448,3,3.6305103369128044,RankSurprise
microGPi1_L_2-3+,0,155906.82624,156045.1072,138.2809600000037,155906.82624,156045.1072,138.2809600000037,4,3.6387598458868915,RankSurprise
microGPi1_L_2-3+,0,162678.25152,162907.05408,228.802560000011,162678.25152,162907.05408,228.802560000011,5,3.935824593642824,RankSurprise
microGPi1_L_2-3+,0,182505.43104,182516.28544,10.854400000011083,182505.43104,182516.28544,10.854400000011083,3,6.19305102199343,RankSurprise
microGPi1_L_2-3+,0,183471.18592,184506.28608,1035.1001600000018,183471.18592,184506.28608,1035.1001600000018,12,4.991979539141426,RankSurprise
microGPi1_L_2-3+,0,185632.07168,186115.60448,483.5328000000154,185632.07168,186115.60448,483.5328000000154,7,3.7634158806824503,RankSurprise
microGPi1_L_2-3+,0,190238.1056,190474.73152,236.6259199999913,190238.1056,190474.73152,236.6259199999913,5,3.706694499850574,RankSurprise
microGPi1_L_2-3+,0,218881.96608,218941.35808,59.39199999999255,218881.96608,218941.35808,59.39199999999255,3,3.542583873205075,RankSurprise
microGPi1_L_2-3+,0,225149.21472,225930.24,781.0252800000017,225149.21472,225930.24,781.0252800000017,10,4.731528801726393,RankSurprise
microGPi1_L_2-3+,0,227897.5488,227929.66144,32.11264000000665,227897.5488,227929.66144,32.11264000000665,3,4.744137080768681,RankSurprise
microGPi1_L_2-3+,0,229808.45568,230054.62528,246.1695999999938,229808.45568,230054.62528,246.1695999999938,6,5.548403899615778,RankSurprise
microGPi1_L_2-3+,0,242720.9728,242916.59776,195.62496000001556,242720.9728,242916.59776,195.62496000001556,5,4.540238776986428,RankSurprise
microGPi1_L_2-3+,0,245309.60384,245594.35776,284.7539200000174,245309.60384,245594.35776,284.7539200000174,5,3.6664087692596397,RankSurprise
microGPi1_L_2-3+,0,245594.35776,245612.91264,18.554879999981495,245594.35776,245612.91264,18.554879999981495,5,12.442106713833631,RankSurprise
microGPi1_L_2-3+,0,248155.50464,248648.25344,492.7488000000012,248155.50464,248648.25344,492.7488000000012,9,5.904548199727517,RankSurprise
microGPi1_L_2-3+,0,257324.2368,258056.02816,731.7913599999738,257324.2368,258056.02816,731.7913599999738,9,4.256320217375425,RankSurprise
microGPi1_L_2-3+,0,259811.36896,261684.18304,1872.814080000011,259811.36896,261684.18304,1872.814080000011,23,11.538367351834832,RankSurprise
microGPi1_L_2-3+,0,270601.91232,271068.5696,466.6572799999849,270601.91232,271068.5696,466.6572799999849,7,3.657170275893,RankSurprise
microGPi1_L_2-3+,0,275182.51008,275196.06784,13.557759999996051,275182.51008,275196.06784,13.557759999996051,3,5.795906992631931,RankSurprise
microGPi1_L_2-3+,0,283669.17632,284011.84768,342.67135999997845,283669.17632,284011.84768,342.67135999997845,7,5.379677416292677,RankSurprise
microGPi1_L_2-3+,0,286239.37536,286445.93664,206.56128000002354,286239.37536,286445.93664,206.56128000002354,5,4.519513314197937,RankSurprise
microGPi1_L_2-3+,0,292879.19616,292988.23168,109.03552000003401,292879.19616,292988.23168,109.03552000003401,4,4.332917015775045,RankSurprise
microGPi1_L_2-3+,0,310345.15456,310564.4544,219.2998399999924,310345.15456,310564.4544,219.2998399999924,5,3.9861623874512873,RankSurprise
microGPi1_L_2-3+,0,313980.02688,313990.30784,10.280960000003688,313980.02688,313990.30784,10.280960000003688,3,6.361831949760617,RankSurprise
microGPi1_L_2-3+,0,330067.92704,330195.88608,127.9590400000452,330067.92704,330195.88608,127.9590400000452,4,3.8823102223108528,RankSurprise
microGPi1_L_2-3+,0,336421.39648,339366.21568,2944.819200000027,336421.39648,339366.21568,2944.819200000027,28,8.130904914185617,RankSurprise
microGPi1_L_2-3+,0,348024.95488,348558.04928,533.0944000000018,348024.95488,348558.04928,533.0944000000018,8,4.328413528300094,RankSurprise
microGPi1_L_2-3+,0,349988.0448,350021.59104,33.54624000005424,349988.0448,350021.59104,33.54624000005424,3,4.656451146333733,RankSurprise
microGPi1_L_2-3+,0,356040.04864,356132.37248,92.3238400000264,356040.04864,356132.37248,92.3238400000264,4,4.772184034541635,RankSurprise
microGPi1_L_2-3+,0,394490.22464,394903.1424,412.9177600000403,394490.22464,394903.1424,412.9177600000403,6,3.6186332760468374,RankSurprise
microGPi1_L_2-3+,0,401358.06976,401462.0672,103.99744000000646,401358.06976,401462.0672,103.99744000000646,4,4.4328388145948345,RankSurprise
microGPi1_L_2-3+,1,7014.48192,7215.9232,201.44128,7014.48192,7215.9232,201.44128,5,4.203304201335907,RankSurprise
microGPi1_L_2-3+,1,12492.02176,12682.48576,190.46399999999994,12492.02176,12682.48576,190.46399999999994,6,6.135812527028037,RankSurprise
microGPi1_L_2-3+,1,19105.3824,19242.02496,136.64256000000023,19105.3824,19242.02496,136.64256000000023,4,3.600506184619128,RankSurprise
microGPi1_L_2-3+,1,21657.76384,21702.98368,45.21984000000157,21657.76384,21702.98368,45.21984000000157,3,4.1984531493313,RankSurprise
microGPi1_L_2-3+,1,22087.59808,22254.63296,167.03487999999925,22087.59808,22254.63296,167.03487999999925,6,6.826565158094702,RankSurprise
microGPi1_L_2-3+,1,34369.16736,34585.23136,216.0639999999985,34369.16736,34585.23136,216.0639999999985,6,5.611314069074972,RankSurprise
microGPi1_L_2-3+,1,41161.15456,41215.63136,54.47679999999673,41161.15456,41215.63136,54.47679999999673,3,3.7514883103163843,RankSurprise
microGPi1_L_2-3+,1,44127.47776,44180.35712,52.879359999999,44127.47776,44180.35712,52.879359999999,3,3.857068582045857,RankSurprise
microGPi1_L_2-3+,1,49611.48928,50274.95936,663.4700799999991,49611.48928,50274.95936,663.4700799999991,15,11.660534685643423,RankSurprise
microGPi1_L_2-3+,1,53041.7664,53220.352,178.58559999999852,53041.7664,53220.352,178.58559999999852,6,6.547881394253174,RankSurprise
microGPi1_L_2-3+,1,68762.99264,68809.76896,46.77632000000449,68762.99264,68809.76896,46.77632000000449,3,4.073822335261294,RankSurprise
microGPi1_L_2-3+,1,69254.3488,69471.68256,217.33375999999407,69254.3488,69471.68256,217.33375999999407,5,3.7400950601984917,RankSurprise
microGPi1_L_2-3+,1,72650.91584,73204.89984,553.9839999999967,72650.91584,73204.89984,553.9839999999967,10,5.8689190722967455,RankSurprise
microGPi1_L_2-3+,1,77047.27552,77188.01408,140.73855999999796,77047.27552,77188.01408,140.73855999999796,4,3.5211783940736545,RankSurprise
microGPi1_L_2-3+,1,77851.97568,78241.62816,389.65247999998974,77851.97568,78241.62816,389.65247999998974,8,5.5170472319046375,RankSurprise
microGPi1_L_2-3+,1,82865.3568,82980.864,115.50720000000729,82865.3568,82980.864,115.50720000000729,4,4.061887017878345,RankSurprise
microGPi1_L_2-3+,1,85503.3856,85668.00384,164.6182400000107,85503.3856,85668.00384,164.6182400000107,6,6.791415574169008,RankSurprise
microGPi1_L_2-3+,1,87704.53504,87838.02368,133.48863999999594,87704.53504,87838.02368,133.48863999999594,6,8.043613840357487,RankSurprise
microGPi1_L_2-3+,1,102597.14048,103152.76288,555.6223999999929,102597.14048,103152.76288,555.6223999999929,9,4.272754723543778,RankSurprise
microGPi1_L_2-3+,1,123024.26112,123200.512,176.25088000000687,123024.26112,123200.512,176.25088000000687,5,4.581363461239672,RankSurprise
microGPi1_L_2-3+,1,127970.67264,128023.63392,52.96127999998862,127970.67264,128023.63392,52.96127999998862,3,3.778736738775949,RankSurprise
microGPi1_L_2-3+,1,130328.69888,130371.25632,42.557440000004135,130328.69888,130371.25632,42.557440000004135,3,4.260313933415707,RankSurprise
microGPi1_L_2-3+,1,139950.61248,140276.89984,326.28735999998753,139950.61248,140276.89984,326.28735999998753,8,6.5963932710180035,RankSurprise
microGPi1_L_2-3+,1,145757.63456,147847.9872,2090.3526399999973,145757.63456,147847.9872,2090.3526399999973,30,13.776464236155011,RankSurprise
microGPi1_L_2-3+,1,154868.81792,155226.84928,358.0313599999936,154868.81792,155226.84928,358.0313599999936,7,4.906984537390336,RankSurprise
microGPi1_L_2-3+,1,158231.06048,158510.73536,279.67488000000594,158231.06048,158510.73536,279.67488000000594,13,18.85631612389072,RankSurprise
microGPi1_L_2-3+,1,159139.55328,159242.73152,103.17824000000837,159139.55328,159242.73152,103.17824000000837,5,6.840290648032102,RankSurprise
microGPi1_L_2-3+,1,159932.416,160259.23584,326.819840000011,159932.416,160259.23584,326.819840000011,6,3.9328906921567865,RankSurprise
microGPi1_L_2-3+,1,164932.64896,165046.10816,113.45920000001206,164932.64896,165046.10816,113.45920000001206,5,6.308728749645951,RankSurprise
microGPi1_L_2-3+,1,168867.2256,169248.60416,381.3785599999828,168867.2256,169248.60416,381.3785599999828,7,4.194097910690555,RankSurprise
microGPi1_L_2-3+,1,177465.09824,177558.1184,93.02016000001458,177465.09824,177558.1184,93.02016000001458,4,4.69868414374513,RankSurprise
microGPi1_L_2-3+,1,178195.21024,178298.18368,102.97344000000157,178195.21024,178298.18368,102.97344000000157,5,6.7878880130518695,RankSurprise
microGPi1_L_2-3+,1,187000.832,187392.12288,391.290880000015,187000.832,187392.12288,391.290880000015,8,5.391224786732896,RankSurprise
microGPi1_L_2-3+,1,190408.41728,190635.74528,227.32800000000861,190408.41728,190635.74528,227.32800000000861,7,7.0341978632152475,RankSurprise
microGPi1_L_2-3+,1,192578.3552,193376.99328,798.6380800000043,192578.3552,193376.99328,798.6380800000043,14,9.313759087559992,RankSurprise
microGPi1_L_2-3+,1,193832.38656,193877.52448,45.137919999979204,193832.38656,193877.52448,45.137919999979204,3,4.125355110455603,RankSurprise
microGPi1_L_2-3+,1,202688.18432,203247.94368,559.7593599999964,202688.18432,203247.94368,559.7593599999964,8,3.5545996281691354,RankSurprise
microGPi1_L_2-3+,1,213773.84448,213829.26336,55.418880000011995,213773.84448,213829.26336,55.418880000011995,3,3.703357559293165,RankSurprise
microGPi1_L_2-3+,1,224996.22912,225102.39744,106.16831999999704,224996.22912,225102.39744,106.16831999999704,4,4.312032128249857,RankSurprise
microGPi1_L_2-3+,1,225903.86176,226000.24064,96.37888000000385,225903.86176,226000.24064,96.37888000000385,4,4.6073527483882515,RankSurprise
microGPi1_L_2-3+,1,247230.95552,248486.25664,1255.3011200000183,247230.95552,248486.25664,1255.3011200000183,22,14.169451101994474,RankSurprise
microGPi1_L_2-3+,1,255957.48352,256016.09728,58.613759999978356,255957.48352,256016.09728,58.613759999978356,3,3.6512032767534617,RankSurprise
microGPi1_L_2-3+,1,263098.9824,263579.48416,480.50176000001375,263098.9824,263579.48416,480.50176000001375,17,20.18161760014599,RankSurprise
microGPi1_L_2-3+,1,264796.52864,265082.01984,285.4912000000477,264796.52864,265082.01984,285.4912000000477,6,4.062837295982661,RankSurprise
microGPi1_L_2-3+,1,267221.97504,268100.23936,878.2643200000166,267221.97504,268100.23936,878.2643200000166,16,9.916842784648624,RankSurprise
microGPi1_L_2-3+,1,277143.79776,277178.368,34.570240000030026,277143.79776,277178.368,34.570240000030026,3,4.67801213476317,RankSurprise
microGPi1_L_2-3+,1,292420.1984,292809.23648,389.03808000002755,292420.1984,292809.23648,389.03808000002755,7,3.8939651721536404,RankSurprise
microGPi1_L_2-3+,1,306012.69248,306458.8288,446.1363199999905,306012.69248,306458.8288,446.1363199999905,7,3.5598832408670456,RankSurprise
microGPi1_L_2-3+,1,335028.96128,335210.78272,181.82144000002882,335028.96128,335210.78272,181.82144000002882,6,6.444699713404162,RankSurprise
microGPi1_L_2-3+,1,337785.28256,337900.3392,115.05663999996614,337785.28256,337900.3392,115.05663999996614,4,4.080695876635055,RankSurprise
microGPi1_L_2-3+,1,340212.44928,340240.384,27.934720000019297,340212.44928,340240.384,27.934720000019297,3,5.162295120076964,RankSurprise
microGPi1_L_2-3+,1,349937.41824,350341.03808,403.6198399999994,349937.41824,350341.03808,403.6198399999994,10,8.527154658278274,RankSurprise
microGPi1_L_2-3+,1,356831.96928,357054.79168,222.82240000000456,356831.96928,357054.79168,222.82240000000456,6,5.424661752466719,RankSurprise
microGPi1_L_2-3+,1,374936.00256,374979.66592,43.66336000000592,374936.00256,374979.66592,43.66336000000592,3,4.205232836316679,RankSurprise
microGPi1_L_2-3+,1,380426.0352,380613.55008,187.51488000003155,380426.0352,380613.55008,187.51488000003155,5,4.27055841405512,RankSurprise
microGPi1_L_2-3+,1,381018.07104,381219.26656,201.1955200000084,381018.07104,381219.26656,201.1955200000084,5,4.194220163672547,RankSurprise
microGPi1_L_2-3+,1,397597.04064,398202.30656,605.2659199999762,397597.04064,398202.30656,605.2659199999762,12,7.907127392452749,RankSurprise
microGPi1_L_2-3+,1,401291.96032,402614.23104,1322.2707199999713,401291.96032,402614.23104,1322.2707199999713,20,9.274310459814819,RankSurprise
microGPi1_L_4-5+,0,6506.0864,6608.81408,102.72767999999996,6506.0864,6608.81408,102.72767999999996,5,5.714868703557734,RankSurprise
microGPi1_L_4-5+,0,17511.99744,18142.08512,630.0876800000005,17511.99744,18142.08512,630.0876800000005,13,7.198613401959514,RankSurprise
microGPi1_L_4-5+,0,25359.93344,25382.21568,22.282240000000456,25359.93344,25382.21568,22.282240000000456,3,5.004423021210009,RankSurprise
microGPi1_L_4-5+,0,26850.22208,26957.33248,107.11040000000139,26850.22208,26957.33248,107.11040000000139,5,5.479350821879283,RankSurprise
microGPi1_L_4-5+,0,29882.32704,30075.4944,193.16735999999946,29882.32704,30075.4944,193.16735999999946,6,5.039490958833177,RankSurprise
microGPi1_L_4-5+,0,30994.51392,32478.37184,1483.8579199999986,30994.51392,32478.37184,1483.8579199999986,19,3.6313383141401565,RankSurprise
microGPi1_L_4-5+,0,32845.78304,32981.1968,135.41375999999582,32845.78304,32981.1968,135.41375999999582,5,4.5890897962993265,RankSurprise
microGPi1_L_4-5+,0,35887.02208,36197.9904,310.96831999999995,35887.02208,36197.9904,310.96831999999995,7,4.065942580181805,RankSurprise
microGPi1_L_4-5+,0,42694.81984,43335.84384,641.0240000000049,42694.81984,43335.84384,641.0240000000049,12,4.985678997569641,RankSurprise
microGPi1_L_4-5+,0,45251.3792,45542.68672,291.30751999999484,45251.3792,45542.68672,291.30751999999484,8,6.416473798879024,RankSurprise
microGPi1_L_4-5+,0,48118.33344,48135.3728,17.039359999995213,48118.33344,48135.3728,17.039359999995213,3,5.655030057945693,RankSurprise
microGPi1_L_4-5+,0,48271.5648,48279.9616,8.396800000002258,48271.5648,48279.9616,8.396800000002258,3,7.323894437304444,RankSurprise
microGPi1_L_4-5+,0,50686.48448,50727.48544,41.000959999997576,50686.48448,50727.48544,41.000959999997576,3,3.802672310073712,RankSurprise
microGPi1_L_4-5+,0,56599.9616,56654.35648,54.39487999999983,56599.9616,56654.35648,54.39487999999983,4,5.6136024570583345,RankSurprise
microGPi1_L_4-5+,0,65582.57152,65615.54432,32.97280000000319,65582.57152,65615.54432,32.97280000000319,3,4.249387586547252,RankSurprise
microGPi1_L_4-5+,0,67104.03072,67213.84448,109.81376000000455,67104.03072,67213.84448,109.81376000000455,6,7.605035901040459,RankSurprise
microGPi1_L_4-5+,0,76820.84864,76965.39648,144.54783999999927,76820.84864,76965.39648,144.54783999999927,7,8.258546345726302,RankSurprise
microGPi1_L_4-5+,0,79435.44832,79466.9056,31.457280000002356,79435.44832,79466.9056,31.457280000002356,3,4.305790523141498,RankSurprise
microGPi1_L_4-5+,0,82003.64032,82014.8224,11.182079999998678,82003.64032,82014.8224,11.182079999998678,3,6.450904015965014,RankSurprise
microGPi1_L_4-5+,0,84241.73568,84343.56224,101.82656000000134,84241.73568,84343.56224,101.82656000000134,4,3.6750120193888876,RankSurprise
microGPi1_L_4-5+,0,89018.24512,89400.48384,382.2387199999939,89018.24512,89400.48384,382.2387199999939,8,4.169758975823772,RankSurprise
microGPi1_L_4-5+,0,92460.93312,92482.88768,21.95455999999831,92460.93312,92482.88768,21.95455999999831,4,8.466996874036539,RankSurprise
microGPi1_L_4-5+,0,93483.4176,93853.45024,370.0326400000049,93483.4176,93853.45024,370.0326400000049,10,7.118103368731965,RankSurprise
microGPi1_L_4-5+,0,102030.21312,102379.9296,349.7164800000028,102030.21312,102379.9296,349.7164800000028,8,5.305564533616139,RankSurprise
microGPi1_L_4-5+,0,104599.06048,104794.03008,194.96959999999672,104599.06048,104794.03008,194.96959999999672,6,4.747895346526214,RankSurprise
microGPi1_L_4-5+,0,107759.94368,107795.33312,35.38943999999901,107759.94368,107795.33312,35.38943999999901,3,4.097050442787067,RankSurprise
microGPi1_L_4-5+,0,116331.60192,116365.63968,34.03775999999198,116331.60192,116365.63968,34.03775999999198,3,4.1574172595542525,RankSurprise
microGPi1_L_4-5+,0,127601.00864,127636.72576,35.71712000000116,127601.00864,127636.72576,35.71712000000116,3,4.042306014708425,RankSurprise
microGPi1_L_4-5+,0,128813.30176,128904.02816,90.72639999999956,128813.30176,128904.02816,90.72639999999956,4,4.051043266208872,RankSurprise
microGPi1_L_4-5+,0,130415.24736,130485.00224,69.75488000000769,130415.24736,130485.00224,69.75488000000769,4,4.8360650387304105,RankSurprise
microGPi1_L_4-5+,0,130694.18496,131306.9056,612.7206399999995,130694.18496,131306.9056,612.7206399999995,13,6.8467350609206665,RankSurprise
microGPi1_L_4-5+,0,146087.85408,146182.7584,94.90432000000146,146087.85408,146182.7584,94.90432000000146,5,5.9854898370573615,RankSurprise
microGPi1_L_4-5+,0,151628.30848,151871.40608,243.09759999997914,151628.30848,151871.40608,243.09759999997914,7,5.4582457362660195,RankSurprise
microGPi1_L_4-5+,0,158659.21536,158704.35328,45.13792000000831,158659.21536,158704.35328,45.13792000000831,3,3.6041353195554233,RankSurprise
microGPi1_L_4-5+,0,182323.4048,182538.0352,214.63040000002366,182323.4048,182538.0352,214.63040000002366,6,4.312122121289926,RankSurprise
microGPi1_L_4-5+,0,184775.10656,184847.27808,72.17152000000351,184775.10656,184847.27808,72.17152000000351,5,7.055855462189843,RankSurprise
microGPi1_L_4-5+,0,185351.90528,186264.86272,912.9574399999983,185351.90528,186264.86272,912.9574399999983,17,6.809599789067934,RankSurprise
microGPi1_L_4-5+,0,191312.19968,191667.73248,355.5328000000154,191312.19968,191667.73248,355.5328000000154,9,6.123373686127322,RankSurprise
microGPi1_L_4-5+,0,192076.63616,192209.96096,133.32480000000214,192076.63616,192209.96096,133.32480000000214,5,4.622139311106128,RankSurprise
microGPi1_L_4-5+,0,193086.95552,193414.38976,327.4342400000023,193086.95552,193414.38976,327.4342400000023,8,4.821852036251064,RankSurprise
microGPi1_L_4-5+,0,214269.70624,214306.89792,37.19167999998899,214269.70624,214306.89792,37.19167999998899,3,3.989020226626307,RankSurprise
microGPi1_L_4-5+,0,217260.07296,217338.34752,78.27456000001985,217260.07296,217338.34752,78.27456000001985,5,6.77620108166408,RankSurprise
microGPi1_L_4-5+,0,219479.90016,219523.19488,43.29472000000533,219479.90016,219523.19488,43.29472000000533,3,3.6638882284007774,RankSurprise
microGPi1_L_4-5+,0,220405.43232,220430.49984,25.067520000011427,220405.43232,220430.49984,25.067520000011427,3,4.741654453149939,RankSurprise
microGPi1_L_4-5+,0,227974.92224,228023.0912,48.16895999998087,227974.92224,228023.0912,48.16895999998087,4,6.006455194919589,RankSurprise
microGPi1_L_4-5+,0,228906.27072,228912.98816,6.7174400000076275,228906.27072,228912.98816,6.7174400000076275,3,8.004839144076426,RankSurprise
microGPi1_L_4-5+,0,231633.38752,232128.88064,495.4931199999992,231633.38752,232128.88064,495.4931199999992,11,6.899291619305301,RankSurprise
microGPi1_L_4-5+,0,240312.19712,240389.81632,77.61920000001555,240312.19712,240389.81632,77.61920000001555,4,4.589271883016796,RankSurprise
microGPi1_L_4-5+,0,242849.3824,242857.49248,8.11007999998401,242849.3824,242857.49248,8.11007999998401,3,7.405125970162578,RankSurprise
microGPi1_L_4-5+,0,249921.29024,250052.85376,131.56351999999606,249921.29024,250052.85376,131.56351999999606,5,4.787285872256529,RankSurprise
microGPi1_L_4-5+,0,251586.06848,251669.01248,82.9440000000177,251586.06848,251669.01248,82.9440000000177,4,4.236228706041576,RankSurprise
microGPi1_L_4-5+,0,253937.58208,254096.7936,159.21152000001166,253937.58208,254096.7936,159.21152000001166,5,3.984995882641744,RankSurprise
microGPi1_L_4-5+,0,255578.80832,255610.63424,31.825920000002952,255578.80832,255610.63424,31.825920000002952,4,7.181170524930959,RankSurprise
microGPi1_L_4-5+,0,264157.7984,264199.3728,41.57439999998314,264157.7984,264199.3728,41.57439999998314,3,3.758677272790562,RankSurprise
microGPi1_L_4-5+,0,268523.56096,268606.75072,83.1897600000375,268523.56096,268606.75072,83.1897600000375,4,4.290595951650236,RankSurprise
microGPi1_L_4-5+,0,269392.65024,269884.45696,491.8067199999932,269392.65024,269884.45696,491.8067199999932,9,3.7289606824157935,RankSurprise
microGPi1_L_4-5+,0,274882.92864,275364.53632,481.60768000001553,274882.92864,275364.53632,481.60768000001553,9,3.521229501591981,RankSurprise
microGPi1_L_4-5+,0,281714.52416,281819.58656,105.06240000005346,281714.52416,281819.58656,105.06240000005346,4,3.588919999893445,RankSurprise
microGPi1_L_4-5+,0,282723.328,283592.2944,868.9664000000339,282723.328,283592.2944,868.9664000000339,18,8.591828439159292,RankSurprise
microGPi1_L_4-5+,0,284686.82752,284808.97024,122.14272000000346,284686.82752,284808.97024,122.14272000000346,6,7.0355583999010705,RankSurprise
microGPi1_L_4-5+,0,286534.57408,286760.50944,225.93536000000313,286534.57408,286760.50944,225.93536000000313,6,4.045206372925816,RankSurprise
microGPi1_L_4-5+,0,290068.02944,290238.99648,170.96703999995952,290068.02944,290238.99648,170.96703999995952,5,3.6934309157624696,RankSurprise
microGPi1_L_4-5+,0,291851.50976,292253.9008,402.3910400000168,291851.50976,292253.9008,402.3910400000168,10,6.20102006821185,RankSurprise
microGPi1_L_4-5+,0,294377.79968,294624.29696,246.4972800000105,294377.79968,294624.29696,246.4972800000105,8,6.942541137174336,RankSurprise
microGPi1_L_4-5+,0,307056.76288,308374.81472,1318.0518400000292,307056.76288,308374.81472,1318.0518400000292,24,9.506784273877974,RankSurprise
microGPi1_L_4-5+,0,309738.53696,309963.69408,225.15711999998894,309738.53696,309963.69408,225.15711999998894,7,5.702281684464628,RankSurprise
microGPi1_L_4-5+,0,313675.40736,313751.7568,76.34943999996176,313675.40736,313751.7568,76.34943999996176,5,6.87332825396086,RankSurprise
microGPi1_L_4-5+,0,314916.49536,315214.11072,297.61535999999614,314916.49536,315214.11072,297.61535999999614,7,4.252315733821588,RankSurprise
microGPi1_L_4-5+,0,317205.62688,317382.28736,176.66048000002047,317205.62688,317382.28736,176.66048000002047,5,3.543352773826456,RankSurprise
microGPi1_L_4-5+,0,319724.83072,319762.2272,37.39647999999579,319724.83072,319762.2272,37.39647999999579,3,4.015485664804464,RankSurprise
microGPi1_L_4-5+,0,328065.96608,328084.76672,18.8006400000304,328065.96608,328084.76672,18.8006400000304,3,5.403686604194936,RankSurprise
microGPi1_L_4-5+,0,330321.96096,330394.86976,72.9087999999756,330321.96096,330394.86976,72.9087999999756,4,4.614168305573223,RankSurprise
microGPi1_L_4-5+,0,336301.056,336449.98656,148.93056000000797,336301.056,336449.98656,148.93056000000797,5,4.301409994549065,RankSurprise
microGPi1_L_4-5+,0,337696.84992,338773.56544,1076.7155199999688,337696.84992,338773.56544,1076.7155199999688,19,7.205715586679982,RankSurprise
microGPi1_L_4-5+,0,343220.224,343259.46368,39.23967999999877,343220.224,343259.46368,39.23967999999877,3,3.819854559020337,RankSurprise
microGPi1_L_4-5+,0,348044.4928,348080.16896,35.676159999973606,348044.4928,348080.16896,35.676159999973606,3,4.093090041570971,RankSurprise
microGPi1_L_4-5+,0,352803.06176,353178.624,375.5622399999993,352803.06176,353178.624,375.5622399999993,8,4.229797897245751,RankSurprise
microGPi1_L_4-5+,0,358252.25728,358340.97664,88.71935999998823,358252.25728,358340.97664,88.71935999998823,7,11.296788118064825,RankSurprise
microGPi1_L_4-5+,0,367581.14304,367783.60832,202.465280000004,367581.14304,367783.60832,202.465280000004,6,4.547588542904528,RankSurprise
microGPi1_L_4-5+,0,368070.69696,368084.95104,14.25408000004245,368070.69696,368084.95104,14.25408000004245,3,6.04488763992668,RankSurprise
microGPi1_L_4-5+,0,369347.1744,369352.74496,5.570559999963734,369347.1744,369352.74496,5.570559999963734,3,8.700336501981326,RankSurprise
microGPi1_L_4-5+,0,373317.55008,373391.64672,74.09664000000339,373317.55008,373391.64672,74.09664000000339,4,4.653311474417762,RankSurprise
microGPi1_L_4-5+,0,376643.584,376757.53472,113.95072000002256,376643.584,376757.53472,113.95072000002256,5,5.2593640114057685,RankSurprise
microGPi1_L_4-5+,0,394261.42208,394656.1536,394.7315200000303,394261.42208,394656.1536,394.7315200000303,8,3.7055938321840354,RankSurprise
microGPi1_L_4-5+,0,396733.68576,396767.4368,33.75104000000283,396733.68576,396767.4368,33.75104000000283,3,4.198698438820946,RankSurprise
microGPi1_L_4-5+,0,400394.81344,400423.07584,28.262400000006892,400394.81344,400423.07584,28.262400000006892,3,4.5241047802870415,RankSurprise
microGPi1_L_4-5+,0,401400.46336,401480.00768,79.54431999998633,401400.46336,401480.00768,79.54431999998633,4,4.425765500660898,RankSurprise
microGPi1_L_4-5+,1,4620.94336,4939.776,318.8326399999996,4620.94336,4939.776,318.8326399999996,5,4.060191646825427,RankSurprise
microGPi1_L_4-5+,1,10033.3568,10460.7744,427.4176000000007,10033.3568,10460.7744,427.4176000000007,6,4.483382690091477,RankSurprise
microGPi1_L_4-5+,1,17201.52064,17557.05344,355.53280000000086,17201.52064,17557.05344,355.53280000000086,6,5.022181900308972,RankSurprise
microGPi1_L_4-5+,1,26031.5136,26095.77984,64.26624000000083,26031.5136,26095.77984,64.26624000000083,3,4.148688729511727,RankSurprise
microGPi1_L_4-5+,1,30202.63424,30251.2128,48.578560000001744,30202.63424,30251.2128,48.578560000001744,3,4.766243516867595,RankSurprise
microGPi1_L_4-5+,1,30778.24512,34031.86176,3253.61664,30778.24512,34031.86176,3253.61664,30,11.974193389801679,RankSurprise
microGPi1_L_4-5+,1,36315.91424,36387.51232,71.59808000000339,36315.91424,36387.51232,71.59808000000339,3,3.9194570541719287,RankSurprise
microGPi1_L_4-5+,1,38202.49088,38738.1248,535.6339200000002,38202.49088,38738.1248,535.6339200000002,6,3.5095816517132876,RankSurprise
microGPi1_L_4-5+,1,40231.28064,40514.39616,283.1155199999994,40231.28064,40514.39616,283.1155199999994,5,4.267223814869499,RankSurprise
microGPi1_L_4-5+,1,48328.25344,48524.24704,195.9936000000016,48328.25344,48524.24704,195.9936000000016,4,3.6887338365206936,RankSurprise
microGPi1_L_4-5+,1,57547.69408,57641.32864,93.6345599999986,57547.69408,57641.32864,93.6345599999986,3,3.510744818745186,RankSurprise
microGPi1_L_4-5+,1,58266.86976,58350.01856,83.14879999999539,58266.86976,58350.01856,83.14879999999539,3,3.719934312571848,RankSurprise
microGPi1_L_4-5+,1,92078.12096,93520.73216,1442.6111999999994,92078.12096,93520.73216,1442.6111999999994,12,4.454464189775991,RankSurprise
microGPi1_L_4-5+,1,101121.14688,101324.96384,203.81695999999647,101121.14688,101324.96384,203.81695999999647,4,3.6433928751392877,RankSurprise
microGPi1_L_4-5+,1,107116.87168,107904.49152,787.6198399999994,107116.87168,107904.49152,787.6198399999994,8,4.139020860027711,RankSurprise
microGPi1_L_4-5+,1,128397.1072,128707.33824,310.23103999999876,128397.1072,128707.33824,310.23103999999876,6,5.972811967084986,RankSurprise
microGPi1_L_4-5+,1,131128.81152,131523.7888,394.977280000021,131128.81152,131523.7888,394.977280000021,6,4.969457282311311,RankSurprise
microGPi1_L_4-5+,1,133019.8528,133187.42016,167.56736000001547,133019.8528,133187.42016,167.56736000001547,4,4.211432109667292,RankSurprise
microGPi1_L_4-5+,1,140027.86304,140239.62624,211.7632000000158,140027.86304,140239.62624,211.7632000000158,5,5.373929335735429,RankSurprise
microGPi1_L_4-5+,1,141256.704,141325.88544,69.18144000001485,141256.704,141325.88544,69.18144000001485,3,3.9674046965874314,RankSurprise
microGPi1_L_4-5+,1,146109.60384,146196.02944,86.42560000001686,146109.60384,146196.02944,86.42560000001686,3,3.606808672746725,RankSurprise
microGPi1_L_4-5+,1,147782.73792,148024.77056,242.03263999999035,147782.73792,148024.77056,242.03263999999035,5,4.965818820254061,RankSurprise
microGPi1_L_4-5+,1,150500.80256,150546.2272,45.4246399999829,150500.80256,150546.2272,45.4246399999829,3,4.829241285151273,RankSurprise
microGPi1_L_4-5+,1,154466.304,154594.54976,128.2457599999907,154466.304,154594.54976,128.2457599999907,4,4.918485759373244,RankSurprise
microGPi1_L_4-5+,1,170369.2288,170404.53632,35.307520000002114,170369.2288,170404.53632,35.307520000002114,3,5.508602936663143,RankSurprise
microGPi1_L_4-5+,1,184894.2592,185469.41952,575.1603199999954,184894.2592,185469.41952,575.1603199999954,7,4.327338984751761,RankSurprise
microGPi1_L_4-5+,1,202902.40512,203213.824,311.4188799999829,202902.40512,203213.824,311.4188799999829,6,5.837896338677034,RankSurprise
microGPi1_L_4-5+,1,204709.19168,205361.52064,652.3289600000135,204709.19168,205361.52064,652.3289600000135,8,5.198330375432206,RankSurprise
microGPi1_L_4-5+,1,209288.06912,209356.43136,68.36223999998765,209288.06912,209356.43136,68.36223999998765,3,3.9743491689402415,RankSurprise
microGPi1_L_4-5+,1,220892.24192,220934.02112,41.77919999998994,220892.24192,220934.02112,41.77919999998994,3,5.115445328796662,RankSurprise
microGPi1_L_4-5+,1,223851.02848,223923.32288,72.29439999998431,223851.02848,223923.32288,72.29439999998431,3,3.981317838256336,RankSurprise
microGPi1_L_4-5+,1,228340.81792,228380.18048,39.36256000000867,228340.81792,228380.18048,39.36256000000867,3,5.203510740667026,RankSurprise
microGPi1_L_4-5+,1,239194.7264,239301.18144,106.45503999997163,239194.7264,239301.18144,106.45503999997163,5,8.01559410889777,RankSurprise
microGPi1_L_4-5+,1,247277.69088,247356.86656,79.17567999998573,247277.69088,247356.86656,79.17567999998573,3,3.7758387081783518,RankSurprise
microGPi1_L_4-5+,1,248398.92992,248998.62528,599.6953600000124,248398.92992,248998.62528,599.6953600000124,7,4.028977628459591,RankSurprise
microGPi1_L_4-5+,1,252177.08032,252510.0032,332.92287999999826,252177.08032,252510.0032,332.92287999999826,6,5.384845781124291,RankSurprise
microGPi1_L_4-5+,1,257034.97728,257380.72064,345.7433600000222,257034.97728,257380.72064,345.7433600000222,5,3.6849163236651385,RankSurprise
microGPi1_L_4-5+,1,269173.02272,269259.24352,86.22080000001006,269173.02272,269259.24352,86.22080000001006,4,6.038922117370536,RankSurprise
microGPi1_L_4-5+,1,275584.94208,277486.83776,1901.895680000016,275584.94208,277486.83776,1901.895680000016,19,8.776218077495631,RankSurprise
microGPi1_L_4-5+,1,302893.99808,303090.15552,196.15743999998085,302893.99808,303090.15552,196.15743999998085,4,3.696357737012832,RankSurprise
microGPi1_L_4-5+,1,311383.36768,311402.37312,19.00543999997899,311383.36768,311402.37312,19.00543999997899,3,6.785616745745134,RankSurprise
microGPi1_L_4-5+,1,312139.1616,312181.06368,41.902080000028946,312139.1616,312181.06368,41.902080000028946,3,5.140213684617519,RankSurprise
microGPi1_L_4-5+,1,313207.93088,313257.41056,49.47967999998946,313207.93088,313257.41056,49.47967999998946,3,4.607350082153529,RankSurprise
microGPi1_L_4-5+,1,326733.04576,326906.18368,173.1379200000083,326733.04576,326906.18368,173.1379200000083,5,6.07668521952068,RankSurprise
microGPi1_L_4-5+,1,328047.2064,328064.45056,17.24416000000201,328047.2064,328064.45056,17.24416000000201,3,6.902444503418417,RankSurprise
microGPi1_L_4-5+,1,336408.82176,337203.77344,794.9516799999983,336408.82176,337203.77344,794.9516799999983,8,3.896679936077147,RankSurprise
microGPi1_L_4-5+,1,338607.34976,338728.38656,121.03680000000168,338607.34976,338728.38656,121.03680000000168,5,7.5630839663215035,RankSurprise
microGPi1_L_4-5+,1,340382.84288,340460.91264,78.06975999998394,340382.84288,340460.91264,78.06975999998394,3,3.7016414596099114,RankSurprise
microGPi1_L_4-5+,1,345733.40672,345971.17952,237.772799999977,345733.40672,345971.17952,237.772799999977,5,5.003954755835757,RankSurprise
microGPi1_L_4-5+,1,352429.6704,352508.02688,78.35648000001675,352429.6704,352508.02688,78.35648000001675,3,3.7884770124232627,RankSurprise
microGPi1_L_4-5+,1,375915.02848,376129.69984,214.67136000003666,375915.02848,376129.69984,214.67136000003666,4,3.5293385591745476,RankSurprise
microGPi1_L_4-5+,1,384534.44608,384833.00352,298.55744000000414,384534.44608,384833.00352,298.55744000000414,5,4.224951253638292,RankSurprise
microGPi1_L_4-5+,1,387469.47584,387567.45216,97.97631999995792,387469.47584,387567.45216,97.97631999995792,4,5.634162338835054,RankSurprise
microGPi1_L_4-5+,1,396405.1456,396605.44,200.2944000000134,396405.1456,396605.44,200.2944000000134,5,5.454120840140078,RankSurprise
microGPi1_L_4-6+,2,17194.06592,17248.99328,54.92735999999786,17194.06592,17248.99328,54.92735999999786,6,10.12193742471883,RankSurprise
microGPi1_L_4-6+,2,25375.49824,25647.34976,271.85152000000016,25375.49824,25647.34976,271.85152000000016,7,4.240992198718766,RankSurprise
microGPi1_L_4-6+,2,26095.69792,26121.05216,25.354240000000573,26095.69792,26121.05216,25.354240000000573,4,6.875292212748999,RankSurprise
microGPi1_L_4-6+,2,27877.94944,27906.90816,28.95871999999872,27877.94944,27906.90816,28.95871999999872,3,4.034123009101505,RankSurprise
microGPi1_L_4-6+,2,32285.45024,32345.57952,60.12928000000102,32285.45024,32345.57952,60.12928000000102,5,7.0647776394998125,RankSurprise
microGPi1_L_4-6+,2,36959.68256,36985.81504,26.132480000000214,36959.68256,36985.81504,26.132480000000214,3,4.238204701283584,RankSurprise
microGPi1_L_4-6+,2,39697.89952,39723.99104,26.091520000001765,39697.89952,39723.99104,26.091520000001765,3,4.385190461711291,RankSurprise
microGPi1_L_4-6+,2,47272.05888,47303.76192,31.70304000000033,47272.05888,47303.76192,31.70304000000033,5,9.130036588264986,RankSurprise
microGPi1_L_4-6+,2,52945.01888,52979.34336,34.324479999995674,52945.01888,52979.34336,34.324479999995674,3,3.949261708192793,RankSurprise
microGPi1_L_4-6+,2,70443.74528,70475.3664,31.621119999996154,70443.74528,70475.3664,31.621119999996154,3,3.9973121155250073,RankSurprise
microGPi1_L_4-6+,2,76700.09856,77072.30208,372.2035199999955,76700.09856,77072.30208,372.2035199999955,11,7.7116558655287974,RankSurprise
microGPi1_L_4-6+,2,77320.76544,78553.98912,1233.2236799999955,77320.76544,78553.98912,1233.2236799999955,17,3.8874190605161187,RankSurprise
microGPi1_L_4-6+,2,88891.43296,89196.58496,305.1519999999873,88891.43296,89196.58496,305.1519999999873,8,4.871306852553887,RankSurprise
microGPi1_L_4-6+,2,91528.31488,92473.46688,945.1520000000019,91528.31488,92473.46688,945.1520000000019,14,4.146294024063338,RankSurprise
microGPi1_L_4-6+,2,111407.34976,111423.65184,16.302080000008573,111407.34976,111423.65184,16.302080000008573,3,4.989464067350543,RankSurprise
microGPi1_L_4-6+,2,111874.74432,112770.8672,896.1228799999953,111874.74432,112770.8672,896.1228799999953,17,6.430123696556178,RankSurprise
microGPi1_L_4-6+,2,124248.6784,124344.19712,95.51871999999275,124248.6784,124344.19712,95.51871999999275,4,3.700244151712166,RankSurprise
microGPi1_L_4-6+,2,128039.28064,128114.40128,75.12064000000828,128039.28064,128114.40128,75.12064000000828,4,4.199606318228565,RankSurprise
microGPi1_L_4-6+,2,130923.56096,131154.16576,230.60480000000098,130923.56096,131154.16576,230.60480000000098,13,15.789192168652528,RankSurprise
microGPi1_L_4-6+,2,138002.432,138038.80448,36.3724799999909,138002.432,138038.80448,36.3724799999909,3,3.5849480296268066,RankSurprise
microGPi1_L_4-6+,2,140208.08704,140246.95808,38.871039999998175,140208.08704,140246.95808,38.871039999998175,3,3.7003320986610806,RankSurprise
microGPi1_L_4-6+,2,145651.87584,145718.6816,66.80576000001747,145651.87584,145718.6816,66.80576000001747,4,4.45450223720006,RankSurprise
microGPi1_L_4-6+,2,147574.5792,147646.95552,72.3763199999812,147574.5792,147646.95552,72.3763199999812,4,4.523207571773138,RankSurprise
microGPi1_L_4-6+,2,152255.488,152729.6,474.1119999999937,152255.488,152729.6,474.1119999999937,11,6.24394198056887,RankSurprise
microGPi1_L_4-6+,2,158583.808,159267.75808,683.9500800000096,158583.808,159267.75808,683.9500800000096,13,5.197047018506028,RankSurprise
microGPi1_L_4-6+,2,171606.38464,171697.7664,91.3817599999893,171606.38464,171697.7664,91.3817599999893,4,3.6761300198706266,RankSurprise
microGPi1_L_4-6+,2,178286.10048,178308.75136,22.650880000001052,178286.10048,178308.75136,22.650880000001052,4,7.140366058174557,RankSurprise
microGPi1_L_4-6+,2,182020.99712,183212.81024,1191.813119999977,182020.99712,183212.81024,1191.813119999977,23,10.790900215178743,RankSurprise
microGPi1_L_4-6+,2,184169.0624,185537.20832,1368.14592000001,184169.0624,185537.20832,1368.14592000001,29,14.096187216814787,RankSurprise
microGPi1_L_4-6+,2,186969.74336,186987.43808,17.694719999999506,186969.74336,186987.43808,17.694719999999506,3,4.823499254491658,RankSurprise
microGPi1_L_4-6+,2,191495.82336,191631.93344,136.110079999984,191495.82336,191631.93344,136.110079999984,5,4.250333797603215,RankSurprise
microGPi1_L_4-6+,2,192170.63936,192199.76192,29.12255999998888,192170.63936,192199.76192,29.12255999998888,3,4.21096247427826,RankSurprise
microGPi1_L_4-6+,2,201562.80832,201574.97344,12.165119999990566,201562.80832,201574.97344,12.165119999990566,3,5.468464860594876,RankSurprise
microGPi1_L_4-6+,2,227395.7888,227402.79296,7.004159999982221,227395.7888,227402.79296,7.004159999982221,3,6.553122195770289,RankSurprise
microGPi1_L_4-6+,2,228491.264,229050.49088,559.226880000002,228491.264,229050.49088,559.226880000002,11,4.768756145542162,RankSurprise
microGPi1_L_4-6+,2,230919.08608,231056.5888,137.5027199999895,230919.08608,231056.5888,137.5027199999895,5,4.112595595317099,RankSurprise
microGPi1_L_4-6+,2,231631.62624,231821.43488,189.80863999997382,231631.62624,231821.43488,189.80863999997382,6,5.0240701908575645,RankSurprise
microGPi1_L_4-6+,2,243806.69952,244042.17856,235.47904000000563,243806.69952,244042.17856,235.47904000000563,8,6.43353157786487,RankSurprise
microGPi1_L_4-6+,2,250445.12768,250524.50816,79.38047999999253,250445.12768,250524.50816,79.38047999999253,4,4.005828189877182,RankSurprise
microGPi1_L_4-6+,2,251618.63168,252235.1616,616.5299200000009,251618.63168,252235.1616,616.5299200000009,15,9.112956228885215,RankSurprise
microGPi1_L_4-6+,2,255748.95616,255840.74752,91.7913600000029,255748.95616,255840.74752,91.7913600000029,7,9.775737035222328,RankSurprise
microGPi1_L_4-6+,2,257039.19616,257118.90432,79.70816000000923,257039.19616,257118.90432,79.70816000000923,5,5.953752066351978,RankSurprise
microGPi1_L_4-6+,2,258582.40512,258594.6112,12.206080000003567,258582.40512,258594.6112,12.206080000003567,3,5.4854501772537585,RankSurprise
microGPi1_L_4-6+,2,262104.6784,262180.98688,76.30847999997786,262104.6784,262180.98688,76.30847999997786,4,4.260002261935931,RankSurprise
microGPi1_L_4-6+,2,263429.12,263456.68608,27.5660800000187,263429.12,263456.68608,27.5660800000187,3,4.08005409656861,RankSurprise
microGPi1_L_4-6+,2,274313.33888,278875.99616,4562.657279999985,274313.33888,278875.99616,4562.657279999985,66,14.028428632442102,RankSurprise
microGPi1_L_4-6+,2,280677.7856,280746.5984,68.81280000001425,280677.7856,280746.5984,68.81280000001425,4,4.48865822437374,RankSurprise
microGPi1_L_4-6+,2,281655.13216,281810.5344,155.4022400000249,281655.13216,281810.5344,155.4022400000249,6,5.363076145100813,RankSurprise
microGPi1_L_4-6+,2,282151.3216,282184.9088,33.587199999950826,282151.3216,282184.9088,33.587199999950826,4,6.395672813777264,RankSurprise
microGPi1_L_4-6+,2,283282.35008,283597.08672,314.73664000001736,283282.35008,283597.08672,314.73664000001736,9,6.054445648205632,RankSurprise
microGPi1_L_4-6+,2,284745.40032,284925.62432,180.22399999998743,284745.40032,284925.62432,180.22399999998743,6,4.851984323306951,RankSurprise
microGPi1_L_4-6+,2,285969.12128,286280.74496,311.6236799999606,285969.12128,286280.74496,311.6236799999606,8,4.694009476360191,RankSurprise
microGPi1_L_4-6+,2,287572.3776,287589.49888,17.121280000021216,287572.3776,287589.49888,17.121280000021216,3,4.892041954343073,RankSurprise
microGPi1_L_4-6+,2,288194.72384,288230.07232,35.34847999998601,288194.72384,288230.07232,35.34847999998601,3,3.638418252449755,RankSurprise
microGPi1_L_4-6+,2,289704.79616,289730.9696,26.17343999998411,289704.79616,289730.9696,26.17343999998411,3,4.346212312699608,RankSurprise
microGPi1_L_4-6+,2,299688.79616,299718.61504,29.81887999997707,299688.79616,299718.61504,29.81887999997707,3,4.034123009101505,RankSurprise
microGPi1_L_4-6+,2,313751.7568,314094.83776,343.08096000005025,313751.7568,314094.83776,343.08096000005025,8,4.750968355966494,RankSurprise
microGPi1_L_4-6+,2,315032.82176,315222.34368,189.52191999997012,315032.82176,315222.34368,189.52191999997012,7,6.04990909295502,RankSurprise
microGPi1_L_4-6+,2,315696.08704,315757.89568,61.808640000002924,315696.08704,315757.89568,61.808640000002924,4,4.783189062771658,RankSurprise
microGPi1_L_4-6+,2,317029.00736,317034.94656,5.939200000022538,317029.00736,317034.94656,5.939200000022538,3,6.817074518376833,RankSurprise
microGPi1_L_4-6+,2,326180.864,326213.71392,32.84992000000784,326180.864,326213.71392,32.84992000000784,3,3.91008314061032,RankSurprise
microGPi1_L_4-6+,2,328047.2064,328081.24416,34.037759999977425,328047.2064,328081.24416,34.037759999977425,4,6.31040934665716,RankSurprise
microGPi1_L_4-6+,2,331322.5728,331332.73088,10.158079999964684,331322.5728,331332.73088,10.158079999964684,3,6.0089029245995835,RankSurprise
microGPi1_L_4-6+,2,335004.38528,335101.1328,96.74752000003355,335004.38528,335101.1328,96.74752000003355,8,12.019864470539893,RankSurprise
microGPi1_L_4-6+,2,336337.01888,336483.08224,146.0633600000292,336337.01888,336483.08224,146.0633600000292,8,9.33098085333652,RankSurprise
microGPi1_L_4-6+,2,338197.74976,339102.5152,904.7654400000465,338197.74976,339102.5152,904.7654400000465,19,9.341384238077014,RankSurprise
microGPi1_L_4-6+,2,343089.07008,343287.76704,198.69696000003023,343089.07008,343287.76704,198.69696000003023,9,9.320082542304625,RankSurprise
microGPi1_L_4-6+,2,344970.52672,344983.42912,12.902399999962654,344970.52672,344983.42912,12.902399999962654,3,5.546061160319775,RankSurprise
microGPi1_L_4-6+,2,346470.89152,346526.72,55.828479999967385,346470.89152,346526.72,55.828479999967385,4,4.9387315774336145,RankSurprise
microGPi1_L_4-6+,2,364964.61824,365109.82144,145.20320000004722,364964.61824,365109.82144,145.20320000004722,5,3.8763926621138225,RankSurprise
microGPi1_L_4-6+,2,365508.48512,365545.02144,36.536319999955595,365508.48512,365545.02144,36.536319999955595,3,3.5981821647196117,RankSurprise
microGPi1_L_4-6+,2,373366.9888,373391.64672,24.657920000026934,373366.9888,373391.64672,24.657920000026934,3,4.440056830600016,RankSurprise
microGPi1_L_4-6+,2,373666.65216,374078.13632,411.4841599999927,373666.65216,374078.13632,411.4841599999927,9,4.37436152827565,RankSurprise
microGPi1_L_4-6+,2,375083.74528,375480.89344,397.14816000004066,375083.74528,375480.89344,397.14816000004066,9,5.039520694195805,RankSurprise
microGPi1_L_4-6+,2,375879.96672,375934.93504,54.9683199999854,375879.96672,375934.93504,54.9683199999854,4,5.1168662441524795,RankSurprise
microGPi1_L_4-6+,2,376676.67968,376891.22816,214.54847999999765,376676.67968,376891.22816,214.54847999999765,6,4.111267259460334,RankSurprise
microGPi1_L_4-6+,2,384119.64416,384439.54176,319.8975999999675,384119.64416,384439.54176,319.8975999999675,7,3.6773219791642955,RankSurprise
microGPi1_L_4-6+,2,390445.95712,390481.67424,35.717120000044815,390445.95712,390481.67424,35.717120000044815,3,3.65201219735051,RankSurprise
microGPi1_L_4-6+,2,400353.19808,400395.0592,41.861120000015944,400353.19808,400395.0592,41.861120000015944,3,3.5619969426722644,RankSurprise
microGPi1_L_4-6+,3,21960.2944,22585.87648,625.5820800000001,21960.2944,22585.87648,625.5820800000001,12,7.714579505136988,RankSurprise
microGPi1_L_4-6+,3,25329.74592,25399.37792,69.63199999999779,25329.74592,25399.37792,69.63199999999779,4,4.8945888286905195,RankSurprise
microGPi1_L_4-6+,3,31646.55616,42704.85504,11058.298880000002,31646.55616,42704.85504,11058.298880000002,76,20.754726582683247,RankSurprise
microGPi1_L_4-6+,3,62223.7696,62231.71584,7.946239999997488,62223.7696,62231.71584,7.946239999997488,4,8.190954655299617,RankSurprise
microGPi1_L_4-6+,3,277135.7696,277244.76416,108.99456000002101,277135.7696,277244.76416,108.99456000002101,5,5.780962555505255,RankSurprise
microGPi1_L_4-6+,3,336804.33152,336819.73248,15.400959999999031,336804.33152,336819.73248,15.400959999999031,3,4.5029553793696415,RankSurprise
microGPi1_L_4-6+,3,348487.63904,348550.92224,63.28320000000531,348487.63904,348550.92224,63.28320000000531,5,6.534735219958094,RankSurprise
microGPi1_L_4-6+,3,397390.0288,397392.65024,2.6214400000171736,397390.0288,397392.65024,2.6214400000171736,3,7.503222808089024,RankSurprise
microGPi1_L_4-6+,4,5003.83744,5136.75264,132.91519999999946,5003.83744,5136.75264,132.91519999999946,5,4.927568805706045,RankSurprise
microGPi1_L_4-6+,4,15914.76224,16591.54432,676.7820800000009,15914.76224,16591.54432,676.7820800000009,11,3.911740930711396,RankSurprise
microGPi1_L_4-6+,4,17201.02912,17220.89472,19.865600000000995,17201.02912,17220.89472,19.865600000000995,5,12.501692110133096,RankSurprise
microGPi1_L_4-6+,4,17376.6656,17564.54912,187.8835199999994,17376.6656,17564.54912,187.8835199999994,6,5.393033841921444,RankSurprise
microGPi1_L_4-6+,4,17769.75872,17984.83968,215.08095999999932,17769.75872,17984.83968,215.08095999999932,6,4.698068634863595,RankSurprise
microGPi1_L_4-6+,4,23814.63552,23864.81152,50.175999999999476,23814.63552,23864.81152,50.175999999999476,3,3.511889633309341,RankSurprise
microGPi1_L_4-6+,4,25541.71392,25896.01792,354.3040000000001,25541.71392,25896.01792,354.3040000000001,9,6.477189853019141,RankSurprise
microGPi1_L_4-6+,4,30371.6352,30480.67072,109.03551999999763,30371.6352,30480.67072,109.03551999999763,4,3.773721759317489,RankSurprise
microGPi1_L_4-6+,4,32290.93888,32294.78912,3.850239999999758,32290.93888,32294.78912,3.850239999999758,3,8.630750166989564,RankSurprise
microGPi1_L_4-6+,4,32384.28672,32478.208,93.92127999999866,32384.28672,32478.208,93.92127999999866,4,4.152641090937205,RankSurprise
microGPi1_L_4-6+,4,32683.78624,33482.38336,798.5971199999985,32683.78624,33482.38336,798.5971199999985,14,6.062490395788185,RankSurprise
microGPi1_L_4-6+,4,35326.11584,35362.97984,36.8640000000014,35326.11584,35362.97984,36.8640000000014,3,4.097034134990377,RankSurprise
microGPi1_L_4-6+,4,36723.95776,37227.9296,503.9718400000056,36723.95776,37227.9296,503.9718400000056,13,9.59027658099026,RankSurprise
microGPi1_L_4-6+,4,39342.20288,39585.792,243.5891200000042,39342.20288,39585.792,243.5891200000042,6,4.042594911432885,RankSurprise
microGPi1_L_4-6+,4,39842.32448,39853.79328,11.468799999995099,39842.32448,39853.79328,11.468799999995099,3,6.445501780700063,RankSurprise
microGPi1_L_4-6+,4,41517.34272,41626.99264,109.6499199999962,41517.34272,41626.99264,109.6499199999962,4,3.7796603970946947,RankSurprise
microGPi1_L_4-6+,4,51951.65696,51985.408,33.75104000000283,51951.65696,51985.408,33.75104000000283,3,4.309623658800824,RankSurprise
microGPi1_L_4-6+,4,54228.33664,54840.68864,612.351999999999,54228.33664,54840.68864,612.351999999999,11,4.741665865315502,RankSurprise
microGPi1_L_4-6+,4,57344.16384,57356.82048,12.656640000001062,57344.16384,57356.82048,12.656640000001062,3,6.374277009641073,RankSurprise
microGPi1_L_4-6+,4,57896.42752,58036.26496,139.83744000000297,57896.42752,58036.26496,139.83744000000297,6,6.723722903700647,RankSurprise
microGPi1_L_4-6+,4,59441.31584,59688.26368,246.94783999999345,59441.31584,59688.26368,246.94783999999345,6,3.925426273072147,RankSurprise
microGPi1_L_4-6+,4,61064.92928,61084.38528,19.456000000005588,61064.92928,61084.38528,19.456000000005588,3,5.3409923470616185,RankSurprise
microGPi1_L_4-6+,4,61300.736,61398.17984,97.44383999999991,61300.736,61398.17984,97.44383999999991,4,4.0038140240997,RankSurprise
microGPi1_L_4-6+,4,73271.00928,73319.54688,48.53759999999602,73271.00928,73319.54688,48.53759999999602,3,3.5598468208791907,RankSurprise
microGPi1_L_4-6+,4,77686.00576,77717.58592,31.580159999997704,77686.00576,77717.58592,31.580159999997704,3,4.438285523622277,RankSurprise
microGPi1_L_4-6+,4,80071.10656,80076.55424,5.44767999999749,80071.10656,80076.55424,5.44767999999749,3,7.962920794413911,RankSurprise
microGPi1_L_4-6+,4,82582.07744,82598.25664,16.179200000013225,82582.07744,82598.25664,16.179200000013225,3,5.7400177237874175,RankSurprise
microGPi1_L_4-6+,4,83495.36256,83543.28576,47.92320000000473,83495.36256,83543.28576,47.92320000000473,3,3.5684305294342895,RankSurprise
microGPi1_L_4-6+,4,93793.6896,94042.112,248.42239999999583,93793.6896,94042.112,248.42239999999583,6,3.9829277920022093,RankSurprise
microGPi1_L_4-6+,4,95716.22912,95843.40992,127.18080000000191,95716.22912,95843.40992,127.18080000000191,5,5.209344764301452,RankSurprise
microGPi1_L_4-6+,4,101910.36416,102423.01952,512.6553600000043,101910.36416,102423.01952,512.6553600000043,9,3.9080856739459318,RankSurprise
microGPi1_L_4-6+,4,107483.79136,107648.98304,165.19168000000354,107483.79136,107648.98304,165.19168000000354,5,4.0656945210362565,RankSurprise
microGPi1_L_4-6+,4,108235.93984,108328.01792,92.07807999999204,108235.93984,108328.01792,92.07807999999204,4,4.216135548701672,RankSurprise
microGPi1_L_4-6+,4,109312.98304,109380.23936,67.25632000000041,109312.98304,109380.23936,67.25632000000041,4,5.115304111144393,RankSurprise
microGPi1_L_4-6+,4,112516.25984,112532.43904,16.179199999998673,112516.25984,112532.43904,16.179199999998673,3,5.765659217725176,RankSurprise
microGPi1_L_4-6+,4,117880.50432,118131.5072,251.00288,117880.50432,118131.5072,251.00288,6,3.905464399715368,RankSurprise
microGPi1_L_4-6+,4,129347.95264,129381.82656,33.87391999999818,129347.95264,129381.82656,33.87391999999818,3,4.276667162377642,RankSurprise
microGPi1_L_4-6+,4,130683.94496,130741.6576,57.71264000001247,130683.94496,130741.6576,57.71264000001247,5,8.173138428329338,RankSurprise
microGPi1_L_4-6+,4,135013.45792,135400.32512,386.86720000000787,135013.45792,135400.32512,386.86720000000787,9,5.9176941534772265,RankSurprise
microGPi1_L_4-6+,4,135653.13024,135683.23584,30.105600000009872,135653.13024,135683.23584,30.105600000009872,3,4.483080285432642,RankSurprise
microGPi1_L_4-6+,4,140021.3504,140096.512,75.16159999999218,140021.3504,140096.512,75.16159999999218,4,4.79860386894045,RankSurprise
microGPi1_L_4-6+,4,141171.22048,141264.4864,93.26592000000528,141171.22048,141264.4864,93.26592000000528,4,4.132514284172938,RankSurprise
microGPi1_L_4-6+,4,145810.92352,146087.44448,276.5209599999944,145810.92352,146087.44448,276.5209599999944,6,3.6239173193076697,RankSurprise
microGPi1_L_4-6+,4,151621.14048,151821.88544,200.7449600000109,151621.14048,151821.88544,200.7449600000109,6,5.0657794301001715,RankSurprise
microGPi1_L_4-6+,4,171655.12704,171836.6208,181.49376000001212,171655.12704,171836.6208,181.49376000001212,5,3.868307833432798,RankSurprise
microGPi1_L_4-6+,4,172240.44544,172277.67808,37.23264000000199,172240.44544,172277.67808,37.23264000000199,3,4.097034134990377,RankSurprise
microGPi1_L_4-6+,4,173650.49344,173811.99872,161.50528000001214,173650.49344,173811.99872,161.50528000001214,6,6.001202231597098,RankSurprise
microGPi1_L_4-6+,4,178195.12832,178240.1024,44.97408000001451,178195.12832,178240.1024,44.97408000001451,3,3.7171980521040098,RankSurprise
microGPi1_L_4-6+,4,180871.24992,180917.12512,45.8752000000095,180871.24992,180917.12512,45.8752000000095,3,3.6503732704439464,RankSurprise
microGPi1_L_4-6+,4,182505.18528,182545.16224,39.97695999999996,182505.18528,182545.16224,39.97695999999996,5,9.75367432036401,RankSurprise
microGPi1_L_4-6+,4,182808.45312,182821.64224,13.189119999995455,182808.45312,182821.64224,13.189119999995455,3,6.260931324614564,RankSurprise
microGPi1_L_4-6+,4,188461.30176,188484.89472,23.592960000009043,188461.30176,188484.89472,23.592960000009043,3,4.9850629384178475,RankSurprise
microGPi1_L_4-6+,4,201422.848,201768.26368,345.4156800000055,201422.848,201768.26368,345.4156800000055,7,3.7018231280145657,RankSurprise
microGPi1_L_4-6+,4,206455.02976,206622.26944,167.23967999999877,206455.02976,206622.26944,167.23967999999877,5,4.038581511336581,RankSurprise
microGPi1_L_4-6+,4,218951.35232,219032.04352,80.69120000000112,218951.35232,219032.04352,80.69120000000112,4,4.565762901622296,RankSurprise
microGPi1_L_4-6+,4,219275.22304,219321.05728,45.8342399999965,219275.22304,219321.05728,45.8342399999965,3,3.7141116299008203,RankSurprise
microGPi1_L_4-6+,4,219854.80704,219892.69504,37.88799999997718,219854.80704,219892.69504,37.88799999997718,3,4.089578388286537,RankSurprise
microGPi1_L_4-6+,4,222147.3792,222447.28832,299.9091199999966,222147.3792,222447.28832,299.9091199999966,8,6.026170919363052,RankSurprise
microGPi1_L_4-6+,4,222989.02528,223083.80672,94.78143999999156,222989.02528,223083.80672,94.78143999999156,4,4.130286284736627,RankSurprise
microGPi1_L_4-6+,4,226145.8944,226173.3376,27.4432000000088,226145.8944,226173.3376,27.4432000000088,3,4.708198368758129,RankSurprise
microGPi1_L_4-6+,4,228324.18816,228337.54112,13.352960000018356,228324.18816,228337.54112,13.352960000018356,3,6.122577325330111,RankSurprise
microGPi1_L_4-6+,4,234290.70848,234318.88896,28.180480000009993,234290.70848,234318.88896,28.180480000009993,3,4.663083603049353,RankSurprise
microGPi1_L_4-6+,4,239744.77824,239766.24128,21.46303999997326,239744.77824,239766.24128,21.46303999997326,3,5.24589776083344,RankSurprise
microGPi1_L_4-6+,4,242747.14624,242765.33248,18.186240000010002,242747.14624,242765.33248,18.186240000010002,3,5.522936507018326,RankSurprise
microGPi1_L_4-6+,4,243850.0352,243907.01056,56.975359999982174,243850.0352,243907.01056,56.975359999982174,4,5.608324137181192,RankSurprise
microGPi1_L_4-6+,4,245423.5136,245557.0432,133.52959999997984,245423.5136,245557.0432,133.52959999997984,5,4.902338752767349,RankSurprise
microGPi1_L_4-6+,4,249888.80896,250274.97984,386.1708800000197,249888.80896,250274.97984,386.1708800000197,8,4.286258076426417,RankSurprise
microGPi1_L_4-6+,4,251693.21984,251780.79232,87.57248000000254,251693.21984,251780.79232,87.57248000000254,4,4.461998818514495,RankSurprise
microGPi1_L_4-6+,4,252738.31424,252914.72896,176.41472000000067,252738.31424,252914.72896,176.41472000000067,5,3.8942872278547362,RankSurprise
microGPi1_L_4-6+,4,253996.07296,254194.0736,198.00064000001294,253996.07296,254194.0736,198.00064000001294,6,5.001400841828669,RankSurprise
microGPi1_L_4-6+,4,255587.36896,255595.3152,7.946240000019316,255587.36896,255595.3152,7.946240000019316,3,7.0801527545784,RankSurprise
microGPi1_L_4-6+,4,255845.376,255860.69504,15.319040000002133,255845.376,255860.69504,15.319040000002133,3,5.871644795087072,RankSurprise
microGPi1_L_4-6+,4,258395.29984,258721.95584,326.65600000001723,258395.29984,258721.95584,326.65600000001723,7,3.8785035176926463,RankSurprise
microGPi1_L_4-6+,4,264822.33344,264857.27232,34.938879999972414,264822.33344,264857.27232,34.938879999972414,3,4.208387370078537,RankSurprise
microGPi1_L_4-6+,4,272207.38048,272384.45056,177.07008000003407,272207.38048,272384.45056,177.07008000003407,5,3.853768234491856,RankSurprise
microGPi1_L_4-6+,4,273458.62656,273737.68704,279.06047999998555,273458.62656,273737.68704,279.06047999998555,9,8.365800990934563,RankSurprise
microGPi1_L_4-6+,4,275730.51392,275752.09984,21.58591999998316,275730.51392,275752.09984,21.58591999998316,3,5.1614694182233,RankSurprise
microGPi1_L_4-6+,4,284253.06112,284574.84288,321.7817599999835,284253.06112,284574.84288,321.7817599999835,7,4.148033228292874,RankSurprise
microGPi1_L_4-6+,4,289715.6096,289731.66592,16.05631999997422,289715.6096,289731.66592,16.05631999997422,3,5.757075474033783,RankSurprise
microGPi1_L_4-6+,4,301058.62144,301097.08288,38.46143999998458,301058.62144,301097.08288,38.46143999998458,3,4.0022122875408,RankSurprise
microGPi1_L_4-6+,4,318575.616,318597.3248,21.708800000022165,318575.616,318597.3248,21.708800000022165,3,5.117442374282762,RankSurprise
microGPi1_L_4-6+,4,329526.31296,329544.17152,17.8585599999642,329526.31296,329544.17152,17.8585599999642,3,5.553647396336032,RankSurprise
microGPi1_L_4-6+,4,332490.9568,332742.53312,251.57631999999285,332490.9568,332742.53312,251.57631999999285,7,5.490387080641664,RankSurprise
microGPi1_L_4-6+,4,333562.10176,333588.84864,26.746879999991506,333562.10176,333588.84864,26.746879999991506,4,7.926684429894355,RankSurprise
microGPi1_L_4-6+,4,334951.0144,334990.78656,39.772159999993164,334951.0144,334990.78656,39.772159999993164,3,3.9669068419213787,RankSurprise
microGPi1_L_4-6+,4,336374.33344,336522.73152,148.39807999995537,336374.33344,336522.73152,148.39807999995537,5,4.498014618381781,RankSurprise
microGPi1_L_4-6+,4,342592.7168,342655.22176,62.504959999991115,342592.7168,342655.22176,62.504959999991115,4,5.350024919487989,RankSurprise
microGPi1_L_4-6+,4,343138.87744,343141.5808,2.7033599999849685,343138.87744,343141.5808,2.7033599999849685,3,9.58172645685161,RankSurprise
microGPi1_L_4-6+,4,347147.42784,347196.57984,49.15200000000186,347147.42784,347196.57984,49.15200000000186,3,3.537135422731339,RankSurprise
microGPi1_L_4-6+,4,348849.47968,349196.61568,347.1359999999986,348849.47968,349196.61568,347.1359999999986,7,3.6039136538140673,RankSurprise
microGPi1_L_4-6+,4,349892.1984,349905.14176,12.943360000033863,349892.1984,349905.14176,12.943360000033863,3,6.206579752389398,RankSurprise
microGPi1_L_4-6+,4,351529.984,351561.76896,31.784960000019055,351529.984,351561.76896,31.784960000019055,3,4.394472108878798,RankSurprise
microGPi1_L_4-6+,4,355936.8704,356148.71552,211.84512000001268,355936.8704,356148.71552,211.84512000001268,8,8.334722941287414,RankSurprise
microGPi1_L_4-6+,4,358967.45984,359341.79328,374.3334399999585,358967.45984,359341.79328,374.3334399999585,9,5.968558326495055,RankSurprise
microGPi1_L_4-6+,4,359871.8976,360340.43904,468.5414400000009,359871.8976,360340.43904,468.5414400000009,10,5.730678241770107,RankSurprise
microGPi1_L_4-6+,4,366006.92736,366112.5632,105.63584000000264,366006.92736,366112.5632,105.63584000000264,4,3.7520467819497547,RankSurprise
microGPi1_L_4-6+,4,371408.52736,371677.63456,269.10719999996945,371408.52736,371677.63456,269.10719999996945,6,3.57069812855627,RankSurprise
microGPi1_L_4-6+,4,374994.944,375358.50496,363.5609599999734,374994.944,375358.50496,363.5609599999734,8,4.827522766991408,RankSurprise
microGPi1_L_4-6+,4,377457.90976,377460.49024,2.5804800000041723,377457.90976,377460.49024,2.5804800000041723,3,9.894941831308557,RankSurprise
microGPi1_L_4-6+,4,377593.89696,377781.4528,187.55584000004455,377593.89696,377781.4528,187.55584000004455,5,3.6372022648795834,RankSurprise
microGPi1_L_4-6+,4,378636.53376,378857.79968,221.26591999997618,378636.53376,378857.79968,221.26591999997618,6,4.512590786219297,RankSurprise
microGPi1_L_4-6+,4,380633.62048,380697.96864,64.3481599999941,380633.62048,380697.96864,64.3481599999941,4,5.261056219166953,RankSurprise
microGPi1_L_4-6+,4,381922.05824,382186.12736,264.0691200000001,381922.05824,382186.12736,264.0691200000001,7,5.186768595988894,RankSurprise
microGPi1_L_4-6+,4,396306.59584,396832.93184,526.335999999952,396306.59584,396832.93184,526.335999999952,9,3.5222068689109096,RankSurprise
microGPi1_L_5-6+,3,821.37088,863.6416,42.27071999999998,821.37088,863.6416,42.27071999999998,3,4.772720149040683,RankSurprise
microGPi1_L_5-6+,3,1145.6512,1178.66496,33.01376000000005,1145.6512,1178.66496,33.01376000000005,3,5.320286381877178,RankSurprise
microGPi1_L_5-6+,3,10298.08128,10363.98592,65.90463999999884,10298.08128,10363.98592,65.90463999999884,3,3.741138686644325,RankSurprise
microGPi1_L_5-6+,3,17189.92896,17269.22752,79.29855999999927,17189.92896,17269.22752,79.29855999999927,4,5.892950986333567,RankSurprise
microGPi1_L_5-6+,3,17772.05248,19264.14336,1492.0908799999997,17772.05248,19264.14336,1492.0908799999997,18,5.336046056438028,RankSurprise
microGPi1_L_5-6+,3,26531.30752,26599.46496,68.15744000000268,26531.30752,26599.46496,68.15744000000268,4,6.4399167653104215,RankSurprise
microGPi1_L_5-6+,3,32203.3664,32364.46208,161.09568000000218,32203.3664,32364.46208,161.09568000000218,5,5.560880345197408,RankSurprise
microGPi1_L_5-6+,3,36723.99872,37117.05088,393.0521599999993,36723.99872,37117.05088,393.0521599999993,9,7.9998025269396225,RankSurprise
microGPi1_L_5-6+,3,39342.24384,39410.56512,68.32127999999648,39342.24384,39410.56512,68.32127999999648,3,3.7976396693291417,RankSurprise
microGPi1_L_5-6+,3,44823.59296,44936.51968,112.92671999999584,44823.59296,44936.51968,112.92671999999584,4,4.819593383965525,RankSurprise
microGPi1_L_5-6+,3,45488.08704,45542.68672,54.59967999999935,45488.08704,45542.68672,54.59967999999935,3,4.254941335655042,RankSurprise
microGPi1_L_5-6+,3,52926.17728,52963.28704,37.10975999999937,52926.17728,52963.28704,37.10975999999937,4,8.347257523261458,RankSurprise
microGPi1_L_5-6+,3,55750.8608,56928.4608,1177.5999999999985,55750.8608,56928.4608,1177.5999999999985,18,9.298491931563106,RankSurprise
microGPi1_L_5-6+,3,58616.832,58823.59808,206.76608000000124,58616.832,58823.59808,206.76608000000124,5,4.371076872333045,RankSurprise
microGPi1_L_5-6+,3,60378.23488,61398.17984,1019.9449599999934,60378.23488,61398.17984,1019.9449599999934,12,3.5291260125426924,RankSurprise
microGPi1_L_5-6+,3,68434.37056,68498.51392,64.14336000000185,68434.37056,68498.51392,64.14336000000185,3,3.8362137070891738,RankSurprise
microGPi1_L_5-6+,3,71950.62272,72019.02592,68.40320000000065,71950.62272,72019.02592,68.40320000000065,3,3.774847379310641,RankSurprise
microGPi1_L_5-6+,3,79297.1264,79515.72992,218.6035200000042,79297.1264,79515.72992,218.6035200000042,5,4.2465698614326435,RankSurprise
microGPi1_L_5-6+,3,79846.07232,79906.85696,60.784639999998035,79846.07232,79906.85696,60.784639999998035,3,3.952479020060993,RankSurprise
microGPi1_L_5-6+,3,81415.70048,81557.504,141.8035200000013,81415.70048,81557.504,141.8035200000013,5,6.226962673109433,RankSurprise
microGPi1_L_5-6+,3,86711.45984,86809.43616,97.97632000000158,86711.45984,86809.43616,97.97632000000158,4,5.221615265839642,RankSurprise
microGPi1_L_5-6+,3,88294.35904,88339.70176,45.342720000000554,88294.35904,88339.70176,45.342720000000554,3,4.594295418651145,RankSurprise
microGPi1_L_5-6+,3,99758.73536,99916.14464,157.40927999999258,99758.73536,99916.14464,157.40927999999258,4,3.731310598854094,RankSurprise
microGPi1_L_5-6+,3,101068.63616,101120.2048,51.56864000001224,101068.63616,101120.2048,51.56864000001224,3,4.358412841559504,RankSurprise
microGPi1_L_5-6+,3,101701.59104,101734.8096,33.218559999993886,101701.59104,101734.8096,33.218559999993886,3,5.193510779376886,RankSurprise
microGPi1_L_5-6+,3,102351.6672,103545.07776,1193.410560000004,102351.6672,103545.07776,1193.410560000004,14,4.090977691464407,RankSurprise
microGPi1_L_5-6+,3,105558.016,105722.51136,164.4953600000008,105558.016,105722.51136,164.4953600000008,4,3.5711823404870557,RankSurprise
microGPi1_L_5-6+,3,115130.12224,115276.22656,146.10431999999855,115130.12224,115276.22656,146.10431999999855,4,3.957379152009569,RankSurprise
microGPi1_L_5-6+,3,131078.144,131131.31008,53.16607999999542,131078.144,131131.31008,53.16607999999542,3,4.288840501973953,RankSurprise
microGPi1_L_5-6+,3,137484.32896,138411.99104,927.66207999998,137484.32896,138411.99104,927.66207999998,12,4.40938193135592,RankSurprise
microGPi1_L_5-6+,3,141195.8784,141264.44544,68.56704000002355,141195.8784,141264.44544,68.56704000002355,3,3.7079887283451107,RankSurprise
microGPi1_L_5-6+,3,151773.75744,151905.8944,132.13696000000346,151773.75744,151905.8944,132.13696000000346,4,4.295467565630542,RankSurprise
microGPi1_L_5-6+,3,154003.94752,154205.55264,201.605120000022,154003.94752,154205.55264,201.605120000022,5,4.7456729533455935,RankSurprise
microGPi1_L_5-6+,3,159078.23616,159418.73664,340.5004799999879,159078.23616,159418.73664,340.5004799999879,6,3.85875214437853,RankSurprise
microGPi1_L_5-6+,3,163763.73248,163995.4432,231.71072000000277,163763.73248,163995.4432,231.71072000000277,5,4.044621165877018,RankSurprise
microGPi1_L_5-6+,3,173581.18912,173650.49344,69.30431999999564,173581.18912,173650.49344,69.30431999999564,3,3.6291960227601816,RankSurprise
microGPi1_L_5-6+,3,179698.97472,179764.55168,65.57696000000578,179698.97472,179764.55168,65.57696000000578,3,3.8557833535861032,RankSurprise
microGPi1_L_5-6+,3,181776.1792,182021.16096,244.98175999999512,181776.1792,182021.16096,244.98175999999512,5,3.8332733412679616,RankSurprise
microGPi1_L_5-6+,3,182523.78112,182531.52256,7.741440000012517,182523.78112,182531.52256,7.741440000012517,3,8.322395585918361,RankSurprise
microGPi1_L_5-6+,3,199886.27456,200177.33632,291.0617600000114,199886.27456,200177.33632,291.0617600000114,6,4.628243532320817,RankSurprise
microGPi1_L_5-6+,3,202464.74752,202524.95872,60.21119999999064,202464.74752,202524.95872,60.21119999999064,3,4.011122028994587,RankSurprise
microGPi1_L_5-6+,3,204092.78464,204204.27776,111.49311999999918,204092.78464,204204.27776,111.49311999999918,4,4.497856555102377,RankSurprise
microGPi1_L_5-6+,3,210263.20384,210460.18048,196.97664000000805,210263.20384,210460.18048,196.97664000000805,5,4.61609737417912,RankSurprise
microGPi1_L_5-6+,3,218569.68704,219321.09824,751.4112000000023,218569.68704,219321.09824,751.4112000000023,11,5.243938437507831,RankSurprise
microGPi1_L_5-6+,3,220923.904,221350.54336,426.63936000000103,220923.904,221350.54336,426.63936000000103,7,4.185849710368277,RankSurprise
microGPi1_L_5-6+,3,223402.72128,223426.51904,23.797760000015842,223402.72128,223426.51904,23.797760000015842,3,5.9720790901031275,RankSurprise
microGPi1_L_5-6+,3,223619.19488,223665.80736,46.61248000001069,223619.19488,223665.80736,46.61248000001069,3,4.605707741029223,RankSurprise
microGPi1_L_5-6+,3,224326.41024,225876.74624,1550.3360000000102,224326.41024,225876.74624,1550.3360000000102,19,5.861976556387773,RankSurprise
microGPi1_L_5-6+,3,227690.16832,227739.27936,49.11103999998886,227690.16832,227739.27936,49.11103999998886,4,7.433379398503305,RankSurprise
microGPi1_L_5-6+,3,231500.34944,231662.30528,161.95584000000963,231500.34944,231662.30528,161.95584000000963,5,5.649937888508543,RankSurprise
microGPi1_L_5-6+,3,232335.27808,232393.64608,58.368000000016764,232335.27808,232393.64608,58.368000000016764,3,4.115835271081474,RankSurprise
microGPi1_L_5-6+,3,232922.35776,232992.3584,70.00063999998383,232922.35776,232992.3584,70.00063999998383,3,3.6256872472305,RankSurprise
microGPi1_L_5-6+,3,238845.09184,239500.04224,654.9504000000015,238845.09184,239500.04224,654.9504000000015,9,3.960840388674958,RankSurprise
microGPi1_L_5-6+,3,243644.53888,243694.96064,50.42175999999745,243644.53888,243694.96064,50.42175999999745,3,4.328299301789517,RankSurprise
microGPi1_L_5-6+,3,245405.2864,245861.49888,456.2124799999874,245405.2864,245861.49888,456.2124799999874,7,3.5328795705944573,RankSurprise
microGPi1_L_5-6+,3,247235.3792,247560.56064,325.18144000001485,247235.3792,247560.56064,325.18144000001485,7,5.9452752632074795,RankSurprise
microGPi1_L_5-6+,3,248210.18624,248286.16704,75.98079999999027,248210.18624,248286.16704,75.98079999999027,3,3.5840551836331773,RankSurprise
microGPi1_L_5-6+,3,252701.20448,252785.99168,84.78720000002068,252701.20448,252785.99168,84.78720000002068,4,5.712757978910915,RankSurprise
microGPi1_L_5-6+,3,254160.11776,254194.03264,33.91487999999663,254160.11776,254194.03264,33.91487999999663,4,8.64183640959007,RankSurprise
microGPi1_L_5-6+,3,255377.08032,255591.6288,214.54847999999765,255377.08032,255591.6288,214.54847999999765,6,6.142991743432425,RankSurprise
microGPi1_L_5-6+,3,257836.19584,257994.87488,158.67903999998816,257836.19584,257994.87488,158.67903999998816,4,3.5843885294280895,RankSurprise
microGPi1_L_5-6+,3,266562.92864,266577.63328,14.70464000001084,266562.92864,266577.63328,14.70464000001084,3,7.001313373445518,RankSurprise
microGPi1_L_5-6+,3,270756.94592,271084.46208,327.5161599999992,270756.94592,271084.46208,327.5161599999992,6,3.9448982554257483,RankSurprise
microGPi1_L_5-6+,3,275284.13184,275424.01024,139.87839999998687,275284.13184,275424.01024,139.87839999998687,6,8.777338115562799,RankSurprise
microGPi1_L_5-6+,3,275705.48736,275752.05888,46.57151999999769,275705.48736,275752.05888,46.57151999999769,3,4.577298115105917,RankSurprise
microGPi1_L_5-6+,3,277054.09536,277393.08032,338.9849600000307,277054.09536,277393.08032,338.9849600000307,6,3.7692343877771957,RankSurprise
microGPi1_L_5-6+,3,286910.21824,286967.68512,57.46687999996357,286910.21824,286967.68512,57.46687999996357,3,4.075922589249771,RankSurprise
microGPi1_L_5-6+,3,288916.48,289055.37536,138.89536000002408,288916.48,289055.37536,138.89536000002408,4,4.132235920881968,RankSurprise
microGPi1_L_5-6+,3,292330.496,292626.59584,296.09984000003897,292330.496,292626.59584,296.09984000003897,6,4.608689452447953,RankSurprise
microGPi1_L_5-6+,3,294683.68896,294750.94528,67.25631999998586,294683.68896,294750.94528,67.25631999998586,3,3.7116450395482214,RankSurprise
microGPi1_L_5-6+,3,302104.45312,302512.08704,407.63391999999294,302104.45312,302512.08704,407.63391999999294,7,4.483976361794784,RankSurprise
microGPi1_L_5-6+,3,303301.0176,303353.56928,52.55167999997502,303301.0176,303353.56928,52.55167999997502,3,4.333286843300558,RankSurprise
microGPi1_L_5-6+,3,310416.67072,310611.7632,195.09247999999207,310416.67072,310611.7632,195.09247999999207,5,4.632357566026247,RankSurprise
microGPi1_L_5-6+,3,315521.80224,315776.08192,254.27968000003602,315521.80224,315776.08192,254.27968000003602,7,7.7126324371039345,RankSurprise
microGPi1_L_5-6+,3,320538.13248,321212.04736,673.9148800000548,320538.13248,321212.04736,673.9148800000548,9,3.546137577888314,RankSurprise
microGPi1_L_5-6+,3,322562.37568,322602.1888,39.813120000006165,322562.37568,322602.1888,39.813120000006165,3,4.887952310799518,RankSurprise
microGPi1_L_5-6+,3,326088.33536,326093.37344,5.038079999969341,326088.33536,326093.37344,5.038079999969341,3,9.124275966614773,RankSurprise
microGPi1_L_5-6+,3,329709.9776,329780.26496,70.28736000001663,329709.9776,329780.26496,70.28736000001663,3,3.5635596861648953,RankSurprise
microGPi1_L_5-6+,3,335144.38656,335743.1808,598.7942399999592,335144.38656,335743.1808,598.7942399999592,9,4.449716506239243,RankSurprise
microGPi1_L_5-6+,3,336677.92896,336984.84224,306.91328000003705,336677.92896,336984.84224,306.91328000003705,6,4.211254946558796,RankSurprise
microGPi1_L_5-6+,3,337767.8336,337877.11488,109.2812799999956,337767.8336,337877.11488,109.2812799999956,5,7.483693977845181,RankSurprise
microGPi1_L_5-6+,3,342401.26976,342406.84032,5.570560000021942,342401.26976,342406.84032,5.570560000021942,3,8.966271717471525,RankSurprise
microGPi1_L_5-6+,3,351530.02496,351561.728,31.703039999993052,351530.02496,351561.728,31.703039999993052,3,5.279799003388154,RankSurprise
microGPi1_L_5-6+,3,352085.8112,352183.54176,97.73055999999633,352085.8112,352183.54176,97.73055999999633,5,7.983714563560479,RankSurprise
microGPi1_L_5-6+,3,360915.23072,360976.95744,61.72672000003513,360915.23072,360976.95744,61.72672000003513,3,3.9319449371355635,RankSurprise
microGPi1_L_5-6+,3,362425.87648,362485.06368,59.18720000004396,362425.87648,362485.06368,59.18720000004396,3,3.9401332887793696,RankSurprise
microGPi1_L_5-6+,3,363724.3904,364390.8096,666.4192000000039,363724.3904,364390.8096,666.4192000000039,10,4.887152791254457,RankSurprise
microGPi1_L_5-6+,3,366006.92736,366112.5632,105.63584000000264,366006.92736,366112.5632,105.63584000000264,4,5.1168663618958234,RankSurprise
microGPi1_L_5-6+,3,368840.9088,368897.06496,56.15616000001319,368840.9088,368897.06496,56.15616000001319,3,4.0584361181714215,RankSurprise
microGPi1_L_5-6+,3,376038.31808,376071.3728,33.05472000001464,376038.31808,376071.3728,33.05472000001464,3,5.255894241476165,RankSurprise
microGPi1_L_5-6+,3,380633.57952,380697.96864,64.38911999994889,380633.57952,380697.96864,64.38911999994889,3,3.899522714593827,RankSurprise
microGPi1_L_5-6+,3,391947.264,392199.65952,252.39551999996183,391947.264,392199.65952,252.39551999996183,6,5.4274871749992,RankSurprise
microGPi1_L_5-6+,3,397145.00608,397252.15744,107.15135999995982,397145.00608,397252.15744,107.15135999995982,4,4.869958347038207,RankSurprise
microGPi2_L_1-2+,0,1702.21568,2030.34624,328.13056000000006,1702.21568,2030.34624,328.13056000000006,6,3.739241594800542,RankSurprise
microGPi2_L_1-2+,0,7949.68064,8497.23392,547.553280000001,7949.68064,8497.23392,547.553280000001,13,11.132913423328839,RankSurprise
microGPi2_L_1-2+,0,12136.32512,12329.984,193.65888000000086,12136.32512,12329.984,193.65888000000086,5,4.213210593942556,RankSurprise
microGPi2_L_1-2+,0,17489.87904,17505.19808,15.319039999998495,17489.87904,17505.19808,15.319039999998495,3,5.371881640097774,RankSurprise
microGPi2_L_1-2+,0,31643.07456,31651.10272,8.028159999998024,31643.07456,31651.10272,8.028159999998024,3,7.256544549099589,RankSurprise
microGPi2_L_1-2+,0,32184.5248,32839.22944,654.7046400000036,32184.5248,32839.22944,654.7046400000036,9,4.614870376830965,RankSurprise
microGPi2_L_1-2+,0,53175.99232,53308.17024,132.1779200000019,53175.99232,53308.17024,132.1779200000019,4,3.5642199699891393,RankSurprise
microGPi2_L_1-2+,0,59034.46016,59169.9968,135.53663999999844,59034.46016,59169.9968,135.53663999999844,4,3.5610670509295232,RankSurprise
microGPi2_L_1-2+,0,62760.83712,62869.74976,108.91264000000228,62760.83712,62869.74976,108.91264000000228,4,4.197591194003778,RankSurprise
microGPi2_L_1-2+,0,81144.99584,81775.08352,630.0876799999969,81144.99584,81775.08352,630.0876799999969,10,5.28008249561562,RankSurprise
microGPi2_L_1-2+,0,82613.248,82841.23136,227.98335999999836,82613.248,82841.23136,227.98335999999836,5,3.5170039008955243,RankSurprise
microGPi2_L_1-2+,0,83438.05952,83517.0304,78.97088000000804,83438.05952,83517.0304,78.97088000000804,5,7.481531834472655,RankSurprise
microGPi2_L_1-2+,0,85394.39104,85426.95424,32.563200000004144,85394.39104,85426.95424,32.563200000004144,3,4.456949991271108,RankSurprise
microGPi2_L_1-2+,0,86853.71392,87394.34496,540.6310400000075,86853.71392,87394.34496,540.6310400000075,8,4.467071148850016,RankSurprise
microGPi2_L_1-2+,0,91500.3392,91610.3168,109.97759999999835,91500.3392,91610.3168,109.97759999999835,4,4.128268392799324,RankSurprise
microGPi2_L_1-2+,0,98371.05152,98728.67328,357.6217600000091,98371.05152,98728.67328,357.6217600000091,7,4.654301913534691,RankSurprise
microGPi2_L_1-2+,0,102379.27424,102786.99008,407.7158400000044,102379.27424,102786.99008,407.7158400000044,8,5.160457843712169,RankSurprise
microGPi2_L_1-2+,0,110148.1984,110160.85504,12.656640000001062,110148.1984,110160.85504,12.656640000001062,3,5.728087284067,RankSurprise
microGPi2_L_1-2+,0,111807.81568,112104.77568,296.9600000000064,111807.81568,112104.77568,296.9600000000064,7,5.998507856579351,RankSurprise
microGPi2_L_1-2+,0,114571.91936,114588.22144,16.30207999999402,114571.91936,114588.22144,16.30207999999402,3,5.643267860358323,RankSurprise
microGPi2_L_1-2+,0,119287.808,119519.232,231.42399999999907,119287.808,119519.232,231.42399999999907,6,4.995609239626283,RankSurprise
microGPi2_L_1-2+,0,122599.91552,123199.65184,599.7363200000109,122599.91552,123199.65184,599.7363200000109,9,4.646270039746831,RankSurprise
microGPi2_L_1-2+,0,129613.16864,129658.42944,45.260800000003655,129613.16864,129658.42944,45.260800000003655,3,3.649845502579069,RankSurprise
microGPi2_L_1-2+,0,137059.90144,137108.0704,48.168960000009974,137059.90144,137108.0704,48.168960000009974,3,3.660088819612758,RankSurprise
microGPi2_L_1-2+,0,137764.29056,137877.46304,113.17248000000836,137764.29056,137877.46304,113.17248000000836,4,4.03826154809558,RankSurprise
microGPi2_L_1-2+,0,143471.8208,143770.86976,299.04896000001463,143471.8208,143770.86976,299.04896000001463,6,4.007495512445967,RankSurprise
microGPi2_L_1-2+,0,144762.6752,144785.2032,22.527999999991152,144762.6752,144785.2032,22.527999999991152,4,7.888479598588734,RankSurprise
microGPi2_L_1-2+,0,145470.70976,145524.40832,53.69855999998981,145470.70976,145524.40832,53.69855999998981,3,3.743980685296549,RankSurprise
microGPi2_L_1-2+,0,148372.35712,148867.39968,495.0425600000017,148372.35712,148867.39968,495.0425600000017,7,3.5556869604756707,RankSurprise
microGPi2_L_1-2+,0,167134.04416,167175.5776,41.533439999999246,167134.04416,167175.5776,41.533439999999246,3,3.792763681135666,RankSurprise
microGPi2_L_1-2+,0,167635.84512,167794.2784,158.43327999999747,167635.84512,167794.2784,158.43327999999747,6,6.402748825862751,RankSurprise
microGPi2_L_1-2+,0,168781.70112,168864.3584,82.6572799999849,168781.70112,168864.3584,82.6572799999849,4,4.570484820042118,RankSurprise
microGPi2_L_1-2+,0,169949.51168,169989.36576,39.85407999999006,169949.51168,169989.36576,39.85407999999006,3,4.1459180237951045,RankSurprise
microGPi2_L_1-2+,0,181501.17376,181679.59552,178.42175999999745,181501.17376,181679.59552,178.42175999999745,5,4.543327392887029,RankSurprise
microGPi2_L_1-2+,0,184497.84832,185421.86496,924.0166400000162,184497.84832,185421.86496,924.0166400000162,12,4.647854273130474,RankSurprise
microGPi2_L_1-2+,0,187994.48064,188036.13696,41.656320000009146,187994.48064,188036.13696,41.656320000009146,4,6.75772952187371,RankSurprise
microGPi2_L_1-2+,0,188333.2608,188385.0752,51.814400000002934,188333.2608,188385.0752,51.814400000002934,3,3.589463462447064,RankSurprise
microGPi2_L_1-2+,0,190270.99648,190318.34624,47.349760000011884,190270.99648,190318.34624,47.349760000011884,3,3.5994013864293066,RankSurprise
microGPi2_L_1-2+,0,194044.43648,194471.936,427.499519999983,194044.43648,194471.936,427.499519999983,8,5.128254543417354,RankSurprise
microGPi2_L_1-2+,0,204339.48672,204722.70848,383.2217600000149,204339.48672,204722.70848,383.2217600000149,7,4.256530425454135,RankSurprise
microGPi2_L_1-2+,0,216110.08,216368.49664,258.4166400000104,216110.08,216368.49664,258.4166400000104,5,3.6510803315867086,RankSurprise
microGPi2_L_1-2+,0,230301.94176,230631.66976,329.7280000000028,230301.94176,230631.66976,329.7280000000028,7,4.96485170444809,RankSurprise
microGPi2_L_1-2+,0,231188.52096,231201.1776,12.656640000001062,231188.52096,231201.1776,12.656640000001062,3,5.713698546614902,RankSurprise
microGPi2_L_1-2+,0,231758.60224,231807.87712,49.27487999998266,231758.60224,231807.87712,49.27487999998266,3,3.5648325719079335,RankSurprise
microGPi2_L_1-2+,0,242392.39168,242427.82208,35.430400000012014,242392.39168,242427.82208,35.430400000012014,3,4.094218725906492,RankSurprise
microGPi2_L_1-2+,0,248387.95264,248520.33536,132.38271999999415,248387.95264,248520.33536,132.38271999999415,5,5.251368113458458,RankSurprise
microGPi2_L_1-2+,0,255439.33952,255566.80704,127.4675200000056,255439.33952,255566.80704,127.4675200000056,5,5.598525087007346,RankSurprise
microGPi2_L_1-2+,0,283417.8048,283648.04096,230.23616000002949,283417.8048,283648.04096,230.23616000002949,6,5.090616766506187,RankSurprise
microGPi2_L_1-2+,0,286229.34016,286334.23872,104.89856000000145,286229.34016,286334.23872,104.89856000000145,4,4.2805458838984265,RankSurprise
microGPi2_L_1-2+,0,303857.41824,303903.70304,46.28479999996489,303857.41824,303903.70304,46.28479999996489,3,3.6447434506951737,RankSurprise
microGPi2_L_1-2+,0,307446.53824,307522.72384,76.18559999996796,307446.53824,307522.72384,76.18559999996796,4,5.094596490056077,RankSurprise
microGPi2_L_1-2+,0,310518.82496,310776.91392,258.0889600000228,310518.82496,310776.91392,258.0889600000228,6,4.692307357202924,RankSurprise
microGPi2_L_1-2+,0,324418.06848,325217.93536,799.8668799999868,324418.06848,325217.93536,799.8668799999868,10,4.31419186897098,RankSurprise
microGPi2_L_1-2+,0,326249.34912,326269.29664,19.94751999998698,326249.34912,326269.29664,19.94751999998698,3,4.929219940299946,RankSurprise
microGPi2_L_1-2+,0,327600.57856,327613.52192,12.943360000033863,327600.57856,327613.52192,12.943360000033863,4,9.876064797653111,RankSurprise
microGPi2_L_1-2+,0,330525.45024,330975.15008,449.6998400000157,330525.45024,330975.15008,449.6998400000157,9,6.224804875062554,RankSurprise
microGPi2_L_1-2+,0,335793.07008,336024.00256,230.93248000001768,335793.07008,336024.00256,230.93248000001768,5,3.527159417653337,RankSurprise
microGPi2_L_1-2+,0,352511.26272,352563.03616,51.773440000019036,352511.26272,352563.03616,51.773440000019036,3,3.584512957287208,RankSurprise
microGPi2_L_1-2+,0,354873.1392,355048.16128,175.0220800000243,354873.1392,355048.16128,175.0220800000243,5,4.370153917751072,RankSurprise
microGPi2_L_1-2+,0,369387.7248,369481.9328,94.20799999998417,369387.7248,369481.9328,94.20799999998417,4,4.374112904707491,RankSurprise
microGPi2_L_1-2+,0,377881.31328,378346.04544,464.7321600000141,377881.31328,378346.04544,464.7321600000141,9,6.059013555859018,RankSurprise
microGPi2_L_1-2+,0,388023.45984,388310.67136,287.21151999995345,388023.45984,388310.67136,287.21151999995345,6,4.159052356889111,RankSurprise
microGPi2_L_1-2+,0,400693.53472,400726.87616,33.341439999989234,400693.53472,400726.87616,33.341439999989234,3,4.274340875775424,RankSurprise
microGPi2_L_1-2+,1,6520.05376,8430.3872,1910.3334399999994,6520.05376,8430.3872,1910.3334399999994,21,6.945273036817437,RankSurprise
microGPi2_L_1-2+,1,10256.13824,10282.1888,26.050559999999678,10256.13824,10282.1888,26.050559999999678,3,4.609102448298021,RankSurprise
microGPi2_L_1-2+,1,14867.456,14991.64672,124.19072000000051,14867.456,14991.64672,124.19072000000051,4,3.98783175317552,RankSurprise
microGPi2_L_1-2+,1,15354.92096,15687.76192,332.84096000000136,15354.92096,15687.76192,332.84096000000136,7,6.212468585837235,RankSurprise
microGPi2_L_1-2+,1,20434.69824,20465.37728,30.679039999999077,20434.69824,20465.37728,30.679039999999077,3,4.6178361282667755,RankSurprise
microGPi2_L_1-2+,1,20884.6848,21017.55904,132.874240000001,20884.6848,21017.55904,132.874240000001,4,3.766055707334189,RankSurprise
microGPi2_L_1-2+,1,24704.6144,24740.90496,36.29056000000128,24704.6144,24740.90496,36.29056000000128,4,6.9949598328358995,RankSurprise
microGPi2_L_1-2+,1,42900.23424,42934.272,34.03775999999925,42900.23424,42934.272,34.03775999999925,3,4.295205400662761,RankSurprise
microGPi2_L_1-2+,1,49270.9888,49309.94176,38.95296000000235,49270.9888,49309.94176,38.95296000000235,3,3.934911092101032,RankSurprise
microGPi2_L_1-2+,1,53196.71808,53236.24448,39.52640000000247,53196.71808,53236.24448,39.52640000000247,3,4.010990186398518,RankSurprise
microGPi2_L_1-2+,1,63020.60544,63180.75904,160.15359999999782,63020.60544,63180.75904,160.15359999999782,7,8.722998810187491,RankSurprise
microGPi2_L_1-2+,1,71972.0448,72016.2816,44.236799999998766,71972.0448,72016.2816,44.236799999998766,3,3.70592177099242,RankSurprise
microGPi2_L_1-2+,1,80763.0848,80900.01408,136.92927999999665,80763.0848,80900.01408,136.92927999999665,5,5.213576439757766,RankSurprise
microGPi2_L_1-2+,1,83703.27552,83724.32896,21.05344000000332,83703.27552,83724.32896,21.05344000000332,3,5.349404525528259,RankSurprise
microGPi2_L_1-2+,1,89600.28672,89675.9808,75.69408000000112,89600.28672,89675.9808,75.69408000000112,4,4.915509185719664,RankSurprise
microGPi2_L_1-2+,1,92031.1808,92148.3264,117.14560000000347,92031.1808,92148.3264,117.14560000000347,4,3.9045980790070267,RankSurprise
microGPi2_L_1-2+,1,96808.09984,96994.38592,186.2860800000053,96808.09984,96994.38592,186.2860800000053,5,4.7540547986757,RankSurprise
microGPi2_L_1-2+,1,103815.49568,103957.66784,142.17215999998734,103815.49568,103957.66784,142.17215999998734,5,5.108572800427371,RankSurprise
microGPi2_L_1-2+,1,116610.74432,116653.79328,43.04896000000008,116610.74432,116653.79328,43.04896000000008,3,3.762184382826133,RankSurprise
microGPi2_L_1-2+,1,118800.7936,118816.60416,15.810559999998077,118800.7936,118816.60416,15.810559999998077,3,5.56223207291429,RankSurprise
microGPi2_L_1-2+,1,120921.00608,121289.15456,368.1484799999889,120921.00608,121289.15456,368.1484799999889,7,4.637116301571843,RankSurprise
microGPi2_L_1-2+,1,122516.6848,123104.91136,588.2265599999955,122516.6848,123104.91136,588.2265599999955,10,5.75029053578824,RankSurprise
microGPi2_L_1-2+,1,131185.62304,131359.66208,174.0390400000033,131185.62304,131359.66208,174.0390400000033,6,6.360964768970881,RankSurprise
microGPi2_L_1-2+,1,142025.03168,142165.93408,140.90240000002086,142025.03168,142165.93408,140.90240000002086,4,3.510073112000235,RankSurprise
microGPi2_L_1-2+,1,144790.69184,144991.39584,200.7039999999979,144790.69184,144991.39584,200.7039999999979,6,5.593220122779549,RankSurprise
microGPi2_L_1-2+,1,148857.32352,149450.21952,592.8960000000079,148857.32352,149450.21952,592.8960000000079,8,3.888016676656098,RankSurprise
microGPi2_L_1-2+,1,167655.17824,167824.5888,169.41055999998935,167655.17824,167824.5888,169.41055999998935,6,6.463096127401229,RankSurprise
microGPi2_L_1-2+,1,184490.68032,184571.33056,80.65023999998812,184490.68032,184571.33056,80.65023999998812,4,4.8636943231407415,RankSurprise
microGPi2_L_1-2+,1,186944.47104,187642.75712,698.2860799999908,186944.47104,187642.75712,698.2860799999908,10,4.914076199133002,RankSurprise
microGPi2_L_1-2+,1,190250.76224,191067.21792,816.4556799999846,190250.76224,191067.21792,816.4556799999846,10,3.768607465596561,RankSurprise
microGPi2_L_1-2+,1,194726.25664,194749.11232,22.855679999978747,194726.25664,194749.11232,22.855679999978747,3,4.971134960701045,RankSurprise
microGPi2_L_1-2+,1,196214.66112,196229.44768,14.78656000000774,196214.66112,196229.44768,14.78656000000774,3,6.017317493668619,RankSurprise
microGPi2_L_1-2+,1,199294.11584,199625.85088,331.7350399999996,199294.11584,199625.85088,331.7350399999996,7,5.27922008891054,RankSurprise
microGPi2_L_1-2+,1,216510.21824,217065.02144,554.8032000000239,216510.21824,217065.02144,554.8032000000239,9,4.808341541837978,RankSurprise
microGPi2_L_1-2+,1,230687.70304,230877.26592,189.56288000001223,230687.70304,230877.26592,189.56288000001223,5,4.14292723432537,RankSurprise
microGPi2_L_1-2+,1,235735.61344,235788.77952,53.16608000002452,235735.61344,235788.77952,53.16608000002452,4,5.85978727582701,RankSurprise
microGPi2_L_1-2+,1,255416.81152,255562.05568,145.244160000002,255416.81152,255562.05568,145.244160000002,4,3.5862782652264507,RankSurprise
microGPi2_L_1-2+,1,258043.24864,258433.31072,390.06208000000333,258043.24864,258433.31072,390.06208000000333,10,8.967051470932399,RankSurprise
microGPi2_L_1-2+,1,259268.03456,259300.84352,32.80895999999484,259268.03456,259300.84352,32.80895999999484,3,4.280362980897381,RankSurprise
microGPi2_L_1-2+,1,262568.1408,262608.0768,39.93599999998696,262568.1408,262608.0768,39.93599999998696,3,4.030470911235879,RankSurprise
microGPi2_L_1-2+,1,265670.77888,265690.48064,19.701760000025388,265670.77888,265690.48064,19.701760000025388,3,5.134270033163476,RankSurprise
microGPi2_L_1-2+,1,267624.20224,268140.91264,516.7103999999817,267624.20224,268140.91264,516.7103999999817,10,7.048682146037136,RankSurprise
microGPi2_L_1-2+,1,286930.82112,287115.42784,184.6067200000398,286930.82112,287115.42784,184.6067200000398,5,4.798071795309941,RankSurprise
microGPi2_L_1-2+,1,297163.61216,297187.61472,24.002559999993537,297163.61216,297187.61472,24.002559999993537,3,5.134270033163476,RankSurprise
microGPi2_L_1-2+,1,299140.3008,299516.43648,376.1356799999485,299140.3008,299516.43648,376.1356799999485,8,6.355610626381488,RankSurprise
microGPi2_L_1-2+,1,307005.2352,307526.28736,521.0521600000211,307005.2352,307526.28736,521.0521600000211,8,4.4483887422966175,RankSurprise
microGPi2_L_1-2+,1,311573.99552,312066.29376,492.2982399999746,311573.99552,312066.29376,492.2982399999746,9,5.70331110537308,RankSurprise
microGPi2_L_1-2+,1,318249.61536,319238.79936,989.1840000000084,318249.61536,319238.79936,989.1840000000084,11,3.6068172096908526,RankSurprise
microGPi2_L_1-2+,1,319474.76992,319568.81408,94.04415999999037,319474.76992,319568.81408,94.04415999999037,5,6.356811642336087,RankSurprise
microGPi2_L_1-2+,1,358700.56448,358788.21888,87.65439999999944,358700.56448,358788.21888,87.65439999999944,5,6.685842663010806,RankSurprise
microGPi2_L_1-2+,1,359353.67168,359670.33344,316.66175999998813,359353.67168,359670.33344,316.66175999998813,6,3.956903210295447,RankSurprise
microGPi2_L_1-2+,1,369821.81888,370522.64448,700.8256000000401,369821.81888,370522.64448,700.8256000000401,9,4.84486448399492,RankSurprise
microGPi2_L_1-2+,1,398743.22432,399128.20736,384.983040000021,398743.22432,399128.20736,384.983040000021,6,3.5730664693179857,RankSurprise
microGPi2_L_1-2+,1,403890.05312,404148.18304,258.1299199999776,403890.05312,404148.18304,258.1299199999776,5,3.6570361987079103,RankSurprise
microGPi2_L_1-2+,1,404553.40032,404775.60832,222.20799999998417,404553.40032,404775.60832,222.20799999998417,6,5.2477737560949365,RankSurprise
microGPi2_L_1-2+,1,406877.26592,406904.29952,27.033600000024308,406877.26592,406904.29952,27.033600000024308,3,4.781938096581921,RankSurprise
microGPi2_L_1-2+,2,5631.46752,6077.44,445.97247999999945,5631.46752,6077.44,445.97247999999945,5,4.36450468675509,RankSurprise
microGPi2_L_1-2+,2,8315.78112,8549.00736,233.22623999999996,8315.78112,8549.00736,233.22623999999996,6,8.160788997211743,RankSurprise
microGPi2_L_1-2+,2,18316.77952,19245.38368,928.604159999999,18316.77952,19245.38368,928.604159999999,7,4.344360874895745,RankSurprise
microGPi2_L_1-2+,2,30059.02848,30610.18624,551.1577599999982,30059.02848,30610.18624,551.1577599999982,6,5.089791619379973,RankSurprise
microGPi2_L_1-2+,2,45747.6096,46017.16736,269.55775999999605,45747.6096,46017.16736,269.55775999999605,5,6.108398066372285,RankSurprise
microGPi2_L_1-2+,2,53626.88,53909.62688,282.74688000000606,53626.88,53909.62688,282.74688000000606,4,3.7077428319763293,RankSurprise
microGPi2_L_1-2+,2,77877.78048,78025.80992,148.02943999999843,77877.78048,78025.80992,148.02943999999843,5,8.111254963970957,RankSurprise
microGPi2_L_1-2+,2,141599.29344,143717.08928,2117.795839999977,141599.29344,143717.08928,2117.795839999977,13,6.6634822741414155,RankSurprise
microGPi2_L_1-2+,2,167413.10464,167747.9936,334.88895999998203,167413.10464,167747.9936,334.88895999998203,5,5.164003852995641,RankSurprise
microGPi2_L_1-2+,2,194817.10592,194907.66848,90.56255999999121,194817.10592,194907.66848,90.56255999999121,3,3.892133235959456,RankSurprise
microGPi2_L_1-2+,2,196775.97696,197668.20864,892.2316799999971,196775.97696,197668.20864,892.2316799999971,7,4.284859933323922,RankSurprise
microGPi2_L_1-2+,2,204872.704,204971.04896,98.34495999998762,204872.704,204971.04896,98.34495999998762,3,4.0146219057594905,RankSurprise
microGPi2_L_1-2+,2,257825.87392,258333.32736,507.45343999998295,257825.87392,258333.32736,507.45343999998295,6,5.161119795504909,RankSurprise
microGPi2_L_1-2+,2,297058.22208,300413.21472,3354.9926400000113,297058.22208,300413.21472,3354.9926400000113,16,4.895467523388928,RankSurprise
microGPi2_L_1-2+,2,301367.99232,301562.63424,194.64191999996547,301367.99232,301562.63424,194.64191999996547,4,4.642348210554676,RankSurprise
microGPi2_L_1-2+,2,303903.62112,304017.12128,113.50015999999596,303903.62112,304017.12128,113.50015999999596,3,3.6325075223094245,RankSurprise
microGPi2_L_1-2+,2,311918.7968,312046.30528,127.5084799999604,311918.7968,312046.30528,127.5084799999604,4,5.582242514961617,RankSurprise
microGPi2_L_1-2+,2,318909.80864,320222.86336,1313.0547200000146,318909.80864,320222.86336,1313.0547200000146,9,5.25055576250339,RankSurprise
microGPi2_L_1-2+,2,329974.08768,330315.24352,341.15584000002127,329974.08768,330315.24352,341.15584000002127,5,5.315808730658599,RankSurprise
microGPi2_L_1-2+,2,337880.10496,337921.72032,41.615359999996144,337880.10496,337921.72032,41.615359999996144,3,5.509093269053585,RankSurprise
microGPi2_L_1-2+,2,344652.06272,344681.472,29.40928000002168,344652.06272,344681.472,29.40928000002168,3,5.695285344402254,RankSurprise
microGPi2_L_1-2+,2,368093.7984,368130.17088,36.3724799999618,368093.7984,368130.17088,36.3724799999618,3,5.569251581698595,RankSurprise
microGPi2_L_1-2+,2,375050.15808,375255.04,204.88191999995615,375050.15808,375255.04,204.88191999995615,6,9.319248209787077,RankSurprise
microGPi2_L_1-2+,2,385092.03456,385254.35904,162.32448000001023,385092.03456,385254.35904,162.32448000001023,4,5.160491209640643,RankSurprise
microGPi2_L_1-2+,2,396943.03232,396992.02048,48.988160000008065,396943.03232,396992.02048,48.988160000008065,3,4.81506851055228,RankSurprise
microGPi2_L_1-2+,3,32202.09664,33274.34752,1072.2508800000032,32202.09664,33274.34752,1072.2508800000032,10,5.027098632760675,RankSurprise
microGPi2_L_1-2+,3,39330.97984,39339.8272,8.847359999999753,39330.97984,39339.8272,8.847359999999753,3,8.491516566706172,RankSurprise
microGPi2_L_1-2+,3,54114.7136,54201.58976,86.8761599999998,54114.7136,54201.58976,86.8761599999998,3,3.6204917113108213,RankSurprise
microGPi2_L_1-2+,3,69905.16224,70066.83136,161.66911999999138,69905.16224,70066.83136,161.66911999999138,4,4.508295561872583,RankSurprise
microGPi2_L_1-2+,3,71955.08736,73122.73408,1167.6467199999897,71955.08736,73122.73408,1167.6467199999897,9,3.8626143663086667,RankSurprise
microGPi2_L_1-2+,3,87533.52704,88150.09792,616.5708799999993,87533.52704,88150.09792,616.5708799999993,7,4.3319872524186405,RankSurprise
microGPi2_L_1-2+,3,127439.79008,127665.88928,226.09919999999693,127439.79008,127665.88928,226.09919999999693,4,3.9369529480691625,RankSurprise
microGPi2_L_1-2+,3,147965.66528,148017.152,51.48672000001534,147965.66528,148017.152,51.48672000001534,3,4.5209796451900655,RankSurprise
microGPi2_L_1-2+,3,158146.56,158178.63168,32.07167999999365,158146.56,158178.63168,32.07167999999365,3,5.683836524655121,RankSurprise
microGPi2_L_1-2+,3,165815.7056,165922.11968,106.41408000001684,165815.7056,165922.11968,106.41408000001684,5,8.016654375733875,RankSurprise
microGPi2_L_1-2+,3,167716.29056,167857.93024,141.63967999999295,167716.29056,167857.93024,141.63967999999295,4,4.71827349376559,RankSurprise
microGPi2_L_1-2+,3,170221.11744,170504.47872,283.3612800000119,170221.11744,170504.47872,283.3612800000119,5,4.426739960721271,RankSurprise
microGPi2_L_1-2+,3,171445.00224,171718.98368,273.9814400000032,171445.00224,171718.98368,273.9814400000032,5,4.632862628336991,RankSurprise
microGPi2_L_1-2+,3,181682.62656,181954.84672,272.2201599999971,181682.62656,181954.84672,272.2201599999971,6,6.4099019282642615,RankSurprise
microGPi2_L_1-2+,3,188805.07904,188860.12928,55.050239999982296,188805.07904,188860.12928,55.050239999982296,4,7.581845244344693,RankSurprise
microGPi2_L_1-2+,3,213064.00768,213417.86112,353.8534399999771,213064.00768,213417.86112,353.8534399999771,5,3.596986068370505,RankSurprise
microGPi2_L_1-2+,3,238058.74176,238120.38656,61.64480000000913,238058.74176,238120.38656,61.64480000000913,3,4.280447730175931,RankSurprise
microGPi2_L_1-2+,3,245359.45216,245610.53696,251.08480000001146,245359.45216,245610.53696,251.08480000001146,7,9.182701578945235,RankSurprise
microGPi2_L_1-2+,3,259176.48896,259249.23392,72.7449600000109,259176.48896,259249.23392,72.7449600000109,3,3.995755484901908,RankSurprise
microGPi2_L_1-2+,3,263245.12768,263320.7808,75.65312000003178,263245.12768,263320.7808,75.65312000003178,3,3.844382181619048,RankSurprise
microGPi2_L_1-2+,3,264706.6624,265498.99264,792.3302400000393,264706.6624,265498.99264,792.3302400000393,7,3.677824464736473,RankSurprise
microGPi2_L_1-2+,3,276430.92992,276690.61632,259.68639999994775,276430.92992,276690.61632,259.68639999994775,4,3.6821868242223204,RankSurprise
microGPi2_L_1-2+,3,279861.61664,280988.18048,1126.5638399999589,279861.61664,280988.18048,1126.5638399999589,10,4.464618904540434,RankSurprise
microGPi2_L_1-2+,3,298815.36512,298858.74176,43.37664000003133,298815.36512,298858.74176,43.37664000003133,3,4.994615536810457,RankSurprise
microGPi2_L_1-2+,3,303244.73856,304001.96608,757.2275199999567,303244.73856,304001.96608,757.2275199999567,8,4.985606245178583,RankSurprise
microGPi2_L_1-2+,3,306674.81088,307188.9408,514.1299199999776,306674.81088,307188.9408,514.1299199999776,7,5.190182458624562,RankSurprise
microGPi2_L_1-2+,3,308598.08768,308615.94624,17.858560000022408,308598.08768,308615.94624,17.858560000022408,3,6.744012106482158,RankSurprise
microGPi2_L_1-2+,3,336844.63616,337174.81472,330.1785600000294,336844.63616,337174.81472,330.1785600000294,7,7.451148958468615,RankSurprise
microGPi2_L_1-2+,3,340414.6688,340635.07456,220.4057599999942,340414.6688,340635.07456,220.4057599999942,4,3.6087564352841675,RankSurprise
microGPi2_L_1-2+,3,346540.97408,346577.42848,36.4543999999878,346540.97408,346577.42848,36.4543999999878,3,5.309682013518321,RankSurprise
microGPi2_L_1-2+,3,347534.7456,348227.46112,692.7155199999688,347534.7456,348227.46112,692.7155199999688,7,3.7695374077042496,RankSurprise
microGPi2_L_1-2+,3,356038.2464,357495.76704,1457.5206400000025,356038.2464,357495.76704,1457.5206400000025,11,4.208605619003467,RankSurprise
microGPi2_L_1-2+,3,367494.18496,367580.73344,86.54847999999765,367494.18496,367580.73344,86.54847999999765,3,3.5801676007938816,RankSurprise
microGPi2_L_1-2+,3,391527.46496,391535.2064,7.741440000012517,391527.46496,391535.2064,7.741440000012517,3,8.90349635583553,RankSurprise
microGPi2_L_1-2+,3,393702.11328,394256.46592,554.3526399999973,393702.11328,394256.46592,554.3526399999973,6,4.3674009418056,RankSurprise
microGPi2_L_1-2+,3,398147.21536,398412.43136,265.2160000000149,398147.21536,398412.43136,265.2160000000149,5,4.7150574940816234,RankSurprise
microGPi2_L_1-2+,3,403117.30176,403816.52992,699.2281599999988,403117.30176,403816.52992,699.2281599999988,7,3.538638827716365,RankSurprise
microGPi2_L_1-2+,4,19288.76032,19381.4528,92.69247999999789,19288.76032,19381.4528,92.69247999999789,4,3.937673446646521,RankSurprise
microGPi2_L_1-2+,4,20019.56864,20057.04704,37.478399999999965,20019.56864,20057.04704,37.478399999999965,3,3.878633205260991,RankSurprise
microGPi2_L_1-2+,4,24162.34496,24240.37376,78.02880000000005,24162.34496,24240.37376,78.02880000000005,4,4.233785437739126,RankSurprise
microGPi2_L_1-2+,4,27883.15136,28286.03392,402.88256000000183,27883.15136,28286.03392,402.88256000000183,9,6.487287725940806,RankSurprise
microGPi2_L_1-2+,4,30003.73248,30050.83648,47.104000000003,30003.73248,30050.83648,47.104000000003,4,5.5308722224706734,RankSurprise
microGPi2_L_1-2+,4,34946.82624,35228.91776,282.0915199999945,34946.82624,35228.91776,282.0915199999945,6,3.9666192372231475,RankSurprise
microGPi2_L_1-2+,4,51079.3728,51167.8464,88.47360000000481,51079.3728,51167.8464,88.47360000000481,4,3.997278104714397,RankSurprise
microGPi2_L_1-2+,4,53007.81056,53027.79904,19.98847999999998,53007.81056,53027.79904,19.98847999999998,3,4.763177397270194,RankSurprise
microGPi2_L_1-2+,4,55812.17792,56257.16736,444.98943999999756,55812.17792,56257.16736,444.98943999999756,10,6.38070741375053,RankSurprise
microGPi2_L_1-2+,4,60325.72416,60506.9312,181.20704000000114,60325.72416,60506.9312,181.20704000000114,5,4.232325254588748,RankSurprise
microGPi2_L_1-2+,4,62387.03616,62393.05728,6.021119999997609,62387.03616,62393.05728,6.021119999997609,3,10.038018731155743,RankSurprise
microGPi2_L_1-2+,4,68595.75296,68710.56384,114.81088000000454,68595.75296,68710.56384,114.81088000000454,4,3.632430909803098,RankSurprise
microGPi2_L_1-2+,4,70137.81504,70618.97216,481.1571200000035,70137.81504,70618.97216,481.1571200000035,8,3.9657208470157834,RankSurprise
microGPi2_L_1-2+,4,92056.73984,92948.97152,892.2316800000117,92056.73984,92948.97152,892.2316800000117,13,4.823345888585773,RankSurprise
microGPi2_L_1-2+,4,107881.79968,107893.80096,12.001279999996768,107881.79968,107893.80096,12.001279999996768,3,5.8570168851286954,RankSurprise
microGPi2_L_1-2+,4,110949.62176,111264.93184,315.3100800000102,110949.62176,111264.93184,315.3100800000102,6,3.520418809260463,RankSurprise
microGPi2_L_1-2+,4,115689.79968,115704.50432,14.704639999996289,115689.79968,115704.50432,14.704639999996289,3,5.272832745887994,RankSurprise
microGPi2_L_1-2+,4,117502.85312,117598.12608,95.27296000000206,117502.85312,117598.12608,95.27296000000206,4,3.7842852909759443,RankSurprise
microGPi2_L_1-2+,4,118937.64096,119001.53856,63.8975999999966,118937.64096,119001.53856,63.8975999999966,4,4.99601269401839,RankSurprise
microGPi2_L_1-2+,4,130570.81344,131527.68,956.8665599999949,130570.81344,131527.68,956.8665599999949,11,3.6593830214915797,RankSurprise
microGPi2_L_1-2+,4,133442.1504,133481.39008,39.23967999999877,133442.1504,133481.39008,39.23967999999877,3,3.545333362601504,RankSurprise
microGPi2_L_1-2+,4,136762.81856,136778.09664,15.278079999989131,136762.81856,136778.09664,15.278079999989131,3,5.23105548513991,RankSurprise
microGPi2_L_1-2+,4,137867.8784,137891.2256,23.347200000018347,137867.8784,137891.2256,23.347200000018347,3,4.746883960547784,RankSurprise
microGPi2_L_1-2+,4,143562.62912,143985.33632,422.7072000000044,143562.62912,143985.33632,422.7072000000044,12,10.840436458174446,RankSurprise
microGPi2_L_1-2+,4,145132.38016,145160.68352,28.30335999999079,145132.38016,145160.68352,28.30335999999079,3,4.460140414678266,RankSurprise
microGPi2_L_1-2+,4,155720.00768,155889.99168,169.98399999999674,155720.00768,155889.99168,169.98399999999674,5,3.860581762401978,RankSurprise
microGPi2_L_1-2+,4,164894.18752,165067.61216,173.4246399999829,164894.18752,165067.61216,173.4246399999829,5,4.455479431792952,RankSurprise
microGPi2_L_1-2+,4,166033.28512,166207.85664,174.5715200000268,166033.28512,166207.85664,174.5715200000268,5,3.7456097177688896,RankSurprise
microGPi2_L_1-2+,4,167648.82944,167735.99232,87.16287999998895,167648.82944,167735.99232,87.16287999998895,6,8.031090251466672,RankSurprise
microGPi2_L_1-2+,4,169494.1184,169532.57984,38.46143999998458,169494.1184,169532.57984,38.46143999998458,3,3.58124907558358,RankSurprise
microGPi2_L_1-2+,4,176782.00832,176885.39136,103.38304000001517,176782.00832,176885.39136,103.38304000001517,4,3.567975264463051,RankSurprise
microGPi2_L_1-2+,4,177510.27712,177557.42208,47.14495999997598,177510.27712,177557.42208,47.14495999997598,4,5.587159183944401,RankSurprise
microGPi2_L_1-2+,4,179837.25568,179946.00448,108.74880000000121,179837.25568,179946.00448,108.74880000000121,6,7.889951561398078,RankSurprise
microGPi2_L_1-2+,4,180902.58432,182519.02976,1616.4454400000104,180902.58432,182519.02976,1616.4454400000104,20,6.560528483139633,RankSurprise
microGPi2_L_1-2+,4,191242.69056,191519.41632,276.7257600000012,191242.69056,191519.41632,276.7257600000012,8,6.407986941324861,RankSurprise
microGPi2_L_1-2+,4,192947.48672,193230.92992,283.4432000000088,192947.48672,193230.92992,283.4432000000088,6,4.504376558029739,RankSurprise
microGPi2_L_1-2+,4,195337.05216,195384.44288,47.39071999999578,195337.05216,195384.44288,47.39071999999578,4,5.519740458736521,RankSurprise
microGPi2_L_1-2+,4,200446.27968,200472.82176,26.542079999984708,200446.27968,200472.82176,26.542079999984708,3,4.178630053826726,RankSurprise
microGPi2_L_1-2+,4,216404.04992,216808.0384,403.98848,216404.04992,216808.0384,403.98848,7,3.785999612012155,RankSurprise
microGPi2_L_1-2+,4,238861.06624,239701.36064,840.2944000000134,238861.06624,239701.36064,840.2944000000134,11,4.395554683971148,RankSurprise
microGPi2_L_1-2+,4,261457.67424,261531.97568,74.30144000001019,261457.67424,261531.97568,74.30144000001019,4,4.7843717556776895,RankSurprise
microGPi2_L_1-2+,4,267643.04384,268642.34496,999.3011200000183,267643.04384,268642.34496,999.3011200000183,15,6.423461260203543,RankSurprise
microGPi2_L_1-2+,4,284709.72416,284737.20832,27.4841599999927,284709.72416,284737.20832,27.4841599999927,3,4.391048709429622,RankSurprise
microGPi2_L_1-2+,4,288295.40352,288338.49344,43.08991999999853,288295.40352,288338.49344,43.08991999999853,3,3.6270701547602666,RankSurprise
microGPi2_L_1-2+,4,292101.81632,292281.91744,180.10112000000663,292101.81632,292281.91744,180.10112000000663,5,4.18804943879022,RankSurprise
microGPi2_L_1-2+,4,298840.80128,298985.59488,144.7935999999754,298840.80128,298985.59488,144.7935999999754,5,4.365293733747411,RankSurprise
microGPi2_L_1-2+,4,304025.06752,304064.02048,38.95296000002418,304025.06752,304064.02048,38.95296000002418,5,8.682827345655319,RankSurprise
microGPi2_L_1-2+,4,307272.99072,307560.36608,287.37536000000546,307272.99072,307560.36608,287.37536000000546,6,3.919342642662065,RankSurprise
microGPi2_L_1-2+,4,311882.42432,311918.67392,36.249599999981,311882.42432,311918.67392,36.249599999981,3,3.7861904109338216,RankSurprise
microGPi2_L_1-2+,4,318306.54976,318339.31776,32.76799999998184,318306.54976,318339.31776,32.76799999998184,3,3.862926291339752,RankSurprise
microGPi2_L_1-2+,4,320760.2176,320959.44704,199.22944000002462,320760.2176,320959.44704,199.22944000002462,6,5.050856451592473,RankSurprise
microGPi2_L_1-2+,4,323902.8736,324064.70656,161.83296000002883,323902.8736,324064.70656,161.83296000002883,5,3.8962394505436855,RankSurprise
microGPi2_L_1-2+,4,330040.60672,330151.44448,110.83776000002399,330040.60672,330151.44448,110.83776000002399,5,5.583227202613067,RankSurprise
microGPi2_L_1-2+,4,345531.63776,345733.20192,201.564160000009,345531.63776,345733.20192,201.564160000009,5,4.452538253202139,RankSurprise
microGPi2_L_1-2+,4,372537.99936,372665.91744,127.918079999974,372537.99936,372665.91744,127.918079999974,4,3.6741811141081655,RankSurprise
microGPi2_L_1-2+,4,377807.50336,378298.49088,490.98752000002423,377807.50336,378298.49088,490.98752000002423,10,5.623799034743983,RankSurprise
microGPi2_L_1-2+,4,379251.58912,379273.54368,21.954559999983758,379251.58912,379273.54368,21.954559999983758,3,4.524431869724403,RankSurprise
microGPi2_L_1-2+,4,384443.67872,384712.58112,268.90239999996265,384443.67872,384712.58112,268.90239999996265,7,5.000565684727839,RankSurprise
microGPi2_L_1-2+,4,390149.98016,390368.95232,218.9721600000048,390149.98016,390368.95232,218.9721600000048,5,4.226763901706374,RankSurprise
microGPi2_L_1-2+,4,399050.62912,399440.11776,389.48863999999594,399050.62912,399440.11776,389.48863999999594,7,4.069248860625572,RankSurprise
microGPi2_L_1-2+,4,400991.6416,401033.70752,42.06592000002274,400991.6416,401033.70752,42.06592000002274,3,3.669226340025835,RankSurprise
microGPi2_L_1-2+,4,403769.9584,403893.49376,123.53535999997985,403769.9584,403893.49376,123.53535999997985,5,4.973037020517651,RankSurprise
microGPi2_L_1-2+,4,407147.60192,407225.87648,78.27455999999074,407147.60192,407225.87648,78.27455999999074,4,4.4474924758747925,RankSurprise
microGPi2_L_2-3+,0,7.08608,139.6736,132.58751999999998,7.08608,139.6736,132.58751999999998,4,4.0342592848946275,RankSurprise
microGPi2_L_2-3+,0,7446.77376,8732.63104,1285.8572800000002,7446.77376,8732.63104,1285.8572800000002,12,5.717576433713429,RankSurprise
microGPi2_L_2-3+,0,21931.17184,22053.2736,122.10176000000138,21931.17184,22053.2736,122.10176000000138,4,4.144363632711922,RankSurprise
microGPi2_L_2-3+,0,34555.00288,36165.2224,1610.2195199999987,34555.00288,36165.2224,1610.2195199999987,15,6.136699278579877,RankSurprise
microGPi2_L_2-3+,0,41085.41952,41189.376,103.95647999999346,41085.41952,41189.376,103.95647999999346,4,4.827847851216514,RankSurprise
microGPi2_L_2-3+,0,45959.94624,46029.98784,70.04160000000411,45959.94624,46029.98784,70.04160000000411,3,3.538727152252509,RankSurprise
microGPi2_L_2-3+,0,54650.96192,56332.32896,1681.3670399999974,54650.96192,56332.32896,1681.3670399999974,18,9.736139105395559,RankSurprise
microGPi2_L_2-3+,0,72759.99232,73594.75712,834.7647999999899,72759.99232,73594.75712,834.7647999999899,9,4.7991160386498235,RankSurprise
microGPi2_L_2-3+,0,77499.26912,78480.67072,981.4015999999974,77499.26912,78480.67072,981.4015999999974,10,4.5818275293918855,RankSurprise
microGPi2_L_2-3+,0,80763.0848,81835.008,1071.9232000000047,80763.0848,81835.008,1071.9232000000047,10,3.932383460737232,RankSurprise
microGPi2_L_2-3+,0,82903.81824,83757.13792,853.3196800000005,82903.81824,83757.13792,853.3196800000005,9,5.222980662315403,RankSurprise
microGPi2_L_2-3+,0,118800.7936,118816.60416,15.810559999998077,118800.7936,118816.60416,15.810559999998077,3,5.4342528728123,RankSurprise
microGPi2_L_2-3+,0,125975.59296,126071.68512,96.09216000000015,125975.59296,126071.68512,96.09216000000015,5,7.297228425372666,RankSurprise
microGPi2_L_2-3+,0,130819.6864,131751.44448,931.7580799999996,130819.6864,131751.44448,931.7580799999996,11,5.946921979591349,RankSurprise
microGPi2_L_2-3+,0,135385.2928,135406.7968,21.504000000015367,135385.2928,135406.7968,21.504000000015367,3,4.83843626029101,RankSurprise
microGPi2_L_2-3+,0,142013.48096,142037.1968,23.715840000018943,142013.48096,142037.1968,23.715840000018943,3,4.644734584794714,RankSurprise
microGPi2_L_2-3+,0,143435.44832,144812.93312,1377.4848000000056,143435.44832,144812.93312,1377.4848000000056,12,4.684746778741675,RankSurprise
microGPi2_L_2-3+,0,153911.86944,154205.184,293.3145599999989,153911.86944,154205.184,293.3145599999989,5,4.170414828897005,RankSurprise
microGPi2_L_2-3+,0,161680.384,161707.4176,27.033599999995204,161680.384,161707.4176,27.033599999995204,3,4.525295049522628,RankSurprise
microGPi2_L_2-3+,0,175210.53696,175354.92096,144.38399999999092,175210.53696,175354.92096,144.38399999999092,5,6.11436507584164,RankSurprise
microGPi2_L_2-3+,0,180099.76832,180114.0224,14.254079999984242,180099.76832,180114.0224,14.254079999984242,3,5.471121059247734,RankSurprise
microGPi2_L_2-3+,0,183044.01408,183100.12928,56.115200000000186,183044.01408,183100.12928,56.115200000000186,3,3.8194913743567707,RankSurprise
microGPi2_L_2-3+,0,225909.26848,226064.05632,154.7878400000045,225909.26848,226064.05632,154.7878400000045,4,3.8355800263945525,RankSurprise
microGPi2_L_2-3+,0,229923.06176,229999.45216,76.39039999997476,229923.06176,229999.45216,76.39039999997476,4,5.234486043114529,RankSurprise
microGPi2_L_2-3+,0,235904.12288,235911.86432,7.741439999983413,235904.12288,235911.86432,7.741439999983413,3,6.793396244866239,RankSurprise
microGPi2_L_2-3+,0,240202.1376,240268.4928,66.35520000001998,240202.1376,240268.4928,66.35520000001998,3,3.5316599850294157,RankSurprise
microGPi2_L_2-3+,0,240835.95264,240893.17376,57.221120000001974,240835.95264,240893.17376,57.221120000001974,3,3.538727152252509,RankSurprise
microGPi2_L_2-3+,0,245551.3088,245883.00288,331.69407999998657,245551.3088,245883.00288,331.69407999998657,7,6.546072998707154,RankSurprise
microGPi2_L_2-3+,0,254037.93408,254100.48,62.545920000004116,254037.93408,254100.48,62.545920000004116,4,5.950654201014899,RankSurprise
microGPi2_L_2-3+,0,256981.4016,259380.26496,2398.8633599999885,256981.4016,259380.26496,2398.8633599999885,23,10.896249200920717,RankSurprise
microGPi2_L_2-3+,0,281141.78048,281191.05536,49.27487999998266,281141.78048,281191.05536,49.27487999998266,3,3.868978645560359,RankSurprise
microGPi2_L_2-3+,0,281796.52608,282218.98752,422.4614400000428,281796.52608,282218.98752,422.4614400000428,6,4.817448447459995,RankSurprise
microGPi2_L_2-3+,0,288571.5968,290194.0224,1622.4256000000169,288571.5968,290194.0224,1622.4256000000169,13,4.479226161556802,RankSurprise
microGPi2_L_2-3+,0,322005.52448,322146.83648,141.31199999997625,322005.52448,322146.83648,141.31199999997625,4,3.8457151904490594,RankSurprise
microGPi2_L_2-3+,0,334970.71616,335146.76224,176.04608000000007,334970.71616,335146.76224,176.04608000000007,5,5.113056820173522,RankSurprise
microGPi2_L_2-3+,0,349877.61664,349916.11904,38.50239999999758,349877.61664,349916.11904,38.50239999999758,3,4.390789538146551,RankSurprise
microGPi2_L_2-3+,0,358763.60192,359394.0992,630.4972800000105,358763.60192,359394.0992,630.4972800000105,7,3.5862199475571686,RankSurprise
microGPi2_L_2-3+,0,375061.87264,376054.62016,992.7475199999753,375061.87264,376054.62016,992.7475199999753,11,5.729576197466302,RankSurprise
microGPi2_L_2-3+,0,378317.824,378451.5584,133.73439999995753,378317.824,378451.5584,133.73439999995753,4,3.97008557898684,RankSurprise
microGPi2_L_2-3+,0,384200.58112,385413.07904,1212.4979199999943,384200.58112,385413.07904,1212.4979199999943,11,4.569766704764575,RankSurprise
microGPi2_L_2-3+,1,9506.52928,9544.99072,38.46143999999913,9506.52928,9544.99072,38.46143999999913,3,4.718660361705117,RankSurprise
microGPi2_L_2-3+,1,17124.5568,17375.80544,251.24864000000161,17124.5568,17375.80544,251.24864000000161,6,6.879904717837498,RankSurprise
microGPi2_L_2-3+,1,24173.568,24217.68192,44.11391999999978,24173.568,24217.68192,44.11391999999978,3,4.413430181405966,RankSurprise
microGPi2_L_2-3+,1,32881.41824,33241.12896,359.71072000000277,32881.41824,33241.12896,359.71072000000277,5,3.729735934568655,RankSurprise
microGPi2_L_2-3+,1,39342.08,39402.78272,60.702720000001136,39342.08,39402.78272,60.702720000001136,6,12.32957073676372,RankSurprise
microGPi2_L_2-3+,1,53723.42272,53879.93088,156.5081599999976,53723.42272,53879.93088,156.5081599999976,4,4.218096182616549,RankSurprise
microGPi2_L_2-3+,1,72182.94784,72378.24512,195.29728000001342,72182.94784,72378.24512,195.29728000001342,6,7.632499813155782,RankSurprise
microGPi2_L_2-3+,1,90791.40352,92835.6352,2044.2316799999971,90791.40352,92835.6352,2044.2316799999971,14,4.64479853346737,RankSurprise
microGPi2_L_2-3+,1,107002.55232,107569.39776,566.8454400000046,107002.55232,107569.39776,566.8454400000046,6,3.512602668683733,RankSurprise
microGPi2_L_2-3+,1,110897.11104,111104.65536,207.54432000000088,110897.11104,111104.65536,207.54432000000088,4,3.7528792063262806,RankSurprise
microGPi2_L_2-3+,1,111828.21376,111870.64832,42.434559999994235,111828.21376,111870.64832,42.434559999994235,4,7.272347267812716,RankSurprise
microGPi2_L_2-3+,1,112642.53952,112652.24704,9.707519999996293,112642.53952,112652.24704,9.707519999996293,3,7.293628911589081,RankSurprise
microGPi2_L_2-3+,1,140278.00576,140405.59616,127.5903999999864,140278.00576,140405.59616,127.5903999999864,4,4.738087635656285,RankSurprise
microGPi2_L_2-3+,1,143049.89184,144844.51328,1794.6214400000172,143049.89184,144844.51328,1794.6214400000172,14,5.197606980105119,RankSurprise
microGPi2_L_2-3+,1,162150.93248,162322.14528,171.21280000000843,162150.93248,162322.14528,171.21280000000843,5,6.110908414819757,RankSurprise
microGPi2_L_2-3+,1,173697.6384,174688.0512,990.412799999991,173697.6384,174688.0512,990.412799999991,8,3.968713016448625,RankSurprise
microGPi2_L_2-3+,1,181397.79072,182928.46592,1530.6751999999979,181397.79072,182928.46592,1530.6751999999979,17,10.433073616782227,RankSurprise
microGPi2_L_2-3+,1,189084.18048,189136.36352,52.18304000000353,189084.18048,189136.36352,52.18304000000353,3,4.095479217237996,RankSurprise
microGPi2_L_2-3+,1,228682.01472,228760.576,78.56127999999444,228682.01472,228760.576,78.56127999999444,3,3.6127775479478768,RankSurprise
microGPi2_L_2-3+,1,229922.36544,230060.11392,137.7484800000093,229922.36544,230060.11392,137.7484800000093,5,6.495742086717389,RankSurprise
microGPi2_L_2-3+,1,245551.9232,245576.99072,25.067520000011427,245551.9232,245576.99072,25.067520000011427,4,9.014432607532004,RankSurprise
microGPi2_L_2-3+,1,255823.83104,256120.38144,296.55040000000736,255823.83104,256120.38144,296.55040000000736,5,4.280546861654219,RankSurprise
microGPi2_L_2-3+,1,257119.15008,258660.10624,1540.9561600000015,257119.15008,258660.10624,1540.9561600000015,14,7.229520381417403,RankSurprise
microGPi2_L_2-3+,1,260376.1664,260396.31872,20.152320000022883,260376.1664,260396.31872,20.152320000022883,4,9.65217689887948,RankSurprise
microGPi2_L_2-3+,1,260633.1904,260872.02816,238.8377599999949,260633.1904,260872.02816,238.8377599999949,4,3.7090026408992784,RankSurprise
microGPi2_L_2-3+,1,263364.73088,264506.40896,1141.6780799999833,263364.73088,264506.40896,1141.6780799999833,10,5.117678068923556,RankSurprise
microGPi2_L_2-3+,1,266352.10752,266562.10944,210.0019199999515,266352.10752,266562.10944,210.0019199999515,6,8.428703928569298,RankSurprise
microGPi2_L_2-3+,1,270889.3696,271003.4432,114.07360000000335,270889.3696,271003.4432,114.07360000000335,4,5.1135789250933215,RankSurprise
microGPi2_L_2-3+,1,302156.1856,302184.89856,28.712959999975283,302156.1856,302184.89856,28.712959999975283,3,5.25850878887114,RankSurprise
microGPi2_L_2-3+,1,325955.82976,326028.0832,72.25344000000041,325955.82976,326028.0832,72.25344000000041,3,3.6970008922131026,RankSurprise
microGPi2_L_2-3+,1,337024.12288,337201.07008,176.94719999999506,337024.12288,337201.07008,176.94719999999506,4,4.160586260334156,RankSurprise
microGPi2_L_2-3+,1,347604.54144,348221.6448,617.1033600000083,347604.54144,348221.6448,617.1033600000083,7,4.679315562314348,RankSurprise
microGPi2_L_2-3+,1,350029.2096,350236.38528,207.17567999998573,350029.2096,350236.38528,207.17567999998573,4,3.7639493547113574,RankSurprise
microGPi2_L_2-3+,1,384443.67872,384712.54016,268.86143999994965,384443.67872,384712.54016,268.86143999994965,5,4.471798157244319,RankSurprise
microGPi2_L_4-5+,1,4112.54784,4114.67776,2.1299199999994016,4112.54784,4114.67776,2.1299199999994016,3,6.946363211371521,RankSurprise
microGPi2_L_4-5+,1,54694.0928,54696.38656,2.293760000000475,54694.0928,54696.38656,2.293760000000475,3,5.96301696735064,RankSurprise
microGPi2_L_4-5+,1,65770.37312,65809.69472,39.32159999999567,65770.37312,65809.69472,39.32159999999567,4,4.016744514860665,RankSurprise
microGPi2_L_4-5+,1,67613.45024,67672.2688,58.81855999999971,67613.45024,67672.2688,58.81855999999971,5,4.014622732778772,RankSurprise
microGPi2_L_4-5+,1,85669.35552,85730.42688,61.07136000000173,85669.35552,85730.42688,61.07136000000173,5,3.960060733699386,RankSurprise
microGPi2_L_4-5+,1,86446.57152,86783.71328,337.1417599999986,86446.57152,86783.71328,337.1417599999986,13,5.686987817041988,RankSurprise
microGPi2_L_4-5+,1,96536.20736,96975.70816,439.50079999999434,96536.20736,96975.70816,439.50079999999434,23,12.767138136512516,RankSurprise
microGPi2_L_4-5+,1,103975.36256,104140.34944,164.9868800000113,103975.36256,104140.34944,164.9868800000113,10,7.624977701934608,RankSurprise
microGPi2_L_4-5+,1,104852.0704,104866.24256,14.172160000001895,104852.0704,104866.24256,14.172160000001895,3,3.5108163496947284,RankSurprise
microGPi2_L_4-5+,1,112204.3904,112268.86144,64.47103999998944,112204.3904,112268.86144,64.47103999998944,6,5.246675064225585,RankSurprise
microGPi2_L_4-5+,1,112995.5328,113173.05344,177.52064000000246,112995.5328,113173.05344,177.52064000000246,9,5.598267915080891,RankSurprise
microGPi2_L_4-5+,1,123979.44832,123981.66016,2.2118400000035763,123979.44832,123981.66016,2.2118400000035763,3,6.544938512800361,RankSurprise
microGPi2_L_4-5+,1,129299.41504,129693.04064,393.6255999999994,129299.41504,129693.04064,393.6255999999994,18,7.729962181568863,RankSurprise
microGPi2_L_4-5+,1,143134.5152,143304.13056,169.61535999999614,143134.5152,143304.13056,169.61535999999614,11,7.231661821990817,RankSurprise
microGPi2_L_4-5+,1,151751.2704,152483.38944,732.1190399999905,151751.2704,152483.38944,732.1190399999905,23,7.207194021359717,RankSurprise
microGPi2_L_4-5+,1,162499.29728,162567.168,67.87072000000626,162499.29728,162567.168,67.87072000000626,6,5.7438818118270625,RankSurprise
microGPi2_L_4-5+,1,287310.27456,287444.29568,134.02111999999033,287310.27456,287444.29568,134.02111999999033,8,5.175427721546387,RankSurprise
microGPi2_L_4-5+,1,292028.25216,292358.51264,330.2604799999972,292028.25216,292358.51264,330.2604799999972,13,4.337110023796841,RankSurprise
microGPi2_L_4-5+,1,346117.44768,346124.36992,6.92224000004353,346117.44768,346124.36992,6.92224000004353,3,4.645796282533713,RankSurprise
microGPi2_L_4-5+,1,348578.4064,348672.57344,94.16704000002937,348578.4064,348672.57344,94.16704000002937,9,8.285212551622356,RankSurprise
microGPi2_L_4-5+,1,384018.30912,384033.9968,15.687680000031833,384018.30912,384033.9968,15.687680000031833,3,3.8584414581135427,RankSurprise
microGPi2_L_4-5+,1,386260.91008,386408.36608,147.4560000000056,386260.91008,386408.36608,147.4560000000056,7,3.6920524124638345,RankSurprise
microGPi2_L_4-5+,1,388619.22304,388675.95264,56.729599999962375,388619.22304,388675.95264,56.729599999962375,6,5.828918367029239,RankSurprise
microGPi2_L_4-5+,3,36492.16512,47213.03552,10720.8704,36492.16512,47213.03552,10720.8704,39,14.209828180087694,RankSurprise
microGPi2_L_4-5+,3,50058.4448,52389.02784,2330.583040000005,50058.4448,52389.02784,2330.583040000005,9,4.736841248937573,RankSurprise
microGPi2_L_4-5+,3,97315.59424,97741.66016,426.06591999999364,97315.59424,97741.66016,426.06591999999364,5,5.490190475565015,RankSurprise
microGPi2_L_4-5+,3,113011.42528,113134.34624,122.9209600000031,113011.42528,113134.34624,122.9209600000031,3,3.9360843487154877,RankSurprise
microGPi2_L_4-5+,3,152045.44512,155196.45696,3151.011840000021,152045.44512,155196.45696,3151.011840000021,11,4.432047187756841,RankSurprise
microGPi2_L_4-5+,3,169837.69088,169936.24064,98.54975999999442,169837.69088,169936.24064,98.54975999999442,3,4.352419129060555,RankSurprise
microGPi2_L_4-5+,3,345851.86304,345984.36864,132.50559999997495,345851.86304,345984.36864,132.50559999997495,3,3.7320777003951147,RankSurprise
microGPi2_L_4-5+,3,348920.50432,348926.976,6.4716800000169314,348920.50432,348926.976,6.4716800000169314,3,7.674835632869597,RankSurprise
microGPi2_L_4-5+,3,352861.3888,353617.75616,756.3673599999747,352861.3888,353617.75616,756.3673599999747,5,3.8904249679419074,RankSurprise
microGPi2_L_4-5+,3,383176.86784,386318.29504,3141.4271999999764,383176.86784,386318.29504,3141.4271999999764,17,10.517301413331069,RankSurprise
microGPi2_L_4-5+,3,388310.71232,388854.25152,543.5391999999993,388310.71232,388854.25152,543.5391999999993,5,4.718557920685164,RankSurprise
microGPi2_L_4-5+,3,397037.07648,400613.33504,3576.2585599999875,397037.07648,400613.33504,3576.2585599999875,11,4.654539006678004,RankSurprise
microGPi2_L_4-6+,1,4287.40608,4289.86368,2.457600000000639,4287.40608,4289.86368,2.457600000000639,3,5.49544613354896,RankSurprise
microGPi2_L_4-6+,1,5429.37088,5433.7536,4.382719999999608,5429.37088,5433.7536,4.382719999999608,3,4.036115521053677,RankSurprise
microGPi2_L_4-6+,1,11306.88512,11311.7184,4.833279999998922,11306.88512,11311.7184,4.833279999998922,3,3.9325993599499114,RankSurprise
microGPi2_L_4-6+,1,19128.7296,19134.34112,5.611520000002201,19128.7296,19134.34112,5.611520000002201,5,8.530267464819481,RankSurprise
microGPi2_L_4-6+,1,20939.93984,21222.6048,282.6649600000019,20939.93984,21222.6048,282.6649600000019,22,7.554294978307004,RankSurprise
microGPi2_L_4-6+,1,21519.23712,21535.82592,16.58879999999772,21519.23712,21535.82592,16.58879999999772,5,5.494406678664337,RankSurprise
microGPi2_L_4-6+,1,32087.6544,32092.93824,5.283840000000055,32087.6544,32092.93824,5.283840000000055,3,4.046768028506639,RankSurprise
microGPi2_L_4-6+,1,32291.6352,32305.68448,14.049279999999271,32291.6352,32305.68448,14.049279999999271,6,8.423343320780553,RankSurprise
microGPi2_L_4-6+,1,32547.51232,32579.50208,31.98975999999675,32547.51232,32579.50208,31.98975999999675,5,3.9596030285675496,RankSurprise
microGPi2_L_4-6+,1,36617.91232,36634.0096,16.097279999994498,36617.91232,36634.0096,16.097279999994498,4,3.872700136283342,RankSurprise
microGPi2_L_4-6+,1,40261.95968,40264.62208,2.662400000001071,40261.95968,40264.62208,2.662400000001071,3,4.949215626288595,RankSurprise
microGPi2_L_4-6+,1,43724.63616,44130.5088,405.8726400000014,43724.63616,44130.5088,405.8726400000014,24,5.515880865018402,RankSurprise
microGPi2_L_4-6+,1,44484.48512,44498.16576,13.680640000005951,44484.48512,44498.16576,13.680640000005951,4,4.086966183415509,RankSurprise
microGPi2_L_4-6+,1,47287.41888,47321.00608,33.58720000000176,47287.41888,47321.00608,33.58720000000176,7,6.276962793739988,RankSurprise
microGPi2_L_4-6+,1,50681.93792,50700.57472,18.63680000000022,50681.93792,50700.57472,18.63680000000022,4,3.789936213152668,RankSurprise
microGPi2_L_4-6+,1,51427.24608,51430.93248,3.6864000000059605,51427.24608,51430.93248,3.6864000000059605,3,4.473790029007343,RankSurprise
microGPi2_L_4-6+,1,62157.04576,62158.848,1.802239999997255,62157.04576,62158.848,1.802239999997255,3,6.1247988010834575,RankSurprise
microGPi2_L_4-6+,1,67609.92768,67747.92192,137.99424,67609.92768,67747.92192,137.99424,11,3.963557816194263,RankSurprise
microGPi2_L_4-6+,1,85654.15936,85730.42688,76.26751999999397,85654.15936,85730.42688,76.26751999999397,9,5.076697329150346,RankSurprise
microGPi2_L_4-6+,1,85864.61184,85866.94656,2.3347199999989243,85864.61184,85866.94656,2.3347199999989243,3,5.680016589634459,RankSurprise
microGPi2_L_4-6+,1,86500.63872,86784.16384,283.52511999999115,86500.63872,86784.16384,283.52511999999115,24,8.83565080973726,RankSurprise
microGPi2_L_4-6+,1,94557.14304,94566.44096,9.2979200000118,94557.14304,94566.44096,9.2979200000118,5,7.262334462664576,RankSurprise
microGPi2_L_4-6+,1,95383.01952,95606.45632,223.43679999999586,95383.01952,95606.45632,223.43679999999586,16,5.59187635613946,RankSurprise
microGPi2_L_4-6+,1,96536.20736,96843.3664,307.15903999999864,96536.20736,96843.3664,307.15903999999864,28,11.773218367343826,RankSurprise
microGPi2_L_4-6+,1,97255.46496,97257.8816,2.416639999995823,97255.46496,97257.8816,2.416639999995823,3,4.932513995058937,RankSurprise
microGPi2_L_4-6+,1,103931.98592,103976.96,44.97407999999996,103931.98592,103976.96,44.97407999999996,9,8.088123689982972,RankSurprise
microGPi2_L_4-6+,1,104339.70176,104341.66784,1.9660799999983283,104339.70176,104341.66784,1.9660799999983283,3,5.979278164030415,RankSurprise
microGPi2_L_4-6+,1,104562.64704,104567.31648,4.669439999997849,104562.64704,104567.31648,4.669439999997849,3,3.99927231012321,RankSurprise
microGPi2_L_4-6+,1,104790.95808,104866.73408,75.77599999999802,104790.95808,104866.73408,75.77599999999802,7,4.188220832039653,RankSurprise
microGPi2_L_4-6+,1,112141.68064,112295.48544,153.80479999999807,112141.68064,112295.48544,153.80479999999807,12,5.1580706362614155,RankSurprise
microGPi2_L_4-6+,1,112952.48384,113044.23424,91.75040000000445,112952.48384,113044.23424,91.75040000000445,13,8.09995380428941,RankSurprise
microGPi2_L_4-6+,1,114356.18304,114361.79456,5.6115199999912875,114356.18304,114361.79456,5.6115199999912875,3,3.9325993599499114,RankSurprise
microGPi2_L_4-6+,1,114503.0656,114507.3664,4.300799999997253,114503.0656,114507.3664,4.300799999997253,3,4.150901331564135,RankSurprise
microGPi2_L_4-6+,1,123820.31872,124018.688,198.36927999999898,123820.31872,124018.688,198.36927999999898,20,10.519806201480783,RankSurprise
microGPi2_L_4-6+,1,129346.92864,129700.37248,353.4438400000072,129346.92864,129700.37248,353.4438400000072,30,11.18305915931632,RankSurprise
microGPi2_L_4-6+,1,143124.84864,143346.2784,221.42975999999908,143124.84864,143346.2784,221.42975999999908,20,8.409552970673914,RankSurprise
microGPi2_L_4-6+,1,143465.22624,143694.2336,229.0073600000178,143465.22624,143694.2336,229.0073600000178,17,6.177977914872549,RankSurprise
microGPi2_L_4-6+,1,143843.1232,143884.24704,41.12383999998565,143843.1232,143884.24704,41.12383999998565,6,4.4380442337329065,RankSurprise
microGPi2_L_4-6+,1,151913.8816,152348.2624,434.38080000001355,151913.8816,152348.2624,434.38080000001355,26,6.233218083665893,RankSurprise
microGPi2_L_4-6+,1,162390.67136,162396.85632,6.18495999998413,162390.67136,162396.85632,6.18495999998413,3,3.834178369831516,RankSurprise
microGPi2_L_4-6+,1,162497.90464,162525.55264,27.6480000000156,162497.90464,162525.55264,27.6480000000156,6,6.293761668363885,RankSurprise
microGPi2_L_4-6+,1,162667.9296,162670.87872,2.9491200000047684,162667.9296,162670.87872,2.9491200000047684,3,4.719714212980476,RankSurprise
microGPi2_L_4-6+,1,162760.00768,162820.7104,60.702720000001136,162760.00768,162820.7104,60.702720000001136,9,6.4778287668102195,RankSurprise
microGPi2_L_4-6+,1,167472.25088,167474.7904,2.539519999991171,167472.25088,167474.7904,2.539519999991171,3,5.237354889836631,RankSurprise
microGPi2_L_4-6+,1,169682.69824,169692.3648,9.666560000012396,169682.69824,169692.3648,9.666560000012396,4,4.770917563044286,RankSurprise
microGPi2_L_4-6+,1,171159.01952,171182.44864,23.429119999986142,171159.01952,171182.44864,23.429119999986142,6,6.177050697065468,RankSurprise
microGPi2_L_4-6+,1,219996.85632,220010.61888,13.76256000000285,219996.85632,220010.61888,13.76256000000285,5,5.895116073197215,RankSurprise
microGPi2_L_4-6+,1,286372.16768,286435.77856,63.6108799999929,286372.16768,286435.77856,63.6108799999929,9,5.711960110037554,RankSurprise
microGPi2_L_4-6+,1,287278.65344,287450.60352,171.95007999998052,287278.65344,287450.60352,171.95007999998052,16,6.9873287812751,RankSurprise
microGPi2_L_4-6+,1,292358.5536,292405.78048,47.22688000003109,292358.5536,292405.78048,47.22688000003109,6,4.074692652509921,RankSurprise
microGPi2_L_4-6+,1,303744.04096,303749.07904,5.038079999969341,303744.04096,303749.07904,5.038079999969341,3,3.9376498757359784,RankSurprise
microGPi2_L_4-6+,1,310060.97408,310082.27328,21.299200000008568,310060.97408,310082.27328,21.299200000008568,5,5.05926832569185,RankSurprise
microGPi2_L_4-6+,1,311652.02432,311931.45344,279.42911999998614,311652.02432,311931.45344,279.42911999998614,21,6.658475103845909,RankSurprise
microGPi2_L_4-6+,1,326860.1856,326890.57792,30.392319999984466,326860.1856,326890.57792,30.392319999984466,7,6.812900599208817,RankSurprise
microGPi2_L_4-6+,1,327161.89696,327240.45824,78.56128000002354,327161.89696,327240.45824,78.56128000002354,9,4.984808922009021,RankSurprise
microGPi2_L_4-6+,1,346034.176,346124.41088,90.23488000000361,346034.176,346124.41088,90.23488000000361,13,9.394298573047255,RankSurprise
microGPi2_L_4-6+,1,346287.26784,346447.13472,159.86687999998685,346287.26784,346447.13472,159.86687999998685,15,7.1867642943574,RankSurprise
microGPi2_L_4-6+,1,378827.12064,378859.15136,32.030720000038855,378827.12064,378859.15136,32.030720000038855,5,3.983956235320548,RankSurprise
microGPi2_L_4-6+,1,384146.6368,384150.81472,4.17792000004556,384146.6368,384150.81472,4.17792000004556,4,7.016612922678089,RankSurprise
microGPi2_L_4-6+,1,386223.75936,386540.05248,316.29311999998754,386223.75936,386540.05248,316.29311999998754,23,6.579428869494747,RankSurprise
microGPi2_L_4-6+,1,388591.616,388911.9232,320.3072000000393,388591.616,388911.9232,320.3072000000393,25,7.378452736536209,RankSurprise
microGPi2_L_4-6+,1,389606.56384,389610.94656,4.382719999994151,389606.56384,389610.94656,4.382719999994151,3,4.030810468823983,RankSurprise
microGPi2_L_4-6+,1,394934.84544,394937.344,2.49855999997817,394934.84544,394937.344,2.49855999997817,3,5.346835634097317,RankSurprise
microGPi2_L_4-6+,1,398639.02208,398690.95936,51.937279999954626,398639.02208,398690.95936,51.937279999954626,7,5.055347608597791,RankSurprise
microGPi2_L_4-6+,1,400531.57888,400549.84704,18.268160000036005,400531.57888,400549.84704,18.268160000036005,5,5.37850732656128,RankSurprise
microGPi2_L_4-6+,1,400912.95744,400978.16576,65.20831999997608,400912.95744,400978.16576,65.20831999997608,7,3.7530077248201215,RankSurprise
microGPi2_L_4-6+,2,22764.3392,22799.9744,35.63520000000062,22764.3392,22799.9744,35.63520000000062,3,4.842574413475909,RankSurprise
microGPi2_L_4-6+,2,34574.17216,35846.06208,1271.8899200000014,34574.17216,35846.06208,1271.8899200000014,7,3.8667132294870434,RankSurprise
microGPi2_L_4-6+,2,80156.09856,80451.87072,295.7721600000077,80156.09856,80451.87072,295.7721600000077,6,7.5826686818350595,RankSurprise
microGPi2_L_4-6+,2,156945.85856,157236.4288,290.5702400000009,156945.85856,157236.4288,290.5702400000009,4,4.2049065134045875,RankSurprise
microGPi2_L_4-6+,2,177260.87168,178456.24832,1195.3766400000022,177260.87168,178456.24832,1195.3766400000022,8,5.087315129983088,RankSurprise
microGPi2_L_4-6+,2,185742.00832,185827.45088,85.44255999999586,185742.00832,185827.45088,85.44255999999586,3,4.224764049552087,RankSurprise
microGPi2_L_4-6+,2,205173.06368,205190.38976,17.32607999999891,205173.06368,205190.38976,17.32607999999891,4,8.47871024662465,RankSurprise
microGPi2_L_4-6+,2,214520.25856,214599.51616,79.25760000001173,214520.25856,214599.51616,79.25760000001173,3,4.0126355584685545,RankSurprise
microGPi2_L_4-6+,2,233768.50944,233781.6576,13.148160000011558,233768.50944,233781.6576,13.148160000011558,4,9.066180755975605,RankSurprise
microGPi2_L_4-6+,2,236544.86016,237176.09472,631.2345599999826,236544.86016,237176.09472,631.2345599999826,5,4.3672698860813135,RankSurprise
microGPi2_L_4-6+,2,290857.73824,291564.62592,706.8876800000435,290857.73824,291564.62592,706.8876800000435,8,7.8095078887116545,RankSurprise
microGPi2_L_4-6+,2,320109.568,320188.08832,78.52031999995233,320109.568,320188.08832,78.52031999995233,7,12.911496652650975,RankSurprise
microGPi2_L_4-6+,2,339566.67392,339578.10176,11.427840000018477,339566.67392,339578.10176,11.427840000018477,3,6.06460970544778,RankSurprise
microGPi2_L_4-6+,2,348921.40544,349056.90112,135.49567999999272,348921.40544,349056.90112,135.49567999999272,6,9.056138970770796,RankSurprise
microGPi2_L_4-6+,2,377700.5568,377820.85632,120.29952000000048,377700.5568,377820.85632,120.29952000000048,4,5.851895822987057,RankSurprise
microGPi2_L_4-6+,2,394041.46688,397223.3216,3181.854720000003,394041.46688,397223.3216,3181.854720000003,11,3.8770300217773803,RankSurprise
microGPi2_L_4-6+,3,26795.2128,26904.08448,108.8716800000002,26795.2128,26904.08448,108.8716800000002,5,5.256912099703264,RankSurprise
microGPi2_L_4-6+,3,40509.6448,40536.4736,26.82879999999568,40509.6448,40536.4736,26.82879999999568,3,4.291933591146844,RankSurprise
microGPi2_L_4-6+,3,65730.39616,65809.69472,79.29855999999563,65730.39616,65809.69472,79.29855999999563,4,4.400075028317616,RankSurprise
microGPi2_L_4-6+,3,67613.4912,67672.59648,59.10527999998885,67613.4912,67672.59648,59.10527999998885,4,5.08765372898222,RankSurprise
microGPi2_L_4-6+,3,96958.79168,96975.70816,16.916479999999865,96958.79168,96975.70816,16.916479999999865,3,5.407471530698297,RankSurprise
microGPi2_L_4-6+,3,104029.7984,104052.28544,22.487040000007255,104029.7984,104052.28544,22.487040000007255,3,4.69669964295251,RankSurprise
microGPi2_L_4-6+,3,112995.57376,113016.6272,21.05344000000332,112995.57376,113016.6272,21.05344000000332,3,4.892954294050389,RankSurprise
microGPi2_L_4-6+,3,113162.56768,113173.0944,10.526720000008936,113162.56768,113173.0944,10.526720000008936,3,6.25904594785276,RankSurprise
microGPi2_L_4-6+,3,143778.36544,143811.42016,33.05472000001464,143778.36544,143811.42016,33.05472000001464,3,4.007754149246265,RankSurprise
microGPi2_L_4-6+,3,152251.96544,152527.4624,275.4969599999895,152251.96544,152527.4624,275.4969599999895,9,7.182883516127912,RankSurprise
microGPi2_L_4-6+,3,157668.18816,157702.18496,33.99680000002263,157668.18816,157702.18496,33.99680000002263,3,3.8794998137225853,RankSurprise
microGPi2_L_4-6+,3,165281.54624,165397.504,115.95775999999023,165281.54624,165397.504,115.95775999999023,5,4.762248901686839,RankSurprise
microGPi2_L_4-6+,3,174611.21024,174650.7776,39.56736000001547,174611.21024,174650.7776,39.56736000001547,3,3.60158753286661,RankSurprise
microGPi2_L_4-6+,3,291986.75968,292300.8,314.04031999997096,291986.75968,292300.8,314.04031999997096,11,9.460198228501898,RankSurprise
microGPi2_L_4-6+,3,348603.8016,348672.57344,68.77184000000125,348603.8016,348672.57344,68.77184000000125,5,6.866109627520824,RankSurprise
microGPi2_L_4-6+,3,386336.48128,386422.94784,86.46655999997165,386336.48128,386422.94784,86.46655999997165,4,4.026704508247317,RankSurprise
microGPi2_L_4-6+,3,388826.5216,388916.67456,90.15296000003582,388826.5216,388916.67456,90.15296000003582,4,3.84107500365989,RankSurprise
microGPi2_L_4-6+,3,399258.17344,399297.37216,39.19872000004398,399258.17344,399297.37216,39.19872000004398,3,3.558803929198362,RankSurprise
microGPi2_L_4-6+,4,80149.95456,80365.73184,215.7772799999948,80149.95456,80365.73184,215.7772799999948,4,5.950774679165178,RankSurprise
microGPi2_L_4-6+,4,158868.97152,159186.1248,317.15327999999863,158868.97152,159186.1248,317.15327999999863,4,4.61045631854887,RankSurprise
microGPi2_L_4-6+,4,178256.03584,178828.98432,572.9484799999918,178256.03584,178828.98432,572.9484799999918,4,3.7363770373674328,RankSurprise
microGPi2_L_4-6+,4,185787.63776,185997.02528,209.3875199999893,185787.63776,185997.02528,209.3875199999893,3,3.830426579944449,RankSurprise
microGPi2_L_4-6+,4,219431.81312,220034.6624,602.8492799999949,219431.81312,220034.6624,602.8492799999949,4,3.719938311024274,RankSurprise
microGPi2_L_4-6+,4,230233.82528,230341.0176,107.19232000000193,230233.82528,230341.0176,107.19232000000193,3,4.76224825384948,RankSurprise
microGPi2_L_4-6+,4,233759.744,233835.76576,76.02176000000327,233759.744,233835.76576,76.02176000000327,3,4.806700016420313,RankSurprise
microGPi2_L_4-6+,4,237002.30144,237518.47936,516.1779199999874,237002.30144,237518.47936,516.1779199999874,4,3.719938311024274,RankSurprise
microGPi2_L_4-6+,4,262596.03456,262766.55104,170.51647999999113,262596.03456,262766.55104,170.51647999999113,3,3.9149503934622754,RankSurprise
microGPi2_L_4-6+,4,320169.3696,320207.17568,37.80608000000939,320169.3696,320207.17568,37.80608000000939,3,5.435308675842688,RankSurprise
microGPi2_L_4-6+,4,348918.70208,349181.1328,262.43072000000393,348918.70208,349181.1328,262.43072000000393,5,7.4537733434898605,RankSurprise
microGPi2_L_4-6+,4,352861.3888,353617.79712,756.4083199999877,352861.3888,353617.79712,756.4083199999877,5,4.429699004061799,RankSurprise
microGPi2_L_4-6+,4,388691.51744,389781.05344,1089.5359999999637,388691.51744,389781.05344,1089.5359999999637,5,3.6212921614377827,RankSurprise
microGPi2_L_4-6+,4,397031.54688,397191.168,159.62112000002526,397031.54688,397191.168,159.62112000002526,6,12.077020644780223,RankSurprise
microGPi2_L_7-8+,1,7734.55872,9051.3408,1316.78208,7734.55872,9051.3408,1316.78208,11,4.991412260785883,RankSurprise
microGPi2_L_7-8+,1,17412.99712,17722.24512,309.2479999999996,17412.99712,17722.24512,309.2479999999996,7,7.789427774482668,RankSurprise
microGPi2_L_7-8+,1,27944.5504,28014.83776,70.28735999999844,27944.5504,28014.83776,70.28735999999844,4,6.5116150984936425,RankSurprise
microGPi2_L_7-8+,1,35819.27424,35880.05888,60.784639999998035,35819.27424,35880.05888,60.784639999998035,3,4.213721789777047,RankSurprise
microGPi2_L_7-8+,1,61188.99712,61534.57664,345.5795199999993,61188.99712,61534.57664,345.5795199999993,6,5.4000880683306605,RankSurprise
microGPi2_L_7-8+,1,63700.45952,64660.31616,959.8566400000054,63700.45952,64660.31616,959.8566400000054,8,3.787223847332784,RankSurprise
microGPi2_L_7-8+,1,67530.26048,67869.53216,339.2716800000053,67530.26048,67869.53216,339.2716800000053,6,5.670120620827248,RankSurprise
microGPi2_L_7-8+,1,72592.384,73740.24704,1147.8630399999965,72592.384,73740.24704,1147.8630399999965,12,6.940432094002356,RankSurprise
microGPi2_L_7-8+,1,81414.38976,81491.3536,76.96383999999671,81414.38976,81491.3536,76.96383999999671,3,3.665295503719559,RankSurprise
microGPi2_L_7-8+,1,82511.50336,82658.14016,146.63679999999295,82511.50336,82658.14016,146.63679999999295,4,4.711087664625076,RankSurprise
microGPi2_L_7-8+,1,83553.03424,84076.7488,523.7145600000076,83553.03424,84076.7488,523.7145600000076,8,7.347984954309717,RankSurprise
microGPi2_L_7-8+,1,105333.39136,105397.12512,63.7337600000028,105333.39136,105397.12512,63.7337600000028,3,4.010336684674456,RankSurprise
microGPi2_L_7-8+,1,111612.02688,111873.4336,261.40671999999904,111612.02688,111873.4336,261.40671999999904,5,4.975217295181071,RankSurprise
microGPi2_L_7-8+,1,123618.01728,123652.5056,34.48832000000402,123618.01728,123652.5056,34.48832000000402,3,5.125768382635528,RankSurprise
microGPi2_L_7-8+,1,126473.54368,126557.7984,84.25471999999718,126473.54368,126557.7984,84.25471999999718,3,3.835041029493448,RankSurprise
microGPi2_L_7-8+,1,155774.40256,155884.87168,110.4691200000234,155774.40256,155884.87168,110.4691200000234,4,5.419232499894065,RankSurprise
microGPi2_L_7-8+,1,160518.7584,160598.79424,80.03583999999682,160518.7584,160598.79424,80.03583999999682,3,3.8164793114183375,RankSurprise
microGPi2_L_7-8+,1,181809.88928,181846.67136,36.7820800000045,181809.88928,181846.67136,36.7820800000045,3,5.055890946738842,RankSurprise
microGPi2_L_7-8+,1,210139.21792,210193.6128,54.394880000007106,210139.21792,210193.6128,54.394880000007106,3,4.478373948474179,RankSurprise
microGPi2_L_7-8+,1,215430.10304,215903.06816,472.965120000008,215430.10304,215903.06816,472.965120000008,6,4.792343756753745,RankSurprise
microGPi2_L_7-8+,1,243417.78432,243608.28928,190.50495999999112,243417.78432,243608.28928,190.50495999999112,4,3.9358499407183842,RankSurprise
microGPi2_L_7-8+,1,255505.408,256083.47648,578.0684800000163,255505.408,256083.47648,578.0684800000163,7,4.779166643151037,RankSurprise
microGPi2_L_7-8+,1,257087.65184,257157.85728,70.20543999999063,257087.65184,257157.85728,70.20543999999063,4,6.45605716120653,RankSurprise
microGPi2_L_7-8+,1,293041.19296,293224.16128,182.9683199999854,293041.19296,293224.16128,182.9683199999854,4,3.9897975919623327,RankSurprise
microGPi2_L_7-8+,1,315644.35456,315788.73856,144.38400000002002,315644.35456,315788.73856,144.38400000002002,4,4.69574229570749,RankSurprise
microGPi2_L_7-8+,1,334983.08608,335211.80672,228.7206400000141,334983.08608,335211.80672,228.7206400000141,4,3.609685577821139,RankSurprise
microGPi2_L_7-8+,1,337120.33792,337300.23424,179.89631999999983,337120.33792,337300.23424,179.89631999999983,5,5.970078978184798,RankSurprise
microGPi2_L_7-8+,1,340690.08384,340759.26528,69.18144000001485,340690.08384,340759.26528,69.18144000001485,3,3.8822132899606814,RankSurprise
microGPi2_L_7-8+,1,353596.37504,353637.41696,41.04191999998875,353596.37504,353637.41696,41.04191999998875,3,4.709927454355064,RankSurprise
microGPi2_L_7-8+,1,374336.59392,374463.65184,127.05791999999201,374336.59392,374463.65184,127.05791999999201,4,5.276573922793187,RankSurprise
microGPi2_L_7-8+,1,380937.05216,380956.13952,19.087360000004992,380937.05216,380956.13952,19.087360000004992,3,6.207613060720899,RankSurprise
microGPi2_L_7-8+,1,383720.81664,383806.99648,86.17983999999706,383720.81664,383806.99648,86.17983999999706,4,5.893073668267402,RankSurprise
microGPi2_L_7-8+,1,385322.63936,390746.07104,5423.431680000038,385322.63936,390746.07104,5423.431680000038,40,14.426253898794414,RankSurprise
microGPi2_L_7-8+,1,403374.53056,403397.4272,22.89663999999175,403374.53056,403397.4272,22.89663999999175,3,5.871140824099687,RankSurprise
microGPi2_L_7-8+,3,17719.74656,17794.99008,75.24351999999999,17719.74656,17794.99008,75.24351999999999,3,4.36972281014973,RankSurprise
microGPi2_L_7-8+,3,19963.74016,20020.14208,56.401920000000246,19963.74016,20020.14208,56.401920000000246,3,4.867703127187026,RankSurprise
microGPi2_L_7-8+,3,35181.81376,36902.21568,1720.4019200000039,35181.81376,36902.21568,1720.4019200000039,11,5.0860474549293935,RankSurprise
microGPi2_L_7-8+,3,72163.45088,72215.7568,52.30591999999888,72163.45088,72215.7568,52.30591999999888,3,4.997482170192999,RankSurprise
microGPi2_L_7-8+,3,76684.61568,79791.26784,3106.652159999998,76684.61568,79791.26784,3106.652159999998,18,5.942404420965541,RankSurprise
microGPi2_L_7-8+,3,124917.9648,128013.312,3095.347200000004,124917.9648,128013.312,3095.347200000004,16,3.930310108970614,RankSurprise
microGPi2_L_7-8+,3,129586.5856,129845.4528,258.8671999999933,129586.5856,129845.4528,258.8671999999933,4,3.8401995914058276,RankSurprise
microGPi2_L_7-8+,3,145668.13696,145674.81344,6.676479999994626,145668.13696,145674.81344,6.676479999994626,3,8.638820679537936,RankSurprise
microGPi2_L_7-8+,3,211216.26112,211308.25728,91.99615999998059,211216.26112,211308.25728,91.99615999998059,3,4.095525897267931,RankSurprise
microGPi2_L_7-8+,3,225828.33152,225850.61376,22.282240000000456,225828.33152,225850.61376,22.282240000000456,3,6.737424137884794,RankSurprise
microGPi2_L_7-8+,3,254023.51616,256326.69696,2303.180800000002,254023.51616,256326.69696,2303.180800000002,14,5.746535927117039,RankSurprise
microGPi2_L_7-8+,3,274940.928,276191.51872,1250.5907199999783,274940.928,276191.51872,1250.5907199999783,9,4.6942456638862895,RankSurprise
microGPi2_L_7-8+,3,282399.04768,282492.96896,93.92128000000957,282399.04768,282492.96896,93.92128000000957,3,3.998283349712553,RankSurprise
microGPi2_L_7-8+,3,305312.31744,305951.41632,639.098880000005,305312.31744,305951.41632,639.098880000005,6,3.833579519268243,RankSurprise
microGPi2_L_7-8+,3,315069.11232,316410.79808,1341.685759999964,315069.11232,316410.79808,1341.685759999964,12,7.491670370874659,RankSurprise
microGPi2_L_7-8+,3,343424.57344,345107.12832,1682.5548800000106,343424.57344,345107.12832,1682.5548800000106,10,3.7232571339615705,RankSurprise
microGPi2_L_7-8+,3,384149.17632,396189.65504,12040.478719999956,384149.17632,396189.65504,12040.478719999956,78,29.87496582191889,RankSurprise
microGPi2_L_7-8+,4,6205.6448,6330.1632,124.51839999999993,6205.6448,6330.1632,124.51839999999993,3,4.972249452466524,RankSurprise
microGPi2_L_7-8+,4,15066.56256,19534.35648,4467.793919999998,15066.56256,19534.35648,4467.793919999998,12,3.965799718288625,RankSurprise
microGPi2_L_7-8+,4,103856.90624,104807.2192,950.3129600000102,103856.90624,104807.2192,950.3129600000102,7,7.407463879285096,RankSurprise
microGPi2_L_7-8+,4,109847.47008,110899.69152,1052.221439999994,109847.47008,110899.69152,1052.221439999994,6,5.005193859950136,RankSurprise
microGPi2_L_7-8+,4,124616.9088,127125.79072,2508.88192,124616.9088,127125.79072,2508.88192,10,6.194727903199944,RankSurprise
microGPi2_L_7-8+,4,158825.14432,160928.11264,2102.9683200000145,158825.14432,160928.11264,2102.9683200000145,11,9.308121637708837,RankSurprise
microGPi2_L_7-8+,4,171794.432,172985.42592,1190.993920000008,171794.432,172985.42592,1190.993920000008,8,8.158328546559448,RankSurprise
microGPi2_L_7-8+,4,251648.4096,251864.18688,215.77727999998024,251648.4096,251864.18688,215.77727999998024,3,3.99678653185625,RankSurprise
microGPi2_L_7-8+,4,257422.04928,257547.4688,125.41951999999583,257422.04928,257547.4688,125.41951999999583,3,5.010715733294321,RankSurprise
microGPi2_L_7-8+,4,272859.50464,273833.53344,974.0288000000292,272859.50464,273833.53344,974.0288000000292,5,3.974283235753031,RankSurprise
microGPi2_L_7-8+,4,279396.22912,279593.41056,197.18144000001485,279396.22912,279593.41056,197.18144000001485,3,4.117309295253753,RankSurprise
microGPi2_L_7-8+,4,280945.4592,281066.53696,121.07776000001468,280945.4592,281066.53696,121.07776000001468,3,4.972249452466524,RankSurprise
microGPi2_L_7-8+,4,284447.17056,286006.4768,1559.3062400000053,284447.17056,286006.4768,1559.3062400000053,7,4.66859411172822,RankSurprise
microGPi2_L_7-8+,4,322101.41184,323368.79616,1267.384320000012,322101.41184,323368.79616,1267.384320000012,6,4.44106141459212,RankSurprise
microGPi2_L_7-8+,4,370519.2448,374328.89344,3809.6486400000285,370519.2448,374328.89344,3809.6486400000285,11,4.023175460907652,RankSurprise
microGPi2_L_7-8+,4,404179.59936,404264.63232,85.03295999998227,404179.59936,404264.63232,85.03295999998227,3,5.699348233499739,RankSurprise
microGPi2_L_9-10+,0,16405.58592,19031.94112,2626.355199999998,16405.58592,19031.94112,2626.355199999998,16,7.56431180170612,RankSurprise
microGPi2_L_9-10+,0,24556.544,24729.72288,173.17887999999948,24556.544,24729.72288,173.17887999999948,4,5.118430565056624,RankSurprise
microGPi2_L_9-10+,0,52824.2688,53760.36864,936.0998400000026,52824.2688,53760.36864,936.0998400000026,7,5.540427740426975,RankSurprise
microGPi2_L_9-10+,0,78109.77792,78177.15712,67.37920000001031,78109.77792,78177.15712,67.37920000001031,4,7.59475846922148,RankSurprise
microGPi2_L_9-10+,0,82848.44032,83277.16864,428.72832000000926,82848.44032,83277.16864,428.72832000000926,5,4.792633588813523,RankSurprise
microGPi2_L_9-10+,0,104289.73056,104339.00544,49.27487999999721,104289.73056,104339.00544,49.27487999999721,3,5.1574603227318345,RankSurprise
microGPi2_L_9-10+,0,107358.8224,107600.77312,241.95071999999345,107358.8224,107600.77312,241.95071999999345,4,4.319101406012173,RankSurprise
microGPi2_L_9-10+,0,111681.00352,111910.87104,229.8675199999998,111681.00352,111910.87104,229.8675199999998,4,4.189727176556218,RankSurprise
microGPi2_L_9-10+,0,125140.91008,125158.27712,17.36703999999736,125140.91008,125158.27712,17.36703999999736,3,7.811813604363966,RankSurprise
microGPi2_L_9-10+,0,125971.456,126234.13248,262.6764799999946,125971.456,126234.13248,262.6764799999946,5,5.790411894889058,RankSurprise
microGPi2_L_9-10+,0,130819.52256,131058.93376,239.41120000000228,130819.52256,131058.93376,239.41120000000228,4,4.180002626664219,RankSurprise
microGPi2_L_9-10+,0,162750.8736,162959.64672,208.77311999999802,162750.8736,162959.64672,208.77311999999802,4,4.607068965501789,RankSurprise
microGPi2_L_9-10+,0,165398.7328,165477.90848,79.17568000001484,165398.7328,165477.90848,79.17568000001484,4,7.017610202524416,RankSurprise
microGPi2_L_9-10+,0,194285.69088,194556.35456,270.66367999999784,194285.69088,194556.35456,270.66367999999784,4,3.8755923225026727,RankSurprise
microGPi2_L_9-10+,0,206952.40704,207256.82176,304.41472000000067,206952.40704,207256.82176,304.41472000000067,4,3.551624747561025,RankSurprise
microGPi2_L_9-10+,0,212607.01696,212713.472,106.45504000000074,212607.01696,212713.472,106.45504000000074,3,3.8333131692232296,RankSurprise
microGPi2_L_9-10+,0,225975.25504,226978.44736,1003.1923200000019,225975.25504,226978.44736,1003.1923200000019,8,4.78092006812688,RankSurprise
microGPi2_L_9-10+,0,231024.10752,231183.7696,159.66208000000915,231024.10752,231183.7696,159.66208000000915,5,7.483046728662977,RankSurprise
microGPi2_L_9-10+,0,267157.58592,267216.36352,58.77760000003036,267157.58592,267216.36352,58.77760000003036,3,4.926425002023544,RankSurprise
microGPi2_L_9-10+,0,273795.76832,275752.5504,1956.7820800000336,273795.76832,275752.5504,1956.7820800000336,11,4.655805813567549,RankSurprise
microGPi2_L_9-10+,0,315574.39488,315856.52736,282.1324800000293,315574.39488,315856.52736,282.1324800000293,4,3.7721332244722454,RankSurprise
microGPi2_L_9-10+,0,330847.6416,332093.35808,1245.7164800000028,330847.6416,332093.35808,1245.7164800000028,8,4.304409165101669,RankSurprise
microGPi2_L_9-10+,0,334928.40448,338680.2176,3751.813119999948,334928.40448,338680.2176,3751.813119999948,15,3.5433835264767803,RankSurprise
microGPi2_L_9-10+,0,339819.23328,340763.89376,944.6604800000205,339819.23328,340763.89376,944.6604800000205,6,3.509605253169526,RankSurprise
microGPi2_L_9-10+,0,374012.47744,375220.30592,1207.8284800000256,374012.47744,375220.30592,1207.8284800000256,8,4.688139244515518,RankSurprise
microGPi2_L_9-10+,0,378412.31872,378456.8832,44.56448000000091,378412.31872,378456.8832,44.56448000000091,4,9.198984261728043,RankSurprise
microGPi2_L_9-10+,0,379564.60544,381328.91648,1764.3110400000005,379564.60544,381328.91648,1764.3110400000005,11,5.114726784409455,RankSurprise
microGPi2_L_9-10+,4,18767.99488,18786.87744,18.88256000000183,18767.99488,18786.87744,18.88256000000183,3,6.602072851601106,RankSurprise
microGPi2_L_9-10+,4,23533.52704,23632.2816,98.75455999999758,23533.52704,23632.2816,98.75455999999758,3,3.848412139246843,RankSurprise
microGPi2_L_9-10+,4,32367.08352,33247.51872,880.4351999999999,32367.08352,33247.51872,880.4351999999999,7,4.75601132415626,RankSurprise
microGPi2_L_9-10+,4,72160.0512,72168.8576,8.806400000001304,72160.0512,72168.8576,8.806400000001304,3,7.255013611683011,RankSurprise
microGPi2_L_9-10+,4,83671.90016,84522.5984,850.6982399999979,83671.90016,84522.5984,850.6982399999979,7,4.721276403691959,RankSurprise
microGPi2_L_9-10+,4,102150.18496,102851.70688,701.5219199999992,102150.18496,102851.70688,701.5219199999992,6,4.1913492642432635,RankSurprise
microGPi2_L_9-10+,4,112743.05536,112923.15648,180.10112000000663,112743.05536,112923.15648,180.10112000000663,4,4.747481419412612,RankSurprise
microGPi2_L_9-10+,4,133297.72544,133596.93824,299.2127999999793,133297.72544,133596.93824,299.2127999999793,5,5.22400782092771,RankSurprise
microGPi2_L_9-10+,4,139967.77472,140230.32832,262.55360000001383,139967.77472,140230.32832,262.55360000001383,6,7.775506316256248,RankSurprise
microGPi2_L_9-10+,4,176636.35456,177608.62208,972.267519999994,176636.35456,177608.62208,972.267519999994,7,4.039289298983448,RankSurprise
microGPi2_L_9-10+,4,207143.36256,207415.13216,271.7695999999996,207143.36256,207415.13216,271.7695999999996,4,3.871207972732723,RankSurprise
microGPi2_L_9-10+,4,227465.70752,227539.5584,73.8508800000127,227465.70752,227539.5584,73.8508800000127,3,4.1813629010365645,RankSurprise
microGPi2_L_9-10+,4,244215.68512,244708.84352,493.1583999999857,244215.68512,244708.84352,493.1583999999857,7,7.07835442916501,RankSurprise
microGPi2_L_9-10+,4,247852.4416,248309.02272,456.5811200000171,247852.4416,248309.02272,456.5811200000171,5,4.123088252242603,RankSurprise
microGPi2_L_9-10+,4,255810.19136,255829.93408,19.742720000009285,255810.19136,255829.93408,19.742720000009285,3,6.409124202232865,RankSurprise
microGPi2_L_9-10+,4,257103.33952,257302.85568,199.51615999999922,257103.33952,257302.85568,199.51615999999922,4,4.513065000008179,RankSurprise
microGPi2_L_9-10+,4,290498.51904,290568.64256,70.12352000002284,290498.51904,290568.64256,70.12352000002284,3,4.599553890258562,RankSurprise
microGPi2_L_9-10+,4,321446.78912,322449.28512,1002.4960000000428,321446.78912,322449.28512,1002.4960000000428,7,3.7153956135766633,RankSurprise
microGPi2_L_9-10+,4,337090.39616,337338.12224,247.7260799999931,337090.39616,337338.12224,247.7260799999931,4,4.11001832600342,RankSurprise
microGPi2_L_9-10+,4,348425.78944,348553.95328,128.1638399999938,348425.78944,348553.95328,128.1638399999938,4,5.714803484382966,RankSurprise
microGPi2_L_9-10+,4,351004.22144,351077.90848,73.68703999998979,351004.22144,351077.90848,73.68703999998979,3,4.151399373455348,RankSurprise
microGPi2_L_9-10+,4,360806.76864,360872.42752,65.65888000000268,360806.76864,360872.42752,65.65888000000268,3,4.3712316634659025,RankSurprise
microGPi2_L_9-10+,4,386415.16544,386770.98496,355.8195199999609,386415.16544,386770.98496,355.8195199999609,6,6.918140264373047,RankSurprise
microGPi2_L_9-10+,4,393722.96192,393769.28768,46.3257600000361,393722.96192,393769.28768,46.3257600000361,3,4.943844774997574,RankSurprise
microVA_L_1-2+,4,16967.92576,17508.02432,540.0985600000022,16967.92576,17508.02432,540.0985600000022,9,4.232814373242966,RankSurprise
microVA_L_1-2+,4,22185.49248,22194.09408,8.601599999998143,22185.49248,22194.09408,8.601599999998143,3,6.71879955415254,RankSurprise
microVA_L_1-2+,4,30590.73024,30764.15488,173.42463999999745,30590.73024,30764.15488,173.42463999999745,5,3.9814616407337518,RankSurprise
microVA_L_1-2+,4,32217.25184,34637.78304,2420.5312000000013,32217.25184,34637.78304,2420.5312000000013,30,11.248442063838663,RankSurprise
microVA_L_1-2+,4,35961.40544,36175.33952,213.93407999999908,35961.40544,36175.33952,213.93407999999908,6,4.9261167229652685,RankSurprise
microVA_L_1-2+,4,38308.41344,38343.0656,34.6521600000051,38308.41344,38343.0656,34.6521600000051,3,4.1153823880972045,RankSurprise
microVA_L_1-2+,4,63805.68576,63917.8752,112.18944000000192,63805.68576,63917.8752,112.18944000000192,4,3.9948083748322247,RankSurprise
microVA_L_1-2+,4,75645.66528,75740.03712,94.37183999999252,75645.66528,75740.03712,94.37183999999252,4,4.10255489910033,RankSurprise
microVA_L_1-2+,4,81081.9584,81112.39168,30.433279999997467,81081.9584,81112.39168,30.433279999997467,3,4.409918532701679,RankSurprise
microVA_L_1-2+,4,89558.67136,89756.4672,197.79584000000614,89558.67136,89756.4672,197.79584000000614,5,3.5360561663517416,RankSurprise
microVA_L_1-2+,4,109339.52512,109422.42816,82.90303999999014,109339.52512,109422.42816,82.90303999999014,4,4.4989332304548455,RankSurprise
microVA_L_1-2+,4,122282.68032,122388.15232,105.4719999999943,122282.68032,122388.15232,105.4719999999943,6,7.847015306267032,RankSurprise
microVA_L_1-2+,4,139171.55328,139237.45792,65.90463999999338,139171.55328,139237.45792,65.90463999999338,4,5.035323769139428,RankSurprise
microVA_L_1-2+,4,140285.87008,140517.70368,231.83360000001267,140285.87008,140517.70368,231.83360000001267,6,4.722809854508465,RankSurprise
microVA_L_1-2+,4,142876.13952,143012.2496,136.1100800000131,142876.13952,143012.2496,136.1100800000131,5,4.932964568812206,RankSurprise
microVA_L_1-2+,4,146339.2256,146379.61216,40.386559999984456,146339.2256,146379.61216,40.386559999984456,3,3.949483725851435,RankSurprise
microVA_L_1-2+,4,148398.36672,149010.30912,611.9423999999999,148398.36672,149010.30912,611.9423999999999,10,4.63934083821493,RankSurprise
microVA_L_1-2+,4,152369.23392,152446.07488,76.84096000000136,152369.23392,152446.07488,76.84096000000136,4,4.76566420573997,RankSurprise
microVA_L_1-2+,4,166803.57888,166833.88928,30.31040000001667,166803.57888,166833.88928,30.31040000001667,3,4.368594572137251,RankSurprise
microVA_L_1-2+,4,173398.58944,173448.27392,49.684479999996256,173398.58944,173448.27392,49.684479999996256,3,3.631256037908111,RankSurprise
microVA_L_1-2+,4,181566.83264,181852.5696,285.7369599999802,181566.83264,181852.5696,285.7369599999802,8,6.826122862775687,RankSurprise
microVA_L_1-2+,4,182507.15136,183183.44192,676.2905600000231,182507.15136,183183.44192,676.2905600000231,13,7.7049870491392305,RankSurprise
microVA_L_1-2+,4,189151.88736,189257.97376,106.08640000000014,189151.88736,189257.97376,106.08640000000014,4,3.8017014517218897,RankSurprise
microVA_L_1-2+,4,227323.12576,227407.33952,84.21376000001328,227323.12576,227407.33952,84.21376000001328,4,4.523107456303233,RankSurprise
microVA_L_1-2+,4,234640.54784,234660.61824,20.07039999999688,234640.54784,234660.61824,20.07039999999688,3,4.910165717407393,RankSurprise
microVA_L_1-2+,4,236146.4832,236959.70304,813.2198400000052,236146.4832,236959.70304,813.2198400000052,14,7.775536567990915,RankSurprise
microVA_L_1-2+,4,238939.46368,239228.96896,289.50528000001214,238939.46368,239228.96896,289.50528000001214,6,3.670789835794398,RankSurprise
microVA_L_1-2+,4,239513.68192,239620.87424,107.19232000000193,239513.68192,239620.87424,107.19232000000193,6,8.017972639999265,RankSurprise
microVA_L_1-2+,4,243528.66304,243684.27008,155.6070399999735,243528.66304,243684.27008,155.6070399999735,7,8.214889575582532,RankSurprise
microVA_L_1-2+,4,245556.79744,245579.32544,22.527999999991152,245556.79744,245579.32544,22.527999999991152,4,7.833564068578703,RankSurprise
microVA_L_1-2+,4,247684.62848,247749.71392,65.08543999999529,247684.62848,247749.71392,65.08543999999529,5,7.476028861463117,RankSurprise
microVA_L_1-2+,4,249196.83072,249418.01472,221.18400000000838,249196.83072,249418.01472,221.18400000000838,8,8.09650637442537,RankSurprise
microVA_L_1-2+,4,317653.07392,317704.15104,51.077120000030845,317653.07392,317704.15104,51.077120000030845,3,3.5644903209913235,RankSurprise
microVA_L_1-2+,4,325800.59136,325834.83392,34.24255999998422,325800.59136,325834.83392,34.24255999998422,4,6.622037577837755,RankSurprise
microVA_L_1-2+,4,329475.44064,329519.22688,43.78623999998672,329475.44064,329519.22688,43.78623999998672,3,3.6143544953435107,RankSurprise
microVA_L_1-2+,4,329858.21184,329874.88256,16.670719999994617,329858.21184,329874.88256,16.670719999994617,3,5.248180169599907,RankSurprise
microVA_L_1-2+,4,332944.5888,333081.6,137.0111999999499,332944.5888,333081.6,137.0111999999499,6,6.751744919746649,RankSurprise
microVA_L_1-2+,4,335940.608,337326.44864,1385.8406400000094,335940.608,337326.44864,1385.8406400000094,16,4.373266154456171,RankSurprise
microVA_L_1-2+,4,341227.56096,341486.83776,259.27680000005057,341227.56096,341486.83776,259.27680000005057,8,6.912413181475757,RankSurprise
microVA_L_1-2+,4,342948.78208,343712.768,763.9859200000064,342948.78208,343712.768,763.9859200000064,12,7.917645500789503,RankSurprise
microVA_L_1-2+,4,345145.42592,345162.9568,17.530879999976605,345145.42592,345162.9568,17.530879999976605,3,5.273739883806398,RankSurprise
microVA_L_1-2+,4,346307.21536,346636.9024,329.687040000048,346307.21536,346636.9024,329.687040000048,8,5.582343751039257,RankSurprise
microVA_L_1-2+,4,348418.99008,348722.3808,303.3907199999667,348418.99008,348722.3808,303.3907199999667,7,4.616244400225414,RankSurprise
microVA_L_1-2+,4,355498.88512,357231.94368,1733.058560000034,355498.88512,357231.94368,1733.058560000034,25,9.707923690882572,RankSurprise
microVA_L_1-2+,4,359041.67936,359064.45312,22.773760000010952,359041.67936,359064.45312,22.773760000010952,3,4.755448402514899,RankSurprise
microVA_L_1-2+,4,360617.53344,360629.69856,12.165119999961462,360617.53344,360629.69856,12.165119999961462,3,5.921134317967747,RankSurprise
microVA_L_1-2+,4,372394.27072,372578.83648,184.56576000002678,372394.27072,372578.83648,184.56576000002678,5,4.055359384393192,RankSurprise
microVA_L_1-2+,4,374961.93024,374999.90016,37.969920000003185,374961.93024,374999.90016,37.969920000003185,3,3.814817139208115,RankSurprise
microVA_L_1-2+,4,378256.13824,378953.89184,697.7535999999964,378256.13824,378953.89184,697.7535999999964,12,6.252926197879988,RankSurprise
microVA_L_1-2+,4,382853.20192,382891.70432,38.50239999999758,382853.20192,382891.70432,38.50239999999758,3,3.8842249079864644,RankSurprise
microVA_L_1-3+,1,17194.8032,17686.7328,491.9296000000031,17194.8032,17686.7328,491.9296000000031,13,10.520228886965123,RankSurprise
microVA_L_1-3+,1,21935.84128,21947.02336,11.182079999998678,21935.84128,21947.02336,11.182079999998678,3,6.090320084836364,RankSurprise
microVA_L_1-3+,1,34120.25344,34149.13024,28.876799999998184,34120.25344,34149.13024,28.876799999998184,3,4.30310802935624,RankSurprise
microVA_L_1-3+,1,35867.8528,35913.56416,45.71136000000115,35867.8528,35913.56416,45.71136000000115,4,5.802684136609127,RankSurprise
microVA_L_1-3+,1,37810.13504,38348.84096,538.7059200000003,37810.13504,38348.84096,538.7059200000003,11,7.179606417203893,RankSurprise
microVA_L_1-3+,1,42382.09024,42416.86528,34.775040000000445,42382.09024,42416.86528,34.775040000000445,3,3.91926137943468,RankSurprise
microVA_L_1-3+,1,44835.06176,45067.59168,232.52992000000086,44835.06176,45067.59168,232.52992000000086,6,4.744996058208296,RankSurprise
microVA_L_1-3+,1,49685.79072,49732.1984,46.40768000000389,49685.79072,49732.1984,46.40768000000389,3,3.6542583313456856,RankSurprise
microVA_L_1-3+,1,58513.36704,59678.35136,1164.9843200000032,58513.36704,59678.35136,1164.9843200000032,15,5.684673634111546,RankSurprise
microVA_L_1-3+,1,62479.72864,62511.9232,32.19455999999627,62479.72864,62511.9232,32.19455999999627,3,4.084020501359655,RankSurprise
microVA_L_1-3+,1,63844.43392,63873.8432,29.409279999999853,63844.43392,63873.8432,29.409279999999853,3,4.263580896712281,RankSurprise
microVA_L_1-3+,1,72543.68256,73093.57056,549.8879999999917,72543.68256,73093.57056,549.8879999999917,10,5.625457910363012,RankSurprise
microVA_L_1-3+,1,78023.22944,78039.98208,16.752640000006068,78023.22944,78039.98208,16.752640000006068,3,5.375982677863197,RankSurprise
microVA_L_1-3+,1,79573.03296,79671.66464,98.63168000000587,79573.03296,79671.66464,98.63168000000587,4,4.145338061507523,RankSurprise
microVA_L_1-3+,1,91353.25184,91707.92448,354.6726400000043,91353.25184,91707.92448,354.6726400000043,8,5.728281601477072,RankSurprise
microVA_L_1-3+,1,93338.13248,94574.05952,1235.927039999995,93338.13248,94574.05952,1235.927039999995,13,3.9401302243447693,RankSurprise
microVA_L_1-3+,1,104263.2704,104554.20928,290.9388800000015,104263.2704,104554.20928,290.9388800000015,6,4.164878631492633,RankSurprise
microVA_L_1-3+,1,108220.2112,108263.424,43.21279999999388,108220.2112,108263.424,43.21279999999388,3,3.5257222366714736,RankSurprise
microVA_L_1-3+,1,118936.45312,118977.98656,41.533439999999246,118936.45312,118977.98656,41.533439999999246,3,3.580595466411836,RankSurprise
microVA_L_1-3+,1,130828.86144,130933.1456,104.28416000001016,130828.86144,130933.1456,104.28416000001016,4,4.132416272156835,RankSurprise
microVA_L_1-3+,1,143345.54112,143375.23712,29.695999999996275,143345.54112,143375.23712,29.695999999996275,3,4.17927691916832,RankSurprise
microVA_L_1-3+,1,147831.23456,147932.65152,101.41696000000229,147831.23456,147932.65152,101.41696000000229,4,3.861369873636029,RankSurprise
microVA_L_1-3+,1,149420.15488,149500.06784,79.91296000001603,149420.15488,149500.06784,79.91296000001603,4,4.8364306709611995,RankSurprise
microVA_L_1-3+,1,158948.5568,159040.47104,91.9142400000128,158948.5568,159040.47104,91.9142400000128,4,4.141024611253805,RankSurprise
microVA_L_1-3+,1,166670.09024,167394.5088,724.4185600000201,166670.09024,167394.5088,724.4185600000201,10,4.387837629278369,RankSurprise
microVA_L_1-3+,1,174446.83776,175740.3136,1293.4758399999992,174446.83776,175740.3136,1293.4758399999992,16,4.906671643300411,RankSurprise
microVA_L_1-3+,1,176667.52512,176717.57824,50.05311999999685,176667.52512,176717.57824,50.05311999999685,3,3.5584651844486785,RankSurprise
microVA_L_1-3+,1,178786.63168,178809.61024,22.97856000001775,178786.63168,178809.61024,22.97856000001775,3,4.738449280889988,RankSurprise
microVA_L_1-3+,1,181517.27104,183157.71904,1640.448000000004,181517.27104,183157.71904,1640.448000000004,18,5.150738138709863,RankSurprise
microVA_L_1-3+,1,186141.45024,186180.77184,39.32159999999567,186141.45024,186180.77184,39.32159999999567,3,3.7609505272007535,RankSurprise
microVA_L_1-3+,1,231188.6848,231303.45472,114.76992000002065,231188.6848,231303.45472,114.76992000002065,4,3.6272886730341938,RankSurprise
microVA_L_1-3+,1,234341.94944,234353.664,11.714559999993071,234341.94944,234353.664,11.714559999993071,3,6.070901998979261,RankSurprise
microVA_L_1-3+,1,239008.9728,239190.54848,181.57568000000902,239008.9728,239190.54848,181.57568000000902,5,3.881163485474996,RankSurprise
microVA_L_1-3+,1,239564.34944,239702.46656,138.1171200000099,239564.34944,239702.46656,138.1171200000099,5,4.584546159763448,RankSurprise
microVA_L_1-3+,1,240875.88864,240916.72576,40.837120000011055,240875.88864,240916.72576,40.837120000011055,3,3.575039896567233,RankSurprise
microVA_L_1-3+,1,242993.47968,243835.41248,841.9328000000096,242993.47968,243835.41248,841.9328000000096,13,6.926999693430579,RankSurprise
microVA_L_1-3+,1,249106.26816,250191.54432,1085.2761599999794,249106.26816,250191.54432,1085.2761599999794,15,6.016407833096224,RankSurprise
microVA_L_1-3+,1,255612.27264,255675.71968,63.447039999999106,255612.27264,255675.71968,63.447039999999106,4,5.175548120190623,RankSurprise
microVA_L_1-3+,1,274089.82016,274148.47488,58.65471999999136,274089.82016,274148.47488,58.65471999999136,4,5.062101467499559,RankSurprise
microVA_L_1-3+,1,312565.06368,312752.20992,187.14623999997275,312565.06368,312752.20992,187.14623999997275,5,3.9315777405664996,RankSurprise
microVA_L_1-3+,1,329638.13376,330909.16352,1271.029760000005,329638.13376,330909.16352,1271.029760000005,14,3.849669022649549,RankSurprise
microVA_L_1-3+,1,332793.81504,333161.30816,367.4931199999992,332793.81504,333161.30816,367.4931199999992,9,6.699925997099611,RankSurprise
microVA_L_1-3+,1,334953.10336,334991.27808,38.174720000009984,334953.10336,334991.27808,38.174720000009984,6,12.255667570762185,RankSurprise
microVA_L_1-3+,1,336843.61216,336896.8192,53.20704000000842,336843.61216,336896.8192,53.20704000000842,5,8.345109956405484,RankSurprise
microVA_L_1-3+,1,338371.1744,339396.52608,1025.3516799999634,338371.1744,339396.52608,1025.3516799999634,15,7.076337181199708,RankSurprise
microVA_L_1-3+,1,342436.6592,342917.77536,481.11616000003414,342436.6592,342917.77536,481.11616000003414,9,5.966186809090586,RankSurprise
microVA_L_1-3+,1,345354.69056,345732.87424,378.18367999995826,345354.69056,345732.87424,378.18367999995826,8,5.550074764209327,RankSurprise
microVA_L_1-3+,1,346870.9888,347222.58944,351.60064000001876,346870.9888,347222.58944,351.60064000001876,7,4.261726795113018,RankSurprise
microVA_L_1-3+,1,350031.2576,350351.27808,320.0204800000065,350031.2576,350351.27808,320.0204800000065,8,6.922021753027589,RankSurprise
microVA_L_1-3+,1,358923.59168,358980.07552,56.48384000000078,358923.59168,358980.07552,56.48384000000078,4,5.306139059819635,RankSurprise
microVA_L_1-3+,1,363223.73632,363226.56256,2.8262399999657646,363223.73632,363226.56256,2.8262399999657646,3,9.036473840073175,RankSurprise
microVA_L_1-3+,1,373891.64544,374163.61984,271.9744000000064,373891.64544,374163.61984,271.9744000000064,10,10.453764905048509,RankSurprise
microVA_L_1-3+,1,378714.27584,378981.70368,267.42783999996027,378714.27584,378981.70368,267.42783999996027,6,4.36889535932352,RankSurprise
microVA_L_1-3+,1,382350.336,382861.9264,511.5903999999864,382350.336,382861.9264,511.5903999999864,8,4.35970109585678,RankSurprise
microVA_L_1-3+,1,405153.87392,405172.6336,18.759680000017397,405153.87392,405172.6336,18.759680000017397,3,5.03767499263796,RankSurprise
microVA_L_1-3+,4,32415.45728,36264.63232,3849.1750399999983,32415.45728,36264.63232,3849.1750399999983,24,11.843514671686789,RankSurprise
microVA_L_1-3+,4,37661.98272,39861.08416,2199.1014399999985,37661.98272,39861.08416,2199.1014399999985,14,6.9415356554571135,RankSurprise
microVA_L_1-3+,4,61903.74912,62232.08448,328.3353599999973,61903.74912,62232.08448,328.3353599999973,5,4.698395117487646,RankSurprise
microVA_L_1-3+,4,76892.52864,80616.93952,3724.410879999996,76892.52864,80616.93952,3724.410879999996,14,3.7724187668039955,RankSurprise
microVA_L_1-3+,4,88971.4688,88982.28224,10.813439999998081,88971.4688,88982.28224,10.813439999998081,3,7.002342709627925,RankSurprise
microVA_L_1-3+,4,138518.03648,138802.42176,284.3852799999877,138518.03648,138802.42176,284.3852799999877,4,3.6376610231853483,RankSurprise
microVA_L_1-3+,4,147599.11424,147974.02112,374.906879999995,147599.11424,147974.02112,374.906879999995,5,4.597282626671728,RankSurprise
microVA_L_1-3+,4,154167.13216,154428.66176,261.52959999997984,154167.13216,154428.66176,261.52959999997984,4,4.241031057408602,RankSurprise
microVA_L_1-3+,4,182771.54816,182953.00096,181.45279999999912,182771.54816,182953.00096,181.45279999999912,5,6.394575273110775,RankSurprise
microVA_L_1-3+,4,255579.136,255986.03264,406.89663999999175,255579.136,255986.03264,406.89663999999175,6,5.84343019252476,RankSurprise
microVA_L_1-3+,4,257059.84,257150.03392,90.19391999999061,257059.84,257150.03392,90.19391999999061,3,4.069045907014726,RankSurprise
microVA_L_1-3+,4,312302.34624,312774.77888,472.43264000001363,312302.34624,312774.77888,472.43264000001363,5,3.766326896601967,RankSurprise
microVA_L_1-3+,4,336586.21952,337325.2608,739.0412800000049,336586.21952,337325.2608,739.0412800000049,6,3.736882230495717,RankSurprise
microVA_L_1-3+,4,342612.5824,342629.70368,17.121279999963008,342612.5824,342629.70368,17.121279999963008,3,6.243013622186678,RankSurprise
microVA_L_1-3+,4,343343.22688,343366.16448,22.93760000000475,343343.22688,343366.16448,22.93760000000475,3,5.443644228371425,RankSurprise
microVA_L_1-3+,4,374016.73728,375111.63904,1094.9017599999788,374016.73728,375111.63904,1094.9017599999788,7,4.365562016825588,RankSurprise
microVA_L_2-3+,0,29027.5328,29270.50752,242.97471999999834,29027.5328,29270.50752,242.97471999999834,6,6.1740947304469955,RankSurprise
microVA_L_2-3+,0,32283.40224,32953.83552,670.4332800000011,32283.40224,32953.83552,670.4332800000011,11,8.99747346826736,RankSurprise
microVA_L_2-3+,0,35165.10208,35197.62432,32.522240000005695,35165.10208,35197.62432,32.522240000005695,3,4.944422252086289,RankSurprise
microVA_L_2-3+,0,44718.77632,44902.93248,184.1561600000059,44718.77632,44902.93248,184.1561600000059,4,3.77384260102194,RankSurprise
microVA_L_2-3+,0,53137.48992,53802.88512,665.395199999999,53137.48992,53802.88512,665.395199999999,8,4.939464652269436,RankSurprise
microVA_L_2-3+,0,58128.22016,58154.3936,26.17344000000594,58128.22016,58154.3936,26.17344000000594,3,5.4553889344976465,RankSurprise
microVA_L_2-3+,0,69006.58176,69027.14368,20.561919999992824,69006.58176,69027.14368,20.561919999992824,3,5.825683678861273,RankSurprise
microVA_L_2-3+,0,89687.94112,89740.57472,52.633600000001024,89687.94112,89740.57472,52.633600000001024,3,4.08321245492354,RankSurprise
microVA_L_2-3+,0,105310.49472,105890.03776,579.5430400000041,105310.49472,105890.03776,579.5430400000041,9,7.546713644127481,RankSurprise
microVA_L_2-3+,0,131144.45824,131222.07744,77.61919999998645,131144.45824,131222.07744,77.61919999998645,3,3.532823967559617,RankSurprise
microVA_L_2-3+,0,142637.50656,143222.53824,585.0316799999855,142637.50656,143222.53824,585.0316799999855,7,4.476941349066817,RankSurprise
microVA_L_2-3+,0,144704.88064,145511.2192,806.3385600000038,144704.88064,145511.2192,806.3385600000038,11,6.931680751308926,RankSurprise
microVA_L_2-3+,0,186948.93568,187444.55168,495.6160000000091,186948.93568,187444.55168,495.6160000000091,8,6.020293496674557,RankSurprise
microVA_L_2-3+,0,221816.99584,221876.75648,59.76064000002225,221816.99584,221876.75648,59.76064000002225,4,6.522729626257448,RankSurprise
microVA_L_2-3+,0,229800.79616,229868.70784,67.91167999999016,229800.79616,229868.70784,67.91167999999016,3,3.7932304272336896,RankSurprise
microVA_L_2-3+,0,231219.07712,231285.92384,66.84672000000137,231219.07712,231285.92384,66.84672000000137,6,11.93182725941146,RankSurprise
microVA_L_2-3+,0,246580.67456,246627.04128,46.36671999999089,246580.67456,246627.04128,46.36671999999089,3,4.30288577585149,RankSurprise
microVA_L_2-3+,0,258450.75968,258514.20672,63.447039999999106,258450.75968,258514.20672,63.447039999999106,3,3.7607752204419285,RankSurprise
microVA_L_2-3+,0,265396.10112,265398.96832,2.867199999978766,265396.10112,265398.96832,2.867199999978766,3,10.091176497279204,RankSurprise
microVA_L_2-3+,0,269813.80096,269857.9968,44.19584000000032,269813.80096,269857.9968,44.19584000000032,3,4.467815589933576,RankSurprise
microVA_L_2-3+,0,289940.23424,290237.72672,297.49247999995714,289940.23424,290237.72672,297.49247999995714,6,5.494994554159042,RankSurprise
microVA_L_2-3+,0,322946.21184,323264.38912,318.1772800000035,322946.21184,323264.38912,318.1772800000035,6,4.910524754448346,RankSurprise
microVA_L_2-3+,0,329615.9744,329944.51456,328.540159999975,329615.9744,329944.51456,328.540159999975,6,5.410708803065162,RankSurprise
microVA_L_2-3+,0,330882.048,331461.632,579.5839999999735,330882.048,331461.632,579.5839999999735,7,4.204479993975783,RankSurprise
microVA_L_2-3+,0,336253.99296,336622.96064,368.96768000000156,336253.99296,336622.96064,368.96768000000156,6,4.264648249449426,RankSurprise
microVA_L_2-3+,0,341613.85472,342674.75968,1060.9049600000144,341613.85472,342674.75968,1060.9049600000144,12,6.705857446442783,RankSurprise
microVA_L_2-3+,0,346375.82336,346841.00608,465.1827200000407,346375.82336,346841.00608,465.1827200000407,10,9.294729138846295,RankSurprise
microVA_L_2-3+,0,348404.3264,348670.27968,265.9532799999579,348404.3264,348670.27968,265.9532799999579,9,12.338723688401394,RankSurprise
microVA_L_2-3+,0,357711.54432,357891.76832,180.22399999998743,357711.54432,357891.76832,180.22399999998743,4,3.5551219053436434,RankSurprise
microVA_L_2-3+,0,359413.39136,360831.3856,1417.994239999971,359413.39136,360831.3856,1417.994239999971,15,6.338319267987738,RankSurprise
microVA_L_2-3+,0,365648.44544,366490.13248,841.6870399999898,365648.44544,366490.13248,841.6870399999898,9,4.4818465711600215,RankSurprise
microVA_L_2-3+,0,369940.48,370171.04384,230.56384000001708,369940.48,370171.04384,230.56384000001708,5,4.525682960276143,RankSurprise
microVA_L_2-3+,0,375034.79808,375378.41152,343.61344000004465,375034.79808,375378.41152,343.61344000004465,6,4.583385753298269,RankSurprise
microVA_L_2-3+,0,382213.81632,382385.84832,172.03200000000652,382213.81632,382385.84832,172.03200000000652,4,3.6503681603383527,RankSurprise
microVA_L_2-3+,0,391998.58688,392174.3872,175.80031999998027,391998.58688,392174.3872,175.80031999998027,4,3.578651476325522,RankSurprise
microVA_L_2-3+,0,393016.03328,396490.62912,3474.5958400000236,393016.03328,396490.62912,3474.5958400000236,26,6.699154771522611,RankSurprise
microVA_L_2-3+,2,17490.24768,17501.47072,11.223040000000765,17490.24768,17501.47072,11.223040000000765,3,5.795722591134091,RankSurprise
microVA_L_2-3+,2,32217.21088,33168.13824,950.9273600000015,32217.21088,33168.13824,950.9273600000015,19,10.430241392706845,RankSurprise
microVA_L_2-3+,2,37980.03712,38016.0,35.96287999999913,37980.03712,38016.0,35.96287999999913,3,3.6263624243202432,RankSurprise
microVA_L_2-3+,2,54313.984,54863.62624,549.642240000001,54313.984,54863.62624,549.642240000001,10,5.1922123782235365,RankSurprise
microVA_L_2-3+,2,65736.66304,65771.9296,35.266560000003665,65736.66304,65771.9296,35.266560000003665,3,3.6263624243202432,RankSurprise
microVA_L_2-3+,2,70515.712,70539.30496,23.59295999999449,70515.712,70539.30496,23.59295999999449,3,4.272356058753726,RankSurprise
microVA_L_2-3+,2,75646.44352,75678.3104,31.8668800000014,75646.44352,75678.3104,31.8668800000014,3,3.8280075706360517,RankSurprise
microVA_L_2-3+,2,78119.15776,78302.33088,183.1731199999922,78119.15776,78302.33088,183.1731199999922,7,6.487673381316679,RankSurprise
microVA_L_2-3+,2,82935.68512,83290.43968,354.7545600000012,82935.68512,83290.43968,354.7545600000012,7,4.773414440139539,RankSurprise
microVA_L_2-3+,2,87041.2288,87187.74272,146.5139199999976,87041.2288,87187.74272,146.5139199999976,5,4.207594159424605,RankSurprise
microVA_L_2-3+,2,89479.61856,89675.48928,195.8707199999917,89479.61856,89675.48928,195.8707199999917,8,8.004790328777215,RankSurprise
microVA_L_2-3+,2,91275.18208,91331.91168,56.72960000000603,91275.18208,91331.91168,56.72960000000603,4,5.06662545462402,RankSurprise
microVA_L_2-3+,2,92968.30464,93592.28928,623.9846399999951,92968.30464,93592.28928,623.9846399999951,11,6.219652007163231,RankSurprise
microVA_L_2-3+,2,134147.19488,135312.87552,1165.680640000006,134147.19488,135312.87552,1165.680640000006,15,4.578038522834458,RankSurprise
microVA_L_2-3+,2,138423.33696,138454.91712,31.580160000012256,138423.33696,138454.91712,31.580160000012256,3,3.7419181932228316,RankSurprise
microVA_L_2-3+,2,139233.73056,139267.19488,33.464319999999134,139233.73056,139267.19488,33.464319999999134,5,8.988744854053692,RankSurprise
microVA_L_2-3+,2,142686.28992,142711.43936,25.149439999979222,142686.28992,142711.43936,25.149439999979222,3,4.141058603293075,RankSurprise
microVA_L_2-3+,2,146323.82464,146600.30464,276.4799999999814,146323.82464,146600.30464,276.4799999999814,7,4.669540286667125,RankSurprise
microVA_L_2-3+,2,147041.03424,147702.9888,661.9545599999838,147041.03424,147702.9888,661.9545599999838,13,6.463971633235054,RankSurprise
microVA_L_2-3+,2,166580.6336,167404.3392,823.7055999999866,166580.6336,167404.3392,823.7055999999866,12,4.098936761494864,RankSurprise
microVA_L_2-3+,2,178630.16448,178791.34208,161.17759999999544,178630.16448,178791.34208,161.17759999999544,6,5.844198160981236,RankSurprise
microVA_L_2-3+,2,180029.80864,180055.90016,26.091519999987213,180029.80864,180055.90016,26.091519999987213,4,6.757560388541645,RankSurprise
microVA_L_2-3+,2,180693.85216,180717.93664,24.084479999990435,180693.85216,180717.93664,24.084479999990435,3,4.265904423472239,RankSurprise
microVA_L_2-3+,2,181456.56832,181881.40544,424.83712000001105,181456.56832,181881.40544,424.83712000001105,8,4.190992992473304,RankSurprise
microVA_L_2-3+,2,182859.93984,183244.26752,384.3276799999876,182859.93984,183244.26752,384.3276799999876,14,13.351662515482198,RankSurprise
microVA_L_2-3+,2,186858.2912,186875.86304,17.571839999989606,186858.2912,186875.86304,17.571839999989606,3,4.827363003628804,RankSurprise
microVA_L_2-3+,2,187351.69536,187373.48608,21.79071999998996,187351.69536,187373.48608,21.79071999998996,4,7.515143078312342,RankSurprise
microVA_L_2-3+,2,188743.4752,188993.86368,250.38848000002326,188743.4752,188993.86368,250.38848000002326,7,4.9575088817395745,RankSurprise
microVA_L_2-3+,2,189631.81568,189637.91872,6.103039999987232,189631.81568,189637.91872,6.103039999987232,3,7.23109451403999,RankSurprise
microVA_L_2-3+,2,206751.49824,206773.49376,21.995520000025863,206751.49824,206773.49376,21.995520000025863,3,4.671545877384608,RankSurprise
microVA_L_2-3+,2,208117.10464,208141.43488,24.33023999998113,208117.10464,208141.43488,24.33023999998113,3,4.454915664549313,RankSurprise
microVA_L_2-3+,2,219580.25216,219829.6576,249.40544000000227,219580.25216,219829.6576,249.40544000000227,6,3.900346942950351,RankSurprise
microVA_L_2-3+,2,220685.9264,222511.39072,1825.4643199999991,220685.9264,222511.39072,1825.4643199999991,22,5.0932037036531606,RankSurprise
microVA_L_2-3+,2,225868.26752,225900.29824,32.03072000000975,225868.26752,225900.29824,32.03072000000975,3,3.7419181932228316,RankSurprise
microVA_L_2-3+,2,231143.75168,231175.04512,31.29344000000856,231143.75168,231175.04512,31.29344000000856,3,3.781969656975061,RankSurprise
microVA_L_2-3+,2,235572.0192,236951.42912,1379.4099199999764,235572.0192,236951.42912,1379.4099199999764,20,6.390406487791381,RankSurprise
microVA_L_2-3+,2,238916.15744,238939.50464,23.347199999989243,238916.15744,238939.50464,23.347199999989243,3,4.5640339942195585,RankSurprise
microVA_L_2-3+,2,239513.68192,239619.11296,105.43103999999585,239513.68192,239619.11296,105.43103999999585,5,5.2987344951953155,RankSurprise
microVA_L_2-3+,2,243683.81952,243820.83072,137.0112000000081,243683.81952,243820.83072,137.0112000000081,5,4.910996246563478,RankSurprise
microVA_L_2-3+,2,245570.27328,245583.70816,13.434880000015255,245570.27328,245583.70816,13.434880000015255,3,5.373100276997825,RankSurprise
microVA_L_2-3+,2,246800.67072,246841.5488,40.87807999999495,246800.67072,246841.5488,40.87807999999495,3,3.6123763343393094,RankSurprise
microVA_L_2-3+,2,249320.61184,250279.28064,958.668800000014,249320.61184,250279.28064,958.668800000014,15,6.3706644254748666,RankSurprise
microVA_L_2-3+,2,264633.71264,264675.00032,41.28768000000855,264633.71264,264675.00032,41.28768000000855,3,3.5709954931431866,RankSurprise
microVA_L_2-3+,2,270178.26304,272363.88864,2185.6256000000285,270178.26304,272363.88864,2185.6256000000285,27,6.586531627091696,RankSurprise
microVA_L_2-3+,2,273410.6624,273472.18432,61.52192000002833,273410.6624,273472.18432,61.52192000002833,4,4.785960713047331,RankSurprise
microVA_L_2-3+,2,274502.49216,274634.3424,131.85023999999976,274502.49216,274634.3424,131.85023999999976,5,4.375830038552618,RankSurprise
microVA_L_2-3+,2,276974.7968,276995.85024,21.05343999998877,276974.7968,276995.85024,21.05343999998877,3,4.785167157857163,RankSurprise
microVA_L_2-3+,2,285626.32704,285749.8624,123.53535999997985,285626.32704,285749.8624,123.53535999997985,6,6.356208334148782,RankSurprise
microVA_L_2-3+,2,286138.9824,286345.05216,206.06976000004215,286138.9824,286345.05216,206.06976000004215,7,6.52606330677867,RankSurprise
microVA_L_2-3+,2,302997.2992,303007.49824,10.199039999977686,302997.2992,303007.49824,10.199039999977686,3,5.96911858232254,RankSurprise
microVA_L_2-3+,2,303920.78336,303957.31968,36.5363200000138,303920.78336,303957.31968,36.5363200000138,3,3.7718813471590362,RankSurprise
microVA_L_2-3+,2,312585.0112,312965.5296,380.51840000000084,312585.0112,312965.5296,380.51840000000084,9,5.315412083128813,RankSurprise
microVA_L_2-3+,2,319804.86656,320012.73856,207.87200000003213,319804.86656,320012.73856,207.87200000003213,7,5.790037843107282,RankSurprise
microVA_L_2-3+,2,323177.472,323212.00128,34.529280000017025,323177.472,323212.00128,34.529280000017025,3,3.9452184119114335,RankSurprise
microVA_L_2-3+,2,332793.81504,333207.42912,413.6140799999703,332793.81504,333207.42912,413.6140799999703,11,7.6446598734634215,RankSurprise
microVA_L_2-3+,2,335168.3072,335498.73152,330.424319999991,335168.3072,335498.73152,330.424319999991,7,3.776646575517365,RankSurprise
microVA_L_2-3+,2,336612.88448,336633.36448,20.479999999981374,336612.88448,336633.36448,20.479999999981374,3,4.556571273017969,RankSurprise
microVA_L_2-3+,2,339207.00416,339229.0816,22.077439999964554,339207.00416,339229.0816,22.077439999964554,3,4.405962022037713,RankSurprise
microVA_L_2-3+,2,340482.08896,340556.63616,74.54719999997178,340482.08896,340556.63616,74.54719999997178,4,4.186744378707687,RankSurprise
microVA_L_2-3+,2,340902.5024,341013.2992,110.79680000001099,340902.5024,341013.2992,110.79680000001099,6,7.07370226485439,RankSurprise
microVA_L_2-3+,2,349929.92256,350175.39584,245.47328000003472,349929.92256,350175.39584,245.47328000003472,7,5.63040219877224,RankSurprise
microVA_L_2-3+,2,356553.80992,356793.58976,239.77983999997377,356553.80992,356793.58976,239.77983999997377,8,7.082848520020737,RankSurprise
microVA_L_2-3+,2,358907.12576,358922.48576,15.35999999998603,358907.12576,358922.48576,15.35999999998603,3,5.072012760163979,RankSurprise
microVA_L_2-3+,2,362621.09184,362784.27648,163.1846399999922,362621.09184,362784.27648,163.1846399999922,5,3.746557878513869,RankSurprise
microVA_L_2-3+,2,374961.9712,375093.8624,131.89119999995455,374961.9712,375093.8624,131.89119999995455,5,4.600440093788677,RankSurprise
microVA_L_2-3+,2,378666.84416,378890.8544,224.01024000003235,378666.84416,378890.8544,224.01024000003235,8,7.50083523175903,RankSurprise
microVA_L_2-3+,2,383253.05344,383579.58656,326.53312000003643,383253.05344,383579.58656,326.53312000003643,7,4.212365204193655,RankSurprise
microVA_L_2-3+,2,396455.97696,396565.62688,109.6499199999962,396455.97696,396565.62688,109.6499199999962,4,3.636184299162167,RankSurprise
microVA_L_4-5+,2,25667.54304,25720.6272,53.08415999999852,25667.54304,25720.6272,53.08415999999852,3,4.088313670985306,RankSurprise
microVA_L_4-5+,2,30366.1056,30756.82304,390.71744000000035,30366.1056,30756.82304,390.71744000000035,7,5.645746214561734,RankSurprise
microVA_L_4-5+,2,36010.72128,36249.68192,238.9606400000048,36010.72128,36249.68192,238.9606400000048,8,10.615574377224043,RankSurprise
microVA_L_4-5+,2,43235.7376,43374.83776,139.10016000000178,43235.7376,43374.83776,139.10016000000178,5,6.373474733244265,RankSurprise
microVA_L_4-5+,2,48816.45568,48844.51328,28.057600000000093,48816.45568,48844.51328,28.057600000000093,3,5.223542061982409,RankSurprise
microVA_L_4-5+,2,52165.71392,52230.47168,64.75776000000042,52165.71392,52230.47168,64.75776000000042,3,3.767312618250587,RankSurprise
microVA_L_4-5+,2,55526.76864,56108.11392,581.3452800000014,55526.76864,56108.11392,581.3452800000014,7,3.885243844904984,RankSurprise
microVA_L_4-5+,2,58325.56544,59277.55776,951.9923200000048,58325.56544,59277.55776,951.9923200000048,9,3.624797982130591,RankSurprise
microVA_L_4-5+,2,62262.76352,62473.13408,210.37056000000302,62262.76352,62473.13408,210.37056000000302,6,6.8754547630511595,RankSurprise
microVA_L_4-5+,2,67540.91008,67722.81344,181.9033599999966,67540.91008,67722.81344,181.9033599999966,6,7.417367756903154,RankSurprise
microVA_L_4-5+,2,73265.88928,73323.27424,57.38495999999577,73265.88928,73323.27424,57.38495999999577,3,4.0051412436779845,RankSurprise
microVA_L_4-5+,2,75324.78464,75790.21312,465.4284800000023,75324.78464,75790.21312,465.4284800000023,6,3.564982091486963,RankSurprise
microVA_L_4-5+,2,80058.32704,80447.24224,388.9152000000031,80058.32704,80447.24224,388.9152000000031,7,6.020560509190332,RankSurprise
microVA_L_4-5+,2,106069.85216,106128.22016,58.36800000000221,106069.85216,106128.22016,58.36800000000221,3,3.9568489635118684,RankSurprise
microVA_L_4-5+,2,107436.48256,107691.37664,254.8940799999982,107436.48256,107691.37664,254.8940799999982,6,6.070242631363094,RankSurprise
microVA_L_4-5+,2,110142.54592,110932.91008,790.3641599999974,110142.54592,110932.91008,790.3641599999974,10,6.357672613575122,RankSurprise
microVA_L_4-5+,2,129307.48416,129355.5712,48.087039999998524,129307.48416,129355.5712,48.087039999998524,3,4.284462809423799,RankSurprise
microVA_L_4-5+,2,159560.04864,159710.86336,150.81471999999485,159560.04864,159710.86336,150.81471999999485,4,4.039113242885186,RankSurprise
microVA_L_4-5+,2,163269.46816,163316.77696,47.30879999999888,163269.46816,163316.77696,47.30879999999888,3,4.275116947005561,RankSurprise
microVA_L_4-5+,2,172462.16192,172731.88352,269.72159999998985,172462.16192,172731.88352,269.72159999998985,5,4.033093194348194,RankSurprise
microVA_L_4-5+,2,173467.68896,173644.96384,177.27488000001176,173467.68896,173644.96384,177.27488000001176,4,3.7793124880214464,RankSurprise
microVA_L_4-5+,2,174106.0096,174512.61952,406.60992000001715,174106.0096,174512.61952,406.60992000001715,7,5.59803343427884,RankSurprise
microVA_L_4-5+,2,177927.33184,178200.33024,272.9984000000113,177927.33184,178200.33024,272.9984000000113,5,4.021554711473733,RankSurprise
microVA_L_4-5+,2,180065.6896,180857.73312,792.0435199999774,180065.6896,180857.73312,792.0435199999774,10,5.888417200475877,RankSurprise
microVA_L_4-5+,2,181585.05984,181611.02848,25.968640000006417,181585.05984,181611.02848,25.968640000006417,3,5.411919399825075,RankSurprise
microVA_L_4-5+,2,209521.13152,209889.44384,368.31231999999727,209521.13152,209889.44384,368.31231999999727,6,4.327255158376687,RankSurprise
microVA_L_4-5+,2,220603.76064,220648.98048,45.219840000005206,220603.76064,220648.98048,45.219840000005206,3,4.470873272527999,RankSurprise
microVA_L_4-5+,2,227335.7824,227354.33728,18.5548800000106,227335.7824,227354.33728,18.5548800000106,3,5.91455931628453,RankSurprise
microVA_L_4-5+,2,232914.78016,233069.03552,154.2553600000101,232914.78016,233069.03552,154.2553600000101,4,4.024346984769473,RankSurprise
microVA_L_4-5+,2,245455.13472,245601.0752,145.9404799999902,245455.13472,245601.0752,145.9404799999902,5,6.171240551635282,RankSurprise
microVA_L_4-5+,2,247530.25024,247719.77216,189.52191999999923,247530.25024,247719.77216,189.52191999999923,4,3.5527895116265107,RankSurprise
microVA_L_4-5+,2,248849.98144,248905.68704,55.70559999998659,248849.98144,248905.68704,55.70559999998659,3,4.013304554317145,RankSurprise
microVA_L_4-5+,2,254423.6544,254498.816,75.16159999999218,254423.6544,254498.816,75.16159999999218,5,8.377798973788355,RankSurprise
microVA_L_4-5+,2,255749.5296,255871.5904,122.06079999997746,255749.5296,255871.5904,122.06079999997746,4,4.542969172331077,RankSurprise
microVA_L_4-5+,2,256996.67968,258968.9856,1972.3059200000134,256996.67968,258968.9856,1972.3059200000134,15,4.405836059555958,RankSurprise
microVA_L_4-5+,2,270239.04768,270423.40864,184.36095999996178,270239.04768,270423.40864,184.36095999996178,4,3.5318834766046514,RankSurprise
microVA_L_4-5+,2,271391.82592,271410.29888,18.472960000042804,271391.82592,271410.29888,18.472960000042804,3,5.791440287325722,RankSurprise
microVA_L_4-5+,2,276972.50304,277460.992,488.48896000004606,276972.50304,277460.992,488.48896000004606,6,3.9063357973434405,RankSurprise
microVA_L_4-5+,2,278653.09184,278924.77952,271.6876799999736,278653.09184,278924.77952,271.6876799999736,6,5.674282191602906,RankSurprise
microVA_L_4-5+,2,287560.54016,287701.07392,140.53376000002027,287560.54016,287701.07392,140.53376000002027,4,4.232729179009812,RankSurprise
microVA_L_4-5+,2,289589.00224,290018.75456,429.7523199999705,289589.00224,290018.75456,429.7523199999705,7,5.653735733014338,RankSurprise
microVA_L_4-5+,2,310578.176,310642.8928,64.71679999999469,310578.176,310642.8928,64.71679999999469,3,3.774559026771353,RankSurprise
microVA_L_4-5+,2,312048.68096,313993.216,1944.535039999988,312048.68096,313993.216,1944.535039999988,19,7.365014700101925,RankSurprise
microVA_L_4-5+,2,325521.24416,325783.47008,262.22591999999713,325521.24416,325783.47008,262.22591999999713,8,9.753686962879272,RankSurprise
microVA_L_4-5+,2,338159.616,338857.20576,697.5897600000026,338159.616,338857.20576,697.5897600000026,9,5.369482238429743,RankSurprise
microVA_L_4-5+,2,345144.81152,345216.73728,71.92576000001281,345144.81152,345216.73728,71.92576000001281,3,3.5547834595943026,RankSurprise
microVA_L_4-5+,2,346207.0272,347266.70336,1059.6761599999736,346207.0272,347266.70336,1059.6761599999736,14,9.173756214388659,RankSurprise
microVA_L_4-5+,2,356964.59776,357026.07872,61.48096000001533,356964.59776,357026.07872,61.48096000001533,3,3.863627854830993,RankSurprise
microVA_L_4-5+,2,366151.8848,366222.86848,70.98368000000482,366151.8848,366222.86848,70.98368000000482,3,3.5941937080313284,RankSurprise
microVA_L_4-5+,2,373922.73408,374895.45216,972.7180799999624,373922.73408,374895.45216,972.7180799999624,10,3.9785138422334922,RankSurprise
microVA_L_4-5+,2,383304.33536,383414.76352,110.42815999995219,383304.33536,383414.76352,110.42815999995219,4,4.824234861587925,RankSurprise
microVA_L_4-5+,2,400297.7792,400360.48896,62.709759999997914,400297.7792,400360.48896,62.709759999997914,3,3.8485048553871533,RankSurprise
microVA_L_4-5+,2,405964.06272,405980.89728,16.834559999988414,405964.06272,405980.89728,16.834559999988414,3,5.8726718201838555,RankSurprise
microVA_L_4-5+,3,17161.54368,17510.72768,349.1840000000011,17161.54368,17510.72768,349.1840000000011,10,12.412174034593365,RankSurprise
microVA_L_4-5+,3,34375.76192,34677.43232,301.6704000000027,34375.76192,34677.43232,301.6704000000027,7,7.074617604731465,RankSurprise
microVA_L_4-5+,3,37377.80224,37715.968,338.1657600000035,37377.80224,37715.968,338.1657600000035,8,8.547732950059476,RankSurprise
microVA_L_4-5+,3,38450.74944,38515.05664,64.30720000000292,38450.74944,38515.05664,64.30720000000292,3,3.721113462008338,RankSurprise
microVA_L_4-5+,3,42211.16416,42647.22432,436.0601600000009,42211.16416,42647.22432,436.0601600000009,6,3.7825867021404425,RankSurprise
microVA_L_4-5+,3,47299.50208,50673.41824,3373.9161600000007,47299.50208,50673.41824,3373.9161600000007,25,5.838082906597304,RankSurprise
microVA_L_4-5+,3,53133.88544,53207.90016,74.01471999999922,53133.88544,53207.90016,74.01471999999922,4,5.929009379502304,RankSurprise
microVA_L_4-5+,3,62253.62944,62322.11456,68.48512000000483,62253.62944,62322.11456,68.48512000000483,3,3.721113462008338,RankSurprise
microVA_L_4-5+,3,112568.07424,112577.3312,9.256959999998799,112568.07424,112577.3312,9.256959999998799,3,7.862004777475793,RankSurprise
microVA_L_4-5+,3,132566.09792,132735.50848,169.41055999998935,132566.09792,132735.50848,169.41055999998935,4,3.6863495129510255,RankSurprise
microVA_L_4-5+,3,147986.8416,148032.83968,45.998079999990296,147986.8416,148032.83968,45.998079999990296,5,10.722864529486124,RankSurprise
microVA_L_4-5+,3,151843.34848,152523.81696,680.4684800000105,151843.34848,152523.81696,680.4684800000105,7,3.6353967144456503,RankSurprise
microVA_L_4-5+,3,154921.5744,155005.99296,84.41855999999098,154921.5744,155005.99296,84.41855999999098,4,5.6807805414860155,RankSurprise
microVA_L_4-5+,3,155775.42656,155834.5728,59.14624000000185,155775.42656,155834.5728,59.14624000000185,3,3.945286927743439,RankSurprise
microVA_L_4-5+,3,167183.5648,167359.6928,176.12799999999697,167183.5648,167359.6928,176.12799999999697,4,3.6592408537675354,RankSurprise
microVA_L_4-5+,3,173450.15808,173516.63616,66.47808000000077,173450.15808,173516.63616,66.47808000000077,3,3.7956102282572868,RankSurprise
microVA_L_4-5+,3,182938.78784,183300.58752,361.79967999999644,182938.78784,183300.58752,361.79967999999644,7,6.2118186304705425,RankSurprise
microVA_L_4-5+,3,187136.28672,187408.1792,271.8924800000095,187136.28672,187408.1792,271.8924800000095,5,3.9984774391230964,RankSurprise
microVA_L_4-5+,3,202005.58592,202035.77344,30.187519999977667,202005.58592,202035.77344,30.187519999977667,3,5.29511806067403,RankSurprise
microVA_L_4-5+,3,225698.16064,225870.52032,172.35968000002322,225698.16064,225870.52032,172.35968000002322,4,3.7182890273913074,RankSurprise
microVA_L_4-5+,3,242470.87104,242957.47584,486.604800000001,242470.87104,242957.47584,486.604800000001,6,3.939091570141155,RankSurprise
microVA_L_4-5+,3,245436.78464,245464.63744,27.852799999993294,245436.78464,245464.63744,27.852799999993294,3,5.533702796476618,RankSurprise
microVA_L_4-5+,3,249111.63392,249526.02624,414.39232000001357,249111.63392,249526.02624,414.39232000001357,7,5.493902318876975,RankSurprise
microVA_L_4-5+,3,263627.28448,263686.84032,59.555840000044554,263627.28448,263686.84032,59.555840000044554,3,3.9949791379783814,RankSurprise
microVA_L_4-5+,3,268613.2224,268679.33184,66.10943999997107,268613.2224,268679.33184,66.10943999997107,3,3.621270667685801,RankSurprise
microVA_L_4-5+,3,289679.48288,290004.62336,325.14048000000184,289679.48288,290004.62336,325.14048000000184,6,5.4626289373304715,RankSurprise
microVA_L_4-5+,3,298327.8592,298534.83008,206.97087999997893,298327.8592,298534.83008,206.97087999997893,4,3.5662443425908386,RankSurprise
microVA_L_4-5+,3,311148.1344,311205.72416,57.58976000000257,311148.1344,311205.72416,57.58976000000257,3,4.037353794657966,RankSurprise
microVA_L_4-5+,3,313095.3728,313258.47552,163.1027199999662,313095.3728,313258.47552,163.1027199999662,4,3.878452911102979,RankSurprise
microVA_L_4-5+,3,321054.06464,321128.61184,74.54720000002999,321054.06464,321128.61184,74.54720000002999,3,3.5596217704546085,RankSurprise
microVA_L_4-5+,3,334459.00288,335118.86848,659.8656000000192,334459.00288,335118.86848,659.8656000000192,7,3.6268679806870123,RankSurprise
microVA_L_4-5+,3,335855.86176,335871.05792,15.196159999992233,335855.86176,335871.05792,15.196159999992233,3,6.705705114362965,RankSurprise
microVA_L_4-5+,3,343139.57376,343558.71744,419.1436799999792,343139.57376,343558.71744,419.1436799999792,6,3.939091570141155,RankSurprise
microVA_L_4-5+,3,346101.22752,348036.17792,1934.9503999999724,346101.22752,348036.17792,1934.9503999999724,17,6.124429852915997,RankSurprise
microVA_L_4-5+,3,349562.42944,350040.30976,477.8803199999966,349562.42944,350040.30976,477.8803199999966,9,7.649870842872076,RankSurprise
microVA_L_4-5+,3,356245.01248,356624.87552,379.86304000002565,356245.01248,356624.87552,379.86304000002565,7,6.054977781066131,RankSurprise
microVA_L_4-5+,3,363763.38432,364168.92928,405.54495999997016,363763.38432,364168.92928,405.54495999997016,6,4.143149786640912,RankSurprise
microVA_L_4-5+,3,373996.70784,375084.6464,1087.9385600000387,373996.70784,375084.6464,1087.9385600000387,13,7.935564727224954,RankSurprise
microVA_L_4-5+,3,378217.02144,378534.78912,317.7676799999899,378217.02144,378534.78912,317.7676799999899,5,4.026227832267697,RankSurprise
microVA_L_4-5+,3,392267.61216,392424.52992,156.91775999998208,392267.61216,392424.52992,156.91775999998208,4,4.022163554570323,RankSurprise
microVA_L_4-5+,3,395349.93408,395557.4784,207.54432000004454,395349.93408,395557.4784,207.54432000004454,5,4.767068385607011,RankSurprise
microVA_L_4-6+,2,11509.10464,12040.06912,530.9644800000005,11509.10464,12040.06912,530.9644800000005,8,5.051180807049857,RankSurprise
microVA_L_4-6+,2,31312.2816,32517.48864,1205.2070400000011,31312.2816,32517.48864,1205.2070400000011,12,4.761971986253814,RankSurprise
microVA_L_4-6+,2,35539.31264,35558.4,19.087360000004992,35539.31264,35558.4,19.087360000004992,3,6.145313190935745,RankSurprise
microVA_L_4-6+,2,42874.2656,43439.67744,565.4118400000007,42874.2656,43439.67744,565.4118400000007,9,6.240336584385511,RankSurprise
microVA_L_4-6+,2,51526.0416,51586.37568,60.33408000000054,51526.0416,51586.37568,60.33408000000054,3,3.864281055073654,RankSurprise
microVA_L_4-6+,2,55419.78112,55488.43008,68.64895999999862,55419.78112,55488.43008,68.64895999999862,3,3.6443499140950433,RankSurprise
microVA_L_4-6+,2,63758.86848,63782.0928,23.22432000000117,63758.86848,63782.0928,23.22432000000117,4,9.56545074222845,RankSurprise
microVA_L_4-6+,2,72521.44128,72982.9376,461.49632000000565,72521.44128,72982.9376,461.49632000000565,7,4.3698684560858405,RankSurprise
microVA_L_4-6+,2,90860.01152,91119.0016,258.9900800000032,90860.01152,91119.0016,258.9900800000032,5,3.939402769785577,RankSurprise
microVA_L_4-6+,2,107465.68704,107478.71232,13.025280000001658,107465.68704,107478.71232,13.025280000001658,3,6.983199217140601,RankSurprise
microVA_L_4-6+,2,108221.80864,108400.31232,178.50367999999435,108221.80864,108400.31232,178.50367999999435,5,5.4584060155898975,RankSurprise
microVA_L_4-6+,2,110045.3888,110657.20832,611.8195200000046,110045.3888,110657.20832,611.8195200000046,11,8.841829595250127,RankSurprise
microVA_L_4-6+,2,115991.63392,116242.10432,250.4704000000056,115991.63392,116242.10432,250.4704000000056,7,7.880944626214628,RankSurprise
microVA_L_4-6+,2,117405.94176,117700.07552,294.133759999997,117405.94176,117700.07552,294.133759999997,6,5.17692379993305,RankSurprise
microVA_L_4-6+,2,130536.12032,130643.3536,107.23328000000038,130536.12032,130643.3536,107.23328000000038,4,4.810850804225716,RankSurprise
microVA_L_4-6+,2,131482.25536,131606.7328,124.47743999998784,131482.25536,131606.7328,124.47743999998784,4,4.463893441289677,RankSurprise
microVA_L_4-6+,2,133104.68096,133273.47712,168.79615999999805,133104.68096,133273.47712,168.79615999999805,4,3.5300162774240817,RankSurprise
microVA_L_4-6+,2,135131.5456,135227.71968,96.17407999999705,135131.5456,135227.71968,96.17407999999705,4,5.242808253108699,RankSurprise
microVA_L_4-6+,2,138695.68,139265.10592,569.4259200000088,138695.68,139265.10592,569.4259200000088,7,4.082247162496583,RankSurprise
microVA_L_4-6+,2,157846.56896,158490.624,644.0550400000066,157846.56896,158490.624,644.0550400000066,8,4.051142554720762,RankSurprise
microVA_L_4-6+,2,166120.81664,166166.24128,45.4246399999829,166120.81664,166166.24128,45.4246399999829,3,4.420367382968973,RankSurprise
microVA_L_4-6+,2,178449.32608,178640.15872,190.8326400000078,178449.32608,178640.15872,190.8326400000078,5,5.0401843403352835,RankSurprise
microVA_L_4-6+,2,182795.10016,183563.8784,768.7782399999851,182795.10016,183563.8784,768.7782399999851,9,4.405368200097632,RankSurprise
microVA_L_4-6+,2,195439.69792,195556.352,116.65408000000753,195439.69792,195556.352,116.65408000000753,4,4.536435980176094,RankSurprise
microVA_L_4-6+,2,198540.94336,199114.1376,573.1942399999825,198540.94336,199114.1376,573.1942399999825,8,4.643022672937968,RankSurprise
microVA_L_4-6+,2,210411.19232,210470.05184,58.859519999998156,210411.19232,210470.05184,58.859519999998156,3,3.95520608136839,RankSurprise
microVA_L_4-6+,2,226116.89472,226196.31616,79.42143999997643,226116.89472,226196.31616,79.42143999997643,4,5.771248244504196,RankSurprise
microVA_L_4-6+,2,227453.91104,227525.18144,71.27039999997942,227453.91104,227525.18144,71.27039999997942,4,6.132525275786012,RankSurprise
microVA_L_4-6+,2,231157.43232,231250.7392,93.30688000001828,231157.43232,231250.7392,93.30688000001828,7,13.568292675715057,RankSurprise
microVA_L_4-6+,2,233741.47584,233794.80576,53.329919999989215,233741.47584,233794.80576,53.329919999989215,3,4.10369777364394,RankSurprise
microVA_L_4-6+,2,247143.87456,247209.45152,65.57696000000578,247143.87456,247209.45152,65.57696000000578,3,3.7448422567005792,RankSurprise
microVA_L_4-6+,2,258424.05376,259120.82432,696.7705600000045,258424.05376,259120.82432,696.7705600000045,8,3.7548385847900665,RankSurprise
microVA_L_4-6+,2,260144.00512,262396.96896,2252.9638400000404,260144.00512,262396.96896,2252.9638400000404,20,6.267610257577532,RankSurprise
microVA_L_4-6+,2,267126.29248,267193.344,67.05151999997906,267126.29248,267193.344,67.05151999997906,3,3.589965774570734,RankSurprise
microVA_L_4-6+,2,273167.03232,273849.26208,682.2297600000165,273167.03232,273849.26208,682.2297600000165,8,3.8865310347819895,RankSurprise
microVA_L_4-6+,2,282701.49632,282735.37024,33.873920000041835,282701.49632,282735.37024,33.873920000041835,3,5.064629286140715,RankSurprise
microVA_L_4-6+,2,289701.72416,289852.86656,151.14240000001155,289701.72416,289852.86656,151.14240000001155,4,3.9306109336148403,RankSurprise
microVA_L_4-6+,2,305235.43552,305316.08576,80.65023999998812,305235.43552,305316.08576,80.65023999998812,4,5.700840521655142,RankSurprise
microVA_L_4-6+,2,309929.08288,309991.79264,62.709759999997914,309929.08288,309991.79264,62.709759999997914,3,3.823670406462913,RankSurprise
microVA_L_4-6+,2,319738.18368,319902.18752,164.0038399999612,319738.18368,319902.18752,164.0038399999612,5,5.594439546006679,RankSurprise
microVA_L_4-6+,2,329870.5408,329941.36064,70.81984000001103,329870.5408,329941.36064,70.81984000001103,3,3.5312242742699205,RankSurprise
microVA_L_4-6+,2,342470.53312,342508.46208,37.92896000004839,342470.53312,342508.46208,37.92896000004839,3,4.764352175791217,RankSurprise
microVA_L_4-6+,2,348696.41216,348784.06656,87.65439999999944,348696.41216,348784.06656,87.65439999999944,4,5.378578491576295,RankSurprise
microVA_L_4-6+,2,351243.63264,351505.12128,261.48863999999594,351243.63264,351505.12128,261.48863999999594,5,4.271309320940524,RankSurprise
microVA_L_4-6+,2,353436.4672,353569.5872,133.11999999999534,353436.4672,353569.5872,133.11999999999534,4,4.237184219094399,RankSurprise
microVA_L_4-6+,2,355968.32768,356080.4352,112.10752000001958,355968.32768,356080.4352,112.10752000001958,4,4.765222438280237,RankSurprise
microVA_L_4-6+,2,358910.1568,358981.30432,71.14751999999862,358910.1568,358981.30432,71.14751999999862,4,6.132525275786012,RankSurprise
microVA_L_4-6+,2,364711.15776,364747.32544,36.167680000013206,364711.15776,364747.32544,36.167680000013206,3,4.943745472806082,RankSurprise
microVA_L_4-6+,2,367007.17056,367520.19456,513.0239999999758,367007.17056,367520.19456,513.0239999999758,9,7.308271753170647,RankSurprise
microVA_L_4-6+,2,368713.9328,369205.32992,491.3971199999796,368713.9328,369205.32992,491.3971199999796,8,5.635149340272718,RankSurprise
microVA_L_4-6+,2,371977.91232,372016.66048,38.74816000001738,371977.91232,372016.66048,38.74816000001738,3,4.785915883671695,RankSurprise
microVA_L_4-6+,2,384051.28192,384236.99456,185.71264000004157,384051.28192,384236.99456,185.71264000004157,5,5.563807553459167,RankSurprise
microVA_L_4-6+,2,400530.0224,400573.68576,43.66336000000592,400530.0224,400573.68576,43.66336000000592,3,4.4476406737534155,RankSurprise
microVA_L_5-6+,0,16835.7888,18231.74656,1395.9577600000011,16835.7888,18231.74656,1395.9577600000011,7,4.248717693073676,RankSurprise
microVA_L_5-6+,0,32215.77728,32286.35136,70.57408000000214,32215.77728,32286.35136,70.57408000000214,3,5.059457741844648,RankSurprise
microVA_L_5-6+,0,40725.2992,40822.70208,97.40288000000146,40725.2992,40822.70208,97.40288000000146,3,4.265366563762122,RankSurprise
microVA_L_5-6+,0,44418.78528,44452.08576,33.30048000000534,44418.78528,44452.08576,33.30048000000534,4,10.29812783139981,RankSurprise
microVA_L_5-6+,0,51265.08544,51940.59776,675.5123199999944,51265.08544,51940.59776,675.5123199999944,5,3.9484729615392773,RankSurprise
microVA_L_5-6+,0,82649.82528,84842.82368,2192.9983999999968,82649.82528,84842.82368,2192.9983999999968,9,4.009388465899338,RankSurprise
microVA_L_5-6+,0,104277.93408,104310.3744,32.440319999994244,104277.93408,104310.3744,32.440319999994244,3,6.53183940781079,RankSurprise
microVA_L_5-6+,0,124763.25888,131036.73344,6273.474560000002,124763.25888,131036.73344,6273.474560000002,20,5.616490236769134,RankSurprise
microVA_L_5-6+,0,144301.99808,147969.59744,3667.599360000022,144301.99808,147969.59744,3667.599360000022,12,4.669187849939647,RankSurprise
microVA_L_5-6+,0,191665.39776,191797.16608,131.76832000000286,191665.39776,191797.16608,131.76832000000286,4,6.019671201609967,RankSurprise
microVA_L_5-6+,0,210487.00928,214182.54336,3695.534080000012,210487.00928,214182.54336,3695.534080000012,15,6.282607134118738,RankSurprise
microVA_L_5-6+,0,225183.3344,225469.6448,286.31040000001667,225183.3344,225469.6448,286.31040000001667,4,4.297901378914961,RankSurprise
microVA_L_5-6+,0,232875.45856,233001.45152,125.99296000000322,232875.45856,233001.45152,125.99296000000322,3,3.7155756220683482,RankSurprise
microVA_L_5-6+,0,265715.95776,268241.59232,2525.634559999977,265715.95776,268241.59232,2525.634559999977,11,5.584295923922664,RankSurprise
microVA_L_5-6+,0,273715.97824,274066.51392,350.53567999997176,273715.97824,274066.51392,350.53567999997176,4,4.132252217358946,RankSurprise
microVA_L_5-6+,0,275178.33216,277425.93024,2247.598080000025,275178.33216,277425.93024,2247.598080000025,9,4.601313875709018,RankSurprise
microVA_L_5-6+,0,280960.69632,283656.51968,2695.8233600000385,280960.69632,283656.51968,2695.8233600000385,10,3.8810445162339966,RankSurprise
microVA_L_5-6+,0,365007.79008,365837.55776,829.7676799999899,365007.79008,365837.55776,829.7676799999899,6,4.223976129414076,RankSurprise
microVA_L_5-6+,0,406696.83712,406822.78912,125.95199999999022,406696.83712,406822.78912,125.95199999999022,3,3.7155756220683482,RankSurprise
microVA_L_5-6+,1,8540.03712,8568.91392,28.876800000000003,8540.03712,8568.91392,28.876800000000003,3,5.251039072625236,RankSurprise
microVA_L_5-6+,1,10379.42784,10429.60384,50.175999999999476,10379.42784,10429.60384,50.175999999999476,3,4.055700507621609,RankSurprise
microVA_L_5-6+,1,14151.68,14610.26816,458.58815999999933,14151.68,14610.26816,458.58815999999933,8,5.985454109238378,RankSurprise
microVA_L_5-6+,1,28347.92448,28403.79392,55.869439999998576,28347.92448,28403.79392,55.869439999998576,3,3.9028984456656435,RankSurprise
microVA_L_5-6+,1,32494.30528,32635.12576,140.8204799999985,32494.30528,32635.12576,140.8204799999985,4,4.007246639850113,RankSurprise
microVA_L_5-6+,1,33668.75136,35121.07008,1452.3187199999957,33668.75136,35121.07008,1452.3187199999957,13,3.923230659900885,RankSurprise
microVA_L_5-6+,1,36247.42912,36905.53344,658.1043199999986,36247.42912,36905.53344,658.1043199999986,8,4.072594233745964,RankSurprise
microVA_L_5-6+,1,39245.824,39354.20416,108.38016000000061,39245.824,39354.20416,108.38016000000061,4,4.644815846835293,RankSurprise
microVA_L_5-6+,1,42957.86496,43118.55104,160.6860799999995,42957.86496,43118.55104,160.6860799999995,4,3.583545267143556,RankSurprise
microVA_L_5-6+,1,47943.59808,48067.09248,123.49439999999595,47943.59808,48067.09248,123.49439999999595,4,4.358388000826512,RankSurprise
microVA_L_5-6+,1,64710.53312,64907.75552,197.22239999999874,64710.53312,64907.75552,197.22239999999874,5,4.919201123461775,RankSurprise
microVA_L_5-6+,1,80698.04032,80800.48128,102.44096000000718,80698.04032,80800.48128,102.44096000000718,5,7.119247393748296,RankSurprise
microVA_L_5-6+,1,86081.98656,86109.55264,27.566079999989597,86081.98656,86109.55264,27.566079999989597,3,5.0673014193000885,RankSurprise
microVA_L_5-6+,1,88505.38496,88633.38496,128.0,88505.38496,88633.38496,128.0,5,6.378037773088142,RankSurprise
microVA_L_5-6+,1,93412.22912,93559.11168,146.8825599999982,93412.22912,93559.11168,146.8825599999982,5,5.817762994293467,RankSurprise
microVA_L_5-6+,1,110210.08896,110282.38336,72.29440000001341,110210.08896,110282.38336,72.29440000001341,4,5.804379782187862,RankSurprise
microVA_L_5-6+,1,113313.01376,113378.79552,65.78175999999803,113313.01376,113378.79552,65.78175999999803,3,3.6468107386320803,RankSurprise
microVA_L_5-6+,1,113756.07808,113769.22624,13.148159999997006,113756.07808,113769.22624,13.148159999997006,3,6.485222757597533,RankSurprise
microVA_L_5-6+,1,122849.81248,123120.06656,270.25408000001335,122849.81248,123120.06656,270.25408000001335,5,3.9949948299695706,RankSurprise
microVA_L_5-6+,1,125561.0368,127516.71296,1955.6761600000027,125561.0368,127516.71296,1955.6761600000027,19,7.322095713290332,RankSurprise
microVA_L_5-6+,1,144423.69024,144455.96672,32.27648000000045,144423.69024,144455.96672,32.27648000000045,3,5.0177628081231855,RankSurprise
microVA_L_5-6+,1,147658.83392,148062.98624,404.1523199999938,147658.83392,148062.98624,404.1523199999938,7,4.950548617759548,RankSurprise
microVA_L_5-6+,1,150721.78176,151063.79776,342.01599999997416,150721.78176,151063.79776,342.01599999997416,7,6.055957224748481,RankSurprise
microVA_L_5-6+,1,169389.38368,169508.20864,118.8249599999981,169389.38368,169508.20864,118.8249599999981,4,4.3683382769481405,RankSurprise
microVA_L_5-6+,1,206369.46432,206528.34816,158.88383999999496,206369.46432,206528.34816,158.88383999999496,4,3.741061940338131,RankSurprise
microVA_L_5-6+,1,219153.36704,219193.38496,40.01791999998386,219153.36704,219193.38496,40.01791999998386,3,4.474765393604633,RankSurprise
microVA_L_5-6+,1,223632.05632,223911.89504,279.83871999999974,223632.05632,223911.89504,279.83871999999974,5,3.5976212474096307,RankSurprise
microVA_L_5-6+,1,229653.504,231593.3696,1939.8656000000192,229653.504,231593.3696,1939.8656000000192,17,5.388945673797066,RankSurprise
microVA_L_5-6+,1,245488.31232,245809.23392,320.9216000000015,245488.31232,245809.23392,320.9216000000015,6,4.8157229741431635,RankSurprise
microVA_L_5-6+,1,252743.0656,252938.28096,195.21536000000197,252743.0656,252938.28096,195.21536000000197,5,5.024992574254252,RankSurprise
microVA_L_5-6+,1,255070.28992,255103.22176,32.93183999997564,255070.28992,255103.22176,32.93183999997564,3,4.776087854066837,RankSurprise
microVA_L_5-6+,1,260279.95136,260790.23104,510.2796800000069,260279.95136,260790.23104,510.2796800000069,10,8.599228685086617,RankSurprise
microVA_L_5-6+,1,263262.57664,263696.67072,434.09408000000985,263262.57664,263696.67072,434.09408000000985,7,4.944138624109724,RankSurprise
microVA_L_5-6+,1,266133.13536,266202.7264,69.59103999997023,266133.13536,266202.7264,69.59103999997023,4,5.836725265671628,RankSurprise
microVA_L_5-6+,1,267340.55424,267734.09792,393.5436799999443,267340.55424,267734.09792,393.5436799999443,6,3.6406324057429726,RankSurprise
microVA_L_5-6+,1,272900.79232,273195.54048,294.7481600000174,272900.79232,273195.54048,294.7481600000174,8,8.31170713083202,RankSurprise
microVA_L_5-6+,1,281737.37984,283381.92384,1644.5439999999944,281737.37984,283381.92384,1644.5439999999944,15,5.162649926765173,RankSurprise
microVA_L_5-6+,1,300276.85888,300361.3184,84.45951999997487,300276.85888,300361.3184,84.45951999997487,4,5.405795325096943,RankSurprise
microVA_L_5-6+,1,326146.17088,326195.69152,49.52064000000246,326146.17088,326195.69152,49.52064000000246,3,4.124938447116158,RankSurprise
microVA_L_5-6+,1,335987.17952,336052.224,65.04447999998229,335987.17952,336052.224,65.04447999998229,4,6.236160468959962,RankSurprise
microVA_L_5-6+,1,336496.92672,337338.81856,841.8918399999966,336496.92672,337338.81856,841.8918399999966,11,6.704975601396153,RankSurprise
microVA_L_5-6+,1,342344.704,342357.56544,12.861439999949653,342344.704,342357.56544,12.861439999949653,5,15.486900628063648,RankSurprise
microVA_L_5-6+,1,344419.40992,344462.9504,43.54047999996692,344419.40992,344462.9504,43.54047999996692,3,4.410539353364115,RankSurprise
microVA_L_5-6+,1,346911.744,349075.53792,2163.7939199999673,346911.744,349075.53792,2163.7939199999673,18,4.990351219727989,RankSurprise
microVA_L_5-6+,1,349888.43008,350012.86656,124.43647999997484,349888.43008,350012.86656,124.43647999997484,5,6.422132844518522,RankSurprise
microVA_L_5-6+,1,373922.77504,375410.2784,1487.5033600000315,373922.77504,375410.2784,1487.5033600000315,16,6.78789671452381,RankSurprise
microVA_L_5-6+,1,406160.1792,406373.376,213.19679999997607,406160.1792,406373.376,213.19679999997607,5,4.4246940685734195,RankSurprise
microVA_L_5-6+,2,20799.11936,20984.4224,185.30303999999887,20799.11936,20984.4224,185.30303999999887,4,4.017867812581034,RankSurprise
microVA_L_5-6+,2,23340.40064,25689.86624,2349.4655999999995,23340.40064,25689.86624,2349.4655999999995,15,4.115551880104883,RankSurprise
microVA_L_5-6+,2,31237.77536,31336.16128,98.38592000000062,31237.77536,31336.16128,98.38592000000062,3,3.539124517624101,RankSurprise
microVA_L_5-6+,2,47950.52032,48185.58976,235.0694399999993,47950.52032,48185.58976,235.0694399999993,5,5.439472205920161,RankSurprise
microVA_L_5-6+,2,61869.83424,61939.67104,69.83680000000459,61869.83424,61939.67104,69.83680000000459,4,6.966522501486525,RankSurprise
microVA_L_5-6+,2,66313.50272,66381.37344,67.8707199999917,66313.50272,66381.37344,67.8707199999917,3,4.226671631455396,RankSurprise
microVA_L_5-6+,2,71345.31584,71411.63008,66.31424000000698,71345.31584,71411.63008,66.31424000000698,3,4.181598943686096,RankSurprise
microVA_L_5-6+,2,91123.3024,91730.41152,607.1091199999937,91123.3024,91730.41152,607.1091199999937,7,5.241946013854249,RankSurprise
microVA_L_5-6+,2,108937.33888,111803.63776,2866.298880000002,108937.33888,111803.63776,2866.298880000002,19,5.848158636947103,RankSurprise
microVA_L_5-6+,2,153886.76096,153897.00096,10.239999999990687,153886.76096,153897.00096,10.239999999990687,3,7.933900224237528,RankSurprise
microVA_L_5-6+,2,157293.11744,158734.62272,1441.5052800000121,157293.11744,158734.62272,1441.5052800000121,10,3.916749242794397,RankSurprise
microVA_L_5-6+,2,173278.86336,174421.72928,1142.865920000011,173278.86336,174421.72928,1142.865920000011,10,5.043435082238112,RankSurprise
microVA_L_5-6+,2,182952.30464,183345.9712,393.6665600000124,182952.30464,183345.9712,393.6665600000124,6,5.414287353573322,RankSurprise
microVA_L_5-6+,2,204914.72896,204962.52928,47.800319999980275,204914.72896,204962.52928,47.800319999980275,3,4.913346297509722,RankSurprise
microVA_L_5-6+,2,207489.59744,207822.27456,332.67711999997846,207489.59744,207822.27456,332.67711999997846,5,4.2913122294621715,RankSurprise
microVA_L_5-6+,2,216143.54432,216185.07776,41.533439999999246,216143.54432,216185.07776,41.533439999999246,3,5.225673671843088,RankSurprise
microVA_L_5-6+,2,224368.35328,224780.12416,411.7708799999964,224368.35328,224780.12416,411.7708799999964,6,4.895768640339803,RankSurprise
microVA_L_5-6+,2,229019.4432,229103.12448,83.68127999998978,229019.4432,229103.12448,83.68127999998978,3,3.8346734196857852,RankSurprise
microVA_L_5-6+,2,231061.46304,231241.76896,180.30591999998433,231061.46304,231241.76896,180.30591999998433,4,4.300733302395198,RankSurprise
microVA_L_5-6+,2,249762.816,250032.70144,269.88544000001275,249762.816,250032.70144,269.88544000001275,6,6.661411636370985,RankSurprise
microVA_L_5-6+,2,255109.81632,255573.8112,463.9948799999838,255109.81632,255573.8112,463.9948799999838,5,3.534254226998261,RankSurprise
microVA_L_5-6+,2,257535.3856,257564.95872,29.573119999986375,257535.3856,257564.95872,29.573119999986375,3,5.994816040252616,RankSurprise
microVA_L_5-6+,2,269949.91104,271620.3008,1670.3897600000491,269949.91104,271620.3008,1670.3897600000491,11,3.8448494151746013,RankSurprise
microVA_L_5-6+,2,276837.74464,277030.58432,192.8396800000337,276837.74464,277030.58432,192.8396800000337,6,8.446820695408299,RankSurprise
microVA_L_5-6+,2,281379.92192,281570.05824,190.13631999999052,281379.92192,281570.05824,190.13631999999052,4,4.149550776980902,RankSurprise
microVA_L_5-6+,2,284537.07776,284617.07264,79.99488000001293,284537.07776,284617.07264,79.99488000001293,5,9.6139177350246,RankSurprise
microVA_L_5-6+,2,286802.08384,286880.768,78.68416000000434,286802.08384,286880.768,78.68416000000434,3,3.9703194091445333,RankSurprise
microVA_L_5-6+,2,289685.01248,289863.2704,178.25792000000365,289685.01248,289863.2704,178.25792000000365,4,4.2078052153558545,RankSurprise
microVA_L_5-6+,2,312321.76128,313150.42304,828.6617600000463,312321.76128,313150.42304,828.6617600000463,7,3.8249160765006844,RankSurprise
microVA_L_5-6+,2,314529.30048,314768.09728,238.796800000011,314529.30048,314768.09728,238.796800000011,4,4.024009080603118,RankSurprise
microVA_L_5-6+,2,316081.23392,316131.69664,50.46271999995224,316081.23392,316131.69664,50.46271999995224,3,4.865724250038852,RankSurprise
microVA_L_5-6+,2,318458.59328,318654.13632,195.54304000001866,318458.59328,318654.13632,195.54304000001866,4,4.0549054245939224,RankSurprise
microVA_L_5-6+,2,323631.67744,324671.36512,1039.6876799999736,323631.67744,324671.36512,1039.6876799999736,9,4.381442571601156,RankSurprise
microVA_L_5-6+,2,338967.42912,339044.92544,77.49632000003476,338967.42912,339044.92544,77.49632000003476,3,3.9503689949567793,RankSurprise
microVA_L_5-6+,2,343331.4304,343392.37888,60.94847999996273,343331.4304,343392.37888,60.94847999996273,4,7.56308966215709,RankSurprise
microVA_L_5-6+,2,344389.50912,346625.26976,2235.760639999993,344389.50912,346625.26976,2235.760639999993,17,7.592554423107335,RankSurprise
microVA_L_5-6+,2,348349.97248,348724.10112,374.1286400000099,348349.97248,348724.10112,374.1286400000099,5,3.677281591602842,RankSurprise
microVA_L_5-6+,2,374894.42816,375256.2688,361.84064000000944,374894.42816,375256.2688,361.84064000000944,6,5.525899408872434,RankSurprise
microVA_L_5-6+,2,399368.23296,399614.64832,246.4153599999845,399368.23296,399614.64832,246.4153599999845,5,5.180674608232636,RankSurprise
microVA_L_7-8+,1,16615.91552,17195.29472,579.379200000003,16615.91552,17195.29472,579.379200000003,10,5.662231841599743,RankSurprise
microVA_L_7-8+,1,22496.09216,22686.47424,190.3820799999994,22496.09216,22686.47424,190.3820799999994,5,4.059116040589984,RankSurprise
microVA_L_7-8+,1,32214.17984,34171.24864,1957.0687999999973,32214.17984,34171.24864,1957.0687999999973,25,9.175164908798015,RankSurprise
microVA_L_7-8+,1,34894.97088,34906.27584,11.304960000001302,34894.97088,34906.27584,11.304960000001302,3,6.09302077681407,RankSurprise
microVA_L_7-8+,1,35900.0064,35930.15296,30.146560000001045,35900.0064,35930.15296,30.146560000001045,3,4.076662233426248,RankSurprise
microVA_L_7-8+,1,37013.7088,37041.84832,28.139519999996992,37013.7088,37041.84832,28.139519999996992,3,4.235476189823407,RankSurprise
microVA_L_7-8+,1,37635.03104,37714.7392,79.70816000000195,37635.03104,37714.7392,79.70816000000195,4,4.657621101994039,RankSurprise
microVA_L_7-8+,1,38076.29312,38751.47776,675.1846399999995,38076.29312,38751.47776,675.1846399999995,10,4.049885315352922,RankSurprise
microVA_L_7-8+,1,40748.68736,40759.41888,10.731519999993907,40748.68736,40759.41888,10.731519999993907,3,6.161113693238031,RankSurprise
microVA_L_7-8+,1,52113.8176,52136.50944,22.6918399999995,52113.8176,52136.50944,22.6918399999995,3,4.753276443784243,RankSurprise
microVA_L_7-8+,1,54949.96992,54955.33568,5.365759999993315,54949.96992,54955.33568,5.365759999993315,3,7.896614703689128,RankSurprise
microVA_L_7-8+,1,56736.1536,56821.26848,85.114880000001,56736.1536,56821.26848,85.114880000001,4,4.317947912515219,RankSurprise
microVA_L_7-8+,1,59133.29664,59630.05952,496.76288000000204,59133.29664,59630.05952,496.76288000000204,8,4.651890064496343,RankSurprise
microVA_L_7-8+,1,68564.3776,68780.72832,216.35071999998763,68564.3776,68780.72832,216.35071999998763,6,4.795936900591279,RankSurprise
microVA_L_7-8+,1,72827.6992,72893.56288,65.86367999999493,72827.6992,72893.56288,65.86367999999493,4,4.904335778822372,RankSurprise
microVA_L_7-8+,1,75668.80768,75690.1888,21.381120000005467,75668.80768,75690.1888,21.381120000005467,3,4.904460251483021,RankSurprise
microVA_L_7-8+,1,76194.69312,76228.28032,33.587200000009034,76194.69312,76228.28032,33.587200000009034,3,4.132393527142623,RankSurprise
microVA_L_7-8+,1,80350.8224,80512.90112,162.07871999999043,80350.8224,80512.90112,162.07871999999043,5,4.679693607386621,RankSurprise
microVA_L_7-8+,1,80826.85952,80906.97728,80.11776000000827,80826.85952,80906.97728,80.11776000000827,4,4.520454167195329,RankSurprise
microVA_L_7-8+,1,84641.42336,84647.15776,5.734400000001187,84641.42336,84647.15776,5.734400000001187,3,7.357618202956441,RankSurprise
microVA_L_7-8+,1,87385.21088,87668.49024,283.27936000000045,87385.21088,87668.49024,283.27936000000045,9,8.844713881455247,RankSurprise
microVA_L_7-8+,1,92836.98688,93341.77792,504.7910399999964,92836.98688,93341.77792,504.7910399999964,8,3.604849606518566,RankSurprise
microVA_L_7-8+,1,94841.856,94967.11168,125.25568000000203,94841.856,94967.11168,125.25568000000203,5,4.961165881370807,RankSurprise
microVA_L_7-8+,1,112633.11872,112784.13824,151.01952000000165,112633.11872,112784.13824,151.01952000000165,5,4.541304793720311,RankSurprise
microVA_L_7-8+,1,147972.21888,147977.216,4.997119999985443,147972.21888,147977.216,4.997119999985443,3,7.776566661401892,RankSurprise
microVA_L_7-8+,1,171076.07552,171608.71936,532.6438399999752,171076.07552,171608.71936,532.6438399999752,9,5.4733902421062215,RankSurprise
microVA_L_7-8+,1,186140.54912,186172.33408,31.78495999998995,186140.54912,186172.33408,31.78495999998995,3,4.157670387973759,RankSurprise
microVA_L_7-8+,1,189065.46176,189652.54144,587.0796799999953,189065.46176,189652.54144,587.0796799999953,13,9.746451707767863,RankSurprise
microVA_L_7-8+,1,207986.76992,208709.67296,722.9030400000047,207986.76992,208709.67296,722.9030400000047,11,4.472317825716647,RankSurprise
microVA_L_7-8+,1,220400.14848,220440.73984,40.591359999991255,220400.14848,220440.73984,40.591359999991255,3,3.6592845727998125,RankSurprise
microVA_L_7-8+,1,221216.64512,221330.26816,113.62304000000586,221216.64512,221330.26816,113.62304000000586,4,3.5880338089589117,RankSurprise
microVA_L_7-8+,1,222401.65888,222708.61312,306.95423999999184,222401.65888,222708.61312,306.95423999999184,7,4.618229105845721,RankSurprise
microVA_L_7-8+,1,225090.72384,225201.39776,110.67392000000109,225090.72384,225201.39776,110.67392000000109,5,5.466037304291749,RankSurprise
microVA_L_7-8+,1,229988.39296,230033.77664,45.383679999999,229988.39296,230033.77664,45.383679999999,3,3.615165070397085,RankSurprise
microVA_L_7-8+,1,232317.37856,232931.00032,613.62175999998,232317.37856,232931.00032,613.62175999998,10,4.946301325802756,RankSurprise
microVA_L_7-8+,1,238165.52448,238168.22784,2.7033600000140723,238165.52448,238168.22784,2.7033600000140723,3,9.43309934342018,RankSurprise
microVA_L_7-8+,1,244091.0848,244197.45792,106.37311999997473,244091.0848,244197.45792,106.37311999997473,4,3.8143760175915595,RankSurprise
microVA_L_7-8+,1,252896.82944,252915.9168,19.087360000004992,252896.82944,252915.9168,19.087360000004992,3,4.93236783197637,RankSurprise
microVA_L_7-8+,1,254327.07072,254347.63264,20.561920000007376,254327.07072,254347.63264,20.561920000007376,3,4.849786859375248,RankSurprise
microVA_L_7-8+,1,255545.50784,255703.49056,157.98271999999997,255545.50784,255703.49056,157.98271999999997,7,7.751306324697843,RankSurprise
microVA_L_7-8+,1,268663.72608,268867.50208,203.77600000001257,268663.72608,268867.50208,203.77600000001257,5,4.098566895596296,RankSurprise
microVA_L_7-8+,1,269426.11456,269540.59776,114.48319999995874,269426.11456,269540.59776,114.48319999995874,4,3.874578756633948,RankSurprise
microVA_L_7-8+,1,270598.3488,270758.01088,159.66208000003826,270598.3488,270758.01088,159.66208000003826,5,4.4941343993166285,RankSurprise
microVA_L_7-8+,1,309399.71584,309665.1776,265.4617599999765,309399.71584,309665.1776,265.4617599999765,6,4.338652192829797,RankSurprise
microVA_L_7-8+,1,312516.32128,312783.79008,267.4688000000315,312516.32128,312783.79008,267.4688000000315,8,6.617812348529908,RankSurprise
microVA_L_7-8+,1,314804.46976,314820.56704,16.097279999987222,314804.46976,314820.56704,16.097279999987222,3,5.2904666565748055,RankSurprise
microVA_L_7-8+,1,319471.94368,319763.08736,291.1436799999792,319471.94368,319763.08736,291.1436799999792,6,3.599109059584584,RankSurprise
microVA_L_7-8+,1,324309.4016,324524.11392,214.71231999999145,324309.4016,324524.11392,214.71231999999145,6,4.762247813114718,RankSurprise
microVA_L_7-8+,1,329684.04992,331355.79136,1671.7414399999543,329684.04992,331355.79136,1671.7414399999543,20,5.093149630537869,RankSurprise
microVA_L_7-8+,1,336335.33952,337327.75936,992.419840000046,336335.33952,337327.75936,992.419840000046,19,10.57020051838816,RankSurprise
microVA_L_7-8+,1,341094.72768,341437.19424,342.46655999997165,341094.72768,341437.19424,342.46655999997165,9,7.015445574792115,RankSurprise
microVA_L_7-8+,1,345316.84352,345356.32896,39.48544000001857,345316.84352,345356.32896,39.48544000001857,3,3.7247817135985866,RankSurprise
microVA_L_7-8+,1,346388.0704,347158.56896,770.4985599999782,346388.0704,347158.56896,770.4985599999782,13,7.157465480281156,RankSurprise
microVA_L_7-8+,1,348331.6224,348704.19456,372.5721599999815,348331.6224,348704.19456,372.5721599999815,7,3.752137895576708,RankSurprise
microVA_L_7-8+,1,349812.44928,350076.76416,264.3148800000199,349812.44928,350076.76416,264.3148800000199,7,5.438147749020564,RankSurprise
microVA_L_7-8+,1,353913.15968,354288.35328,375.1935999999987,353913.15968,354288.35328,375.1935999999987,7,4.120548982891628,RankSurprise
microVA_L_7-8+,1,355637.0432,356266.43456,629.3913600000087,355637.0432,356266.43456,629.3913600000087,11,5.115023323370244,RankSurprise
microVA_L_7-8+,1,357316.28032,357698.80576,382.5254399999976,357316.28032,357698.80576,382.5254399999976,8,5.4923720099080775,RankSurprise
microVA_L_7-8+,1,360622.57152,360634.1632,11.591680000012275,360622.57152,360634.1632,11.591680000012275,3,5.8417063485331635,RankSurprise
microVA_L_7-8+,1,365427.05664,365460.56192,33.50527999998303,365427.05664,365460.56192,33.50527999998303,3,4.028394320919375,RankSurprise
microVA_L_7-8+,1,369870.35648,370023.8336,153.47711999999592,369870.35648,370023.8336,153.47711999999592,5,4.450604982334458,RankSurprise
microVA_L_7-8+,1,371342.7456,371509.08416,166.33856000000378,371342.7456,371509.08416,166.33856000000378,5,4.152737394393238,RankSurprise
microVA_L_7-8+,1,373980.65152,374010.4704,29.81887999997707,373980.65152,374010.4704,29.81887999997707,3,4.400803117195643,RankSurprise
microVA_L_7-8+,1,378190.35648,379114.61888,924.2624000000069,378190.35648,379114.61888,924.2624000000069,14,5.702923330015443,RankSurprise
microVA_L_7-8+,1,400301.30176,400364.62592,63.32416000001831,400301.30176,400364.62592,63.32416000001831,4,5.0758113254759785,RankSurprise
microVoSTN_L_1-2+,0,15362.37568,15436.63616,74.26048000000083,15362.37568,15436.63616,74.26048000000083,3,4.703838586450328,RankSurprise
microVoSTN_L_1-2+,0,32940.4416,33539.60448,599.1628800000035,32940.4416,33539.60448,599.1628800000035,5,3.7380359078586203,RankSurprise
microVoSTN_L_1-2+,0,71193.84576,71960.08448,766.2387200000085,71193.84576,71960.08448,766.2387200000085,6,4.361863531569834,RankSurprise
microVoSTN_L_1-2+,0,92763.09504,92827.27936,64.1843200000003,92763.09504,92827.27936,64.1843200000003,3,5.046933363832034,RankSurprise
microVoSTN_L_1-2+,0,103569.85856,104941.44512,1371.5865600000106,103569.85856,104941.44512,1371.5865600000106,11,7.233402756668778,RankSurprise
microVoSTN_L_1-2+,0,111197.22496,111491.4816,294.25663999999233,111197.22496,111491.4816,294.25663999999233,4,3.9112622367275236,RankSurprise
microVoSTN_L_1-2+,0,131998.14656,132292.07552,293.9289600000193,131998.14656,132292.07552,293.9289600000193,4,3.800431176469523,RankSurprise
microVoSTN_L_1-2+,0,137689.82528,138526.22848,836.4032000000007,137689.82528,138526.22848,836.4032000000007,7,4.447137729353665,RankSurprise
microVoSTN_L_1-2+,0,165946.7776,166073.9584,127.18080000000191,165946.7776,166073.9584,127.18080000000191,3,3.690069222249525,RankSurprise
microVoSTN_L_1-2+,0,181134.9504,182021.5296,886.5792000000074,181134.9504,182021.5296,886.5792000000074,7,4.524935020804865,RankSurprise
microVoSTN_L_1-2+,0,226131.3536,226224.00512,92.65151999998488,226131.3536,226224.00512,92.65151999998488,3,4.462801339818112,RankSurprise
microVoSTN_L_1-2+,0,241589.90336,242221.34272,631.4393599999894,241589.90336,242221.34272,631.4393599999894,6,4.560630865841501,RankSurprise
microVoSTN_L_1-2+,0,257106.98496,257473.69984,366.714879999985,257106.98496,257473.69984,366.714879999985,4,3.5975996571160493,RankSurprise
microVoSTN_L_1-2+,0,277558.80448,277609.51296,50.70848000003025,277558.80448,277609.51296,50.70848000003025,4,9.238784378455627,RankSurprise
microVoSTN_L_1-2+,0,278683.4432,278768.14848,84.70527999999467,278683.4432,278768.14848,84.70527999999467,3,4.462801339818112,RankSurprise
microVoSTN_L_1-2+,0,280538.03008,282710.09792,2172.0678399999742,280538.03008,282710.09792,2172.0678399999742,11,3.8778989813170064,RankSurprise
microVoSTN_L_1-2+,0,290018.54976,290395.87328,377.32351999997627,290018.54976,290395.87328,377.32351999997627,7,9.460097506085752,RankSurprise
microVoSTN_L_1-2+,0,336905.95328,338753.82272,1847.8694399999804,336905.95328,338753.82272,1847.8694399999804,11,5.112583055779829,RankSurprise
microVoSTN_L_1-2+,0,345223.45472,345290.58816,67.13344000000507,345223.45472,345290.58816,67.13344000000507,3,4.889543846373561,RankSurprise
microVoSTN_L_1-2+,0,354425.28256,355113.5744,688.2918399999617,354425.28256,355113.5744,688.2918399999617,6,4.454048145363239,RankSurprise
microVoSTN_L_1-2+,0,378297.26208,378409.53344,112.27136000001337,378297.26208,378409.53344,112.27136000001337,4,6.596338294198286,RankSurprise
microVoSTN_L_1-2+,0,388310.09792,389726.90432,1416.8064000000013,388310.09792,389726.90432,1416.8064000000013,10,5.501582841507931,RankSurprise
microVoSTN_L_1-2+,0,394366.85312,395043.26656,676.413440000033,394366.85312,395043.26656,676.413440000033,5,3.7015890813847427,RankSurprise
microVoSTN_L_1-2+,0,398030.06976,398541.33248,511.2627199999988,398030.06976,398541.33248,511.2627199999988,5,3.683489451521229,RankSurprise
microVoSTN_L_1-2+,1,16504.66816,16656.54784,151.8796799999982,16504.66816,16656.54784,151.8796799999982,3,4.276726213364201,RankSurprise
microVoSTN_L_1-2+,1,90177.78176,90495.67232,317.8905599999998,90177.78176,90495.67232,317.8905599999998,4,5.064489370298993,RankSurprise
microVoSTN_L_1-2+,1,111133.24544,113059.4304,1926.1849599999987,111133.24544,113059.4304,1926.1849599999987,7,4.195569303604481,RankSurprise
microVoSTN_L_1-2+,1,140092.49792,142549.6064,2457.1084799999953,140092.49792,142549.6064,2457.1084799999953,12,8.534226292201929,RankSurprise
microVoSTN_L_1-2+,1,163964.928,164043.93984,79.01183999999193,163964.928,164043.93984,79.01183999999193,3,5.587128480536867,RankSurprise
microVoSTN_L_1-2+,1,219014.5536,219152.87552,138.32191999998759,219014.5536,219152.87552,138.32191999998759,3,4.4047781402240975,RankSurprise
microVoSTN_L_1-2+,1,245121.6384,248401.5104,3279.872000000003,245121.6384,248401.5104,3279.872000000003,11,5.655863188489536,RankSurprise
microVoSTN_L_1-2+,1,277331.968,277446.12352,114.15552000002936,277331.968,277446.12352,114.15552000002936,3,4.726927215313756,RankSurprise
microVoSTN_L_1-2+,1,298097.13152,298477.568,380.43648000003304,298097.13152,298477.568,380.43648000003304,4,4.367471445785856,RankSurprise
microVoSTN_L_1-2+,1,304007.00416,304174.36672,167.36255999997957,304007.00416,304174.36672,167.36255999997957,3,4.0706505705621385,RankSurprise
microVoSTN_L_1-2+,1,310574.12096,310966.43584,392.3148800000199,310574.12096,310966.43584,392.3148800000199,7,11.60421116413832,RankSurprise
microVoSTN_L_1-2+,1,355097.3952,355416.76032,319.3651199999731,355097.3952,355416.76032,319.3651199999731,5,7.435486973269608,RankSurprise
microVoSTN_L_1-3+,0,703.24224,719.2576,16.015359999999987,703.24224,719.2576,16.015359999999987,3,6.158160972882124,RankSurprise
microVoSTN_L_1-3+,0,14051.49184,14349.68064,298.1887999999999,14051.49184,14349.68064,298.1887999999999,6,5.147973840359157,RankSurprise
microVoSTN_L_1-3+,0,36322.59072,36337.62304,15.032319999998435,36322.59072,36337.62304,15.032319999998435,3,6.315110925670465,RankSurprise
microVoSTN_L_1-3+,0,39520.82944,39726.98112,206.1516799999954,39520.82944,39726.98112,206.1516799999954,5,4.670289865219619,RankSurprise
microVoSTN_L_1-3+,0,40877.42464,40915.968,38.543360000003304,40877.42464,40915.968,38.543360000003304,3,4.551702177157113,RankSurprise
microVoSTN_L_1-3+,0,69635.39968,70191.7184,556.3187199999957,69635.39968,70191.7184,556.3187199999957,7,3.9112267094686914,RankSurprise
microVoSTN_L_1-3+,0,75291.72992,75616.99328,325.2633599999972,75291.72992,75616.99328,325.2633599999972,5,3.5824403471494364,RankSurprise
microVoSTN_L_1-3+,0,79056.77312,79337.02144,280.2483199999988,79056.77312,79337.02144,280.2483199999988,5,3.7299906581612596,RankSurprise
microVoSTN_L_1-3+,0,88661.64736,88737.09568,75.44831999999587,88661.64736,88737.09568,75.44831999999587,4,5.746620727774573,RankSurprise
microVoSTN_L_1-3+,0,112210.69824,112241.21344,30.515200000008917,112210.69824,112241.21344,30.515200000008917,3,5.033519104283032,RankSurprise
microVoSTN_L_1-3+,0,112995.49184,113533.09184,537.5999999999913,112995.49184,113533.09184,537.5999999999913,7,3.871526171071467,RankSurprise
microVoSTN_L_1-3+,0,124647.424,124683.96032,36.53631999999925,124647.424,124683.96032,36.53631999999925,4,7.471714152893949,RankSurprise
microVoSTN_L_1-3+,0,130706.92352,132291.62496,1584.7014399999898,130706.92352,132291.62496,1584.7014399999898,14,3.7738954039882695,RankSurprise
microVoSTN_L_1-3+,0,158534.73792,158593.31072,58.57279999999446,158534.73792,158593.31072,58.57279999999446,3,3.7539565308904894,RankSurprise
microVoSTN_L_1-3+,0,160536.33024,160578.27328,41.94303999998374,160536.33024,160578.27328,41.94303999998374,4,7.13288694722932,RankSurprise
microVoSTN_L_1-3+,0,165691.5968,165724.20096,32.60415999998804,165691.5968,165724.20096,32.60415999998804,3,4.855317017784316,RankSurprise
microVoSTN_L_1-3+,0,177898.2912,178029.9776,131.68640000000596,177898.2912,178029.9776,131.68640000000596,5,6.239032871870279,RankSurprise
microVoSTN_L_1-3+,0,183286.25152,183743.97952,457.7280000000028,183286.25152,183743.97952,457.7280000000028,7,4.30331264278624,RankSurprise
microVoSTN_L_1-3+,0,193650.23744,193696.44032,46.202879999997094,193650.23744,193696.44032,46.202879999997094,3,4.173021416873514,RankSurprise
microVoSTN_L_1-3+,0,197708.14464,197759.87712,51.73247999997693,197708.14464,197759.87712,51.73247999997693,3,4.003275891099625,RankSurprise
microVoSTN_L_1-3+,0,210750.95552,210784.54272,33.587200000009034,210750.95552,210784.54272,33.587200000009034,3,4.842244936216963,RankSurprise
microVoSTN_L_1-3+,0,225255.38304,225301.58592,46.2028800000262,225255.38304,225301.58592,46.2028800000262,3,4.239378587056342,RankSurprise
microVoSTN_L_1-3+,0,250664.5504,250714.9312,50.38079999998445,250664.5504,250714.9312,50.38079999998445,3,3.96930464521642,RankSurprise
microVoSTN_L_1-3+,0,251904.90112,252306.67776,401.7766399999964,251904.90112,252306.67776,401.7766399999964,6,3.770345934563182,RankSurprise
microVoSTN_L_1-3+,0,253573.5296,254215.94624,642.4166399999813,253573.5296,254215.94624,642.4166399999813,8,4.1687667851987715,RankSurprise
microVoSTN_L_1-3+,0,257618.20672,257629.5936,11.386880000005476,257618.20672,257629.5936,11.386880000005476,3,6.515288098605636,RankSurprise
microVoSTN_L_1-3+,0,279909.53984,279968.07168,58.53184000001056,279909.53984,279968.07168,58.53184000001056,3,3.769136924084167,RankSurprise
microVoSTN_L_1-3+,0,282255.60576,282873.856,618.250240000023,282255.60576,282873.856,618.250240000023,9,6.915994062062404,RankSurprise
microVoSTN_L_1-3+,0,286971.98592,287421.27616,449.2902400000021,286971.98592,287421.27616,449.2902400000021,8,6.630114681796801,RankSurprise
microVoSTN_L_1-3+,0,290103.21408,290472.91904,369.70496000000276,290103.21408,290472.91904,369.70496000000276,6,4.237892065785515,RankSurprise
microVoSTN_L_1-3+,0,293884.43648,294027.55072,143.11424000002444,293884.43648,294027.55072,143.11424000002444,5,5.863231481280728,RankSurprise
microVoSTN_L_1-3+,0,300149.3504,300230.73792,81.38751999998931,300149.3504,300230.73792,81.38751999998931,4,5.416807333802083,RankSurprise
microVoSTN_L_1-3+,0,309104.55808,309395.00544,290.447359999991,309104.55808,309395.00544,290.447359999991,6,5.322488478396998,RankSurprise
microVoSTN_L_1-3+,0,326472.21248,327169.76128,697.5487999999896,326472.21248,327169.76128,697.5487999999896,11,7.56237748517685,RankSurprise
microVoSTN_L_1-3+,0,345067.39712,345167.17568,99.77856000000611,345067.39712,345167.17568,99.77856000000611,4,4.815540059622805,RankSurprise
microVoSTN_L_1-3+,0,347870.78144,348107.24352,236.46208000002662,347870.78144,348107.24352,236.46208000002662,5,4.417040327663329,RankSurprise
microVoSTN_L_1-3+,0,349663.06816,349911.73632,248.66816000000108,349663.06816,349911.73632,248.66816000000108,7,7.590294309229719,RankSurprise
microVoSTN_L_1-3+,0,364442.78784,365118.75072,675.9628800000064,364442.78784,365118.75072,675.9628800000064,8,3.6015257248604007,RankSurprise
microVoSTN_L_1-3+,0,366422.2208,366547.43552,125.21471999998903,366422.2208,366547.43552,125.21471999998903,5,6.360471254095252,RankSurprise
microVoSTN_L_1-3+,0,368867.04128,368908.61568,41.57439999998314,368867.04128,368908.61568,41.57439999998314,3,4.45278016945524,RankSurprise
microVoSTN_L_1-3+,0,376811.9296,377387.70432,575.7747200000449,376811.9296,377387.70432,575.7747200000449,11,9.293640595043177,RankSurprise
microVoSTN_L_1-3+,0,384684.31872,385106.08384,421.7651199999964,384684.31872,385106.08384,421.7651199999964,7,5.0176606175914555,RankSurprise
microVoSTN_L_1-3+,0,395994.35776,396513.93536,519.5776000000187,395994.35776,396513.93536,519.5776000000187,9,6.574748304218403,RankSurprise
microVoSTN_L_1-3+,0,404180.7872,404374.44608,193.65888000000268,404180.7872,404374.44608,193.65888000000268,5,5.059382179309949,RankSurprise
microVoSTN_L_1-3+,1,13586.2272,13651.7632,65.53600000000006,13586.2272,13651.7632,65.53600000000006,4,6.1917411914290525,RankSurprise
microVoSTN_L_1-3+,1,31026.13504,31353.93792,327.8028799999993,31026.13504,31353.93792,327.8028799999993,7,6.893344950669643,RankSurprise
microVoSTN_L_1-3+,1,36118.69184,36181.07392,62.38208000000304,36118.69184,36181.07392,62.38208000000304,3,3.867718354203026,RankSurprise
microVoSTN_L_1-3+,1,131695.04256,131765.53472,70.49215999999433,131695.04256,131765.53472,70.49215999999433,3,3.7065565721205296,RankSurprise
microVoSTN_L_1-3+,1,143456.01024,143938.39616,482.3859200000006,143456.01024,143938.39616,482.3859200000006,6,3.5179265163777145,RankSurprise
microVoSTN_L_1-3+,1,145873.01888,145986.68288,113.66400000001886,145873.01888,145986.68288,113.66400000001886,4,4.885777051388185,RankSurprise
microVoSTN_L_1-3+,1,151731.2,151945.09312,213.89311999999336,151731.2,151945.09312,213.89311999999336,4,3.564287986293131,RankSurprise
microVoSTN_L_1-3+,1,158561.52576,158626.24256,64.7168000000238,158561.52576,158626.24256,64.7168000000238,3,3.5815153145595797,RankSurprise
microVoSTN_L_1-3+,1,183521.56672,183766.016,244.44928000000073,183521.56672,183766.016,244.44928000000073,5,4.560337315918819,RankSurprise
microVoSTN_L_1-3+,1,193672.6016,193991.8848,319.2832000000053,193672.6016,193991.8848,319.2832000000053,7,6.622311364781595,RankSurprise
microVoSTN_L_1-3+,1,198664.88832,198739.968,75.07967999999528,198664.88832,198739.968,75.07967999999528,5,8.191994464631964,RankSurprise
microVoSTN_L_1-3+,1,201720.0128,202009.55904,289.54623999999603,201720.0128,202009.55904,289.54623999999603,5,3.9843429477213945,RankSurprise
microVoSTN_L_1-3+,1,209652.08064,210035.99872,383.9180800000031,209652.08064,210035.99872,383.9180800000031,6,4.161231978090042,RankSurprise
microVoSTN_L_1-3+,1,211388.6208,211897.46688,508.84607999998843,211388.6208,211897.46688,508.84607999998843,6,3.758467135474083,RankSurprise
microVoSTN_L_1-3+,1,254728.06912,255700.54144,972.4723200000008,254728.06912,255700.54144,972.4723200000008,11,7.485893239264268,RankSurprise
microVoSTN_L_1-3+,1,258636.51328,258701.88544,65.37215999999898,258636.51328,258701.88544,65.37215999999898,3,3.77658594329308,RankSurprise
microVoSTN_L_1-3+,1,267611.9552,267684.61824,72.6630399999558,267611.9552,267684.61824,72.6630399999558,3,3.5336086416064827,RankSurprise
microVoSTN_L_1-3+,1,277584.2816,278777.40544,1193.1238400000148,277584.2816,278777.40544,1193.1238400000148,11,4.476907678358472,RankSurprise
microVoSTN_L_1-3+,1,292894.14656,293003.91936,109.772799999977,292894.14656,293003.91936,109.772799999977,4,4.7143010375741525,RankSurprise
microVoSTN_L_1-3+,1,295433.58464,295560.43776,126.85311999998521,295433.58464,295560.43776,126.85311999998521,4,4.537778829535011,RankSurprise
microVoSTN_L_1-3+,1,297466.51136,298051.50208,584.9907200000016,297466.51136,298051.50208,584.9907200000016,7,4.017845338059747,RankSurprise
microVoSTN_L_1-3+,1,301037.9776,301147.01312,109.03552000003401,301037.9776,301147.01312,109.03552000003401,5,7.2344968223969985,RankSurprise
microVoSTN_L_1-3+,1,303466.2912,303510.85568,44.56448000000091,303466.2912,303510.85568,44.56448000000091,3,4.485491558977266,RankSurprise
microVoSTN_L_1-3+,1,304081.96096,304161.9968,80.03584000002593,304081.96096,304161.9968,80.03584000002593,5,8.286594818137612,RankSurprise
microVoSTN_L_1-3+,1,306727.36256,307717.65248,990.2899200000102,306727.36256,307717.65248,990.2899200000102,11,6.5713304580424206,RankSurprise
microVoSTN_L_1-3+,1,313758.59712,314030.44864,271.85152000002563,313758.59712,314030.44864,271.85152000002563,7,7.240729862509177,RankSurprise
microVoSTN_L_1-3+,1,314582.79424,316204.31872,1621.5244799999637,314582.79424,316204.31872,1621.5244799999637,13,4.3552347323761955,RankSurprise
microVoSTN_L_1-3+,1,319662.81728,319713.4848,50.66751999995904,319662.81728,319713.4848,50.66751999995904,3,3.992759791892258,RankSurprise
microVoSTN_L_1-3+,1,326167.51104,326208.22528,40.714240000001155,326167.51104,326208.22528,40.714240000001155,3,4.472833162105342,RankSurprise
microVoSTN_L_1-3+,1,328683.64288,328752.5376,68.89471999998204,328683.64288,328752.5376,68.89471999998204,3,3.5336086416064827,RankSurprise
microVoSTN_L_1-3+,1,337423.44192,337474.23232,50.790399999998044,337423.44192,337474.23232,50.790399999998044,3,4.012710206080012,RankSurprise
microVoSTN_L_1-3+,1,349995.8272,350010.28608,14.45887999999104,349995.8272,350010.28608,14.45887999999104,4,11.04536838368837,RankSurprise
microVoSTN_L_1-3+,1,351746.00704,351772.8768,26.86976000003051,351746.00704,351772.8768,26.86976000003051,3,5.176303324745112,RankSurprise
microVoSTN_L_1-3+,1,352984.96512,353592.64768,607.6825599999866,352984.96512,353592.64768,607.6825599999866,7,4.388676846482807,RankSurprise
microVoSTN_L_1-3+,1,365477.80608,366520.89344,1043.087360000005,365477.80608,366520.89344,1043.087360000005,11,6.014833804670105,RankSurprise
microVoSTN_L_1-3+,1,369682.14528,369853.56288,171.41759999998612,369682.14528,369853.56288,171.41759999998612,4,3.5746328446311075,RankSurprise
microVoSTN_L_1-3+,1,376256.1024,376666.56256,410.4601600000169,376256.1024,376666.56256,410.4601600000169,7,5.294710776004393,RankSurprise
microVoSTN_L_1-3+,1,384634.88,384788.15232,153.27231999998912,384634.88,384788.15232,153.27231999998912,4,3.879796558148339,RankSurprise
microVoSTN_L_1-3+,1,391713.3824,394978.38592,3265.0035199999693,391713.3824,394978.38592,3265.0035199999693,20,4.579433454009865,RankSurprise
microVoSTN_L_1-3+,2,6047.1296,7415.808,1368.6783999999998,6047.1296,7415.808,1368.6783999999998,6,4.051347112499427,RankSurprise
microVoSTN_L_1-3+,2,64057.46688,64612.7616,555.294719999998,64057.46688,64612.7616,555.294719999998,4,3.580404712629427,RankSurprise
microVoSTN_L_1-3+,2,127978.61888,131530.30144,3551.6825600000157,127978.61888,131530.30144,3551.6825600000157,10,4.129957284533989,RankSurprise
microVoSTN_L_1-3+,2,232988.71296,233108.56192,119.84896000000299,232988.71296,233108.56192,119.84896000000299,3,4.143547160385527,RankSurprise
microVoSTN_L_1-3+,2,245165.056,247752.41728,2587.361279999983,245165.056,247752.41728,2587.361279999983,8,3.90011440589685,RankSurprise
microVoSTN_L_1-3+,2,255894.9376,257549.9264,1654.988799999992,255894.9376,257549.9264,1654.988799999992,7,4.892802926898626,RankSurprise
microVoSTN_L_1-3+,2,275337.17504,278164.43904,2827.2640000000247,275337.17504,278164.43904,2827.2640000000247,10,5.790119185699524,RankSurprise
microVoSTN_L_1-3+,2,282196.74624,284929.31072,2732.564480000001,282196.74624,284929.31072,2732.564480000001,8,3.5358230310275043,RankSurprise
microVoSTN_L_1-3+,2,322014.4128,322080.60416,66.19135999999708,322014.4128,322080.60416,66.19135999999708,4,7.9421230802629665,RankSurprise
microVoSTN_L_1-3+,2,336692.87936,341364.44928,4671.56991999998,336692.87936,341364.44928,4671.56991999998,13,5.649400138391383,RankSurprise
microVoSTN_L_1-3+,2,373355.19232,373950.01344,594.8211200000369,373355.19232,373950.01344,594.8211200000369,5,5.259524851549699,RankSurprise
microVoSTN_L_1-3+,2,389222.44096,389400.53504,178.09408000000985,389222.44096,389400.53504,178.09408000000985,3,3.8912288419462744,RankSurprise
microVoSTN_L_2-3+,0,2640.2816,2838.15936,197.8777600000003,2640.2816,2838.15936,197.8777600000003,5,4.35785491159589,RankSurprise
microVoSTN_L_2-3+,0,25586.56512,26404.82304,818.25792,25586.56512,26404.82304,818.25792,10,4.818547681916168,RankSurprise
microVoSTN_L_2-3+,0,76109.2096,76219.92448,110.71487999999954,76109.2096,76219.92448,110.71487999999954,4,4.361111086498912,RankSurprise
microVoSTN_L_2-3+,0,85043.93728,85677.21984,633.2825600000069,85043.93728,85677.21984,633.2825600000069,9,5.160724496666418,RankSurprise
microVoSTN_L_2-3+,0,124168.3968,124427.18208,258.7852799999964,124168.3968,124427.18208,258.7852799999964,5,3.5585953250919964,RankSurprise
microVoSTN_L_2-3+,0,125976.12544,126038.8352,62.709759999997914,125976.12544,126038.8352,62.709759999997914,3,3.6307350563641023,RankSurprise
microVoSTN_L_2-3+,0,126990.37696,127012.00384,21.626880000010715,126990.37696,127012.00384,21.626880000010715,3,5.587340494536164,RankSurprise
microVoSTN_L_2-3+,0,183477.73952,183791.73888,313.99935999998706,183477.73952,183791.73888,313.99935999998706,6,4.605155573011805,RankSurprise
microVoSTN_L_2-3+,0,186609.78688,186838.75328,228.9664000000048,186609.78688,186838.75328,228.9664000000048,6,5.612265052283533,RankSurprise
microVoSTN_L_2-3+,0,227878.95296,228547.91168,668.9587199999951,227878.95296,228547.91168,668.9587199999951,9,4.465839579543329,RankSurprise
microVoSTN_L_2-3+,0,231344.61952,231609.46688,264.8473599999852,231344.61952,231609.46688,264.8473599999852,5,3.8794087264838346,RankSurprise
microVoSTN_L_2-3+,0,241052.0576,241448.79616,396.73855999999796,241052.0576,241448.79616,396.73855999999796,9,8.329235651578966,RankSurprise
microVoSTN_L_2-3+,0,243825.90976,243858.8416,32.93184000000474,243825.90976,243858.8416,32.93184000000474,3,4.731035328293489,RankSurprise
microVoSTN_L_2-3+,0,252865.16736,253778.69824,913.5308800000057,252865.16736,253778.69824,913.5308800000057,11,5.637264377793371,RankSurprise
microVoSTN_L_2-3+,0,254178.67264,254230.28224,51.609599999996135,254178.67264,254230.28224,51.609599999996135,4,6.411003695511575,RankSurprise
microVoSTN_L_2-3+,0,255697.59232,255929.7536,232.16128000000026,255697.59232,255929.7536,232.16128000000026,6,5.687204111029594,RankSurprise
microVoSTN_L_2-3+,0,266196.1728,266204.28288,8.110080000013113,266196.1728,266204.28288,8.110080000013113,3,7.541017417314465,RankSurprise
microVoSTN_L_2-3+,0,267680.93184,267804.79488,123.86304000002565,267680.93184,267804.79488,123.86304000002565,4,4.082389460985887,RankSurprise
microVoSTN_L_2-3+,0,275463.00416,275529.40032,66.39616000000387,275463.00416,275529.40032,66.39616000000387,4,5.698738945387063,RankSurprise
microVoSTN_L_2-3+,0,277706.67008,280951.808,3245.1379200000083,277706.67008,280951.808,3245.1379200000083,29,7.884042597064654,RankSurprise
microVoSTN_L_2-3+,0,281977.56928,282016.89088,39.32160000002477,281977.56928,282016.89088,39.32160000002477,3,4.29638909634385,RankSurprise
microVoSTN_L_2-3+,0,283738.80832,283977.64608,238.83775999996578,283738.80832,283977.64608,238.83775999996578,6,5.5670158134282275,RankSurprise
microVoSTN_L_2-3+,0,284507.62752,284929.31072,421.6832000000286,284507.62752,284929.31072,421.6832000000286,7,5.8758385471724655,RankSurprise
microVoSTN_L_2-3+,0,286575.90272,287184.73216,608.8294400000013,286575.90272,287184.73216,608.8294400000013,8,3.949011099607455,RankSurprise
microVoSTN_L_2-3+,0,293938.70848,294093.45536,154.7468800000497,293938.70848,294093.45536,154.7468800000497,4,3.512952061114273,RankSurprise
microVoSTN_L_2-3+,0,295282.40128,297962.65984,2680.2585599999875,295282.40128,297962.65984,2680.2585599999875,25,7.379189975888419,RankSurprise
microVoSTN_L_2-3+,0,299092.29568,300261.74464,1169.4489600000088,299092.29568,300261.74464,1169.4489600000088,13,4.802692305312913,RankSurprise
microVoSTN_L_2-3+,0,305252.7616,305302.1184,49.356799999950454,305252.7616,305302.1184,49.356799999950454,3,3.890419247265241,RankSurprise
microVoSTN_L_2-3+,0,315895.02976,315963.71968,68.68991999997525,315895.02976,315963.71968,68.68991999997525,4,5.599870258624993,RankSurprise
microVoSTN_L_2-3+,0,319247.44192,319306.58816,59.14623999997275,319247.44192,319306.58816,59.14623999997275,3,3.6005229325564745,RankSurprise
microVoSTN_L_2-3+,0,324913.80736,325133.35296,219.5456000000122,324913.80736,325133.35296,219.5456000000122,7,8.024701749923182,RankSurprise
microVoSTN_L_2-3+,0,326754.5088,326789.98016,35.47135999996681,326754.5088,326789.98016,35.47135999996681,4,7.656969737156498,RankSurprise
microVoSTN_L_2-3+,0,336099.57376,336237.85472,138.2809600000037,336099.57376,336237.85472,138.2809600000037,4,3.6739103768257735,RankSurprise
microVoSTN_L_2-3+,0,336693.28896,336846.19264,152.90368000004673,336693.28896,336846.19264,152.90368000004673,4,3.650380817637995,RankSurprise
microVoSTN_L_2-3+,0,349550.91968,350231.51104,680.5913600000204,349550.91968,350231.51104,680.5913600000204,9,4.5027017415806725,RankSurprise
microVoSTN_L_2-3+,0,351670.96832,351987.54816,316.57984000002034,351670.96832,351987.54816,316.57984000002034,7,6.186639483289936,RankSurprise
microVoSTN_L_2-3+,0,354354.91328,355431.58784,1076.674560000014,354354.91328,355431.58784,1076.674560000014,11,3.9728528536817755,RankSurprise
microVoSTN_L_2-3+,0,359810.58048,359902.49472,91.9142400000128,359810.58048,359902.49472,91.9142400000128,4,5.010806303247957,RankSurprise
microVoSTN_L_2-3+,0,364523.23328,366840.66816,2317.4348800000153,364523.23328,366840.66816,2317.4348800000153,20,4.76447719278494,RankSurprise
microVoSTN_L_2-3+,0,367684.4032,367727.45216,43.04895999998553,367684.4032,367727.45216,43.04895999998553,4,6.922884590142193,RankSurprise
microVoSTN_L_2-3+,0,373545.04192,374714.44992,1169.4079999999958,373545.04192,374714.44992,1169.4079999999958,12,3.9896273041075156,RankSurprise
microVoSTN_L_2-3+,0,375351.45984,375922.4832,571.023359999992,375351.45984,375922.4832,571.023359999992,9,6.016808718738629,RankSurprise
microVoSTN_L_2-3+,0,379015.45472,379162.25536,146.8006400000304,379015.45472,379162.25536,146.8006400000304,4,3.558065740441638,RankSurprise
microVoSTN_L_2-3+,0,380173.27104,380236.34944,63.07839999999851,380173.27104,380236.34944,63.07839999999851,4,5.857506891394536,RankSurprise
microVoSTN_L_2-3+,0,381502.2592,381739.29472,237.035520000034,381502.2592,381739.29472,237.035520000034,5,4.092060793020455,RankSurprise
microVoSTN_L_2-3+,0,384119.11168,384823.95136,704.8396800000337,384119.11168,384823.95136,704.8396800000337,9,4.690524554528519,RankSurprise
microVoSTN_L_2-3+,0,396506.39872,396522.98752,16.588800000026822,396506.39872,396522.98752,16.588800000026822,3,5.864846353927492,RankSurprise
microVoSTN_L_2-3+,0,401203.8144,401234.04288,30.228480000048876,401203.8144,401234.04288,30.228480000048876,4,7.953319724131363,RankSurprise
microVoSTN_L_2-3+,0,403891.93728,404093.78816,201.8508799999836,403891.93728,404093.78816,201.8508799999836,6,6.111595788973965,RankSurprise
microVoSTN_L_2-3+,0,406907.57632,407164.3136,256.7372800000012,406907.57632,407164.3136,256.7372800000012,5,3.8760698252183197,RankSurprise
microVoSTN_L_2-3+,3,225.77152,227.69664,1.9251199999999926,225.77152,227.69664,1.9251199999999926,3,10.538536381855018,RankSurprise
microVoSTN_L_2-3+,3,12530.688,12590.61248,59.924479999999676,12530.688,12590.61248,59.924479999999676,3,4.483510353257289,RankSurprise
microVoSTN_L_2-3+,3,37033.45152,37129.17504,95.72351999999955,37033.45152,37129.17504,95.72351999999955,4,6.118703412482947,RankSurprise
microVoSTN_L_2-3+,3,138190.2336,138260.72576,70.49215999999433,138190.2336,138260.72576,70.49215999999433,3,4.096337492905629,RankSurprise
microVoSTN_L_2-3+,3,162443.83744,162929.78688,485.9494399999967,162443.83744,162929.78688,485.9494399999967,6,4.127892657936498,RankSurprise
microVoSTN_L_2-3+,3,173917.67552,174607.89248,690.2169600000198,173917.67552,174607.89248,690.2169600000198,9,6.985897282284773,RankSurprise
microVoSTN_L_2-3+,3,180832.33792,181052.17024,219.8323200000159,180832.33792,181052.17024,219.8323200000159,4,3.790585543167463,RankSurprise
microVoSTN_L_2-3+,3,202284.40064,202372.5056,88.10495999999694,202284.40064,202372.5056,88.10495999999694,3,3.7630479892001336,RankSurprise
microVoSTN_L_2-3+,3,203899.04384,203928.82176,29.777919999993173,203899.04384,203928.82176,29.777919999993173,3,5.553218895743051,RankSurprise
microVoSTN_L_2-3+,3,211327.5904,211660.84096,333.25056000001496,211327.5904,211660.84096,333.25056000001496,5,4.208687631027686,RankSurprise
microVoSTN_L_2-3+,3,224264.76544,224364.50304,99.73760000002221,224264.76544,224364.50304,99.73760000002221,3,3.524974258263212,RankSurprise
microVoSTN_L_2-3+,3,228061.92128,228127.04768,65.12639999997918,228061.92128,228127.04768,65.12639999997918,3,4.333906471816865,RankSurprise
microVoSTN_L_2-3+,3,245119.87712,245785.6,665.7228800000157,245119.87712,245785.6,665.7228800000157,8,5.667604242650822,RankSurprise
microVoSTN_L_2-3+,3,249993.66656,250214.89152,221.22495999999228,249993.66656,250214.89152,221.22495999999228,5,5.625693644694106,RankSurprise
microVoSTN_L_2-3+,3,255757.14816,255807.20128,50.05311999999685,255757.14816,255807.20128,50.05311999999685,3,4.821156298933433,RankSurprise
microVoSTN_L_2-3+,3,260197.376,260221.7472,24.371200000023236,260197.376,260221.7472,24.371200000023236,3,5.8633738240468904,RankSurprise
microVoSTN_L_2-3+,3,267618.54976,267657.33888,38.78911999997217,267618.54976,267657.33888,38.78911999997217,3,5.118001382582731,RankSurprise
microVoSTN_L_2-3+,3,269259.1616,269348.70016,89.53856000001542,269259.1616,269348.70016,89.53856000001542,3,3.718403055836477,RankSurprise
microVoSTN_L_2-3+,3,274395.87328,274465.46432,69.59104000002844,274395.87328,274465.46432,69.59104000002844,3,4.150395232671949,RankSurprise
microVoSTN_L_2-3+,3,276724.77696,277396.23424,671.4572800000315,276724.77696,277396.23424,671.4572800000315,8,5.503405992118162,RankSurprise
microVoSTN_L_2-3+,3,278546.47296,279729.88928,1183.4163200000185,278546.47296,279729.88928,1183.4163200000185,11,6.497669895657315,RankSurprise
microVoSTN_L_2-3+,3,286935.8592,286956.21632,20.357120000000577,286935.8592,286956.21632,20.357120000000577,3,6.392006066462345,RankSurprise
microVoSTN_L_2-3+,3,288861.63456,289017.856,156.2214400000521,288861.63456,289017.856,156.2214400000521,4,4.738147550933043,RankSurprise
microVoSTN_L_2-3+,3,293122.94912,293184.55296,61.603839999996126,293122.94912,293184.55296,61.603839999996126,3,4.470606948421382,RankSurprise
microVoSTN_L_2-3+,3,297436.48768,300015.08352,2578.5958399999654,297436.48768,300015.08352,2578.5958399999654,18,6.513024087020367,RankSurprise
microVoSTN_L_2-3+,3,311252.3776,311339.78624,87.40863999997964,311252.3776,311339.78624,87.40863999997964,3,3.7095924261543214,RankSurprise
microVoSTN_L_2-3+,3,314685.31712,315670.40512,985.0879999999888,314685.31712,315670.40512,985.0879999999888,9,5.074256109214385,RankSurprise
microVoSTN_L_2-3+,3,325864.69376,326788.66944,923.9756800000323,325864.69376,326788.66944,923.9756800000323,9,5.108146002569362,RankSurprise
microVoSTN_L_2-3+,3,328071.168,328683.60192,612.4339199999813,328071.168,328683.60192,612.4339199999813,7,5.1459842230341994,RankSurprise
microVoSTN_L_2-3+,3,333338.05056,334025.07264,687.0220800000243,333338.05056,334025.07264,687.0220800000243,8,5.516563973198981,RankSurprise
microVoSTN_L_2-3+,3,340000.768,340258.28352,257.5155200000154,340000.768,340258.28352,257.5155200000154,5,5.089324657773776,RankSurprise
microVoSTN_L_2-3+,3,341633.55648,341720.4736,86.91711999999825,341633.55648,341720.4736,86.91711999999825,3,3.72725267111346,RankSurprise
microVoSTN_L_2-3+,3,359895.49056,360037.86752,142.37696000002325,359895.49056,360037.86752,142.37696000002325,4,5.015520253725963,RankSurprise
microVoSTN_L_2-3+,3,363331.42016,363470.11072,138.69056000001729,363331.42016,363470.11072,138.69056000001729,4,4.989988047730897,RankSurprise
microVoSTN_L_2-3+,3,373649.8176,373997.93664,348.1190400000196,373649.8176,373997.93664,348.1190400000196,6,5.857222726869743,RankSurprise
microVoSTN_L_2-3+,3,376293.90848,377356.82048,1062.9120000000112,376293.90848,377356.82048,1062.9120000000112,10,5.037829477880263,RankSurprise
microVoSTN_L_2-3+,3,385256.2432,385348.8128,92.56959999998799,385256.2432,385348.8128,92.56959999998799,3,3.6575285036667626,RankSurprise
microVoSTN_L_2-3+,3,401270.12864,401363.39456,93.26591999997618,401270.12864,401363.39456,93.26591999997618,3,3.718403055836477,RankSurprise
microVoSTN_L_2-3+,4,25373.40928,25866.07616,492.6668800000007,25373.40928,25866.07616,492.6668800000007,7,8.365147093348341,RankSurprise
microVoSTN_L_2-3+,4,35327.87712,35471.31904,143.44192000000476,35327.87712,35471.31904,143.44192000000476,3,3.8398050385068903,RankSurprise
microVoSTN_L_2-3+,4,71418.59328,71702.9376,284.3443200000038,71418.59328,71702.9376,284.3443200000038,4,4.365129986186581,RankSurprise
microVoSTN_L_2-3+,4,114346.72128,114742.8864,396.1651200000051,114346.72128,114742.8864,396.1651200000051,4,3.580587376363397,RankSurprise
microVoSTN_L_2-3+,4,177965.71136,178719.82592,754.1145600000164,177965.71136,178719.82592,754.1145600000164,7,5.768135474555133,RankSurprise
microVoSTN_L_2-3+,4,184952.66816,187206.28736,2253.6191999999864,184952.66816,187206.28736,2253.6191999999864,11,4.746544153175735,RankSurprise
microVoSTN_L_2-3+,4,221146.89024,225055.744,3908.853759999998,221146.89024,225055.744,3908.853759999998,15,3.960602944439821,RankSurprise
microVoSTN_L_2-3+,4,250004.64384,250152.01792,147.3740800000087,250004.64384,250152.01792,147.3740800000087,3,3.638916880827942,RankSurprise
microVoSTN_L_2-3+,4,254216.92928,256091.87328,1874.9439999999886,254216.92928,256091.87328,1874.9439999999886,10,5.305816488496746,RankSurprise
microVoSTN_L_2-3+,4,288313.83552,288797.53216,483.6966399999801,288313.83552,288797.53216,483.6966399999801,6,6.463621001135444,RankSurprise
microVoSTN_L_2-3+,4,303321.86624,308252.79488,4930.928639999998,303321.86624,308252.79488,4930.928639999998,18,4.652790861959021,RankSurprise
microVoSTN_L_2-3+,4,312109.6704,312265.23648,155.5660800000187,312109.6704,312265.23648,155.5660800000187,3,3.506854276717169,RankSurprise
microVoSTN_L_2-3+,4,316157.29664,316206.16192,48.86527999996906,316157.29664,316206.16192,48.86527999996906,4,9.260953153662832,RankSurprise
microVoSTN_L_2-3+,4,337888.78848,338530.79552,642.0070399999968,337888.78848,338530.79552,642.0070399999968,5,3.58284537440872,RankSurprise
microVoSTN_L_2-3+,4,340672.7168,343646.4128,2973.6959999999963,340672.7168,343646.4128,2973.6959999999963,12,4.546842945795967,RankSurprise
microVoSTN_L_2-3+,4,362964.992,363996.61056,1031.6185599999735,362964.992,363996.61056,1031.6185599999735,7,4.291975647200699,RankSurprise
microVoSTN_L_2-3+,4,376049.90976,376761.22112,711.3113599999924,376049.90976,376761.22112,711.3113599999924,5,3.688115012803948,RankSurprise
microVoSTN_L_2-3+,4,393399.0912,393497.23136,98.14015999995172,393399.0912,393497.23136,98.14015999995172,3,4.473896919343796,RankSurprise
microVoSTN_L_4-5+,2,28042.8544,28092.04736,49.19296000000031,28042.8544,28092.04736,49.19296000000031,3,4.468946211889888,RankSurprise
microVoSTN_L_4-5+,2,32507.12576,32893.7472,386.621439999999,32507.12576,32893.7472,386.621439999999,7,6.063390534804778,RankSurprise
microVoSTN_L_4-5+,2,68240.384,68873.54368,633.159679999997,68240.384,68873.54368,633.159679999997,8,4.499872638638967,RankSurprise
microVoSTN_L_4-5+,2,75355.05408,75396.17792,41.1238400000002,75355.05408,75396.17792,41.1238400000002,3,4.87470691562539,RankSurprise
microVoSTN_L_4-5+,2,75901.17376,75949.58848,48.41472000000067,75901.17376,75949.58848,48.41472000000067,3,4.549970469381956,RankSurprise
microVoSTN_L_4-5+,2,92111.42144,92141.19936,29.777919999993173,92111.42144,92141.19936,29.777919999993173,3,5.652489744742741,RankSurprise
microVoSTN_L_4-5+,2,101785.84576,101865.75872,79.91296000000148,101785.84576,101865.75872,79.91296000000148,4,6.039869539853999,RankSurprise
microVoSTN_L_4-5+,2,132227.4816,132254.06464,26.58303999999771,132227.4816,132254.06464,26.58303999999771,3,5.6886905693286085,RankSurprise
microVoSTN_L_4-5+,2,139106.7136,139757.19936,650.4857600000105,139106.7136,139757.19936,650.4857600000105,9,5.998242536125524,RankSurprise
microVoSTN_L_4-5+,2,142087.08608,142304.78848,217.70239999998012,142087.08608,142304.78848,217.70239999998012,5,5.15726335243701,RankSurprise
microVoSTN_L_4-5+,2,155182.6944,155219.92704,37.23264000000199,155182.6944,155219.92704,37.23264000000199,3,5.120178453221259,RankSurprise
microVoSTN_L_4-5+,2,173215.25248,173855.66208,640.4096000000136,173215.25248,173855.66208,640.4096000000136,7,3.625436075207512,RankSurprise
microVoSTN_L_4-5+,2,203109.86752,203269.16096,159.29344000000856,203109.86752,203269.16096,159.29344000000856,4,3.918913548376853,RankSurprise
microVoSTN_L_4-5+,2,211095.1424,211743.98976,648.8473599999852,211095.1424,211743.98976,648.8473599999852,7,3.8927172364567006,RankSurprise
microVoSTN_L_4-5+,2,219193.5488,219905.51552,711.9667199999967,219193.5488,219905.51552,711.9667199999967,8,3.8573500099291547,RankSurprise
microVoSTN_L_4-5+,2,225664.4096,225841.47968,177.07007999997586,225664.4096,225841.47968,177.07007999997586,4,3.618444655014237,RankSurprise
microVoSTN_L_4-5+,2,232715.30496,233133.79328,418.488320000004,232715.30496,233133.79328,418.488320000004,6,3.92419987533808,RankSurprise
microVoSTN_L_4-5+,2,248490.72128,248540.52864,49.807360000006156,248490.72128,248540.52864,49.807360000006156,3,4.468946211889888,RankSurprise
microVoSTN_L_4-5+,2,251223.61344,251449.01632,225.40288000000874,251223.61344,251449.01632,225.40288000000874,5,4.862767862166663,RankSurprise
microVoSTN_L_4-5+,2,253928.20224,254682.97216,754.7699199999915,253928.20224,254682.97216,754.7699199999915,9,5.031832755916956,RankSurprise
microVoSTN_L_4-5+,2,258966.65088,259111.89504,145.244160000002,258966.65088,259111.89504,145.244160000002,4,4.278567616289578,RankSurprise
microVoSTN_L_4-5+,2,261656.00256,262154.8544,498.85184000001755,261656.00256,262154.8544,498.85184000001755,7,4.434003437801919,RankSurprise
microVoSTN_L_4-5+,2,266621.17376,266721.0752,99.90144000004511,266621.17376,266721.0752,99.90144000004511,4,5.331677434268077,RankSurprise
microVoSTN_L_4-5+,2,267672.82176,268297.50272,624.6809599999688,267672.82176,268297.50272,624.6809599999688,7,3.575325817085579,RankSurprise
microVoSTN_L_4-5+,2,273857.00352,273866.30144,9.297919999982696,273857.00352,273866.30144,9.297919999982696,3,8.245334231202868,RankSurprise
microVoSTN_L_4-5+,2,274139.7504,274223.88224,84.13183999998728,274139.7504,274223.88224,84.13183999998728,4,5.816217742489631,RankSurprise
microVoSTN_L_4-5+,2,285941.71904,286402.64192,460.92288000002736,285941.71904,286402.64192,460.92288000002736,6,3.684588350177713,RankSurprise
microVoSTN_L_4-5+,2,292338.60608,292366.70464,28.098560000013094,292338.60608,292366.70464,28.098560000013094,3,5.725558755764043,RankSurprise
microVoSTN_L_4-5+,2,293394.26816,295525.1712,2130.9030400000047,293394.26816,295525.1712,2130.9030400000047,16,4.267084967670521,RankSurprise
microVoSTN_L_4-5+,2,296766.79168,297391.14496,624.3532799999812,296766.79168,297391.14496,624.3532799999812,7,4.014815062351915,RankSurprise
microVoSTN_L_4-5+,2,298718.98624,299014.26688,295.2806400000118,298718.98624,299014.26688,295.2806400000118,6,5.419325225403149,RankSurprise
microVoSTN_L_4-5+,2,302116.29056,302294.2208,177.93024000001606,302116.29056,302294.2208,177.93024000001606,4,3.655971252419153,RankSurprise
microVoSTN_L_4-5+,2,306080.44032,306111.32416,30.883840000024065,306080.44032,306111.32416,30.883840000024065,3,5.513903581456594,RankSurprise
microVoSTN_L_4-5+,2,313343.54944,314425.22112,1081.6716800000286,313343.54944,314425.22112,1081.6716800000286,13,7.092524114014375,RankSurprise
microVoSTN_L_4-5+,2,324622.29504,324672.512,50.21695999999065,324622.29504,324672.512,50.21695999999065,3,4.381553153156634,RankSurprise
microVoSTN_L_4-5+,2,332420.58752,332570.05056,149.46304000000237,332420.58752,332570.05056,149.46304000000237,4,4.117724777817713,RankSurprise
microVoSTN_L_4-5+,2,338278.72768,338618.40896,339.6812799999607,338278.72768,338618.40896,339.6812799999607,6,4.84416316241019,RankSurprise
microVoSTN_L_4-5+,2,340319.0272,340556.3904,237.3631999999634,340319.0272,340556.3904,237.3631999999634,5,4.648788939570554,RankSurprise
microVoSTN_L_4-5+,2,344108.11392,344152.6784,44.56448000000091,344108.11392,344152.6784,44.56448000000091,3,4.678015099007547,RankSurprise
microVoSTN_L_4-5+,2,347597.86496,348330.10688,732.2419200000004,347597.86496,348330.10688,732.2419200000004,11,7.895356493207402,RankSurprise
microVoSTN_L_4-5+,2,363225.33376,363562.76224,337.4284800000023,363225.33376,363562.76224,337.4284800000023,6,5.045741090733408,RankSurprise
microVoSTN_L_4-5+,2,364884.13184,365566.7712,682.6393600000301,364884.13184,365566.7712,682.6393600000301,8,4.059514504656299,RankSurprise
microVoSTN_L_4-5+,2,369073.72544,369212.53888,138.81343999999808,369073.72544,369212.53888,138.81343999999808,4,4.415915829669093,RankSurprise
microVoSTN_L_4-5+,2,374091.69408,375249.87904,1158.1849600000423,374091.69408,375249.87904,1158.1849600000423,13,6.7775314829509465,RankSurprise
microVoSTN_L_4-5+,2,383791.14496,383954.00192,162.85696000000462,383791.14496,383954.00192,162.85696000000462,4,3.842044117273833,RankSurprise
microVoSTN_L_4-5+,2,385035.83744,385213.0304,177.19296000001486,385035.83744,385213.0304,177.19296000001486,5,5.594345831364734,RankSurprise
microVoSTN_L_4-5+,2,389780.56192,390433.1776,652.6156799999881,389780.56192,390433.1776,652.6156799999881,9,6.5513382231655495,RankSurprise
microVoSTN_L_4-5+,3,6766.67392,6821.92896,55.25504000000001,6766.67392,6821.92896,55.25504000000001,3,4.847561033404888,RankSurprise
microVoSTN_L_4-5+,3,34278.56384,35732.52096,1453.9571199999991,34278.56384,35732.52096,1453.9571199999991,12,7.29242266013484,RankSurprise
microVoSTN_L_4-5+,3,50163.63008,50225.27488,61.644799999994575,50163.63008,50225.27488,61.644799999994575,3,4.742731546748896,RankSurprise
microVoSTN_L_4-5+,3,67745.46432,67770.24512,24.78080000000773,67745.46432,67770.24512,24.78080000000773,3,6.512568796993799,RankSurprise
microVoSTN_L_4-5+,3,84748.82048,84999.94624,251.1257600000099,84748.82048,84999.94624,251.1257600000099,4,3.7200235353737874,RankSurprise
microVoSTN_L_4-5+,3,103800.13568,104002.80576,202.67007999999623,103800.13568,104002.80576,202.67007999999623,4,4.360748269256586,RankSurprise
microVoSTN_L_4-5+,3,108318.26944,108423.61856,105.34911999999895,108318.26944,108423.61856,105.34911999999895,3,3.724475888218052,RankSurprise
microVoSTN_L_4-5+,3,141493.37088,143537.152,2043.7811199999996,141493.37088,143537.152,2043.7811199999996,11,3.558010583967495,RankSurprise
microVoSTN_L_4-5+,3,156196.74112,156324.78208,128.040960000013,156196.74112,156324.78208,128.040960000013,4,5.686256462616175,RankSurprise
microVoSTN_L_4-5+,3,192847.99488,194967.10144,2119.1065599999856,192847.99488,194967.10144,2119.1065599999856,12,4.398873614858636,RankSurprise
microVoSTN_L_4-5+,3,195905.7408,196233.4208,327.679999999993,195905.7408,196233.4208,327.679999999993,7,8.782253074832362,RankSurprise
microVoSTN_L_4-5+,3,223126.69184,223312.15872,185.46687999999267,223126.69184,223312.15872,185.46687999999267,4,4.72304117264164,RankSurprise
microVoSTN_L_4-5+,3,225756.52864,227337.25696,1580.7283199999947,225756.52864,227337.25696,1580.7283199999947,10,4.206195920655312,RankSurprise
microVoSTN_L_4-5+,3,233023.2832,233117.61408,94.33087999999407,233023.2832,233117.61408,94.33087999999407,3,3.9064207498794765,RankSurprise
microVoSTN_L_4-5+,3,238327.6032,238379.99104,52.387839999981225,238327.6032,238379.99104,52.387839999981225,3,5.015888304498411,RankSurprise
microVoSTN_L_4-5+,3,252048.13824,252520.0384,471.90015999999014,252048.13824,252520.0384,471.90015999999014,5,3.5523381222506245,RankSurprise
microVoSTN_L_4-5+,3,274943.7952,275890.91328,947.1180799999856,274943.7952,275890.91328,947.1180799999856,8,5.174862356838507,RankSurprise
microVoSTN_L_4-5+,3,277435.67872,277948.25216,512.5734399999492,277435.67872,277948.25216,512.5734399999492,6,5.082552627163906,RankSurprise
microVoSTN_L_4-5+,3,289035.18208,289216.67584,181.493759999983,289035.18208,289216.67584,181.493759999983,4,4.759077858652535,RankSurprise
microVoSTN_L_4-5+,3,295208.91904,295304.84736,95.92832000000635,295208.91904,295304.84736,95.92832000000635,3,3.9289563784003363,RankSurprise
microVoSTN_L_4-5+,3,321319.97696,321609.89184,289.91487999999663,321319.97696,321609.89184,289.91487999999663,5,5.512615888837789,RankSurprise
microVoSTN_L_4-5+,3,327180.16512,327372.84096,192.6758399999817,327180.16512,327372.84096,192.6758399999817,4,4.5660277117414445,RankSurprise
microVoSTN_L_4-5+,3,329210.30656,329223.70048,13.393920000002254,329210.30656,329223.70048,13.393920000002254,3,8.140025214930578,RankSurprise
microVoSTN_L_4-5+,3,336338.37056,339062.90688,2724.536320000014,336338.37056,339062.90688,2724.536320000014,16,5.205917770180504,RankSurprise
microVoSTN_L_4-5+,3,347148.12416,347163.19744,15.073280000011437,347148.12416,347163.19744,15.073280000011437,3,7.798617743122634,RankSurprise
microVoSTN_L_4-5+,3,375369.19552,375468.40064,99.20511999999871,375369.19552,375468.40064,99.20511999999871,3,3.8730863876696944,RankSurprise
microVoSTN_L_4-5+,3,392157.42976,392248.27904,90.8492799999658,392157.42976,392248.27904,90.8492799999658,3,4.009892954038982,RankSurprise
microVoSTN_L_4-5+,4,4135.1168,5755.98592,1620.8691200000003,4135.1168,5755.98592,1620.8691200000003,9,5.219100827960355,RankSurprise
microVoSTN_L_4-5+,4,11794.75968,12419.31776,624.5580800000007,11794.75968,12419.31776,624.5580800000007,6,5.262382091474468,RankSurprise
microVoSTN_L_4-5+,4,31584.13312,36467.712,4883.578880000001,31584.13312,36467.712,4883.578880000001,17,4.234758661930321,RankSurprise
microVoSTN_L_4-5+,4,40834.82624,40908.47232,73.64607999999862,40834.82624,40908.47232,73.64607999999862,3,4.747471835534032,RankSurprise
microVoSTN_L_4-5+,4,46581.22752,46740.35712,159.1296000000002,46581.22752,46740.35712,159.1296000000002,4,5.53752500005773,RankSurprise
microVoSTN_L_4-5+,4,55582.06464,55982.03904,399.9744000000064,55582.06464,55982.03904,399.9744000000064,4,3.8812963907919418,RankSurprise
microVoSTN_L_4-5+,4,65763.20512,65928.76544,165.56032000000414,65763.20512,65928.76544,165.56032000000414,4,5.55512076194811,RankSurprise
microVoSTN_L_4-5+,4,68480.86016,69100.38016,619.5200000000041,68480.86016,69100.38016,619.5200000000041,5,4.262236946619623,RankSurprise
microVoSTN_L_4-5+,4,76665.6512,76911.37024,245.71904000001086,76665.6512,76911.37024,245.71904000001086,4,4.687650824715977,RankSurprise
microVoSTN_L_4-5+,4,82940.3136,83247.5136,307.20000000001164,82940.3136,83247.5136,307.20000000001164,4,3.9528505921596597,RankSurprise
microVoSTN_L_4-5+,4,91771.33056,91857.01888,85.68832000000111,91771.33056,91857.01888,85.68832000000111,3,4.648068659629793,RankSurprise
microVoSTN_L_4-5+,4,103572.56192,103588.2496,15.687680000002729,103572.56192,103588.2496,15.687680000002729,3,7.4333738034132315,RankSurprise
microVoSTN_L_4-5+,4,131650.27328,131939.28704,289.01376000000164,131650.27328,131939.28704,289.01376000000164,4,4.16722931094419,RankSurprise
microVoSTN_L_4-5+,4,169428.91008,172234.50624,2805.5961599999864,169428.91008,172234.50624,2805.5961599999864,12,3.897550868025257,RankSurprise
microVoSTN_L_4-5+,4,194833.6128,194954.73152,121.11871999999858,194833.6128,194954.73152,121.11871999999858,3,3.90701327879707,RankSurprise
microVoSTN_L_4-5+,4,238632.63232,238739.74272,107.11040000000503,238632.63232,238739.74272,107.11040000000503,3,3.9578643887865255,RankSurprise
microVoSTN_L_4-5+,4,246272.04096,246378.57792,106.53695999999763,246272.04096,246378.57792,106.53695999999763,3,4.137360586116673,RankSurprise
microVoSTN_L_4-5+,4,289264.92672,289465.09824,200.17152000003261,289264.92672,289465.09824,200.17152000003261,5,7.398549204888269,RankSurprise
microVoSTN_L_4-5+,4,296557.44512,296685.40416,127.959039999987,296557.44512,296685.40416,127.959039999987,3,3.7774111643124364,RankSurprise
microVoSTN_L_4-5+,4,304549.60128,304891.57632,341.97503999999026,304549.60128,304891.57632,341.97503999999026,5,5.634627990919938,RankSurprise
microVoSTN_L_4-5+,4,313764.37248,314099.42528,335.05280000000494,313764.37248,314099.42528,335.05280000000494,6,7.698027719033032,RankSurprise
microVoSTN_L_4-5+,4,315945.5744,316109.2096,163.6352000000188,315945.5744,316109.2096,163.6352000000188,3,3.540970584854737,RankSurprise
microVoSTN_L_4-5+,4,336966.32832,337276.84608,310.517760000017,336966.32832,337276.84608,310.517760000017,4,3.8511451576283413,RankSurprise
microVoSTN_L_4-5+,4,369865.5232,371856.95744,1991.4342400000314,369865.5232,371856.95744,1991.4342400000314,9,4.234634450066895,RankSurprise
microVoSTN_L_4-5+,4,374093.49632,375028.9408,935.4444800000056,374093.49632,375028.9408,935.4444800000056,6,3.9979429171206466,RankSurprise
microVoSTN_L_4-6+,0,29.94176,1440.23552,1410.29376,29.94176,1440.23552,1410.29376,12,4.445323635314423,RankSurprise
microVoSTN_L_4-6+,0,7096.32,7481.58976,385.26976000000013,7096.32,7481.58976,385.26976000000013,6,4.902639146105734,RankSurprise
microVoSTN_L_4-6+,0,11892.69504,12166.88128,274.1862399999991,11892.69504,12166.88128,274.1862399999991,6,6.095526235911478,RankSurprise
microVoSTN_L_4-6+,0,31573.36064,32070.57408,497.21343999999954,31573.36064,32070.57408,497.21343999999954,6,3.6449827689144736,RankSurprise
microVoSTN_L_4-6+,0,35795.5584,36407.33696,611.7785599999988,35795.5584,36407.33696,611.7785599999988,7,3.7213753694118137,RankSurprise
microVoSTN_L_4-6+,0,75772.96896,75927.9616,154.99263999999675,75772.96896,75927.9616,154.99263999999675,4,4.191223455433381,RankSurprise
microVoSTN_L_4-6+,0,100551.18848,100614.30784,63.11935999999696,100551.18848,100614.30784,63.11935999999696,3,3.9780290271978522,RankSurprise
microVoSTN_L_4-6+,0,110115.06176,110177.73056,62.668799999999464,110115.06176,110177.73056,62.668799999999464,3,4.048990256285256,RankSurprise
microVoSTN_L_4-6+,0,110772.92032,110858.4448,85.52447999999276,110772.92032,110858.4448,85.52447999999276,4,5.875711924378063,RankSurprise
microVoSTN_L_4-6+,0,124624.19968,125878.96832,1254.7686399999948,124624.19968,125878.96832,1254.7686399999948,13,6.513927303249001,RankSurprise
microVoSTN_L_4-6+,0,128054.84544,128064.47104,9.625599999999395,128054.84544,128064.47104,9.625599999999395,3,7.601326267304678,RankSurprise
microVoSTN_L_4-6+,0,128972.26752,129819.8528,847.5852799999993,128972.26752,129819.8528,847.5852799999993,10,5.768987178274553,RankSurprise
microVoSTN_L_4-6+,0,135138.304,135316.97152,178.66751999998814,135138.304,135316.97152,178.66751999998814,4,3.7962622671655026,RankSurprise
microVoSTN_L_4-6+,0,147805.67552,148152.9344,347.2588800000085,147805.67552,148152.9344,347.2588800000085,5,3.591636220129743,RankSurprise
microVoSTN_L_4-6+,0,151470.8992,151491.01056,20.111359999980778,151470.8992,151491.01056,20.111359999980778,3,6.201608885852647,RankSurprise
microVoSTN_L_4-6+,0,159769.35424,159903.78496,134.43072000000393,159769.35424,159903.78496,134.43072000000393,4,4.530535058746665,RankSurprise
microVoSTN_L_4-6+,0,160380.7232,160681.7792,301.0559999999823,160380.7232,160681.7792,301.0559999999823,6,5.561061343645932,RankSurprise
microVoSTN_L_4-6+,0,163203.93216,163311.28832,107.35615999999573,163203.93216,163311.28832,107.35615999999573,4,5.198392971447358,RankSurprise
microVoSTN_L_4-6+,0,168645.26336,168771.25632,125.99295999997412,168645.26336,168771.25632,125.99295999997412,4,4.8076559147094855,RankSurprise
microVoSTN_L_4-6+,0,184146.82112,184324.34176,177.52064000000246,184146.82112,184324.34176,177.52064000000246,5,5.827767013791139,RankSurprise
microVoSTN_L_4-6+,0,194042.63424,194100.30592,57.67167999999947,194042.63424,194100.30592,57.67167999999947,3,4.189235377620337,RankSurprise
microVoSTN_L_4-6+,0,197053.39904,197548.31872,494.9196800000209,197053.39904,197548.31872,494.9196800000209,6,3.5690386140186012,RankSurprise
microVoSTN_L_4-6+,0,224856.76032,225020.76416,164.0038399999903,224856.76032,225020.76416,164.0038399999903,7,10.917891739648098,RankSurprise
microVoSTN_L_4-6+,0,266251.34592,266280.38656,29.040640000021085,266251.34592,266280.38656,29.040640000021085,3,5.513562411101315,RankSurprise
microVoSTN_L_4-6+,0,267527.86432,267573.49376,45.6294399999897,267527.86432,267573.49376,45.6294399999897,3,4.70575232222123,RankSurprise
microVoSTN_L_4-6+,0,276535.41888,276583.66976,48.25088000000687,276535.41888,276583.66976,48.25088000000687,3,4.572368346122365,RankSurprise
microVoSTN_L_4-6+,0,277098.7008,277614.34624,515.645439999993,277098.7008,277614.34624,515.645439999993,7,4.5490155476614484,RankSurprise
microVoSTN_L_4-6+,0,283126.62016,283459.82976,333.20960000000196,283126.62016,283459.82976,333.20960000000196,8,8.951020658274686,RankSurprise
microVoSTN_L_4-6+,0,285089.46432,286084.42368,994.9593599999789,285089.46432,286084.42368,994.9593599999789,9,4.240506708023287,RankSurprise
microVoSTN_L_4-6+,0,287406.40768,287656.71424,250.30655999999726,287406.40768,287656.71424,250.30655999999726,6,6.3597817648311405,RankSurprise
microVoSTN_L_4-6+,0,292219.12576,292421.2224,202.0966400000034,292219.12576,292421.2224,202.0966400000034,4,3.572880831864527,RankSurprise
microVoSTN_L_4-6+,0,299186.09408,300087.99232,901.8982400000095,299186.09408,300087.99232,901.8982400000095,14,11.45030316152759,RankSurprise
microVoSTN_L_4-6+,0,306128.52736,306622.42304,493.895680000016,306128.52736,306622.42304,493.895680000016,6,3.5526990377157066,RankSurprise
microVoSTN_L_4-6+,0,322917.45792,323359.00672,441.54879999998957,322917.45792,323359.00672,441.54879999998957,6,4.271288220959291,RankSurprise
microVoSTN_L_4-6+,0,333991.07584,334028.22656,37.15071999997599,333991.07584,334028.22656,37.15071999997599,3,5.169361346265218,RankSurprise
microVoSTN_L_4-6+,0,341732.10624,341825.37216,93.26592000003438,341732.10624,341825.37216,93.26592000003438,4,5.684563186556343,RankSurprise
microVoSTN_L_4-6+,0,346959.62624,347945.24672,985.6204799999832,346959.62624,347945.24672,985.6204799999832,9,4.457137364042337,RankSurprise
microVoSTN_L_4-6+,0,367254.528,367481.07776,226.54976000002353,367254.528,367481.07776,226.54976000002353,6,7.032392098666392,RankSurprise
microVoSTN_L_4-6+,0,376312.38144,377267.97824,955.5967999999993,376312.38144,377267.97824,955.5967999999993,13,9.433654497687844,RankSurprise
microVoSTN_L_4-6+,0,395414.69184,395700.79744,286.1056000000099,395414.69184,395700.79744,286.1056000000099,5,4.1830735826221925,RankSurprise
microVoSTN_L_4-6+,0,398067.0976,398219.01824,151.92064000002574,398067.0976,398219.01824,151.92064000002574,4,4.28265932565159,RankSurprise
microVoSTN_L_4-6+,0,403220.76672,404399.84128,1179.074559999979,403220.76672,404399.84128,1179.074559999979,10,3.743199317983346,RankSurprise
microVoSTN_L_4-6+,1,1.8432,1116.69248,1114.84928,1.8432,1116.69248,1114.84928,13,9.878154830960728,RankSurprise
microVoSTN_L_4-6+,1,6509.44512,6716.416,206.97087999999985,6509.44512,6716.416,206.97087999999985,5,6.028235723427407,RankSurprise
microVoSTN_L_4-6+,1,15155.07712,15606.70208,451.6249599999992,15155.07712,15606.70208,451.6249599999992,6,4.829693414442183,RankSurprise
microVoSTN_L_4-6+,1,25341.09184,26008.7808,667.6889599999995,25341.09184,26008.7808,667.6889599999995,7,4.526570101025929,RankSurprise
microVoSTN_L_4-6+,1,31874.78528,32039.1168,164.33151999999973,31874.78528,32039.1168,164.33151999999973,4,4.624639374383861,RankSurprise
microVoSTN_L_4-6+,1,84820.86912,85077.36064,256.49151999999594,84820.86912,85077.36064,256.49151999999594,5,5.296497674148945,RankSurprise
microVoSTN_L_4-6+,1,107803.32032,108202.10688,398.78656000000774,107803.32032,108202.10688,398.78656000000774,6,5.372665933288623,RankSurprise
microVoSTN_L_4-6+,1,110871.67488,111122.30912,250.6342399999994,110871.67488,111122.30912,250.6342399999994,4,3.586257610659647,RankSurprise
microVoSTN_L_4-6+,1,112160.19456,112856.02304,695.8284799999965,112160.19456,112856.02304,695.8284799999965,12,12.976468158205343,RankSurprise
microVoSTN_L_4-6+,1,122790.7072,122909.77792,119.0707199999888,122790.7072,122909.77792,119.0707199999888,4,5.600915312661023,RankSurprise
microVoSTN_L_4-6+,1,125205.21728,128705.04448,3499.8271999999997,125205.21728,128705.04448,3499.8271999999997,27,11.87617451139351,RankSurprise
microVoSTN_L_4-6+,1,129466.53184,129980.29312,513.7612800000061,129466.53184,129980.29312,513.7612800000061,9,9.34949958122556,RankSurprise
microVoSTN_L_4-6+,1,178530.18112,178730.47552,200.2944000000134,178530.18112,178730.47552,200.2944000000134,4,4.045438034770928,RankSurprise
microVoSTN_L_4-6+,1,184503.45984,184551.424,47.964160000003176,184503.45984,184551.424,47.964160000003176,3,5.024989381825254,RankSurprise
microVoSTN_L_4-6+,1,187926.28224,189094.0928,1167.8105600000126,187926.28224,189094.0928,1167.8105600000126,11,6.380501269765788,RankSurprise
microVoSTN_L_4-6+,1,193582.44864,193720.56576,138.1171200000099,193582.44864,193720.56576,138.1171200000099,4,5.182740076617513,RankSurprise
microVoSTN_L_4-6+,1,198861.94688,199126.75328,264.8064000000013,198861.94688,199126.75328,264.8064000000013,5,5.199815740067617,RankSurprise
microVoSTN_L_4-6+,1,272536.08448,272625.8688,89.78431999997701,272536.08448,272625.8688,89.78431999997701,3,3.8308675711813223,RankSurprise
microVoSTN_L_4-6+,1,273687.9616,273823.00672,135.04512000002433,273687.9616,273823.00672,135.04512000002433,4,5.343085139072059,RankSurprise
microVoSTN_L_4-6+,1,283093.4016,283665.408,572.006400000013,283093.4016,283665.408,572.006400000013,6,3.746727775608384,RankSurprise
microVoSTN_L_4-6+,1,291309.64992,294945.50528,3635.855359999987,291309.64992,294945.50528,3635.855359999987,20,5.668031635528406,RankSurprise
microVoSTN_L_4-6+,1,306390.8352,307097.55904,706.7238400000497,306390.8352,307097.55904,706.7238400000497,7,3.960185074558596,RankSurprise
microVoSTN_L_4-6+,1,351467.27424,351654.7072,187.43296000000555,351467.27424,351654.7072,187.43296000000555,4,4.242618965464555,RankSurprise
microVoSTN_L_4-6+,1,376480.5632,377466.4704,985.907200000016,376480.5632,377466.4704,985.907200000016,13,10.652415053475844,RankSurprise
microVoSTN_L_4-6+,1,392574.81216,392698.71616,123.90400000003865,392574.81216,392698.71616,123.90400000003865,4,5.652641372729356,RankSurprise
microVoSTN_L_4-6+,1,393551.95392,396546.49856,2994.5446399999782,393551.95392,396546.49856,2994.5446399999782,19,6.186393588933206,RankSurprise
microVoSTN_L_4-6+,1,403067.86304,403165.14304,97.27999999996973,403067.86304,403165.14304,97.27999999996973,3,3.6650254870040406,RankSurprise
microVoSTN_L_4-6+,2,840.9088,1203.32288,362.4140799999999,840.9088,1203.32288,362.4140799999999,6,5.983790706462038,RankSurprise
microVoSTN_L_4-6+,2,17984.55296,18048.2048,63.65183999999863,17984.55296,18048.2048,63.65183999999863,3,4.524072210469047,RankSurprise
microVoSTN_L_4-6+,2,20048.896,20222.11584,173.21983999999793,20048.896,20222.11584,173.21983999999793,4,4.592979516798078,RankSurprise
microVoSTN_L_4-6+,2,27171.88096,28088.60672,916.7257600000012,27171.88096,28088.60672,916.7257600000012,7,3.6105394483571143,RankSurprise
microVoSTN_L_4-6+,2,32356.18816,33542.26688,1186.0787200000013,32356.18816,33542.26688,1186.0787200000013,9,4.284105550048707,RankSurprise
microVoSTN_L_4-6+,2,39561.37984,39623.10656,61.72671999999875,39561.37984,39623.10656,61.72671999999875,3,4.509887575477091,RankSurprise
microVoSTN_L_4-6+,2,64036.12672,64075.61216,39.48543999999674,64036.12672,64075.61216,39.48543999999674,3,5.317302849585975,RankSurprise
microVoSTN_L_4-6+,2,107876.92544,107885.69088,8.765439999988303,107876.92544,107885.69088,8.765439999988303,3,7.714974183294841,RankSurprise
microVoSTN_L_4-6+,2,123979.85792,127925.20704,3945.349119999999,123979.85792,127925.20704,3945.349119999999,27,11.155357782538223,RankSurprise
microVoSTN_L_4-6+,2,148423.35232,148642.11968,218.767359999998,148423.35232,148642.11968,218.767359999998,4,4.140829014039607,RankSurprise
microVoSTN_L_4-6+,2,176972.8,177146.22464,173.424640000012,176972.8,177146.22464,173.424640000012,4,4.633248771286684,RankSurprise
microVoSTN_L_4-6+,2,186530.73408,188604.33408,2073.600000000006,186530.73408,188604.33408,2073.600000000006,13,4.175825892581368,RankSurprise
microVoSTN_L_4-6+,2,203583.36512,204349.6448,766.2796800000069,203583.36512,204349.6448,766.2796800000069,7,4.070895649810912,RankSurprise
microVoSTN_L_4-6+,2,227042.0992,227770.49088,728.3916800000006,227042.0992,227770.49088,728.3916800000006,7,4.37585991581361,RankSurprise
microVoSTN_L_4-6+,2,246047.49824,246141.37856,93.88032000002568,246047.49824,246141.37856,93.88032000002568,3,3.6778604803070056,RankSurprise
microVoSTN_L_4-6+,2,249387.54048,249442.14016,54.599680000013905,249387.54048,249442.14016,54.599680000013905,3,4.847859287562944,RankSurprise
microVoSTN_L_4-6+,2,256144.05632,256317.89056,173.8342399999965,256144.05632,256317.89056,173.8342399999965,5,6.854781074604958,RankSurprise
microVoSTN_L_4-6+,2,259319.02976,260724.89984,1405.8700799999933,259319.02976,260724.89984,1405.8700799999933,10,4.169582102663767,RankSurprise
microVoSTN_L_4-6+,2,266918.99392,267773.1328,854.1388800000423,266918.99392,267773.1328,854.1388800000423,8,5.33097097574995,RankSurprise
microVoSTN_L_4-6+,2,287477.67808,287625.58464,147.9065600000322,287477.67808,287625.58464,147.9065600000322,4,5.013067748979218,RankSurprise
microVoSTN_L_4-6+,2,288607.47776,288797.53216,190.05440000002272,288607.47776,288797.53216,190.05440000002272,4,4.339954967683358,RankSurprise
microVoSTN_L_4-6+,2,289814.77376,289843.73248,28.958719999995083,289814.77376,289843.73248,28.958719999995083,3,5.8751285273991485,RankSurprise
microVoSTN_L_4-6+,2,293986.22208,294011.904,25.68192000000272,293986.22208,294011.904,25.68192000000272,3,6.144205412019895,RankSurprise
microVoSTN_L_4-6+,2,295993.01632,296015.01184,21.99551999999676,295993.01632,296015.01184,21.99551999999676,3,6.34607156488682,RankSurprise
microVoSTN_L_4-6+,2,327620.4032,327698.80064,78.39743999997154,327620.4032,327698.80064,78.39743999997154,3,4.045305167323679,RankSurprise
microVoSTN_L_4-6+,2,344891.8016,345447.58784,555.7862399999867,344891.8016,345447.58784,555.7862399999867,6,4.107573135468283,RankSurprise
microVoSTN_L_4-6+,2,346555.02336,347170.77504,615.7516799999867,346555.02336,347170.77504,615.7516799999867,6,4.121300596633817,RankSurprise
microVoSTN_L_4-6+,2,371590.92224,371828.03968,237.1174400000018,371590.92224,371828.03968,237.1174400000018,4,3.8775013344185147,RankSurprise
microVoSTN_L_4-6+,2,377066.2912,377384.67328,318.3820800000103,377066.2912,377384.67328,318.3820800000103,8,10.563464657544316,RankSurprise
microVoSTN_L_4-6+,2,396219.26912,396358.94272,139.67359999998007,396219.26912,396358.94272,139.67359999998007,4,5.203005857425925,RankSurprise
microVoSTN_L_4-6+,2,399393.66912,399417.38496,23.715840000018943,399393.66912,399417.38496,23.715840000018943,3,6.112456713705315,RankSurprise
microVoSTN_L_4-6+,3,6386.31936,6958.81728,572.4979199999998,6386.31936,6958.81728,572.4979199999998,5,5.034264889167083,RankSurprise
microVoSTN_L_4-6+,3,29334.81472,30270.0544,935.2396800000024,29334.81472,30270.0544,935.2396800000024,5,3.885350565817234,RankSurprise
microVoSTN_L_4-6+,3,110572.9536,111704.43264,1131.4790400000056,110572.9536,111704.43264,1131.4790400000056,6,4.741750777539904,RankSurprise
microVoSTN_L_4-6+,3,124279.07072,129199.34976,4920.279039999994,124279.07072,129199.34976,4920.279039999994,13,3.7447812087632095,RankSurprise
microVoSTN_L_4-6+,3,138224.8448,138269.40928,44.56448000000091,138224.8448,138269.40928,44.56448000000091,3,6.075346031088684,RankSurprise
microVoSTN_L_4-6+,3,141031.50592,141193.87136,162.36543999999412,141031.50592,141193.87136,162.36543999999412,3,4.143324994194039,RankSurprise
microVoSTN_L_4-6+,3,176760.09472,177183.82592,423.73120000000927,176760.09472,177183.82592,423.73120000000927,4,4.122870463162501,RankSurprise
microVoSTN_L_4-6+,3,198613.72928,199126.2208,512.4915200000105,198613.72928,199126.2208,512.4915200000105,4,3.551001459506214,RankSurprise
microVoSTN_L_4-6+,3,212358.22592,212531.48672,173.2607999999891,212358.22592,212531.48672,173.2607999999891,3,3.789451172535017,RankSurprise
microVoSTN_L_4-6+,3,278091.1616,278209.24928,118.08767999999691,278091.1616,278209.24928,118.08767999999691,3,4.57357013130069,RankSurprise
microVoSTN_L_4-6+,3,283073.00352,288941.17888,5868.175359999994,283073.00352,288941.17888,5868.175359999994,16,4.370585723459242,RankSurprise
microVoSTN_L_4-6+,3,292231.82336,293760.32768,1528.5043200000073,292231.82336,293760.32768,1528.5043200000073,9,7.648681683905889,RankSurprise
microVoSTN_L_4-6+,3,297317.1712,299854.52032,2537.349120000028,297317.1712,299854.52032,2537.349120000028,13,9.494789429667767,RankSurprise
microVoSTN_L_4-6+,3,303121.44896,304970.752,1849.3030399999698,303121.44896,304970.752,1849.3030399999698,10,7.337375308626325,RankSurprise
microVoSTN_L_4-6+,3,365777.34656,366198.74304,421.3964799999958,365777.34656,366198.74304,421.3964799999958,4,4.168212143831067,RankSurprise
microVoSTN_L_4-6+,3,391805.17376,391985.02912,179.85536000004504,391805.17376,391985.02912,179.85536000004504,3,3.855393202674909,RankSurprise
microVoSTN_L_5-6+,0,6525.50144,7278.34624,752.8447999999999,6525.50144,7278.34624,752.8447999999999,8,4.696223203154169,RankSurprise
microVoSTN_L_5-6+,0,29990.78912,32575.20128,2584.41216,29990.78912,32575.20128,2584.41216,21,8.25095329413564,RankSurprise
microVoSTN_L_5-6+,0,33922.90816,33987.29728,64.38911999999982,33922.90816,33987.29728,64.38911999999982,3,4.0429035514449065,RankSurprise
microVoSTN_L_5-6+,0,34608.90624,35505.7664,896.8601600000038,34608.90624,35505.7664,896.8601600000038,10,5.58889492812207,RankSurprise
microVoSTN_L_5-6+,0,46455.43936,46912.43008,456.9907200000016,46455.43936,46912.43008,456.9907200000016,7,5.562728312968416,RankSurprise
microVoSTN_L_5-6+,0,61696.8192,61769.68704,72.86783999999898,61696.8192,61769.68704,72.86783999999898,3,3.9400766069421724,RankSurprise
microVoSTN_L_5-6+,0,83466.36288,83580.02688,113.66400000000431,83466.36288,83580.02688,113.66400000000431,4,5.177898144783374,RankSurprise
microVoSTN_L_5-6+,0,84423.22944,84925.80864,502.5792000000074,84423.22944,84925.80864,502.5792000000074,6,4.092581675965436,RankSurprise
microVoSTN_L_5-6+,0,91968.43008,92175.40096,206.97087999999349,91968.43008,92175.40096,206.97087999999349,4,3.879301428310388,RankSurprise
microVoSTN_L_5-6+,0,111025.23392,111934.30016,909.0662400000001,111025.23392,111934.30016,909.0662400000001,8,3.9659465113343386,RankSurprise
microVoSTN_L_5-6+,0,123827.32288,127225.15968,3397.83679999999,123827.32288,127225.15968,3397.83679999999,28,10.194802840914507,RankSurprise
microVoSTN_L_5-6+,0,129352.94976,130784.29696,1431.3472000000038,129352.94976,130784.29696,1431.3472000000038,18,13.131991509375249,RankSurprise
microVoSTN_L_5-6+,0,131884.35968,132669.6448,785.285120000015,131884.35968,132669.6448,785.285120000015,8,4.372287721800109,RankSurprise
microVoSTN_L_5-6+,0,144053.20704,144381.46048,328.2534400000004,144053.20704,144381.46048,328.2534400000004,6,5.362953043714526,RankSurprise
microVoSTN_L_5-6+,0,151430.67648,151477.16608,46.48960000000079,151430.67648,151477.16608,46.48960000000079,3,4.468913188784702,RankSurprise
microVoSTN_L_5-6+,0,154879.30368,155386.96192,507.65823999998975,154879.30368,155386.96192,507.65823999998975,6,3.547500353797983,RankSurprise
microVoSTN_L_5-6+,0,180092.64128,180159.56992,66.92863999999827,180092.64128,180159.56992,66.92863999999827,3,4.033334100428755,RankSurprise
microVoSTN_L_5-6+,0,181624.25856,182897.33632,1273.0777600000147,181624.25856,182897.33632,1273.0777600000147,9,3.7079988320261332,RankSurprise
microVoSTN_L_5-6+,0,185048.6784,185125.60128,76.92287999999826,185048.6784,185125.60128,76.92287999999826,3,3.8078692536091747,RankSurprise
microVoSTN_L_5-6+,0,212738.41664,212935.2704,196.85375999999815,212738.41664,212935.2704,196.85375999999815,4,3.600750416211266,RankSurprise
microVoSTN_L_5-6+,0,226982.62528,228780.35968,1797.7343999999866,226982.62528,228780.35968,1797.7343999999866,13,3.8053797098571116,RankSurprise
microVoSTN_L_5-6+,0,246019.56352,246054.7072,35.14368000000832,246019.56352,246054.7072,35.14368000000832,3,5.259189616004198,RankSurprise
microVoSTN_L_5-6+,0,249712.31232,249767.19872,54.8863999999885,249712.31232,249767.19872,54.8863999999885,3,4.255225303426499,RankSurprise
microVoSTN_L_5-6+,0,277597.92128,278323.48672,725.5654399999767,277597.92128,278323.48672,725.5654399999767,8,4.402509748228935,RankSurprise
microVoSTN_L_5-6+,0,288945.80736,288992.99328,47.185920000018086,288945.80736,288992.99328,47.185920000018086,4,7.7646042440010525,RankSurprise
microVoSTN_L_5-6+,0,290888.00768,290953.216,65.20832000003429,290888.00768,290953.216,65.20832000003429,3,4.08164591012841,RankSurprise
microVoSTN_L_5-6+,0,291949.85472,295701.7088,3751.854080000019,291949.85472,295701.7088,3751.854080000019,28,8.837677464404642,RankSurprise
microVoSTN_L_5-6+,0,297956.02432,298030.53056,74.50623999995878,297956.02432,298030.53056,74.50623999995878,3,3.8597082506023543,RankSurprise
microVoSTN_L_5-6+,0,305591.00928,305664.53248,73.523199999996,305591.00928,305664.53248,73.523199999996,6,12.479333275589006,RankSurprise
microVoSTN_L_5-6+,0,307675.50464,308859.45344,1183.9488000000129,307675.50464,308859.45344,1183.9488000000129,10,4.147795821794406,RankSurprise
microVoSTN_L_5-6+,0,315631.04256,315664.30208,33.25952000002144,315631.04256,315664.30208,33.25952000002144,3,5.224253563641421,RankSurprise
microVoSTN_L_5-6+,0,343395.328,343430.9632,35.63520000001881,343395.328,343430.9632,35.63520000001881,3,5.294746810503607,RankSurprise
microVoSTN_L_5-6+,0,355079.5776,355429.29408,349.7164800000028,355079.5776,355429.29408,349.7164800000028,5,3.5684719376094236,RankSurprise
microVoSTN_L_5-6+,0,362132.11136,362944.9216,812.8102400000207,362132.11136,362944.9216,812.8102400000207,8,4.735355655524478,RankSurprise
microVoSTN_L_5-6+,0,365854.5152,366493.94176,639.4265599999926,365854.5152,366493.94176,639.4265599999926,8,5.335565513160431,RankSurprise
microVoSTN_L_5-6+,0,368259.2768,368280.33024,21.05343999998877,368259.2768,368280.33024,21.05343999998877,3,6.389505529855727,RankSurprise
microVoSTN_L_5-6+,0,373185.45408,377345.39264,4159.9385599999805,373185.45408,377345.39264,4159.9385599999805,28,7.427081008970754,RankSurprise
microVoSTN_L_5-6+,1,5.69344,1327.88224,1322.1888,5.69344,1327.88224,1322.1888,10,5.180980238181779,RankSurprise
microVoSTN_L_5-6+,1,31325.83936,31392.9728,67.13343999999779,31325.83936,31392.9728,67.13343999999779,3,4.250156154184314,RankSurprise
microVoSTN_L_5-6+,1,50030.91968,50106.90048,75.98079999999754,50030.91968,50106.90048,75.98079999999754,3,3.9160435475526683,RankSurprise
microVoSTN_L_5-6+,1,85635.56352,85862.52288,226.95936000000802,85635.56352,85862.52288,226.95936000000802,5,5.69217036782797,RankSurprise
microVoSTN_L_5-6+,1,110714.01984,111220.61312,506.59328000000096,110714.01984,111220.61312,506.59328000000096,9,9.836328565928351,RankSurprise
microVoSTN_L_5-6+,1,124489.44128,134009.6512,9520.209919999994,124489.44128,134009.6512,9520.209919999994,46,11.067159238876979,RankSurprise
microVoSTN_L_5-6+,1,161425.8176,164030.09536,2604.277759999997,161425.8176,164030.09536,2604.277759999997,14,4.908657629388777,RankSurprise
microVoSTN_L_5-6+,1,165459.47648,165793.3824,333.90591999999015,165459.47648,165793.3824,333.90591999999015,5,4.656980999001458,RankSurprise
microVoSTN_L_5-6+,1,184421.45792,184451.15392,29.69600000002538,184421.45792,184451.15392,29.69600000002538,3,5.758743141466564,RankSurprise
microVoSTN_L_5-6+,1,190713.11872,190744.61696,31.498240000015358,190713.11872,190744.61696,31.498240000015358,3,5.66035603615776,RankSurprise
microVoSTN_L_5-6+,1,223023.34976,223297.536,274.1862399999809,223023.34976,223297.536,274.1862399999809,4,3.711325534326175,RankSurprise
microVoSTN_L_5-6+,1,249016.56576,249260.81024,244.24447999999393,249016.56576,249260.81024,244.24447999999393,4,3.6886267169182183,RankSurprise
microVoSTN_L_5-6+,1,251117.28128,251313.31584,196.03456000000006,251117.28128,251313.31584,196.03456000000006,4,4.29651034029094,RankSurprise
microVoSTN_L_5-6+,1,254056.77568,254461.7472,404.971520000021,254056.77568,254461.7472,404.971520000021,5,4.288054529638405,RankSurprise
microVoSTN_L_5-6+,1,268286.11584,268297.37984,11.26400000002468,268286.11584,268297.37984,11.26400000002468,3,8.09581441053178,RankSurprise
microVoSTN_L_5-6+,1,268608.02048,268674.41664,66.39616000000387,268608.02048,268674.41664,66.39616000000387,3,4.127510569205043,RankSurprise
microVoSTN_L_5-6+,1,277220.80256,277286.62528,65.82271999999648,277220.80256,277286.62528,65.82271999999648,3,4.172625901806862,RankSurprise
microVoSTN_L_5-6+,1,279547.86304,279751.8848,204.02175999997417,279547.86304,279751.8848,204.02175999997417,4,4.187736433981129,RankSurprise
microVoSTN_L_5-6+,1,291420.81536,292832.58368,1411.7683199999738,291420.81536,292832.58368,1411.7683199999738,15,11.603374274259238,RankSurprise
microVoSTN_L_5-6+,1,294781.1328,294826.84416,45.711359999957494,294781.1328,294826.84416,45.711359999957494,3,4.876237077392087,RankSurprise
microVoSTN_L_5-6+,1,296513.04448,296611.14368,98.09919999999693,296513.04448,296611.14368,98.09919999999693,3,3.561455791461544,RankSurprise
microVoSTN_L_5-6+,1,297645.2608,299757.9776,2112.7167999999947,297645.2608,299757.9776,2112.7167999999947,12,4.372196232499583,RankSurprise
microVoSTN_L_5-6+,1,304828.78464,305453.91616,625.1315199999954,304828.78464,305453.91616,625.1315199999954,6,4.067762612558331,RankSurprise
microVoSTN_L_5-6+,1,321068.4416,321547.96032,479.51871999999275,321068.4416,321547.96032,479.51871999999275,5,3.717529259103852,RankSurprise
microVoSTN_L_5-6+,1,325988.84352,326192.45568,203.61216000001878,325988.84352,326192.45568,203.61216000001878,4,4.3057553984349894,RankSurprise
microVoSTN_L_5-6+,1,368609.03424,368745.10336,136.0691200000001,368609.03424,368745.10336,136.0691200000001,4,5.243813799947496,RankSurprise
microVoSTN_L_5-6+,1,377186.18112,377378.89792,192.7167999999947,377186.18112,377378.89792,192.7167999999947,5,6.687438176408762,RankSurprise
microVoSTN_L_5-6+,1,386090.06592,386162.44224,72.3763199999812,386090.06592,386162.44224,72.3763199999812,3,4.083390536609054,RankSurprise
microVoSTN_L_5-6+,1,395601.3056,396522.86464,921.5590399999637,395601.3056,396522.86464,921.5590399999637,9,7.062581659032728,RankSurprise
microVoSTN_L_5-6+,2,680.09984,1301.504,621.4041599999999,680.09984,1301.504,621.4041599999999,9,3.7112572681666993,RankSurprise
microVoSTN_L_5-6+,2,4492.65664,5669.0688,1176.4121599999999,4492.65664,5669.0688,1176.4121599999999,16,5.929184401066414,RankSurprise
microVoSTN_L_5-6+,2,7871.85664,8373.16608,501.3094400000009,7871.85664,8373.16608,501.3094400000009,10,7.097371537092575,RankSurprise
microVoSTN_L_5-6+,2,15178.30144,15243.59168,65.29024000000027,15178.30144,15243.59168,65.29024000000027,4,5.5978836661927645,RankSurprise
microVoSTN_L_5-6+,2,17533.58336,17874.41152,340.82816000000093,17533.58336,17874.41152,340.82816000000093,7,4.654837208245232,RankSurprise
microVoSTN_L_5-6+,2,20095.09888,20124.0576,28.95871999999872,20095.09888,20124.0576,28.95871999999872,3,4.907875753182141,RankSurprise
microVoSTN_L_5-6+,2,24616.59136,24945.13152,328.54016000000047,24616.59136,24945.13152,328.54016000000047,6,3.6356994470984425,RankSurprise
microVoSTN_L_5-6+,2,28231.63904,28284.80512,53.166080000002694,28231.63904,28284.80512,53.166080000002694,3,3.6794550843804554,RankSurprise
microVoSTN_L_5-6+,2,40712.31488,41175.12192,462.8070399999997,40712.31488,41175.12192,462.8070399999997,9,5.828197782330486,RankSurprise
microVoSTN_L_5-6+,2,52744.72448,53485.24032,740.51584,52744.72448,53485.24032,740.51584,10,3.7055056010437806,RankSurprise
microVoSTN_L_5-6+,2,58941.68576,58983.91552,42.22976000000199,58941.68576,58983.91552,42.22976000000199,3,4.063488638684634,RankSurprise
microVoSTN_L_5-6+,2,86454.272,86497.11616,42.84416000000783,86454.272,86497.11616,42.84416000000783,3,4.05717946949137,RankSurprise
microVoSTN_L_5-6+,2,92833.9968,92903.30112,69.3043200000102,92833.9968,92903.30112,69.3043200000102,4,5.369315637677577,RankSurprise
microVoSTN_L_5-6+,2,102693.19168,102800.42496,107.23328000000038,102693.19168,102800.42496,107.23328000000038,4,4.076675175526972,RankSurprise
microVoSTN_L_5-6+,2,110623.9488,111209.10336,585.1545599999954,110623.9488,111209.10336,585.1545599999954,11,6.960797979021041,RankSurprise
microVoSTN_L_5-6+,2,112273.73568,112379.94496,106.20927999999549,112273.73568,112379.94496,106.20927999999549,4,4.091769562914969,RankSurprise
microVoSTN_L_5-6+,2,124740.73088,125699.8912,959.1603199999954,124740.73088,125699.8912,959.1603199999954,17,10.232551044208467,RankSurprise
microVoSTN_L_5-6+,2,126808.22784,131883.74528,5075.517439999996,126808.22784,131883.74528,5075.517439999996,63,17.907753679193,RankSurprise
microVoSTN_L_5-6+,2,136710.144,136754.70848,44.56448000000091,136710.144,136754.70848,44.56448000000091,3,3.952861101347059,RankSurprise
microVoSTN_L_5-6+,2,144189.80864,144294.95296,105.14431999999215,144189.80864,144294.95296,105.14431999999215,4,4.149059717194589,RankSurprise
microVoSTN_L_5-6+,2,160290.6112,160306.42176,15.810559999983525,160290.6112,160306.42176,15.810559999983525,3,6.186304378127266,RankSurprise
microVoSTN_L_5-6+,2,161108.95104,161340.25216,231.30111999998917,161108.95104,161340.25216,231.30111999998917,6,5.10803874245785,RankSurprise
microVoSTN_L_5-6+,2,179442.688,179596.16512,153.47711999999592,179442.688,179596.16512,153.47711999999592,6,6.753684918082129,RankSurprise
microVoSTN_L_5-6+,2,180799.6928,180822.8352,23.14240000001155,180799.6928,180822.8352,23.14240000001155,3,5.372320724424048,RankSurprise
microVoSTN_L_5-6+,2,183715.84,183755.5712,39.73120000000927,183715.84,183755.5712,39.73120000000927,3,4.262658599569354,RankSurprise
microVoSTN_L_5-6+,2,184461.312,184622.85824,161.54623999999603,184461.312,184622.85824,161.54623999999603,6,6.633610360382228,RankSurprise
microVoSTN_L_5-6+,2,205599.5392,205633.82272,34.283519999997225,205599.5392,205633.82272,34.283519999997225,4,7.64007024282094,RankSurprise
microVoSTN_L_5-6+,2,224941.58848,225543.53664,601.9481599999999,224941.58848,225543.53664,601.9481599999999,11,6.56870203897019,RankSurprise
microVoSTN_L_5-6+,2,227787.03872,228164.28032,377.24159999997937,227787.03872,228164.28032,377.24159999997937,8,5.430575345734062,RankSurprise
microVoSTN_L_5-6+,2,231022.3872,231104.18432,81.7971200000029,231022.3872,231104.18432,81.7971200000029,4,4.903554995576407,RankSurprise
microVoSTN_L_5-6+,2,242373.79584,242427.12576,53.329919999989215,242373.79584,242427.12576,53.329919999989215,3,3.5827439755831225,RankSurprise
microVoSTN_L_5-6+,2,245897.05216,245916.50816,19.456000000005588,245897.05216,245916.50816,19.456000000005588,3,5.687730313161355,RankSurprise
microVoSTN_L_5-6+,2,251849.1136,252908.62592,1059.5123199999798,251849.1136,252908.62592,1059.5123199999798,13,4.36070617570797,RankSurprise
microVoSTN_L_5-6+,2,267796.52096,267830.76352,34.24255999998422,267796.52096,267830.76352,34.24255999998422,3,4.460622933433763,RankSurprise
microVoSTN_L_5-6+,2,269270.38464,269872.16896,601.784319999977,269270.38464,269872.16896,601.784319999977,9,3.8744011837295123,RankSurprise
microVoSTN_L_5-6+,2,286505.53344,287617.8432,1112.3097599999746,286505.53344,287617.8432,1112.3097599999746,19,12.135143913302278,RankSurprise
microVoSTN_L_5-6+,2,291940.5568,292549.4272,608.8703999999561,291940.5568,292549.4272,608.8703999999561,14,10.52426763849968,RankSurprise
microVoSTN_L_5-6+,2,293932.11392,294384.72192,452.60800000000745,293932.11392,294384.72192,452.60800000000745,9,5.613806483220911,RankSurprise
microVoSTN_L_5-6+,2,296070.92224,296185.56928,114.64704000001075,296070.92224,296185.56928,114.64704000001075,4,3.9477417597678794,RankSurprise
microVoSTN_L_5-6+,2,297362.51392,300213.00224,2850.488320000004,297362.51392,300213.00224,2850.488320000004,33,9.810438988647446,RankSurprise
microVoSTN_L_5-6+,2,314104.46336,314560.75776,456.2944000000134,314104.46336,314560.75776,456.2944000000134,8,4.888824724390238,RankSurprise
microVoSTN_L_5-6+,2,345705.71776,345749.66784,43.95007999998052,345705.71776,345749.66784,43.95007999998052,4,6.8520210113215505,RankSurprise
microVoSTN_L_5-6+,2,347917.7216,347926.15936,8.437760000000708,347917.7216,347926.15936,8.437760000000708,3,7.695063274843074,RankSurprise
microVoSTN_L_5-6+,2,357112.91392,357143.71584,30.801919999998063,357112.91392,357143.71584,30.801919999998063,3,4.777292542758795,RankSurprise
microVoSTN_L_5-6+,2,365634.1504,365743.96416,109.81375999999,365634.1504,365743.96416,109.81375999999,4,4.091769562914969,RankSurprise
microVoSTN_L_5-6+,2,370083.84,370088.46848,4.6284799999557436,370083.84,370088.46848,4.6284799999557436,3,9.101160263259144,RankSurprise
microVoSTN_L_5-6+,2,373290.35264,373346.14016,55.78752000001259,373290.35264,373346.14016,55.78752000001259,3,3.558052266302072,RankSurprise
microVoSTN_L_5-6+,2,374893.24032,374909.99296,16.75264000002062,374893.24032,374909.99296,16.75264000002062,3,6.045274066885407,RankSurprise
microVoSTN_L_5-6+,2,376071.45472,376132.89472,61.44000000000233,376071.45472,376132.89472,61.44000000000233,4,5.7451922530886,RankSurprise
microVoSTN_L_5-6+,2,388041.60512,388403.15904,361.55391999997664,388041.60512,388403.15904,361.55391999997664,8,5.876088100763836,RankSurprise
microVoSTN_L_5-6+,2,394603.84768,394745.77408,141.92639999999665,394603.84768,394745.77408,141.92639999999665,5,5.251544608752365,RankSurprise
microVoSTN_L_5-6+,2,396386.79552,396704.1536,317.35808000003453,396386.79552,396704.1536,317.35808000003453,7,4.798479105491433,RankSurprise
microVoSTN_L_5-6+,2,399957.64736,400004.21888,46.57151999999769,399957.64736,400004.21888,46.57151999999769,3,3.8766053664274924,RankSurprise
microVoSTN_L_5-6+,2,407021.89568,407290.22464,268.32895999995526,407021.89568,407290.22464,268.32895999995526,6,4.249335365837461,RankSurprise
microVoSTN_L_7-8+,3,10856.89856,11169.30048,312.40192000000025,10856.89856,11169.30048,312.40192000000025,4,3.5622673868307437,RankSurprise
microVoSTN_L_7-8+,3,38123.56096,38435.79904,312.23807999999553,38123.56096,38435.79904,312.23807999999553,5,5.544105014987927,RankSurprise
microVoSTN_L_7-8+,3,46900.51072,46937.21088,36.700160000000324,46900.51072,46937.21088,36.700160000000324,3,5.833568488543648,RankSurprise
microVoSTN_L_7-8+,3,49053.20448,49444.20864,391.0041599999968,49053.20448,49444.20864,391.0041599999968,5,4.534070445016788,RankSurprise
microVoSTN_L_7-8+,3,72447.75424,72546.304,98.54976000000897,72447.75424,72546.304,98.54976000000897,3,4.0680425369420625,RankSurprise
microVoSTN_L_7-8+,3,75552.72704,75634.60608,81.8790399999998,75552.72704,75634.60608,81.8790399999998,3,4.32480959182784,RankSurprise
microVoSTN_L_7-8+,3,79381.66784,79682.60096,300.9331200000015,79381.66784,79682.60096,300.9331200000015,4,3.522319870012211,RankSurprise
microVoSTN_L_7-8+,3,109015.8592,112035.75808,3019.8988799999934,109015.8592,112035.75808,3019.8988799999934,21,11.347072291987029,RankSurprise
microVoSTN_L_7-8+,3,127251.41504,129829.0688,2577.6537599999865,127251.41504,129829.0688,2577.6537599999865,12,4.010064702469757,RankSurprise
microVoSTN_L_7-8+,3,134445.83424,136341.46304,1895.6288000000059,134445.83424,136341.46304,1895.6288000000059,10,3.968929622643972,RankSurprise
microVoSTN_L_7-8+,3,158159.4624,159167.03744,1007.5750399999961,158159.4624,159167.03744,1007.5750399999961,10,7.952075836766465,RankSurprise
microVoSTN_L_7-8+,3,243029.07392,243868.75392,839.679999999993,243029.07392,243868.75392,839.679999999993,10,9.699547890420426,RankSurprise
microVoSTN_L_7-8+,3,250327.40864,250617.32352,289.91487999999663,250327.40864,250617.32352,289.91487999999663,4,3.7361100021649776,RankSurprise
microVoSTN_L_7-8+,3,265390.20288,265882.0096,491.8067199999932,265390.20288,265882.0096,491.8067199999932,6,5.73340830754497,RankSurprise
microVoSTN_L_7-8+,3,271429.87776,271517.77792,87.90016000001924,271429.87776,271517.77792,87.90016000001924,3,4.183779280585981,RankSurprise
microVoSTN_L_7-8+,3,328267.20256,329429.52448,1162.3219200000167,328267.20256,329429.52448,1162.3219200000167,7,4.160581339023627,RankSurprise
microVoSTN_L_7-8+,3,331548.38528,331567.75936,19.374080000037793,331548.38528,331567.75936,19.374080000037793,3,6.3141863190311565,RankSurprise
microVoSTN_L_7-8+,3,335579.46368,335672.07424,92.61056000000099,335579.46368,335672.07424,92.61056000000099,4,6.866215799882482,RankSurprise
microVoSTN_L_7-8+,3,340858.2656,340991.91808,133.65247999998974,340858.2656,340991.91808,133.65247999998974,3,3.52302121121844,RankSurprise
microVoSTN_L_7-8+,3,373778.6368,374409.09312,630.4563199999975,373778.6368,374409.09312,630.4563199999975,6,4.641078905215619,RankSurprise
microVoSTN_L_7-8+,3,390950.7072,391961.55904,1010.8518400000175,390950.7072,391961.55904,1010.8518400000175,7,3.9541899810773202,RankSurprise
microVoSTN_L_7-8+,4,15248.1792,15307.89888,59.71968000000015,15248.1792,15307.89888,59.71968000000015,3,4.02660043340947,RankSurprise
microVoSTN_L_7-8+,4,17316.82304,17398.21056,81.38752000000022,17316.82304,17398.21056,81.38752000000022,4,5.8944125874231865,RankSurprise
microVoSTN_L_7-8+,4,61885.52192,62099.70176,214.17984000000433,61885.52192,62099.70176,214.17984000000433,5,4.894923234177327,RankSurprise
microVoSTN_L_7-8+,4,65809.57184,67324.60032,1515.0284799999936,65809.57184,67324.60032,1515.0284799999936,15,6.255705640418379,RankSurprise
microVoSTN_L_7-8+,4,88886.72256,88902.77888,16.056320000003325,88886.72256,88902.77888,16.056320000003325,3,6.719909801557462,RankSurprise
microVoSTN_L_7-8+,4,104376.07424,104529.38752,153.31328000000212,104376.07424,104529.38752,153.31328000000212,4,3.9553416079944377,RankSurprise
microVoSTN_L_7-8+,4,106624.4096,108490.83392,1866.4243200000055,106624.4096,108490.83392,1866.4243200000055,22,12.69714186595464,RankSurprise
microVoSTN_L_7-8+,4,109151.39584,110054.68672,903.2908800000005,109151.39584,110054.68672,903.2908800000005,11,5.771984572778701,RankSurprise
microVoSTN_L_7-8+,4,136704.16384,137462.9888,758.8249599999981,136704.16384,137462.9888,758.8249599999981,11,7.932212495359317,RankSurprise
microVoSTN_L_7-8+,4,142919.51616,143385.8048,466.2886400000134,142919.51616,143385.8048,466.2886400000134,6,4.051409985446276,RankSurprise
microVoSTN_L_7-8+,4,148896.23552,149343.6416,447.4060800000152,148896.23552,149343.6416,447.4060800000152,7,5.041921297563549,RankSurprise
microVoSTN_L_7-8+,4,155454.42304,155789.02528,334.60224000000744,155454.42304,155789.02528,334.60224000000744,7,6.392244194822904,RankSurprise
microVoSTN_L_7-8+,4,156295.53664,156354.60096,59.064320000004955,156295.53664,156354.60096,59.064320000004955,5,10.018248824357208,RankSurprise
microVoSTN_L_7-8+,4,157766.57408,157829.85728,63.28320000000531,157766.57408,157829.85728,63.28320000000531,3,3.892471506246558,RankSurprise
microVoSTN_L_7-8+,4,172494.39744,172515.9424,21.544959999999264,172494.39744,172515.9424,21.544959999999264,3,6.223854711216443,RankSurprise
microVoSTN_L_7-8+,4,173388.30848,173852.79488,464.4863999999943,173388.30848,173852.79488,464.4863999999943,8,6.180390316725906,RankSurprise
microVoSTN_L_7-8+,4,182868.33664,182904.4224,36.08576000001631,182868.33664,182904.4224,36.08576000001631,3,5.116194995213355,RankSurprise
microVoSTN_L_7-8+,4,187971.46112,187995.5456,24.08448000001954,187971.46112,187995.5456,24.08448000001954,3,5.826710681854944,RankSurprise
microVoSTN_L_7-8+,4,197339.25888,197506.58048,167.32159999999567,197339.25888,197506.58048,167.32159999999567,4,3.7978708367939618,RankSurprise
microVoSTN_L_7-8+,4,198540.0832,198577.23392,37.150720000005094,198540.0832,198577.23392,37.150720000005094,3,5.089791683885823,RankSurprise
microVoSTN_L_7-8+,4,231052.16512,231272.77568,220.610560000001,231052.16512,231272.77568,220.610560000001,5,4.737094304553324,RankSurprise
microVoSTN_L_7-8+,4,232589.84448,232982.40512,392.5606400000106,232589.84448,232982.40512,392.5606400000106,6,4.149614903199264,RankSurprise
microVoSTN_L_7-8+,4,245529.1904,245594.35776,65.16736000002129,245529.1904,245594.35776,65.16736000002129,3,3.8496889903200895,RankSurprise
microVoSTN_L_7-8+,4,255659.95008,255763.82464,103.87455999999656,255659.95008,255763.82464,103.87455999999656,4,5.207884872140614,RankSurprise
microVoSTN_L_7-8+,4,257370.56256,257803.55072,432.98816000000807,257370.56256,257803.55072,432.98816000000807,6,3.939825571299105,RankSurprise
microVoSTN_L_7-8+,4,261150.47424,261702.69696,552.2227199999907,261150.47424,261702.69696,552.2227199999907,10,8.301268244651252,RankSurprise
microVoSTN_L_7-8+,4,264551.95648,264573.21472,21.258239999995567,264551.95648,264573.21472,21.258239999995567,3,6.15566408606213,RankSurprise
microVoSTN_L_7-8+,4,271381.01248,271444.7872,63.77472000004491,271381.01248,271444.7872,63.77472000004491,3,3.899691754220047,RankSurprise
microVoSTN_L_7-8+,4,308555.53024,308628.02944,72.49920000002021,308555.53024,308628.02944,72.49920000002021,3,3.693677276584957,RankSurprise
microVoSTN_L_7-8+,4,319093.30944,319739.20768,645.8982400000095,319093.30944,319739.20768,645.8982400000095,8,4.427251020167125,RankSurprise
microVoSTN_L_7-8+,4,339620.82304,339679.92832,59.105280000017956,339620.82304,339679.92832,59.105280000017956,3,4.042074456307697,RankSurprise
microVoSTN_L_7-8+,4,345010.5856,345066.496,55.91039999999339,345010.5856,345066.496,55.91039999999339,3,4.153880457490784,RankSurprise
microVoSTN_L_7-8+,4,347735.04,348145.00864,409.9686400000355,347735.04,348145.00864,409.9686400000355,6,4.422684509202381,RankSurprise
microVoSTN_L_7-8+,4,353446.95296,354065.57184,618.6188799999654,353446.95296,354065.57184,618.6188799999654,7,3.883054563832217,RankSurprise
microVoSTN_L_7-8+,4,368272.87552,368533.05344,260.17791999998735,368272.87552,368533.05344,260.17791999998735,5,4.05138967935245,RankSurprise
microVoSTN_L_7-8+,4,369320.38656,369603.50208,283.1155199999921,369320.38656,369603.50208,283.1155199999921,5,3.764929193817963,RankSurprise
microVoSTN_L_7-8+,4,374243.16416,375453.65504,1210.4908799999976,374243.16416,375453.65504,1210.4908799999976,14,6.976083148748234,RankSurprise
microVoSTN_L_7-8+,4,381121.37216,383391.1296,2269.7574399999576,381121.37216,383391.1296,2269.7574399999576,19,5.297818927259412,RankSurprise
microVoSTN_L_7-8+,4,391493.71392,391528.98048,35.26656000001822,391493.71392,391528.98048,35.26656000001822,3,5.170070917637462,RankSurprise
microVoSTN_L_7-8+,4,392429.19936,392459.79648,30.597119999991264,392429.19936,392459.79648,30.597119999991264,3,5.4322674578432455,RankSurprise
microVoSTN_L_9-10+,2,11022.41792,11280.30208,257.8841599999996,11022.41792,11280.30208,257.8841599999996,6,6.1799332601302694,RankSurprise
microVoSTN_L_9-10+,2,17394.0736,17484.34944,90.27584000000206,17394.0736,17484.34944,90.27584000000206,6,10.388630064204044,RankSurprise
microVoSTN_L_9-10+,2,32866.304,32983.4496,117.14560000000347,32866.304,32983.4496,117.14560000000347,4,4.848021216919985,RankSurprise
microVoSTN_L_9-10+,2,57138.01216,57812.82816,674.8159999999989,57138.01216,57812.82816,674.8159999999989,8,5.214472623146224,RankSurprise
microVoSTN_L_9-10+,2,69402.78784,69454.848,52.06015999999363,69402.78784,69454.848,52.06015999999363,3,4.16578827192853,RankSurprise
microVoSTN_L_9-10+,2,73248.03072,73812.74624,564.7155199999979,73248.03072,73812.74624,564.7155199999979,8,5.408192528412345,RankSurprise
microVoSTN_L_9-10+,2,77632.63488,78417.42848,784.7936000000045,77632.63488,78417.42848,784.7936000000045,9,4.778748068569164,RankSurprise
microVoSTN_L_9-10+,2,79467.23328,79520.11264,52.87936000000627,79467.23328,79520.11264,52.87936000000627,4,6.711736864509238,RankSurprise
microVoSTN_L_9-10+,2,84607.67232,84657.84832,50.17600000000675,84607.67232,84657.84832,50.17600000000675,3,4.295765093594799,RankSurprise
microVoSTN_L_9-10+,2,93890.84672,93927.66976,36.82304000000295,93890.84672,93927.66976,36.82304000000295,3,4.769825523536149,RankSurprise
microVoSTN_L_9-10+,2,94553.86624,94728.06912,174.2028799999971,94553.86624,94728.06912,174.2028799999971,4,3.7891990603334804,RankSurprise
microVoSTN_L_9-10+,2,97641.51296,97920.08192,278.56896000000415,97641.51296,97920.08192,278.56896000000415,5,3.9879593393481194,RankSurprise
microVoSTN_L_9-10+,2,108701.65504,109052.06784,350.4128000000055,108701.65504,109052.06784,350.4128000000055,6,4.919873417616998,RankSurprise
microVoSTN_L_9-10+,2,132277.00224,133411.71712,1134.714879999985,132277.00224,133411.71712,1134.714879999985,10,4.1218830324999045,RankSurprise
microVoSTN_L_9-10+,2,137158.81984,138715.46368,1556.6438399999752,137158.81984,138715.46368,1556.6438399999752,15,6.560327340144676,RankSurprise
microVoSTN_L_9-10+,2,150421.17632,150788.58752,367.4112000000023,150421.17632,150788.58752,367.4112000000023,6,4.928010126687852,RankSurprise
microVoSTN_L_9-10+,2,157077.34016,157104.16896,26.82880000001751,157077.34016,157104.16896,26.82880000001751,3,5.099521069520932,RankSurprise
microVoSTN_L_9-10+,2,162915.5328,162943.75424,28.221440000022994,162915.5328,162943.75424,28.221440000022994,3,5.477115105791313,RankSurprise
microVoSTN_L_9-10+,2,164568.55552,164953.16992,384.6143999999913,164568.55552,164953.16992,384.6143999999913,7,6.054221242495332,RankSurprise
microVoSTN_L_9-10+,2,172878.31552,172885.77024,7.45472000000882,172878.31552,172885.77024,7.45472000000882,3,6.979320193464182,RankSurprise
microVoSTN_L_9-10+,2,173982.14656,174047.72352,65.57696000000578,173982.14656,174047.72352,65.57696000000578,3,3.8199584961283897,RankSurprise
microVoSTN_L_9-10+,2,205792.41984,205846.528,54.10816000000341,205792.41984,205846.528,54.10816000000341,3,4.060730795759067,RankSurprise
microVoSTN_L_9-10+,2,223748.25984,223925.98528,177.72543999998015,223748.25984,223925.98528,177.72543999998015,4,3.6758067048499647,RankSurprise
microVoSTN_L_9-10+,2,235631.98464,235831.296,199.31135999999242,235631.98464,235831.296,199.31135999999242,4,3.5751406624222106,RankSurprise
microVoSTN_L_9-10+,2,238105.6,239424.75776,1319.1577600000019,238105.6,239424.75776,1319.1577600000019,11,3.9130409725873965,RankSurprise
microVoSTN_L_9-10+,2,240267.0592,240376.832,109.7728000000061,240267.0592,240376.832,109.7728000000061,4,4.828348952621656,RankSurprise
microVoSTN_L_9-10+,2,241553.89952,241569.3824,15.48287999999593,241553.89952,241569.3824,15.48287999999593,3,5.8159589680869725,RankSurprise
microVoSTN_L_9-10+,2,264073.95328,264184.25856,110.30527999997139,264073.95328,264184.25856,110.30527999997139,4,4.975700487458457,RankSurprise
microVoSTN_L_9-10+,2,310849.98656,310885.86752,35.88096000003861,310849.98656,310885.86752,35.88096000003861,3,4.819059245042638,RankSurprise
microVoSTN_L_9-10+,2,313013.49376,313081.11872,67.62496000004467,313013.49376,313081.11872,67.62496000004467,4,6.094175079499582,RankSurprise
microVoSTN_L_9-10+,2,337114.112,337706.47552,592.3635199999553,337114.112,337706.47552,592.3635199999553,9,7.142020054180102,RankSurprise
microVoSTN_L_9-10+,2,343138.38592,343534.592,396.20608000003267,343138.38592,343534.592,396.20608000003267,6,4.237056523479777,RankSurprise
microVoSTN_L_9-10+,2,345208.34048,345409.65888,201.3183999999892,345208.34048,345409.65888,201.3183999999892,5,5.118703879149905,RankSurprise
microVoSTN_L_9-10+,2,346876.80512,347571.85536,695.0502400000114,346876.80512,347571.85536,695.0502400000114,10,7.634164603627747,RankSurprise
microVoSTN_L_9-10+,2,348346.04032,350001.3568,1655.3164800000377,348346.04032,350001.3568,1655.3164800000377,17,8.823907172339938,RankSurprise
microVoSTN_L_9-10+,2,356207.69792,356284.53888,76.84096000000136,356207.69792,356284.53888,76.84096000000136,3,3.518689894700156,RankSurprise
microVoSTN_L_9-10+,2,371465.95328,371468.53376,2.5804800000041723,371465.95328,371468.53376,2.5804800000041723,3,8.749100755973462,RankSurprise
microVoSTN_L_9-10+,2,378304.512,378379.14112,74.62911999999778,378304.512,378379.14112,74.62911999999778,3,3.605082301582426,RankSurprise
microVoSTN_L_9-10+,2,379880.28416,380036.66944,156.3852800000459,379880.28416,380036.66944,156.3852800000459,4,4.019712801219352,RankSurprise
microVoSTN_L_9-10+,2,380885.03296,381447.74144,562.7084800000302,380885.03296,381447.74144,562.7084800000302,7,4.176575391373305,RankSurprise
microVoSTN_L_9-10+,2,397645.6192,397966.5408,320.9216000000015,397645.6192,397966.5408,320.9216000000015,5,3.6178384121362654,RankSurprise
microVIMPPN_L_1-2+,0,29882.49088,30124.97408,242.48319999999876,29882.49088,30124.97408,242.48319999999876,6,5.818032130294725,RankSurprise
microVIMPPN_L_1-2+,0,47097.77408,47168.55296,70.77887999999803,47097.77408,47168.55296,70.77887999999803,4,5.628387903375412,RankSurprise
microVIMPPN_L_1-2+,0,83823.16544,83876.0448,52.87936000000627,83823.16544,83876.0448,52.87936000000627,3,3.8611324798750406,RankSurprise
microVIMPPN_L_1-2+,0,91305.53344,91419.68896,114.15552000000025,91305.53344,91419.68896,114.15552000000025,4,4.380060876154964,RankSurprise
microVIMPPN_L_1-2+,0,111365.03808,111479.97184,114.9337599999999,111365.03808,111479.97184,114.9337599999999,4,4.331594471151554,RankSurprise
microVIMPPN_L_1-2+,0,112469.93408,112601.98912,132.055039999992,112469.93408,112601.98912,132.055039999992,4,4.190723291675951,RankSurprise
microVIMPPN_L_1-2+,0,121391.96416,121510.58432,118.6201599999913,121391.96416,121510.58432,118.6201599999913,4,4.260332093968792,RankSurprise
microVIMPPN_L_1-2+,0,124306.14528,125300.3264,994.1811200000084,124306.14528,125300.3264,994.1811200000084,13,6.282332001963736,RankSurprise
microVIMPPN_L_1-2+,0,135707.81184,135751.2704,43.458559999999125,135707.81184,135751.2704,43.458559999999125,3,4.360893714539122,RankSurprise
microVIMPPN_L_1-2+,0,140267.1104,140363.48928,96.37888000000385,140267.1104,140363.48928,96.37888000000385,4,4.901726467391107,RankSurprise
microVIMPPN_L_1-2+,0,141615.96416,141736.7552,120.79104000001098,141615.96416,141736.7552,120.79104000001098,4,4.223006513409057,RankSurprise
microVIMPPN_L_1-2+,0,146763.81696,146854.25664,90.43968000001041,146763.81696,146854.25664,90.43968000001041,5,7.609800463301106,RankSurprise
microVIMPPN_L_1-2+,0,153899.2128,153957.74464,58.53183999998146,153899.2128,153957.74464,58.53183999998146,3,3.6756957604897345,RankSurprise
microVIMPPN_L_1-2+,0,170008.576,170069.8112,61.23519999999553,170008.576,170069.8112,61.23519999999553,3,3.6274278479828617,RankSurprise
microVIMPPN_L_1-2+,0,187247.12448,187308.93312,61.808640000002924,187247.12448,187308.93312,61.808640000002924,3,3.5802974352317936,RankSurprise
microVIMPPN_L_1-2+,0,207624.6016,207854.83776,230.23616000000038,207624.6016,207854.83776,230.23616000000038,5,4.024505048302569,RankSurprise
microVIMPPN_L_1-2+,0,218048.18432,219155.70176,1107.517439999996,218048.18432,219155.70176,1107.517439999996,11,3.9442667943361807,RankSurprise
microVIMPPN_L_1-2+,0,236628.54144,236646.8096,18.2681600000069,236628.54144,236646.8096,18.2681600000069,3,5.979549652400124,RankSurprise
microVIMPPN_L_1-2+,0,237652.04992,238142.79168,490.74176000000443,237652.04992,238142.79168,490.74176000000443,9,6.469452364515576,RankSurprise
microVIMPPN_L_1-2+,0,239282.21696,239908.74112,626.5241600000008,239282.21696,239908.74112,626.5241600000008,9,4.896001618864651,RankSurprise
microVIMPPN_L_1-2+,0,244999.12704,245826.10944,826.982400000008,244999.12704,245826.10944,826.982400000008,10,4.386897908425961,RankSurprise
microVIMPPN_L_1-2+,0,246234.07104,247539.42528,1305.354239999986,246234.07104,247539.42528,1305.354239999986,15,6.5476166183805455,RankSurprise
microVIMPPN_L_1-2+,0,262895.8208,262950.0928,54.271999999997206,262895.8208,262950.0928,54.271999999997206,3,3.8611324798750406,RankSurprise
microVIMPPN_L_1-2+,0,273971.77344,273993.56416,21.79071999998996,273971.77344,273993.56416,21.79071999998996,3,5.546826871489843,RankSurprise
microVIMPPN_L_1-2+,0,275522.7648,275566.30528,43.54047999996692,275522.7648,275566.30528,43.54047999996692,3,4.195850963532189,RankSurprise
microVIMPPN_L_1-2+,0,280424.61184,280487.7312,63.1193599999533,280424.61184,280487.7312,63.1193599999533,5,8.792576661249672,RankSurprise
microVIMPPN_L_1-2+,0,287389.45024,287480.4224,90.9721600000048,287389.45024,287480.4224,90.9721600000048,4,4.9486025403246465,RankSurprise
microVIMPPN_L_1-2+,0,288194.92864,289622.91712,1427.98848,288194.92864,289622.91712,1427.98848,13,3.9047962390370445,RankSurprise
microVIMPPN_L_1-2+,0,294363.05408,294368.8704,5.816320000041742,294363.05408,294368.8704,5.816320000041742,3,8.490176328122502,RankSurprise
microVIMPPN_L_1-2+,0,299513.11872,299542.03648,28.91775999998208,299513.11872,299542.03648,28.91775999998208,3,4.98120754621821,RankSurprise
microVIMPPN_L_1-2+,0,304703.85664,304745.6768,41.82016000000294,304703.85664,304745.6768,41.82016000000294,3,4.448820386438735,RankSurprise
microVIMPPN_L_1-2+,0,310690.11968,310720.59392,30.474240000010468,310690.11968,310720.59392,30.474240000010468,3,4.969511506455019,RankSurprise
microVIMPPN_L_1-2+,0,313840.18944,314284.31872,444.12927999999374,313840.18944,314284.31872,444.12927999999374,6,3.5461323773556606,RankSurprise
microVIMPPN_L_1-2+,0,321695.37536,321849.18016,153.80479999998352,321695.37536,321849.18016,153.80479999998352,4,3.571246747500542,RankSurprise
microVIMPPN_L_1-2+,0,322354.9952,322390.79424,35.79904000001261,322354.9952,322390.79424,35.79904000001261,4,7.6419099662885674,RankSurprise
microVIMPPN_L_1-2+,0,324510.9248,324653.21984,142.29503999999724,324510.9248,324653.21984,142.29503999999724,4,3.902291301028736,RankSurprise
microVIMPPN_L_1-2+,0,326813.4912,327513.53856,700.047360000026,326813.4912,327513.53856,700.047360000026,8,3.6217740833759504,RankSurprise
microVIMPPN_L_1-2+,0,331134.85312,331865.25184,730.3987199999974,331134.85312,331865.25184,730.3987199999974,9,3.8297339462567184,RankSurprise
microVIMPPN_L_1-2+,0,332512.37888,333031.50592,519.1270400000503,332512.37888,333031.50592,519.1270400000503,7,3.5427542684748654,RankSurprise
microVIMPPN_L_1-2+,0,333425.78688,333574.67648,148.88959999999497,333425.78688,333574.67648,148.88959999999497,4,3.7086755040242636,RankSurprise
microVIMPPN_L_1-2+,0,335114.77248,335350.62016,235.84768000000622,335114.77248,335350.62016,235.84768000000622,5,4.469607868327213,RankSurprise
microVIMPPN_L_1-2+,0,342104.22784,342566.13376,461.90591999999015,342104.22784,342566.13376,461.90591999999015,7,4.7072454702241675,RankSurprise
microVIMPPN_L_1-2+,0,344737.13664,344756.4288,19.29216000001179,344737.13664,344756.4288,19.29216000001179,3,5.885190430417769,RankSurprise
microVIMPPN_L_1-2+,0,345356.53376,345395.15904,38.625279999978375,345356.53376,345395.15904,38.625279999978375,3,4.430923085711672,RankSurprise
microVIMPPN_L_1-2+,0,346466.26304,346964.74624,498.48320000001695,346466.26304,346964.74624,498.48320000001695,8,5.015052645636827,RankSurprise
microVIMPPN_L_1-2+,0,359719.936,360178.44224,458.506240000017,359719.936,360178.44224,458.506240000017,6,3.551445332507052,RankSurprise
microVIMPPN_L_1-2+,0,362325.07392,362418.21696,93.14303999999538,362325.07392,362418.21696,93.14303999999538,4,4.919219272379394,RankSurprise
microVIMPPN_L_1-2+,0,375316.64384,375360.02048,43.37664000003133,375316.64384,375360.02048,43.37664000003133,3,4.360893714539122,RankSurprise
microVIMPPN_L_1-2+,0,376007.59808,376054.70208,47.103999999992084,376007.59808,376054.70208,47.103999999992084,3,4.195850963532189,RankSurprise
microVIMPPN_L_1-2+,0,378285.50656,379270.67648,985.1699200000148,378285.50656,379270.67648,985.1699200000148,12,5.357089222976067,RankSurprise
microVIMPPN_L_1-2+,0,382241.87392,382408.0896,166.21568000002299,382241.87392,382408.0896,166.21568000002299,6,7.784500744067429,RankSurprise
microVIMPPN_L_1-2+,0,382921.5232,382953.75872,32.235519999987446,382921.5232,382953.75872,32.235519999987446,3,4.801814249203344,RankSurprise
microVIMPPN_L_1-2+,0,385650.85184,386125.94688,475.0950399999856,385650.85184,386125.94688,475.0950399999856,7,4.843860171812708,RankSurprise
microVIMPPN_L_1-2+,0,386391.4496,386425.6512,34.20160000002943,386391.4496,386425.6512,34.20160000002943,4,7.805725061512582,RankSurprise
microVIMPPN_L_1-2+,0,389418.02496,392803.81952,3385.7945600000094,389418.02496,392803.81952,3385.7945600000094,28,5.993682564001887,RankSurprise
microVIMPPN_L_1-2+,0,395288.94464,395650.21184,361.26720000000205,395288.94464,395650.21184,361.26720000000205,7,5.12097083787972,RankSurprise
microVIMPPN_L_1-2+,0,404972.01152,405034.8032,62.791680000023916,404972.01152,405034.8032,62.791680000023916,3,3.522904569704062,RankSurprise
microVIMPPN_L_1-2+,1,17373.3888,17676.04224,302.6534399999982,17373.3888,17676.04224,302.6534399999982,4,4.2578359976539595,RankSurprise
microVIMPPN_L_1-2+,1,23226.9824,23367.76192,140.77952000000005,23226.9824,23367.76192,140.77952000000005,3,3.783879971927865,RankSurprise
microVIMPPN_L_1-2+,1,34020.80256,34130.78016,109.97760000000562,34020.80256,34130.78016,109.97760000000562,3,4.171651683998471,RankSurprise
microVIMPPN_L_1-2+,1,68870.71744,69012.2752,141.5577600000106,68870.71744,69012.2752,141.5577600000106,3,3.6648841272967,RankSurprise
microVIMPPN_L_1-2+,1,84485.36576,86542.336,2056.970239999995,84485.36576,86542.336,2056.970239999995,10,3.9270540940148764,RankSurprise
microVIMPPN_L_1-2+,1,150876.73344,151001.4976,124.76415999999153,150876.73344,151001.4976,124.76415999999153,3,3.8941458246071434,RankSurprise
microVIMPPN_L_1-2+,1,175232.24576,175338.53696,106.29120000000694,175232.24576,175338.53696,106.29120000000694,3,4.286518415459067,RankSurprise
microVIMPPN_L_1-2+,1,187061.32992,188424.76544,1363.435519999999,187061.32992,188424.76544,1363.435519999999,8,4.716514542750955,RankSurprise
microVIMPPN_L_1-2+,1,231186.75968,231257.66144,70.90176000000793,231186.75968,231257.66144,70.90176000000793,3,5.072997535811231,RankSurprise
microVIMPPN_L_1-2+,1,239621.3248,240012.12416,390.7993600000045,239621.3248,240012.12416,390.7993600000045,5,5.1963983099420865,RankSurprise
microVIMPPN_L_1-2+,1,245263.11424,246941.20448,1678.0902399999904,245263.11424,246941.20448,1678.0902399999904,8,3.750978010413225,RankSurprise
microVIMPPN_L_1-2+,1,248848.67072,249400.44288,551.7721599999932,248848.67072,249400.44288,551.7721599999932,5,4.229810417644892,RankSurprise
microVIMPPN_L_1-2+,1,273781.63712,274114.31424,332.67711999994935,273781.63712,274114.31424,332.67711999994935,4,4.001450138141003,RankSurprise
microVIMPPN_L_1-2+,1,274585.10848,274613.69856,28.590079999994487,274585.10848,274613.69856,28.590079999994487,3,6.972678341558787,RankSurprise
microVIMPPN_L_1-2+,1,320101.00736,320193.1264,92.1190400000196,320101.00736,320193.1264,92.1190400000196,3,4.560638561374251,RankSurprise
microVIMPPN_L_1-2+,1,331381.59616,332465.60256,1084.006400000013,331381.59616,332465.60256,1084.006400000013,9,7.143573154073448,RankSurprise
microVIMPPN_L_1-2+,1,339428.1472,345620.23424,6192.087040000013,339428.1472,345620.23424,6192.087040000013,20,4.379600942952577,RankSurprise
microVIMPPN_L_1-2+,1,351796.38784,351943.63904,147.2511999999988,351796.38784,351943.63904,147.2511999999988,4,6.195726946176299,RankSurprise
microVIMPPN_L_1-2+,1,363726.47936,364966.42048,1239.941119999974,363726.47936,364966.42048,1239.941119999974,9,6.2446299066318,RankSurprise
microVIMPPN_L_1-2+,1,373950.38208,374919.53664,969.1545599999954,373950.38208,374919.53664,969.1545599999954,7,5.205655059333097,RankSurprise
microVIMPPN_L_1-2+,1,383027.69152,383184.56832,156.8768000000273,383027.69152,383184.56832,156.8768000000273,3,3.593953815748689,RankSurprise
microVIMPPN_L_1-2+,1,405167.88224,405283.2256,115.34335999999894,405167.88224,405283.2256,115.34335999999894,3,4.0985826729771695,RankSurprise
microVIMPPN_L_1-2+,2,27373.64992,27619.61472,245.96480000000156,27373.64992,27619.61472,245.96480000000156,4,4.462923023415318,RankSurprise
microVIMPPN_L_1-2+,2,68612.096,69168.25088,556.1548800000019,68612.096,69168.25088,556.1548800000019,5,3.709878725489986,RankSurprise
microVIMPPN_L_1-2+,2,88914.57536,88964.54656,49.97119999999995,88914.57536,88964.54656,49.97119999999995,3,5.709320843600052,RankSurprise
microVIMPPN_L_1-2+,2,102106.64448,102208.47104,101.82656000000134,102106.64448,102208.47104,101.82656000000134,3,4.067304659010134,RankSurprise
microVIMPPN_L_1-2+,2,110910.01344,111603.54816,693.5347200000106,110910.01344,111603.54816,693.5347200000106,9,8.908275118820377,RankSurprise
microVIMPPN_L_1-2+,2,124300.9024,125135.17568,834.273279999994,124300.9024,125135.17568,834.273279999994,9,8.152697050707259,RankSurprise
microVIMPPN_L_1-2+,2,126681.37472,128146.47296,1465.098239999992,126681.37472,128146.47296,1465.098239999992,10,5.89335205804134,RankSurprise
microVIMPPN_L_1-2+,2,164520.5504,166422.24128,1901.69087999998,164520.5504,166422.24128,1901.69087999998,11,4.206076284606814,RankSurprise
microVIMPPN_L_1-2+,2,169451.3152,169503.00672,51.691519999993034,169451.3152,169503.00672,51.691519999993034,3,5.490338945428391,RankSurprise
microVIMPPN_L_1-2+,2,187338.42432,187935.744,597.3196800000151,187338.42432,187935.744,597.3196800000151,5,3.5887487592109117,RankSurprise
microVIMPPN_L_1-2+,2,245581.25056,245623.97184,42.721280000027036,245581.25056,245623.97184,42.721280000027036,3,5.811044991614494,RankSurprise
microVIMPPN_L_1-2+,2,252218.40896,252349.52192,131.11295999999857,252218.40896,252349.52192,131.11295999999857,3,3.545369913862624,RankSurprise
microVIMPPN_L_1-2+,2,273820.99968,274027.39712,206.39743999997154,273820.99968,274027.39712,206.39743999997154,4,4.687519396638773,RankSurprise
microVIMPPN_L_1-2+,2,319751.12704,320703.97952,952.8524800000014,319751.12704,320703.97952,952.8524800000014,8,5.258778657511009,RankSurprise
microVIMPPN_L_1-2+,2,326930.47296,327195.32032,264.8473600000143,326930.47296,327195.32032,264.8473600000143,5,6.149324074078397,RankSurprise
microVIMPPN_L_1-2+,2,332636.85632,334946.46784,2309.6115199999767,332636.85632,334946.46784,2309.6115199999767,13,5.424274025407834,RankSurprise
microVIMPPN_L_1-2+,2,339164.24192,339251.97824,87.73632000002544,339164.24192,339251.97824,87.73632000002544,3,4.46865257998803,RankSurprise
microVIMPPN_L_1-2+,2,340413.52192,340583.75168,170.22975999995833,340413.52192,340583.75168,170.22975999995833,4,5.296613212270032,RankSurprise
microVIMPPN_L_1-2+,2,344819.38432,346477.24032,1657.8559999999707,344819.38432,346477.24032,1657.8559999999707,14,11.02638383683067,RankSurprise
microVIMPPN_L_1-2+,2,368701.6448,368822.8864,121.24160000000848,368701.6448,368822.8864,121.24160000000848,3,3.7830400347482662,RankSurprise
microVIMPPN_L_1-2+,2,378802.09408,378979.20512,177.11103999998886,378802.09408,378979.20512,177.11103999998886,4,5.25790252031377,RankSurprise
microVIMPPN_L_1-2+,2,385657.93792,389926.46144,4268.523519999988,385657.93792,389926.46144,4268.523519999988,25,10.021184247626348,RankSurprise
microVIMPPN_L_1-2+,4,46156.22656,46272.22528,115.99871999999596,46156.22656,46272.22528,115.99871999999596,3,3.871796071919201,RankSurprise
microVIMPPN_L_1-2+,4,51593.29792,51811.5328,218.2348800000036,51593.29792,51811.5328,218.2348800000036,4,4.972771817244318,RankSurprise
microVIMPPN_L_1-2+,4,57963.39712,58106.2656,142.86847999999736,57963.39712,58106.2656,142.86847999999736,3,3.674664097885083,RankSurprise
microVIMPPN_L_1-2+,4,87442.75968,88037.04832,594.2886399999988,87442.75968,88037.04832,594.2886399999988,6,5.512403301558841,RankSurprise
microVIMPPN_L_1-2+,4,135111.39328,135424.28672,312.8934400000144,135111.39328,135424.28672,312.8934400000144,4,4.099171043397895,RankSurprise
microVIMPPN_L_1-2+,4,172997.8368,174265.344,1267.5072000000218,172997.8368,174265.344,1267.5072000000218,7,3.874834767323527,RankSurprise
microVIMPPN_L_1-2+,4,187233.56672,187542.7328,309.1660799999954,187233.56672,187542.7328,309.1660799999954,4,4.2948943249548,RankSurprise
microVIMPPN_L_1-2+,4,219332.64896,219744.6656,412.0166400000162,219332.64896,219744.6656,412.0166400000162,4,3.5786346521739283,RankSurprise
microVIMPPN_L_1-2+,4,226112.1024,226143.80544,31.703039999993052,226112.1024,226143.80544,31.703039999993052,3,6.235243910316949,RankSurprise
microVIMPPN_L_1-2+,4,234545.02912,235353.74336,808.7142400000012,234545.02912,235353.74336,808.7142400000012,6,4.176155173272237,RankSurprise
microVIMPPN_L_1-2+,4,238349.43488,238799.79008,450.35520000002,238349.43488,238799.79008,450.35520000002,6,6.938311596606759,RankSurprise
microVIMPPN_L_1-2+,4,271370.24,271686.53312,316.29311999998754,271370.24,271686.53312,316.29311999998754,5,6.069491228219025,RankSurprise
microVIMPPN_L_1-2+,4,301101.34272,301452.73856,351.39584000001196,301101.34272,301452.73856,351.39584000001196,4,3.8084574573735672,RankSurprise
microVIMPPN_L_1-2+,4,319215.98464,319827.18976,611.2051199999987,319215.98464,319827.18976,611.2051199999987,5,3.7692719525859637,RankSurprise
microVIMPPN_L_1-2+,4,332049.73568,332570.70592,520.9702399999951,332049.73568,332570.70592,520.9702399999951,5,4.257881048489569,RankSurprise
microVIMPPN_L_1-2+,4,335977.0624,337074.7904,1097.7280000000028,335977.0624,337074.7904,1097.7280000000028,8,5.66379318074953,RankSurprise
microVIMPPN_L_1-2+,4,342001.37728,342674.30912,672.9318399999756,342001.37728,342674.30912,672.9318399999756,7,6.884469745302077,RankSurprise
microVIMPPN_L_1-2+,4,350642.91328,353062.46144,2419.5481600000057,350642.91328,353062.46144,2419.5481600000057,11,3.767397089739408,RankSurprise
microVIMPPN_L_1-2+,4,355110.17472,355978.52672,868.3520000000135,355110.17472,355978.52672,868.3520000000135,6,4.020524833240162,RankSurprise
microVIMPPN_L_1-2+,4,364632.22784,364715.58144,83.35359999997308,364632.22784,364715.58144,83.35359999997308,3,4.418166633104603,RankSurprise
microVIMPPN_L_1-2+,4,368794.2144,377059.57376,8265.359360000002,368794.2144,377059.57376,8265.359360000002,28,5.0606930552387,RankSurprise
microVIMPPN_L_1-2+,4,382883.34848,383124.0704,240.72192000003997,382883.34848,383124.0704,240.72192000003997,4,4.742407249648377,RankSurprise
microVIMPPN_L_1-2+,4,388301.2096,388450.304,149.09440000000177,388301.2096,388450.304,149.09440000000177,4,5.887929427022794,RankSurprise
microVIMPPN_L_1-2+,4,391089.88928,391411.87584,321.9865599999903,391089.88928,391411.87584,321.9865599999903,4,4.1309176347325085,RankSurprise
microVIMPPN_L_1-2+,4,402930.60608,403283.1488,352.54272000002675,402930.60608,403283.1488,352.54272000002675,4,3.8566129152970916,RankSurprise
microVIMPPN_L_1-3+,0,11564.07296,11619.04128,54.96831999999995,11564.07296,11619.04128,54.96831999999995,3,4.309106686733388,RankSurprise
microVIMPPN_L_1-3+,0,23544.91392,23701.504,156.59008000000176,23544.91392,23701.504,156.59008000000176,4,4.293709956243262,RankSurprise
microVIMPPN_L_1-3+,0,31283.07712,31720.0384,436.96127999999953,31283.07712,31720.0384,436.96127999999953,6,4.404852665390779,RankSurprise
microVIMPPN_L_1-3+,0,32325.26336,32573.19424,247.9308799999999,32325.26336,32573.19424,247.9308799999999,6,7.041048017678563,RankSurprise
microVIMPPN_L_1-3+,0,38250.20928,38474.21952,224.01023999999597,38250.20928,38474.21952,224.01023999999597,4,3.616879487320407,RankSurprise
microVIMPPN_L_1-3+,0,44896.256,44949.504,53.24799999999959,44896.256,44949.504,53.24799999999959,3,4.3982586282221305,RankSurprise
microVIMPPN_L_1-3+,0,107274.36288,107438.6944,164.33151999999245,107274.36288,107438.6944,164.33151999999245,4,4.36871407994218,RankSurprise
microVIMPPN_L_1-3+,0,111290.94144,111346.19648,55.255040000003646,111290.94144,111346.19648,55.255040000003646,3,4.320035757265579,RankSurprise
microVIMPPN_L_1-3+,0,124015.8208,124072.05888,56.238079999995534,124015.8208,124072.05888,56.238079999995534,3,4.244757509963666,RankSurprise
microVIMPPN_L_1-3+,0,138431.81568,139295.9488,864.1331200000132,138431.81568,139295.9488,864.1331200000132,8,4.004934985725029,RankSurprise
microVIMPPN_L_1-3+,0,160412.83584,160504.38144,91.5455999999831,160412.83584,160504.38144,91.5455999999831,3,3.585425461859714,RankSurprise
microVIMPPN_L_1-3+,0,164041.07264,165968.11776,1927.0451199999952,164041.07264,165968.11776,1927.0451199999952,13,3.5733534831351186,RankSurprise
microVIMPPN_L_1-3+,0,175245.76256,176643.072,1397.3094399999827,175245.76256,176643.072,1397.3094399999827,11,4.5824518451116045,RankSurprise
microVIMPPN_L_1-3+,0,220213.28896,220281.77408,68.48511999999755,220213.28896,220281.77408,68.48511999999755,3,4.09239862420117,RankSurprise
microVIMPPN_L_1-3+,0,237844.23424,238340.83328,496.59904000000097,237844.23424,238340.83328,496.59904000000097,7,5.7938600794602335,RankSurprise
microVIMPPN_L_1-3+,0,256581.79584,256657.53088,75.73503999999957,256581.79584,256657.53088,75.73503999999957,3,3.810111278014027,RankSurprise
microVIMPPN_L_1-3+,0,272674.89792,272816.5376,141.63967999996385,272674.89792,272816.5376,141.63967999996385,4,4.605680075616618,RankSurprise
microVIMPPN_L_1-3+,0,280184.832,280238.53056,53.69855999998981,280184.832,280238.53056,53.69855999998981,3,4.564527896966949,RankSurprise
microVIMPPN_L_1-3+,0,282872.66816,282877.41952,4.751359999994747,282872.66816,282877.41952,4.751359999994747,3,9.850726674597425,RankSurprise
microVIMPPN_L_1-3+,0,287021.99808,288150.1184,1128.1203199999873,287021.99808,288150.1184,1128.1203199999873,10,5.299124721255913,RankSurprise
microVIMPPN_L_1-3+,0,289341.11232,290093.4656,752.3532799999812,289341.11232,290093.4656,752.3532799999812,7,3.7529932102589516,RankSurprise
microVIMPPN_L_1-3+,0,301172.1216,301208.3712,36.249599999981,301172.1216,301208.3712,36.249599999981,3,5.117323197078122,RankSurprise
microVIMPPN_L_1-3+,0,332828.13952,332911.98464,83.84511999995448,332828.13952,332911.98464,83.84511999995448,4,6.348573622393538,RankSurprise
microVIMPPN_L_1-3+,0,346776.08448,347192.9344,416.84992000000784,346776.08448,347192.9344,416.84992000000784,6,4.760757661790309,RankSurprise
microVIMPPN_L_1-3+,0,348349.19424,349340.59008,991.395840000012,348349.19424,349340.59008,991.395840000012,11,7.63552548621652,RankSurprise
microVIMPPN_L_1-3+,0,353033.58464,354400.41984,1366.8351999999722,353033.58464,354400.41984,1366.8351999999722,12,5.987995640732254,RankSurprise
microVIMPPN_L_1-3+,0,372992.32768,373598.12608,605.7984000000288,372992.32768,373598.12608,605.7984000000288,7,4.548896140558113,RankSurprise
microVIMPPN_L_1-3+,0,376866.24256,377260.4416,394.1990400000359,376866.24256,377260.4416,394.1990400000359,7,6.657514497335477,RankSurprise
microVIMPPN_L_1-3+,0,385971.48672,386329.92768,358.4409600000363,385971.48672,386329.92768,358.4409600000363,5,3.7890034446143233,RankSurprise
microVIMPPN_L_1-3+,0,395926.44608,396438.97856,512.5324799999944,395926.44608,396438.97856,512.5324799999944,7,5.672809880514833,RankSurprise
microVIMPPN_L_1-3+,0,401231.4624,401286.67648,55.2140800000052,401231.4624,401286.67648,55.2140800000052,3,4.331024878841173,RankSurprise
microVIMPPN_L_1-3+,1,129293.27104,130062.78656,769.5155199999863,129293.27104,130062.78656,769.5155199999863,5,4.457375014977892,RankSurprise
microVIMPPN_L_1-3+,1,149768.97024,150245.41696,476.4467200000072,149768.97024,150245.41696,476.4467200000072,5,5.7421178361915075,RankSurprise
microVIMPPN_L_1-3+,1,187521.024,188988.33408,1467.3100799999957,187521.024,188988.33408,1467.3100799999957,8,6.298359834754944,RankSurprise
microVIMPPN_L_1-3+,1,199136.82944,199512.55552,375.7260799999931,199136.82944,199512.55552,375.7260799999931,4,4.387697742190994,RankSurprise
microVIMPPN_L_1-3+,1,221040.76288,222863.31904,1822.5561600000074,221040.76288,222863.31904,1822.5561600000074,7,5.003763656371737,RankSurprise
microVIMPPN_L_1-3+,1,238127.80032,238152.00768,24.207360000000335,238127.80032,238152.00768,24.207360000000335,3,8.029853243759998,RankSurprise
microVIMPPN_L_1-3+,1,258748.17024,259621.23264,873.0623999999953,258748.17024,259621.23264,873.0623999999953,5,3.954352137506845,RankSurprise
microVIMPPN_L_1-3+,1,288333.45536,293695.2832,5361.827839999984,288333.45536,293695.2832,5361.827839999984,15,5.9752822221799695,RankSurprise
microVIMPPN_L_1-3+,1,325007.52384,325155.2256,147.7017600000254,325007.52384,325155.2256,147.7017600000254,3,4.190987613495043,RankSurprise
microVIMPPN_L_1-3+,1,331569.5616,331642.51136,72.9497599999886,331569.5616,331642.51136,72.9497599999886,3,5.139481485863833,RankSurprise
microVIMPPN_L_1-3+,1,336568.56576,336816.57856,248.01279999996768,336568.56576,336816.57856,248.01279999996768,3,3.5706551523784587,RankSurprise
microVIMPPN_L_1-3+,1,343844.57728,344537.00608,692.4287999999942,343844.57728,344537.00608,692.4287999999942,7,8.828848839473295,RankSurprise
microVIMPPN_L_1-3+,1,378627.72736,378802.09408,174.3667199999909,378627.72736,378802.09408,174.3667199999909,3,4.135809075199852,RankSurprise
microVIMPPN_L_1-3+,1,382360.24832,388651.90912,6291.660800000012,382360.24832,388651.90912,6291.660800000012,17,5.54933038913426,RankSurprise
microVIMPPN_L_1-3+,3,509.05088,2610.66752,2101.61664,509.05088,2610.66752,2101.61664,8,3.751078932109182,RankSurprise
microVIMPPN_L_1-3+,3,15136.64512,15266.77504,130.12992000000122,15136.64512,15266.77504,130.12992000000122,4,6.768217412524372,RankSurprise
microVIMPPN_L_1-3+,3,67904.26624,68239.68768,335.42144000000553,67904.26624,68239.68768,335.42144000000553,4,4.362261735378709,RankSurprise
microVIMPPN_L_1-3+,3,83779.42016,84102.67648,323.2563200000004,83779.42016,84102.67648,323.2563200000004,4,3.998615302952718,RankSurprise
microVIMPPN_L_1-3+,3,102847.73376,106634.24,3786.5062400000024,102847.73376,106634.24,3786.5062400000024,13,4.644793201969088,RankSurprise
microVIMPPN_L_1-3+,3,128902.79936,129504.09216,601.2927999999956,128902.79936,129504.09216,601.2927999999956,6,5.69694626653629,RankSurprise
microVIMPPN_L_1-3+,3,165214.98624,165340.73344,125.74720000001253,165214.98624,165340.73344,125.74720000001253,3,3.999269029215565,RankSurprise
microVIMPPN_L_1-3+,3,174221.88544,174304.82944,82.94399999998859,174221.88544,174304.82944,82.94399999998859,3,4.983238002231959,RankSurprise
microVIMPPN_L_1-3+,3,223466.00448,223610.75712,144.75263999999152,223466.00448,223610.75712,144.75263999999152,3,3.7624266335431944,RankSurprise
microVIMPPN_L_1-3+,3,231750.20544,231983.02208,232.81664000000455,231750.20544,231983.02208,232.81664000000455,4,4.79395313516758,RankSurprise
microVIMPPN_L_1-3+,3,249154.02752,253118.50496,3964.477439999988,249154.02752,253118.50496,3964.477439999988,13,5.115032278156294,RankSurprise
microVIMPPN_L_1-3+,3,257747.68128,258866.54464,1118.8633600000176,257747.68128,258866.54464,1118.8633600000176,6,3.816942589148299,RankSurprise
microVIMPPN_L_1-3+,3,299116.09344,299913.74848,797.6550399999833,299116.09344,299913.74848,797.6550399999833,6,5.618818617228953,RankSurprise
microVIMPPN_L_1-3+,3,335590.52288,335734.41536,143.89247999998042,335590.52288,335734.41536,143.89247999998042,3,3.6251145180787656,RankSurprise
microVIMPPN_L_1-3+,3,342850.39616,344296.2432,1445.8470400000224,342850.39616,344296.2432,1445.8470400000224,10,7.54617574332888,RankSurprise
microVIMPPN_L_1-3+,3,346193.5104,348285.41952,2091.9091199999675,346193.5104,348285.41952,2091.9091199999675,8,3.53141308480672,RankSurprise
microVIMPPN_L_1-3+,3,352278.89664,352617.0624,338.1657600000035,352278.89664,352617.0624,338.1657600000035,4,4.053917191076991,RankSurprise
microVIMPPN_L_1-3+,4,193.37216,339.72224,146.35008,193.37216,339.72224,146.35008,4,4.437270130023876,RankSurprise
microVIMPPN_L_1-3+,4,17356.75904,17485.33248,128.57344000000012,17356.75904,17485.33248,128.57344000000012,4,4.602147152039706,RankSurprise
microVIMPPN_L_1-3+,4,18365.48096,18415.4112,49.930239999997866,18365.48096,18415.4112,49.930239999997866,3,4.37034421137572,RankSurprise
microVIMPPN_L_1-3+,4,32092.07808,32277.34016,185.26208000000042,32092.07808,32277.34016,185.26208000000042,4,3.692847530390086,RankSurprise
microVIMPPN_L_1-3+,4,35599.07328,36616.92928,1017.8559999999998,35599.07328,36616.92928,1017.8559999999998,10,4.543304708402112,RankSurprise
microVIMPPN_L_1-3+,4,45288.07936,45594.46016,306.380799999999,45288.07936,45594.46016,306.380799999999,5,4.200006476297347,RankSurprise
microVIMPPN_L_1-3+,4,91554.57024,91626.78272,72.21248000000196,91554.57024,91626.78272,72.21248000000196,3,3.6789211691739148,RankSurprise
microVIMPPN_L_1-3+,4,101603.24608,101660.30336,57.05728000000818,101603.24608,101660.30336,57.05728000000818,3,4.150824790354903,RankSurprise
microVIMPPN_L_1-3+,4,102720.06144,102759.17824,39.11679999998887,102720.06144,102759.17824,39.11679999998887,3,4.8154745758763156,RankSurprise
microVIMPPN_L_1-3+,4,105857.26976,105906.09408,48.824319999999716,105857.26976,105906.09408,48.824319999999716,3,4.446003774220863,RankSurprise
microVIMPPN_L_1-3+,4,113124.72064,113336.48384,211.76320000000123,113124.72064,113336.48384,211.76320000000123,5,5.045692463442165,RankSurprise
microVIMPPN_L_1-3+,4,124413.70624,125421.40416,1007.697920000006,124413.70624,125421.40416,1007.697920000006,11,5.4484623372415575,RankSurprise
microVIMPPN_L_1-3+,4,130301.78816,131912.45824,1610.6700800000108,130301.78816,131912.45824,1610.6700800000108,15,6.022215386424366,RankSurprise
microVIMPPN_L_1-3+,4,154786.69312,154823.22944,36.5363199999847,154786.69312,154823.22944,36.5363199999847,3,4.97218262973349,RankSurprise
microVIMPPN_L_1-3+,4,172601.18016,172668.60032,67.42016000000876,172601.18016,172668.60032,67.42016000000876,3,3.843116374684554,RankSurprise
microVIMPPN_L_1-3+,4,177278.60736,177343.61088,65.00351999999839,177278.60736,177343.61088,65.00351999999839,3,3.864622027309572,RankSurprise
microVIMPPN_L_1-3+,4,189396.00896,190442.00448,1045.9955199999968,189396.00896,190442.00448,1045.9955199999968,10,4.313695156390344,RankSurprise
microVIMPPN_L_1-3+,4,192516.62848,192576.7168,60.08831999998074,192516.62848,192576.7168,60.08831999998074,3,4.006473000566395,RankSurprise
microVIMPPN_L_1-3+,4,197530.8288,197696.26624,165.4374400000088,197530.8288,197696.26624,165.4374400000088,5,6.076595789213883,RankSurprise
microVIMPPN_L_1-3+,4,216366.57152,216455.65952,89.08799999998882,216366.57152,216455.65952,89.08799999998882,4,5.629701142711966,RankSurprise
microVIMPPN_L_1-3+,4,242210.2016,242614.55872,404.3571200000006,242210.2016,242614.55872,404.3571200000006,6,4.521628828488469,RankSurprise
microVIMPPN_L_1-3+,4,244409.83552,245169.52064,759.6851200000092,244409.83552,245169.52064,759.6851200000092,8,3.795517423623717,RankSurprise
microVIMPPN_L_1-3+,4,245581.25056,245606.52288,25.272320000018226,245581.25056,245606.52288,25.272320000018226,3,5.779992718613576,RankSurprise
microVIMPPN_L_1-3+,4,272467.7632,273075.77344,608.0102400000324,272467.7632,273075.77344,608.0102400000324,7,3.7639709739816305,RankSurprise
microVIMPPN_L_1-3+,4,273614.4384,274314.11712,699.6787200000254,273614.4384,274314.11712,699.6787200000254,9,5.7438952733264035,RankSurprise
microVIMPPN_L_1-3+,4,278734.35648,278809.88672,75.53023999999277,278734.35648,278809.88672,75.53023999999277,3,3.705367907782472,RankSurprise
microVIMPPN_L_1-3+,4,291522.7648,292870.38976,1347.6249599999865,291522.7648,292870.38976,1347.6249599999865,15,7.9436155458598705,RankSurprise
microVIMPPN_L_1-3+,4,298347.47904,298715.01312,367.5340800000122,298347.47904,298715.01312,367.5340800000122,7,6.137613754996515,RankSurprise
microVIMPPN_L_1-3+,4,301010.3296,301079.67488,69.34528000000864,301010.3296,301079.67488,69.34528000000864,3,3.759334235902198,RankSurprise
microVIMPPN_L_1-3+,4,304859.05408,304931.34848,72.29440000001341,304859.05408,304931.34848,72.29440000001341,4,6.305109912389511,RankSurprise
microVIMPPN_L_1-3+,4,319914.63936,319989.3504,74.71104000002379,319914.63936,319989.3504,74.71104000002379,4,6.19743037864059,RankSurprise
microVIMPPN_L_1-3+,4,329189.86752,329256.59136,66.72383999999147,329189.86752,329256.59136,66.72383999999147,3,3.850259262196934,RankSurprise
microVIMPPN_L_1-3+,4,332488.21248,332566.3232,78.11071999999695,332488.21248,332566.3232,78.11071999999695,3,3.665827797647971,RankSurprise
microVIMPPN_L_1-3+,4,349278.04416,349432.6272,154.5830399999977,349278.04416,349432.6272,154.5830399999977,4,4.13243901645766,RankSurprise
microVIMPPN_L_1-3+,4,351402.10688,352075.48928,673.3824000000022,351402.10688,352075.48928,673.3824000000022,8,4.983296262704771,RankSurprise
microVIMPPN_L_1-3+,4,355635.56864,356148.6336,513.0649599999888,355635.56864,356148.6336,513.0649599999888,8,5.698675212663112,RankSurprise
microVIMPPN_L_1-3+,4,359990.23104,360075.34592,85.11488000000827,359990.23104,360075.34592,85.11488000000827,4,5.827033523504291,RankSurprise
microVIMPPN_L_1-3+,4,360816.64,361629.32736,812.6873599999817,360816.64,361629.32736,812.6873599999817,8,3.6545026575676105,RankSurprise
microVIMPPN_L_1-3+,4,374858.3424,374933.54496,75.20256000000518,374858.3424,374933.54496,75.20256000000518,3,3.557864808172564,RankSurprise
microVIMPPN_L_1-3+,4,376567.02976,377061.29408,494.2643200000166,376567.02976,377061.29408,494.2643200000166,6,3.6434121256786747,RankSurprise
microVIMPPN_L_1-3+,4,377741.5168,377804.43136,62.91456000000471,377741.5168,377804.43136,62.91456000000471,3,3.930562287074853,RankSurprise
microVIMPPN_L_1-3+,4,380358.16448,380534.29248,176.12800000002608,380358.16448,380534.29248,176.12800000002608,4,3.7990158639079574,RankSurprise
microVIMPPN_L_1-3+,4,382376.42752,382536.2944,159.86687999998685,382376.42752,382536.2944,159.86687999998685,4,4.117981132276178,RankSurprise
microVIMPPN_L_1-3+,4,388658.74944,388676.77184,18.022400000016205,388658.74944,388676.77184,18.022400000016205,3,6.549135087023103,RankSurprise
microVIMPPN_L_1-3+,4,390813.9008,391223.54176,409.6409599999897,390813.9008,391223.54176,409.6409599999897,7,5.852431599053391,RankSurprise
microVIMPPN_L_1-3+,4,393366.60992,394125.76256,759.1526399999857,393366.60992,394125.76256,759.1526399999857,10,6.996394210444384,RankSurprise
microVIMPPN_L_1-3+,4,400513.10592,400618.78272,105.67680000001565,400513.10592,400618.78272,105.67680000001565,4,5.193508199636149,RankSurprise
microVIMPPN_L_2-3+,0,30635.17184,30664.78592,29.614079999999376,30635.17184,30664.78592,29.614079999999376,3,7.030932599130091,RankSurprise
microVIMPPN_L_2-3+,0,43043.2256,47715.1232,4671.897600000004,43043.2256,47715.1232,4671.897600000004,13,4.138526138184934,RankSurprise
microVIMPPN_L_2-3+,0,85670.78912,86082.3552,411.56608000000415,85670.78912,86082.3552,411.56608000000415,4,4.190517996614105,RankSurprise
microVIMPPN_L_2-3+,0,113055.04768,114023.09632,968.0486399999936,113055.04768,114023.09632,968.0486399999936,5,3.7954775828852085,RankSurprise
microVIMPPN_L_2-3+,0,132503.38816,134005.67808,1502.2899200000102,132503.38816,134005.67808,1502.2899200000102,7,4.21658029280439,RankSurprise
microVIMPPN_L_2-3+,0,187655.41376,187948.35968,292.9459199999983,187655.41376,187948.35968,292.9459199999983,4,4.933042299104196,RankSurprise
microVIMPPN_L_2-3+,0,233433.57952,233909.0432,475.4636799999862,233433.57952,233909.0432,475.4636799999862,4,3.871224125080346,RankSurprise
microVIMPPN_L_2-3+,0,244255.58016,244871.3728,615.7926399999997,244255.58016,244871.3728,615.7926399999997,5,4.783154866524406,RankSurprise
microVIMPPN_L_2-3+,0,280541.71648,281708.05248,1166.3360000000102,280541.71648,281708.05248,1166.3360000000102,7,6.10125862731819,RankSurprise
microVIMPPN_L_2-3+,0,285888.79872,286137.05728,248.25855999998748,285888.79872,286137.05728,248.25855999998748,4,5.471819304309427,RankSurprise
microVIMPPN_L_2-3+,0,366381.91616,366824.98048,443.06432000000495,366381.91616,366824.98048,443.06432000000495,4,3.9148091082396377,RankSurprise
microVIMPPN_L_2-3+,0,377498.33728,378932.71552,1434.3782400000491,377498.33728,378932.71552,1434.3782400000491,7,4.401661857840368,RankSurprise
microVIMPPN_L_2-3+,0,391959.87968,392624.3328,664.4531199999619,391959.87968,392624.3328,664.4531199999619,6,6.472314034725692,RankSurprise
microVIMPPN_L_2-3+,0,403051.56096,406055.19872,3003.6377600000123,403051.56096,406055.19872,3003.6377600000123,12,5.939073052569401,RankSurprise
microVIMPPN_L_2-3+,1,835.66592,1108.09088,272.42495999999994,835.66592,1108.09088,272.42495999999994,6,4.09318748188041,RankSurprise
microVIMPPN_L_2-3+,1,5112.0128,5195.40736,83.39455999999973,5112.0128,5195.40736,83.39455999999973,4,4.240737646434027,RankSurprise
microVIMPPN_L_2-3+,1,23504.32256,23720.50944,216.1868800000011,23504.32256,23720.50944,216.1868800000011,5,3.6347263448263014,RankSurprise
microVIMPPN_L_2-3+,1,25928.78592,26128.91648,200.13056000000142,25928.78592,26128.91648,200.13056000000142,5,3.8066328217067387,RankSurprise
microVIMPPN_L_2-3+,1,27402.11712,28636.52864,1234.4115200000015,27402.11712,28636.52864,1234.4115200000015,13,3.5588977892374993,RankSurprise
microVIMPPN_L_2-3+,1,31946.83392,31997.66528,50.83136000000013,31946.83392,31997.66528,50.83136000000013,4,5.314511766629838,RankSurprise
microVIMPPN_L_2-3+,1,34340.864,34612.34688,271.48287999999593,34340.864,34612.34688,271.48287999999593,6,4.624612486280175,RankSurprise
microVIMPPN_L_2-3+,1,48545.62816,48578.06848,32.44032000000152,48545.62816,48578.06848,32.44032000000152,3,4.1329514556437275,RankSurprise
microVIMPPN_L_2-3+,1,49111.6544,49277.78816,166.13375999999698,49111.6544,49277.78816,166.13375999999698,5,4.168675463287592,RankSurprise
microVIMPPN_L_2-3+,1,55294.3616,55316.02944,21.66784000000189,55294.3616,55316.02944,21.66784000000189,3,4.782613524263933,RankSurprise
microVIMPPN_L_2-3+,1,83854.99136,83858.35008,3.3587200000038138,83854.99136,83858.35008,3.3587200000038138,3,11.420854034749738,RankSurprise
microVIMPPN_L_2-3+,1,93429.84192,93483.25376,53.411840000000666,93429.84192,93483.25376,53.411840000000666,4,5.282539815959453,RankSurprise
microVIMPPN_L_2-3+,1,104996.33152,105089.39264,93.06111999999848,104996.33152,105089.39264,93.06111999999848,4,4.45414392532069,RankSurprise
microVIMPPN_L_2-3+,1,110682.97216,110957.3632,274.39104000000225,110682.97216,110957.3632,274.39104000000225,6,4.1876447987906,RankSurprise
microVIMPPN_L_2-3+,1,112484.9664,112597.6064,112.63999999999942,112484.9664,112597.6064,112.63999999999942,4,3.7543042322416262,RankSurprise
microVIMPPN_L_2-3+,1,116975.0016,117069.86496,94.86336000000301,116975.0016,117069.86496,94.86336000000301,4,4.006665536761972,RankSurprise
microVIMPPN_L_2-3+,1,119061.34016,119150.87872,89.53855999998632,119061.34016,119150.87872,89.53855999998632,4,4.2746363478199,RankSurprise
microVIMPPN_L_2-3+,1,124666.96192,125716.31616,1049.3542400000006,124666.96192,125716.31616,1049.3542400000006,17,8.937362678793683,RankSurprise
microVIMPPN_L_2-3+,1,126355.70176,127467.76576,1112.0639999999985,126355.70176,127467.76576,1112.0639999999985,17,7.592627435931702,RankSurprise
microVIMPPN_L_2-3+,1,129150.48448,129509.45792,358.9734400000016,129150.48448,129509.45792,358.9734400000016,7,4.62573554362502,RankSurprise
microVIMPPN_L_2-3+,1,130309.40672,130603.08992,293.6831999999995,130309.40672,130603.08992,293.6831999999995,8,7.606885470667595,RankSurprise
microVIMPPN_L_2-3+,1,131167.8464,131227.27936,59.43295999997645,131167.8464,131227.27936,59.43295999997645,4,5.1125369217546,RankSurprise
microVIMPPN_L_2-3+,1,163371.4176,163588.75136,217.33376000000862,163371.4176,163588.75136,217.33376000000862,5,3.7298795481141305,RankSurprise
microVIMPPN_L_2-3+,1,164769.5872,164957.02016,187.43295999997645,164769.5872,164957.02016,187.43295999997645,6,5.636580284878342,RankSurprise
microVIMPPN_L_2-3+,1,187445.49376,187460.11648,14.622719999984838,187445.49376,187460.11648,14.622719999984838,3,5.16697180579758,RankSurprise
microVIMPPN_L_2-3+,1,188932.66944,189232.20992,299.540479999996,188932.66944,189232.20992,299.540479999996,6,3.533026442908046,RankSurprise
microVIMPPN_L_2-3+,1,192603.5456,192701.11232,97.56671999997343,192603.5456,192701.11232,97.56671999997343,4,4.062611264667744,RankSurprise
microVIMPPN_L_2-3+,1,218708.04992,218726.68672,18.636800000007497,218708.04992,218726.68672,18.636800000007497,4,8.103851299294433,RankSurprise
microVIMPPN_L_2-3+,1,225133.48608,225527.93088,394.4447999999975,225133.48608,225527.93088,394.4447999999975,7,3.7634040265612736,RankSurprise
microVIMPPN_L_2-3+,1,237548.78976,237555.83488,7.045119999995222,237548.78976,237555.83488,7.045119999995222,3,7.158174157708423,RankSurprise
microVIMPPN_L_2-3+,1,237892.07552,238010.61376,118.5382399999944,237892.07552,238010.61376,118.5382399999944,4,3.760680434979136,RankSurprise
microVIMPPN_L_2-3+,1,265675.03872,265692.07808,17.039359999995213,265675.03872,265692.07808,17.039359999995213,3,5.177334592833127,RankSurprise
microVIMPPN_L_2-3+,1,269881.63072,269935.49312,53.86239999998361,269881.63072,269935.49312,53.86239999998361,4,5.577495193371387,RankSurprise
microVIMPPN_L_2-3+,1,285925.94944,286923.1616,997.2121599999955,285925.94944,286923.1616,997.2121599999955,13,4.343479942834351,RankSurprise
microVIMPPN_L_2-3+,1,287436.10368,287639.552,203.44832000002498,287436.10368,287639.552,203.44832000002498,6,5.497906334173912,RankSurprise
microVIMPPN_L_2-3+,1,291990.81472,292009.86112,19.04639999999199,291990.81472,292009.86112,19.04639999999199,4,8.464000982504576,RankSurprise
microVIMPPN_L_2-3+,1,292562.944,292574.8224,11.878399999986868,292562.944,292574.8224,11.878399999986868,3,5.939520907978272,RankSurprise
microVIMPPN_L_2-3+,1,292780.60544,293395.12832,614.5228800000041,292780.60544,293395.12832,614.5228800000041,9,4.075137473602563,RankSurprise
microVIMPPN_L_2-3+,1,297433.7024,297466.10176,32.39935999998124,297433.7024,297466.10176,32.39935999998124,3,3.939251385585454,RankSurprise
microVIMPPN_L_2-3+,1,299763.05664,300242.57536,479.51871999999275,299763.05664,300242.57536,479.51871999999275,8,4.260057392475191,RankSurprise
microVIMPPN_L_2-3+,1,301815.97184,301996.35968,180.38783999998122,301815.97184,301996.35968,180.38783999998122,5,4.1013762529422095,RankSurprise
microVIMPPN_L_2-3+,1,312861.2864,313411.584,550.2975999999908,312861.2864,313411.584,550.2975999999908,10,5.851344191775782,RankSurprise
microVIMPPN_L_2-3+,1,316603.51488,316623.83104,20.316160000045784,316603.51488,316623.83104,20.316160000045784,3,4.603266624391011,RankSurprise
microVIMPPN_L_2-3+,1,324630.07744,324660.87936,30.801919999998063,324630.07744,324660.87936,30.801919999998063,3,3.9902457517888923,RankSurprise
microVIMPPN_L_2-3+,1,330838.05696,330849.64864,11.591680000012275,330838.05696,330849.64864,11.591680000012275,3,5.75097311176922,RankSurprise
microVIMPPN_L_2-3+,1,331217.46944,331923.6608,706.1913599999971,331217.46944,331923.6608,706.1913599999971,10,4.438786752315302,RankSurprise
microVIMPPN_L_2-3+,1,336299.29472,336418.69312,119.3984000000055,336299.29472,336418.69312,119.3984000000055,4,3.5185887924253194,RankSurprise
microVIMPPN_L_2-3+,1,338813.3376,338824.35584,11.018239999946672,338813.3376,338824.35584,11.018239999946672,4,10.037622674769459,RankSurprise
microVIMPPN_L_2-3+,1,339300.92544,339317.84192,16.91647999995621,339300.92544,339317.84192,16.91647999995621,3,5.027263280799108,RankSurprise
microVIMPPN_L_2-3+,1,340927.40608,340937.27744,9.87135999999009,340927.40608,340937.27744,9.87135999999009,3,6.147712036188599,RankSurprise
microVIMPPN_L_2-3+,1,359573.58592,359597.75232,24.16640000004554,359573.58592,359597.75232,24.16640000004554,3,4.482246292284836,RankSurprise
microVIMPPN_L_2-3+,1,370598.21568,370620.74368,22.527999999991152,370598.21568,370620.74368,22.527999999991152,3,4.825718841288358,RankSurprise
microVIMPPN_L_2-3+,1,382204.96896,382252.68736,47.71839999995427,382204.96896,382252.68736,47.71839999995427,3,3.653049211455233,RankSurprise
microVIMPPN_L_2-3+,1,385219.95264,392945.33632,7725.383680000028,385219.95264,392945.33632,7725.383680000028,108,38.35188807047525,RankSurprise
microVIMPPN_L_2-3+,1,393403.10528,393409.00352,5.898240000009537,393403.10528,393409.00352,5.898240000009537,3,7.8144508024600405,RankSurprise
microVIMPPN_L_2-3+,1,394462.8224,396114.24768,1651.4252799999667,394462.8224,396114.24768,1651.4252799999667,19,6.264392645875127,RankSurprise
microVIMPPN_L_2-3+,1,398593.26976,398606.37696,13.10720000002766,398593.26976,398606.37696,13.10720000002766,3,5.57867931539052,RankSurprise
microVIMPPN_L_2-3+,1,402181.28384,402632.62208,451.33824000001187,402181.28384,402632.62208,451.33824000001187,8,4.355610933691668,RankSurprise
microVIMPPN_L_2-3+,1,405190.49216,405217.44384,26.951679999998305,405190.49216,405217.44384,26.951679999998305,3,4.208313775416158,RankSurprise
microVIMPPN_L_2-3+,2,24990.84288,25909.82144,918.9785599999996,24990.84288,25909.82144,918.9785599999996,8,4.214028340277527,RankSurprise
microVIMPPN_L_2-3+,2,28128.0512,28476.94848,348.8972799999974,28128.0512,28476.94848,348.8972799999974,5,3.999399500285179,RankSurprise
microVIMPPN_L_2-3+,2,31158.43584,31533.58848,375.15264000000025,31158.43584,31533.58848,375.15264000000025,6,5.426262802731941,RankSurprise
microVIMPPN_L_2-3+,2,32777.95328,34028.70784,1250.7545600000012,32777.95328,34028.70784,1250.7545600000012,10,4.015249098074436,RankSurprise
microVIMPPN_L_2-3+,2,38984.62208,39290.34752,305.725440000002,38984.62208,39290.34752,305.725440000002,6,6.3539306640301945,RankSurprise
microVIMPPN_L_2-3+,2,61357.91616,61391.95392,34.03775999999925,61357.91616,61391.95392,34.03775999999925,3,5.559870113012659,RankSurprise
microVIMPPN_L_2-3+,2,62184.448,62719.09888,534.650880000001,62184.448,62719.09888,534.650880000001,6,3.65414260390962,RankSurprise
microVIMPPN_L_2-3+,2,64021.58592,64209.75616,188.17023999999947,64021.58592,64209.75616,188.17023999999947,4,4.107807511113556,RankSurprise
microVIMPPN_L_2-3+,2,68429.824,68501.58592,71.76192000000447,68429.824,68501.58592,71.76192000000447,3,4.070718366453059,RankSurprise
microVIMPPN_L_2-3+,2,72375.74656,72553.59488,177.8483200000046,72375.74656,72553.59488,177.8483200000046,4,4.296846903761626,RankSurprise
microVIMPPN_L_2-3+,2,82788.72064,83172.9664,384.24576000000525,82788.72064,83172.9664,384.24576000000525,5,3.564768020408934,RankSurprise
microVIMPPN_L_2-3+,2,126644.8384,126818.18112,173.34272000000055,126644.8384,126818.18112,173.34272000000055,7,11.93456132296015,RankSurprise
microVIMPPN_L_2-3+,2,127362.4576,128197.91872,835.4611200000072,127362.4576,128197.91872,835.4611200000072,8,4.268585940288714,RankSurprise
microVIMPPN_L_2-3+,2,131500.40064,131570.44224,70.04159999999683,131500.40064,131570.44224,70.04159999999683,3,4.209045931341075,RankSurprise
microVIMPPN_L_2-3+,2,137106.67776,137292.5952,185.91744000001927,137106.67776,137292.5952,185.91744000001927,5,6.239493290655101,RankSurprise
microVIMPPN_L_2-3+,2,140433.28512,140506.3168,73.0316800000146,140433.28512,140506.3168,73.0316800000146,3,4.070718366453059,RankSurprise
microVIMPPN_L_2-3+,2,175859.99872,175882.77248,22.773760000010952,175859.99872,175882.77248,22.773760000010952,3,6.248985030044665,RankSurprise
microVIMPPN_L_2-3+,2,228382.9248,229323.85792,940.9331200000015,228382.9248,229323.85792,940.9331200000015,10,6.054092155562574,RankSurprise
microVIMPPN_L_2-3+,2,249866.97728,250066.7392,199.76192000001902,249866.97728,250066.7392,199.76192000001902,4,3.9245864255319667,RankSurprise
microVIMPPN_L_2-3+,2,275222.85568,275266.9696,44.11392000003252,275222.85568,275266.9696,44.11392000003252,3,5.048317480854051,RankSurprise
microVIMPPN_L_2-3+,2,278576.37376,278642.2784,65.90464000002248,278576.37376,278642.2784,65.90464000002248,3,4.346667309217123,RankSurprise
microVIMPPN_L_2-3+,2,280253.07136,280310.45632,57.38495999999577,280253.07136,280310.45632,57.38495999999577,3,4.578813613096193,RankSurprise
microVIMPPN_L_2-3+,2,288887.1936,288985.33376,98.14016000000993,288887.1936,288985.33376,98.14016000000993,3,3.574461789022644,RankSurprise
microVIMPPN_L_2-3+,2,308267.99104,308312.064,44.07296000001952,308267.99104,308312.064,44.07296000001952,4,8.359779664761458,RankSurprise
microVIMPPN_L_2-3+,2,333027.77856,335550.01344,2522.2348800000036,333027.77856,335550.01344,2522.2348800000036,16,3.557789365278341,RankSurprise
microVIMPPN_L_2-3+,2,346819.33824,346991.86176,172.5235199999879,346819.33824,346991.86176,172.5235199999879,4,4.35845088428221,RankSurprise
microVIMPPN_L_2-3+,2,357560.89344,357964.67712,403.7836799999932,357560.89344,357964.67712,403.7836799999932,6,4.912502341333493,RankSurprise
microVIMPPN_L_2-3+,2,362227.42528,362312.86784,85.44255999999586,362227.42528,362312.86784,85.44255999999586,4,6.425482819103252,RankSurprise
microVIMPPN_L_2-3+,2,371511.37792,371659.65312,148.27519999997457,371511.37792,371659.65312,148.27519999997457,5,7.043023152460776,RankSurprise
microVIMPPN_L_2-3+,2,376495.3088,379982.72512,3487.4163200000185,376495.3088,379982.72512,3487.4163200000185,25,7.489368097550995,RankSurprise
microVIMPPN_L_2-3+,2,382403.584,382690.34496,286.76096000004327,382403.584,382690.34496,286.76096000004327,5,4.621421141609709,RankSurprise
microVIMPPN_L_2-3+,2,385265.0496,388658.7904,3393.7407999999705,385265.0496,388658.7904,3393.7407999999705,27,10.657365824521913,RankSurprise
microVIMPPN_L_2-3+,2,389453.53728,391223.58272,1770.0454400000162,389453.53728,391223.58272,1770.0454400000162,13,4.9709332152644805,RankSurprise
microVIMPPN_L_2-3+,2,395225.62048,395390.52544,164.9049600000144,395225.62048,395390.52544,164.9049600000144,5,6.646219885852872,RankSurprise
microVIMPPN_L_2-3+,2,405012.39808,405659.97568,647.5775999999605,405012.39808,405659.97568,647.5775999999605,7,4.108112757689356,RankSurprise
microVIMPPN_L_2-3+,3,70.656,501.63712,430.98112,70.656,501.63712,430.98112,5,4.541124780286175,RankSurprise
microVIMPPN_L_2-3+,3,23564.82048,23612.53888,47.718400000001566,23564.82048,23612.53888,47.718400000001566,3,5.274875516611129,RankSurprise
microVIMPPN_L_2-3+,3,34071.92064,34212.12672,140.20608000000357,34071.92064,34212.12672,140.20608000000357,3,3.6352086022157124,RankSurprise
microVIMPPN_L_2-3+,3,41654.64064,41727.95904,73.31840000000375,41654.64064,41727.95904,73.31840000000375,3,4.695841642818605,RankSurprise
microVIMPPN_L_2-3+,3,76912.8448,76938.4448,25.59999999999127,76912.8448,76938.4448,25.59999999999127,3,6.766246262118289,RankSurprise
microVIMPPN_L_2-3+,3,111199.19104,111405.75232,206.56127999999444,111199.19104,111405.75232,206.56127999999444,4,4.9028738792007225,RankSurprise
microVIMPPN_L_2-3+,3,115409.34656,115519.65184,110.3052800000005,115409.34656,115519.65184,110.3052800000005,3,3.895853914820318,RankSurprise
microVIMPPN_L_2-3+,3,125031.87456,125688.6272,656.7526400000061,125031.87456,125688.6272,656.7526400000061,7,6.131139914856181,RankSurprise
microVIMPPN_L_2-3+,3,129339.10528,129802.28096,463.1756800000003,129339.10528,129802.28096,463.1756800000003,10,14.720929980834953,RankSurprise
microVIMPPN_L_2-3+,3,132060.11904,132129.75104,69.63200000001234,132060.11904,132129.75104,69.63200000001234,3,4.785244793251705,RankSurprise
microVIMPPN_L_2-3+,3,239872.98304,242268.89728,2395.914240000013,239872.98304,242268.89728,2395.914240000013,11,3.538448204336997,RankSurprise
microVIMPPN_L_2-3+,3,298016.27648,298523.81184,507.53535999997985,298016.27648,298523.81184,507.53535999997985,7,7.5538698997757265,RankSurprise
microVIMPPN_L_2-3+,3,308339.01568,308904.63232,565.6166399999638,308339.01568,308904.63232,565.6166399999638,7,6.80043256608996,RankSurprise
microVIMPPN_L_2-3+,3,319392.93184,319503.23712,110.3052800000296,319392.93184,319503.23712,110.3052800000296,3,4.001142871567241,RankSurprise
microVIMPPN_L_2-3+,3,332095.97952,332656.35328,560.3737599999877,332095.97952,332656.35328,560.3737599999877,5,3.591632455435871,RankSurprise
microVIMPPN_L_2-3+,3,334231.83872,334332.02688,100.1881600000197,334231.83872,334332.02688,100.1881600000197,3,4.2127256004803755,RankSurprise
microVIMPPN_L_2-3+,3,345147.67872,345265.23392,117.55520000000251,345147.67872,345265.23392,117.55520000000251,3,3.795831796548587,RankSurprise
microVIMPPN_L_2-3+,3,361427.10784,362905.31328,1478.2054399999906,361427.10784,362905.31328,1478.2054399999906,8,3.9028245814839146,RankSurprise
microVIMPPN_L_2-3+,3,373484.83072,374778.01984,1293.1891199999955,373484.83072,374778.01984,1293.1891199999955,9,5.686312203730889,RankSurprise
microVIMPPN_L_2-3+,3,381109.248,381660.16,550.911999999953,381109.248,381660.16,550.911999999953,5,3.6113369951921683,RankSurprise
microVIMPPN_L_2-3+,3,384742.93248,386115.9936,1373.0611199999694,384742.93248,386115.9936,1373.0611199999694,8,3.948399811154538,RankSurprise
microVIMPPN_L_2-3+,3,388597.10464,388672.9216,75.81696000002557,388597.10464,388672.9216,75.81696000002557,3,4.652595450961236,RankSurprise
microVIMPPN_L_2-3+,3,391248.40448,391451.19744,202.79295999999158,391248.40448,391451.19744,202.79295999999158,5,7.060262262542221,RankSurprise
microVIMPPN_L_4-5+,0,14446.01856,14486.15936,40.14079999999922,14446.01856,14486.15936,40.14079999999922,3,4.548852821926781,RankSurprise
microVIMPPN_L_4-5+,0,18733.50656,18743.99232,10.485759999999573,18733.50656,18743.99232,10.485759999999573,3,7.093543848877241,RankSurprise
microVIMPPN_L_4-5+,0,32403.37408,32655.19616,251.8220799999981,32403.37408,32655.19616,251.8220799999981,5,3.863054872319779,RankSurprise
microVIMPPN_L_4-5+,0,45391.2576,46314.16832,922.9107199999999,45391.2576,46314.16832,922.9107199999999,15,9.888454392680332,RankSurprise
microVIMPPN_L_4-5+,0,49589.69856,49613.70112,24.002560000000813,49589.69856,49613.70112,24.002560000000813,3,5.469824479807746,RankSurprise
microVIMPPN_L_4-5+,0,53298.09408,53313.86368,15.769599999999627,53298.09408,53313.86368,15.769599999999627,3,6.388307164962853,RankSurprise
microVIMPPN_L_4-5+,0,63169.1264,64021.13536,852.0089599999992,63169.1264,64021.13536,852.0089599999992,9,3.61846589551922,RankSurprise
microVIMPPN_L_4-5+,0,66175.83616,66430.19776,254.36159999998927,66175.83616,66430.19776,254.36159999998927,8,9.64454370424832,RankSurprise
microVIMPPN_L_4-5+,0,73545.03168,73562.68544,17.653760000001057,73545.03168,73562.68544,17.653760000001057,3,6.0524322107246356,RankSurprise
microVIMPPN_L_4-5+,0,76898.5088,76933.61152,35.10272000000987,76898.5088,76933.61152,35.10272000000987,3,4.907130187645237,RankSurprise
microVIMPPN_L_4-5+,0,78047.72352,78184.77568,137.05216000000655,78047.72352,78184.77568,137.05216000000655,6,8.283146892885263,RankSurprise
microVIMPPN_L_4-5+,0,81576.05888,81969.68448,393.6255999999994,81576.05888,81969.68448,393.6255999999994,6,4.11585341238073,RankSurprise
microVIMPPN_L_4-5+,0,82874.65472,82928.35328,53.69855999998981,82874.65472,82928.35328,53.69855999998981,4,6.770932338816184,RankSurprise
microVIMPPN_L_4-5+,0,86597.75488,86606.68416,8.929280000011204,86597.75488,86606.68416,8.929280000011204,3,7.263149139525945,RankSurprise
microVIMPPN_L_4-5+,0,93453.63968,93668.84352,215.20384000000195,93453.63968,93668.84352,215.20384000000195,6,6.106943542156621,RankSurprise
microVIMPPN_L_4-5+,0,94252.89216,96945.11104,2692.2188800000004,94252.89216,96945.11104,2692.2188800000004,24,6.027051371293161,RankSurprise
microVIMPPN_L_4-5+,0,139418.8288,139438.77632,19.947520000016084,139418.8288,139438.77632,19.947520000016084,3,5.850421521337898,RankSurprise
microVIMPPN_L_4-5+,0,142889.1648,143208.89856,319.7337600000028,142889.1648,143208.89856,319.7337600000028,7,6.305287797793858,RankSurprise
microVIMPPN_L_4-5+,0,151635.31264,152021.23776,385.9251199999999,151635.31264,152021.23776,385.9251199999999,6,3.6819444722635,RankSurprise
microVIMPPN_L_4-5+,0,153582.46912,153824.17408,241.70496000000276,153582.46912,153824.17408,241.70496000000276,6,5.6065255741358015,RankSurprise
microVIMPPN_L_4-5+,0,174039.4496,174200.05376,160.60416000001715,174039.4496,174200.05376,160.60416000001715,4,3.542028213314474,RankSurprise
microVIMPPN_L_4-5+,0,224231.95648,224302.16192,70.20544000001973,224231.95648,224302.16192,70.20544000001973,4,5.928860012602044,RankSurprise
microVIMPPN_L_4-5+,0,234396.50816,234464.54272,68.03456000000006,234396.50816,234464.54272,68.03456000000006,3,3.518107311872141,RankSurprise
microVIMPPN_L_4-5+,0,240040.7552,241896.73472,1855.9795199999935,240040.7552,241896.73472,1855.9795199999935,18,5.113582631838789,RankSurprise
microVIMPPN_L_4-5+,0,244857.28256,245411.4304,554.1478400000196,244857.28256,245411.4304,554.1478400000196,8,5.200794574460175,RankSurprise
microVIMPPN_L_4-5+,0,246680.86272,247363.25632,682.3935999999812,246680.86272,247363.25632,682.3935999999812,9,4.196394023563091,RankSurprise
microVIMPPN_L_4-5+,0,249594.88,249801.64608,206.76608000000124,249594.88,249801.64608,206.76608000000124,5,4.514149102997305,RankSurprise
microVIMPPN_L_4-5+,0,254116.16768,254228.23424,112.06655999997747,254116.16768,254228.23424,112.06655999997747,4,4.474762400635008,RankSurprise
microVIMPPN_L_4-5+,0,259331.03104,259992.65792,661.6268799999962,259331.03104,259992.65792,661.6268799999962,8,4.150621038227091,RankSurprise
microVIMPPN_L_4-5+,0,263244.22656,263517.26592,273.0393599999952,263244.22656,263517.26592,273.0393599999952,5,3.7513763440317014,RankSurprise
microVIMPPN_L_4-5+,0,267852.1856,268265.43104,413.2454399999697,267852.1856,268265.43104,413.2454399999697,6,3.8022581853970534,RankSurprise
microVIMPPN_L_4-5+,0,276988.928,277578.38336,589.4553599999635,276988.928,277578.38336,589.4553599999635,9,5.092458995182488,RankSurprise
microVIMPPN_L_4-5+,0,285455.7696,285800.2432,344.47360000002664,285455.7696,285800.2432,344.47360000002664,9,9.028947289750828,RankSurprise
microVIMPPN_L_4-5+,0,290287.4112,290352.3328,64.92160000000149,290287.4112,290352.3328,64.92160000000149,3,3.595787128028574,RankSurprise
microVIMPPN_L_4-5+,0,302882.89792,302898.66752,15.769599999999627,302882.89792,302898.66752,15.769599999999627,3,6.411296683187553,RankSurprise
microVIMPPN_L_4-5+,0,303671.21408,303713.23904,42.02496000000974,303671.21408,303713.23904,42.02496000000974,3,4.408134778925875,RankSurprise
microVIMPPN_L_4-5+,0,306766.0288,306818.90816,52.879360000020824,306766.0288,306818.90816,52.879360000020824,3,3.9746256868102936,RankSurprise
microVIMPPN_L_4-5+,0,325890.37568,325955.50208,65.12640000000829,325890.37568,325955.50208,65.12640000000829,4,6.141484085989116,RankSurprise
microVIMPPN_L_4-5+,0,339657.03168,339801.74336,144.71168000000762,339657.03168,339801.74336,144.71168000000762,5,5.738984224883275,RankSurprise
microVIMPPN_L_4-5+,0,342095.62624,342119.66976,24.043520000006538,342095.62624,342119.66976,24.043520000006538,3,5.528437519706303,RankSurprise
microVIMPPN_L_4-5+,0,344082.75968,347193.63072,3110.871039999998,344082.75968,347193.63072,3110.871039999998,27,6.085383868700659,RankSurprise
microVIMPPN_L_4-5+,0,355706.0608,355718.7584,12.697600000014063,355706.0608,355718.7584,12.697600000014063,3,6.683330644273003,RankSurprise
microVIMPPN_L_4-5+,0,360232.83712,360291.86048,59.02335999999195,360232.83712,360291.86048,59.02335999999195,3,3.8423457197460085,RankSurprise
microVIMPPN_L_4-5+,0,365114.61376,365263.13472,148.52095999999437,365114.61376,365263.13472,148.52095999999437,4,3.7408741864104478,RankSurprise
microVIMPPN_L_4-5+,0,370357.49376,370622.75072,265.2569600000279,370357.49376,370622.75072,265.2569600000279,7,7.24064856077085,RankSurprise
microVIMPPN_L_4-5+,0,372368.26112,372886.69184,518.4307200000039,372368.26112,372886.69184,518.4307200000039,7,3.7015424013156224,RankSurprise
microVIMPPN_L_4-5+,0,375059.21024,375091.07712,31.86687999998685,375059.21024,375091.07712,31.86687999998685,3,5.162551397878797,RankSurprise
microVIMPPN_L_4-5+,0,378395.0336,378448.97792,53.944319999951404,378395.0336,378448.97792,53.944319999951404,3,4.072719202583642,RankSurprise
microVIMPPN_L_4-5+,0,381046.00576,381077.34016,31.334400000050664,381046.00576,381077.34016,31.334400000050664,3,4.984918370483664,RankSurprise
microVIMPPN_L_4-5+,2,50004.66432,53228.17536,3223.5110399999976,50004.66432,53228.17536,3223.5110399999976,10,3.719557966537285,RankSurprise
microVIMPPN_L_4-5+,2,75362.34496,82553.56928,7191.224319999994,75362.34496,82553.56928,7191.224319999994,17,3.7865859152052526,RankSurprise
microVIMPPN_L_4-5+,2,103753.68704,104447.09888,693.4118400000007,103753.68704,104447.09888,693.4118400000007,5,4.812161680392631,RankSurprise
microVIMPPN_L_4-5+,2,151538.03264,152032.70656,494.6739200000011,151538.03264,152032.70656,494.6739200000011,4,3.960341726356056,RankSurprise
microVIMPPN_L_4-5+,2,219045.19168,220459.66336,1414.471680000017,219045.19168,220459.66336,1414.471680000017,7,4.978013477577801,RankSurprise
microVIMPPN_L_4-5+,2,224712.04864,228070.44096,3358.3923200000136,224712.04864,228070.44096,3358.3923200000136,11,4.812864324652106,RankSurprise
microVIMPPN_L_4-5+,2,231217.52064,234946.92864,3729.407999999996,231217.52064,234946.92864,3729.407999999996,11,4.054445077225485,RankSurprise
microVIMPPN_L_4-5+,2,254433.15712,254646.59968,213.44256000002497,254433.15712,254646.59968,213.44256000002497,3,3.7147923231095383,RankSurprise
microVIMPPN_L_4-5+,2,273571.75808,273726.09536,154.3372799999779,273571.75808,273726.09536,154.3372799999779,3,4.48745325073825,RankSurprise
microVIMPPN_L_4-5+,2,325006.1312,325305.63072,299.4995200000121,325006.1312,325305.63072,299.4995200000121,4,5.528248895948167,RankSurprise
microVIMPPN_L_4-5+,2,331306.3936,335830.26176,4523.868160000013,331306.3936,335830.26176,4523.868160000013,18,9.771183719124485,RankSurprise
microVIMPPN_L_4-5+,2,339337.0112,339559.87456,222.86336000001756,339337.0112,339559.87456,222.86336000001756,3,3.828462947212829,RankSurprise
microVIMPPN_L_4-5+,2,346197.8112,346678.64064,480.82944000000134,346197.8112,346678.64064,480.82944000000134,4,3.975455364166102,RankSurprise
microVIMPPN_L_4-5+,2,363158.03648,365164.1344,2006.097919999971,363158.03648,365164.1344,2006.097919999971,9,5.740680324243347,RankSurprise
microVIMPPN_L_4-5+,3,17256.69376,17658.96192,402.26816000000326,17256.69376,17658.96192,402.26816000000326,4,4.150207735701603,RankSurprise
microVIMPPN_L_4-5+,3,45677.3632,49016.0128,3338.649599999997,45677.3632,49016.0128,3338.649599999997,12,4.538671001591712,RankSurprise
microVIMPPN_L_4-5+,3,64849.42848,65767.95648,918.5279999999912,64849.42848,65767.95648,918.5279999999912,5,3.7276655718035663,RankSurprise
microVIMPPN_L_4-5+,3,71117.57824,71304.64256,187.0643199999904,71117.57824,71304.64256,187.0643199999904,4,6.3862683046867375,RankSurprise
microVIMPPN_L_4-5+,3,73586.15552,74043.1872,457.03168000000005,73586.15552,74043.1872,457.03168000000005,4,3.76873817749356,RankSurprise
microVIMPPN_L_4-5+,3,77672.40704,78389.8624,717.4553599999927,77672.40704,78389.8624,717.4553599999927,5,4.157486509273859,RankSurprise
microVIMPPN_L_4-5+,3,80640.8192,83090.92352,2450.1043199999986,80640.8192,83090.92352,2450.1043199999986,11,6.480006201537045,RankSurprise
microVIMPPN_L_4-5+,3,93455.52384,93562.30656,106.78272000000288,93455.52384,93562.30656,106.78272000000288,3,4.955089415860508,RankSurprise
microVIMPPN_L_4-5+,3,164144.49664,164434.08384,289.58720000000903,164144.49664,164434.08384,289.58720000000903,4,5.013267918102439,RankSurprise
microVIMPPN_L_4-5+,3,169109.21728,173933.11744,4823.90015999999,169109.21728,173933.11744,4823.90015999999,19,9.098187437655612,RankSurprise
microVIMPPN_L_4-5+,3,188258.63168,189071.27808,812.6463999999978,188258.63168,189071.27808,812.6463999999978,5,3.86281441947612,RankSurprise
microVIMPPN_L_4-5+,3,212943.21664,213345.60768,402.3910399999877,212943.21664,213345.60768,402.3910399999877,4,4.415871406654219,RankSurprise
microVIMPPN_L_4-5+,3,227324.3136,227457.06496,132.75135999999475,227324.3136,227457.06496,132.75135999999475,3,4.41662187573259,RankSurprise
microVIMPPN_L_4-5+,3,235426.24256,240691.52768,5265.285119999986,235426.24256,240691.52768,5265.285119999986,16,4.780093092245988,RankSurprise
microVIMPPN_L_4-5+,3,247407.49312,249761.01376,2353.5206400000025,247407.49312,249761.01376,2353.5206400000025,10,5.37747928365723,RankSurprise
microVIMPPN_L_4-5+,3,264729.47712,264914.20672,184.72960000002058,264729.47712,264914.20672,184.72960000002058,3,3.80126941705735,RankSurprise
microVIMPPN_L_4-5+,3,313802.50624,314906.624,1104.1177599999937,313802.50624,314906.624,1104.1177599999937,6,4.2568964066780355,RankSurprise
microVIMPPN_L_4-5+,3,340100.05504,340492.04224,391.9871999999741,340100.05504,340492.04224,391.9871999999741,4,4.280099777048395,RankSurprise
microVIMPPN_L_4-5+,3,348100.73088,348966.46144,865.7305599999963,348100.73088,348966.46144,865.7305599999963,5,3.9274813860847075,RankSurprise
microVIMPPN_L_4-5+,3,400545.83296,400707.91168,162.07871999999043,400545.83296,400707.91168,162.07871999999043,3,4.01301033627375,RankSurprise
microVIMPPN_L_4-5+,4,17386.37312,17466.81856,80.44543999999951,17386.37312,17466.81856,80.44543999999951,3,4.848323861626431,RankSurprise
microVIMPPN_L_4-5+,4,73075.75296,73134.73536,58.982400000008056,73075.75296,73134.73536,58.982400000008056,3,5.521322610425873,RankSurprise
microVIMPPN_L_4-5+,4,95157.28896,96395.6736,1238.3846399999893,95157.28896,96395.6736,1238.3846399999893,7,4.651662363086622,RankSurprise
microVIMPPN_L_4-5+,4,125224.18176,125398.95808,174.77631999998994,125224.18176,125398.95808,174.77631999998994,4,6.060015778213989,RankSurprise
microVIMPPN_L_4-5+,4,153485.23008,154683.76064,1198.5305599999847,153485.23008,154683.76064,1198.5305599999847,7,4.184455854748071,RankSurprise
microVIMPPN_L_4-5+,4,169815.04,172525.9776,2710.9376000000047,169815.04,172525.9776,2710.9376000000047,11,5.481639292227734,RankSurprise
microVIMPPN_L_4-5+,4,189344.3584,190121.08288,776.7244800000044,189344.3584,190121.08288,776.7244800000044,7,6.66463308611042,RankSurprise
microVIMPPN_L_4-5+,4,212690.5344,214643.87584,1953.3414399999892,212690.5344,214643.87584,1953.3414399999892,8,4.016874372626098,RankSurprise
microVIMPPN_L_4-5+,4,220082.01216,220452.2496,370.23743999999715,220082.01216,220452.2496,370.23743999999715,6,7.987417610038634,RankSurprise
microVIMPPN_L_4-5+,4,242553.73312,243046.72768,492.994560000021,242553.73312,243046.72768,492.994560000021,7,8.869743082368842,RankSurprise
microVIMPPN_L_4-5+,4,247945.29792,248626.7904,681.4924799999862,247945.29792,248626.7904,681.4924799999862,6,5.4403967034659395,RankSurprise
microVIMPPN_L_4-5+,4,268074.47552,268166.59456,92.1190400000196,268074.47552,268166.59456,92.1190400000196,3,4.4171113679829705,RankSurprise
microVIMPPN_L_4-5+,4,280671.10912,281011.97824,340.8691200000467,280671.10912,281011.97824,340.8691200000467,5,5.980924450244302,RankSurprise
microVIMPPN_L_4-5+,4,320337.26464,320440.64768,103.38303999998607,320337.26464,320440.64768,103.38303999998607,3,4.2766980388334765,RankSurprise
microVIMPPN_L_4-5+,4,331420.30336,333331.33312,1911.029760000005,331420.30336,333331.33312,1911.029760000005,8,3.540563481214667,RankSurprise
microVIMPPN_L_4-5+,4,338619.392,338962.67776,343.28575999999885,338619.392,338962.67776,343.28575999999885,4,4.0757755536962,RankSurprise
microVIMPPN_L_4-5+,4,354443.10016,355222.7328,779.6326400000253,354443.10016,355222.7328,779.6326400000253,6,4.7593401885710644,RankSurprise
microVIMPPN_L_4-6+,0,42881.47456,43109.70368,228.22911999999633,42881.47456,43109.70368,228.22911999999633,4,3.599608738618059,RankSurprise
microVIMPPN_L_4-6+,0,44832.768,44874.99776,42.22976000000199,44832.768,44874.99776,42.22976000000199,3,5.12569283722517,RankSurprise
microVIMPPN_L_4-6+,0,56689.13152,57041.18272,352.0511999999944,56689.13152,57041.18272,352.0511999999944,6,5.6542293063149955,RankSurprise
microVIMPPN_L_4-6+,0,59315.11808,62157.78304,2842.664960000002,59315.11808,62157.78304,2842.664960000002,20,7.579667156250754,RankSurprise
microVIMPPN_L_4-6+,0,72271.2576,73258.27072,987.0131200000033,72271.2576,73258.27072,987.0131200000033,8,3.5594420716962922,RankSurprise
microVIMPPN_L_4-6+,0,83276.51328,83321.69216,45.17888000000676,83276.51328,83321.69216,45.17888000000676,3,4.917501709014843,RankSurprise
microVIMPPN_L_4-6+,0,84472.46336,84483.97312,11.509760000000824,84472.46336,84483.97312,11.509760000000824,3,7.224259269814688,RankSurprise
microVIMPPN_L_4-6+,0,84875.55072,84964.31104,88.76032000000123,84875.55072,84964.31104,88.76032000000123,3,3.668911208325275,RankSurprise
microVIMPPN_L_4-6+,0,89435.99616,89636.37248,200.3763200000103,89435.99616,89636.37248,200.3763200000103,4,3.8794955303716208,RankSurprise
microVIMPPN_L_4-6+,0,94046.57664,94255.43168,208.85503999999491,94046.57664,94255.43168,208.85503999999491,4,3.7814829681846938,RankSurprise
microVIMPPN_L_4-6+,0,96885.9648,97206.72256,320.75775999999314,96885.9648,97206.72256,320.75775999999314,5,4.4774835998533575,RankSurprise
microVIMPPN_L_4-6+,0,106309.0176,109846.89664,3537.87904,106309.0176,109846.89664,3537.87904,21,4.561991213386883,RankSurprise
microVIMPPN_L_4-6+,0,118122.25024,118205.2352,82.98496000000159,118122.25024,118205.2352,82.98496000000159,3,3.769141385878962,RankSurprise
microVIMPPN_L_4-6+,0,143907.14368,144176.49664,269.35295999998925,143907.14368,144176.49664,269.35295999998925,6,7.1035972773631855,RankSurprise
microVIMPPN_L_4-6+,0,146870.31296,147904.38912,1034.076159999997,146870.31296,147904.38912,1034.076159999997,10,5.638053788603845,RankSurprise
microVIMPPN_L_4-6+,0,180850.2784,182290.14528,1439.8668799999868,180850.2784,182290.14528,1439.8668799999868,10,3.763347306258932,RankSurprise
microVIMPPN_L_4-6+,0,184990.35136,185095.94624,105.59487999998964,184990.35136,185095.94624,105.59487999998964,4,5.714562397896113,RankSurprise
microVIMPPN_L_4-6+,0,190311.09632,190561.93536,250.83903999999166,190311.09632,190561.93536,250.83903999999166,5,5.331418440018567,RankSurprise
microVIMPPN_L_4-6+,0,207779.4304,207870.81216,91.3817599999893,207779.4304,207870.81216,91.3817599999893,3,3.6206189281591588,RankSurprise
microVIMPPN_L_4-6+,0,213242.01984,213294.65344,52.633600000001024,213242.01984,213294.65344,52.633600000001024,3,4.687856094259514,RankSurprise
microVIMPPN_L_4-6+,0,219848.41728,219929.55904,81.14175999999861,219848.41728,219929.55904,81.14175999999861,3,3.8837107069322503,RankSurprise
microVIMPPN_L_4-6+,0,237042.15552,237124.03456,81.8790399999998,237042.15552,237124.03456,81.8790399999998,3,3.874660871412333,RankSurprise
microVIMPPN_L_4-6+,0,242014.37184,243738.8288,1724.4569599999813,242014.37184,243738.8288,1724.4569599999813,13,4.5044489352688695,RankSurprise
microVIMPPN_L_4-6+,0,245627.6992,249715.75296,4088.05376000001,245627.6992,249715.75296,4088.05376000001,29,9.016271110451852,RankSurprise
microVIMPPN_L_4-6+,0,251036.01664,251129.81504,93.79839999999967,251036.01664,251129.81504,93.79839999999967,4,5.970037971111768,RankSurprise
microVIMPPN_L_4-6+,0,264564.9408,264651.07968,86.13888000004226,264564.9408,264651.07968,86.13888000004226,4,6.399345047524122,RankSurprise
microVIMPPN_L_4-6+,0,265714.688,266107.94496,393.2569599999697,265714.688,266107.94496,393.2569599999697,5,3.7741661418218584,RankSurprise
microVIMPPN_L_4-6+,0,270051.08224,270352.50688,301.4246399999829,270051.08224,270352.50688,301.4246399999829,7,8.536047319221822,RankSurprise
microVIMPPN_L_4-6+,0,274117.0176,274935.11168,818.0940799999516,274117.0176,274935.11168,818.0940799999516,7,3.5206314726242134,RankSurprise
microVIMPPN_L_4-6+,0,276858.63424,276945.26464,86.63040000002366,276858.63424,276945.26464,86.63040000002366,3,3.7863458726142607,RankSurprise
microVIMPPN_L_4-6+,0,297472.49152,298273.01376,800.5222400000202,297472.49152,298273.01376,800.5222400000202,9,5.6155481213114165,RankSurprise
microVIMPPN_L_4-6+,0,306211.38944,306727.36256,515.9731199999806,306211.38944,306727.36256,515.9731199999806,6,4.03741642821728,RankSurprise
microVIMPPN_L_4-6+,0,341508.9152,342861.90592,1352.9907200000016,341508.9152,342861.90592,1352.9907200000016,13,7.0682630743070725,RankSurprise
microVIMPPN_L_4-6+,0,344530.3296,344959.95904,429.6294399999897,344530.3296,344959.95904,429.6294399999897,8,8.272208995660568,RankSurprise
microVIMPPN_L_4-6+,0,346193.14176,346259.0464,65.90463999996427,346193.14176,346259.0464,65.90463999996427,3,4.2293984560108395,RankSurprise
microVIMPPN_L_4-6+,0,352767.3856,353703.1168,935.7312000000384,352767.3856,353703.1168,935.7312000000384,10,7.024398798149713,RankSurprise
microVIMPPN_L_4-6+,0,365261.824,365338.09152,76.26751999999397,365261.824,365338.09152,76.26751999999397,3,4.0540272783593725,RankSurprise
microVIMPPN_L_4-6+,0,382330.6752,382540.47232,209.7971200000029,382330.6752,382540.47232,209.7971200000029,4,3.786844911326078,RankSurprise
microVIMPPN_L_4-6+,0,394406.37952,394480.76288,74.38335999997798,394406.37952,394480.76288,74.38335999997798,3,4.0441749819163615,RankSurprise
microVIMPPN_L_4-6+,0,404246.07744,404252.30336,6.2259199999971315,404246.07744,404252.30336,6.2259199999971315,3,8.36195290852527,RankSurprise
microVIMPPN_L_4-6+,2,8043.35616,8197.36576,154.00960000000032,8043.35616,8197.36576,154.00960000000032,4,4.012238033285939,RankSurprise
microVIMPPN_L_4-6+,2,16767.34464,16824.07424,56.72960000000239,16767.34464,16824.07424,56.72960000000239,3,4.128590883089041,RankSurprise
microVIMPPN_L_4-6+,2,17342.99648,17602.88768,259.8911999999982,17342.99648,17602.88768,259.8911999999982,9,12.764889143664114,RankSurprise
microVIMPPN_L_4-6+,2,63616.12288,63752.56064,136.4377600000007,63616.12288,63752.56064,136.4377600000007,4,4.401907444084696,RankSurprise
microVIMPPN_L_4-6+,2,68006.99392,68055.4496,48.45568000001367,68006.99392,68055.4496,48.45568000001367,3,4.408378082390152,RankSurprise
microVIMPPN_L_4-6+,2,71290.38848,71571.41504,281.026560000013,71290.38848,71571.41504,281.026560000013,5,3.9193575146402004,RankSurprise
microVIMPPN_L_4-6+,2,104482.36544,104762.7776,280.41216000000713,104482.36544,104762.7776,280.41216000000713,6,6.303040602279388,RankSurprise
microVIMPPN_L_4-6+,2,107924.80768,107962.73664,37.928960000004736,107924.80768,107962.73664,37.928960000004736,3,5.038548092833453,RankSurprise
microVIMPPN_L_4-6+,2,109940.44928,110005.12512,64.67583999999624,109940.44928,110005.12512,64.67583999999624,3,3.9204812427820155,RankSurprise
microVIMPPN_L_4-6+,2,159873.80224,159940.36224,66.55999999999767,159873.80224,159940.36224,66.55999999999767,3,3.801724281686747,RankSurprise
microVIMPPN_L_4-6+,2,162986.8032,163018.26048,31.457280000002356,162986.8032,163018.26048,31.457280000002356,3,5.283399621577326,RankSurprise
microVIMPPN_L_4-6+,2,167016.89856,167079.60832,62.709759999997914,167016.89856,167079.60832,62.709759999997914,3,3.948917900481172,RankSurprise
microVIMPPN_L_4-6+,2,191562.83392,192250.88,688.0460800000001,191562.83392,192250.88,688.0460800000001,9,5.6533707878429,RankSurprise
microVIMPPN_L_4-6+,2,193266.31936,193309.12256,42.80319999999483,193266.31936,193309.12256,42.80319999999483,3,4.705701753327544,RankSurprise
microVIMPPN_L_4-6+,2,194544.64,194736.5376,191.8975999999966,194544.64,194736.5376,191.8975999999966,4,3.747276575209014,RankSurprise
microVIMPPN_L_4-6+,2,235281.77664,235822.20288,540.4262400000007,235281.77664,235822.20288,540.4262400000007,8,6.564439147425516,RankSurprise
microVIMPPN_L_4-6+,2,238601.29792,240923.68896,2322.3910399999877,238601.29792,240923.68896,2322.3910399999877,16,4.970782204594039,RankSurprise
microVIMPPN_L_4-6+,2,246171.56608,248826.38848,2654.8224000000046,246171.56608,248826.38848,2654.8224000000046,17,4.109803762951261,RankSurprise
microVIMPPN_L_4-6+,2,249247.08864,249345.67936,98.59072000000742,249247.08864,249345.67936,98.59072000000742,5,7.964090327865552,RankSurprise
microVIMPPN_L_4-6+,2,249890.77504,249955.36896,64.59391999998479,249890.77504,249955.36896,64.59391999998479,3,3.766558370686017,RankSurprise
microVIMPPN_L_4-6+,2,252245.36064,252297.09312,51.732480000006035,252245.36064,252297.09312,51.732480000006035,3,4.303089714201787,RankSurprise
microVIMPPN_L_4-6+,2,254155.12064,254332.27264,177.15200000000186,254155.12064,254332.27264,177.15200000000186,4,3.548943099227312,RankSurprise
microVIMPPN_L_4-6+,2,255701.4016,255828.62336,127.2217599999858,255701.4016,255828.62336,127.2217599999858,5,6.836675361547147,RankSurprise
microVIMPPN_L_4-6+,2,262829.71136,262850.10944,20.39807999995537,262829.71136,262850.10944,20.39807999995537,4,10.140843591820285,RankSurprise
microVIMPPN_L_4-6+,2,264053.63712,264472.90368,419.26655999996,264053.63712,264472.90368,419.26655999996,6,4.060672220530622,RankSurprise
microVIMPPN_L_4-6+,2,272559.63648,274232.44288,1672.8064000000013,272559.63648,274232.44288,1672.8064000000013,15,6.749757066087068,RankSurprise
microVIMPPN_L_4-6+,2,276962.18112,276996.87424,34.693119999952614,276962.18112,276996.87424,34.693119999952614,3,5.228349116058702,RankSurprise
microVIMPPN_L_4-6+,2,309868.99456,310411.6736,542.6790399999591,309868.99456,310411.6736,542.6790399999591,6,3.5079247934858464,RankSurprise
microVIMPPN_L_4-6+,2,324427.61216,324503.63392,76.02175999997417,324427.61216,324503.63392,76.02175999997417,3,3.599445868836499,RankSurprise
microVIMPPN_L_4-6+,2,329964.42112,330014.06464,49.643519999983255,329964.42112,330014.06464,49.643519999983255,3,4.372662531190118,RankSurprise
microVIMPPN_L_4-6+,2,330896.46592,330954.5472,58.08127999998396,330896.46592,330954.5472,58.08127999998396,3,4.118174122230785,RankSurprise
microVIMPPN_L_4-6+,2,335579.17696,336258.048,678.8710399999982,335579.17696,336258.048,678.8710399999982,7,4.063387555633233,RankSurprise
microVIMPPN_L_4-6+,2,342348.02176,343330.48832,982.4665600000299,342348.02176,343330.48832,982.4665600000299,10,4.9617733014311725,RankSurprise
microVIMPPN_L_4-6+,2,345273.42592,345450.9056,177.47967999998946,345273.42592,345450.9056,177.47967999998946,5,5.592308371412944,RankSurprise
microVIMPPN_L_4-6+,2,355938.87744,356059.3408,120.46335999999428,355938.87744,356059.3408,120.46335999999428,5,6.989257519049811,RankSurprise
microVIMPPN_L_4-6+,2,360724.84864,360757.37088,32.52224000002025,360724.84864,360757.37088,32.52224000002025,3,5.30209175458948,RankSurprise
microVIMPPN_L_4-6+,2,374099.39456,374258.81088,159.41632000001846,374099.39456,374258.81088,159.41632000001846,4,3.9887544874678724,RankSurprise
microVIMPPN_L_4-6+,2,375057.94048,375106.56,48.61952000000747,375057.94048,375106.56,48.61952000000747,4,7.657782571375856,RankSurprise
microVIMPPN_L_4-6+,3,32873.39008,32952.1152,78.72512000000279,32873.39008,32952.1152,78.72512000000279,3,4.668761934832812,RankSurprise
microVIMPPN_L_4-6+,3,34437.07904,34499.21536,62.13632000000507,34437.07904,34499.21536,62.13632000000507,3,5.124649502552801,RankSurprise
microVIMPPN_L_4-6+,3,38680.20736,39013.00736,332.8000000000029,38680.20736,39013.00736,332.8000000000029,6,7.747461214500895,RankSurprise
microVIMPPN_L_4-6+,3,90226.23744,90383.89248,157.65503999999783,90226.23744,90383.89248,157.65503999999783,3,3.51880225824943,RankSurprise
microVIMPPN_L_4-6+,3,131722.52672,131966.52544,243.99872000000323,131722.52672,131966.52544,243.99872000000323,5,6.873044047944532,RankSurprise
microVIMPPN_L_4-6+,3,172200.87808,172763.87328,562.9952000000048,172200.87808,172763.87328,562.9952000000048,5,4.043680219559143,RankSurprise
microVIMPPN_L_4-6+,3,179356.63104,179513.9584,157.32735999999568,179356.63104,179513.9584,157.32735999999568,4,5.792620967614818,RankSurprise
microVIMPPN_L_4-6+,3,208872.48896,208994.87744,122.38848000002326,208872.48896,208994.87744,122.38848000002326,3,3.8963962945198105,RankSurprise
microVIMPPN_L_4-6+,3,232214.528,232323.93216,109.4041600000055,232214.528,232323.93216,109.4041600000055,3,4.039958552403299,RankSurprise
microVIMPPN_L_4-6+,3,235686.37952,235764.24448,77.86496000000625,235686.37952,235764.24448,77.86496000000625,3,4.618442824643104,RankSurprise
microVIMPPN_L_4-6+,3,237690.10176,240473.37472,2783.272960000002,237690.10176,240473.37472,2783.272960000002,14,7.221794290126795,RankSurprise
microVIMPPN_L_4-6+,3,243003.8016,244835.5328,1831.7311999999802,243003.8016,244835.5328,1831.7311999999802,12,8.238044701814838,RankSurprise
microVIMPPN_L_4-6+,3,262534.26688,262851.1744,316.90752000000793,262534.26688,262851.1744,316.90752000000793,4,3.918707981457178,RankSurprise
microVIMPPN_L_4-6+,3,269879.86944,269936.4352,56.565760000026785,269879.86944,269936.4352,56.565760000026785,3,5.189700187594013,RankSurprise
microVIMPPN_L_4-6+,3,275214.04928,277495.6032,2281.553920000035,275214.04928,277495.6032,2281.553920000035,10,3.632549589209299,RankSurprise
microVIMPPN_L_4-6+,3,287334.15424,287644.54912,310.394879999978,287334.15424,287644.54912,310.394879999978,4,4.071469600859331,RankSurprise
microVIMPPN_L_4-6+,3,293541.43744,294200.97536,659.5379199999734,293541.43744,294200.97536,659.5379199999734,5,3.601056891098011,RankSurprise
microVIMPPN_L_4-6+,3,346585.12896,347140.66944,555.5404800000251,346585.12896,347140.66944,555.5404800000251,7,7.761829285136599,RankSurprise
microVIMPPN_L_4-6+,3,354783.232,354803.99872,20.766719999955967,354783.232,354803.99872,20.766719999955967,3,7.168381944701959,RankSurprise
microVIMPPN_L_4-6+,3,370485.32992,370572.57472,87.24479999998584,370485.32992,370572.57472,87.24479999998584,3,4.521450558655795,RankSurprise
microVIMPPN_L_5-6+,0,5606.52288,7586.03776,1979.5148799999997,5606.52288,7586.03776,1979.5148799999997,13,8.154147774514195,RankSurprise
microVIMPPN_L_5-6+,0,11736.55552,13279.68256,1543.1270399999994,11736.55552,13279.68256,1543.1270399999994,8,3.7165281840826543,RankSurprise
microVIMPPN_L_5-6+,0,16756.03968,17147.41248,391.37279999999737,16756.03968,17147.41248,391.37279999999737,6,6.9000849338845995,RankSurprise
microVIMPPN_L_5-6+,0,37156.90496,37281.25952,124.35455999999976,37156.90496,37281.25952,124.35455999999976,4,6.7557808954938,RankSurprise
microVIMPPN_L_5-6+,0,60263.75168,60384.256,120.50432,60263.75168,60384.256,120.50432,3,3.9956842590283834,RankSurprise
microVIMPPN_L_5-6+,0,63532.07296,64661.62688,1129.5539200000057,63532.07296,64661.62688,1129.5539200000057,8,5.663045402074996,RankSurprise
microVIMPPN_L_5-6+,0,71949.312,72646.77888,697.4668799999927,71949.312,72646.77888,697.4668799999927,6,4.787500197878636,RankSurprise
microVIMPPN_L_5-6+,0,107339.3664,108349.80864,1010.442240000004,107339.3664,108349.80864,1010.442240000004,11,11.119535787672492,RankSurprise
microVIMPPN_L_5-6+,0,129958.42048,130390.4256,432.0051200000016,129958.42048,130390.4256,432.0051200000016,5,4.770125925457311,RankSurprise
microVIMPPN_L_5-6+,0,161134.34624,161619.10784,484.761599999998,161134.34624,161619.10784,484.761599999998,5,4.3864201909666924,RankSurprise
microVIMPPN_L_5-6+,0,165258.28096,165358.10048,99.81951999999,165258.28096,165358.10048,99.81951999999,4,7.4663361234776175,RankSurprise
microVIMPPN_L_5-6+,0,216630.59968,217411.42016,780.8204799999949,216630.59968,217411.42016,780.8204799999949,7,5.526539264796943,RankSurprise
microVIMPPN_L_5-6+,0,219500.58496,219638.5792,137.99424,219500.58496,219638.5792,137.99424,3,3.614159763438394,RankSurprise
microVIMPPN_L_5-6+,0,230850.56,231444.2752,593.715200000006,230850.56,231444.2752,593.715200000006,6,5.315027253636906,RankSurprise
microVIMPPN_L_5-6+,0,245609.02144,245722.97216,113.95071999999345,245609.02144,245722.97216,113.95071999999345,3,4.092926806583762,RankSurprise
microVIMPPN_L_5-6+,0,253491.52768,254411.89888,920.3711999999941,253491.52768,254411.89888,920.3711999999941,6,3.552281963259042,RankSurprise
microVIMPPN_L_5-6+,0,276319.232,278424.33024,2105.098239999963,276319.232,278424.33024,2105.098239999963,10,3.7575708424336507,RankSurprise
microVIMPPN_L_5-6+,0,292755.74272,292897.62816,141.88544000004185,292755.74272,292897.62816,141.88544000004185,4,6.232707109568793,RankSurprise
microVIMPPN_L_5-6+,0,296058.10176,299246.10048,3187.9987200000323,296058.10176,299246.10048,3187.9987200000323,18,8.474603635932766,RankSurprise
microVIMPPN_L_5-6+,0,301424.76288,301927.87456,503.1116800000309,301424.76288,301927.87456,503.1116800000309,5,4.52967689926448,RankSurprise
microVIMPPN_L_5-6+,0,311633.14176,313127.19872,1494.056959999958,311633.14176,313127.19872,1494.056959999958,9,4.765006896118055,RankSurprise
microVIMPPN_L_5-6+,0,315959.0912,316033.4336,74.34239999996498,315959.0912,316033.4336,74.34239999996498,3,5.2318546324303306,RankSurprise
microVIMPPN_L_5-6+,0,343934.68928,344264.04864,329.3593600000022,343934.68928,344264.04864,329.3593600000022,5,5.992490266834388,RankSurprise
microVIMPPN_L_5-6+,1,2192.54784,2247.8848,55.336959999999635,2192.54784,2247.8848,55.336959999999635,3,4.096290653594895,RankSurprise
microVIMPPN_L_5-6+,1,2597.31456,2618.53184,21.2172800000003,2597.31456,2618.53184,21.2172800000003,3,5.886230286105965,RankSurprise
microVIMPPN_L_5-6+,1,7184.9984,7198.80192,13.80351999999948,7184.9984,7198.80192,13.80351999999948,3,6.784502512477442,RankSurprise
microVIMPPN_L_5-6+,1,17032.02816,17626.112,594.0838399999993,17032.02816,17626.112,594.0838399999993,12,11.093105884680726,RankSurprise
microVIMPPN_L_5-6+,1,30244.57728,30471.3728,226.79551999999967,30244.57728,30471.3728,226.79551999999967,5,4.748563019273085,RankSurprise
microVIMPPN_L_5-6+,1,38414.45888,38419.74272,5.283840000003693,38414.45888,38419.74272,5.283840000003693,3,8.950955431146907,RankSurprise
microVIMPPN_L_5-6+,1,46661.05856,47150.57152,489.51296,46661.05856,47150.57152,489.51296,9,7.498804792653169,RankSurprise
microVIMPPN_L_5-6+,1,48106.41408,48375.72608,269.3119999999981,48106.41408,48375.72608,269.3119999999981,6,5.6521337879683955,RankSurprise
microVIMPPN_L_5-6+,1,69672.7552,69688.81152,16.056320000003325,69672.7552,69688.81152,16.056320000003325,3,6.464967115488166,RankSurprise
microVIMPPN_L_5-6+,1,121692.20096,121747.08736,54.88640000000305,121692.20096,121747.08736,54.88640000000305,3,4.079930575751556,RankSurprise
microVIMPPN_L_5-6+,1,125937.50016,126233.88672,296.386559999999,125937.50016,126233.88672,296.386559999999,5,3.6870064510001974,RankSurprise
microVIMPPN_L_5-6+,1,127248.46592,127313.92,65.45407999999588,127248.46592,127313.92,65.45407999999588,3,3.736443252788872,RankSurprise
microVIMPPN_L_5-6+,1,138040.9344,138171.02336,130.08895999999368,138040.9344,138171.02336,130.08895999999368,4,4.535022434804098,RankSurprise
microVIMPPN_L_5-6+,1,145657.52832,145796.95616,139.42783999998937,145657.52832,145796.95616,139.42783999998937,4,4.16118194657145,RankSurprise
microVIMPPN_L_5-6+,1,151833.31328,152579.39968,746.0864000000001,151833.31328,152579.39968,746.0864000000001,11,7.732414535088728,RankSurprise
microVIMPPN_L_5-6+,1,155729.26464,155766.25152,36.98687999998219,155729.26464,155766.25152,36.98687999998219,3,4.880708420503867,RankSurprise
microVIMPPN_L_5-6+,1,161137.0496,161668.21888,531.1692800000019,161137.0496,161668.21888,531.1692800000019,7,3.963899727017559,RankSurprise
microVIMPPN_L_5-6+,1,166113.77152,166839.58272,725.8111999999965,166113.77152,166839.58272,725.8111999999965,8,3.9619150622843398,RankSurprise
microVIMPPN_L_5-6+,1,173422.71488,175280.04608,1857.331199999986,173422.71488,175280.04608,1857.331199999986,17,5.936383596900416,RankSurprise
microVIMPPN_L_5-6+,1,188221.2352,188254.78144,33.54623999999603,188221.2352,188254.78144,33.54623999999603,3,5.196118009241173,RankSurprise
microVIMPPN_L_5-6+,1,200492.6464,200598.48704,105.84064000000944,200492.6464,200598.48704,105.84064000000944,4,4.917249407425025,RankSurprise
microVIMPPN_L_5-6+,1,202424.68864,202598.23616,173.5475199999928,202424.68864,202598.23616,173.5475199999928,4,3.8243794933197357,RankSurprise
microVIMPPN_L_5-6+,1,233248.768,233768.79616,520.0281599999871,233248.768,233768.79616,520.0281599999871,8,5.705763041129002,RankSurprise
microVIMPPN_L_5-6+,1,245302.96832,245612.21632,309.2479999999923,245302.96832,245612.21632,309.2479999999923,9,10.58964737830562,RankSurprise
microVIMPPN_L_5-6+,1,255386.78784,255732.1216,345.3337600000086,255386.78784,255732.1216,345.3337600000086,6,4.560516222430377,RankSurprise
microVIMPPN_L_5-6+,1,261781.25824,262851.1744,1069.9161600000225,261781.25824,262851.1744,1069.9161600000225,11,5.039898154211673,RankSurprise
microVIMPPN_L_5-6+,1,276771.30752,277381.44768,610.1401600000099,276771.30752,277381.44768,610.1401600000099,8,4.639043232770393,RankSurprise
microVIMPPN_L_5-6+,1,282047.20128,282102.9888,55.78752000001259,282047.20128,282102.9888,55.78752000001259,3,4.121084465396001,RankSurprise
microVIMPPN_L_5-6+,1,290117.632,290604.97408,487.3420800000313,290117.632,290604.97408,487.3420800000313,7,4.536692799314332,RankSurprise
microVIMPPN_L_5-6+,1,293426.83136,294102.99904,676.1676800000132,293426.83136,294102.99904,676.1676800000132,8,4.7722723652547545,RankSurprise
microVIMPPN_L_5-6+,1,294540.98432,296933.90848,2392.924159999995,294540.98432,296933.90848,2392.924159999995,23,8.545379660181553,RankSurprise
microVIMPPN_L_5-6+,1,298622.52544,298776.69888,154.1734399999841,298622.52544,298776.69888,154.1734399999841,4,4.068566792525175,RankSurprise
microVIMPPN_L_5-6+,1,301076.23424,301234.74944,158.51519999996526,301076.23424,301234.74944,158.51519999996526,4,3.886975001412953,RankSurprise
microVIMPPN_L_5-6+,1,315917.02528,315990.8352,73.80991999997059,315917.02528,315990.8352,73.80991999997059,3,3.5405276535542214,RankSurprise
microVIMPPN_L_5-6+,1,318293.8112,318350.78656,56.975359999982174,318293.8112,318350.78656,56.975359999982174,3,4.007922510051683,RankSurprise
microVIMPPN_L_5-6+,1,348999.2704,349058.29376,59.02335999999195,348999.2704,349058.29376,59.02335999999195,3,3.9308413930961077,RankSurprise
microVIMPPN_L_5-6+,1,351133.40928,351658.84416,525.434879999957,351133.40928,351658.84416,525.434879999957,7,4.041092292254061,RankSurprise
microVIMPPN_L_5-6+,1,353105.01888,353287.94624,182.9273600000306,353105.01888,353287.94624,182.9273600000306,4,3.545697883800692,RankSurprise
microVIMPPN_L_5-6+,1,375992.56576,376061.09184,68.52607999998145,375992.56576,376061.09184,68.52607999998145,3,3.7502127111356938,RankSurprise
microVIMPPN_L_5-6+,1,388012.27776,388076.78976,64.51199999998789,388012.27776,388076.78976,64.51199999998789,3,3.771046295649173,RankSurprise
microVIMPPN_L_5-6+,1,402028.38016,402066.80064,38.420479999971576,402028.38016,402066.80064,38.420479999971576,3,4.856538721455346,RankSurprise
microVIMPPN_L_7-8+,2,17359.74912,17450.02496,90.27583999999842,17359.74912,17450.02496,90.27583999999842,3,3.687716983427185,RankSurprise
microVIMPPN_L_7-8+,2,35986.0224,36043.89888,57.87647999999899,35986.0224,36043.89888,57.87647999999899,3,4.555899136981308,RankSurprise
microVIMPPN_L_7-8+,2,65459.69152,65741.45536,281.7638400000069,65459.69152,65741.45536,281.7638400000069,5,4.796890837550816,RankSurprise
microVIMPPN_L_7-8+,2,68965.376,69042.5856,77.20960000000196,68965.376,69042.5856,77.20960000000196,3,3.9787882667428054,RankSurprise
microVIMPPN_L_7-8+,2,84590.22336,84742.06208,151.83871999999974,84590.22336,84742.06208,151.83871999999974,5,7.109478036303109,RankSurprise
microVIMPPN_L_7-8+,2,85740.3392,87115.69408,1375.354879999999,85740.3392,87115.69408,1375.354879999999,10,3.6965137385891667,RankSurprise
microVIMPPN_L_7-8+,2,104553.0624,104667.05408,113.99168000000645,104553.0624,104667.05408,113.99168000000645,4,5.645503299374358,RankSurprise
microVIMPPN_L_7-8+,2,142859.71456,142927.0528,67.33824000001187,142859.71456,142927.0528,67.33824000001187,4,7.22212339759035,RankSurprise
microVIMPPN_L_7-8+,2,182888.2432,183237.4272,349.1840000000084,182888.2432,183237.4272,349.1840000000084,7,7.640554929770367,RankSurprise
microVIMPPN_L_7-8+,2,190780.70272,190808.22784,27.5251200000057,190780.70272,190808.22784,27.5251200000057,3,6.064356742250144,RankSurprise
microVIMPPN_L_7-8+,2,224026.2144,224069.2224,43.00800000000163,224026.2144,224069.2224,43.00800000000163,3,5.19020581751832,RankSurprise
microVIMPPN_L_7-8+,2,229738.65984,229939.07712,200.4172799999942,229738.65984,229939.07712,200.4172799999942,4,4.039473976581135,RankSurprise
microVIMPPN_L_7-8+,2,233810.00192,234385.16224,575.1603199999954,233810.00192,234385.16224,575.1603199999954,7,5.12574214614022,RankSurprise
microVIMPPN_L_7-8+,2,236778.7008,236939.4688,160.76800000001094,236778.7008,236939.4688,160.76800000001094,4,4.632953422557804,RankSurprise
microVIMPPN_L_7-8+,2,239398.62528,241746.57536,2347.9500799999805,239398.62528,241746.57536,2347.9500799999805,15,4.807008494099439,RankSurprise
microVIMPPN_L_7-8+,2,261579.32544,261965.33248,386.0070400000259,261579.32544,261965.33248,386.0070400000259,5,3.6242669623022543,RankSurprise
microVIMPPN_L_7-8+,2,273922.8672,274138.89024,216.02304000000004,273922.8672,274138.89024,216.02304000000004,6,7.968576246827286,RankSurprise
microVIMPPN_L_7-8+,2,275245.95712,275328.36864,82.4115200000233,275245.95712,275328.36864,82.4115200000233,3,3.8670833903742245,RankSurprise
microVIMPPN_L_7-8+,2,289687.1424,289869.74208,182.5996799999848,289687.1424,289869.74208,182.5996799999848,4,4.321561770191547,RankSurprise
microVIMPPN_L_7-8+,2,313050.27584,313368.90368,318.6278399999719,313050.27584,313368.90368,318.6278399999719,5,4.399440828764927,RankSurprise
microVIMPPN_L_7-8+,2,317386.21952,317730.816,344.59648000000743,317386.21952,317730.816,344.59648000000743,5,4.108691376309661,RankSurprise
microVIMPPN_L_7-8+,2,319978.33216,322619.392,2641.0598400000017,319978.33216,322619.392,2641.0598400000017,19,7.174919182405761,RankSurprise
microVIMPPN_L_7-8+,2,323703.02976,324139.8272,436.7974399999948,323703.02976,324139.8272,436.7974399999948,5,3.6197522819477292,RankSurprise
microVIMPPN_L_7-8+,2,325195.3664,325244.14976,48.78336000000127,325195.3664,325244.14976,48.78336000000127,3,4.955698507553796,RankSurprise
microVIMPPN_L_7-8+,2,340003.38944,340937.35936,933.9699200000032,340003.38944,340937.35936,933.9699200000032,8,3.9716040524055494,RankSurprise
microVIMPPN_L_7-8+,2,348033.92512,348084.75648,50.83135999995284,348033.92512,348084.75648,50.83135999995284,3,4.808088073407147,RankSurprise
microVIMPPN_L_7-8+,2,352317.60384,353848.32,1530.7161600000109,352317.60384,353848.32,1530.7161600000109,11,4.397587701100293,RankSurprise
microVIMPPN_L_7-8+,2,358817.792,358856.4992,38.70720000000438,358817.792,358856.4992,38.70720000000438,3,5.455908983251327,RankSurprise
microVIMPPN_L_7-8+,2,360846.37696,361180.24192,333.86495999997715,360846.37696,361180.24192,333.86495999997715,6,5.922192886075344,RankSurprise
microVIMPPN_L_7-8+,2,367484.60032,368407.42912,922.8287999999593,367484.60032,368407.42912,922.8287999999593,9,5.011521510667492,RankSurprise
microVIMPPN_L_7-8+,2,374564.57728,375269.21216,704.6348799999687,374564.57728,375269.21216,704.6348799999687,8,6.359933536813684,RankSurprise
microVIMPPN_L_7-8+,2,377423.38048,379484.3648,2060.9843199999887,377423.38048,379484.3648,2060.9843199999887,13,3.768088875484972,RankSurprise
microVIMPPN_L_7-8+,2,401975.74656,402378.30144,402.5548800000106,401975.74656,402378.30144,402.5548800000106,6,5.121651116272879,RankSurprise
microVIMPPN_L_7-8+,2,406175.08864,406248.2432,73.1545600000536,406175.08864,406248.2432,73.1545600000536,3,4.130623783951302,RankSurprise
microVIMPPN_L_7-8+,4,32322.27328,32933.56032,611.2870399999956,32322.27328,32933.56032,611.2870399999956,6,4.15385663416397,RankSurprise
microVIMPPN_L_7-8+,4,38667.50976,38730.21952,62.709759999997914,38667.50976,38730.21952,62.709759999997914,3,4.779309883039799,RankSurprise
microVIMPPN_L_7-8+,4,47848.28416,48084.04992,235.76575999999477,47848.28416,48084.04992,235.76575999999477,4,3.832417703019704,RankSurprise
microVIMPPN_L_7-8+,4,65755.58656,66168.54528,412.95872000000963,65755.58656,66168.54528,412.95872000000963,5,3.7242127766924504,RankSurprise
microVIMPPN_L_7-8+,4,72910.31552,73016.68864,106.37311999998929,72910.31552,73016.68864,106.37311999998929,3,3.6878389145418957,RankSurprise
microVIMPPN_L_7-8+,4,76984.89344,79046.53312,2061.639679999993,76984.89344,79046.53312,2061.639679999993,13,4.119150982439967,RankSurprise
microVIMPPN_L_7-8+,4,91810.24256,91946.14784,135.90528000000631,91810.24256,91946.14784,135.90528000000631,4,5.471517626549687,RankSurprise
microVIMPPN_L_7-8+,4,94309.66272,94347.79648,38.133760000011534,94309.66272,94347.79648,38.133760000011534,3,5.78050005870044,RankSurprise
microVIMPPN_L_7-8+,4,124376.55552,124461.91616,85.36063999999897,124376.55552,124461.91616,85.36063999999897,3,4.104153019514431,RankSurprise
microVIMPPN_L_7-8+,4,130950.43072,130995.8144,45.383679999999,130950.43072,130995.8144,45.383679999999,3,5.409485063986509,RankSurprise
microVIMPPN_L_7-8+,4,131784.74496,132029.27616,244.53119999999763,131784.74496,132029.27616,244.53119999999763,5,5.747681236750424,RankSurprise
microVIMPPN_L_7-8+,4,137333.30944,137557.4016,224.09216000000015,137333.30944,137557.4016,224.09216000000015,4,4.0794715077918156,RankSurprise
microVIMPPN_L_7-8+,4,142445.48608,142883.18464,437.6985599999898,142445.48608,142883.18464,437.6985599999898,5,3.606623567134612,RankSurprise
microVIMPPN_L_7-8+,4,145924.25984,146088.59136,164.3315199999779,145924.25984,146088.59136,164.3315199999779,4,4.887239503066628,RankSurprise
microVIMPPN_L_7-8+,4,173901.86496,175245.88544,1344.0204800000065,173901.86496,175245.88544,1344.0204800000065,10,4.139233737783865,RankSurprise
microVIMPPN_L_7-8+,4,190879.744,190958.1824,78.43839999998454,190879.744,190958.1824,78.43839999998454,3,4.28872347559993,RankSurprise
microVIMPPN_L_7-8+,4,237643.69408,238538.21952,894.5254400000267,237643.69408,238538.21952,894.5254400000267,9,5.9925327087043225,RankSurprise
microVIMPPN_L_7-8+,4,241443.2256,241474.88768,31.662080000009155,241443.2256,241474.88768,31.662080000009155,4,9.98909870989198,RankSurprise
microVIMPPN_L_7-8+,4,242408.57088,242443.01824,34.44735999999102,242408.57088,242443.01824,34.44735999999102,3,5.995481618766378,RankSurprise
microVIMPPN_L_7-8+,4,245507.11296,245634.62144,127.5084799999895,245507.11296,245634.62144,127.5084799999895,4,5.6617237354019245,RankSurprise
microVIMPPN_L_7-8+,4,260338.36032,260387.4304,49.070080000004964,260338.36032,260387.4304,49.070080000004964,3,5.227536850486045,RankSurprise
microVIMPPN_L_7-8+,4,308158.91456,308399.47264,240.55807999998797,308158.91456,308399.47264,240.55807999998797,4,3.773707264519988,RankSurprise
microVIMPPN_L_7-8+,4,310435.51232,310581.37088,145.8585600000224,310435.51232,310581.37088,145.8585600000224,4,5.302317318617543,RankSurprise
microVIMPPN_L_7-8+,4,314378.40384,314574.88896,196.48512000002665,314378.40384,314574.88896,196.48512000002665,4,4.44895964836692,RankSurprise
microVIMPPN_L_7-8+,4,318286.11072,318338.62144,52.51072000002023,318286.11072,318338.62144,52.51072000002023,3,5.078627665249625,RankSurprise
microVIMPPN_L_7-8+,4,323612.91776,323684.352,71.43424000003142,323612.91776,323684.352,71.43424000003142,3,4.478741606945874,RankSurprise
microVIMPPN_L_7-8+,4,330100.89984,330187.03872,86.13887999998406,330100.89984,330187.03872,86.13887999998406,3,4.060554239065528,RankSurprise
microVIMPPN_L_7-8+,4,338301.17376,338983.23968,682.0659200000227,338301.17376,338983.23968,682.0659200000227,8,5.928812710496838,RankSurprise
microVIMPPN_L_7-8+,4,341760.24576,344745.7792,2985.53343999997,341760.24576,344745.7792,2985.53343999997,19,6.262171209431844,RankSurprise
microVIMPPN_L_7-8+,4,367099.04384,367181.16864,82.1247999999905,367099.04384,367181.16864,82.1247999999905,3,4.171386768895388,RankSurprise
microVIMPPN_L_7-8+,4,372697.37472,372754.10432,56.729599999962375,372697.37472,372754.10432,56.729599999962375,4,8.124720472061671,RankSurprise
microVIMPPN_L_7-8+,4,373631.22176,374586.28608,955.064320000005,373631.22176,374586.28608,955.064320000005,8,3.8193029840735995,RankSurprise
microVIMPPN_L_7-8+,4,399683.54304,400653.96736,970.424319999991,399683.54304,400653.96736,970.424319999991,10,6.8558343627226455,RankSurprise
microVIMPPN_L_7-8+,4,406596.608,406856.82688,260.21888000000035,406596.608,406856.82688,260.21888000000035,6,7.817353496404802,RankSurprise
microVIMPPN_L_9-10+,3,1882.03008,2152.20224,270.1721600000001,1882.03008,2152.20224,270.1721600000001,4,4.047730100043879,RankSurprise
microVIMPPN_L_9-10+,3,11305.73824,11851.40736,545.6691199999987,11305.73824,11851.40736,545.6691199999987,5,3.6781923699201045,RankSurprise
microVIMPPN_L_9-10+,3,15238.7584,15371.38688,132.6284799999994,15238.7584,15371.38688,132.6284799999994,4,6.0216334190270615,RankSurprise
microVIMPPN_L_9-10+,3,24058.42944,24128.75776,70.32832000000053,24058.42944,24128.75776,70.32832000000053,3,4.726226408741498,RankSurprise
microVIMPPN_L_9-10+,3,50647.6544,50652.20096,4.546560000002501,50647.6544,50652.20096,4.546560000002501,3,8.936072203005867,RankSurprise
microVIMPPN_L_9-10+,3,61641.40032,61666.5088,25.1084800000026,61641.40032,61666.5088,25.1084800000026,3,6.44053846064358,RankSurprise
microVIMPPN_L_9-10+,3,64130.99008,64272.42496,141.43487999999343,64130.99008,64272.42496,141.43487999999343,4,5.821041041762921,RankSurprise
microVIMPPN_L_9-10+,3,70971.06432,71098.44992,127.38559999999416,70971.06432,71098.44992,127.38559999999416,3,3.6506582412937387,RankSurprise
microVIMPPN_L_9-10+,3,91753.71776,91830.51776,76.80000000000291,91753.71776,91830.51776,76.80000000000291,3,4.668528765985814,RankSurprise
microVIMPPN_L_9-10+,3,108040.56064,108294.7584,254.19776000001002,108040.56064,108294.7584,254.19776000001002,4,4.200306164308756,RankSurprise
microVIMPPN_L_9-10+,3,117472.4608,118089.19552,616.7347199999931,117472.4608,118089.19552,616.7347199999931,6,4.892491271834444,RankSurprise
microVIMPPN_L_9-10+,3,123806.96576,123888.8448,81.8790399999998,123806.96576,123888.8448,81.8790399999998,3,4.470164084351284,RankSurprise
microVIMPPN_L_9-10+,3,157638.61504,157757.56288,118.947840000008,157638.61504,157757.56288,118.947840000008,3,3.7679949479982806,RankSurprise
microVIMPPN_L_9-10+,3,161494.91712,162982.62528,1487.7081600000092,161494.91712,162982.62528,1487.7081600000092,8,3.6782513863188258,RankSurprise
microVIMPPN_L_9-10+,3,174242.73408,174353.24416,110.51008000000729,174242.73408,174353.24416,110.51008000000729,3,3.9055504909225274,RankSurprise
microVIMPPN_L_9-10+,3,194867.24096,194988.72832,121.48735999999917,194867.24096,194988.72832,121.48735999999917,3,3.7679949479982806,RankSurprise
microVIMPPN_L_9-10+,3,231779.40992,231818.40384,38.993920000008075,231779.40992,231818.40384,38.993920000008075,3,5.6839104005042,RankSurprise
microVIMPPN_L_9-10+,3,234782.02368,236003.28704,1221.2633599999826,234782.02368,236003.28704,1221.2633599999826,9,5.985974027467312,RankSurprise
microVIMPPN_L_9-10+,3,249922.84672,250122.4448,199.59807999999612,249922.84672,250122.4448,199.59807999999612,4,4.969199066078435,RankSurprise
microVIMPPN_L_9-10+,3,253641.07264,253720.86272,79.79008000000613,253641.07264,253720.86272,79.79008000000613,3,4.575917643150653,RankSurprise
microVIMPPN_L_9-10+,3,260357.77536,260633.76384,275.98848,260357.77536,260633.76384,275.98848,5,6.0399613373109595,RankSurprise
microVIMPPN_L_9-10+,3,299776.65536,300210.25792,433.60256000002846,299776.65536,300210.25792,433.60256000002846,5,4.455449764950561,RankSurprise
microVIMPPN_L_9-10+,3,323863.10144,324185.94816,322.8467200000305,323863.10144,324185.94816,322.8467200000305,4,3.588820065456993,RankSurprise
microVIMPPN_L_9-10+,3,330161.93024,330255.81056,93.88031999999657,330161.93024,330255.81056,93.88031999999657,3,4.274085541974115,RankSurprise
microVIMPPN_L_9-10+,3,338413.93664,343573.21728,5159.280639999954,338413.93664,343573.21728,5159.280639999954,20,4.119719990719704,RankSurprise
microVIMPPN_L_9-10+,3,347034.70592,347077.8368,43.13088000001153,347034.70592,347077.8368,43.13088000001153,3,5.591580848838012,RankSurprise
microVIMPPN_L_9-10+,3,371535.74912,371580.80512,45.055999999982305,371535.74912,371580.80512,45.055999999982305,4,9.117075947177742,RankSurprise
microVIMPPN_L_9-10+,3,386664.16128,386745.01632,80.85503999999491,386664.16128,386745.01632,80.85503999999491,3,4.557899137647976,RankSurprise
microVIMPPN_L_9-10+,3,403930.15296,404349.21472,419.0617600000114,403930.15296,404349.21472,419.0617600000114,5,4.469773920024583,RankSurprise
microVIMPPN_L_9-10+,4,17225.03168,17490.61632,265.58464000000095,17225.03168,17490.61632,265.58464000000095,5,3.8679156069698912,RankSurprise
microVIMPPN_L_9-10+,4,29504.22528,29550.10048,45.87520000000222,29504.22528,29550.10048,45.87520000000222,3,4.1606548225986515,RankSurprise
microVIMPPN_L_9-10+,4,31354.59328,32738.0992,1383.5059199999996,31354.59328,32738.0992,1383.5059199999996,14,5.614567339007545,RankSurprise
microVIMPPN_L_9-10+,4,48740.84352,48849.92,109.07647999999608,48740.84352,48849.92,109.07647999999608,4,4.498327189972791,RankSurprise
microVIMPPN_L_9-10+,4,56661.15584,57088.94208,427.78624000000127,56661.15584,57088.94208,427.78624000000127,8,6.4648807383178815,RankSurprise
microVIMPPN_L_9-10+,4,59769.73312,59918.58176,148.8486400000038,59769.73312,59918.58176,148.8486400000038,4,3.8042215036609015,RankSurprise
microVIMPPN_L_9-10+,4,60369.67424,60394.12736,24.453119999998307,60369.67424,60394.12736,24.453119999998307,5,12.156481202936181,RankSurprise
microVIMPPN_L_9-10+,4,66574.336,66630.12352,55.78751999999804,66574.336,66630.12352,55.78751999999804,3,3.8271799655164145,RankSurprise
microVIMPPN_L_9-10+,4,114541.7728,115227.32032,685.5475199999928,114541.7728,115227.32032,685.5475199999928,8,3.9830332436383316,RankSurprise
microVIMPPN_L_9-10+,4,123546.46016,123806.88384,260.4236799999926,123546.46016,123806.88384,260.4236799999926,5,3.8506444068699217,RankSurprise
microVIMPPN_L_9-10+,4,125484.48256,125497.79456,13.311999999990803,125484.48256,125497.79456,13.311999999990803,3,6.468115229955872,RankSurprise
microVIMPPN_L_9-10+,4,126159.74912,126193.2544,33.505280000012135,126159.74912,126193.2544,33.505280000012135,4,7.601244102374952,RankSurprise
microVIMPPN_L_9-10+,4,140546.6624,140612.36224,65.69983999998658,140546.6624,140612.36224,65.69983999998658,3,3.5904501233288215,RankSurprise
microVIMPPN_L_9-10+,4,145627.05408,145720.32,93.26592000000528,145627.05408,145720.32,93.26592000000528,4,4.950922252727661,RankSurprise
microVIMPPN_L_9-10+,4,164117.58592,164232.31488,114.72895999997854,164117.58592,164232.31488,114.72895999997854,4,4.429113681921031,RankSurprise
microVIMPPN_L_9-10+,4,170534.42048,170654.43328,120.01279999999679,170534.42048,170654.43328,120.01279999999679,4,4.300338294558344,RankSurprise
microVIMPPN_L_9-10+,4,171428.12672,171560.3456,132.21888000000035,171428.12672,171560.3456,132.21888000000035,4,4.210927539936289,RankSurprise
microVIMPPN_L_9-10+,4,184273.55136,184561.99168,288.44031999999424,184273.55136,184561.99168,288.44031999999424,5,3.7687651408705882,RankSurprise
microVIMPPN_L_9-10+,4,192751.53408,192818.54464,67.01055999999517,192751.53408,192818.54464,67.01055999999517,3,3.5233705091387435,RankSurprise
microVIMPPN_L_9-10+,4,193231.38048,193607.55712,376.1766400000197,193231.38048,193607.55712,376.1766400000197,6,4.101381534906033,RankSurprise
microVIMPPN_L_9-10+,4,194092.72832,194256.56832,163.8399999999965,194092.72832,194256.56832,163.8399999999965,4,3.629898388601557,RankSurprise
microVIMPPN_L_9-10+,4,223435.1616,225624.8832,2189.721600000019,223435.1616,225624.8832,2189.721600000019,18,4.106603399966845,RankSurprise
microVIMPPN_L_9-10+,4,235859.10784,235922.06336,62.95551999998861,235859.10784,235922.06336,62.95551999998861,3,3.584258153080903,RankSurprise
microVIMPPN_L_9-10+,4,250430.42304,250854.72768,424.30464000001666,250430.42304,250854.72768,424.30464000001666,8,6.434606315851737,RankSurprise
microVIMPPN_L_9-10+,4,251846.41024,253232.08704,1385.6768000000156,251846.41024,253232.08704,1385.6768000000156,13,3.949613883956496,RankSurprise
microVIMPPN_L_9-10+,4,254055.99744,254625.30048,569.3030399999989,254055.99744,254625.30048,569.3030399999989,9,6.334371817303579,RankSurprise
microVIMPPN_L_9-10+,4,256418.77504,256450.7648,31.98975999999675,256418.77504,256450.7648,31.98975999999675,4,7.662471780000008,RankSurprise
microVIMPPN_L_9-10+,4,260015.39072,260036.608,21.21728000001167,260015.39072,260036.608,21.21728000001167,3,5.5264485919902135,RankSurprise
microVIMPPN_L_9-10+,4,271606.1696,271660.032,53.86239999998361,271606.1696,271660.032,53.86239999998361,3,3.8271799655164145,RankSurprise
microVIMPPN_L_9-10+,4,275197.00992,275434.86464,237.854720000003,275197.00992,275434.86464,237.854720000003,5,4.436061304246188,RankSurprise
microVIMPPN_L_9-10+,4,283143.74144,283383.43936,239.69792000000598,283143.74144,283383.43936,239.69792000000598,5,4.203550064760428,RankSurprise
microVIMPPN_L_9-10+,4,288987.83232,289078.8864,91.05408000003081,288987.83232,289078.8864,91.05408000003081,4,4.963474608920748,RankSurprise
microVIMPPN_L_9-10+,4,292101.40672,292138.63936,37.232639999943785,292101.40672,292138.63936,37.232639999943785,4,7.326348862518255,RankSurprise
microVIMPPN_L_9-10+,4,293458.90304,294116.63872,657.7356799999834,293458.90304,294116.63872,657.7356799999834,12,9.351138906192109,RankSurprise
microVIMPPN_L_9-10+,4,299071.11936,299143.53664,72.41727999999421,299071.11936,299143.53664,72.41727999999421,4,5.693259443503209,RankSurprise
microVIMPPN_L_9-10+,4,342392.79104,342456.23808,63.447039999999106,342392.79104,342456.23808,63.447039999999106,3,3.578085293973821,RankSurprise
microVIMPPN_L_9-10+,4,344919.28576,344963.2768,43.99103999999352,344919.28576,344963.2768,43.99103999999352,4,6.937871067806647,RankSurprise
microVIMPPN_L_9-10+,4,346914.16064,347791.85152,877.6908800000092,346914.16064,347791.85152,877.6908800000092,13,7.555577808277023,RankSurprise
microVIMPPN_L_9-10+,4,348362.1376,348558.37696,196.23936000000685,348362.1376,348558.37696,196.23936000000685,5,4.574076187301763,RankSurprise
microVIMPPN_L_9-10+,4,349886.09536,349941.88288,55.78752000001259,349886.09536,349941.88288,55.78752000001259,6,12.476439445799574,RankSurprise
microVIMPPN_L_9-10+,4,349941.88288,350725.24288,783.359999999986,349941.88288,350725.24288,783.359999999986,9,4.078997502604483,RankSurprise
microVIMPPN_L_9-10+,4,375062.28224,375093.32992,31.047680000017863,375062.28224,375093.32992,31.047680000017863,3,4.751200109939852,RankSurprise
microVIMPPN_L_9-10+,4,379656.11008,379673.84576,17.735679999983404,379656.11008,379673.84576,17.735679999983404,3,5.732643424991137,RankSurprise
microVIMPPN_L_9-10+,4,382667.65312,382919.92576,252.27264000003925,382667.65312,382919.92576,252.27264000003925,6,5.553395553694443,RankSurprise
microVIMPPN_L_9-10+,4,385774.3872,386597.02784,822.6406399999978,385774.3872,386597.02784,822.6406399999978,10,5.428338120539428,RankSurprise
microVIMPPN_L_9-10+,4,394212.9664,394463.15008,250.18368000001647,394212.9664,394463.15008,250.18368000001647,5,4.099503213125761,RankSurprise
microVIMPPN_L_9-10+,4,398768.04608,399107.4816,339.4355199999991,398768.04608,399107.4816,339.4355199999991,6,4.504335349949714,RankSurprise
microVIMPPN_L_9-10+,4,400850.86208,401257.22624,406.36415999999736,400850.86208,401257.22624,406.36415999999736,7,4.832373693513502,RankSurprise
microVIMPPN_L_9-10+,4,405855.31392,406230.50752,375.1935999999987,405855.31392,406230.50752,375.1935999999987,8,7.25148993573403,RankSurprise
