Electrode,Cluster,onset_start_ms,onset_end_ms,onset_duration_ms,span_start_ms,span_end_ms,span_duration_ms,Num_Spikes,RS,Method
microGPi1_R_1-2+,1,91168.84992,91170.28352,1.4336000000039348,91168.84992,91170.28352,1.4336000000039348,3,9.525944091621552,RankSurprise
microGPi1_R_1-2+,1,97166.66368,97424.30208,257.6383999999962,97166.66368,97424.30208,257.6383999999962,5,3.732183368044442,RankSurprise
microGPi1_R_1-2+,1,99926.26176,100090.59328,164.331520000007,99926.26176,100090.59328,164.331520000007,5,5.3839789557970406,RankSurprise
microGPi1_R_1-2+,1,205989.31456,206118.95296,129.63839999999618,205989.31456,206118.95296,129.63839999999618,4,3.994565863959984,RankSurprise
microGPi1_R_1-2+,1,209959.936,213417.28768,3457.3516800000216,209959.936,213417.28768,3457.3516800000216,33,9.856902900148368,RankSurprise
microGPi1_R_1-2+,1,217816.18688,219694.73536,1878.5484799999977,217816.18688,219694.73536,1878.5484799999977,16,3.64049153353153,RankSurprise
microGPi1_R_1-2+,1,231340.2368,231349.8624,9.625599999999395,231340.2368,231349.8624,9.625599999999395,3,7.139098655009766,RankSurprise
microGPi1_R_1-2+,1,239874.49856,240198.20544,323.70687999998336,239874.49856,240198.20544,323.70687999998336,7,6.10685792592439,RankSurprise
microGPi1_R_1-2+,1,251793.24416,252034.8672,241.62304000000586,251793.24416,252034.8672,241.62304000000586,6,5.730537894259058,RankSurprise
microGPi1_R_1-2+,1,257735.43424,257765.94944,30.515199999994365,257735.43424,257765.94944,30.515199999994365,3,4.86822316041045,RankSurprise
microGPi1_R_1-2+,1,262015.5904,263270.89152,1255.3011200000183,262015.5904,263270.89152,1255.3011200000183,24,19.540299189180274,RankSurprise
microGPi1_R_1-2+,1,264794.97216,264835.23584,40.263679999974556,264794.97216,264835.23584,40.263679999974556,3,4.383317051086367,RankSurprise
microGPi1_R_1-2+,1,269116.98944,269150.16704,33.17759999999544,269116.98944,269150.16704,33.17759999999544,3,4.769610414569437,RankSurprise
microGPi1_R_1-2+,1,296893.39904,297984.4096,1091.0105600000243,296893.39904,297984.4096,1091.0105600000243,15,8.597379172546425,RankSurprise
microGPi1_R_1-2+,1,307362.77504,307614.18752,251.41247999999905,307362.77504,307614.18752,251.41247999999905,5,3.8279216786198234,RankSurprise
microGPi1_R_1-2+,1,309161.86112,309529.76384,367.9027200000128,309161.86112,309529.76384,367.9027200000128,6,3.9454468591695533,RankSurprise
microGPi1_R_1-2+,1,324327.87456,324426.62912,98.75455999997212,324327.87456,324426.62912,98.75455999997212,4,4.887615163574161,RankSurprise
microGPi1_R_1-2+,1,325627.65824,326368.74752,741.0892799999565,325627.65824,326368.74752,741.0892799999565,11,7.440693999154385,RankSurprise
microGPi1_R_1-2+,1,327628.1856,327653.66272,25.47711999999592,327628.1856,327653.66272,25.47711999999592,3,5.197092219434927,RankSurprise
microGPi1_R_1-2+,1,332951.9616,333585.85856,633.8969600000419,332951.9616,333585.85856,633.8969600000419,11,7.87982143084227,RankSurprise
microGPi1_R_1-2+,1,337971.32288,339050.65984,1079.336959999986,337971.32288,339050.65984,1079.336959999986,13,5.928919307855467,RankSurprise
microGPi1_R_1-2+,1,346228.5312,346333.51168,104.98047999996925,346228.5312,346333.51168,104.98047999996925,5,6.954890490084136,RankSurprise
microGPi1_R_1-2+,1,352929.13664,354211.18464,1282.0480000000098,352929.13664,354211.18464,1282.0480000000098,14,5.573028073531098,RankSurprise
microGPi1_R_1-2+,1,355237.02784,355286.67136,49.643519999983255,355237.02784,355286.67136,49.643519999983255,3,3.9472515025294843,RankSurprise
microGPi1_R_1-2+,1,356672.43008,357011.33312,338.9030400000047,356672.43008,357011.33312,338.9030400000047,6,4.31789577835669,RankSurprise
microGPi1_R_1-2+,1,360594.30912,361709.52704,1115.2179200000246,360594.30912,361709.52704,1115.2179200000246,13,6.487338795251137,RankSurprise
microGPi1_R_1-2+,1,404436.3776,405536.48128,1100.1036800000002,404436.3776,405536.48128,1100.1036800000002,18,13.228135873596482,RankSurprise
microGPi1_R_1-2+,1,408548.5568,409261.54752,712.9907200000016,408548.5568,409261.54752,712.9907200000016,8,3.5525284023395054,RankSurprise
microGPi1_R_1-2+,1,413930.04544,414479.68768,549.6422399999574,413930.04544,414479.68768,549.6422399999574,8,4.4946385415459735,RankSurprise
microGPi1_R_1-2+,1,416629.02272,416824.36096,195.33824000001187,416629.02272,416824.36096,195.33824000001187,6,6.667075230540355,RankSurprise
microGPi1_R_1-2+,1,417802.97728,417968.9472,165.96992000000319,417802.97728,417968.9472,165.96992000000319,4,3.5481471729755434,RankSurprise
microGPi1_R_1-2+,1,453744.18944,454295.47008,551.2806400000118,453744.18944,454295.47008,551.2806400000118,8,5.196982802358377,RankSurprise
microGPi1_R_1-2+,2,234185.48224,234241.14688,55.66463999997359,234185.48224,234241.14688,55.66463999997359,3,4.154391310842168,RankSurprise
microGPi1_R_1-2+,2,239301.75488,239630.04928,328.2944000000134,239301.75488,239630.04928,328.2944000000134,5,3.7258993407207903,RankSurprise
microGPi1_R_1-2+,2,241845.73952,241897.18528,51.44576000000234,241845.73952,241897.18528,51.44576000000234,3,4.396198320922302,RankSurprise
microGPi1_R_1-2+,2,246123.1104,246743.49056,620.3801600000006,246123.1104,246743.49056,620.3801600000006,7,4.189572019336716,RankSurprise
microGPi1_R_1-2+,2,260186.89024,260546.27328,359.38303999998607,260186.89024,260546.27328,359.38303999998607,6,5.0996957676892976,RankSurprise
microGPi1_R_1-2+,2,261694.38208,263681.80224,1987.4201599999797,261694.38208,263681.80224,1987.4201599999797,28,22.490081919269592,RankSurprise
microGPi1_R_1-2+,2,297583.8208,297738.4448,154.6240000000107,297583.8208,297738.4448,154.6240000000107,5,6.320317681013677,RankSurprise
microGPi1_R_1-2+,2,318779.392,318836.736,57.34399999998277,318779.392,318836.736,57.34399999998277,3,4.08445325970073,RankSurprise
microGPi1_R_1-2+,2,329293.37344,331601.14176,2307.768320000032,329293.37344,331601.14176,2307.768320000032,15,4.296831286458914,RankSurprise
microGPi1_R_1-2+,2,333331.74272,333662.28992,330.54720000003,333331.74272,333662.28992,330.54720000003,6,5.389833509114908,RankSurprise
microGPi1_R_1-2+,2,334536.54016,335869.46048,1332.9203200000338,334536.54016,335869.46048,1332.9203200000338,10,3.6316866314464016,RankSurprise
microGPi1_R_1-2+,2,340033.82272,341173.16608,1139.343359999999,340033.82272,341173.16608,1139.343359999999,10,4.2862642174098395,RankSurprise
microGPi1_R_1-2+,2,345868.45184,348170.60864,2302.156799999997,345868.45184,348170.60864,2302.156799999997,16,4.617656090775961,RankSurprise
microGPi1_R_1-2+,2,352845.04576,353415.94624,570.9004800000112,352845.04576,353415.94624,570.9004800000112,8,6.1722132208518,RankSurprise
microGPi1_R_1-2+,2,354084.37248,355530.87488,1446.5023999999976,354084.37248,355530.87488,1446.5023999999976,12,5.329264844826429,RankSurprise
microGPi1_R_1-2+,2,356424.9088,358330.61376,1905.7049600000028,356424.9088,358330.61376,1905.7049600000028,15,5.546340620533013,RankSurprise
microGPi1_R_1-2+,2,360590.37696,361582.75584,992.3788799999747,360590.37696,361582.75584,992.3788799999747,9,4.3925102465695804,RankSurprise
microGPi1_R_1-2+,2,403301.33504,403355.15648,53.821440000028815,403301.33504,403355.15648,53.821440000028815,3,4.212157812265463,RankSurprise
microGPi1_R_1-2+,2,404342.66112,404929.20832,586.5471999999718,404342.66112,404929.20832,586.5471999999718,11,10.328865749115964,RankSurprise
microGPi1_R_1-2+,2,417874.1248,418009.12896,135.00416000001132,417874.1248,418009.12896,135.00416000001132,4,4.504915469664404,RankSurprise
microGPi1_R_1-2+,2,422452.6336,422462.91456,10.280960000003688,422452.6336,422462.91456,10.280960000003688,3,7.818256954542175,RankSurprise
microGPi1_R_1-2+,2,426271.29344,427376.92672,1105.633280000009,426271.29344,427376.92672,1105.633280000009,13,9.794833599885349,RankSurprise
microGPi1_R_1-2+,2,441878.89664,441947.50464,68.60800000000745,441878.89664,441947.50464,68.60800000000745,3,3.8148120230563407,RankSurprise
microGPi1_R_1-2+,2,450044.35456,451158.05696,1113.7024000000092,450044.35456,451158.05696,1113.7024000000092,9,4.91071437699017,RankSurprise
microGPi1_R_1-2+,2,453252.99712,454135.64416,882.6470400000107,453252.99712,454135.64416,882.6470400000107,9,5.0449754507261915,RankSurprise
microGPi1_R_1-2+,2,462066.72896,462124.6464,57.91744000004837,462066.72896,462124.6464,57.91744000004837,3,3.990475181590929,RankSurprise
microGPi1_R_1-2+,2,464201.27744,464238.46912,37.1916800000472,464201.27744,464238.46912,37.1916800000472,3,4.926568540761263,RankSurprise
microGPi1_R_1-3+,1,89759.29344,89944.35072,185.05728000000818,89759.29344,89944.35072,185.05728000000818,4,3.72511929029179,RankSurprise
microGPi1_R_1-3+,1,126877.94176,127310.60224,432.66047999999137,126877.94176,127310.60224,432.66047999999137,6,3.8616323047497674,RankSurprise
microGPi1_R_1-3+,1,209576.3456,213195.69408,3619.348479999986,209576.3456,213195.69408,3619.348479999986,29,7.374751192046591,RankSurprise
microGPi1_R_1-3+,1,214707.44576,218784.44032,4076.994559999992,214707.44576,218784.44032,4076.994559999992,27,4.6246873529498425,RankSurprise
microGPi1_R_1-3+,1,220459.49952,221468.71296,1009.2134399999923,220459.49952,221468.71296,1009.2134399999923,10,4.76878396404499,RankSurprise
microGPi1_R_1-3+,1,222246.01088,225577.45152,3331.4406400000153,222246.01088,225577.45152,3331.4406400000153,25,5.503172180265286,RankSurprise
microGPi1_R_1-3+,1,238605.23008,238633.53344,28.30335999999079,238605.23008,238633.53344,28.30335999999079,3,5.5019845670024505,RankSurprise
microGPi1_R_1-3+,1,240028.672,240213.64736,184.97536000001128,240028.672,240213.64736,184.97536000001128,4,3.685458561694798,RankSurprise
microGPi1_R_1-3+,1,259803.79136,260241.69472,437.9033599999966,259803.79136,260241.69472,437.9033599999966,6,3.8740442214304993,RankSurprise
microGPi1_R_1-3+,1,262022.9632,264839.61856,2816.655359999975,262022.9632,264839.61856,2816.655359999975,29,13.210879120419124,RankSurprise
microGPi1_R_1-3+,1,268396.66688,268521.63584,124.96896000002744,268396.66688,268521.63584,124.96896000002744,4,4.896235012055396,RankSurprise
microGPi1_R_1-3+,1,296893.39904,297593.81504,700.4160000000265,296893.39904,297593.81504,700.4160000000265,10,6.891610225916223,RankSurprise
microGPi1_R_1-3+,1,303307.44832,304574.17728,1266.7289599999785,303307.44832,304574.17728,1266.7289599999785,17,10.569716204982653,RankSurprise
microGPi1_R_1-3+,1,306736.00512,311359.77472,4623.7696,306736.00512,311359.77472,4623.7696,38,9.289417235971362,RankSurprise
microGPi1_R_1-3+,1,317267.88608,317620.59264,352.70655999996234,317267.88608,317620.59264,352.70655999996234,6,5.380157149723011,RankSurprise
microGPi1_R_1-3+,1,318518.6816,318712.75008,194.06848000001628,318518.6816,318712.75008,194.06848000001628,4,3.6742225672354785,RankSurprise
microGPi1_R_1-3+,1,323291.29984,323357.12256,65.82271999999648,323291.29984,323357.12256,65.82271999999648,3,4.077362161162256,RankSurprise
microGPi1_R_1-3+,1,325627.65824,327777.52576,2149.8675199999707,325627.65824,327777.52576,2149.8675199999707,18,5.203562206124609,RankSurprise
microGPi1_R_1-3+,1,329868.98432,330011.72992,142.74560000002384,329868.98432,330011.72992,142.74560000002384,4,4.487223798272925,RankSurprise
microGPi1_R_1-3+,1,331832.97536,332026.30656,193.3312000000151,331832.97536,332026.30656,193.3312000000151,5,5.523224987212906,RankSurprise
microGPi1_R_1-3+,1,335042.19136,335239.04512,196.85376000002725,335042.19136,335239.04512,196.85376000002725,4,3.5479456386987884,RankSurprise
microGPi1_R_1-3+,1,338196.31616,339249.5616,1053.2454400000279,338196.31616,339249.5616,1053.2454400000279,12,6.160609859748483,RankSurprise
microGPi1_R_1-3+,1,345151.03744,345163.69408,12.656640000001062,345151.03744,345163.69408,12.656640000001062,3,6.967263994237742,RankSurprise
microGPi1_R_1-3+,1,349068.82048,349076.80768,7.987200000032317,349068.82048,349076.80768,7.987200000032317,3,8.035681380959883,RankSurprise
microGPi1_R_1-3+,1,352929.13664,354173.70624,1244.5696000000462,352929.13664,354173.70624,1244.5696000000462,14,6.567741449267962,RankSurprise
microGPi1_R_1-3+,1,358753.28,358776.0128,22.73279999999795,358753.28,358776.0128,22.73279999999795,3,5.891100537109086,RankSurprise
microGPi1_R_1-3+,1,399556.15744,400564.92032,1008.7628799999948,399556.15744,400564.92032,1008.7628799999948,10,4.530685268414435,RankSurprise
microGPi1_R_1-3+,1,402922.74176,403243.6224,320.8806399999885,402922.74176,403243.6224,320.8806399999885,5,3.561094375904524,RankSurprise
microGPi1_R_1-3+,1,404456.448,405536.48128,1080.0332800000324,404456.448,405536.48128,1080.0332800000324,10,4.026382952814422,RankSurprise
microGPi1_R_1-3+,1,410929.39776,411212.75904,283.3612799999537,410929.39776,411212.75904,283.3612799999537,5,4.086131007252959,RankSurprise
microGPi1_R_1-3+,1,416628.98176,417041.6128,412.6310400000075,416628.98176,417041.6128,412.6310400000075,5,3.5217497376526126,RankSurprise
microGPi1_R_1-3+,1,423755.65312,424073.6256,317.97248000005493,423755.65312,424073.6256,317.97248000005493,5,3.591965579355474,RankSurprise
microGPi1_R_1-3+,1,439193.3952,439254.38464,60.98943999997573,439193.3952,439254.38464,60.98943999997573,3,4.246956591876231,RankSurprise
microGPi1_R_1-3+,1,454036.31616,454220.22656,183.9103999999934,454036.31616,454220.22656,183.9103999999934,4,3.788522382562018,RankSurprise
microGPi1_R_1-3+,2,90184.86784,90912.44032,727.572479999988,90184.86784,90912.44032,727.572479999988,8,4.622944497013114,RankSurprise
microGPi1_R_1-3+,2,143371.59168,143375.23712,3.645439999992959,143371.59168,143375.23712,3.645439999992959,3,8.845824722791814,RankSurprise
microGPi1_R_1-3+,2,234128.1792,234241.18784,113.00863999998546,234128.1792,234241.18784,113.00863999998546,5,7.288520162072324,RankSurprise
microGPi1_R_1-3+,2,235698.01216,236005.49888,307.48671999998624,235698.01216,236005.49888,307.48671999998624,5,4.080079350151056,RankSurprise
microGPi1_R_1-3+,2,237742.73536,238908.66176,1165.9263999999966,237742.73536,238908.66176,1165.9263999999966,14,9.915322881131349,RankSurprise
microGPi1_R_1-3+,2,250210.95936,250836.5824,625.6230400000059,250210.95936,250836.5824,625.6230400000059,7,4.2445746247587,RankSurprise
microGPi1_R_1-3+,2,262067.8144,263732.38784,1664.5734399999783,262067.8144,263732.38784,1664.5734399999783,28,25.38943613046138,RankSurprise
microGPi1_R_1-3+,2,264716.16512,264795.25888,79.09375999995973,264716.16512,264795.25888,79.09375999995973,4,6.023237906659091,RankSurprise
microGPi1_R_1-3+,2,296873.00096,297965.89568,1092.8947200000403,296873.00096,297965.89568,1092.8947200000403,9,4.016148643927668,RankSurprise
microGPi1_R_1-3+,2,308261.31456,308309.93408,48.61951999994926,308261.31456,308309.93408,48.61951999994926,3,4.337988741587321,RankSurprise
microGPi1_R_1-3+,2,318740.39808,318836.69504,96.29696000000695,318740.39808,318836.69504,96.29696000000695,4,5.384886404426894,RankSurprise
microGPi1_R_1-3+,2,333609.61536,334680.92416,1071.3087999999989,333609.61536,334680.92416,1071.3087999999989,9,3.860096131713377,RankSurprise
microGPi1_R_1-3+,2,348170.60864,348351.81568,181.20704000000842,348170.60864,348351.81568,181.20704000000842,5,5.980961791642475,RankSurprise
microGPi1_R_1-3+,2,352966.77888,352989.96224,23.18336000002455,352966.77888,352989.96224,23.18336000002455,3,5.56722966322199,RankSurprise
microGPi1_R_1-3+,2,356258.6112,358117.66272,1859.0515200000373,356258.6112,358117.66272,1859.0515200000373,15,5.746726254626035,RankSurprise
microGPi1_R_1-3+,2,404414.09536,404987.82208,573.7267200000351,404414.09536,404987.82208,573.7267200000351,11,11.184999951790129,RankSurprise
microGPi1_R_1-3+,2,410937.26208,411781.98016,844.7180799999624,410937.26208,411781.98016,844.7180799999624,8,4.050450167750465,RankSurprise
microGPi1_R_1-3+,2,413130.752,417167.44192,4036.6899200000335,413130.752,417167.44192,4036.6899200000335,30,11.223254098541565,RankSurprise
microGPi1_R_1-3+,2,427232.58368,429078.81472,1846.2310400000424,427232.58368,429078.81472,1846.2310400000424,17,8.72295661083451,RankSurprise
microGPi1_R_1-3+,2,441878.9376,442027.4176,148.47999999998137,441878.9376,442027.4176,148.47999999998137,4,4.475319733702278,RankSurprise
microGPi1_R_1-3+,2,450639.99488,451158.016,518.0211199999903,450639.99488,451158.016,518.0211199999903,6,3.7834300963478356,RankSurprise
microGPi1_R_1-3+,2,453546.43456,453579.65312,33.21855999995023,453546.43456,453579.65312,33.21855999995023,3,4.9107722398973905,RankSurprise
microGPi1_R_1-3+,2,458430.30016,458717.02016,286.72000000003027,458430.30016,458717.02016,286.72000000003027,6,6.12834143208147,RankSurprise
microGPi1_R_4-5+,1,49177.43616,49790.64832,613.2121600000028,49177.43616,49790.64832,613.2121600000028,5,4.200363401728019,RankSurprise
microGPi1_R_4-5+,1,145048.73984,146328.41216,1279.6723200000124,145048.73984,146328.41216,1279.6723200000124,7,4.42596198115463,RankSurprise
microGPi1_R_4-5+,1,153771.70432,153837.89568,66.19135999999708,153771.70432,153837.89568,66.19135999999708,3,4.72204551742006,RankSurprise
microGPi1_R_4-5+,1,260047.21664,260168.9088,121.69216000000597,260047.21664,260168.9088,121.69216000000597,3,3.7061249445970645,RankSurprise
microGPi1_R_4-5+,1,262294.20032,264764.8256,2470.6252799999784,262294.20032,264764.8256,2470.6252799999784,16,12.442599746985303,RankSurprise
microGPi1_R_4-5+,1,313589.02272,313715.05664,126.03392000001622,313589.02272,313715.05664,126.03392000001622,3,3.5400516198128997,RankSurprise
microGPi1_R_4-5+,1,331469.90592,331852.92288,383.0169600000372,331469.90592,331852.92288,383.0169600000372,4,3.697820124917097,RankSurprise
microGPi1_R_4-5+,1,346056.86784,346185.80992,128.942080000008,346056.86784,346185.80992,128.942080000008,4,5.933475898245053,RankSurprise
microGPi1_R_4-5+,1,357764.95616,358863.38048,1098.424319999991,357764.95616,358863.38048,1098.424319999991,9,7.978140178050955,RankSurprise
microGPi1_R_4-5+,1,414448.14848,417321.53344,2873.384960000054,414448.14848,417321.53344,2873.384960000054,19,14.172564713006256,RankSurprise
microGPi1_R_4-5+,1,424838.10304,427758.42816,2920.325119999994,424838.10304,427758.42816,2920.325119999994,14,7.604352577578598,RankSurprise
microGPi1_R_4-5+,1,439378.69824,439452.63104,73.93280000000959,439378.69824,439452.63104,73.93280000000959,5,10.904962028480917,RankSurprise
microGPi1_R_4-5+,1,447360.69632,448251.98592,891.2896000000183,447360.69632,448251.98592,891.2896000000183,9,9.616466172372458,RankSurprise
microGPi1_R_4-5+,1,462342.71744,462503.36256,160.64512000000104,462342.71744,462503.36256,160.64512000000104,4,5.409482664971064,RankSurprise
microGPi1_R_4-5+,2,90793.24672,90941.2352,147.98847999999998,90793.24672,90941.2352,147.98847999999998,8,13.301296361908356,RankSurprise
microGPi1_R_4-5+,2,114354.66752,114790.6048,435.9372799999983,114354.66752,114790.6048,435.9372799999983,8,6.211368869121972,RankSurprise
microGPi1_R_4-5+,2,117894.38976,117904.42496,10.03519999999844,117894.38976,117904.42496,10.03519999999844,3,7.475211286541949,RankSurprise
microGPi1_R_4-5+,2,121997.27104,122039.74656,42.475519999992684,121997.27104,122039.74656,42.475519999992684,3,4.533679286166818,RankSurprise
microGPi1_R_4-5+,2,136250.53184,136262.57408,12.042239999980666,136250.53184,136262.57408,12.042239999980666,3,6.885571799584824,RankSurprise
microGPi1_R_4-5+,2,156096.1024,156128.91136,32.80895999999484,156096.1024,156128.91136,32.80895999999484,3,5.095960847364266,RankSurprise
microGPi1_R_4-5+,2,208803.84,208863.60064,59.760639999993145,208803.84,208863.60064,59.760639999993145,3,3.863234820096883,RankSurprise
microGPi1_R_4-5+,2,222563.16416,222614.03648,50.87232000002405,222563.16416,222614.03648,50.87232000002405,3,4.2036135800752845,RankSurprise
microGPi1_R_4-5+,2,242401.19808,242535.87456,134.67647999999463,242401.19808,242535.87456,134.67647999999463,4,4.272072252837617,RankSurprise
microGPi1_R_4-5+,2,255227.37152,255376.75264,149.38112000000547,255227.37152,255376.75264,149.38112000000547,4,3.982943894157053,RankSurprise
microGPi1_R_4-5+,2,262065.72544,262417.24416,351.51871999999275,262065.72544,262417.24416,351.51871999999275,6,4.848804719315403,RankSurprise
microGPi1_R_4-5+,2,262903.84896,264745.82016,1841.971200000029,262903.84896,264745.82016,1841.971200000029,20,9.057380521929012,RankSurprise
microGPi1_R_4-5+,2,282352.92672,282557.44,204.51328000001376,282352.92672,282557.44,204.51328000001376,5,4.834058059462851,RankSurprise
microGPi1_R_4-5+,2,297570.0992,299924.11136,2354.012159999984,297570.0992,299924.11136,2354.012159999984,20,6.061274693209737,RankSurprise
microGPi1_R_4-5+,2,310821.19168,311038.85312,217.66143999999622,310821.19168,311038.85312,217.66143999999622,4,3.545131024827011,RankSurprise
microGPi1_R_4-5+,2,314635.30496,314797.38368,162.07872000004863,314635.30496,314797.38368,162.07872000004863,4,3.770909388206242,RankSurprise
microGPi1_R_4-5+,2,331859.18976,331904.08192,44.892160000046715,331859.18976,331904.08192,44.892160000046715,3,4.390157172198409,RankSurprise
microGPi1_R_4-5+,2,337379.24608,337525.59616,146.3500800000038,337379.24608,337525.59616,146.3500800000038,4,4.185360893530316,RankSurprise
microGPi1_R_4-5+,2,344504.89344,344571.94496,67.05151999997906,344504.89344,344571.94496,67.05151999997906,3,3.6837418419896135,RankSurprise
microGPi1_R_4-5+,2,345508.74112,346447.872,939.1308799999533,345508.74112,346447.872,939.1308799999533,10,4.718551058468932,RankSurprise
microGPi1_R_4-5+,2,347713.61792,348041.4208,327.802880000032,347713.61792,348041.4208,327.802880000032,6,4.570955924884898,RankSurprise
microGPi1_R_4-5+,2,354930.23744,354984.38656,54.14912000001641,354930.23744,354984.38656,54.14912000001641,3,4.026191794996997,RankSurprise
microGPi1_R_4-5+,2,355425.03424,355517.11232,92.0780800000066,355425.03424,355517.11232,92.0780800000066,4,5.421051484462126,RankSurprise
microGPi1_R_4-5+,2,356787.65056,357011.70176,224.05120000004536,356787.65056,357011.70176,224.05120000004536,7,8.412784927145253,RankSurprise
microGPi1_R_4-5+,2,360778.42432,363519.05792,2740.633600000001,360778.42432,363519.05792,2740.633600000001,21,5.354642586797351,RankSurprise
microGPi1_R_4-5+,2,370229.32992,370305.2288,75.89887999999337,370229.32992,370305.2288,75.89887999999337,3,3.5243165179734834,RankSurprise
microGPi1_R_4-5+,2,372270.8992,372784.66048,513.7612800000352,372270.8992,372784.66048,513.7612800000352,8,5.299269758951332,RankSurprise
microGPi1_R_4-5+,2,385099.776,386323.53792,1223.7619199999608,385099.776,386323.53792,1223.7619199999608,12,5.004755395310926,RankSurprise
microGPi1_R_4-5+,2,387682.87744,387738.13248,55.25503999995999,387682.87744,387738.13248,55.25503999995999,3,4.019412108011618,RankSurprise
microGPi1_R_4-5+,2,389571.09248,389575.84384,4.751359999994747,389571.09248,389575.84384,4.751359999994747,3,8.999817263459352,RankSurprise
microGPi1_R_4-5+,2,392956.14976,393082.6752,126.52543999999762,392956.14976,393082.6752,126.52543999999762,4,4.365899845592217,RankSurprise
microGPi1_R_4-5+,2,412237.824,416739.24608,4501.422079999989,412237.824,416739.24608,4501.422079999989,42,14.083244086946019,RankSurprise
microGPi1_R_4-5+,2,420457.472,425569.8944,5112.422399999981,420457.472,425569.8944,5112.422399999981,38,6.740957333197649,RankSurprise
microGPi1_R_4-5+,2,426300.78464,426841.25184,540.4671999999555,426300.78464,426841.25184,540.4671999999555,7,4.020271917153523,RankSurprise
microGPi1_R_4-5+,2,428575.3344,430377.24672,1801.912320000003,428575.3344,430377.24672,1801.912320000003,21,10.34871336970074,RankSurprise
microGPi1_R_4-5+,2,431802.40896,433443.75808,1641.349120000028,431802.40896,433443.75808,1641.349120000028,15,5.049772205086675,RankSurprise
microGPi1_R_4-5+,2,437713.75616,438395.20768,681.4515200000023,437713.75616,438395.20768,681.4515200000023,12,9.879571730266473,RankSurprise
microGPi1_R_4-5+,2,440646.61504,440817.82784,171.21279999997932,440646.61504,440817.82784,171.21279999997932,5,5.518186278224139,RankSurprise
microGPi1_R_4-5+,2,442250.32192,442488.25856,237.9366399999708,442250.32192,442488.25856,237.9366399999708,6,6.001183752490412,RankSurprise
microGPi1_R_4-5+,2,453322.9568,454428.75392,1105.797120000003,453322.9568,454428.75392,1105.797120000003,17,12.21045598348166,RankSurprise
microGPi1_R_4-5+,2,464459.07968,464601.78432,142.70463999995263,464459.07968,464601.78432,142.70463999995263,5,6.139782765481261,RankSurprise
microGPi1_R_4-5+,2,481813.74976,482075.68896,261.93920000002254,481813.74976,482075.68896,261.93920000002254,5,3.8787078788325893,RankSurprise
microGPi1_R_4-5+,3,91282.6368,92045.27104,762.634240000014,91282.6368,92045.27104,762.634240000014,12,8.518025132733689,RankSurprise
microGPi1_R_4-5+,3,130872.44288,131072.08192,199.63903999999457,130872.44288,131072.08192,199.63903999999457,5,4.771448087168103,RankSurprise
microGPi1_R_4-5+,3,207176.74496,207400.30464,223.55967999997665,207176.74496,207400.30464,223.55967999997665,5,4.3168301579054145,RankSurprise
microGPi1_R_4-5+,3,224740.18816,224921.55904,181.37088000000222,224740.18816,224921.55904,181.37088000000222,6,7.031706831266334,RankSurprise
microGPi1_R_4-5+,3,247725.62944,248019.72224,294.0928000000131,247725.62944,248019.72224,294.0928000000131,6,4.828478965824395,RankSurprise
microGPi1_R_4-5+,3,261933.71136,265312.82944,3379.1180800000147,261933.71136,265312.82944,3379.1180800000147,38,15.448224647551287,RankSurprise
microGPi1_R_4-5+,3,299111.54688,299227.7504,116.20352000003913,299111.54688,299227.7504,116.20352000003913,5,6.750433832964731,RankSurprise
microGPi1_R_4-5+,3,300522.57792,300807.45472,284.8767999999691,300522.57792,300807.45472,284.8767999999691,5,3.8387100670732437,RankSurprise
microGPi1_R_4-5+,3,331887.57504,331952.20992,64.63487999996869,331887.57504,331952.20992,64.63487999996869,3,3.63427768624574,RankSurprise
microGPi1_R_4-5+,3,333016.30976,335050.67008,2034.3603200000362,333016.30976,335050.67008,2034.3603200000362,19,8.306215884455403,RankSurprise
microGPi1_R_4-5+,3,342420.2752,342466.47808,46.202879999997094,342420.2752,342466.47808,46.202879999997094,3,4.196660986136163,RankSurprise
microGPi1_R_4-5+,3,346241.18784,346278.25664,37.06879999994999,346241.18784,346278.25664,37.06879999994999,4,7.595430560260471,RankSurprise
microGPi1_R_4-5+,3,346861.44512,351605.63712,4744.192000000039,346861.44512,351605.63712,4744.192000000039,32,4.981473088895068,RankSurprise
microGPi1_R_4-5+,3,357173.73952,361374.9248,4201.185279999976,357173.73952,361374.9248,4201.185279999976,38,11.341023350501695,RankSurprise
microGPi1_R_4-5+,3,389548.19584,390210.92864,662.732799999998,389548.19584,390210.92864,662.732799999998,11,8.221234834078151,RankSurprise
microGPi1_R_4-5+,3,405784.49408,405950.21824,165.7241600000416,405784.49408,405950.21824,165.7241600000416,4,3.575270798336767,RankSurprise
microGPi1_R_4-5+,3,414470.47168,418059.0592,3588.587520000001,414470.47168,418059.0592,3588.587520000001,43,20.339535393512225,RankSurprise
microGPi1_R_4-5+,3,424241.9712,425359.40096,1117.42975999997,424241.9712,425359.40096,1117.42975999997,15,8.703174151821324,RankSurprise
microGPi1_R_4-5+,3,425879.38816,430472.27392,4592.885760000034,425879.38816,430472.27392,4592.885760000034,41,12.870894257831177,RankSurprise
microGPi1_R_4-5+,3,432194.80576,432256.08192,61.27616000000853,432194.80576,432256.08192,61.27616000000853,3,3.592096730622032,RankSurprise
microGPi1_R_4-5+,3,432649.78944,432668.18048,18.391039999958593,432649.78944,432668.18048,18.391039999958593,3,5.860151356315303,RankSurprise
microGPi1_R_4-5+,3,441273.26208,442114.53952,841.2774399999762,441273.26208,442114.53952,841.2774399999762,12,7.102699415473157,RankSurprise
microGPi1_R_4-5+,3,443329.536,443432.87808,103.34207999997307,443329.536,443432.87808,103.34207999997307,6,9.674005669967872,RankSurprise
microGPi1_R_4-5+,3,450587.52512,454897.41824,4309.8931200000225,450587.52512,454897.41824,4309.8931200000225,30,6.405673112271032,RankSurprise
microGPi1_R_4-5+,3,457171.23072,457373.85984,202.62911999999778,457171.23072,457373.85984,202.62911999999778,5,4.656401004855894,RankSurprise
microGPi1_R_4-5+,3,461073.73568,463225.48736,2151.751680000045,461073.73568,463225.48736,2151.751680000045,19,5.395977893265353,RankSurprise
microGPi1_R_4-5+,3,464420.61824,464648.43776,227.8195200000191,464420.61824,464648.43776,227.8195200000191,5,4.209757230276534,RankSurprise
microGPi1_R_4-5+,3,480676.94592,481562.8288,885.8828799999901,480676.94592,481562.8288,885.8828799999901,9,3.9783942141631488,RankSurprise
microGPi1_R_4-6+,0,4013.8752,4466.8928,453.0175999999997,4013.8752,4466.8928,453.0175999999997,5,4.221344529799371,RankSurprise
microGPi1_R_4-6+,0,24949.5552,25405.60384,456.0486400000009,24949.5552,25405.60384,456.0486400000009,6,5.5615730582292215,RankSurprise
microGPi1_R_4-6+,0,93472.23552,95016.79616,1544.560639999996,93472.23552,95016.79616,1544.560639999996,11,5.331406823893082,RankSurprise
microGPi1_R_4-6+,0,231938.78528,232227.10272,288.31743999998434,231938.78528,232227.10272,288.31743999998434,4,3.69144061751539,RankSurprise
microGPi1_R_4-6+,0,247291.2896,247391.39584,100.10624000002281,247291.2896,247391.39584,100.10624000002281,3,4.059786490495506,RankSurprise
microGPi1_R_4-6+,0,254959.8208,255235.8912,276.070400000026,254959.8208,255235.8912,276.070400000026,4,3.765518633488348,RankSurprise
microGPi1_R_4-6+,0,255540.92032,255563.24352,22.323199999984354,255540.92032,255563.24352,22.323199999984354,3,6.925789657374713,RankSurprise
microGPi1_R_4-6+,0,262075.35104,262117.41696,42.06591999999364,262075.35104,262117.41696,42.06591999999364,3,5.740165991716973,RankSurprise
microGPi1_R_4-6+,0,283461.4272,283791.19616,329.7689600000158,283461.4272,283791.19616,329.7689600000158,5,5.14181393593125,RankSurprise
microGPi1_R_4-6+,0,300251.38176,303482.75712,3231.3753600000055,300251.38176,303482.75712,3231.3753600000055,16,3.6062806886397163,RankSurprise
microGPi1_R_4-6+,0,355305.18528,356911.9232,1606.7379200000432,355305.18528,356911.9232,1606.7379200000432,15,10.08160141351173,RankSurprise
microGPi1_R_4-6+,0,360355.10272,361155.9936,800.8908799999626,360355.10272,361155.9936,800.8908799999626,7,4.619437161721171,RankSurprise
microGPi1_R_4-6+,0,362904.45312,363763.79392,859.3408000000054,362904.45312,363763.79392,859.3408000000054,7,3.953109201809293,RankSurprise
microGPi1_R_4-6+,0,372189.71648,372766.72,577.0035199999693,372189.71648,372766.72,577.0035199999693,6,4.497282158320475,RankSurprise
microGPi1_R_4-6+,0,380794.59328,381420.42112,625.8278400000418,380794.59328,381420.42112,625.8278400000418,6,4.553991782113903,RankSurprise
microGPi1_R_4-6+,0,384040.59136,384143.11424,102.52288000000408,384040.59136,384143.11424,102.52288000000408,3,3.9350699256442656,RankSurprise
microGPi1_R_4-6+,0,390727.84384,390801.28512,73.4412800000282,390727.84384,390801.28512,73.4412800000282,3,4.6549141627753965,RankSurprise
microGPi1_R_4-6+,0,400111.04256,400173.91616,62.87360000004992,400111.04256,400173.91616,62.87360000004992,3,4.983783221799873,RankSurprise
microGPi1_R_4-6+,0,401789.70624,402210.16064,420.4543999999878,401789.70624,402210.16064,420.4543999999878,5,4.109163590818575,RankSurprise
microGPi1_R_4-6+,0,413004.26752,415488.2048,2483.937280000013,413004.26752,415488.2048,2483.937280000013,19,11.29395304831627,RankSurprise
microGPi1_R_4-6+,0,423043.52256,423081.24672,37.724159999983385,423043.52256,423081.24672,37.724159999983385,3,5.922117246710732,RankSurprise
microGPi1_R_4-6+,0,425885.81888,426546.33984,660.5209599999944,425885.81888,426546.33984,660.5209599999944,8,7.230379816989248,RankSurprise
microGPi1_R_4-6+,0,428103.96672,429401.57952,1297.6128000000026,428103.96672,429401.57952,1297.6128000000026,10,5.847281759842388,RankSurprise
microGPi1_R_4-6+,0,431808.47104,431863.76704,55.2960000000312,431808.47104,431863.76704,55.2960000000312,3,5.161681719477167,RankSurprise
microGPi1_R_4-6+,0,438055.48544,438126.26432,70.77887999999803,438055.48544,438126.26432,70.77887999999803,4,7.767111873261694,RankSurprise
microGPi1_R_4-6+,0,438675.16928,438698.51648,23.347200000018347,438675.16928,438698.51648,23.347200000018347,3,6.753620472044776,RankSurprise
microGPi1_R_4-6+,0,440778.99776,443433.00096,2654.0031999999774,440778.99776,443433.00096,2654.0031999999774,19,9.336796992832381,RankSurprise
microGPi1_R_4-6+,0,448837.55008,450248.9088,1411.3587199999602,448837.55008,450248.9088,1411.3587199999602,9,3.696415537943417,RankSurprise
microGPi1_R_4-6+,0,453342.45376,455075.59424,1733.1404800000018,453342.45376,455075.59424,1733.1404800000018,13,6.986289055701797,RankSurprise
microGPi1_R_4-6+,0,461450.36288,462005.08416,554.7212800000561,461450.36288,462005.08416,554.7212800000561,6,4.539753824182058,RankSurprise
microGPi1_R_4-6+,0,475215.38048,475492.22912,276.84863999998197,475215.38048,475492.22912,276.84863999998197,4,3.812031309569093,RankSurprise
microGPi1_R_4-6+,0,478929.38752,479306.05568,376.6681600000011,478929.38752,479306.05568,376.6681600000011,7,8.603482574157013,RankSurprise
microGPi1_R_4-6+,0,480611.90144,480753.78688,141.88544000004185,480611.90144,480753.78688,141.88544000004185,4,5.73174921050316,RankSurprise
microGPi1_R_4-6+,0,482422.3744,483233.34144,810.9670400000177,482422.3744,483233.34144,810.9670400000177,9,7.778444518479989,RankSurprise
microGPi1_R_4-6+,3,89817.12896,89944.35072,127.22176000000036,89817.12896,89944.35072,127.22176000000036,3,3.885213696384282,RankSurprise
microGPi1_R_4-6+,3,241092.97664,241227.89888,134.92223999998532,241092.97664,241227.89888,134.92223999998532,3,3.510483515322454,RankSurprise
microGPi1_R_4-6+,3,262129.54112,262269.17376,139.63263999996707,262129.54112,262269.17376,139.63263999996707,3,3.6348792760218753,RankSurprise
microGPi1_R_4-6+,3,265018.94144,265102.78656,83.84511999995448,265018.94144,265102.78656,83.84511999995448,3,4.377503198189826,RankSurprise
microGPi1_R_4-6+,3,332999.76192,333284.31104,284.5491199999815,332999.76192,333284.31104,284.5491199999815,4,4.687965298973426,RankSurprise
microGPi1_R_4-6+,3,346157.6704,349465.72288,3308.052480000013,346157.6704,349465.72288,3308.052480000013,14,6.5240799320779255,RankSurprise
microGPi1_R_4-6+,3,360575.3856,360643.3792,67.99360000004526,360575.3856,360643.3792,67.99360000004526,3,4.505555125049723,RankSurprise
microGPi1_R_4-6+,3,394332.65152,394443.24352,110.59200000000419,394332.65152,394443.24352,110.59200000000419,3,3.8137749987013105,RankSurprise
microGPi1_R_4-6+,3,400149.38112,400209.87904,60.497920000052545,400149.38112,400209.87904,60.497920000052545,3,4.6423705928754355,RankSurprise
microGPi1_R_4-6+,3,405504.24576,405697.24928,193.00351999996928,405504.24576,405697.24928,193.00351999996928,4,4.786337588699201,RankSurprise
microGPi1_R_4-6+,3,414729.87136,417969.80736,3239.935999999987,414729.87136,417969.80736,3239.935999999987,15,8.838544925122733,RankSurprise
microGPi1_R_4-6+,3,423870.30016,425266.25792,1395.9577600000193,423870.30016,425266.25792,1395.9577600000193,9,6.393790620603591,RankSurprise
microGPi1_R_4-6+,3,427143.86432,433275.12576,6131.261440000031,427143.86432,433275.12576,6131.261440000031,16,3.621480504277125,RankSurprise
microGPi1_R_4-6+,3,436192.256,436419.46112,227.20511999999871,436192.256,436419.46112,227.20511999999871,4,4.786337588699201,RankSurprise
microGPi1_R_4-6+,3,440682.04544,446031.29856,5349.2531200000085,440682.04544,446031.29856,5349.2531200000085,20,9.519287454336633,RankSurprise
microGPi1_R_4-6+,3,448742.93248,453987.61472,5244.682239999995,448742.93248,453987.61472,5244.682239999995,19,6.719907605029633,RankSurprise
microGPi1_R_4-6+,3,455615.6928,455764.95104,149.25823999999557,455615.6928,455764.95104,149.25823999999557,3,3.5510950942711794,RankSurprise
microGPi1_R_4-6+,3,466265.9072,466399.4368,133.52960000000894,466265.9072,466399.4368,133.52960000000894,3,3.7905181365370435,RankSurprise
microGPi1_R_9-10+,0,4460.83072,5033.08288,572.25216,4460.83072,5033.08288,572.25216,8,3.6198578316450893,RankSurprise
microGPi1_R_9-10+,0,6636.17536,7298.70336,662.5280000000002,6636.17536,7298.70336,662.5280000000002,10,5.476914667265009,RankSurprise
microGPi1_R_9-10+,0,17094.49216,17362.20672,267.7145599999967,17094.49216,17362.20672,267.7145599999967,5,3.566967331496542,RankSurprise
microGPi1_R_9-10+,0,20452.31104,20509.4912,57.18015999999989,20452.31104,20509.4912,57.18015999999989,3,4.425917301874366,RankSurprise
microGPi1_R_9-10+,0,25529.22112,25643.13088,113.90976000000228,25529.22112,25643.13088,113.90976000000228,4,5.436653568619096,RankSurprise
microGPi1_R_9-10+,0,39313.77664,39894.79424,581.0176000000065,39313.77664,39894.79424,581.0176000000065,8,3.515258702711076,RankSurprise
microGPi1_R_9-10+,0,42461.22496,42507.6736,46.44864000000234,42461.22496,42507.6736,46.44864000000234,3,5.877115614430064,RankSurprise
microGPi1_R_9-10+,0,44643.61472,44693.66784,50.05312000000413,44643.61472,44693.66784,50.05312000000413,3,6.196886001433347,RankSurprise
microGPi1_R_9-10+,0,48582.98368,48620.17536,37.191680000003544,48582.98368,48620.17536,37.191680000003544,3,7.7176652478275525,RankSurprise
microGPi1_R_9-10+,0,49752.92416,49839.18592,86.26176000000123,49752.92416,49839.18592,86.26176000000123,3,4.231353023302336,RankSurprise
microGPi1_R_9-10+,0,56421.25312,56494.2848,73.03168000000005,56421.25312,56494.2848,73.03168000000005,3,4.563356014666336,RankSurprise
microGPi1_R_9-10+,0,59911.04512,60270.01856,358.9734399999943,59911.04512,60270.01856,358.9734399999943,6,3.655744585912221,RankSurprise
microGPi1_R_9-10+,0,60755.31264,60872.45824,117.14560000000347,60755.31264,60872.45824,117.14560000000347,4,6.533622309651946,RankSurprise
microGPi1_R_9-10+,0,70779.65824,71649.0752,869.4169600000023,70779.65824,71649.0752,869.4169600000023,11,4.152157571581416,RankSurprise
microGPi1_R_9-10+,0,72316.3136,72809.92256,493.6089600000123,72316.3136,72809.92256,493.6089600000123,8,5.233250424632655,RankSurprise
microGPi1_R_9-10+,0,77613.91616,77765.05856,151.14240000001155,77613.91616,77765.05856,151.14240000001155,5,6.894514759271065,RankSurprise
microGPi1_R_9-10+,0,78909.52192,78988.98432,79.46240000000398,78909.52192,78988.98432,79.46240000000398,3,3.694006719005692,RankSurprise
microGPi1_R_9-10+,0,88377.99936,88451.85024,73.85087999999814,88377.99936,88451.85024,73.85087999999814,4,9.911207619486833,RankSurprise
microGPi1_R_9-10+,0,89651.2,89722.59328,71.39328000000387,89651.2,89722.59328,71.39328000000387,3,3.5971856677684624,RankSurprise
microGPi1_R_9-10+,0,90871.11168,90955.9808,84.86912000000302,90871.11168,90955.9808,84.86912000000302,3,3.8486376497026313,RankSurprise
microGPi1_R_9-10+,0,92050.59584,92251.05408,200.4582400000072,92050.59584,92251.05408,200.4582400000072,5,5.699509038233398,RankSurprise
microGPi1_R_9-10+,0,93232.9472,93472.03072,239.08352000000014,93232.9472,93472.03072,239.08352000000014,5,3.8633323048110384,RankSurprise
microGPi1_R_9-10+,0,94336.8192,94546.49344,209.67424000000756,94336.8192,94546.49344,209.67424000000756,5,5.542340662891089,RankSurprise
microGPi1_R_9-10+,0,96523.01824,96601.21088,78.19263999999384,96523.01824,96601.21088,78.19263999999384,3,4.504052370812289,RankSurprise
microGPi1_R_9-10+,0,113857.98656,114762.752,904.7654399999883,113857.98656,114762.752,904.7654399999883,12,5.308629459828931,RankSurprise
microGPi1_R_9-10+,0,119902.37184,119996.25216,93.88031999999657,119902.37184,119996.25216,93.88031999999657,3,3.6834059792012894,RankSurprise
microGPi1_R_9-10+,0,121155.91168,122890.6496,1734.7379199999996,121155.91168,122890.6496,1734.7379199999996,19,4.5212824459724095,RankSurprise
microGPi1_R_9-10+,0,125194.6496,125945.56928,750.9196799999918,125194.6496,125945.56928,750.9196799999918,12,8.511641000519456,RankSurprise
microGPi1_R_9-10+,0,133887.01696,134045.696,158.67903999998816,133887.01696,134045.696,158.67903999998816,4,4.248351124958749,RankSurprise
microGPi1_R_9-10+,0,136566.33344,136636.37504,70.04160000002594,136566.33344,136636.37504,70.04160000002594,3,4.59646028171176,RankSurprise
microGPi1_R_9-10+,0,144080.15872,144391.7824,311.6236799999897,144080.15872,144391.7824,311.6236799999897,6,4.757947421308867,RankSurprise
microGPi1_R_9-10+,0,147645.07136,147741.0816,96.01024000000325,147645.07136,147741.0816,96.01024000000325,3,3.6834059792012894,RankSurprise
microGPi1_R_9-10+,0,149788.38528,149848.80128,60.41600000002654,149788.38528,149848.80128,60.41600000002654,3,5.121468329745706,RankSurprise
microGPi1_R_9-10+,0,182856.99072,183949.76256,1092.7718400000012,182856.99072,183949.76256,1092.7718400000012,15,6.581004989410643,RankSurprise
microGPi1_R_9-10+,0,196579.08224,196654.24384,75.16160000002128,196579.08224,196654.24384,75.16160000002128,3,4.764675671812604,RankSurprise
microGPi1_R_9-10+,0,199309.02528,199375.01184,65.98655999999028,199309.02528,199375.01184,65.98655999999028,3,4.045583991463184,RankSurprise
microGPi1_R_9-10+,0,222431.31392,222571.15136,139.83744000000297,222431.31392,222571.15136,139.83744000000297,4,4.60775494178209,RankSurprise
microGPi1_R_9-10+,0,225152.2048,226176.28672,1024.081919999997,225152.2048,226176.28672,1024.081919999997,14,6.722461570458262,RankSurprise
microGPi1_R_9-10+,0,226176.28672,226184.76544,8.478719999984605,226176.28672,226184.76544,8.478719999984605,3,10.760084635354197,RankSurprise
microGPi1_R_9-10+,0,227814.6048,228183.94112,369.33632000000216,227814.6048,228183.94112,369.33632000000216,6,4.255805731810622,RankSurprise
microGPi1_R_9-10+,0,236036.79232,236176.01536,139.22303999998257,236036.79232,236176.01536,139.22303999998257,4,4.253732295206429,RankSurprise
microGPi1_R_9-10+,0,241782.12864,241879.32672,97.19808000000194,241782.12864,241879.32672,97.19808000000194,3,3.638107841257817,RankSurprise
microGPi1_R_9-10+,0,247665.78688,247817.216,151.42911999998614,247665.78688,247817.216,151.42911999998614,4,3.7789943787836577,RankSurprise
microGPi1_R_9-10+,0,248080.95744,248311.68512,230.72768000001088,248080.95744,248311.68512,230.72768000001088,5,4.673525337619207,RankSurprise
microGPi1_R_9-10+,0,255947.32544,256036.94592,89.62048000001232,255947.32544,256036.94592,89.62048000001232,3,3.810721788142704,RankSurprise
microGPi1_R_9-10+,0,257578.92608,257854.42304,275.4969599999895,257578.92608,257854.42304,275.4969599999895,6,5.831619778204178,RankSurprise
microGPi1_R_9-10+,0,262130.19648,262643.0976,512.9011199999659,262130.19648,262643.0976,512.9011199999659,11,10.96080871972911,RankSurprise
microGPi1_R_9-10+,0,264943.57504,265430.91712,487.34207999997307,264943.57504,265430.91712,487.34207999997307,10,9.445628903089046,RankSurprise
microGPi1_R_9-10+,0,282472.40704,282636.00128,163.5942400000058,282472.40704,282636.00128,163.5942400000058,4,4.086149378854248,RankSurprise
microGPi1_R_9-10+,0,287867.4944,288306.54464,439.0502399999532,287867.4944,288306.54464,439.0502399999532,7,3.8883575248560955,RankSurprise
microGPi1_R_9-10+,0,299351.81824,301442.70336,2090.8851199999917,299351.81824,301442.70336,2090.8851199999917,22,5.696286059731865,RankSurprise
microGPi1_R_9-10+,0,302721.6384,302791.0656,69.42719999997644,302721.6384,302791.0656,69.42719999997644,3,5.318972844656164,RankSurprise
microGPi1_R_9-10+,0,318103.10144,318174.24896,71.14751999999862,318103.10144,318174.24896,71.14751999999862,3,4.5307907847696125,RankSurprise
microGPi1_R_9-10+,0,329706.12736,329780.87936,74.75200000003679,329706.12736,329780.87936,74.75200000003679,3,5.078532733068842,RankSurprise
microGPi1_R_9-10+,0,331544.1664,331888.88576,344.7193599999882,331544.1664,331888.88576,344.7193599999882,6,3.9230316547427546,RankSurprise
microGPi1_R_9-10+,0,356354.4576,356457.02144,102.56383999995887,356354.4576,356457.02144,102.56383999995887,4,6.748426329308817,RankSurprise
microGPi1_R_9-10+,0,357592.30976,360097.42336,2505.1136000000406,357592.30976,360097.42336,2505.1136000000406,30,9.499173872923604,RankSurprise
microGPi1_R_9-10+,0,364805.40672,365892.28032,1086.8735999999917,364805.40672,365892.28032,1086.8735999999917,15,7.396017462213583,RankSurprise
microGPi1_R_9-10+,0,375164.7232,375482.44992,317.7267199999769,375164.7232,375482.44992,317.7267199999769,6,4.881214140580191,RankSurprise
microGPi1_R_9-10+,0,376796.24192,376888.56576,92.3238400000264,376796.24192,376888.56576,92.3238400000264,3,3.7588189234833074,RankSurprise
microGPi1_R_9-10+,0,377141.28896,377376.07168,234.78272000001743,377141.28896,377376.07168,234.78272000001743,5,4.569240556690392,RankSurprise
microGPi1_R_9-10+,0,379707.10528,380138.86464,431.7593599999673,379707.10528,380138.86464,431.7593599999673,7,4.07913484820778,RankSurprise
microGPi1_R_9-10+,0,381320.192,382155.32544,835.1334400000051,381320.192,382155.32544,835.1334400000051,10,3.9464249734160606,RankSurprise
microGPi1_R_9-10+,0,383208.69376,384195.91168,987.2179200000246,383208.69376,384195.91168,987.2179200000246,13,4.908611588891194,RankSurprise
microGPi1_R_9-10+,0,391346.33984,391802.22464,455.8847999999998,391346.33984,391802.22464,455.8847999999998,9,8.054061560860916,RankSurprise
microGPi1_R_9-10+,0,407214.4896,407305.29792,90.80832000001101,407214.4896,407305.29792,90.80832000001101,3,3.999652903996079,RankSurprise
microGPi1_R_9-10+,0,412236.10368,412324.33152,88.22784000000684,412236.10368,412324.33152,88.22784000000684,3,3.6484705664697152,RankSurprise
microGPi1_R_9-10+,0,412731.55584,412823.42912,91.8732799999998,412731.55584,412823.42912,91.8732799999998,3,3.7846019911828748,RankSurprise
microGPi1_R_9-10+,0,415301.50912,416319.97952,1018.4703999999911,415301.50912,416319.97952,1018.4703999999911,12,3.7237607424366606,RankSurprise
microGPi1_R_9-10+,0,423009.11616,423064.1664,55.0502400000114,423009.11616,423064.1664,55.0502400000114,3,4.728692611334628,RankSurprise
microGPi1_R_9-10+,0,424288.91136,424359.1168,70.20543999999063,424288.91136,424359.1168,70.20543999999063,3,5.1653459217721185,RankSurprise
microGPi1_R_9-10+,0,436637.57312,437296.128,658.5548800000106,436637.57312,437296.128,658.5548800000106,9,3.7905950411850085,RankSurprise
microGPi1_R_9-10+,0,439421.17376,439582.80192,161.62816000002204,439421.17376,439582.80192,161.62816000002204,4,4.213606842949375,RankSurprise
microGPi1_R_9-10+,0,444448.07168,444609.69984,161.62816000002204,444448.07168,444609.69984,161.62816000002204,4,3.990903239575136,RankSurprise
microGPi1_R_9-10+,0,454490.15296,454537.0112,46.85824000003049,454490.15296,454537.0112,46.85824000003049,3,7.125793371524663,RankSurprise
microGPi1_R_9-10+,0,462014.83264,462097.32608,82.4934400000493,462014.83264,462097.32608,82.4934400000493,3,4.477666717916918,RankSurprise
microGPi1_R_9-10+,0,463229.5424,463326.24896,96.70656000002054,463229.5424,463326.24896,96.70656000002054,3,3.5971856677684624,RankSurprise
microGPi1_R_9-10+,0,473012.0192,474324.62336,1312.6041600000462,473012.0192,474324.62336,1312.6041600000462,17,6.953804358918382,RankSurprise
microGPi1_R_9-10+,0,477281.93536,477368.23808,86.30271999997785,477281.93536,477368.23808,86.30271999997785,3,4.212898427212476,RankSurprise
microGPi1_R_9-10+,0,479853.3632,481057.21856,1203.8553599999868,479853.3632,481057.21856,1203.8553599999868,15,5.187391719668282,RankSurprise
microGPi1_R_9-10+,1,7242.42432,8278.50752,1036.0831999999991,7242.42432,8278.50752,1036.0831999999991,13,7.656921406055997,RankSurprise
microGPi1_R_9-10+,1,16390.26688,17767.99744,1377.73056,16390.26688,17767.99744,1377.73056,13,3.950510574645046,RankSurprise
microGPi1_R_9-10+,1,31022.8992,31114.89536,91.99615999999878,31022.8992,31114.89536,91.99615999999878,4,6.094561072825112,RankSurprise
microGPi1_R_9-10+,1,40418.46784,40456.3968,37.928960000004736,40418.46784,40456.3968,37.928960000004736,3,5.349322328483677,RankSurprise
microGPi1_R_9-10+,1,64595.06688,64766.976,171.9091200000039,64595.06688,64766.976,171.9091200000039,4,4.048469303169444,RankSurprise
microGPi1_R_9-10+,1,66239.11936,66300.76416,61.64480000000913,66239.11936,66300.76416,61.64480000000913,3,4.3861705906567625,RankSurprise
microGPi1_R_9-10+,1,89235.456,89881.64096,646.1849599999987,89235.456,89881.64096,646.1849599999987,9,5.919435531816072,RankSurprise
microGPi1_R_9-10+,1,112925.9008,113298.35008,372.4492800000007,112925.9008,113298.35008,372.4492800000007,6,4.345144901294425,RankSurprise
microGPi1_R_9-10+,1,116385.1776,116737.14688,351.9692800000048,116385.1776,116737.14688,351.9692800000048,6,4.720612509386503,RankSurprise
microGPi1_R_9-10+,1,140245.93408,140550.9632,305.02911999999196,140245.93408,140550.9632,305.02911999999196,8,9.719927985069305,RankSurprise
microGPi1_R_9-10+,1,147397.30432,147587.15392,189.84960000001593,147397.30432,147587.15392,189.84960000001593,4,3.670788150150152,RankSurprise
microGPi1_R_9-10+,1,162835.12832,163951.94368,1116.8153600000078,162835.12832,163951.94368,1116.8153600000078,11,4.277263527319387,RankSurprise
microGPi1_R_9-10+,1,199547.41248,199728.9472,181.534719999996,199547.41248,199728.9472,181.534719999996,4,3.8051892368694844,RankSurprise
microGPi1_R_9-10+,1,202689.00352,202974.04416,285.040639999992,202689.00352,202974.04416,285.040639999992,5,4.117448005538666,RankSurprise
microGPi1_R_9-10+,1,206654.79168,207053.78304,398.99136000001454,206654.79168,207053.78304,398.99136000001454,7,5.571204019842022,RankSurprise
microGPi1_R_9-10+,1,210983.64928,211049.2672,65.61791999998968,210983.64928,211049.2672,65.61791999998968,3,4.249916761008599,RankSurprise
microGPi1_R_9-10+,1,219057.47968,219136.08192,78.60224000000744,219057.47968,219136.08192,78.60224000000744,3,3.5592235694102214,RankSurprise
microGPi1_R_9-10+,1,221605.0688,221674.45504,69.38623999999254,221605.0688,221674.45504,69.38623999999254,3,4.122356398696205,RankSurprise
microGPi1_R_9-10+,1,245827.95264,245895.49568,67.54303999998956,245827.95264,245895.49568,67.54303999998956,3,4.148543422341387,RankSurprise
microGPi1_R_9-10+,1,251557.2736,251637.63712,80.36352000001352,251557.2736,251637.63712,80.36352000001352,3,3.7121645461893777,RankSurprise
microGPi1_R_9-10+,1,252025.69216,252302.00832,276.3161599999876,252025.69216,252302.00832,276.3161599999876,5,3.997818295019659,RankSurprise
microGPi1_R_9-10+,1,262088.00768,263924.81792,1836.8102399999916,262088.00768,263924.81792,1836.8102399999916,29,22.244161583766317,RankSurprise
microGPi1_R_9-10+,1,264229.19168,264893.35808,664.1663999999873,264229.19168,264893.35808,664.1663999999873,8,3.960489756319878,RankSurprise
microGPi1_R_9-10+,1,279290.4704,279434.6496,144.17920000001322,279290.4704,279434.6496,144.17920000001322,4,4.333654916675862,RankSurprise
microGPi1_R_9-10+,1,300485.30432,300723.6096,238.3052800000296,300485.30432,300723.6096,238.3052800000296,5,4.672573665056859,RankSurprise
microGPi1_R_9-10+,1,312804.80256,312832.6144,27.8118400000385,312804.80256,312832.6144,27.8118400000385,3,5.99602164087819,RankSurprise
microGPi1_R_9-10+,1,334187.39712,335219.38432,1031.9872000000323,334187.39712,335219.38432,1031.9872000000323,11,5.154297745090734,RankSurprise
microGPi1_R_9-10+,1,356846.87872,357619.42528,772.5465600000462,356846.87872,357619.42528,772.5465600000462,10,5.400549373271788,RankSurprise
microGPi1_R_9-10+,1,358304.03072,358825.41056,521.3798400000087,358304.03072,358825.41056,521.3798400000087,8,5.953233540121905,RankSurprise
microGPi1_R_9-10+,1,360149.85216,360760.27904,610.4268799999845,360149.85216,360760.27904,610.4268799999845,9,6.482016097672369,RankSurprise
microGPi1_R_9-10+,1,362529.9968,362604.3392,74.34239999996498,362529.9968,362604.3392,74.34239999996498,3,3.8548865301930135,RankSurprise
microGPi1_R_9-10+,1,373288.30464,373504.6144,216.30976000003284,373288.30464,373504.6144,216.30976000003284,5,5.0768499390826065,RankSurprise
microGPi1_R_9-10+,1,375429.69344,376319.01696,889.3235199999763,375429.69344,376319.01696,889.3235199999763,10,4.618866871458227,RankSurprise
microGPi1_R_9-10+,1,377080.4224,377382.2976,301.8752000000095,377080.4224,377382.2976,301.8752000000095,6,5.551421528788161,RankSurprise
microGPi1_R_9-10+,1,383169.90464,383254.9376,85.03295999998227,383169.90464,383254.9376,85.03295999998227,3,3.5740019841892874,RankSurprise
microGPi1_R_9-10+,1,390162.35008,390337.49504,175.14496000000509,390162.35008,390337.49504,175.14496000000509,6,8.1374882818265,RankSurprise
microGPi1_R_9-10+,1,393905.11104,394034.7904,129.67936000000918,393905.11104,394034.7904,129.67936000000918,4,4.822176898813488,RankSurprise
microGPi1_R_9-10+,1,394935.0912,395009.51552,74.42431999999098,394935.0912,395009.51552,74.42431999999098,3,3.948062237468706,RankSurprise
microGPi1_R_9-10+,1,414791.31136,414925.6192,134.30784000002313,414791.31136,414925.6192,134.30784000002313,8,16.18277983168263,RankSurprise
microGPi1_R_9-10+,1,416076.34944,416222.53568,146.1862399999518,416076.34944,416222.53568,146.1862399999518,4,4.425201665902872,RankSurprise
microGPi1_R_9-10+,1,422999.36768,423255.08096,255.7132799999672,422999.36768,423255.08096,255.7132799999672,5,4.460515549064635,RankSurprise
microGPi1_R_9-10+,1,424985.64096,425166.56128,180.92032000003383,424985.64096,425166.56128,180.92032000003383,4,3.693877892415557,RankSurprise
microGPi1_R_9-10+,1,429031.17824,429182.03392,150.85568000003695,429031.17824,429182.03392,150.85568000003695,5,6.841466054442982,RankSurprise
microGPi1_R_9-10+,1,431846.72768,432371.99872,525.2710399999633,431846.72768,432371.99872,525.2710399999633,7,3.8933183585633913,RankSurprise
microGPi1_R_9-10+,1,448776.6016,451442.31936,2665.7177600000286,448776.6016,451442.31936,2665.7177600000286,27,10.162305808471032,RankSurprise
microGPi1_R_9-10+,1,453579.07968,454657.4336,1078.353919999965,453579.07968,454657.4336,1078.353919999965,14,8.824911309484419,RankSurprise
microGPi1_R_9-10+,1,460004.02432,460092.416,88.39168000000063,460004.02432,460092.416,88.39168000000063,4,6.253489195491202,RankSurprise
microGPi1_R_9-10+,1,460998.28736,461865.984,867.6966399999801,460998.28736,461865.984,867.6966399999801,9,3.6746564942756055,RankSurprise
microGPi1_R_9-10+,1,462950.76864,462961.78688,11.01824000000488,462950.76864,462961.78688,11.01824000000488,3,8.278156123400944,RankSurprise
microGPi1_R_9-10+,1,464431.39072,464515.85024,84.45951999997487,464431.39072,464515.85024,84.45951999997487,3,3.659873896603921,RankSurprise
microGPi1_R_9-10+,1,480012.12416,480946.3808,934.2566399999778,480012.12416,480946.3808,934.2566399999778,15,11.684881338308895,RankSurprise
microGPi1_R_9-10+,1,481600.96256,483047.46496,1446.5023999999976,481600.96256,483047.46496,1446.5023999999976,15,5.813557211572099,RankSurprise
microGPi1_R_9-10+,1,484184.92416,484719.90272,534.9785600000178,484184.92416,484719.90272,534.9785600000178,7,4.057776252145787,RankSurprise
microGPi2_R_1-2+,0,30120.71424,30469.48864,348.7743999999984,30120.71424,30469.48864,348.7743999999984,5,5.3686780239894105,RankSurprise
microGPi2_R_1-2+,0,105333.1456,106682.44992,1349.3043199999956,105333.1456,106682.44992,1349.3043199999956,10,7.048644231214829,RankSurprise
microGPi2_R_1-2+,0,110386.87232,110461.78816,74.91584000000148,110386.87232,110461.78816,74.91584000000148,3,4.617341024279881,RankSurprise
microGPi2_R_1-2+,0,137201.41824,137576.16128,374.7430400000012,137201.41824,137576.16128,374.7430400000012,4,3.783914543806727,RankSurprise
microGPi2_R_1-2+,0,202719.96928,202775.59296,55.623680000018794,202719.96928,202775.59296,55.623680000018794,3,5.232693482955121,RankSurprise
microGPi2_R_1-2+,0,209850.40896,209954.89792,104.48895999998786,209850.40896,209954.89792,104.48895999998786,3,4.1330529165614465,RankSurprise
microGPi2_R_1-2+,0,211504.57856,212564.29568,1059.7171200000157,211504.57856,212564.29568,1059.7171200000157,6,3.5315189719135036,RankSurprise
microGPi2_R_1-2+,0,223388.50816,223403.66336,15.155200000008335,223388.50816,223403.66336,15.155200000008335,3,7.782632603013976,RankSurprise
microGPi2_R_1-2+,0,231189.504,231462.01088,272.5068800000008,231189.504,231462.01088,272.5068800000008,4,4.270153774883973,RankSurprise
microGPi2_R_1-2+,0,236940.24704,238499.75808,1559.5110400000121,236940.24704,238499.75808,1559.5110400000121,8,3.6579344715008117,RankSurprise
microGPi2_R_1-2+,0,239456.95232,240127.83616,670.883839999995,239456.95232,240127.83616,670.883839999995,9,10.257955589234582,RankSurprise
microGPi2_R_1-2+,0,242261.93408,243264.06144,1002.127359999984,242261.93408,243264.06144,1002.127359999984,6,3.566251590156994,RankSurprise
microGPi2_R_1-2+,0,252719.3088,253040.80384,321.4950400000089,252719.3088,253040.80384,321.4950400000089,5,5.760145338243028,RankSurprise
microGPi2_R_1-2+,0,256510.03392,256823.45984,313.4259200000088,256510.03392,256823.45984,313.4259200000088,4,3.8443702458826436,RankSurprise
microGPi2_R_1-2+,0,262644.40832,264059.61728,1415.2089600000181,262644.40832,264059.61728,1415.2089600000181,15,14.330442901571374,RankSurprise
microGPi2_R_1-2+,0,306084.864,306375.59808,290.7340800000238,306084.864,306375.59808,290.7340800000238,5,5.919968092887917,RankSurprise
microGPi2_R_1-2+,0,341231.65696,341344.01024,112.35327999998117,341231.65696,341344.01024,112.35327999998117,3,3.890328433926168,RankSurprise
microGPi2_R_1-2+,0,352359.54688,353256.28416,896.7372800000012,352359.54688,353256.28416,896.7372800000012,7,5.236170725717378,RankSurprise
microGPi2_R_1-2+,0,356875.264,358339.87072,1464.6067199999816,356875.264,358339.87072,1464.6067199999816,10,6.941070679057008,RankSurprise
microGPi2_R_1-2+,0,369977.46688,370662.31808,684.8511999999755,369977.46688,370662.31808,684.8511999999755,5,3.7246744940121808,RankSurprise
microGPi2_R_1-2+,0,413026.54976,413248.9216,222.37183999997796,413026.54976,413248.9216,222.37183999997796,4,4.9483999244796415,RankSurprise
microGPi2_R_1-2+,0,414594.70336,415778.16064,1183.4572800000315,414594.70336,415778.16064,1183.4572800000315,7,4.010366590823248,RankSurprise
microGPi2_R_1-2+,0,427398.02112,429762.23232,2364.2112000000197,427398.02112,429762.23232,2364.2112000000197,11,4.560565176363869,RankSurprise
microGPi2_R_1-2+,0,439104.75776,439227.06432,122.30655999999726,439104.75776,439227.06432,122.30655999999726,3,3.743472120328107,RankSurprise
microGPi2_R_1-2+,0,444106.71104,444241.18272,134.47167999995872,444106.71104,444241.18272,134.47167999995872,3,3.6066655539588197,RankSurprise
microGPi2_R_1-2+,0,452792.23808,454396.60032,1604.3622400000459,452792.23808,454396.60032,1604.3622400000459,9,4.629097371413641,RankSurprise
microGPi2_R_1-2+,0,473400.7296,473664.02048,263.2908799999859,473400.7296,473664.02048,263.2908799999859,4,4.470229125481509,RankSurprise
microGPi2_R_1-2+,0,477378.23232,477435.45344,57.221120000001974,477378.23232,477435.45344,57.221120000001974,3,5.043196088091095,RankSurprise
microGPi2_R_1-2+,1,9580.66688,9738.52672,157.85983999999917,9580.66688,9738.52672,157.85983999999917,6,8.887748890944266,RankSurprise
microGPi2_R_1-2+,1,40466.39104,40552.20224,85.81119999999646,40466.39104,40552.20224,85.81119999999646,3,3.557801718317984,RankSurprise
microGPi2_R_1-2+,1,71077.60128,71156.24448,78.64319999999134,71077.60128,71156.24448,78.64319999999134,3,3.796263181089527,RankSurprise
microGPi2_R_1-2+,1,118149.3248,118288.384,139.05920000000333,118149.3248,118288.384,139.05920000000333,5,6.925358759217602,RankSurprise
microGPi2_R_1-2+,1,131766.31296,131855.60576,89.29279999999562,131766.31296,131855.60576,89.29279999999562,4,5.892033625632077,RankSurprise
microGPi2_R_1-2+,1,133953.78176,133964.5952,10.813439999998081,133953.78176,133964.5952,10.813439999998081,3,7.483091807225292,RankSurprise
microGPi2_R_1-2+,1,168089.92768,168243.4048,153.47711999999592,168089.92768,168243.4048,153.47711999999592,4,4.311637945076569,RankSurprise
microGPi2_R_1-2+,1,175989.1456,176115.67104,126.52543999999762,175989.1456,176115.67104,126.52543999999762,4,5.0266621231560045,RankSurprise
microGPi2_R_1-2+,1,198057.41056,198150.06208,92.65152000001399,198057.41056,198150.06208,92.65152000001399,3,3.5120479668252838,RankSurprise
microGPi2_R_1-2+,1,211885.34272,212389.92896,504.5862400000042,211885.34272,212389.92896,504.5862400000042,6,3.7325765274574656,RankSurprise
microGPi2_R_1-2+,1,219588.52608,219639.808,51.281919999979436,219588.52608,219639.808,51.281919999979436,3,4.568468701284006,RankSurprise
microGPi2_R_1-2+,1,224508.43648,224545.13664,36.7001600000076,224508.43648,224545.13664,36.7001600000076,3,5.1347269302168925,RankSurprise
microGPi2_R_1-2+,1,238314.12736,239972.59776,1658.470399999991,238314.12736,239972.59776,1658.470399999991,12,4.355761362242292,RankSurprise
microGPi2_R_1-2+,1,242783.10912,243243.04896,459.93983999997727,242783.10912,243243.04896,459.93983999997727,6,4.317075207540091,RankSurprise
microGPi2_R_1-2+,1,261125.65248,263214.08,2088.4275200000266,261125.65248,263214.08,2088.4275200000266,21,13.499308988744113,RankSurprise
microGPi2_R_1-2+,1,264628.18304,264773.59104,145.40800000005402,264628.18304,264773.59104,145.40800000005402,4,4.635652774799972,RankSurprise
microGPi2_R_1-2+,1,268529.0496,268602.08128,73.0316799999564,268529.0496,268602.08128,73.0316799999564,3,3.8799258713853852,RankSurprise
microGPi2_R_1-2+,1,270095.19616,270454.90688,359.71072000003187,270095.19616,270454.90688,359.71072000003187,5,3.9851261598156995,RankSurprise
microGPi2_R_1-2+,1,274716.63104,274943.46752,226.83647999999812,274716.63104,274943.46752,226.83647999999812,4,3.5461373039893864,RankSurprise
microGPi2_R_1-2+,1,297434.07104,298360.79104,926.7199999999721,297434.07104,298360.79104,926.7199999999721,13,10.16779081167362,RankSurprise
microGPi2_R_1-2+,1,298948.1984,299161.43616,213.23775999998907,298948.1984,299161.43616,213.23775999998907,4,3.7211142530796053,RankSurprise
microGPi2_R_1-2+,1,331626.78272,332008.448,381.6652799999574,331626.78272,332008.448,381.6652799999574,8,8.420976755122378,RankSurprise
microGPi2_R_1-2+,1,334875.40224,335391.00672,515.60447999998,334875.40224,335391.00672,515.60447999998,7,5.50085511932914,RankSurprise
microGPi2_R_1-2+,1,341027.84,341652.6848,624.8447999999626,341027.84,341652.6848,624.8447999999626,7,4.514595981253599,RankSurprise
microGPi2_R_1-2+,1,342917.81632,342944.80896,26.992640000011306,342917.81632,342944.80896,26.992640000011306,4,9.350158691836306,RankSurprise
microGPi2_R_1-2+,1,345793.7408,346712.43264,918.691839999985,345793.7408,346712.43264,918.691839999985,9,4.655959556537998,RankSurprise
microGPi2_R_1-2+,1,358228.70528,359062.81472,834.1094400000293,358228.70528,359062.81472,834.1094400000293,10,6.930704910298657,RankSurprise
microGPi2_R_1-2+,1,376007.80288,376806.72768,798.9248000000371,376007.80288,376806.72768,798.9248000000371,8,4.729855345573402,RankSurprise
microGPi2_R_1-2+,1,392808.36608,393086.23872,277.87264000001596,392808.36608,393086.23872,277.87264000001596,5,5.193569957531597,RankSurprise
microGPi2_R_1-2+,1,407638.87616,407755.44832,116.57216000003973,407638.87616,407755.44832,116.57216000003973,4,5.17651547995408,RankSurprise
microGPi2_R_1-2+,1,408919.90016,408989.85984,69.95967999997083,408919.90016,408989.85984,69.95967999997083,3,3.983535105364293,RankSurprise
microGPi2_R_1-2+,1,415486.1568,415634.71872,148.56192000000738,415486.1568,415634.71872,148.56192000000738,5,6.721191773610528,RankSurprise
microGPi2_R_1-2+,1,421455.62624,421792.19456,336.5683199999621,421455.62624,421792.19456,336.5683199999621,6,5.549049731200611,RankSurprise
microGPi2_R_1-2+,1,423047.49568,423879.59808,832.1024000000325,423047.49568,423879.59808,832.1024000000325,8,4.421852510649454,RankSurprise
microGPi2_R_1-2+,1,429179.57632,429389.29152,209.7152000000351,429179.57632,429389.29152,209.7152000000351,4,3.520749248561959,RankSurprise
microGPi2_R_1-2+,1,431199.39584,432397.68064,1198.284799999965,431199.39584,432397.68064,1198.284799999965,10,4.15757258447558,RankSurprise
microGPi2_R_1-2+,1,434641.7152,435152.52736,510.8121600000304,434641.7152,435152.52736,510.8121600000304,6,3.851682185612946,RankSurprise
microGPi2_R_1-2+,1,450581.99552,450965.13536,383.139840000018,450581.99552,450965.13536,383.139840000018,7,6.783972871260055,RankSurprise
microGPi2_R_1-2+,1,452452.1472,452455.424,3.276799999992363,452452.1472,452455.424,3.276799999992363,3,9.634854010484755,RankSurprise
microGPi2_R_1-2+,4,97576.46848,97827.4304,250.96192000000156,97576.46848,97827.4304,250.96192000000156,3,3.728442106063506,RankSurprise
microGPi2_R_1-2+,4,107126.25152,107319.95136,193.69984000000113,107126.25152,107319.95136,193.69984000000113,3,3.9509018966673146,RankSurprise
microGPi2_R_1-2+,4,157519.70816,159088.51712,1568.8089599999948,157519.70816,159088.51712,1568.8089599999948,6,4.440853593265226,RankSurprise
microGPi2_R_1-2+,4,210073.31328,211087.11424,1013.8009599999932,210073.31328,211087.11424,1013.8009599999932,5,3.8645166023354207,RankSurprise
microGPi2_R_1-2+,4,230499.45088,233178.3168,2678.865920000011,230499.45088,233178.3168,2678.865920000011,9,5.742819600338303,RankSurprise
microGPi2_R_1-2+,4,283421.65504,283527.86432,106.20928000001004,283421.65504,283527.86432,106.20928000001004,3,4.90409204618938,RankSurprise
microGPi2_R_1-2+,4,344156.20096,344269.94688,113.74592000001576,344156.20096,344269.94688,113.74592000001576,3,4.946651660608176,RankSurprise
microGPi2_R_1-2+,4,346515.08736,348944.05632,2428.9689599999692,346515.08736,348944.05632,2428.9689599999692,7,4.159794572651642,RankSurprise
microGPi2_R_1-2+,4,355228.4672,357786.05056,2557.5833599999896,355228.4672,357786.05056,2557.5833599999896,10,7.802585393659636,RankSurprise
microGPi2_R_1-2+,4,394678.39488,394734.91968,56.524800000013784,394678.39488,394734.91968,56.524800000013784,3,5.925940318645652,RankSurprise
microGPi2_R_1-2+,4,420149.00224,442360.95488,22211.952639999974,420149.00224,442360.95488,22211.952639999974,41,7.893662035282137,RankSurprise
microGPi2_R_1-2+,4,465141.88288,465446.58432,304.7014400000335,465141.88288,465446.58432,304.7014400000335,4,5.534782795279362,RankSurprise
microGPi2_R_1-3+,4,33893.25312,34132.5824,239.3292799999981,33893.25312,34132.5824,239.3292799999981,5,6.003292434114169,RankSurprise
microGPi2_R_1-3+,4,74263.67488,74357.47328,93.79839999999967,74263.67488,74357.47328,93.79839999999967,3,3.9185804059743052,RankSurprise
microGPi2_R_1-3+,4,97423.23712,97512.28416,89.04703999999037,97423.23712,97512.28416,89.04703999999037,3,3.9988596397259446,RankSurprise
microGPi2_R_1-3+,4,105031.35232,105142.31296,110.96063999999024,105031.35232,105142.31296,110.96063999999024,3,3.5594060082948005,RankSurprise
microGPi2_R_1-3+,4,120036.9664,120904.66304,867.6966399999947,120036.9664,120904.66304,867.6966399999947,7,4.478248364737674,RankSurprise
microGPi2_R_1-3+,4,209805.9264,210860.40064,1054.4742400000105,209805.9264,210860.40064,1054.4742400000105,10,7.088180859482141,RankSurprise
microGPi2_R_1-3+,4,223581.184,225495.94112,1914.7571199999948,223581.184,225495.94112,1914.7571199999948,11,5.211700790774296,RankSurprise
microGPi2_R_1-3+,4,240546.16064,243291.66848,2745.5078400000057,240546.16064,243291.66848,2745.5078400000057,15,5.497337245070402,RankSurprise
microGPi2_R_1-3+,4,253608.05888,253912.22784,304.16896000001,253608.05888,253912.22784,304.16896000001,7,9.521329470090322,RankSurprise
microGPi2_R_1-3+,4,263069.77792,264655.0528,1585.2748799999827,263069.77792,264655.0528,1585.2748799999827,14,9.570807278248417,RankSurprise
microGPi2_R_1-3+,4,312558.42816,312616.42752,57.99936000001617,312558.42816,312616.42752,57.99936000001617,3,4.599419738859654,RankSurprise
microGPi2_R_1-3+,4,328894.70976,332050.59584,3155.8860800000257,328894.70976,332050.59584,3155.8860800000257,16,4.727661798708617,RankSurprise
microGPi2_R_1-3+,4,337959.19872,338459.48416,500.28544000000693,337959.19872,338459.48416,500.28544000000693,5,3.7474474293989317,RankSurprise
microGPi2_R_1-3+,4,344979.8656,347117.52704,2137.661439999996,344979.8656,347117.52704,2137.661439999996,14,7.2182819983345246,RankSurprise
microGPi2_R_1-3+,4,348886.99904,349073.48992,186.49087999999756,348886.99904,349073.48992,186.49087999999756,5,7.148739778642881,RankSurprise
microGPi2_R_1-3+,4,351051.48928,351271.36256,219.8732799999998,351051.48928,351271.36256,219.8732799999998,4,4.332355440660891,RankSurprise
microGPi2_R_1-3+,4,355536.4864,356204.21632,667.7299200000125,355536.4864,356204.21632,667.7299200000125,7,5.245484023287414,RankSurprise
microGPi2_R_1-3+,4,364103.8848,364212.59264,108.70783999998821,364103.8848,364212.59264,108.70783999998821,3,3.6490575750749734,RankSurprise
microGPi2_R_1-3+,4,376866.57024,376919.61344,53.04320000001462,376866.57024,376919.61344,53.04320000001462,3,4.732805518087487,RankSurprise
microGPi2_R_1-3+,4,395678.88384,395898.79808,219.9142399999546,395678.88384,395898.79808,219.9142399999546,4,4.295991136433667,RankSurprise
microGPi2_R_1-3+,4,403613.2864,404491.34592,878.0595200000098,403613.2864,404491.34592,878.0595200000098,8,6.029068666832257,RankSurprise
microGPi2_R_1-3+,4,415994.92096,416039.36256,44.44159999996191,415994.92096,416039.36256,44.44159999996191,3,5.099430792879387,RankSurprise
microGPi2_R_1-3+,4,422501.33504,422940.672,439.3369600000442,422501.33504,422940.672,439.3369600000442,8,9.730434871819284,RankSurprise
microGPi2_R_1-3+,4,427315.07712,427744.37888,429.3017600000021,427315.07712,427744.37888,429.3017600000021,7,8.05197149269393,RankSurprise
microGPi2_R_1-3+,4,431623.65952,433138.19648,1514.5369599999976,431623.65952,433138.19648,1514.5369599999976,8,3.7380042556539435,RankSurprise
microGPi2_R_1-3+,4,438497.15712,438589.60384,92.44672000000719,438497.15712,438589.60384,92.44672000000719,3,3.971740268503442,RankSurprise
microGPi2_R_1-3+,4,484289.86368,485179.392,889.5283199999831,484289.86368,485179.392,889.5283199999831,7,4.052917375712547,RankSurprise
microGPi2_R_2-3+,0,66881.69984,67490.2016,608.5017599999992,66881.69984,67490.2016,608.5017599999992,5,3.7069459635202655,RankSurprise
microGPi2_R_2-3+,0,118796.9024,118900.03968,103.13727999999537,118796.9024,118900.03968,103.13727999999537,3,3.993624034641787,RankSurprise
microGPi2_R_2-3+,0,223387.11552,224064.79872,677.6831999999995,223387.11552,224064.79872,677.6831999999995,9,10.402750070529814,RankSurprise
microGPi2_R_2-3+,0,226178.53952,228363.79648,2185.256959999999,226178.53952,228363.79648,2185.256959999999,11,5.282157694272311,RankSurprise
microGPi2_R_2-3+,0,237477.6832,238774.23104,1296.5478400000138,237477.6832,238774.23104,1296.5478400000138,8,3.8874310971471666,RankSurprise
microGPi2_R_2-3+,0,239972.43392,243987.37408,4014.9401599999983,239972.43392,243987.37408,4014.9401599999983,26,13.969817577771359,RankSurprise
microGPi2_R_2-3+,0,260044.43136,260185.04704,140.61568000001716,260044.43136,260185.04704,140.61568000001716,4,5.705400521325158,RankSurprise
microGPi2_R_2-3+,0,262310.33856,262424.24832,113.90976000000956,262310.33856,262424.24832,113.90976000000956,3,3.774046614497898,RankSurprise
microGPi2_R_2-3+,0,265061.08928,265124.864,63.7747199999867,265061.08928,265124.864,63.7747199999867,4,7.948735255772881,RankSurprise
microGPi2_R_2-3+,0,295189.25824,295244.67712,55.418880000011995,295189.25824,295244.67712,55.418880000011995,4,8.305941333695127,RankSurprise
microGPi2_R_2-3+,0,350465.06496,351260.83584,795.7708800000255,350465.06496,351260.83584,795.7708800000255,6,3.6461163547371283,RankSurprise
microGPi2_R_2-3+,0,357627.6992,357692.416,64.7168000000529,357627.6992,357692.416,64.7168000000529,3,4.787575914323698,RankSurprise
microGPi2_R_2-3+,0,360836.21888,361387.74528,551.5263999999734,360836.21888,361387.74528,551.5263999999734,7,7.363631930256503,RankSurprise
microGPi2_R_2-3+,0,364168.92928,364391.54688,222.61759999999776,364168.92928,364391.54688,222.61759999999776,4,4.532788936934434,RankSurprise
microGPi2_R_2-3+,0,397349.92896,398423.53152,1073.6025600000285,397349.92896,398423.53152,1073.6025600000285,7,3.9180607364674915,RankSurprise
microGPi2_R_2-3+,0,400956.70272,401238.6304,281.9276800000225,400956.70272,401238.6304,281.9276800000225,4,3.8594354127064783,RankSurprise
microGPi2_R_2-3+,0,411356.40576,415421.07136,4064.6656000000075,411356.40576,415421.07136,4064.6656000000075,16,3.8442837756076482,RankSurprise
microGPi2_R_2-3+,0,426908.4672,427970.64192,1062.17472000001,426908.4672,427970.64192,1062.17472000001,7,3.9033295895940685,RankSurprise
microGPi2_R_2-3+,0,431602.44224,435237.35552,3634.913279999979,431602.44224,435237.35552,3634.913279999979,18,7.347732885102025,RankSurprise
microGPi2_R_2-3+,0,441647.80032,442452.82816,805.0278399999952,441647.80032,442452.82816,805.0278399999952,6,3.8148866532738483,RankSurprise
microGPi2_R_2-3+,0,454116.06528,454236.9792,120.91392000002088,454116.06528,454236.9792,120.91392000002088,4,6.075104965554223,RankSurprise
microGPi2_R_2-3+,0,463133.85984,463180.75904,46.899199999985285,463133.85984,463180.75904,46.899199999985285,3,5.293124480988844,RankSurprise
microGPi2_R_2-3+,0,465021.3376,465141.9648,120.62719999998808,465021.3376,465141.9648,120.62719999998808,3,3.6323932741671943,RankSurprise
microGPi2_R_2-3+,3,83573.22752,84686.35648,1113.1289600000018,83573.22752,84686.35648,1113.1289600000018,6,4.325904036723775,RankSurprise
microGPi2_R_2-3+,3,86236.40576,86356.91008,120.50432000000728,86236.40576,86356.91008,120.50432000000728,3,4.1465859855412965,RankSurprise
microGPi2_R_2-3+,3,131601.89952,132346.30656,744.407039999991,131601.89952,132346.30656,744.407039999991,6,5.188404162418255,RankSurprise
microGPi2_R_2-3+,3,231193.3952,232154.76736,961.372159999999,231193.3952,232154.76736,961.372159999999,6,3.7159321476757614,RankSurprise
microGPi2_R_2-3+,3,237953.14688,238981.03808,1027.8912000000128,237953.14688,238981.03808,1027.8912000000128,8,6.336466222961248,RankSurprise
microGPi2_R_2-3+,3,245078.2208,247854.24384,2776.02304,245078.2208,247854.24384,2776.02304,13,7.162893829540603,RankSurprise
microGPi2_R_2-3+,3,251513.36448,252539.04384,1025.6793600000092,251513.36448,252539.04384,1025.6793600000092,6,3.7357047034355557,RankSurprise
microGPi2_R_2-3+,3,261534.26944,261554.91328,20.643840000004275,261534.26944,261554.91328,20.643840000004275,3,6.557821630628453,RankSurprise
microGPi2_R_2-3+,3,263070.35136,264262.49216,1192.140800000052,263070.35136,264262.49216,1192.140800000052,9,7.824792891513886,RankSurprise
microGPi2_R_2-3+,3,285579.50976,285719.30624,139.79648000001907,285579.50976,285719.30624,139.79648000001907,3,3.716950516505319,RankSurprise
microGPi2_R_2-3+,3,308403.36384,308485.65248,82.2886399999843,308403.36384,308485.65248,82.2886399999843,3,4.9529395347302145,RankSurprise
microGPi2_R_2-3+,3,314494.27968,314570.3424,76.06272000004537,314494.27968,314570.3424,76.06272000004537,3,4.980719098837289,RankSurprise
microGPi2_R_2-3+,3,327593.1648,332321.1776,4728.012799999968,327593.1648,332321.1776,4728.012799999968,17,5.904024877188686,RankSurprise
microGPi2_R_2-3+,3,336474.03008,336792.00256,317.9724799999967,336474.03008,336792.00256,317.9724799999967,5,6.2149522140080435,RankSurprise
microGPi2_R_2-3+,3,345605.85728,348262.03136,2656.174080000026,345605.85728,348262.03136,2656.174080000026,11,4.879912543544657,RankSurprise
microGPi2_R_2-3+,3,356204.83072,358772.49024,2567.6595199999865,356204.83072,358772.49024,2567.6595199999865,10,3.663659966964244,RankSurprise
microGPi2_R_2-3+,3,360436.57216,360624.3328,187.76063999999315,360436.57216,360624.3328,187.76063999999315,4,5.678190760553569,RankSurprise
microGPi2_R_2-3+,3,404210.0736,406077.68576,1867.6121600000188,404210.0736,406077.68576,1867.6121600000188,8,3.838683555086303,RankSurprise
microGPi2_R_2-3+,3,414528.22528,414684.9792,156.75391999998828,414528.22528,414684.9792,156.75391999998828,3,3.601393407033493,RankSurprise
microGPi2_R_2-3+,3,431994.88,432405.95456,411.0745599999791,431994.88,432405.95456,411.0745599999791,5,5.815280046819293,RankSurprise
microGPi2_R_2-3+,3,434572.73856,435392.06144,819.3228799999924,434572.73856,435392.06144,819.3228799999924,6,5.109106853720121,RankSurprise
microGPi2_R_2-3+,3,439114.46528,442851.49184,3737.0265599999693,439114.46528,442851.49184,3737.0265599999693,13,3.975434383349297,RankSurprise
microGPi2_R_2-3+,3,463419.63776,464074.58816,654.9503999999724,463419.63776,464074.58816,654.9503999999724,5,3.805061753740972,RankSurprise
microVA_R_1-2+,0,11419.56608,11831.66464,412.09856000000036,11419.56608,11831.66464,412.09856000000036,8,7.541442161857417,RankSurprise
microVA_R_1-2+,0,28979.03616,29403.83232,424.7961600000017,28979.03616,29403.83232,424.7961600000017,6,4.321742769787773,RankSurprise
microVA_R_1-2+,0,31252.15232,32965.2224,1713.0700799999977,31252.15232,32965.2224,1713.0700799999977,20,10.434086262825941,RankSurprise
microVA_R_1-2+,0,37938.50368,38079.73376,141.23008000000118,37938.50368,38079.73376,141.23008000000118,6,7.615259430544402,RankSurprise
microVA_R_1-2+,0,47030.55872,47038.09536,7.536639999998442,47030.55872,47038.09536,7.536639999998442,3,7.454754962756628,RankSurprise
microVA_R_1-2+,0,47769.92768,49208.81152,1438.8838400000022,47769.92768,49208.81152,1438.8838400000022,12,4.783729959674977,RankSurprise
microVA_R_1-2+,0,56680.32512,56690.4832,10.158080000001064,56680.32512,56690.4832,10.158080000001064,3,6.2984552996438,RankSurprise
microVA_R_1-2+,0,67853.1072,69165.6704,1312.5632000000041,67853.1072,69165.6704,1312.5632000000041,10,3.773910375488477,RankSurprise
microVA_R_1-2+,0,75111.50592,76780.38016,1668.8742400000046,75111.50592,76780.38016,1668.8742400000046,14,5.671061846304881,RankSurprise
microVA_R_1-2+,0,120295.2192,120328.72448,33.50527999999758,120295.2192,120328.72448,33.50527999999758,3,3.954891693443175,RankSurprise
microVA_R_1-2+,0,135053.35296,135069.16352,15.810560000012629,135053.35296,135069.16352,15.810560000012629,3,5.482075478659906,RankSurprise
microVA_R_1-2+,0,136367.88224,136409.088,41.20575999998255,136367.88224,136409.088,41.20575999998255,3,3.7905471130503745,RankSurprise
microVA_R_1-2+,0,142991.48288,143025.84832,34.36543999999412,142991.48288,143025.84832,34.36543999999412,3,3.8953335758795777,RankSurprise
microVA_R_1-2+,0,166077.2352,166248.73472,171.49952000001213,166077.2352,166248.73472,171.49952000001213,6,6.47874611796076,RankSurprise
microVA_R_1-2+,0,172709.02784,172754.00192,44.97408000001451,172709.02784,172754.00192,44.97408000001451,3,3.7176457255470456,RankSurprise
microVA_R_1-2+,0,180381.04064,182214.90176,1833.861120000016,180381.04064,182214.90176,1833.861120000016,20,12.844380376089243,RankSurprise
microVA_R_1-2+,0,191374.78656,191443.92704,69.14048000000184,191374.78656,191443.92704,69.14048000000184,4,5.078742401207766,RankSurprise
microVA_R_1-2+,0,224252.76416,224516.38272,263.6185600000026,224252.76416,224516.38272,263.6185600000026,13,17.81223158042175,RankSurprise
microVA_R_1-2+,0,225477.05856,225492.66432,15.60576000000583,225477.05856,225492.66432,15.60576000000583,3,5.238112299563307,RankSurprise
microVA_R_1-2+,0,247400.36608,247739.02336,338.6572799999849,247400.36608,247739.02336,338.6572799999849,7,5.651869755841723,RankSurprise
microVA_R_1-2+,0,274348.6464,274673.21344,324.56703999999445,274348.6464,274673.21344,324.56703999999445,6,4.762902312724421,RankSurprise
microVA_R_1-2+,0,289375.6416,290340.37248,964.7308800000465,289375.6416,290340.37248,964.7308800000465,11,6.089299107211266,RankSurprise
microVA_R_1-2+,0,343335.48544,343794.44224,458.9567999999854,343335.48544,343794.44224,458.9567999999854,6,3.794516449403672,RankSurprise
microVA_R_1-2+,0,373916.672,374955.37664,1038.7046399999526,373916.672,374955.37664,1038.7046399999526,10,3.9006406831298106,RankSurprise
microVA_R_1-2+,0,379252.57216,383185.22368,3932.651520000014,379252.57216,383185.22368,3932.651520000014,29,5.636392445158361,RankSurprise
microVA_R_1-2+,0,399759.60576,399768.69888,9.093119999975897,399759.60576,399768.69888,9.093119999975897,3,6.398483094410064,RankSurprise
microVA_R_1-2+,0,415397.23264,415408.90624,11.67359999998007,415397.23264,415408.90624,11.67359999998007,3,5.735295146925511,RankSurprise
microVA_R_1-2+,0,420127.98976,422188.032,2060.0422399999807,420127.98976,422188.032,2060.0422399999807,16,4.202326657325744,RankSurprise
microVA_R_1-2+,0,423026.0736,423204.57728,178.50368000002345,423026.0736,423204.57728,178.50368000002345,5,4.539361856605819,RankSurprise
microVA_R_1-2+,0,427054.8992,427090.49344,35.59424000000581,427054.8992,427090.49344,35.59424000000581,3,4.005915200893989,RankSurprise
microVA_R_1-2+,0,427831.99232,429819.41248,1987.4201599999797,427831.99232,429819.41248,1987.4201599999797,14,3.940357088614405,RankSurprise
microVA_R_1-2+,0,441919.97952,441954.42688,34.44735999999102,441919.97952,441954.42688,34.44735999999102,3,4.016277987929536,RankSurprise
microVA_R_1-2+,0,442750.32064,442784.1536,33.832960000028834,442750.32064,442784.1536,33.832960000028834,3,3.9448413575896755,RankSurprise
microVA_R_1-2+,1,593.67424,754.76992,161.0956799999999,593.67424,754.76992,161.0956799999999,7,5.136218139215196,RankSurprise
microVA_R_1-2+,1,3108.57728,3120.82432,12.247040000000197,3108.57728,3120.82432,12.247040000000197,3,5.471787686079088,RankSurprise
microVA_R_1-2+,1,7561.13408,7655.05536,93.92128000000048,7561.13408,7655.05536,93.92128000000048,5,4.260958778989913,RankSurprise
microVA_R_1-2+,1,8225.3824,8304.2304,78.84799999999996,8225.3824,8304.2304,78.84799999999996,5,4.644107237791729,RankSurprise
microVA_R_1-2+,1,17225.03168,17440.11264,215.08095999999932,17225.03168,17440.11264,215.08095999999932,8,4.607242944807689,RankSurprise
microVA_R_1-2+,1,31732.28544,31741.62432,9.338879999999335,31732.28544,31741.62432,9.338879999999335,3,6.093620192390924,RankSurprise
microVA_R_1-2+,1,31982.7968,32129.88416,147.08736000000135,31982.7968,32129.88416,147.08736000000135,7,5.33977453488909,RankSurprise
microVA_R_1-2+,1,34489.50784,34589.2864,99.77855999999883,34489.50784,34589.2864,99.77855999999883,5,4.049817596119187,RankSurprise
microVA_R_1-2+,1,35420.73344,35463.24992,42.51647999999841,35420.73344,35463.24992,42.51647999999841,4,4.794575172101407,RankSurprise
microVA_R_1-2+,1,41838.42816,41907.11808,68.68991999999707,41838.42816,41907.11808,68.68991999999707,5,5.215491301691873,RankSurprise
microVA_R_1-2+,1,52522.51648,52548.28032,25.763839999999618,52522.51648,52548.28032,25.763839999999618,3,3.663567509062485,RankSurprise
microVA_R_1-2+,1,53411.59424,53507.64544,96.0512000000017,53411.59424,53507.64544,96.0512000000017,5,3.8674179546838907,RankSurprise
microVA_R_1-2+,1,56153.53856,56203.18208,49.64351999999781,56153.53856,56203.18208,49.64351999999781,4,4.2922109269327215,RankSurprise
microVA_R_1-2+,1,56889.5488,57105.98144,216.43264000000636,56889.5488,57105.98144,216.43264000000636,8,5.136173985344055,RankSurprise
microVA_R_1-2+,1,57565.02016,57980.19072,415.17055999999866,57565.02016,57980.19072,415.17055999999866,11,4.750918895416997,RankSurprise
microVA_R_1-2+,1,58696.4992,58708.50048,12.001280000004044,58696.4992,58708.50048,12.001280000004044,3,5.496998215191846,RankSurprise
microVA_R_1-2+,1,59697.72544,59712.7168,14.991359999999986,59697.72544,59712.7168,14.991359999999986,3,4.852032609088628,RankSurprise
microVA_R_1-2+,1,61127.4752,61527.49056,400.0153599999976,61127.4752,61527.49056,400.0153599999976,9,3.5178518410529507,RankSurprise
microVA_R_1-2+,1,63156.92032,63208.6528,51.732480000006035,63156.92032,63208.6528,51.732480000006035,4,4.245007131824078,RankSurprise
microVA_R_1-2+,1,66882.3552,67236.98688,354.6316799999913,66882.3552,67236.98688,354.6316799999913,9,3.584480934889787,RankSurprise
microVA_R_1-2+,1,68681.56416,68711.58784,30.02367999999842,68681.56416,68711.58784,30.02367999999842,4,5.7983731825354425,RankSurprise
microVA_R_1-2+,1,69113.93792,69454.97088,341.0329599999968,69113.93792,69454.97088,341.0329599999968,10,4.7986966970926215,RankSurprise
microVA_R_1-2+,1,86120.98048,86161.6128,40.632320000004256,86120.98048,86161.6128,40.632320000004256,4,4.925516757397755,RankSurprise
microVA_R_1-2+,1,115542.54848,115624.83712,82.28863999999885,115542.54848,115624.83712,82.28863999999885,5,4.778913646214878,RankSurprise
microVA_R_1-2+,1,116036.15744,116204.99456,168.83712000001105,116036.15744,116204.99456,168.83712000001105,10,10.18864099140107,RankSurprise
microVA_R_1-2+,1,117595.136,118213.0176,617.8816000000079,117595.136,118213.0176,617.8816000000079,12,3.766062049711329,RankSurprise
microVA_R_1-2+,1,138627.60448,138664.96,37.35551999998279,138627.60448,138664.96,37.35551999998279,4,5.209489531991988,RankSurprise
microVA_R_1-2+,1,141464.73984,141493.32992,28.590079999994487,141464.73984,141493.32992,28.590079999994487,4,6.072536862215802,RankSurprise
microVA_R_1-2+,1,141745.9712,141809.17248,63.20128000000841,141745.9712,141809.17248,63.20128000000841,4,3.6138066399920596,RankSurprise
microVA_R_1-2+,1,142405.2224,142474.89536,69.67295999999624,142405.2224,142474.89536,69.67295999999624,5,5.157299227930906,RankSurprise
microVA_R_1-2+,1,143626.15808,143758.99136,132.83328000002075,143626.15808,143758.99136,132.83328000002075,7,5.899166150696061,RankSurprise
microVA_R_1-2+,1,144862.98624,144916.8896,53.90335999999661,144862.98624,144916.8896,53.90335999999661,4,4.08294233663354,RankSurprise
microVA_R_1-2+,1,162494.62784,163373.09696,878.4691199999943,162494.62784,163373.09696,878.4691199999943,23,8.40791898034651,RankSurprise
microVA_R_1-2+,1,164101.65248,164126.39232,24.739840000023833,164101.65248,164126.39232,24.739840000023833,3,3.8036073059225792,RankSurprise
microVA_R_1-2+,1,165044.8384,165103.16544,58.32704000000376,165044.8384,165103.16544,58.32704000000376,5,5.867291823344271,RankSurprise
microVA_R_1-2+,1,170845.30688,170865.82784,20.52096000002348,170845.30688,170865.82784,20.52096000002348,3,4.129819096988664,RankSurprise
microVA_R_1-2+,1,172158.07488,172381.10208,223.02720000001136,172158.07488,172381.10208,223.02720000001136,7,4.60173760008272,RankSurprise
microVA_R_1-2+,1,173831.86432,173843.37408,11.509760000015376,173831.86432,173843.37408,11.509760000015376,3,5.6100723380374315,RankSurprise
microVA_R_1-2+,1,177621.27872,177799.24992,177.97119999999995,177621.27872,177799.24992,177.97119999999995,6,4.027420695166573,RankSurprise
microVA_R_1-2+,1,179142.0416,179233.34144,91.2998399999924,179142.0416,179233.34144,91.2998399999924,5,4.1344972323808875,RankSurprise
microVA_R_1-2+,1,180968.93952,181260.53376,291.5942399999767,180968.93952,181260.53376,291.5942399999767,9,4.47839931934763,RankSurprise
microVA_R_1-2+,1,191122.6368,191387.07456,264.4377600000007,191122.6368,191387.07456,264.4377600000007,8,4.757961093242169,RankSurprise
microVA_R_1-2+,1,197204.992,197211.46368,6.471679999987828,197204.992,197211.46368,6.471679999987828,3,6.983003471345155,RankSurprise
microVA_R_1-2+,1,198703.18592,198753.4848,50.29888000001665,198703.18592,198753.4848,50.29888000001665,5,6.559852363750849,RankSurprise
microVA_R_1-2+,1,199433.74848,199599.39072,165.6422399999865,199433.74848,199599.39072,165.6422399999865,6,3.621936330464013,RankSurprise
microVA_R_1-2+,1,254452.89984,254617.68192,164.7820800000045,254452.89984,254617.68192,164.7820800000045,7,5.181446029781779,RankSurprise
microVA_R_1-2+,1,255118.00832,255450.68544,332.67712000000756,255118.00832,255450.68544,332.67712000000756,9,4.09826740163466,RankSurprise
microVA_R_1-2+,1,263324.63104,263339.29472,14.66367999999784,263324.63104,263339.29472,14.66367999999784,4,8.469665302501923,RankSurprise
microVA_R_1-2+,1,274374.0416,274761.3184,387.27679999999236,274374.0416,274761.3184,387.27679999999236,10,3.942435097756137,RankSurprise
microVA_R_1-2+,1,275400.45824,275988.80768,588.34944000002,275400.45824,275988.80768,588.34944000002,13,3.5191687675729963,RankSurprise
microVA_R_1-2+,1,283523.52256,283550.55616,27.0335999999661,283523.52256,283550.55616,27.0335999999661,3,3.620087505386932,RankSurprise
microVA_R_1-2+,1,287641.51808,287652.98688,11.468799999973271,287641.51808,287652.98688,11.468799999973271,3,5.4304637255146595,RankSurprise
microVA_R_1-2+,1,289984.34816,290034.93376,50.585599999991246,289984.34816,290034.93376,50.585599999991246,4,4.245007131824078,RankSurprise
microVA_R_1-2+,1,299844.4032,299892.20352,47.800319999980275,299844.4032,299892.20352,47.800319999980275,4,4.36985921167425,RankSurprise
microVA_R_1-2+,1,359052.36992,359080.3456,27.97567999997409,359052.36992,359080.3456,27.97567999997409,5,9.193988006236424,RankSurprise
microVA_R_1-2+,1,359325.73696,359573.58592,247.84895999997389,359325.73696,359573.58592,247.84895999997389,8,4.368363343667572,RankSurprise
microVA_R_1-2+,1,360428.99456,360553.18528,124.19071999995504,360428.99456,360553.18528,124.19071999995504,6,4.528252697004879,RankSurprise
microVA_R_1-2+,1,362647.18336,362658.44736,11.263999999966472,362647.18336,362658.44736,11.263999999966472,3,5.592254759875884,RankSurprise
microVA_R_1-2+,1,363633.50016,363654.144,20.64383999997517,363633.50016,363654.144,20.64383999997517,3,4.172970767177858,RankSurprise
microVA_R_1-2+,1,368134.9632,368167.85408,32.89088000002084,368134.9632,368167.85408,32.89088000002084,4,5.608034264819281,RankSurprise
microVA_R_1-2+,1,371052.91264,371222.40512,169.49248000001535,371052.91264,371222.40512,169.49248000001535,7,4.384911436717902,RankSurprise
microVA_R_1-2+,1,373435.92448,373489.99168,54.06719999999041,373435.92448,373489.99168,54.06719999999041,7,11.519672197327623,RankSurprise
microVA_R_1-2+,1,374257.70496,374617.04704,359.34207999997307,374257.70496,374617.04704,359.34207999997307,12,8.059057810067207,RankSurprise
microVA_R_1-2+,1,375126.26176,375248.40448,122.14272000000346,375126.26176,375248.40448,122.14272000000346,5,3.703438615144254,RankSurprise
microVA_R_1-2+,1,376194.99008,376379.26912,184.27903999999398,376194.99008,376379.26912,184.27903999999398,8,5.280965134371539,RankSurprise
microVA_R_1-2+,1,376725.62688,377046.2208,320.5939200000139,376725.62688,377046.2208,320.5939200000139,13,8.233756852567387,RankSurprise
microVA_R_1-2+,1,377740.4928,377758.22848,17.735679999983404,377740.4928,377758.22848,17.735679999983404,3,4.530212619584217,RankSurprise
microVA_R_1-2+,1,380009.8816,380327.1168,317.23519999999553,380009.8816,380327.1168,317.23519999999553,9,3.949769285451029,RankSurprise
microVA_R_1-2+,1,380534.29248,383297.536,2763.243520000018,380534.29248,383297.536,2763.243520000018,52,9.513316120119095,RankSurprise
microVA_R_1-2+,1,383527.3216,383554.39616,27.0745599999791,383527.3216,383554.39616,27.0745599999791,3,3.5678396013799727,RankSurprise
microVA_R_1-2+,1,383951.38048,384052.75648,101.37599999998929,383951.38048,384052.75648,101.37599999998929,6,5.48917461271413,RankSurprise
microVA_R_1-2+,1,387782.08256,387804.52864,22.44607999996515,387782.08256,387804.52864,22.44607999996515,3,3.97384248847394,RankSurprise
microVA_R_1-2+,1,388298.17856,389214.33088,916.152320000052,388298.17856,389214.33088,916.152320000052,18,4.690582125458234,RankSurprise
microVA_R_1-2+,1,389542.5024,389971.39456,428.8921599999885,389542.5024,389971.39456,428.8921599999885,15,10.153352053103795,RankSurprise
microVA_R_1-2+,1,414381.21984,416298.10688,1916.8870400000014,414381.21984,416298.10688,1916.8870400000014,35,6.192083463618996,RankSurprise
microVA_R_1-2+,1,419044.39296,419290.112,245.7190399999963,419044.39296,419290.112,245.7190399999963,10,7.067959233322093,RankSurprise
microVA_R_1-2+,1,419882.55744,420620.57472,738.0172799999709,419882.55744,420620.57472,738.0172799999709,22,9.65292728046169,RankSurprise
microVA_R_1-2+,1,420970.78272,422715.26912,1744.4863999999943,420970.78272,422715.26912,1744.4863999999943,55,28.02818771670767,RankSurprise
microVA_R_1-2+,1,423253.85216,423814.92224,561.0700799999759,423253.85216,423814.92224,561.0700799999759,12,3.566328936481065,RankSurprise
microVA_R_1-2+,1,424516.93568,424667.17696,150.24128000001656,424516.93568,424667.17696,150.24128000001656,6,4.199512090564462,RankSurprise
microVA_R_1-2+,1,428652.3392,428735.52896,83.1897600000375,428652.3392,428735.52896,83.1897600000375,7,8.569899227550849,RankSurprise
microVA_R_1-2+,1,440577.72032,440590.66368,12.943359999975655,440577.72032,440590.66368,12.943359999975655,3,5.198990957297946,RankSurprise
microVA_R_1-2+,1,441515.13088,441589.47328,74.34239999996498,441515.13088,441589.47328,74.34239999996498,5,5.077719318825427,RankSurprise
microVA_R_1-2+,1,441959.54688,443491.86048,1532.313599999994,441959.54688,443491.86048,1532.313599999994,29,6.325481108997463,RankSurprise
microVA_R_1-2+,1,445521.96096,445785.37472,263.4137600000249,445521.96096,445785.37472,263.4137600000249,8,4.198476308958875,RankSurprise
microVA_R_1-2+,1,450223.59552,450428.47744,204.88192000001436,450223.59552,450428.47744,204.88192000001436,10,7.660779430546525,RankSurprise
microVA_R_1-2+,1,451011.74784,451105.62816,93.88031999999657,451011.74784,451105.62816,93.88031999999657,5,4.2031600473861985,RankSurprise
microVA_R_1-2+,1,460483.70688,460625.1008,141.39392000000225,460483.70688,460625.1008,141.39392000000225,8,7.064714642566398,RankSurprise
microVA_R_1-2+,1,462972.27264,463180.55424,208.28160000004573,462972.27264,463180.55424,208.28160000004573,8,4.988366575583325,RankSurprise
microVA_R_1-2+,1,465020.3136,465033.6256,13.312000000034459,465020.3136,465033.6256,13.312000000034459,3,5.265664026584668,RankSurprise
microVA_R_1-2+,1,476481.1264,476638.74048,157.61407999997027,476481.1264,476638.74048,157.61407999997027,6,4.490231246646066,RankSurprise
microVA_R_1-2+,1,483677.83936,483775.44704,97.60768000001553,483677.83936,483775.44704,97.60768000001553,5,4.163779948742896,RankSurprise
microVA_R_1-2+,2,4183.36768,8992.03072,4808.66304,4183.36768,8992.03072,4808.66304,17,3.8763667211848407,RankSurprise
microVA_R_1-2+,2,115879.97696,117650.432,1770.4550400000007,115879.97696,117650.432,1770.4550400000007,10,4.027929266246915,RankSurprise
microVA_R_1-2+,2,181717.03296,181742.46912,25.43615999998292,181717.03296,181742.46912,25.43615999998292,4,10.238359907804428,RankSurprise
microVA_R_1-2+,2,218416.61952,218477.73184,61.11231999998563,218416.61952,218477.73184,61.11231999998563,3,4.177557628894556,RankSurprise
microVA_R_1-2+,2,262790.71744,263153.62304,362.90559999999823,262790.71744,263153.62304,362.90559999999823,7,7.895061967847134,RankSurprise
microVA_R_1-2+,2,271825.3056,276409.05728,4583.751679999987,271825.3056,276409.05728,4583.751679999987,19,5.58817288437492,RankSurprise
microVA_R_1-2+,2,277540.61824,277552.37376,11.755520000006072,277540.61824,277552.37376,11.755520000006072,3,7.835977875523784,RankSurprise
microVA_R_1-2+,2,282626.74432,282839.28576,212.54144000000088,282626.74432,282839.28576,212.54144000000088,4,3.854924411091673,RankSurprise
microVA_R_1-2+,2,286305.60768,286486.40512,180.79743999999482,286305.60768,286486.40512,180.79743999999482,4,4.235476017508319,RankSurprise
microVA_R_1-2+,2,288575.0784,290386.944,1811.8656000000192,288575.0784,290386.944,1811.8656000000192,10,5.088970111755727,RankSurprise
microVA_R_1-2+,2,357252.42368,360896.47104,3644.0473599999677,357252.42368,360896.47104,3644.0473599999677,17,5.989521270891022,RankSurprise
microVA_R_1-2+,2,373234.60608,373942.96832,708.3622399999877,373234.60608,373942.96832,708.3622399999877,7,4.624988739406484,RankSurprise
microVA_R_1-2+,2,375989.00224,383621.28384,7632.2815999999875,375989.00224,383621.28384,7632.2815999999875,25,4.899531784724517,RankSurprise
microVA_R_1-2+,2,387883.13088,388734.73024,851.5993599999929,387883.13088,388734.73024,851.5993599999929,6,3.8255603442076214,RankSurprise
microVA_R_1-2+,2,399900.75392,399966.53568,65.78175999998348,399900.75392,399966.53568,65.78175999998348,3,4.396361383957684,RankSurprise
microVA_R_1-2+,2,423701.9136,424408.14592,706.2323199999519,423701.9136,424408.14592,706.2323199999519,11,11.571416500896602,RankSurprise
microVA_R_1-2+,2,436986.42944,437064.78592,78.35648000001675,436986.42944,437064.78592,78.35648000001675,3,3.636147805455705,RankSurprise
microVA_R_1-2+,2,446273.82272,446358.528,84.70527999999467,446273.82272,446358.528,84.70527999999467,3,3.6047741305844863,RankSurprise
microVA_R_1-2+,2,467680.33792,467769.46688,89.12896000000183,467680.33792,467769.46688,89.12896000000183,4,6.124419718668392,RankSurprise
microVA_R_1-2+,2,469591.40864,469602.304,10.895360000024084,469591.40864,469602.304,10.895360000024084,3,7.710814732569778,RankSurprise
microVA_R_1-2+,2,470631.30112,470658.78528,27.4841599999927,470631.30112,470658.78528,27.4841599999927,3,5.472768160713303,RankSurprise
microVA_R_1-2+,3,368.27136,767.54944,399.27808,368.27136,767.54944,399.27808,11,6.85016332241739,RankSurprise
microVA_R_1-2+,3,57586.44224,57899.86816,313.4259200000015,57586.44224,57899.86816,313.4259200000015,7,4.033012340582874,RankSurprise
microVA_R_1-2+,3,138348.78976,138382.29504,33.50527999998303,138348.78976,138382.29504,33.50527999998303,3,3.561411275653212,RankSurprise
microVA_R_1-2+,3,166379.76576,166424.9856,45.219840000005206,166379.76576,166424.9856,45.219840000005206,4,5.357340786241725,RankSurprise
microVA_R_1-2+,3,173854.47424,173885.8496,31.375359999976354,173854.47424,173885.8496,31.375359999976354,3,3.709285398046543,RankSurprise
microVA_R_1-2+,3,262701.71136,263696.42496,994.7135999999591,262701.71136,263696.42496,994.7135999999591,21,11.140912784474187,RankSurprise
microVA_R_1-2+,3,272337.55136,272624.14848,286.59711999999126,272337.55136,272624.14848,286.59711999999126,8,5.071452933031408,RankSurprise
microVA_R_1-2+,3,274315.0592,275626.96704,1311.9078399999999,274315.0592,275626.96704,1311.9078399999999,20,11.278270689236084,RankSurprise
microVA_R_1-2+,3,281590.9888,282808.56576,1217.576960000035,281590.9888,282808.56576,1217.576960000035,17,5.783533455098656,RankSurprise
microVA_R_1-2+,3,287839.68256,287852.7488,13.066240000014659,287839.68256,287852.7488,13.066240000014659,3,6.285663451331702,RankSurprise
microVA_R_1-2+,3,290083.4304,290201.1904,117.76000000000931,290083.4304,290201.1904,117.76000000000931,5,4.266987994323859,RankSurprise
microVA_R_1-2+,3,357341.88032,357736.12032,394.2399999999907,357341.88032,357736.12032,394.2399999999907,21,23.183457194116933,RankSurprise
microVA_R_1-2+,3,360039.58784,360605.696,566.1081600000034,360039.58784,360605.696,566.1081600000034,20,15.978277201923639,RankSurprise
microVA_R_1-2+,3,373208.92416,373239.23456,30.31040000001667,373208.92416,373239.23456,30.31040000001667,4,6.3961816226699355,RankSurprise
microVA_R_1-2+,3,415282.05312,415356.55936,74.50624000001699,415282.05312,415356.55936,74.50624000001699,5,5.7397511362385,RankSurprise
microVA_R_1-2+,3,422026.28096,424378.49088,2352.209919999994,422026.28096,424378.49088,2352.209919999994,25,4.761602925227158,RankSurprise
microVA_R_1-2+,3,428617.1136,428865.3312,248.2176000000327,428617.1136,428865.3312,248.2176000000327,8,6.813350314588069,RankSurprise
microVA_R_1-2+,3,441526.59968,441608.27392,81.67424000002211,441526.59968,441608.27392,81.67424000002211,6,7.281838440765149,RankSurprise
microVA_R_1-2+,3,442114.82624,442948.07552,833.2492799999891,442114.82624,442948.07552,833.2492799999891,12,3.6144149147953977,RankSurprise
microVA_R_1-2+,3,446222.99136,446254.32576,31.334399999992456,446222.99136,446254.32576,31.334399999992456,3,3.597367481842557,RankSurprise
microVA_R_1-2+,3,450175.50848,450879.73376,704.2252799999551,450175.50848,450879.73376,704.2252799999551,16,8.527790369964242,RankSurprise
microVA_R_1-2+,3,454441.82016,454463.6928,21.872640000015963,454441.82016,454463.6928,21.872640000015963,4,7.9237793472547295,RankSurprise
microVA_R_1-2+,3,459451.84256,459461.46816,9.62559999997029,459451.84256,459461.46816,9.62559999997029,3,7.036716629469089,RankSurprise
microVA_R_1-2+,3,463818.71104,465060.4544,1241.743359999964,463818.71104,465060.4544,1241.743359999964,26,17.491640633141554,RankSurprise
microVA_R_1-2+,3,475827.8144,476179.33312,351.51872000005096,475827.8144,476179.33312,351.51872000005096,10,6.742402218020048,RankSurprise
microVA_R_1-2+,3,478736.1792,478932.21376,196.03456000000006,478736.1792,478932.21376,196.03456000000006,5,3.7499710289856765,RankSurprise
microVA_R_1-2+,3,480950.64064,481775.98464,825.3439999999828,480950.64064,481775.98464,825.3439999999828,15,6.198795203745751,RankSurprise
microVA_R_1-2+,4,422.62528,573.93152,151.30624,422.62528,573.93152,151.30624,9,7.413929564203798,RankSurprise
microVA_R_1-2+,4,968.00768,1102.56128,134.55359999999985,968.00768,1102.56128,134.55359999999985,11,13.00864156099661,RankSurprise
microVA_R_1-2+,4,4414.38208,4541.52192,127.13983999999982,4414.38208,4541.52192,127.13983999999982,6,4.021443405065533,RankSurprise
microVA_R_1-2+,4,5029.2736,5211.99616,182.72255999999925,5029.2736,5211.99616,182.72255999999925,10,8.116994126131988,RankSurprise
microVA_R_1-2+,4,8059.00288,8070.43072,11.427840000000288,8059.00288,8070.43072,11.427840000000288,3,5.612416089800165,RankSurprise
microVA_R_1-2+,4,13402.3168,13416.77568,14.458880000000136,13402.3168,13416.77568,14.458880000000136,3,5.056942738183805,RankSurprise
microVA_R_1-2+,4,16252.96896,16717.33248,464.3635200000008,16252.96896,16717.33248,464.3635200000008,16,7.1423753317228265,RankSurprise
microVA_R_1-2+,4,31012.82304,31111.70048,98.8774400000002,31012.82304,31111.70048,98.8774400000002,7,7.307502734212278,RankSurprise
microVA_R_1-2+,4,36171.61216,36190.04416,18.4320000000007,36171.61216,36190.04416,18.4320000000007,3,4.442202650316171,RankSurprise
microVA_R_1-2+,4,55754.58816,55810.21184,55.62368000000424,55754.58816,55810.21184,55.62368000000424,4,3.6739471817811307,RankSurprise
microVA_R_1-2+,4,59405.9264,59681.30048,275.3740800000014,59405.9264,59681.30048,275.3740800000014,10,4.4388776812510615,RankSurprise
microVA_R_1-2+,4,67028.62336,67070.93504,42.31167999999889,67028.62336,67070.93504,42.31167999999889,4,4.579720720979861,RankSurprise
microVA_R_1-2+,4,80226.54976,80383.46752,156.91776000001119,80226.54976,80383.46752,156.91776000001119,6,3.5451425325483035,RankSurprise
microVA_R_1-2+,4,89456.4352,89461.9648,5.529599999994389,89456.4352,89461.9648,5.529599999994389,3,7.755330243829496,RankSurprise
microVA_R_1-2+,4,109216.07168,109368.1152,152.04352000000654,109216.07168,109368.1152,152.04352000000654,7,4.468364676706398,RankSurprise
microVA_R_1-2+,4,110135.78752,110490.86976,355.08224000000337,110135.78752,110490.86976,355.08224000000337,13,6.43457525719208,RankSurprise
microVA_R_1-2+,4,114065.28512,114157.93664,92.65151999999944,114065.28512,114157.93664,92.65151999999944,5,3.5794100320372273,RankSurprise
microVA_R_1-2+,4,114801.8688,115067.53536,265.66655999999784,114801.8688,115067.53536,265.66655999999784,10,4.6408839083559545,RankSurprise
microVA_R_1-2+,4,115425.19808,115627.4176,202.21951999999874,115425.19808,115627.4176,202.21951999999874,12,10.229949719875304,RankSurprise
microVA_R_1-2+,4,116087.68512,116160.96256,73.2774400000053,116087.68512,116160.96256,73.2774400000053,6,6.736007488391714,RankSurprise
microVA_R_1-2+,4,116921.344,117344.4608,423.1168000000034,116921.344,117344.4608,423.1168000000034,18,10.711610449812392,RankSurprise
microVA_R_1-2+,4,118137.36448,118190.24384,52.87935999999172,118137.36448,118190.24384,52.87935999999172,4,3.7765069245630727,RankSurprise
microVA_R_1-2+,4,118608.65024,118735.74912,127.09887999999046,118608.65024,118735.74912,127.09887999999046,6,3.6801038480693573,RankSurprise
microVA_R_1-2+,4,118735.74912,118754.83648,19.087360000004992,118735.74912,118754.83648,19.087360000004992,5,11.252710801550098,RankSurprise
microVA_R_1-2+,4,120529.18272,120702.85312,173.6704000000027,120529.18272,120702.85312,173.6704000000027,8,4.613152743495436,RankSurprise
microVA_R_1-2+,4,138287.3088,139318.4768,1031.1680000000051,138287.3088,139318.4768,1031.1680000000051,28,7.283491588681973,RankSurprise
microVA_R_1-2+,4,139734.016,140752.44544,1018.4294400000072,139734.016,140752.44544,1018.4294400000072,23,4.512994571883478,RankSurprise
microVA_R_1-2+,4,141944.0128,142341.28384,397.27103999999235,141944.0128,142341.28384,397.27103999999235,13,5.2889170266662955,RankSurprise
microVA_R_1-2+,4,142748.95872,142778.24512,29.28640000001178,142748.95872,142778.24512,29.28640000001178,4,5.869663762912285,RankSurprise
microVA_R_1-2+,4,157300.69504,157371.02336,70.32832000000053,157300.69504,157371.02336,70.32832000000053,5,4.7919791119305195,RankSurprise
microVA_R_1-2+,4,159235.44064,159500.0832,264.6425600000075,159235.44064,159500.0832,264.6425600000075,17,15.780991153988458,RankSurprise
microVA_R_1-2+,4,162566.43072,162606.12096,39.690239999996265,162566.43072,162606.12096,39.690239999996265,6,10.49239622825749,RankSurprise
microVA_R_1-2+,4,162738.25792,162748.90752,10.649600000004284,162738.25792,162748.90752,10.649600000004284,3,5.7923941451842555,RankSurprise
microVA_R_1-2+,4,163377.84832,163511.17312,133.32480000000214,163377.84832,163511.17312,133.32480000000214,10,10.895260317922931,RankSurprise
microVA_R_1-2+,4,163932.81536,163973.7344,40.91903999997885,163932.81536,163973.7344,40.91903999997885,4,4.6843560829541,RankSurprise
microVA_R_1-2+,4,166927.85152,167090.87232,163.02079999999842,166927.85152,167090.87232,163.02079999999842,7,4.1466308062583455,RankSurprise
microVA_R_1-2+,4,171509.63712,171552.23552,42.59839999998803,171509.63712,171552.23552,42.59839999998803,4,4.579720720979861,RankSurprise
microVA_R_1-2+,4,173569.31072,173611.2128,41.90207999999984,173569.31072,173611.2128,41.90207999999984,4,4.645260075465014,RankSurprise
microVA_R_1-2+,4,177464.56576,177826.6112,362.04544000001624,177464.56576,177826.6112,362.04544000001624,20,16.599609183890045,RankSurprise
microVA_R_1-2+,4,178384.19968,178407.75168,23.551999999996042,178384.19968,178407.75168,23.551999999996042,3,3.898243524067402,RankSurprise
microVA_R_1-2+,4,179289.25184,179304.93952,15.687680000002729,179289.25184,179304.93952,15.687680000002729,3,4.863242786869888,RankSurprise
microVA_R_1-2+,4,180427.93984,180442.15296,14.213120000000345,180427.93984,180442.15296,14.213120000000345,3,5.0831898792501615,RankSurprise
microVA_R_1-2+,4,182017.72032,182040.86272,23.14240000001155,182017.72032,182040.86272,23.14240000001155,3,3.9217559309969374,RankSurprise
microVA_R_1-2+,4,195548.5696,195691.43808,142.86848000000464,195548.5696,195691.43808,142.86848000000464,7,4.377000868202819,RankSurprise
microVA_R_1-2+,4,197300.87936,197337.57952,36.7001600000076,197300.87936,197337.57952,36.7001600000076,5,7.718106415836022,RankSurprise
microVA_R_1-2+,4,198074.81856,198097.14176,22.323199999984354,198074.81856,198097.14176,22.323199999984354,3,4.01867123705205,RankSurprise
microVA_R_1-2+,4,245498.92096,245507.39968,8.478720000013709,245498.92096,245507.39968,8.478720000013709,3,6.275747948286048,RankSurprise
microVA_R_1-2+,4,253413.70368,253512.00768,98.30400000000373,253413.70368,253512.00768,98.30400000000373,6,5.4352251615443095,RankSurprise
microVA_R_1-2+,4,255561.5232,255652.70016,91.1769600000116,255561.5232,255652.70016,91.1769600000116,5,3.737307834280312,RankSurprise
microVA_R_1-2+,4,256541.04064,256554.76224,13.721600000018952,256541.04064,256554.76224,13.721600000018952,4,8.824786383722703,RankSurprise
microVA_R_1-2+,4,258050.70336,258129.01888,78.31551999997464,258050.70336,258129.01888,78.31551999997464,5,4.259946025645203,RankSurprise
microVA_R_1-2+,4,258593.66912,258765.70112,172.03200000000652,258593.66912,258765.70112,172.03200000000652,10,8.481786057270023,RankSurprise
microVA_R_1-2+,4,263205.60128,263314.432,108.830719999969,263205.60128,263314.432,108.830719999969,6,4.410766860749899,RankSurprise
microVA_R_1-2+,4,265363.94752,265372.95872,9.011200000008103,265363.94752,265372.95872,9.011200000008103,3,6.314490306969551,RankSurprise
microVA_R_1-2+,4,273982.30016,274006.8352,24.53503999998793,273982.30016,274006.8352,24.53503999998793,3,3.5951664153175784,RankSurprise
microVA_R_1-2+,4,275263.36512,275658.30144,394.9363200000371,275263.36512,275658.30144,394.9363200000371,13,6.103221705618332,RankSurprise
microVA_R_1-2+,4,278522.22464,278566.25664,44.03200000000652,278522.22464,278566.25664,44.03200000000652,6,9.520531601636833,RankSurprise
microVA_R_1-2+,4,281701.7856,282133.0944,431.3087999999989,281701.7856,282133.0944,431.3087999999989,22,15.623547867486018,RankSurprise
microVA_R_1-2+,4,282458.7264,282580.45952,121.73311999998987,282458.7264,282580.45952,121.73311999998987,8,7.487720282493887,RankSurprise
microVA_R_1-2+,4,282853.49888,282885.89824,32.39935999998124,282853.49888,282885.89824,32.39935999998124,4,5.6606238303117,RankSurprise
microVA_R_1-2+,4,285774.76608,285922.14016,147.3740800000378,285774.76608,285922.14016,147.3740800000378,8,6.272341407014644,RankSurprise
microVA_R_1-2+,4,289500.65152,289634.34496,133.69344000000274,289500.65152,289634.34496,133.69344000000274,9,8.795507061522994,RankSurprise
microVA_R_1-2+,4,299401.4208,299575.13216,173.7113599999575,299401.4208,299575.13216,173.7113599999575,7,4.125874918633627,RankSurprise
microVA_R_1-2+,4,299838.99648,299925.95456,86.95808000001125,299838.99648,299925.95456,86.95808000001125,6,5.808857418121725,RankSurprise
microVA_R_1-2+,4,348370.1248,348555.01824,184.89344000001438,348370.1248,348555.01824,184.89344000001438,13,13.387258809712867,RankSurprise
microVA_R_1-2+,4,356834.14016,357105.664,271.5238399999798,356834.14016,357105.664,271.5238399999798,10,4.487792557490818,RankSurprise
microVA_R_1-2+,4,357917.81888,358009.6512,91.832320000045,357917.81888,358009.6512,91.832320000045,6,5.325913066026693,RankSurprise
microVA_R_1-2+,4,359885.0048,360126.58688,241.58208000002196,359885.0048,360126.58688,241.58208000002196,9,4.302683946122848,RankSurprise
microVA_R_1-2+,4,360462.29504,360478.3104,16.015360000019427,360462.29504,360478.3104,16.015360000019427,3,4.816456963705576,RankSurprise
microVA_R_1-2+,4,360704.90112,360742.37952,37.47840000002179,360704.90112,360742.37952,37.47840000002179,5,7.674409987007735,RankSurprise
microVA_R_1-2+,4,363086.4384,363110.64576,24.207360000000335,363086.4384,363110.64576,24.207360000000335,3,3.7518022690339645,RankSurprise
microVA_R_1-2+,4,365396.66432,365465.27232,68.60800000000745,365396.66432,365465.27232,68.60800000000745,5,4.877448665703735,RankSurprise
microVA_R_1-2+,4,368067.01056,368417.34144,350.33087999996496,368067.01056,368417.34144,350.33087999996496,14,7.173500981544055,RankSurprise
microVA_R_1-2+,4,368724.04992,368822.80448,98.75455999997212,368724.04992,368822.80448,98.75455999997212,6,4.945903540471761,RankSurprise
microVA_R_1-2+,4,372230.88128,372253.04064,22.159360000048764,372230.88128,372253.04064,22.159360000048764,3,3.9970660758169547,RankSurprise
microVA_R_1-2+,4,373203.31264,373536.768,333.45535999996355,373203.31264,373536.768,333.45535999996355,23,24.018952184199332,RankSurprise
microVA_R_1-2+,4,373697.78176,374093.98784,396.20608000003267,373697.78176,374093.98784,396.20608000003267,14,5.922184217359671,RankSurprise
microVA_R_1-2+,4,376400.65024,377176.39168,775.7414400000125,376400.65024,377176.39168,775.7414400000125,21,6.540128137153168,RankSurprise
microVA_R_1-2+,4,377497.88672,377516.27776,18.3910400000168,377497.88672,377516.27776,18.3910400000168,3,4.465346613806878,RankSurprise
microVA_R_1-2+,4,378574.76608,378592.6656,17.89952000003541,378574.76608,378592.6656,17.89952000003541,3,4.564770761052985,RankSurprise
microVA_R_1-2+,4,379183.9232,379366.8096,182.8863999999594,379183.9232,379366.8096,182.8863999999594,11,9.550246787045637,RankSurprise
microVA_R_1-2+,4,381153.23904,381497.09824,343.85920000000624,381153.23904,381497.09824,343.85920000000624,11,4.715570319354816,RankSurprise
microVA_R_1-2+,4,382814.57664,383404.56448,589.9878400000161,382814.57664,383404.56448,589.9878400000161,17,5.823163621715166,RankSurprise
microVA_R_1-2+,4,387145.56416,387278.15168,132.58752000000095,387145.56416,387278.15168,132.58752000000095,6,3.6485965021676074,RankSurprise
microVA_R_1-2+,4,388549.50912,388677.8368,128.3276799999876,388549.50912,388677.8368,128.3276799999876,6,4.92620355682962,RankSurprise
microVA_R_1-2+,4,389589.93408,389790.3104,200.3763200000394,389589.93408,389790.3104,200.3763200000394,9,6.124546107672053,RankSurprise
microVA_R_1-2+,4,415036.66176,415580.65152,543.9897600000259,415036.66176,415580.65152,543.9897600000259,20,8.874155072776315,RankSurprise
microVA_R_1-2+,4,422094.848,422607.50336,512.6553599999752,422094.848,422607.50336,512.6553599999752,28,22.397965707064152,RankSurprise
microVA_R_1-2+,4,422734.2336,422933.05344,198.81984000001103,422734.2336,422933.05344,198.81984000001103,9,5.650197328107628,RankSurprise
microVA_R_1-2+,4,424935.71072,424977.48992,41.77920000004815,424935.71072,424977.48992,41.77920000004815,4,4.776020125437622,RankSurprise
microVA_R_1-2+,4,426794.5984,426891.71456,97.11615999997593,426794.5984,426891.71456,97.11615999997593,5,3.8540342941081995,RankSurprise
microVA_R_1-2+,4,441672.45824,441693.83936,21.381119999976363,441672.45824,441693.83936,21.381119999976363,3,4.088133668425543,RankSurprise
microVA_R_1-2+,4,442780.42624,442803.6096,23.18336000002455,442780.42624,442803.6096,23.18336000002455,3,3.880788858593201,RankSurprise
microVA_R_1-2+,4,445943.07072,445955.44064,12.36991999996826,445943.07072,445955.44064,12.36991999996826,3,5.415858161028389,RankSurprise
microVA_R_1-2+,4,450209.9968,450226.33984,16.343039999948815,450209.9968,450226.33984,16.343039999948815,3,4.5852627651142,RankSurprise
microVA_R_1-2+,4,450830.49984,450849.25952,18.759680000017397,450830.49984,450849.25952,18.759680000017397,3,4.400455366444687,RankSurprise
microVA_R_1-2+,4,453819.88352,454093.74208,273.8585600000224,453819.88352,454093.74208,273.8585600000224,11,5.619547215026333,RankSurprise
microVA_R_1-2+,4,458279.36256,458291.73248,12.369920000026468,458279.36256,458291.73248,12.369920000026468,3,5.236900902002853,RankSurprise
microVA_R_1-2+,4,460602.32704,460615.68,13.352959999989253,460602.32704,460615.68,13.352959999989253,3,5.2255210474207825,RankSurprise
microVA_R_1-2+,4,462918.49216,462931.72224,13.230079999950249,462918.49216,462931.72224,13.230079999950249,3,5.265637087863093,RankSurprise
microVA_R_1-2+,4,464072.94976,464115.3024,42.352639999997336,464072.94976,464115.3024,42.352639999997336,4,4.645260075465014,RankSurprise
microVA_R_1-2+,4,474542.6944,474765.59872,222.90432000003057,474542.6944,474765.59872,222.90432000003057,11,7.235960309558597,RankSurprise
microVA_R_1-2+,4,476665.856,476753.96096,88.10495999996783,476665.856,476753.96096,88.10495999996783,5,3.723796588295908,RankSurprise
microVA_R_1-2+,4,477375.488,477403.21792,27.7299200000125,477375.488,477403.21792,27.7299200000125,4,6.068553331889543,RankSurprise
microVA_R_1-2+,4,477658.84928,477747.36384,88.51455999998143,477658.84928,477747.36384,88.51455999998143,5,3.6622260148576693,RankSurprise
microVA_R_1-2+,4,478748.54912,478760.09984,11.550719999999274,478748.54912,478760.09984,11.550719999999274,3,5.571528686825417,RankSurprise
microVA_R_1-2+,4,484851.17952,484876.82048,25.640959999989718,484851.17952,484876.82048,25.640959999989718,3,3.521220811407508,RankSurprise
microVA_R_1-3+,0,11176.05888,12110.06976,934.0108799999998,11176.05888,12110.06976,934.0108799999998,30,14.997065272809738,RankSurprise
microVA_R_1-3+,0,19776.79872,19884.93312,108.13440000000264,19776.79872,19884.93312,108.13440000000264,6,3.5150037785961032,RankSurprise
microVA_R_1-3+,0,32965.2224,32973.98784,8.765440000002855,32965.2224,32973.98784,8.765440000002855,4,10.126735295874871,RankSurprise
microVA_R_1-3+,0,55485.19424,55505.1008,19.906560000003083,55485.19424,55505.1008,19.906560000003083,3,3.550125519837618,RankSurprise
microVA_R_1-3+,0,72892.12928,73184.82944,292.7001600000076,72892.12928,73184.82944,292.7001600000076,14,7.986042276738459,RankSurprise
microVA_R_1-3+,0,74819.46112,74951.92576,132.46463999999105,74819.46112,74951.92576,132.46463999999105,10,8.60182084431603,RankSurprise
microVA_R_1-3+,0,94238.59712,94262.96832,24.371199999994133,94238.59712,94262.96832,24.371199999994133,4,5.576874085435243,RankSurprise
microVA_R_1-3+,0,96749.40416,96787.74272,38.33855999998923,96749.40416,96787.74272,38.33855999998923,4,4.05294942274049,RankSurprise
microVA_R_1-3+,0,97878.87616,98027.68384,148.80767999999807,97878.87616,98027.68384,148.80767999999807,9,6.037787041902251,RankSurprise
microVA_R_1-3+,0,137173.72928,137190.89152,17.162240000005113,137173.72928,137190.89152,17.162240000005113,3,3.8916375227474695,RankSurprise
microVA_R_1-3+,0,149697.7408,149705.27744,7.536640000005718,149697.7408,149705.27744,7.536640000005718,3,6.10891804717247,RankSurprise
microVA_R_1-3+,0,180840.8576,181031.1168,190.25920000000042,180840.8576,181031.1168,190.25920000000042,9,5.190103597798761,RankSurprise
microVA_R_1-3+,0,181668.4544,181857.15712,188.70272000000114,181668.4544,181857.15712,188.70272000000114,7,4.2967253052726795,RankSurprise
microVA_R_1-3+,0,182981.34528,182990.11072,8.765439999988303,182981.34528,182990.11072,8.765439999988303,3,5.741755676988511,RankSurprise
microVA_R_1-3+,0,203933.9008,204102.8608,168.95999999999185,203933.9008,204102.8608,168.95999999999185,7,3.903431429448406,RankSurprise
microVA_R_1-3+,0,207269.76512,207397.888,128.1228800000099,207269.76512,207397.888,128.1228800000099,9,7.542909048158121,RankSurprise
microVA_R_1-3+,0,207879.24992,218504.51968,10625.269759999996,207879.24992,218504.51968,10625.269759999996,409,152.5849226421305,RankSurprise
microVA_R_1-3+,0,218933.0432,219016.31488,83.27168000000529,218933.0432,219016.31488,83.27168000000529,6,4.705864627724411,RankSurprise
microVA_R_1-3+,0,220561.77664,221683.67104,1121.8943999999901,220561.77664,221683.67104,1121.8943999999901,25,4.834955707677115,RankSurprise
microVA_R_1-3+,0,222812.65152,224521.0112,1708.3596799999941,222812.65152,224521.0112,1708.3596799999941,56,16.84820873650338,RankSurprise
microVA_R_1-3+,0,234574.76608,234642.26816,67.50208000000566,234574.76608,234642.26816,67.50208000000566,5,3.77934644191717,RankSurprise
microVA_R_1-3+,0,239123.6608,239181.94688,58.28607999999076,239123.6608,239181.94688,58.28607999999076,5,4.443731784611842,RankSurprise
microVA_R_1-3+,0,249688.84224,249736.31488,47.47263999999268,249688.84224,249736.31488,47.47263999999268,5,5.265718208362465,RankSurprise
microVA_R_1-3+,0,261971.5584,262015.30368,43.74528000000282,261971.5584,262015.30368,43.74528000000282,4,3.5658207890687272,RankSurprise
microVA_R_1-3+,0,264824.66816,264868.94592,44.27776000002632,264824.66816,264868.94592,44.27776000002632,4,3.508126689391922,RankSurprise
microVA_R_1-3+,0,289372.07808,289380.02432,7.946240000019316,289372.07808,289380.02432,7.946240000019316,3,6.020233029624812,RankSurprise
microVA_R_1-3+,0,302865.48992,304751.0016,1885.511679999996,302865.48992,304751.0016,1885.511679999996,49,10.493288316126142,RankSurprise
microVA_R_1-3+,0,306736.49664,306755.7888,19.292159999953583,306736.49664,306755.7888,19.292159999953583,3,3.6185570339865336,RankSurprise
microVA_R_1-3+,0,307347.16928,307422.94528,75.77600000001257,307347.16928,307422.94528,75.77600000001257,6,4.96528885872204,RankSurprise
microVA_R_1-3+,0,309084.65152,309375.95904,291.307519999973,309084.65152,309375.95904,291.307519999973,17,12.782093627169484,RankSurprise
microVA_R_1-3+,0,309848.59648,309901.88544,53.288959999976214,309848.59648,309901.88544,53.288959999976214,8,11.912266722485796,RankSurprise
microVA_R_1-3+,0,310360.35072,315436.8512,5076.500479999988,310360.35072,315436.8512,5076.500479999988,153,36.73928278506176,RankSurprise
microVA_R_1-3+,0,317827.85024,317883.43296,55.58272000000579,317827.85024,317883.43296,55.58272000000579,6,6.650435946107592,RankSurprise
microVA_R_1-3+,0,318949.376,319057.79712,108.42112000001362,318949.376,319057.79712,108.42112000001362,5,3.602184413846853,RankSurprise
microVA_R_1-3+,0,319620.58752,319657.82016,37.23264000000199,319620.58752,319657.82016,37.23264000000199,4,4.096084616387223,RankSurprise
microVA_R_1-3+,0,322348.2368,322360.03328,11.796479999960866,322348.2368,322360.03328,11.796479999960866,3,4.839308079206555,RankSurprise
microVA_R_1-3+,0,323732.56192,323757.6704,25.108479999995325,323732.56192,323757.6704,25.108479999995325,4,5.454835068582906,RankSurprise
microVA_R_1-3+,0,325502.19776,325884.02688,381.8291200000094,325502.19776,325884.02688,381.8291200000094,14,5.6418777367783575,RankSurprise
microVA_R_1-3+,0,334564.1472,334582.49728,18.3500800000038,334564.1472,334582.49728,18.3500800000038,3,3.695432762929201,RankSurprise
microVA_R_1-3+,0,335016.87808,335063.94112,47.06303999997908,335016.87808,335063.94112,47.06303999997908,7,10.24688401921631,RankSurprise
microVA_R_1-3+,0,336673.42336,336708.28032,34.85696000000462,336673.42336,336708.28032,34.85696000000462,4,4.286660516913081,RankSurprise
microVA_R_1-3+,0,337190.05184,339129.79456,1939.7427200000384,337190.05184,339129.79456,1939.7427200000384,51,12.479294466013583,RankSurprise
microVA_R_1-3+,0,341100.83072,341131.18208,30.351359999971464,341100.83072,341131.18208,30.351359999971464,4,4.7895069822415905,RankSurprise
microVA_R_1-3+,0,342703.02208,342806.3232,103.30111999996006,342703.02208,342806.3232,103.30111999996006,8,7.175656278376122,RankSurprise
microVA_R_1-3+,0,343335.48544,343347.48672,12.001279999967664,343335.48544,343347.48672,12.001279999967664,3,4.786604015715987,RankSurprise
microVA_R_1-3+,0,346556.6208,346575.29856,18.677760000049602,346556.6208,346575.29856,18.677760000049602,3,3.6595841356760026,RankSurprise
microVA_R_1-3+,0,348204.31872,348217.9584,13.639680000022054,348204.31872,348217.9584,13.639680000022054,3,4.275323949769941,RankSurprise
microVA_R_1-3+,0,352788.39808,352799.744,11.345919999992475,352788.39808,352799.744,11.345919999992475,3,4.977484825905613,RankSurprise
microVA_R_1-3+,0,357341.3888,357345.97632,4.58752000000095,357341.3888,357345.97632,4.58752000000095,3,7.989975654048223,RankSurprise
microVA_R_1-3+,0,385169.77664,385188.29056,18.513919999997597,385169.77664,385188.29056,18.513919999997597,3,3.68341168313923,RankSurprise
microVA_R_1-3+,0,388935.39328,388939.32544,3.9321599999675527,388935.39328,388939.32544,3.9321599999675527,3,8.485271476196086,RankSurprise
microVA_R_1-3+,0,397514.9568,397527.12192,12.16512000001967,397514.9568,397527.12192,12.16512000001967,3,4.760763819849359,RankSurprise
microVA_R_1-3+,0,398051.69664,398805.4016,753.7049600000028,398051.69664,398805.4016,753.7049600000028,21,8.076721066380095,RankSurprise
microVA_R_1-3+,0,399343.69792,401163.10016,1819.4022399999667,399343.69792,401163.10016,1819.4022399999667,42,9.616744799550627,RankSurprise
microVA_R_1-3+,0,401781.63712,401787.78112,6.143999999971129,401781.63712,401787.78112,6.143999999971129,3,6.872560238417016,RankSurprise
microVA_R_1-3+,0,416193.45408,416211.84512,18.3910400000168,416193.45408,416211.84512,18.3910400000168,3,3.738084822997724,RankSurprise
microVA_R_1-3+,0,416973.57824,417144.66816,171.08991999999853,416973.57824,417144.66816,171.08991999999853,8,4.6908192390403585,RankSurprise
microVA_R_1-3+,0,485107.9168,485114.96192,7.0451199999661185,485107.9168,485114.96192,7.0451199999661185,3,6.378143008879189,RankSurprise
microVA_R_1-3+,0,486054.78912,486070.51776,15.728640000044834,486054.78912,486070.51776,15.728640000044834,3,4.105501484186696,RankSurprise
microVA_R_1-3+,2,26061.824,27068.94848,1007.1244799999986,26061.824,27068.94848,1007.1244799999986,7,6.850877047460344,RankSurprise
microVA_R_1-3+,2,31661.21984,34025.18528,2363.9654399999963,31661.21984,34025.18528,2363.9654399999963,8,3.867904796569304,RankSurprise
microVA_R_1-3+,2,75731.72224,75929.02656,197.30431999999564,75731.72224,75929.02656,197.30431999999564,3,3.6760559871502476,RankSurprise
microVA_R_1-3+,2,175047.96672,175138.44736,90.48063999999431,175047.96672,175138.44736,90.48063999999431,3,5.174268264474124,RankSurprise
microVA_R_1-3+,2,244932.11648,245140.56192,208.44544000001042,244932.11648,245140.56192,208.44544000001042,3,3.6264658229381492,RankSurprise
microVA_R_1-3+,2,263195.97568,265965.3632,2769.3875200000475,263195.97568,265965.3632,2769.3875200000475,10,5.208760808832052,RankSurprise
microVA_R_1-3+,2,270857.91232,271058.69824,200.7859199999948,270857.91232,271058.69824,200.7859199999948,3,3.7098126637804025,RankSurprise
microVA_R_1-3+,2,295831.01952,299483.136,3652.116480000026,295831.01952,299483.136,3652.116480000026,14,7.00014165011854,RankSurprise
microVA_R_1-3+,2,304370.52416,304425.32864,54.80448000004981,304370.52416,304425.32864,54.80448000004981,3,6.219803136961181,RankSurprise
microVA_R_1-3+,2,373167.84128,383876.01408,10708.1728,373167.84128,383876.01408,10708.1728,31,8.493765201924884,RankSurprise
microVA_R_1-3+,2,414921.48224,415789.4656,867.9833600000129,414921.48224,415789.4656,867.9833600000129,10,12.869988755649594,RankSurprise
microVA_R_1-3+,2,425207.68512,430513.02912,5305.344000000041,425207.68512,430513.02912,5305.344000000041,14,4.157889197909455,RankSurprise
microVA_R_1-3+,2,438787.8912,438978.06848,190.17728000000352,438787.8912,438978.06848,190.17728000000352,3,3.796784533036389,RankSurprise
microVA_R_1-3+,2,449805.80352,451568.47616,1762.6726400000043,449805.80352,451568.47616,1762.6726400000043,9,6.350451533100683,RankSurprise
microVA_R_1-3+,2,453027.4304,453434.32704,406.89663999999175,453027.4304,453434.32704,406.89663999999175,4,4.237307098426399,RankSurprise
microVA_R_1-3+,2,459323.35104,459473.26464,149.91360000002896,459323.35104,459473.26464,149.91360000002896,3,4.232002046196708,RankSurprise
microVA_R_1-3+,2,474679.296,477328.26112,2648.965120000008,474679.296,477328.26112,2648.965120000008,9,3.936529206710285,RankSurprise
microVA_R_1-3+,3,25863.5776,26149.43744,285.859840000001,25863.5776,26149.43744,285.859840000001,4,3.6717157200788826,RankSurprise
microVA_R_1-3+,3,46932.62336,46980.54656,47.92320000000473,46932.62336,46980.54656,47.92320000000473,3,5.1009394072646455,RankSurprise
microVA_R_1-3+,3,69754.6752,70130.60608,375.9308799999999,69754.6752,70130.60608,375.9308799999999,5,4.86682408799636,RankSurprise
microVA_R_1-3+,3,103791.94368,103903.96928,112.02560000000813,103791.94368,103903.96928,112.02560000000813,3,3.644816403610406,RankSurprise
microVA_R_1-3+,3,132300.75904,132462.14144,161.38240000000224,132300.75904,132462.14144,161.38240000000224,5,7.613761385353527,RankSurprise
microVA_R_1-3+,3,140279.07072,140352.88064,73.80991999999969,140279.07072,140352.88064,73.80991999999969,4,7.192530437912559,RankSurprise
microVA_R_1-3+,3,154072.39168,154147.6352,75.24351999998908,154072.39168,154147.6352,75.24351999998908,3,4.229000542851107,RankSurprise
microVA_R_1-3+,3,212963.1232,214069.73952,1106.616320000001,212963.1232,214069.73952,1106.616320000001,9,6.275699573576618,RankSurprise
microVA_R_1-3+,3,263383.2448,263411.83488,28.590079999994487,263383.2448,263411.83488,28.590079999994487,4,10.402429925526896,RankSurprise
microVA_R_1-3+,3,297476.95616,298083.16416,606.2079999999842,297476.95616,298083.16416,606.2079999999842,6,4.500368737678332,RankSurprise
microVA_R_1-3+,3,308780.31872,308852.24448,71.92576000001281,308780.31872,308852.24448,71.92576000001281,3,4.468991846576756,RankSurprise
microVA_R_1-3+,3,356224.69632,360984.20736,4759.511040000012,356224.69632,360984.20736,4759.511040000012,30,13.938168966405911,RankSurprise
microVA_R_1-3+,3,365834.0352,365967.48288,133.44768000004115,365834.0352,365967.48288,133.44768000004115,4,5.510520525869783,RankSurprise
microVA_R_1-3+,3,380416.8192,380859.55584,442.73663999995915,380416.8192,380859.55584,442.73663999995915,6,5.6834529338116795,RankSurprise
microVA_R_1-3+,3,387653.8368,388302.11072,648.2739200000069,387653.8368,388302.11072,648.2739200000069,6,4.426884825945397,RankSurprise
microVA_R_1-3+,3,415099.904,417083.8016,1983.8976000000257,415099.904,417083.8016,1983.8976000000257,16,10.779488137486643,RankSurprise
microVA_R_1-3+,3,418102.19008,418426.88,324.68992000003345,418102.19008,418426.88,324.68992000003345,4,3.8103089863196935,RankSurprise
microVA_R_1-3+,3,424025.9072,427424.72704,3398.819840000011,424025.9072,427424.72704,3398.819840000011,19,7.82413860705544,RankSurprise
microVA_R_1-3+,3,437204.13184,437261.7216,57.58976000000257,437204.13184,437261.7216,57.58976000000257,3,4.835236241531639,RankSurprise
microVA_R_1-3+,3,439661.81376,440485.64224,823.8284800000256,439661.81376,440485.64224,823.8284800000256,6,3.584374654308422,RankSurprise
microVA_R_1-3+,3,441801.1136,443687.03488,1885.9212800000096,441801.1136,443687.03488,1885.9212800000096,11,4.654689427446166,RankSurprise
microVA_R_1-3+,3,449332.8384,450658.75456,1325.9161599999643,449332.8384,450658.75456,1325.9161599999643,8,3.850156320115729,RankSurprise
microVA_R_1-3+,3,458117.77536,462835.46624,4717.690879999951,458117.77536,462835.46624,4717.690879999951,24,8.112702818038272,RankSurprise
microVA_R_1-3+,3,475173.72416,475842.51904,668.7948800000013,475173.72416,475842.51904,668.7948800000013,6,4.272212841092754,RankSurprise
microVA_R_1-3+,3,482261.85216,482535.05536,273.203199999989,482261.85216,482535.05536,273.203199999989,4,3.817409607869269,RankSurprise
microVA_R_1-3+,3,486017.72032,486160.34304,142.62271999998484,486017.72032,486160.34304,142.62271999998484,4,5.352267091376461,RankSurprise
microVA_R_1-3+,4,93487.26784,93518.60224,31.334399999992456,93487.26784,93518.60224,31.334399999992456,3,6.420328734133497,RankSurprise
microVA_R_1-3+,4,95253.95456,97956.74112,2702.7865600000077,95253.95456,97956.74112,2702.7865600000077,13,4.172593927700154,RankSurprise
microVA_R_1-3+,4,101897.09312,102003.83488,106.74175999998988,101897.09312,102003.83488,106.74175999998988,3,3.810730899238685,RankSurprise
microVA_R_1-3+,4,132093.66528,132191.80544,98.14016000000993,132093.66528,132191.80544,98.14016000000993,4,6.431956718853527,RankSurprise
microVA_R_1-3+,4,205956.58752,218252.9024,12296.31487999999,205956.58752,218252.9024,12296.31487999999,86,40.70488945549162,RankSurprise
microVA_R_1-3+,4,221176.34048,221230.98112,54.6406399999978,221176.34048,221230.98112,54.6406399999978,3,4.932021701125464,RankSurprise
microVA_R_1-3+,4,222953.22624,223618.4576,665.2313600000052,222953.22624,223618.4576,665.2313600000052,6,4.91693616702382,RankSurprise
microVA_R_1-3+,4,267813.92896,267997.5936,183.6646400000318,267813.92896,267997.5936,183.6646400000318,4,4.550888845644781,RankSurprise
microVA_R_1-3+,4,303073.56672,304244.16256,1170.5958400000236,303073.56672,304244.16256,1170.5958400000236,13,10.477979737881418,RankSurprise
microVA_R_1-3+,4,307263.16032,318615.06048,11351.900159999961,307263.16032,318615.06048,11351.900159999961,49,11.882462015897818,RankSurprise
microVA_R_1-3+,4,324872.88832,324965.90848,93.02015999995638,324872.88832,324965.90848,93.02015999995638,3,4.0331862531113885,RankSurprise
microVA_R_1-3+,4,368613.41696,368695.17312,81.7561599999899,368613.41696,368695.17312,81.7561599999899,3,4.069717710862776,RankSurprise
microVA_R_2-3+,0,386.6624,795.648,408.98560000000003,386.6624,795.648,408.98560000000003,17,16.55288732328879,RankSurprise
microVA_R_2-3+,0,7644.44672,8304.39424,659.9475199999997,7644.44672,8304.39424,659.9475199999997,11,5.9488024179889285,RankSurprise
microVA_R_2-3+,0,27532.98432,27706.20416,173.21984000000157,27532.98432,27706.20416,173.21984000000157,5,3.7186248448029176,RankSurprise
microVA_R_2-3+,0,112371.9168,112406.3232,34.40639999999257,112371.9168,112406.3232,34.40639999999257,3,3.9655531098460717,RankSurprise
microVA_R_2-3+,0,116074.0864,116167.55712,93.47071999999753,116074.0864,116167.55712,93.47071999999753,6,7.893270927932733,RankSurprise
microVA_R_2-3+,0,118074.08128,118829.30176,755.2204800000036,118074.08128,118829.30176,755.2204800000036,10,3.9267058677775366,RankSurprise
microVA_R_2-3+,0,138230.21056,139586.84672,1356.6361599999946,138230.21056,139586.84672,1356.6361599999946,23,9.484709389685202,RankSurprise
microVA_R_2-3+,0,146727.3216,146759.76192,32.440319999994244,146727.3216,146759.76192,32.440319999994244,3,4.046745346982638,RankSurprise
microVA_R_2-3+,0,162585.02656,162631.92576,46.89920000001439,162585.02656,162631.92576,46.89920000001439,5,8.94923681761184,RankSurprise
microVA_R_2-3+,0,166325.28896,166416.50688,91.2179199999955,166325.28896,166416.50688,91.2179199999955,4,3.5623127903094876,RankSurprise
microVA_R_2-3+,0,177608.704,178398.08512,789.3811200000055,177608.704,178398.08512,789.3811200000055,10,4.045074979538068,RankSurprise
microVA_R_2-3+,0,209617.38752,212108.20608,2490.8185600000143,209617.38752,212108.20608,2490.8185600000143,31,6.993173436520659,RankSurprise
microVA_R_2-3+,0,216780.8,216817.99168,37.191680000018096,216780.8,216817.99168,37.191680000018096,3,3.74005790737362,RankSurprise
microVA_R_2-3+,0,218460.73344,218494.1568,33.42335999998613,218460.73344,218494.1568,33.42335999998613,3,4.031735842839453,RankSurprise
microVA_R_2-3+,0,244752.54784,244787.28192,34.73407999999472,244752.54784,244787.28192,34.73407999999472,3,3.9655531098460717,RankSurprise
microVA_R_2-3+,0,258680.4224,258798.1824,117.75999999998021,258680.4224,258798.1824,117.75999999998021,6,6.616349443350948,RankSurprise
microVA_R_2-3+,0,263064.86272,263253.72928,188.86656000005314,263064.86272,263253.72928,188.86656000005314,7,5.978657889840099,RankSurprise
microVA_R_2-3+,0,271921.5616,275626.96704,3705.4054400000023,271921.5616,275626.96704,3705.4054400000023,47,15.201484859205053,RankSurprise
microVA_R_2-3+,0,281591.02976,282034.50368,443.47392000001855,281591.02976,282034.50368,443.47392000001855,15,12.78973681491822,RankSurprise
microVA_R_2-3+,0,282546.46272,282563.25632,16.793599999975413,282546.46272,282563.25632,16.793599999975413,3,5.818143233728998,RankSurprise
microVA_R_2-3+,0,284532.736,284540.39552,7.659520000044722,284532.736,284540.39552,7.659520000044722,3,8.581930105571026,RankSurprise
microVA_R_2-3+,0,286213.9392,286498.48832,284.5491199999815,286213.9392,286498.48832,284.5491199999815,9,7.345264885052497,RankSurprise
microVA_R_2-3+,0,287833.21088,287852.7488,19.537919999973383,287833.21088,287852.7488,19.537919999973383,3,5.3773356701863815,RankSurprise
microVA_R_2-3+,0,288829.0304,289556.39808,727.3676800000248,288829.0304,289556.39808,727.3676800000248,10,4.10737680288471,RankSurprise
microVA_R_2-3+,0,290083.4304,290369.20832,285.77791999996407,290083.4304,290369.20832,285.77791999996407,11,10.504374672448536,RankSurprise
microVA_R_2-3+,0,311718.66624,311750.98368,32.31744000001345,311718.66624,311750.98368,32.31744000001345,3,4.061868346426477,RankSurprise
microVA_R_2-3+,0,318450.56512,318491.36128,40.79616000002716,318450.56512,318491.36128,40.79616000002716,3,3.6087604519129695,RankSurprise
microVA_R_2-3+,0,357380.83328,357663.5392,282.7059199999785,357380.83328,357663.5392,282.7059199999785,6,3.59568283419935,RankSurprise
microVA_R_2-3+,0,360421.29408,360626.70848,205.41439999995055,360421.29408,360626.70848,205.41439999995055,9,9.652337641778885,RankSurprise
microVA_R_2-3+,0,373208.92416,373842.1248,633.2006399999955,373208.92416,373842.1248,633.2006399999955,13,6.9773199400370824,RankSurprise
microVA_R_2-3+,0,375996.86656,376016.40448,19.53792000003159,375996.86656,376016.40448,19.53792000003159,3,5.3482438634626615,RankSurprise
microVA_R_2-3+,0,379183.96416,379350.26176,166.297600000049,379183.96416,379350.26176,166.297600000049,6,4.738439821880557,RankSurprise
microVA_R_2-3+,0,415297.08544,415397.96992,100.8844800000079,415297.08544,415397.96992,100.8844800000079,5,5.172365197750263,RankSurprise
microVA_R_2-3+,0,421144.08448,422963.03616,1818.9516799999983,421144.08448,422963.03616,1818.9516799999983,25,8.510032273520318,RankSurprise
microVA_R_2-3+,0,433801.95328,433844.4288,42.47551999997813,433801.95328,433844.4288,42.47551999997813,4,6.062572259501916,RankSurprise
microVA_R_2-3+,0,440844.20608,440879.5136,35.30752000003122,440844.20608,440879.5136,35.30752000003122,3,3.8191458564424554,RankSurprise
microVA_R_2-3+,0,442195.39456,442816.88064,621.4860800000024,442195.39456,442816.88064,621.4860800000024,11,5.834559081442172,RankSurprise
microVA_R_2-3+,0,445518.4384,445547.7248,29.286400000040885,445518.4384,445547.7248,29.286400000040885,3,4.303611912827156,RankSurprise
microVA_R_2-3+,0,460563.82464,460625.22368,61.39903999998933,460563.82464,460625.22368,61.39903999998933,6,10.294680011265491,RankSurprise
microVA_R_2-3+,0,465003.68384,465049.88672,46.202879999997094,465003.68384,465049.88672,46.202879999997094,4,5.850917801389109,RankSurprise
microVA_R_2-3+,0,469594.9312,469607.8336,12.902400000020862,469594.9312,469607.8336,12.902400000020862,4,11.831326984750879,RankSurprise
microVA_R_2-3+,0,475819.13088,476136.2432,317.11232000001473,475819.13088,476136.2432,317.11232000001473,12,11.046729016166054,RankSurprise
microVA_R_2-3+,1,3677.88032,3708.14976,30.269439999999577,3677.88032,3708.14976,30.269439999999577,3,4.500770131425391,RankSurprise
microVA_R_2-3+,1,7506.49344,7618.27328,111.77984000000015,7506.49344,7618.27328,111.77984000000015,4,3.7458580441231604,RankSurprise
microVA_R_2-3+,1,19115.54048,19195.6992,80.15871999999945,19115.54048,19195.6992,80.15871999999945,4,4.621720614088382,RankSurprise
microVA_R_2-3+,1,52351.75424,52542.62784,190.873599999999,52351.75424,52542.62784,190.873599999999,7,6.956894421225215,RankSurprise
microVA_R_2-3+,1,59465.85088,59681.46432,215.613440000001,59465.85088,59681.46432,215.613440000001,6,4.66891126419814,RankSurprise
microVA_R_2-3+,1,87961.6,88010.3424,48.742399999988265,87961.6,88010.3424,48.742399999988265,3,3.544605964957512,RankSurprise
microVA_R_2-3+,1,110409.44128,110596.17792,186.7366400000028,110409.44128,110596.17792,186.7366400000028,5,3.642692650200697,RankSurprise
microVA_R_2-3+,1,114645.03296,114905.2928,260.2598399999988,114645.03296,114905.2928,260.2598399999988,6,4.4243486431717765,RankSurprise
microVA_R_2-3+,1,115530.17856,115558.07232,27.893760000006296,115530.17856,115558.07232,27.893760000006296,4,8.022123035754781,RankSurprise
microVA_R_2-3+,1,115869.57312,116329.2672,459.6940800000011,115869.57312,116329.2672,459.6940800000011,8,3.7140075487186635,RankSurprise
microVA_R_2-3+,1,143702.17984,144450.68288,748.5030400000105,143702.17984,144450.68288,748.5030400000105,12,6.484510710654508,RankSurprise
microVA_R_2-3+,1,157719.59296,157820.35456,100.761599999998,157719.59296,157820.35456,100.761599999998,4,3.981194877061654,RankSurprise
microVA_R_2-3+,1,162629.59104,162659.90144,30.310399999987567,162629.59104,162659.90144,30.310399999987567,3,4.582973911591035,RankSurprise
microVA_R_2-3+,1,169433.21088,169476.58752,43.376640000002226,169433.21088,169476.58752,43.376640000002226,3,3.7611921157255637,RankSurprise
microVA_R_2-3+,1,177640.40704,178536.77568,896.3686400000006,177640.40704,178536.77568,896.3686400000006,11,3.9230461578421463,RankSurprise
microVA_R_2-3+,1,191129.8048,191376.62976,246.8249599999981,191129.8048,191376.62976,246.8249599999981,6,4.170614492900853,RankSurprise
microVA_R_2-3+,1,194567.33184,194596.57728,29.24543999999878,194567.33184,194596.57728,29.24543999999878,3,4.527797706870434,RankSurprise
microVA_R_2-3+,1,199536.59904,199599.3088,62.709759999997914,199536.59904,199599.3088,62.709759999997914,4,5.247803116277311,RankSurprise
microVA_R_2-3+,1,256372.9408,256563.77344,190.8326399999787,256372.9408,256563.77344,190.8326399999787,5,3.7091343912459003,RankSurprise
microVA_R_2-3+,1,263087.59552,263814.92224,727.3267200000118,263087.59552,263814.92224,727.3267200000118,19,17.75161258771779,RankSurprise
microVA_R_2-3+,1,273297.8176,273507.1232,209.3055999999633,273297.8176,273507.1232,209.3055999999633,6,4.675425920034247,RankSurprise
microVA_R_2-3+,1,275409.5104,275697.95072,288.44031999999424,275409.5104,275697.95072,288.44031999999424,7,4.883073166885499,RankSurprise
microVA_R_2-3+,1,291268.97664,291316.08064,47.103999999992084,291268.97664,291316.08064,47.103999999992084,3,3.5613191865602083,RankSurprise
microVA_R_2-3+,1,299375.65696,299391.83616,16.179200000013225,299375.65696,299391.83616,16.179200000013225,3,6.139500625935387,RankSurprise
microVA_R_2-3+,1,300516.18816,300681.6256,165.4374400000088,300516.18816,300681.6256,165.4374400000088,7,7.8411146944302885,RankSurprise
microVA_R_2-3+,1,346044.86656,346077.83936,32.97279999998864,346044.86656,346077.83936,32.97279999998864,3,4.272674097746519,RankSurprise
microVA_R_2-3+,1,356840.89856,357712.2816,871.3830399999861,356840.89856,357712.2816,871.3830399999861,18,11.752851566938377,RankSurprise
microVA_R_2-3+,1,360439.68512,360611.30752,171.62239999999292,360439.68512,360611.30752,171.62239999999292,7,7.728641745464415,RankSurprise
microVA_R_2-3+,1,365833.99424,366589.29664,755.3023999999859,365833.99424,366589.29664,755.3023999999859,9,4.195861403795829,RankSurprise
microVA_R_2-3+,1,370519.90016,374317.01504,3797.1148800000083,370519.90016,374317.01504,3797.1148800000083,42,11.860674417788417,RankSurprise
microVA_R_2-3+,1,375869.89056,380592.57856,4722.6879999999655,375869.89056,380592.57856,4722.6879999999655,53,12.890761324822368,RankSurprise
microVA_R_2-3+,1,381087.25248,381471.744,384.4915199999814,381087.25248,381471.744,384.4915199999814,6,3.566035550181665,RankSurprise
microVA_R_2-3+,1,382585.40544,384021.05344,1435.6479999999865,382585.40544,384021.05344,1435.6479999999865,15,3.721313968917523,RankSurprise
microVA_R_2-3+,1,389522.51392,389742.14144,219.62751999998,389522.51392,389742.14144,219.62751999998,7,6.201406155558701,RankSurprise
microVA_R_2-3+,1,415228.27264,415287.66464,59.39199999999255,415228.27264,415287.66464,59.39199999999255,6,11.081424498997382,RankSurprise
microVA_R_2-3+,1,418534.15424,423457.01376,4922.859519999998,418534.15424,423457.01376,4922.859519999998,69,24.81089717471247,RankSurprise
microVA_R_2-3+,1,424516.97664,424528.40448,11.427840000018477,424516.97664,424528.40448,11.427840000018477,3,6.955545942818485,RankSurprise
microVA_R_2-3+,1,428632.92416,428865.24928,232.32511999999406,428632.92416,428865.24928,232.32511999999406,8,7.8877556953493615,RankSurprise
microVA_R_2-3+,1,441928.54016,442797.75232,869.2121600000537,441928.54016,442797.75232,869.2121600000537,15,9.713591162287605,RankSurprise
microVA_R_2-3+,1,444208.128,444230.32832,22.20031999994535,444208.128,444230.32832,22.20031999994535,3,5.213486142142703,RankSurprise
microVA_R_2-3+,1,450254.35648,450537.84064,283.4841599999927,450254.35648,450537.84064,283.4841599999927,14,18.728093057677118,RankSurprise
microVA_R_2-3+,1,454085.632,454100.62336,14.991360000043642,454085.632,454100.62336,14.991360000043642,3,6.222416280870004,RankSurprise
microVA_R_2-3+,1,465020.3136,465217.7408,197.42720000003465,465020.3136,465217.7408,197.42720000003465,5,4.2391296295253795,RankSurprise
microVA_R_2-3+,2,422.46144,1528.6272,1106.1657599999999,422.46144,1528.6272,1106.1657599999999,29,12.147669839164513,RankSurprise
microVA_R_2-3+,2,4555.776,4582.48192,26.705920000000333,4555.776,4582.48192,26.705920000000333,3,3.9449945055219136,RankSurprise
microVA_R_2-3+,2,7561.09312,7655.05536,93.96223999999984,7561.09312,7655.05536,93.96223999999984,6,6.461071415386932,RankSurprise
microVA_R_2-3+,2,9739.18208,9760.64512,21.463039999998728,9739.18208,9760.64512,21.463039999998728,3,4.459917446159608,RankSurprise
microVA_R_2-3+,2,15636.84864,15706.27584,69.42720000000008,15636.84864,15706.27584,69.42720000000008,4,3.84808404548912,RankSurprise
microVA_R_2-3+,2,17611.776,17724.8256,113.04959999999846,17611.776,17724.8256,113.04959999999846,6,5.844658694526792,RankSurprise
microVA_R_2-3+,2,27798.77376,27925.83168,127.05791999999929,27798.77376,27925.83168,127.05791999999929,8,9.242478756026188,RankSurprise
microVA_R_2-3+,2,30204.06784,30258.83136,54.763520000000426,30204.06784,30258.83136,54.763520000000426,4,4.410581050774407,RankSurprise
microVA_R_2-3+,2,31680.18432,31790.12096,109.9366399999999,31680.18432,31790.12096,109.9366399999999,5,4.157176999300098,RankSurprise
microVA_R_2-3+,2,37029.02784,37106.93376,77.90591999999742,37029.02784,37106.93376,77.90591999999742,5,5.228160907137585,RankSurprise
microVA_R_2-3+,2,41769.49248,41784.7296,15.237119999997958,41769.49248,41784.7296,15.237119999997958,3,5.290599771317705,RankSurprise
microVA_R_2-3+,2,58748.7232,58796.93312,48.20992000000115,58748.7232,58796.93312,48.20992000000115,4,4.87092970538594,RankSurprise
microVA_R_2-3+,2,59415.30624,59428.70016,13.393920000002254,59415.30624,59428.70016,13.393920000002254,3,5.650346536803221,RankSurprise
microVA_R_2-3+,2,59646.44352,59751.38304,104.9395199999999,59646.44352,59751.38304,104.9395199999999,5,4.05956787285578,RankSurprise
microVA_R_2-3+,2,60475.96544,60522.74176,46.77631999999721,60475.96544,60522.74176,46.77631999999721,4,4.981886953930452,RankSurprise
microVA_R_2-3+,2,62654.6688,62675.43552,20.766719999999623,62654.6688,62675.43552,20.766719999999623,3,4.540116981914247,RankSurprise
microVA_R_2-3+,2,66383.79008,66566.30784,182.5177599999879,66383.79008,66566.30784,182.5177599999879,7,4.658821295528901,RankSurprise
microVA_R_2-3+,2,67755.08992,68043.1616,288.0716800000082,67755.08992,68043.1616,288.0716800000082,9,5.185092559343637,RankSurprise
microVA_R_2-3+,2,69048.23808,69165.6704,117.43232000000717,69048.23808,69165.6704,117.43232000000717,5,3.7395992723308424,RankSurprise
microVA_R_2-3+,2,89496.04352,89610.24,114.1964799999987,89496.04352,89610.24,114.1964799999987,5,3.742837484059379,RankSurprise
microVA_R_2-3+,2,89995.4688,90100.81792,105.34911999999895,89995.4688,90100.81792,105.34911999999895,5,4.537609462116102,RankSurprise
microVA_R_2-3+,2,107731.72224,107744.13312,12.410879999995814,107731.72224,107744.13312,12.410879999995814,3,5.71858374296122,RankSurprise
microVA_R_2-3+,2,114999.00928,115067.33056,68.32128000000375,114999.00928,115067.33056,68.32128000000375,4,3.689079393176261,RankSurprise
microVA_R_2-3+,2,116081.00864,116107.30496,26.29631999999401,116081.00864,116107.30496,26.29631999999401,3,3.9774276750267763,RankSurprise
microVA_R_2-3+,2,117955.74784,118022.88128,67.13344000000507,117955.74784,118022.88128,67.13344000000507,5,5.8767869167280224,RankSurprise
microVA_R_2-3+,2,140962.32448,140982.59968,20.27520000000368,140962.32448,140982.59968,20.27520000000368,3,4.58391441736188,RankSurprise
microVA_R_2-3+,2,141671.34208,142846.19776,1174.8556800000079,141671.34208,142846.19776,1174.8556800000079,29,11.10059628599923,RankSurprise
microVA_R_2-3+,2,144146.2272,144525.88544,379.65824000001885,144146.2272,144525.88544,379.65824000001885,10,4.532049403967633,RankSurprise
microVA_R_2-3+,2,144946.70848,144956.57984,9.87135999999009,144946.70848,144956.57984,9.87135999999009,3,6.163789179718899,RankSurprise
microVA_R_2-3+,2,145530.01984,145601.69984,71.67999999999302,145530.01984,145601.69984,71.67999999999302,6,7.9795637520870955,RankSurprise
microVA_R_2-3+,2,147401.85088,147421.02016,19.169279999972787,147401.85088,147421.02016,19.169279999972787,3,4.72137330460335,RankSurprise
microVA_R_2-3+,2,150593.7408,150612.04992,18.3091199999908,150593.7408,150612.04992,18.3091199999908,3,4.880361384456885,RankSurprise
microVA_R_2-3+,2,157166.75584,157880.85248,714.0966400000034,157166.75584,157880.85248,714.0966400000034,16,5.089456965640456,RankSurprise
microVA_R_2-3+,2,158539.07968,158567.71072,28.631040000007488,158539.07968,158567.71072,28.631040000007488,4,6.530703385360482,RankSurprise
microVA_R_2-3+,2,162453.54496,164298.79296,1845.2479999999923,162453.54496,164298.79296,1845.2479999999923,33,6.894888486409488,RankSurprise
microVA_R_2-3+,2,166213.75488,166424.82176,211.0668799999985,166213.75488,166424.82176,211.0668799999985,8,5.2400325955816625,RankSurprise
microVA_R_2-3+,2,167889.96096,167999.36512,109.4041600000055,167889.96096,167999.36512,109.4041600000055,5,3.9591514095816187,RankSurprise
microVA_R_2-3+,2,171042.32448,171166.72,124.39551999999094,171042.32448,171166.72,124.39551999999094,6,5.280420397042775,RankSurprise
microVA_R_2-3+,2,177695.1296,177786.18368,91.0540800000017,177695.1296,177786.18368,91.0540800000017,7,8.93813424573154,RankSurprise
microVA_R_2-3+,2,178241.9456,178360.68864,118.7430400000012,178241.9456,178360.68864,118.7430400000012,5,3.6184503188754924,RankSurprise
microVA_R_2-3+,2,179151.01184,179192.54528,41.533439999999246,179151.01184,179192.54528,41.533439999999246,4,5.3973568031303785,RankSurprise
microVA_R_2-3+,2,190441.79968,190476.00128,34.201600000000326,190441.79968,190476.00128,34.201600000000326,4,5.971816135795365,RankSurprise
microVA_R_2-3+,2,198747.70944,198833.88928,86.17983999999706,198747.70944,198833.88928,86.17983999999706,6,6.857191832945681,RankSurprise
microVA_R_2-3+,2,200576.24576,200912.11776,335.872000000003,200576.24576,200912.11776,335.872000000003,12,8.065047579571921,RankSurprise
microVA_R_2-3+,2,224682.76224,224711.76192,28.99967999997898,224682.76224,224711.76192,28.99967999997898,3,3.738030202433592,RankSurprise
microVA_R_2-3+,2,253052.96896,253084.50816,31.539199999999255,253052.96896,253084.50816,31.539199999999255,3,3.5860189898929686,RankSurprise
microVA_R_2-3+,2,255118.09024,255141.64224,23.551999999996042,255118.09024,255141.64224,23.551999999996042,3,4.212312881826664,RankSurprise
microVA_R_2-3+,2,257548.86144,257662.73024,113.86879999999655,257548.86144,257662.73024,113.86879999999655,6,5.432096443116457,RankSurprise
microVA_R_2-3+,2,261506.048,261538.03776,31.98975999999675,261506.048,261538.03776,31.98975999999675,3,3.521354983020869,RankSurprise
microVA_R_2-3+,2,263391.15008,263423.63136,32.481280000007246,263391.15008,263423.63136,32.481280000007246,3,3.5126969563346115,RankSurprise
microVA_R_2-3+,2,272127.54944,272171.4176,43.86816000001272,272127.54944,272171.4176,43.86816000001272,4,5.171025347682697,RankSurprise
microVA_R_2-3+,2,275264.67584,275275.93984,11.26400000002468,275264.67584,275275.93984,11.26400000002468,3,5.9481946144782185,RankSurprise
microVA_R_2-3+,2,275576.95488,275594.40384,17.44896000000881,275576.95488,275594.40384,17.44896000000881,3,4.903317207401624,RankSurprise
microVA_R_2-3+,2,281663.488,281881.35424,217.86624000000302,281663.488,281881.35424,217.86624000000302,8,5.278120928677167,RankSurprise
microVA_R_2-3+,2,283523.4816,283547.89376,24.412160000007134,283523.4816,283547.89376,24.412160000007134,3,4.196036071175596,RankSurprise
microVA_R_2-3+,2,285759.81568,285825.024,65.20831999997608,285759.81568,285825.024,65.20831999997608,6,8.539022486942123,RankSurprise
microVA_R_2-3+,2,298770.88256,299593.97376,823.0912000000244,298770.88256,299593.97376,823.0912000000244,21,11.020698422569364,RankSurprise
microVA_R_2-3+,2,347386.38848,347455.0784,68.68991999997525,347386.38848,347455.0784,68.68991999997525,4,3.695041636035203,RankSurprise
microVA_R_2-3+,2,347750.6048,347774.89408,24.289280000026338,347750.6048,347774.89408,24.289280000026338,3,4.167866562899151,RankSurprise
microVA_R_2-3+,2,348542.27968,348548.3008,6.0211200000485405,348542.27968,348548.3008,6.0211200000485405,3,7.773520907345356,RankSurprise
microVA_R_2-3+,2,357887.95904,357894.06208,6.103040000016335,357887.95904,357894.06208,6.103040000016335,3,7.847606275265305,RankSurprise
microVA_R_2-3+,2,358592.9216,358620.89728,27.97567999997409,358592.9216,358620.89728,27.97567999997409,4,6.742806269167318,RankSurprise
microVA_R_2-3+,2,363196.33408,363227.3408,31.00672000000486,363196.33408,363227.3408,31.00672000000486,3,3.619152296578383,RankSurprise
microVA_R_2-3+,2,365431.1936,366095.5648,664.3711999999941,365431.1936,366095.5648,664.3711999999941,14,5.3703899691717965,RankSurprise
microVA_R_2-3+,2,369916.80512,369964.07296,47.26784000004409,369916.80512,369964.07296,47.26784000004409,4,4.903490480293964,RankSurprise
microVA_R_2-3+,2,372737.14688,375281.95072,2544.8038400000078,372737.14688,375281.95072,2544.8038400000078,58,18.2247801844001,RankSurprise
microVA_R_2-3+,2,376478.26944,380875.32544,4397.055999999982,376478.26944,380875.32544,4397.055999999982,78,12.26611578240004,RankSurprise
microVA_R_2-3+,2,381075.37408,381447.82336,372.4492800000007,381075.37408,381447.82336,372.4492800000007,10,4.05869940907486,RankSurprise
microVA_R_2-3+,2,381902.31552,381916.24192,13.926399999996647,381902.31552,381916.24192,13.926399999996647,3,5.536262186167265,RankSurprise
microVA_R_2-3+,2,382286.60224,382334.52544,47.92320000001928,382286.60224,382334.52544,47.92320000001928,4,4.888646303750225,RankSurprise
microVA_R_2-3+,2,383020.56448,383533.58848,513.0239999999758,383020.56448,383533.58848,513.0239999999758,13,5.781010648042828,RankSurprise
microVA_R_2-3+,2,384058.81856,384069.46816,10.649600000004284,384058.81856,384069.46816,10.649600000004284,3,6.263810793444543,RankSurprise
microVA_R_2-3+,2,388202.82368,390081.9456,1879.121920000005,388202.82368,390081.9456,1879.121920000005,47,16.95440790866077,RankSurprise
microVA_R_2-3+,2,414401.9456,416298.10688,1896.1612800000003,414401.9456,416298.10688,1896.1612800000003,38,9.777889826244486,RankSurprise
microVA_R_2-3+,2,418895.91296,423095.21408,4199.301120000018,418895.91296,423095.21408,4199.301120000018,97,30.019170437479104,RankSurprise
microVA_R_2-3+,2,428599.86944,428732.53888,132.66944000002695,428599.86944,428732.53888,132.66944000002695,6,4.798052029588618,RankSurprise
microVA_R_2-3+,2,441919.93856,441992.35584,72.41727999999421,441919.93856,441992.35584,72.41727999999421,5,5.555872503799112,RankSurprise
microVA_R_2-3+,2,442667.4176,442998.53824,331.1206400000374,442667.4176,442998.53824,331.1206400000374,13,10.110446096413131,RankSurprise
microVA_R_2-3+,2,453655.7568,454146.00704,490.25024000002304,453655.7568,454146.00704,490.25024000002304,14,6.943549105527423,RankSurprise
microVA_R_2-3+,2,454447.34976,454455.21408,7.864319999993313,454447.34976,454455.21408,7.864319999993313,3,7.117950185648462,RankSurprise
microVA_R_2-3+,2,457961.18528,458669.91616,708.7308800000465,457961.18528,458669.91616,708.7308800000465,14,3.548018662944384,RankSurprise
microVA_R_2-3+,2,458888.92928,458900.43904,11.50976000004448,458888.92928,458900.43904,11.50976000004448,3,6.120891784516617,RankSurprise
microVA_R_2-3+,2,460429.1072,460540.55936,111.45215999998618,460429.1072,460540.55936,111.45215999998618,5,3.8395635289126524,RankSurprise
microVA_R_2-3+,2,460540.55936,460549.3248,8.765439999988303,460540.55936,460549.3248,8.765439999988303,4,11.118160584667763,RankSurprise
microVA_R_2-3+,2,463086.1824,463119.1552,32.97279999998864,463086.1824,463119.1552,32.97279999998864,4,6.084383610119087,RankSurprise
microVA_R_2-3+,2,481245.7984,481323.99104,78.19263999996474,481245.7984,481323.99104,78.19263999996474,5,5.457692573593153,RankSurprise
microVA_R_2-3+,2,484055.49056,484230.26688,174.7763200000045,484055.49056,484230.26688,174.7763200000045,6,3.7508920333662807,RankSurprise
microVA_R_2-3+,3,3105.83296,3120.98816,15.155199999999695,3105.83296,3120.98816,15.155199999999695,3,4.32884950291016,RankSurprise
microVA_R_2-3+,3,5057.3312,5130.77248,73.44128,5057.3312,5130.77248,73.44128,8,9.744107072845708,RankSurprise
microVA_R_2-3+,3,7526.93248,7562.15808,35.22559999999976,7526.93248,7562.15808,35.22559999999976,4,4.532176682652889,RankSurprise
microVA_R_2-3+,3,17574.78912,17613.37344,38.584319999998115,17574.78912,17613.37344,38.584319999998115,6,9.256876057881165,RankSurprise
microVA_R_2-3+,3,29918.4128,29934.75584,16.343040000003384,29918.4128,29934.75584,16.343040000003384,3,4.079929531894468,RankSurprise
microVA_R_2-3+,3,31977.22624,32013.5168,36.29056000000128,31977.22624,32013.5168,36.29056000000128,5,6.81526783658914,RankSurprise
microVA_R_2-3+,3,49626.43968,49637.5808,11.141120000000228,49626.43968,49637.5808,11.141120000000228,3,5.216744654902689,RankSurprise
microVA_R_2-3+,3,59270.38976,59342.76608,72.37632000000303,59270.38976,59342.76608,72.37632000000303,5,3.704023118226889,RankSurprise
microVA_R_2-3+,3,63425.69984,63445.23776,19.537920000002487,63425.69984,63445.23776,19.537920000002487,3,3.804371569140004,RankSurprise
microVA_R_2-3+,3,69154.73408,69390.62272,235.88864000000467,69154.73408,69390.62272,235.88864000000467,12,7.028856911780715,RankSurprise
microVA_R_2-3+,3,73094.63552,73116.09856,21.463040000002366,73094.63552,73116.09856,21.463040000002366,3,3.5666707413259378,RankSurprise
microVA_R_2-3+,3,74687.81568,74951.92576,264.11007999999856,74687.81568,74951.92576,264.11007999999856,12,5.435930568494985,RankSurprise
microVA_R_2-3+,3,77296.31232,77311.67232,15.360000000000582,77296.31232,77311.67232,15.360000000000582,4,7.625260870257392,RankSurprise
microVA_R_2-3+,3,78049.03424,78068.40832,19.37408000000869,78049.03424,78068.40832,19.37408000000869,3,3.8211572350412144,RankSurprise
microVA_R_2-3+,3,86076.66176,86094.68416,18.022400000001653,86076.66176,86094.68416,18.022400000001653,3,3.9302752240164747,RankSurprise
microVA_R_2-3+,3,93469.04064,93535.47776,66.43711999998777,93469.04064,93535.47776,66.43711999998777,7,8.24112734819348,RankSurprise
microVA_R_2-3+,3,96749.40416,96826.12224,76.71807999999146,96749.40416,96826.12224,76.71807999999146,8,9.436459974513511,RankSurprise
microVA_R_2-3+,3,104583.53664,104619.2128,35.67615999998816,104583.53664,104619.2128,35.67615999998816,4,4.507214853819114,RankSurprise
microVA_R_2-3+,3,108648.12032,108796.19072,148.07039999999688,108648.12032,108796.19072,148.07039999999688,7,3.7223016817308934,RankSurprise
microVA_R_2-3+,3,109296.88576,109338.50112,41.615359999996144,109296.88576,109338.50112,41.615359999996144,4,3.9036568949249,RankSurprise
microVA_R_2-3+,3,115527.84384,115579.2896,51.44576000000234,115527.84384,115579.2896,51.44576000000234,6,7.555453890977702,RankSurprise
microVA_R_2-3+,3,116052.41856,116197.86752,145.44895999999426,116052.41856,116197.86752,145.44895999999426,11,9.691197060802258,RankSurprise
microVA_R_2-3+,3,116489.78944,118186.1888,1696.3993600000103,116489.78944,118186.1888,1696.3993600000103,52,9.113775901239105,RankSurprise
microVA_R_2-3+,3,120696.0128,120742.0928,46.080000000001746,120696.0128,120742.0928,46.080000000001746,5,5.721656394377806,RankSurprise
microVA_R_2-3+,3,138623.3856,138685.6448,62.25920000000042,138623.3856,138685.6448,62.25920000000042,6,6.365119069542644,RankSurprise
microVA_R_2-3+,3,141905.46944,141970.55488,65.08544000002439,141905.46944,141970.55488,65.08544000002439,7,8.359566179539819,RankSurprise
microVA_R_2-3+,3,157316.05504,157344.03072,27.975680000003194,157316.05504,157344.03072,27.975680000003194,5,8.03223051730382,RankSurprise
microVA_R_2-3+,3,158396.17024,158415.91296,19.74271999998018,158396.17024,158415.91296,19.74271999998018,3,3.6469237600140705,RankSurprise
microVA_R_2-3+,3,162407.46496,162606.12096,198.65599999998813,162407.46496,162606.12096,198.65599999998813,8,3.724138588555731,RankSurprise
microVA_R_2-3+,3,163007.11936,163021.33248,14.213120000000345,163007.11936,163021.33248,14.213120000000345,3,4.477650546483224,RankSurprise
microVA_R_2-3+,3,163129.26208,163537.26464,408.00256000002264,163129.26208,163537.26464,408.00256000002264,20,10.115320517644564,RankSurprise
microVA_R_2-3+,3,165444.77184,165528.7808,84.00896000000648,165444.77184,165528.7808,84.00896000000648,6,5.1108313598674044,RankSurprise
microVA_R_2-3+,3,166224.24064,166503.95648,279.71583999998984,166224.24064,166503.95648,279.71583999998984,13,6.243130794148934,RankSurprise
microVA_R_2-3+,3,169171.51744,169188.39296,16.875520000001416,169171.51744,169188.39296,16.875520000001416,3,4.164173151577861,RankSurprise
microVA_R_2-3+,3,170253.84448,170301.19424,47.349760000011884,170253.84448,170301.19424,47.349760000011884,4,3.6045275534631998,RankSurprise
microVA_R_2-3+,3,173590.7328,173611.17184,20.439039999997476,173590.7328,173611.17184,20.439039999997476,3,3.682778194119031,RankSurprise
microVA_R_2-3+,3,173854.47424,173865.7792,11.304959999979474,173854.47424,173865.7792,11.304959999979474,3,5.127325727845475,RankSurprise
microVA_R_2-3+,3,177287.9872,177303.67488,15.687680000002729,177287.9872,177303.67488,15.687680000002729,3,4.3506957124377,RankSurprise
microVA_R_2-3+,3,177561.51808,177794.8672,233.34911999999895,177561.51808,177794.8672,233.34911999999895,10,4.842596608826291,RankSurprise
microVA_R_2-3+,3,194608.78336,194660.06528,51.28192000000854,194608.78336,194660.06528,51.28192000000854,5,5.193115198928528,RankSurprise
microVA_R_2-3+,3,197306.32704,197424.29184,117.96479999998701,197306.32704,197424.29184,117.96479999998701,8,6.282336464145992,RankSurprise
microVA_R_2-3+,3,206060.38016,206074.88,14.499840000004042,206060.38016,206074.88,14.499840000004042,3,4.442846872294531,RankSurprise
microVA_R_2-3+,3,207262.26944,207357.37856,95.10912000000826,207262.26944,207357.37856,95.10912000000826,7,5.906644374373867,RankSurprise
microVA_R_2-3+,3,207872.2048,208064.55296,192.3481599999941,207872.2048,208064.55296,192.3481599999941,12,8.773707943934635,RankSurprise
microVA_R_2-3+,3,208372.81792,208617.10336,244.28544000000693,208372.81792,208617.10336,244.28544000000693,13,8.461230956033566,RankSurprise
microVA_R_2-3+,3,208950.92736,214105.41568,5154.488320000004,208950.92736,214105.41568,5154.488320000004,249,115.81168453792758,RankSurprise
microVA_R_2-3+,3,214886.97344,218034.87232,3147.8988799999934,214886.97344,218034.87232,3147.8988799999934,130,43.19629366005918,RankSurprise
microVA_R_2-3+,3,218362.71616,218435.46112,72.7449599999818,218362.71616,218435.46112,72.7449599999818,5,4.125420496618343,RankSurprise
microVA_R_2-3+,3,218975.232,219058.87232,83.64032000000589,218975.232,219058.87232,83.64032000000589,6,5.025933335187709,RankSurprise
microVA_R_2-3+,3,221145.62048,221681.8688,536.2483199999842,221145.62048,221681.8688,536.2483199999842,23,9.803907880885124,RankSurprise
microVA_R_2-3+,3,222801.42848,223950.88896,1149.4604800000088,222801.42848,223950.88896,1149.4604800000088,39,11.199876271667309,RankSurprise
microVA_R_2-3+,3,224396.32896,224485.1712,88.84223999999813,224396.32896,224485.1712,88.84223999999813,7,6.441663160539488,RankSurprise
microVA_R_2-3+,3,232381.35808,232407.90016,26.542079999984708,232381.35808,232407.90016,26.542079999984708,4,5.639751997897918,RankSurprise
microVA_R_2-3+,3,253425.2544,253460.52096,35.26655999998911,253425.2544,253460.52096,35.26655999998911,4,4.55335947420582,RankSurprise
microVA_R_2-3+,3,255305.35936,255615.5904,310.2310399999842,255305.35936,255615.5904,310.2310399999842,15,7.573707110927939,RankSurprise
microVA_R_2-3+,3,256543.29344,256573.35808,30.06463999999687,256543.29344,256573.35808,30.06463999999687,4,5.1318444271201145,RankSurprise
microVA_R_2-3+,3,261984.21504,262000.64,16.42496000000392,261984.21504,262000.64,16.42496000000392,4,7.4284101199261094,RankSurprise
microVA_R_2-3+,3,262259.13856,262279.45472,20.316159999987576,262259.13856,262279.45472,20.316159999987576,3,3.719287150153603,RankSurprise
microVA_R_2-3+,3,262598.16448,262619.09504,20.930560000007972,262598.16448,262619.09504,20.930560000007972,3,3.6361379079275338,RankSurprise
microVA_R_2-3+,3,263269.08928,263383.40864,114.31935999996495,263269.08928,263383.40864,114.31935999996495,7,4.619532908431558,RankSurprise
microVA_R_2-3+,3,264510.6688,264532.21376,21.544960000028368,264510.6688,264532.21376,21.544960000028368,3,3.5622229998158783,RankSurprise
microVA_R_2-3+,3,271875.39968,271911.3216,35.921920000051614,271875.39968,271911.3216,35.921920000051614,4,4.461769270163003,RankSurprise
microVA_R_2-3+,3,272964.89472,273005.73184,40.83712000004016,272964.89472,273005.73184,40.83712000004016,4,4.130263488101249,RankSurprise
microVA_R_2-3+,3,274331.89376,274574.7456,242.85184000001755,274331.89376,274574.7456,242.85184000001755,10,3.9151837895777364,RankSurprise
microVA_R_2-3+,3,275607.63392,275760.61952,152.98560000001453,275607.63392,275760.61952,152.98560000001453,8,4.317940670193679,RankSurprise
microVA_R_2-3+,3,279078.17472,279174.71744,96.54271999996854,279078.17472,279174.71744,96.54271999996854,6,4.202286209297531,RankSurprise
microVA_R_2-3+,3,279449.84576,279455.98976,6.144000000029337,279449.84576,279455.98976,6.144000000029337,3,6.923801182565347,RankSurprise
microVA_R_2-3+,3,280571.4944,280586.15808,14.66367999999784,280571.4944,280586.15808,14.66367999999784,3,4.571080741003582,RankSurprise
microVA_R_2-3+,3,281686.91712,282080.62464,393.7075199999963,281686.91712,282080.62464,393.7075199999963,14,5.501116525178676,RankSurprise
microVA_R_2-3+,3,282453.36064,282461.3888,8.02815999998711,282453.36064,282461.3888,8.02815999998711,3,6.138210935291591,RankSurprise
microVA_R_2-3+,3,285434.42944,286024.2944,589.8649600000354,285434.42944,286024.2944,589.8649600000354,20,5.51752740528314,RankSurprise
microVA_R_2-3+,3,288581.8368,288652.57472,70.73791999998502,288581.8368,288652.57472,70.73791999998502,6,5.678152333183327,RankSurprise
microVA_R_2-3+,3,293700.77184,293779.41504,78.64319999999134,293700.77184,293779.41504,78.64319999999134,6,5.222147924486158,RankSurprise
microVA_R_2-3+,3,300515.20512,300749.94688,234.74176000000443,300515.20512,300749.94688,234.74176000000443,10,3.8854715512735036,RankSurprise
microVA_R_2-3+,3,303019.66336,303547.06432,527.400959999999,303019.66336,303547.06432,527.400959999999,17,4.0849975031651455,RankSurprise
microVA_R_2-3+,3,303848.8576,304819.6096,970.7520000000368,303848.8576,304819.6096,970.7520000000368,38,11.869741703345854,RankSurprise
microVA_R_2-3+,3,307347.12832,307378.54464,31.41631999996025,307347.12832,307378.54464,31.41631999996025,4,4.838891498402866,RankSurprise
microVA_R_2-3+,3,307826.52416,308067.77856,241.25440000003437,307826.52416,308067.77856,241.25440000003437,15,10.627262439407101,RankSurprise
microVA_R_2-3+,3,309075.1488,309295.39072,220.2419200000004,309075.1488,309295.39072,220.2419200000004,17,15.989867497583804,RankSurprise
microVA_R_2-3+,3,309814.19008,309943.33696,129.1468800000148,309814.19008,309943.33696,129.1468800000148,9,7.180316946185098,RankSurprise
microVA_R_2-3+,3,310372.80256,313456.0256,3083.2230400000117,310372.80256,313456.0256,3083.2230400000117,121,37.56670232990448,RankSurprise
microVA_R_2-3+,3,313744.01536,313801.07264,57.05728000000818,313744.01536,313801.07264,57.05728000000818,5,4.831614958504591,RankSurprise
microVA_R_2-3+,3,314050.1504,314233.89696,183.7465599999996,314050.1504,314233.89696,183.7465599999996,8,3.7661524307892464,RankSurprise
microVA_R_2-3+,3,314338.79552,314346.9056,8.110080000013113,314338.79552,314346.9056,8.110080000013113,3,6.085227611421333,RankSurprise
microVA_R_2-3+,3,315397.85728,315469.70112,71.84383999998681,315397.85728,315469.70112,71.84383999998681,5,3.777114182142082,RankSurprise
microVA_R_2-3+,3,316539.20768,316658.52416,119.31647999997949,316539.20768,316658.52416,119.31647999997949,7,4.393279602671368,RankSurprise
microVA_R_2-3+,3,317111.41888,317202.80064,91.3817599999602,317111.41888,317202.80064,91.3817599999602,9,10.363435101248324,RankSurprise
microVA_R_2-3+,3,317827.85024,317880.9344,53.08416000002762,317827.85024,317880.9344,53.08416000002762,5,5.111055103559902,RankSurprise
microVA_R_2-3+,3,318943.06816,318956.01152,12.943359999975655,318943.06816,318956.01152,12.943359999975655,4,8.484611405357544,RankSurprise
microVA_R_2-3+,3,319420.2112,319433.27744,13.066239999956451,319420.2112,319433.27744,13.066239999956451,3,4.807720161968161,RankSurprise
microVA_R_2-3+,3,325027.79904,325100.87168,73.0726399999694,325027.79904,325100.87168,73.0726399999694,7,7.690563661366539,RankSurprise
microVA_R_2-3+,3,325580.47232,325598.6176,18.145279999997,325580.47232,325598.6176,18.145279999997,3,4.017601527925061,RankSurprise
microVA_R_2-3+,3,334995.0464,335032.64768,37.60128000000259,334995.0464,335032.64768,37.60128000000259,4,4.239537376833848,RankSurprise
microVA_R_2-3+,3,337225.27744,337358.27456,132.99712000001455,337225.27744,337358.27456,132.99712000001455,10,8.76165676563753,RankSurprise
microVA_R_2-3+,3,338170.96192,338408.48896,237.5270400000154,338170.96192,338408.48896,237.5270400000154,10,4.326682052520998,RankSurprise
microVA_R_2-3+,3,341057.65888,341105.29536,47.63647999998648,341057.65888,341105.29536,47.63647999998648,5,5.735005315683413,RankSurprise
microVA_R_2-3+,3,346490.6752,346522.46016,31.784960000019055,346490.6752,346522.46016,31.784960000019055,4,4.831593999126223,RankSurprise
microVA_R_2-3+,3,346906.17344,346913.05472,6.881280000030529,346906.17344,346913.05472,6.881280000030529,3,6.628606139768779,RankSurprise
microVA_R_2-3+,3,348387.5328,348555.01824,167.48544000001857,348387.5328,348555.01824,167.48544000001857,14,13.83111493665639,RankSurprise
microVA_R_2-3+,3,356912.41472,356964.88448,52.46976000000723,356912.41472,356964.88448,52.46976000000723,5,5.19895802851946,RankSurprise
microVA_R_2-3+,3,358640.18944,358698.8032,58.613760000036564,358640.18944,358698.8032,58.613760000036564,5,4.593480196525515,RankSurprise
microVA_R_2-3+,3,359066.17344,359260.52864,194.35519999999087,359066.17344,359260.52864,194.35519999999087,8,3.562401312746626,RankSurprise
microVA_R_2-3+,3,359953.24416,360048.18944,94.94527999998536,359953.24416,360048.18944,94.94527999998536,6,4.06926331559746,RankSurprise
microVA_R_2-3+,3,360714.11712,360753.7664,39.64928000001237,360714.11712,360753.7664,39.64928000001237,4,4.100412492626958,RankSurprise
microVA_R_2-3+,3,365456.34304,365556.16256,99.81952000001911,365456.34304,365556.16256,99.81952000001911,6,3.915369861136923,RankSurprise
microVA_R_2-3+,3,368053.32992,368968.99072,915.6608000000124,368053.32992,368968.99072,915.6608000000124,34,10.393441949482686,RankSurprise
microVA_R_2-3+,3,369735.35232,369765.53984,30.187519999977667,369735.35232,369765.53984,30.187519999977667,4,5.120587376107984,RankSurprise
microVA_R_2-3+,3,373149.16352,373587.968,438.8044799999916,373149.16352,373587.968,438.8044799999916,29,22.444037783755515,RankSurprise
microVA_R_2-3+,3,374368.54272,374378.94656,10.403839999984484,374368.54272,374378.94656,10.403839999984484,3,5.375278438800404,RankSurprise
microVA_R_2-3+,3,379131.41248,379361.64864,230.23616000002949,379131.41248,379361.64864,230.23616000002949,11,5.079910581285184,RankSurprise
microVA_R_2-3+,3,379833.30304,380038.10304,204.79999999998836,379833.30304,380038.10304,204.79999999998836,9,4.707407671311803,RankSurprise
microVA_R_2-3+,3,380812.20608,380833.66912,21.463040000002366,380812.20608,380833.66912,21.463040000002366,3,3.553357080873342,RankSurprise
microVA_R_2-3+,3,381144.14592,381204.11136,59.965439999999944,381144.14592,381204.11136,59.965439999999944,5,4.633889685988198,RankSurprise
microVA_R_2-3+,3,382348.77952,383044.4032,695.6236800000188,382348.77952,383044.4032,695.6236800000188,27,8.817442672919148,RankSurprise
microVA_R_2-3+,3,383441.96096,383583.72352,141.76256000000285,383441.96096,383583.72352,141.76256000000285,8,4.966986762412238,RankSurprise
microVA_R_2-3+,3,384007.20896,384115.83488,108.6259199999622,384007.20896,384115.83488,108.6259199999622,6,3.664445550654129,RankSurprise
microVA_R_2-3+,3,388734.73024,388835.61472,100.8844800000079,388734.73024,388835.61472,100.8844800000079,7,5.400827233270139,RankSurprise
microVA_R_2-3+,3,389692.66176,389727.80544,35.14368000003742,389692.66176,389727.80544,35.14368000003742,4,4.569345304540896,RankSurprise
microVA_R_2-3+,3,391669.43232,391678.976,9.543680000002496,391669.43232,391678.976,9.543680000002496,3,5.683885655622008,RankSurprise
microVA_R_2-3+,3,397478.25664,397492.14208,13.885440000041854,397478.25664,397492.14208,13.885440000041854,3,4.6716676596719875,RankSurprise
microVA_R_2-3+,3,397994.92608,398146.80576,151.87968000001274,397994.92608,398146.80576,151.87968000001274,10,7.542574318957651,RankSurprise
microVA_R_2-3+,3,398685.51168,398715.904,30.392319999984466,398685.51168,398715.904,30.392319999984466,4,5.085480585876997,RankSurprise
microVA_R_2-3+,3,399199.6416,399459.20512,259.56352000002516,399199.6416,399459.20512,259.56352000002516,12,5.404686513764378,RankSurprise
microVA_R_2-3+,3,400549.72416,400598.79424,49.07008000003407,400549.72416,400598.79424,49.07008000003407,5,5.488693883941973,RankSurprise
microVA_R_2-3+,3,411967.40608,411986.98496,19.578879999986384,411967.40608,411986.98496,19.578879999986384,3,3.799363218404947,RankSurprise
microVA_R_2-3+,3,414726.3488,414745.31328,18.964480000024196,414726.3488,414745.31328,18.964480000024196,3,3.9072661161769187,RankSurprise
microVA_R_2-3+,3,414910.01344,415315.64032,405.62687999999616,414910.01344,415315.64032,405.62687999999616,18,10.623285820528844,RankSurprise
microVA_R_2-3+,3,415578.15296,415580.69248,2.5395200000493787,415578.15296,415580.69248,2.5395200000493787,3,9.22720872206765,RankSurprise
microVA_R_2-3+,3,420165.05856,420232.192,67.13344000000507,420165.05856,420232.192,67.13344000000507,5,4.2185952264443465,RankSurprise
microVA_R_2-3+,3,421499.16672,421546.31168,47.144960000005085,421499.16672,421546.31168,47.144960000005085,4,3.5157947315741325,RankSurprise
microVA_R_2-3+,3,421995.64288,422952.50944,956.8665599999949,421995.64288,422952.50944,956.8665599999949,52,29.030126159979865,RankSurprise
microVA_R_2-3+,3,426391.38816,426437.75488,46.3667200000491,426391.38816,426437.75488,46.3667200000491,4,3.5555429497429714,RankSurprise
microVA_R_2-3+,3,428710.95296,428722.01216,11.059199999959674,428710.95296,428722.01216,11.059199999959674,3,5.216744654902689,RankSurprise
microVA_R_2-3+,3,429159.54688,429220.61824,61.07136000000173,429159.54688,429220.61824,61.07136000000173,5,4.598509113853904,RankSurprise
microVA_R_2-3+,3,451721.09312,451782.57408,61.48096000001533,451721.09312,451782.57408,61.48096000001533,5,4.462953217891577,RankSurprise
microVA_R_2-3+,3,460946.14528,460957.73696,11.591680000012275,460946.14528,460957.73696,11.591680000012275,3,5.085657527281763,RankSurprise
microVA_R_2-3+,3,464021.2992,464127.7952,106.49599999998463,464021.2992,464127.7952,106.49599999998463,6,3.8355335001604076,RankSurprise
microVA_R_2-3+,3,479130.99264,479176.704,45.7113600000157,479130.99264,479176.704,45.7113600000157,4,3.6425335866146256,RankSurprise
microVA_R_2-3+,4,262701.71136,262930.75968,229.0483200000017,262701.71136,262930.75968,229.0483200000017,9,6.837827647134706,RankSurprise
microVA_R_2-3+,4,357405.98272,357604.88448,198.90175999997882,357405.98272,357604.88448,198.90175999997882,14,15.768364957602147,RankSurprise
microVA_R_2-3+,4,358748.03712,358808.3712,60.33408000000054,358748.03712,358808.3712,60.33408000000054,4,4.291843541203839,RankSurprise
microVA_R_2-3+,4,360063.26272,360169.92256,106.65983999997843,360063.26272,360169.92256,106.65983999997843,11,15.972752086913516,RankSurprise
microVA_R_2-3+,4,441541.46816,442398.18752,856.7193599999882,441541.46816,442398.18752,856.7193599999882,19,12.629873092187568,RankSurprise
microVA_R_2-3+,4,449879.16288,449989.632,110.46911999996519,449879.16288,449989.632,110.46911999996519,5,3.544701871853512,RankSurprise
microVA_R_2-3+,4,463736.66816,463862.00576,125.33759999996983,463736.66816,463862.00576,125.33759999996983,6,4.403539901446621,RankSurprise
microVA_R_2-3+,4,464069.14048,465174.20032,1105.0598400000017,464069.14048,465174.20032,1105.0598400000017,27,17.423872175361137,RankSurprise
microVA_R_2-3+,4,476337.88928,476424.51968,86.63040000002366,476337.88928,476424.51968,86.63040000002366,6,6.0125282816889865,RankSurprise
microVA_R_2-3+,4,478152.0896,478209.92512,57.83552000002237,478152.0896,478209.92512,57.83552000002237,5,5.5301273473885,RankSurprise
microVA_R_2-3+,4,481276.27264,481744.11776,467.8451200000127,481276.27264,481744.11776,467.8451200000127,12,6.027847232205868,RankSurprise
microVA_R_4-5+,0,5116.3136,5203.10784,86.79423999999926,5116.3136,5203.10784,86.79423999999926,3,4.824268227098491,RankSurprise
microVA_R_4-5+,0,8935.75168,9450.74176,514.9900800000014,8935.75168,9450.74176,514.9900800000014,5,4.2854820849873185,RankSurprise
microVA_R_4-5+,0,45975.22432,48230.85056,2255.626239999998,45975.22432,48230.85056,2255.626239999998,10,4.013594942787787,RankSurprise
microVA_R_4-5+,0,57775.14496,57789.39904,14.254079999998794,57775.14496,57789.39904,14.254079999998794,3,7.398899959747718,RankSurprise
microVA_R_4-5+,0,104873.20576,105442.59072,569.3849599999958,104873.20576,105442.59072,569.3849599999958,7,7.858951116290534,RankSurprise
microVA_R_4-5+,0,108872.74496,108996.608,123.86303999999654,108872.74496,108996.608,123.86303999999654,3,4.144306052277438,RankSurprise
microVA_R_4-5+,0,110445.60896,110471.70048,26.091520000001765,110445.60896,110471.70048,26.091520000001765,3,6.99739525285565,RankSurprise
microVA_R_4-5+,0,147172.92544,147320.05376,147.128320000018,147172.92544,147320.05376,147.128320000018,3,3.7782020180498535,RankSurprise
microVA_R_4-5+,0,166036.84864,167497.27744,1460.4287999999942,166036.84864,167497.27744,1460.4287999999942,8,4.373137633283419,RankSurprise
microVA_R_4-5+,0,179934.49472,183778.95936,3844.46464000002,179934.49472,183778.95936,3844.46464000002,15,4.727728350675366,RankSurprise
microVA_R_4-5+,0,194010.48064,196256.60416,2246.1235199999937,194010.48064,196256.60416,2246.1235199999937,10,4.8063978593138454,RankSurprise
microVA_R_4-5+,0,243883.29472,244014.03904,130.74431999999797,243883.29472,244014.03904,130.74431999999797,3,3.960840984781404,RankSurprise
microVA_R_4-5+,0,262540.4928,262675.37408,134.88127999997232,262540.4928,262675.37408,134.88127999997232,3,3.960840984781404,RankSurprise
microVA_R_4-5+,0,264526.52032,265343.67232,817.1520000000019,264526.52032,265343.67232,817.1520000000019,7,5.764705366688836,RankSurprise
microVA_R_4-5+,0,286031.62624,286391.05024,359.42399999999907,286031.62624,286391.05024,359.42399999999907,4,3.7478109571759397,RankSurprise
microVA_R_4-5+,0,372853.71904,374434.4064,1580.6873599999817,372853.71904,374434.4064,1580.6873599999817,9,6.7272515133007245,RankSurprise
microVA_R_4-5+,0,405824.9216,405977.00608,152.08448000001954,405824.9216,405977.00608,152.08448000001954,3,3.7350343160477113,RankSurprise
microVA_R_4-5+,0,414618.0096,414969.11872,351.10912000003736,414618.0096,414969.11872,351.10912000003736,4,3.847972620596188,RankSurprise
microVA_R_4-5+,0,421443.62496,421614.14144,170.51647999999113,421443.62496,421614.14144,170.51647999999113,5,8.655474289534496,RankSurprise
microVA_R_4-5+,0,427144.192,427610.07104,465.8790400000289,427144.192,427610.07104,465.8790400000289,5,4.895939441775312,RankSurprise
microVA_R_4-5+,0,441901.17888,443351.20384,1450.0249599999515,441901.17888,443351.20384,1450.0249599999515,8,5.349576277753179,RankSurprise
microVA_R_4-5+,0,461981.81888,463418.12224,1436.30336000002,461981.81888,463418.12224,1436.30336000002,8,4.321203707451258,RankSurprise
microVA_R_4-5+,0,466005.4016,466160.59904,155.1974400000181,466005.4016,466160.59904,155.1974400000181,3,3.637791768492333,RankSurprise
microVA_R_4-5+,3,210.16576,987.05408,776.88832,210.16576,987.05408,776.88832,8,5.38710423781076,RankSurprise
microVA_R_4-5+,3,8077.06624,8297.75872,220.6924799999997,8077.06624,8297.75872,220.6924799999997,4,4.037436501545869,RankSurprise
microVA_R_4-5+,3,12201.08288,12331.8272,130.7443199999998,12201.08288,12331.8272,130.7443199999998,4,5.42982346968461,RankSurprise
microVA_R_4-5+,3,18165.06368,19602.71872,1437.6550400000015,18165.06368,19602.71872,1437.6550400000015,11,5.2900421197325045,RankSurprise
microVA_R_4-5+,3,20583.58784,20913.27488,329.6870400000007,20583.58784,20913.27488,329.6870400000007,5,4.576709943479038,RankSurprise
microVA_R_4-5+,3,21860.22912,21933.8752,73.64607999999862,21860.22912,21933.8752,73.64607999999862,3,4.187608082318869,RankSurprise
microVA_R_4-5+,3,31283.93728,32675.51232,1391.5750400000034,31283.93728,32675.51232,1391.5750400000034,10,4.814832143168216,RankSurprise
microVA_R_4-5+,3,48398.21312,48468.82816,70.61503999999695,48398.21312,48468.82816,70.61503999999695,3,4.252654943660783,RankSurprise
microVA_R_4-5+,3,57581.24032,57631.98976,50.749439999999595,57581.24032,57631.98976,50.749439999999595,4,8.397476831034002,RankSurprise
microVA_R_4-5+,3,65472.59392,65557.79072,85.19680000000517,65472.59392,65557.79072,85.19680000000517,3,3.9092422261915765,RankSurprise
microVA_R_4-5+,3,72910.15168,72982.3232,72.17152000000351,72910.15168,72982.3232,72.17152000000351,3,4.241665822085189,RankSurprise
microVA_R_4-5+,3,87617.57696,87682.58048,65.00351999999839,87617.57696,87682.58048,65.00351999999839,3,4.549056849405559,RankSurprise
microVA_R_4-5+,3,119024.47616,119109.95968,85.48351999999431,119024.47616,119109.95968,85.48351999999431,3,3.9092422261915765,RankSurprise
microVA_R_4-5+,3,149333.03296,149598.4128,265.3798399999796,149333.03296,149598.4128,265.3798399999796,4,3.574141567487242,RankSurprise
microVA_R_4-5+,3,158660.85376,158712.832,51.97823999999673,158660.85376,158712.832,51.97823999999673,3,4.990563017749626,RankSurprise
microVA_R_4-5+,3,163972.42368,166976.512,3004.0883199999807,163972.42368,166976.512,3004.0883199999807,17,4.38562451654174,RankSurprise
microVA_R_4-5+,3,171905.80224,172813.7216,907.9193599999999,171905.80224,172813.7216,907.9193599999999,9,5.972967497963792,RankSurprise
microVA_R_4-5+,3,174294.50752,176007.7824,1713.2748799999827,174294.50752,176007.7824,1713.2748799999827,12,4.529973807685368,RankSurprise
microVA_R_4-5+,3,188030.52544,188033.35168,2.8262399999948684,188030.52544,188033.35168,2.8262399999948684,3,10.629806971268255,RankSurprise
microVA_R_4-5+,3,195950.05952,197346.34496,1396.2854399999778,195950.05952,197346.34496,1396.2854399999778,9,3.6914025657534086,RankSurprise
microVA_R_4-5+,3,199017.75872,201064.61184,2046.8531199999852,199017.75872,201064.61184,2046.8531199999852,14,6.329534512874058,RankSurprise
microVA_R_4-5+,3,220958.72,221242.81856,284.0985600000131,220958.72,221242.81856,284.0985600000131,5,4.981488117401852,RankSurprise
microVA_R_4-5+,3,244997.28384,245770.89536,773.6115200000058,244997.28384,245770.89536,773.6115200000058,7,4.204320189687291,RankSurprise
microVA_R_4-5+,3,263757.86496,265218.00704,1460.1420800000196,263757.86496,265218.00704,1460.1420800000196,9,3.8897338559569823,RankSurprise
microVA_R_4-5+,3,296881.07008,297200.80384,319.7337600000319,296881.07008,297200.80384,319.7337600000319,5,4.47774635263486,RankSurprise
microVA_R_4-5+,3,303236.25984,303660.76928,424.50943999999436,303236.25984,303660.76928,424.50943999999436,5,3.78939652602131,RankSurprise
microVA_R_4-5+,3,304301.83424,304404.56192,102.72768000001088,304301.83424,304404.56192,102.72768000001088,3,3.5609051326286227,RankSurprise
microVA_R_4-5+,3,330255.07328,331978.5472,1723.4739199999603,330255.07328,331978.5472,1723.4739199999603,12,5.771361690769918,RankSurprise
microVA_R_4-5+,3,345201.50016,345385.04192,183.5417599999928,345201.50016,345385.04192,183.5417599999928,4,4.454072476838185,RankSurprise
microVA_R_4-5+,3,354484.51072,355572.08064,1087.56991999998,354484.51072,355572.08064,1087.56991999998,9,4.661882083119028,RankSurprise
microVA_R_4-5+,3,358691.10272,359033.93792,342.83519999997225,358691.10272,359033.93792,342.83519999997225,6,6.263223504074858,RankSurprise
microVA_R_4-5+,3,360491.04896,360666.07104,175.0220800000243,360491.04896,360666.07104,175.0220800000243,4,4.557412563654804,RankSurprise
microVA_R_4-5+,3,375288.29952,376808.2432,1519.9436800000258,375288.29952,376808.2432,1519.9436800000258,14,8.370406947036107,RankSurprise
microVA_R_4-5+,3,378599.05536,380281.97888,1682.9235200000112,378599.05536,380281.97888,1682.9235200000112,10,3.921928177889457,RankSurprise
microVA_R_4-5+,3,414270.91456,414294.79424,23.87968000001274,414270.91456,414294.79424,23.87968000001274,3,6.811310023850933,RankSurprise
microVA_R_4-5+,3,421674.88512,421996.42112,321.5360000000219,421674.88512,421996.42112,321.5360000000219,5,4.592562046360904,RankSurprise
microVA_R_4-5+,3,454047.37536,454146.41664,99.04128000000492,454047.37536,454146.41664,99.04128000000492,3,3.5923400857644623,RankSurprise
microVA_R_4-5+,3,459900.96896,460966.62528,1065.656319999951,459900.96896,460966.62528,1065.656319999951,9,5.220174883686606,RankSurprise
microVA_R_4-5+,3,479518.14656,479770.4192,252.27263999998104,479518.14656,479770.4192,252.27263999998104,4,3.956035955124637,RankSurprise
microVA_R_4-6+,1,5726.69952,7158.9888,1432.28928,5726.69952,7158.9888,1432.28928,8,4.808609149909858,RankSurprise
microVA_R_4-6+,1,33352.33536,33546.60864,194.27328000000125,33352.33536,33546.60864,194.27328000000125,5,8.32060396136297,RankSurprise
microVA_R_4-6+,1,40190.48448,40676.22912,485.74464000000444,40190.48448,40676.22912,485.74464000000444,5,5.035716449474396,RankSurprise
microVA_R_4-6+,1,73959.46496,74082.42688,122.96192000000156,73959.46496,74082.42688,122.96192000000156,3,4.106559662035748,RankSurprise
microVA_R_4-6+,1,157887.32416,158046.45376,159.12960000001476,157887.32416,158046.45376,159.12960000001476,3,3.834134859767202,RankSurprise
microVA_R_4-6+,1,171496.2432,171896.34048,400.0972800000163,171496.2432,171896.34048,400.0972800000163,4,3.7163954470821103,RankSurprise
microVA_R_4-6+,1,173607.48544,174594.17088,986.6854400000011,173607.48544,174594.17088,986.6854400000011,7,5.539414688939966,RankSurprise
microVA_R_4-6+,1,178548.69504,179082.60864,533.9135999999999,178548.69504,179082.60864,533.9135999999999,6,6.814844578536437,RankSurprise
microVA_R_4-6+,1,187799.22432,187949.8752,150.65088000000105,187799.22432,187949.8752,150.65088000000105,3,3.7177368399604394,RankSurprise
microVA_R_4-6+,1,192149.87264,192473.41568,323.54304000001866,192149.87264,192473.41568,323.54304000001866,4,4.357122412428911,RankSurprise
microVA_R_4-6+,1,257429.62688,257915.94496,486.3180799999973,257429.62688,257915.94496,486.3180799999973,4,3.743141695532966,RankSurprise
microVA_R_4-6+,1,287715.04128,288454.00064,738.9593599999789,287715.04128,288454.00064,738.9593599999789,8,8.713053779061461,RankSurprise
microVA_R_4-6+,1,296950.12864,298087.91552,1137.7868799999706,296950.12864,298087.91552,1137.7868799999706,9,8.068573841244977,RankSurprise
microVA_R_4-6+,1,302859.8784,303034.08128,174.2028799999971,302859.8784,303034.08128,174.2028799999971,5,8.723328327436885,RankSurprise
microVA_R_4-6+,1,371392.26624,376648.9088,5256.642559999949,371392.26624,376648.9088,5256.642559999949,19,5.735430064642889,RankSurprise
microVA_R_4-6+,1,380023.02976,380117.44256,94.41279999999097,380023.02976,380117.44256,94.41279999999097,3,4.50409870487149,RankSurprise
microVA_R_4-6+,1,387909.09952,387980.12416,71.02464000001783,387909.09952,387980.12416,71.02464000001783,3,5.198123463372795,RankSurprise
microVA_R_4-6+,1,389235.34336,389881.73312,646.3897599999909,389235.34336,389881.73312,646.3897599999909,5,3.918579545744098,RankSurprise
microVA_R_4-6+,1,426261.34016,426321.18272,59.84255999996094,426261.34016,426321.18272,59.84255999996094,3,5.484343333487729,RankSurprise
microVA_R_4-6+,1,428173.80352,431966.4128,3792.609279999975,428173.80352,431966.4128,3792.609279999975,13,3.7984836898510785,RankSurprise
microVA_R_4-6+,1,445882.44992,445954.08896,71.63904000003822,445882.44992,445954.08896,71.63904000003822,3,5.139722041293249,RankSurprise
microVA_R_4-6+,1,450041.36448,450210.07872,168.71424000000115,450041.36448,450210.07872,168.71424000000115,3,3.689665858103959,RankSurprise
microVA_R_4-6+,1,456405.23776,456567.97184,162.73408000002382,456405.23776,456567.97184,162.73408000002382,3,3.819209209550527,RankSurprise
microVA_R_4-6+,1,472163.69664,472676.02432,512.3276800000458,472163.69664,472676.02432,512.3276800000458,5,4.823361061453419,RankSurprise
microVA_R_4-6+,2,10111.95904,10150.46144,38.5023999999994,10111.95904,10150.46144,38.5023999999994,3,3.819005087456919,RankSurprise
microVA_R_4-6+,2,10956.10368,11291.93472,335.8310399999991,10956.10368,11291.93472,335.8310399999991,9,7.1128879654381185,RankSurprise
microVA_R_4-6+,2,15311.99488,15371.59168,59.59679999999935,15311.99488,15371.59168,59.59679999999935,4,4.936893727438729,RankSurprise
microVA_R_4-6+,2,17901.60896,17937.89952,36.29055999999764,17901.60896,17937.89952,36.29055999999764,3,3.716308614609405,RankSurprise
microVA_R_4-6+,2,20630.36416,21001.29792,370.9337599999999,20630.36416,21001.29792,370.9337599999999,11,10.174701481328551,RankSurprise
microVA_R_4-6+,2,21911.9616,21920.68608,8.724480000000767,21911.9616,21920.68608,8.724480000000767,3,6.3813263225121855,RankSurprise
microVA_R_4-6+,2,24726.40512,24823.31648,96.91136000000188,24726.40512,24823.31648,96.91136000000188,4,3.8601825549104127,RankSurprise
microVA_R_4-6+,2,32210.37056,32380.3136,169.94304000000193,32210.37056,32380.3136,169.94304000000193,5,3.9055013151562967,RankSurprise
microVA_R_4-6+,2,39787.35616,39867.67872,80.32256000000052,39787.35616,39867.67872,80.32256000000052,5,6.508497345195366,RankSurprise
microVA_R_4-6+,2,42426.81856,42432.75776,5.93920000000071,42426.81856,42432.75776,5.93920000000071,3,7.8237870667038525,RankSurprise
microVA_R_4-6+,2,45606.13376,45622.14912,16.015360000004875,45606.13376,45622.14912,16.015360000004875,3,5.279096039753393,RankSurprise
microVA_R_4-6+,2,46758.0928,47099.20768,341.114880000001,46758.0928,47099.20768,341.114880000001,7,4.289462607740194,RankSurprise
microVA_R_4-6+,2,49297.03936,49428.52096,131.48159999999916,49297.03936,49428.52096,131.48159999999916,5,4.761006843770293,RankSurprise
microVA_R_4-6+,2,61539.77856,61674.0864,134.3078400000013,61539.77856,61674.0864,134.3078400000013,5,4.550712128681294,RankSurprise
microVA_R_4-6+,2,64261.24288,64531.37408,270.13120000000345,64261.24288,64531.37408,270.13120000000345,6,3.7685111062961787,RankSurprise
microVA_R_4-6+,2,70582.43584,70760.48896,178.05311999999685,70582.43584,70760.48896,178.05311999999685,5,4.258264484222995,RankSurprise
microVA_R_4-6+,2,71316.60288,72262.69696,946.0940799999953,71316.60288,72262.69696,946.0940799999953,13,4.94591974598487,RankSurprise
microVA_R_4-6+,2,74715.46368,75655.82336,940.3596799999941,74715.46368,75655.82336,940.3596799999941,15,6.228242069668766,RankSurprise
microVA_R_4-6+,2,81442.93888,81561.92768,118.9887999999919,81442.93888,81561.92768,118.9887999999919,5,4.951319172917348,RankSurprise
microVA_R_4-6+,2,81708.60544,81715.03616,6.43072000000393,81708.60544,81715.03616,6.43072000000393,3,7.522449319864885,RankSurprise
microVA_R_4-6+,2,84859.33056,85102.75584,243.42527999999584,84859.33056,85102.75584,243.42527999999584,6,4.0216304536940095,RankSurprise
microVA_R_4-6+,2,90474.2912,90572.02176,97.73055999999633,90474.2912,90572.02176,97.73055999999633,4,3.9381814222261013,RankSurprise
microVA_R_4-6+,2,93532.24192,93565.7472,33.50527999999758,93532.24192,93565.7472,33.50527999999758,3,3.993227661598697,RankSurprise
microVA_R_4-6+,2,94834.76992,94894.40768,59.6377599999978,94834.76992,94894.40768,59.6377599999978,5,7.327195693131085,RankSurprise
microVA_R_4-6+,2,96591.70816,96698.40896,106.70080000000598,96591.70816,96698.40896,106.70080000000598,5,5.292205440165919,RankSurprise
microVA_R_4-6+,2,98479.14496,98511.21664,32.07167999999365,98479.14496,98511.21664,32.07167999999365,3,3.9319020171309003,RankSurprise
microVA_R_4-6+,2,121827.00032,121952.33792,125.33759999999893,121827.00032,121952.33792,125.33759999999893,5,4.752815709857362,RankSurprise
microVA_R_4-6+,2,126618.58304,126716.06784,97.48480000000563,126618.58304,126716.06784,97.48480000000563,4,3.786842511175351,RankSurprise
microVA_R_4-6+,2,126842.92096,126854.51264,11.591679999997723,126842.92096,126854.51264,11.591679999997723,4,9.38489030174576,RankSurprise
microVA_R_4-6+,2,151135.15008,151276.58496,141.43488000001526,151135.15008,151276.58496,141.43488000001526,5,4.6108047344216025,RankSurprise
microVA_R_4-6+,2,153279.8976,153390.57152,110.67392000000109,153279.8976,153390.57152,110.67392000000109,4,3.524913930952245,RankSurprise
microVA_R_4-6+,2,180975.69792,181008.34304,32.64512000000104,180975.69792,181008.34304,32.64512000000104,3,3.91801305381936,RankSurprise
microVA_R_4-6+,2,184099.18464,185203.87584,1104.6912000000011,184099.18464,185203.87584,1104.6912000000011,14,4.3362646786992185,RankSurprise
microVA_R_4-6+,2,187391.63136,187699.07712,307.44576000000234,187391.63136,187699.07712,307.44576000000234,8,5.728616926726046,RankSurprise
microVA_R_4-6+,2,188442.58304,188451.06176,8.478720000013709,188442.58304,188451.06176,8.478720000013709,4,11.624722662538229,RankSurprise
microVA_R_4-6+,2,189983.9488,190402.68288,418.7340799999947,189983.9488,190402.68288,418.7340799999947,9,6.659954552638153,RankSurprise
microVA_R_4-6+,2,192779.63264,192816.49664,36.8640000000014,192779.63264,192816.49664,36.8640000000014,3,3.8410803936552114,RankSurprise
microVA_R_4-6+,2,194996.51072,195029.56544,33.05472000001464,194996.51072,195029.56544,33.05472000001464,4,6.444542248709993,RankSurprise
microVA_R_4-6+,2,196647.07584,197110.21056,463.13472000000183,196647.07584,197110.21056,463.13472000000183,8,3.655603233452738,RankSurprise
microVA_R_4-6+,2,199747.13344,199849.32864,102.19519999998738,199747.13344,199849.32864,102.19519999998738,4,3.773455600996801,RankSurprise
microVA_R_4-6+,2,203661.18912,206849.59744,3188.408320000017,203661.18912,206849.59744,3188.408320000017,45,15.194293106469503,RankSurprise
microVA_R_4-6+,2,207687.35232,207717.33504,29.982719999999972,207687.35232,207717.33504,29.982719999999972,3,4.226699399041674,RankSurprise
microVA_R_4-6+,2,208027.07456,208054.64064,27.566079999989597,208027.07456,208054.64064,27.566079999989597,4,6.847928143744667,RankSurprise
microVA_R_4-6+,2,208631.84896,208760.70912,128.8601600000111,208631.84896,208760.70912,128.8601600000111,6,6.511425712432292,RankSurprise
microVA_R_4-6+,2,209962.68032,210065.28512,102.60479999997187,209962.68032,210065.28512,102.60479999997187,4,3.5820112535275754,RankSurprise
microVA_R_4-6+,2,210830.5408,210847.62112,17.080320000008214,210830.5408,210847.62112,17.080320000008214,3,5.113061090319269,RankSurprise
microVA_R_4-6+,2,217453.81376,218905.8048,1451.9910400000226,217453.81376,218905.8048,1451.9910400000226,18,5.183620489870917,RankSurprise
microVA_R_4-6+,2,228342.82496,228360.56064,17.735680000012508,228342.82496,228360.56064,17.735680000012508,3,4.921296779983395,RankSurprise
microVA_R_4-6+,2,231715.4304,231747.29728,31.86687999998685,231715.4304,231747.29728,31.86687999998685,3,4.056493370854566,RankSurprise
microVA_R_4-6+,2,232114.25792,233146.40896,1032.151039999997,232114.25792,233146.40896,1032.151039999997,17,6.978905285956304,RankSurprise
microVA_R_4-6+,2,288952.15616,289167.7696,215.61343999998644,288952.15616,289167.7696,215.61343999998644,6,4.70085129731188,RankSurprise
microVA_R_4-6+,2,294172.22144,294206.09536,33.87391999998363,294172.22144,294206.09536,33.87391999998363,3,3.8544434888937023,RankSurprise
microVA_R_4-6+,2,297047.28576,297059.57376,12.288000000000466,297047.28576,297059.57376,12.288000000000466,4,9.472875165528432,RankSurprise
microVA_R_4-6+,2,298058.46528,298128.384,69.91872000001604,298058.46528,298128.384,69.91872000001604,4,4.494757353023125,RankSurprise
microVA_R_4-6+,2,298974.69952,299260.7232,286.02367999998387,298974.69952,299260.7232,286.02367999998387,9,7.409973109658213,RankSurprise
microVA_R_4-6+,2,301994.92608,302835.87584,840.9497599999886,301994.92608,302835.87584,840.9497599999886,12,4.411056718680047,RankSurprise
microVA_R_4-6+,2,303739.57632,304666.91072,927.3343999999925,303739.57632,304666.91072,927.3343999999925,15,6.68610982495451,RankSurprise
microVA_R_4-6+,2,307618.32448,308396.35968,778.0351999999839,307618.32448,308396.35968,778.0351999999839,12,4.818698746537624,RankSurprise
microVA_R_4-6+,2,309054.70976,309759.13984,704.4300800000201,309054.70976,309759.13984,704.4300800000201,11,4.340230846810757,RankSurprise
microVA_R_4-6+,2,313177.7024,313210.10176,32.39935999998124,313177.7024,313210.10176,32.39935999998124,4,6.65338145455215,RankSurprise
microVA_R_4-6+,2,314618.55232,314930.25792,311.7055999999866,314618.55232,314930.25792,311.7055999999866,8,6.316078915140063,RankSurprise
microVA_R_4-6+,2,315977.48224,315998.49472,21.012480000033975,315977.48224,315998.49472,21.012480000033975,3,4.670969690614152,RankSurprise
microVA_R_4-6+,2,317415.58784,317458.59584,43.008000000030734,317415.58784,317458.59584,43.008000000030734,3,3.670945797023064,RankSurprise
microVA_R_4-6+,2,318299.42272,318311.99744,12.574720000033267,318299.42272,318311.99744,12.574720000033267,3,5.726525346960591,RankSurprise
microVA_R_4-6+,2,319424.38912,319578.76736,154.3782399999909,319424.38912,319578.76736,154.3782399999909,5,4.506868984825079,RankSurprise
microVA_R_4-6+,2,325647.31904,325723.79136,76.47232000000076,325647.31904,325723.79136,76.47232000000076,6,8.421629753331374,RankSurprise
microVA_R_4-6+,2,334863.03232,335210.86464,347.8323199999868,334863.03232,335210.86464,347.8323199999868,10,8.009384696427134,RankSurprise
microVA_R_4-6+,2,335926.80448,336144.67072,217.86624000000302,335926.80448,336144.67072,217.86624000000302,6,4.822111001280675,RankSurprise
microVA_R_4-6+,2,337149.952,337467.35104,317.3990399999893,337149.952,337467.35104,317.3990399999893,9,7.215447951870545,RankSurprise
microVA_R_4-6+,2,386011.5456,386038.70208,27.156480000005104,386011.5456,386038.70208,27.156480000005104,4,7.0880573357471235,RankSurprise
microVA_R_4-6+,2,387581.21472,387669.68832,88.47360000002664,387581.21472,387669.68832,88.47360000002664,4,4.070895450974067,RankSurprise
microVA_R_4-6+,2,393475.4816,393491.49696,16.015360000019427,393475.4816,393491.49696,16.015360000019427,3,5.09635945908961,RankSurprise
microVA_R_4-6+,2,396276.69504,396367.74912,91.0540799999726,396276.69504,396367.74912,91.0540799999726,5,5.70273804355773,RankSurprise
microVA_R_4-6+,2,397217.46432,397266.28864,48.82431999995606,397217.46432,397266.28864,48.82431999995606,4,5.483859155601479,RankSurprise
microVA_R_4-6+,2,398580.40832,398632.38656,51.978240000025835,398580.40832,398632.38656,51.978240000025835,6,10.189402138522716,RankSurprise
microVA_R_4-6+,2,398632.38656,399560.78592,928.3993599999812,398632.38656,399560.78592,928.3993599999812,12,4.052070170437669,RankSurprise
microVA_R_4-6+,2,400754.11456,401090.27328,336.1587200000067,400754.11456,401090.27328,336.1587200000067,6,4.44100199490856,RankSurprise
microVA_R_4-6+,2,402885.34528,402914.18112,28.835840000014286,402885.34528,402914.18112,28.835840000014286,3,4.152714612169641,RankSurprise
microVA_R_4-6+,2,421369.89696,421443.62496,73.7280000000028,421369.89696,421443.62496,73.7280000000028,4,4.414305537512114,RankSurprise
microVA_R_4-6+,2,444274.52416,444664.50432,389.98016000003554,444274.52416,444664.50432,389.98016000003554,7,3.8536136797334195,RankSurprise
microVA_R_4-6+,4,5152.39936,5166.65344,14.254079999999703,5152.39936,5166.65344,14.254079999999703,3,7.918035838860207,RankSurprise
microVA_R_4-6+,4,39746.88768,40248.19712,501.30943999999727,39746.88768,40248.19712,501.30943999999727,5,5.035806115204373,RankSurprise
microVA_R_4-6+,4,55740.12928,57467.33056,1727.2012800000011,55740.12928,57467.33056,1727.2012800000011,8,4.861850607412754,RankSurprise
microVA_R_4-6+,4,70688.1536,70721.7408,33.58719999999448,70688.1536,70721.7408,33.58719999999448,3,6.637101993398142,RankSurprise
microVA_R_4-6+,4,198588.33408,202799.34976,4211.015680000011,198588.33408,202799.34976,4211.015680000011,16,5.86166045253192,RankSurprise
microVA_R_4-6+,4,204827.2384,208965.14048,4137.90208,204827.2384,208965.14048,4137.90208,13,4.178487063450704,RankSurprise
microVA_R_4-6+,4,229628.84608,229788.99968,160.15360000001965,229628.84608,229788.99968,160.15360000001965,3,3.7666210501080606,RankSurprise
microVA_R_4-6+,4,309412.12672,310501.49888,1089.372160000028,309412.12672,310501.49888,1089.372160000028,9,8.792752738783985,RankSurprise
microVA_R_4-6+,4,314633.0112,315013.77536,380.76416000002064,314633.0112,315013.77536,380.76416000002064,4,3.979284475117968,RankSurprise
microVA_R_4-6+,4,369891.65568,373673.08288,3781.4271999999764,369891.65568,373673.08288,3781.4271999999764,13,5.427394668749424,RankSurprise
microVA_R_4-6+,4,378803.93728,382208.73728,3404.7999999999884,378803.93728,382208.73728,3404.7999999999884,15,7.899546139315595,RankSurprise
microVA_R_4-6+,4,393642.31168,393834.7008,192.3891200000071,393642.31168,393834.7008,192.3891200000071,3,3.5689260191994663,RankSurprise
microVA_R_4-6+,4,407941.44768,408205.06624,263.6185600000317,407941.44768,408205.06624,263.6185600000317,4,4.908709237487889,RankSurprise
microVA_R_4-6+,4,415634.80064,415747.2768,112.47616000002017,415634.80064,415747.2768,112.47616000002017,3,4.391675314244045,RankSurprise
microVA_R_4-6+,4,429201.89952,430309.5808,1107.681280000019,429201.89952,430309.5808,1107.681280000019,6,3.749886409057299,RankSurprise
microVA_R_4-6+,4,443267.15392,443400.68352,133.52960000000894,443267.15392,443400.68352,133.52960000000894,4,6.834343199790705,RankSurprise
microVA_R_5-6+,0,7761.96096,9552.73216,1790.7711999999992,7761.96096,9552.73216,1790.7711999999992,11,8.581415862166553,RankSurprise
microVA_R_5-6+,0,13429.5552,13527.12192,97.5667199999989,13429.5552,13527.12192,97.5667199999989,3,5.182262818661997,RankSurprise
microVA_R_5-6+,0,20131.38944,24632.15616,4500.76672,20131.38944,24632.15616,4500.76672,18,8.61435715062222,RankSurprise
microVA_R_5-6+,0,31086.01856,31288.19712,202.1785600000003,31086.01856,31288.19712,202.1785600000003,3,3.671647970206797,RankSurprise
microVA_R_5-6+,0,37787.56608,39864.7296,2077.163520000002,37787.56608,39864.7296,2077.163520000002,10,6.581260602938822,RankSurprise
microVA_R_5-6+,0,55804.80512,55942.67648,137.87136000000464,55804.80512,55942.67648,137.87136000000464,3,4.099952570284783,RankSurprise
microVA_R_5-6+,0,72513.86368,73668.64896,1154.785280000011,72513.86368,73668.64896,1154.785280000011,6,3.6733853657014373,RankSurprise
microVA_R_5-6+,0,118216.13056,121108.23424,2892.10368,118216.13056,121108.23424,2892.10368,13,8.01399553631457,RankSurprise
microVA_R_5-6+,0,134663.86432,138935.7056,4271.841279999993,134663.86432,138935.7056,4271.841279999993,13,4.20635491071861,RankSurprise
microVA_R_5-6+,0,167747.09248,167933.952,186.85951999999816,167747.09248,167933.952,186.85951999999816,3,3.6240259227359264,RankSurprise
microVA_R_5-6+,0,188454.05184,188496.56832,42.516479999991134,188454.05184,188496.56832,42.516479999991134,3,6.692201896934602,RankSurprise
microVA_R_5-6+,0,198069.53472,198103.8592,34.324480000010226,198069.53472,198103.8592,34.324480000010226,3,7.380072020393705,RankSurprise
microVA_R_5-6+,0,230068.51072,230190.81728,122.30655999999726,230068.51072,230190.81728,122.30655999999726,3,4.519074871177443,RankSurprise
microVA_R_5-6+,0,375693.55776,376530.5344,836.976640000008,375693.55776,376530.5344,836.976640000008,5,4.080617117944303,RankSurprise
microVA_R_5-6+,0,390028.0832,390742.50752,714.424319999991,390028.0832,390742.50752,714.424319999991,5,4.228611865984302,RankSurprise
microVA_R_5-6+,0,395637.1456,395738.56256,101.41696000000229,395637.1456,395738.56256,101.41696000000229,3,5.049974161677511,RankSurprise
microVA_R_5-6+,1,764.02688,796.4672,32.44032000000004,764.02688,796.4672,32.44032000000004,3,5.715752505177781,RankSurprise
microVA_R_5-6+,1,10225.82784,11291.89376,1066.065920000001,10225.82784,11291.89376,1066.065920000001,9,5.936840874693771,RankSurprise
microVA_R_5-6+,1,22669.35296,22946.93888,277.58592000000135,22669.35296,22946.93888,277.58592000000135,4,3.7941383870208583,RankSurprise
microVA_R_5-6+,1,26645.34016,27535.60576,890.2655999999988,26645.34016,27535.60576,890.2655999999988,8,5.522810700562643,RankSurprise
microVA_R_5-6+,1,36613.24288,38847.03744,2233.794560000002,36613.24288,38847.03744,2233.794560000002,12,5.001259902208024,RankSurprise
microVA_R_5-6+,1,44697.55904,44825.14944,127.59040000000095,44697.55904,44825.14944,127.59040000000095,4,5.7320596500241905,RankSurprise
microVA_R_5-6+,1,49650.23744,49655.88992,5.652480000004289,49650.23744,49655.88992,5.652480000004289,3,8.732686986382376,RankSurprise
microVA_R_5-6+,1,51912.13056,52014.81728,102.68672000000515,51912.13056,52014.81728,102.68672000000515,5,8.630205482533068,RankSurprise
microVA_R_5-6+,1,53349.53984,53831.18848,481.64863999999943,53349.53984,53831.18848,481.64863999999943,5,4.015867998114771,RankSurprise
microVA_R_5-6+,1,54722.27328,54828.48256,106.20927999999549,54722.27328,54828.48256,106.20927999999549,3,3.6772907987572214,RankSurprise
microVA_R_5-6+,1,58082.7136,58193.63328,110.91967999999906,58082.7136,58193.63328,110.91967999999906,3,3.666301677181627,RankSurprise
microVA_R_5-6+,1,70232.63744,70760.40704,527.7695999999996,70232.63744,70760.40704,527.7695999999996,11,14.30118025095767,RankSurprise
microVA_R_5-6+,1,73825.15712,77992.59136,4167.434240000002,73825.15712,77992.59136,4167.434240000002,22,7.778391456437832,RankSurprise
microVA_R_5-6+,1,80890.42944,81178.74688,288.3174399999989,80890.42944,81178.74688,288.3174399999989,4,3.7724775594530797,RankSurprise
microVA_R_5-6+,1,82608.86528,82827.42784,218.56256000000576,82608.86528,82827.42784,218.56256000000576,4,4.332422502001961,RankSurprise
microVA_R_5-6+,1,93420.99456,93989.72416,568.7295999999915,93420.99456,93989.72416,568.7295999999915,5,3.6426905240487493,RankSurprise
microVA_R_5-6+,1,119081.41056,121772.48256,2691.072,119081.41056,121772.48256,2691.072,15,6.064634232766059,RankSurprise
microVA_R_5-6+,1,146799.2064,147312.35328,513.1468800000148,146799.2064,147312.35328,513.1468800000148,6,5.048207756883208,RankSurprise
microVA_R_5-6+,1,150725.91872,151210.76224,484.843520000024,150725.91872,151210.76224,484.843520000024,5,3.6818517717628687,RankSurprise
microVA_R_5-6+,1,183820.4928,185081.15968,1260.6668800000043,183820.4928,185081.15968,1260.6668800000043,10,6.488699860767752,RankSurprise
microVA_R_5-6+,1,200686.30528,202325.07392,1638.7686399999948,200686.30528,202325.07392,1638.7686399999948,12,6.622141151680918,RankSurprise
microVA_R_5-6+,1,205001.80992,206168.18688,1166.3769599999941,205001.80992,206168.18688,1166.3769599999941,8,3.9379582091174212,RankSurprise
microVA_R_5-6+,1,208027.07456,208040.18176,13.107199999998556,208027.07456,208040.18176,13.107199999998556,3,6.275951213561071,RankSurprise
microVA_R_5-6+,1,210716.83584,211212.53376,495.6979199999769,210716.83584,211212.53376,495.6979199999769,5,3.8954672959552106,RankSurprise
microVA_R_5-6+,1,216504.5248,216543.39584,38.871039999998175,216504.5248,216543.39584,38.871039999998175,3,5.278626115163151,RankSurprise
microVA_R_5-6+,1,296583.00416,296616.79616,33.79200000001583,296583.00416,296616.79616,33.79200000001583,3,5.303318727753522,RankSurprise
microVA_R_5-6+,1,298506.40384,299223.40864,717.0047999999952,298506.40384,299223.40864,717.0047999999952,6,3.5411443241326,RankSurprise
microVA_R_5-6+,1,304195.05152,304463.54432,268.49280000000726,304195.05152,304463.54432,268.49280000000726,5,5.872127186922594,RankSurprise
microVA_R_5-6+,1,337294.9504,337316.00384,21.053440000046976,337294.9504,337316.00384,21.053440000046976,3,6.275951213561071,RankSurprise
microVA_R_5-6+,1,349030.72768,350201.20064,1170.4729599999846,349030.72768,350201.20064,1170.4729599999846,8,4.023834224807693,RankSurprise
microVA_R_5-6+,1,356895.9488,357009.12128,113.17248000000836,356895.9488,357009.12128,113.17248000000836,3,3.570025717025432,RankSurprise
microVA_R_5-6+,1,396778.53696,397103.34976,324.81280000001425,396778.53696,397103.34976,324.81280000001425,5,5.129089270849573,RankSurprise
microVA_R_5-6+,2,6861.90592,7045.12,183.21407999999974,6861.90592,7045.12,183.21407999999974,7,7.546431709474952,RankSurprise
microVA_R_5-6+,2,8879.80032,9806.39744,926.5971200000004,8879.80032,9806.39744,926.5971200000004,11,3.8052341404396204,RankSurprise
microVA_R_5-6+,2,14682.03008,15539.8144,857.7843199999988,14682.03008,15539.8144,857.7843199999988,12,5.644584127536305,RankSurprise
microVA_R_5-6+,2,17870.2336,18986.43456,1116.200960000002,17870.2336,18986.43456,1116.200960000002,17,9.321379379951852,RankSurprise
microVA_R_5-6+,2,20912.70144,23485.6448,2572.9433599999975,20912.70144,23485.6448,2572.9433599999975,21,3.5618748925408585,RankSurprise
microVA_R_5-6+,2,30130.05312,31049.44128,919.3881599999986,30130.05312,31049.44128,919.3881599999986,15,9.735450997655965,RankSurprise
microVA_R_5-6+,2,35632.7424,35977.0112,344.268799999998,35632.7424,35977.0112,344.268799999998,7,4.844085981700293,RankSurprise
microVA_R_5-6+,2,40463.9744,40572.76416,108.78975999999966,40463.9744,40572.76416,108.78975999999966,7,10.384561600569725,RankSurprise
microVA_R_5-6+,2,44888.63744,44964.20864,75.5711999999985,44888.63744,44964.20864,75.5711999999985,5,7.314158087490281,RankSurprise
microVA_R_5-6+,2,45459.98848,45975.26528,515.2767999999996,45459.98848,45975.26528,515.2767999999996,8,4.172604698796941,RankSurprise
microVA_R_5-6+,2,48159.70304,48225.03424,65.33120000000054,48159.70304,48225.03424,65.33120000000054,5,7.8085379741334116,RankSurprise
microVA_R_5-6+,2,50401.03424,50670.05952,269.02528000000166,50401.03424,50670.05952,269.02528000000166,5,3.5129919219441987,RankSurprise
microVA_R_5-6+,2,54682.8288,55318.3232,635.494399999996,54682.8288,55318.3232,635.494399999996,11,6.302003347787606,RankSurprise
microVA_R_5-6+,2,57386.92608,57942.34368,555.4176000000007,57386.92608,57942.34368,555.4176000000007,8,4.1239380798346605,RankSurprise
microVA_R_5-6+,2,62429.30688,62662.08256,232.7756800000061,62429.30688,62662.08256,232.7756800000061,5,4.247972459707231,RankSurprise
microVA_R_5-6+,2,64498.60608,64590.15168,91.54560000000492,64498.60608,64590.15168,91.54560000000492,4,4.419109322659942,RankSurprise
microVA_R_5-6+,2,66496.1024,66602.63936,106.53695999999763,66496.1024,66602.63936,106.53695999999763,4,4.060738958612948,RankSurprise
microVA_R_5-6+,2,68921.87648,69037.71136,115.83487999999488,68921.87648,69037.71136,115.83487999999488,4,3.8322101073282333,RankSurprise
microVA_R_5-6+,2,69710.31552,69756.928,46.61247999999614,69710.31552,69756.928,46.61247999999614,3,3.6693773906926346,RankSurprise
microVA_R_5-6+,2,71943.12704,72093.61408,150.4870399999927,71943.12704,72093.61408,150.4870399999927,5,4.807772814209475,RankSurprise
microVA_R_5-6+,2,89682.5344,89698.7136,16.179199999998673,89682.5344,89698.7136,16.179199999998673,3,5.4235684123095265,RankSurprise
microVA_R_5-6+,2,103829.87264,103868.33408,38.46143999999913,103829.87264,103868.33408,38.46143999999913,3,4.051244556408822,RankSurprise
microVA_R_5-6+,2,105579.35616,105597.99296,18.636800000007497,105579.35616,105597.99296,18.636800000007497,3,5.412457186884456,RankSurprise
microVA_R_5-6+,2,106463.72352,106503.9872,40.26368000000366,106463.72352,106503.9872,40.26368000000366,3,3.879326385798773,RankSurprise
microVA_R_5-6+,2,116631.71584,116721.664,89.94815999999992,116631.71584,116721.664,89.94815999999992,4,4.392842710956632,RankSurprise
microVA_R_5-6+,2,117610.9056,117840.52736,229.62175999999454,117610.9056,117840.52736,229.62175999999454,5,3.5864938768298877,RankSurprise
microVA_R_5-6+,2,122930.54464,123061.12512,130.58048000000417,122930.54464,123061.12512,130.58048000000417,4,3.523264942618617,RankSurprise
microVA_R_5-6+,2,126612.19328,127254.89664,642.7033599999995,126612.19328,127254.89664,642.7033599999995,9,4.4662951403836955,RankSurprise
microVA_R_5-6+,2,130709.34016,130753.24928,43.90911999999662,130709.34016,130753.24928,43.90911999999662,3,3.8085224184747872,RankSurprise
microVA_R_5-6+,2,133568.43008,133764.5056,196.07552000001306,133568.43008,133764.5056,196.07552000001306,6,5.795791861298028,RankSurprise
microVA_R_5-6+,2,138981.45792,139200.14336,218.6854400000011,138981.45792,139200.14336,218.6854400000011,8,8.532495046306487,RankSurprise
microVA_R_5-6+,2,145811.29216,145825.21856,13.926399999996647,145811.29216,145825.21856,13.926399999996647,4,9.654535261051674,RankSurprise
microVA_R_5-6+,2,147045.5808,147491.30752,445.726720000006,147045.5808,147491.30752,445.726720000006,7,4.140337506494523,RankSurprise
microVA_R_5-6+,2,150485.89312,150527.34464,41.45152000000235,150485.89312,150527.34464,41.45152000000235,5,9.339848902667487,RankSurprise
microVA_R_5-6+,2,159279.39072,159550.17728,270.78656000000774,159279.39072,159550.17728,270.78656000000774,6,4.154414032260605,RankSurprise
microVA_R_5-6+,2,170406.66624,170606.71488,200.04864000002271,170406.66624,170606.71488,200.04864000002271,5,3.666098528194034,RankSurprise
microVA_R_5-6+,2,175349.84192,175722.9056,373.063679999992,175349.84192,175722.9056,373.063679999992,8,5.784203299763025,RankSurprise
microVA_R_5-6+,2,180845.44512,180935.68,90.23488000000361,180845.44512,180935.68,90.23488000000361,5,6.506660028674897,RankSurprise
microVA_R_5-6+,2,203191.95136,203205.91872,13.967359999980545,203191.95136,203205.91872,13.967359999980545,3,5.857364027043918,RankSurprise
microVA_R_5-6+,2,223099.57632,223414.35392,314.77760000000126,223099.57632,223414.35392,314.77760000000126,6,3.827236134517338,RankSurprise
microVA_R_5-6+,2,236901.49888,236946.10432,44.605440000013914,236901.49888,236946.10432,44.605440000013914,3,3.740139586980426,RankSurprise
microVA_R_5-6+,2,242023.95648,242166.86592,142.90944000001764,242023.95648,242166.86592,142.90944000001764,4,3.6722928067422416,RankSurprise
microVA_R_5-6+,2,247117.12768,247232.88064,115.75295999998343,247117.12768,247232.88064,115.75295999998343,4,3.888520456198968,RankSurprise
microVA_R_5-6+,2,256127.13984,256171.17184,44.03200000000652,256127.13984,256171.17184,44.03200000000652,3,3.76429450519473,RankSurprise
microVA_R_5-6+,2,261919.86688,262540.4928,620.6259200000204,261919.86688,262540.4928,620.6259200000204,12,7.804743089249468,RankSurprise
microVA_R_5-6+,2,275922.24768,276112.13824,189.89056000002893,275922.24768,276112.13824,189.89056000002893,5,3.8673531868617204,RankSurprise
microVA_R_5-6+,2,281348.7104,281355.59168,6.881280000030529,281348.7104,281355.59168,6.881280000030529,3,7.027435279694171,RankSurprise
microVA_R_5-6+,2,297304.10496,297561.94816,257.843200000003,297304.10496,297561.94816,257.843200000003,7,5.983468130147419,RankSurprise
microVA_R_5-6+,2,299923.33312,300223.44704,300.1139199999743,299923.33312,300223.44704,300.1139199999743,9,9.389364343128719,RankSurprise
microVA_R_5-6+,2,306087.97696,306091.13088,3.153920000011567,306087.97696,306091.13088,3.153920000011567,3,8.665044069094968,RankSurprise
microVA_R_5-6+,2,346662.95296,346705.34656,42.39359999995213,346662.95296,346705.34656,42.39359999995213,4,6.49102733266659,RankSurprise
microVA_R_5-6+,2,351707.66848,351753.216,45.547520000021905,351707.66848,351753.216,45.547520000021905,3,3.889649006545879,RankSurprise
microVA_R_5-6+,2,356784.25088,357088.13312,303.8822400000063,356784.25088,357088.13312,303.8822400000063,6,3.866107616314607,RankSurprise
microVA_R_5-6+,2,362461.55264,362590.6176,129.0649599999888,362461.55264,362590.6176,129.0649599999888,5,5.104809975148552,RankSurprise
microVA_R_5-6+,2,370730.35264,371027.06688,296.71424000000115,370730.35264,371027.06688,296.71424000000115,6,4.149809853309703,RankSurprise
microVA_R_5-6+,2,385536.4096,385570.24256,33.832959999970626,385536.4096,385570.24256,33.832959999970626,3,4.160782243205112,RankSurprise
microVA_R_5-6+,2,390515.99872,390524.80512,8.806400000001304,390515.99872,390524.80512,8.806400000001304,3,6.544209267526586,RankSurprise
microVA_R_5-6+,2,392509.97248,393006.4896,496.51711999997497,392509.97248,393006.4896,496.51711999997497,8,4.27127853531398,RankSurprise
microVA_R_5-6+,2,402894.19264,403148.88192,254.6892799999914,402894.19264,403148.88192,254.6892799999914,5,3.8598997649617743,RankSurprise
microVA_R_5-6+,2,405633.024,405673.24672,40.22272000001976,405633.024,405673.24672,40.22272000001976,3,3.9688151521599107,RankSurprise
microVA_R_5-6+,2,407907.61472,408024.30976,116.69503999996232,407907.61472,408024.30976,116.69503999996232,5,5.567691887848888,RankSurprise
microVA_R_5-6+,2,411630.42816,411735.77728,105.34911999996984,411630.42816,411735.77728,105.34911999996984,4,3.9426908481870946,RankSurprise
microVA_R_5-6+,2,414281.27744,414350.49984,69.22240000002785,414281.27744,414350.49984,69.22240000002785,4,5.097032785278831,RankSurprise
microVA_R_5-6+,2,418452.72576,418513.14176,60.41600000002654,418452.72576,418513.14176,60.41600000002654,4,5.468745762803291,RankSurprise
microVA_R_5-6+,2,480878.71488,480930.77504,52.06015999999363,480878.71488,480930.77504,52.06015999999363,4,5.784233935314678,RankSurprise
microVA_R_5-6+,3,5042.13504,5162.51648,120.38144000000011,5042.13504,5162.51648,120.38144000000011,5,4.523804097505973,RankSurprise
microVA_R_5-6+,3,6657.72032,6932.43904,274.71871999999985,6657.72032,6932.43904,274.71871999999985,7,4.1663807279346905,RankSurprise
microVA_R_5-6+,3,9597.1328,10572.47232,975.3395200000014,9597.1328,10572.47232,975.3395200000014,14,3.860216395271406,RankSurprise
microVA_R_5-6+,3,18615.296,18652.24192,36.945920000001934,18615.296,18652.24192,36.945920000001934,3,3.5671505234819225,RankSurprise
microVA_R_5-6+,3,19779.25632,21516.20608,1736.9497599999995,19779.25632,21516.20608,1736.9497599999995,32,11.21274425333992,RankSurprise
microVA_R_5-6+,3,23081.49248,23096.36096,14.868480000001,23081.49248,23096.36096,14.868480000001,3,5.501165348181111,RankSurprise
microVA_R_5-6+,3,26550.76352,26564.73088,13.967359999998735,26550.76352,26564.73088,13.967359999998735,3,5.712315471972772,RankSurprise
microVA_R_5-6+,3,28033.4336,28971.008,937.5744000000013,28033.4336,28971.008,937.5744000000013,20,10.441304102491253,RankSurprise
microVA_R_5-6+,3,29583.68768,30020.77184,437.08416000000216,29583.68768,30020.77184,437.08416000000216,8,3.5712093086571643,RankSurprise
microVA_R_5-6+,3,32222.94528,32336.56832,113.62303999999858,32222.94528,32336.56832,113.62303999999858,6,6.7879065093138635,RankSurprise
microVA_R_5-6+,3,33494.4256,34202.66496,708.2393599999996,33494.4256,34202.66496,708.2393599999996,12,3.6243547546035724,RankSurprise
microVA_R_5-6+,3,41386.5984,41401.63072,15.032319999998435,41386.5984,41401.63072,15.032319999998435,4,9.009581982095717,RankSurprise
microVA_R_5-6+,3,42471.87456,42475.60192,3.72736000000441,42471.87456,42475.60192,3.72736000000441,3,8.285404687640867,RankSurprise
microVA_R_5-6+,3,43216.65024,43232.50176,15.851519999996526,43216.65024,43232.50176,15.851519999996526,3,5.381503077512454,RankSurprise
microVA_R_5-6+,3,46044.32384,47066.15296,1021.8291200000021,46044.32384,47066.15296,1021.8291200000021,21,9.520981835399317,RankSurprise
microVA_R_5-6+,3,47333.25312,47483.16672,149.91359999999986,47333.25312,47483.16672,149.91359999999986,5,3.732125987424684,RankSurprise
microVA_R_5-6+,3,49363.47648,49555.8656,192.38911999999982,49363.47648,49555.8656,192.38911999999982,6,4.338261233923728,RankSurprise
microVA_R_5-6+,3,50410.65984,50599.28064,188.62079999999696,50410.65984,50599.28064,188.62079999999696,6,4.446017289847679,RankSurprise
microVA_R_5-6+,3,52102.63552,52266.84416,164.2086399999971,52102.63552,52266.84416,164.2086399999971,5,3.698672978161092,RankSurprise
microVA_R_5-6+,3,57219.52256,57229.18912,9.66656000000512,57219.52256,57229.18912,9.66656000000512,4,10.62825560797494,RankSurprise
microVA_R_5-6+,3,57361.16224,57367.51104,6.3487999999997555,57361.16224,57367.51104,6.3487999999997555,3,7.500449957827797,RankSurprise
microVA_R_5-6+,3,58984.81664,59090.49344,105.6768000000011,58984.81664,59090.49344,105.6768000000011,5,4.936265673781286,RankSurprise
microVA_R_5-6+,3,64207.21664,64239.08352,31.8668800000014,64207.21664,64239.08352,31.8668800000014,3,3.8908961805037983,RankSurprise
microVA_R_5-6+,3,67968.12288,68345.81504,377.69216000000597,67968.12288,68345.81504,377.69216000000597,10,6.273510119080762,RankSurprise
microVA_R_5-6+,3,68806.41024,69213.10208,406.6918399999995,68806.41024,69213.10208,406.6918399999995,8,4.146757736501755,RankSurprise
microVA_R_5-6+,3,71833.10848,72249.38496,416.27648000000045,71833.10848,72249.38496,416.27648000000045,11,7.772416068097431,RankSurprise
microVA_R_5-6+,3,73646.2848,73943.61344,297.328640000007,73646.2848,73943.61344,297.328640000007,7,3.987011347561013,RankSurprise
microVA_R_5-6+,3,75371.76576,75443.73248,71.96672000001126,75371.76576,75443.73248,71.96672000001126,5,6.418469794566807,RankSurprise
microVA_R_5-6+,3,82605.75232,82631.92576,26.173439999998664,82605.75232,82631.92576,26.173439999998664,3,4.31960397653225,RankSurprise
microVA_R_5-6+,3,86372.63872,86580.87936,208.24064000000362,86372.63872,86580.87936,208.24064000000362,6,4.097648608212699,RankSurprise
microVA_R_5-6+,3,90559.24224,90656.89088,97.64863999999943,90559.24224,90656.89088,97.64863999999943,4,3.507656075094932,RankSurprise
microVA_R_5-6+,3,92965.92896,95693.98784,2728.058879999997,92965.92896,95693.98784,2728.058879999997,41,10.48776358763526,RankSurprise
microVA_R_5-6+,3,95938.27328,96144.9984,206.7251200000028,95938.27328,96144.9984,206.7251200000028,6,4.175519657271179,RankSurprise
microVA_R_5-6+,3,96635.65824,96647.82336,12.165119999990566,96635.65824,96647.82336,12.165119999990566,3,6.027052849623647,RankSurprise
microVA_R_5-6+,3,101312.83968,101936.41472,623.5750399999961,101312.83968,101936.41472,623.5750399999961,12,6.197831747666261,RankSurprise
microVA_R_5-6+,3,110139.8016,110147.584,7.782399999996414,110139.8016,110147.584,7.782399999996414,3,6.7860392293319975,RankSurprise
microVA_R_5-6+,3,116736.65536,116808.54016,71.88479999999981,116736.65536,116808.54016,71.88479999999981,4,4.333305541088016,RankSurprise
microVA_R_5-6+,3,121713.78688,121993.46176,279.67488000000594,121713.78688,121993.46176,279.67488000000594,8,5.2623565525398615,RankSurprise
microVA_R_5-6+,3,123761.90976,123780.54656,18.636800000007497,123761.90976,123780.54656,18.636800000007497,3,4.981480950580609,RankSurprise
microVA_R_5-6+,3,126650.9824,127066.5216,415.53919999999925,126650.9824,127066.5216,415.53919999999925,13,9.82514823974985,RankSurprise
microVA_R_5-6+,3,129072.90624,129087.488,14.58176000000094,129072.90624,129087.488,14.58176000000094,3,5.540077228719213,RankSurprise
microVA_R_5-6+,3,131909.71392,131977.05216,67.33823999998276,131909.71392,131977.05216,67.33823999998276,4,4.480651077344248,RankSurprise
microVA_R_5-6+,3,144232.40704,144314.90048,82.4934400000202,144232.40704,144314.90048,82.4934400000202,4,3.900592923182259,RankSurprise
microVA_R_5-6+,3,151040.57344,151386.7264,346.1529600000067,151040.57344,151386.7264,346.1529600000067,9,5.968249664693029,RankSurprise
microVA_R_5-6+,3,152607.00672,152679.8336,72.8268800000078,152607.00672,152679.8336,72.8268800000078,5,6.29211096591694,RankSurprise
microVA_R_5-6+,3,154796.2368,154884.95616,88.71935999998823,154796.2368,154884.95616,88.71935999998823,4,3.754423315736741,RankSurprise
microVA_R_5-6+,3,160221.96224,160273.69472,51.732480000006035,160221.96224,160273.69472,51.732480000006035,4,5.155205971727696,RankSurprise
microVA_R_5-6+,3,166632.0384,166757.82656,125.78815999999642,166632.0384,166757.82656,125.78815999999642,5,4.448475919891536,RankSurprise
microVA_R_5-6+,3,170211.90144,170440.17152,228.2700800000166,170211.90144,170440.17152,228.2700800000166,7,5.313820590761023,RankSurprise
microVA_R_5-6+,3,171036.01664,171186.01216,149.99552000002586,171036.01664,171186.01216,149.99552000002586,5,4.024069049178127,RankSurprise
microVA_R_5-6+,3,179281.92,179375.3088,93.38879999998608,179281.92,179375.3088,93.38879999998608,4,3.573140450699814,RankSurprise
microVA_R_5-6+,3,181091.86048,181112.29952,20.439039999997476,181091.86048,181112.29952,20.439039999997476,4,8.140743287696456,RankSurprise
microVA_R_5-6+,3,183257.7024,183328.52224,70.81983999998192,183257.7024,183328.52224,70.81983999998192,4,4.387405392032058,RankSurprise
microVA_R_5-6+,3,183830.69184,183950.86848,120.17663999999058,183830.69184,183950.86848,120.17663999999058,5,4.614515431756761,RankSurprise
microVA_R_5-6+,3,188445.16352,188476.98944,31.825920000002952,188445.16352,188476.98944,31.825920000002952,5,9.742448940714795,RankSurprise
microVA_R_5-6+,3,192279.06048,192297.65632,18.5958400000236,192279.06048,192297.65632,18.5958400000236,3,5.047952477199729,RankSurprise
microVA_R_5-6+,3,194929.70496,195221.99552,292.290559999994,194929.70496,195221.99552,292.290559999994,7,3.829258017545105,RankSurprise
microVA_R_5-6+,3,195802.80832,196137.3696,334.56127999999444,195802.80832,196137.3696,334.56127999999444,8,4.59412553808995,RankSurprise
microVA_R_5-6+,3,199715.18464,199727.67744,12.492800000007264,199715.18464,199727.67744,12.492800000007264,3,5.817834957506143,RankSurprise
microVA_R_5-6+,3,203940.2496,203974.28736,34.037759999977425,203940.2496,203974.28736,34.037759999977425,3,3.7673175595330974,RankSurprise
microVA_R_5-6+,3,206382.94016,206958.42816,575.4880000000121,206382.94016,206958.42816,575.4880000000121,12,5.856548845777778,RankSurprise
microVA_R_5-6+,3,207528.50944,208361.14432,832.6348799999978,207528.50944,208361.14432,832.6348799999978,18,10.09617432637198,RankSurprise
microVA_R_5-6+,3,213745.29536,213888.90112,143.60576000000583,213745.29536,213888.90112,143.60576000000583,5,3.9171017001854125,RankSurprise
microVA_R_5-6+,3,215399.38304,215691.14112,291.7580799999996,215399.38304,215691.14112,291.7580799999996,8,5.1709547008459955,RankSurprise
microVA_R_5-6+,3,223268.2496,223300.32128,32.07167999999365,223268.2496,223300.32128,32.07167999999365,3,3.9432552315465514,RankSurprise
microVA_R_5-6+,3,235458.31424,235492.06528,33.75104000000283,235458.31424,235492.06528,33.75104000000283,3,3.7640813107538875,RankSurprise
microVA_R_5-6+,3,238694.64576,238799.99488,105.34911999999895,238694.64576,238799.99488,105.34911999999895,5,5.012645546088962,RankSurprise
microVA_R_5-6+,3,247419.78112,247442.6368,22.85568000000785,247419.78112,247442.6368,22.85568000000785,3,4.6282615249705845,RankSurprise
microVA_R_5-6+,3,251456.63488,251831.74656,375.1116800000018,251456.63488,251831.74656,375.1116800000018,8,3.797578258724354,RankSurprise
microVA_R_5-6+,3,260312.71936,260342.74304,30.023680000012973,260312.71936,260342.74304,30.023680000012973,4,6.772197686902267,RankSurprise
microVA_R_5-6+,3,260623.9744,260680.2944,56.320000000006985,260623.9744,260680.2944,56.320000000006985,4,5.110666413982493,RankSurprise
microVA_R_5-6+,3,261939.89632,262114.59072,174.6944000000076,261939.89632,262114.59072,174.6944000000076,6,4.797948960402245,RankSurprise
microVA_R_5-6+,3,303722.25024,303799.54176,77.29151999996975,303722.25024,303799.54176,77.29151999996975,4,4.005791572896303,RankSurprise
microVA_R_5-6+,3,304392.72448,305218.72384,825.9993600000162,304392.72448,305218.72384,825.9993600000162,14,4.652694664203469,RankSurprise
microVA_R_5-6+,3,305449.82016,306066.92352,617.1033600000083,305449.82016,306066.92352,617.1033600000083,12,5.200490561685972,RankSurprise
microVA_R_5-6+,3,307317.71904,307386.5728,68.85376000002725,307317.71904,307386.5728,68.85376000002725,4,4.41983815529824,RankSurprise
microVA_R_5-6+,3,312617.5744,312663.32672,45.7523200000287,312617.5744,312663.32672,45.7523200000287,5,8.179719315925254,RankSurprise
microVA_R_5-6+,3,318764.2368,320089.25184,1325.0150399999693,318764.2368,320089.25184,1325.0150399999693,18,4.107057426484159,RankSurprise
microVA_R_5-6+,3,335738.38848,335906.97984,168.59135999996215,335738.38848,335906.97984,168.59135999996215,5,3.8325564708508146,RankSurprise
microVA_R_5-6+,3,336652.4928,336670.14656,17.65376000001561,336652.4928,336670.14656,17.65376000001561,3,5.097721884238718,RankSurprise
microVA_R_5-6+,3,362801.52064,362833.63328,32.11264000000665,362801.52064,362833.63328,32.11264000000665,3,3.9753415067183084,RankSurprise
microVA_R_5-6+,3,389051.02336,389074.944,23.92064000002574,389051.02336,389074.944,23.92064000002574,3,4.474892778793279,RankSurprise
microVA_R_5-6+,3,389588.82816,389942.96832,354.1401600000099,389588.82816,389942.96832,354.1401600000099,8,4.146757736501755,RankSurprise
microVA_R_5-6+,3,396065.62816,396166.18496,100.5567999999621,396065.62816,396166.18496,100.5567999999621,4,3.518780936164706,RankSurprise
microVA_R_5-6+,3,398036.62336,398470.06208,433.43871999997646,398036.62336,398470.06208,433.43871999997646,11,7.396637903807537,RankSurprise
microVA_R_5-6+,3,411230.04416,411246.42816,16.384000000020023,411230.04416,411246.42816,16.384000000020023,3,5.317211622466317,RankSurprise
microVA_R_5-6+,3,412813.5168,413066.15808,252.64128000003984,412813.5168,413066.15808,252.64128000003984,7,4.465859947655663,RankSurprise
microVA_R_5-6+,3,419543.53152,419548.93824,5.406719999969937,419543.53152,419548.93824,5.406719999969937,3,7.698419625988084,RankSurprise
microVA_R_5-6+,3,421885.87008,421915.8528,29.98271999997087,421885.87008,421915.8528,29.98271999997087,3,4.112942346154814,RankSurprise
microVA_R_5-6+,3,486073.58976,486093.74208,20.15231999999378,486073.58976,486093.74208,20.15231999999378,3,4.805230254672672,RankSurprise
microVA_R_7-8+,0,82251.03872,82261.07392,10.03519999999844,82251.03872,82261.07392,10.03519999999844,4,10.68401840102528,RankSurprise
microVA_R_7-8+,0,147064.09472,147293.14304,229.0483200000017,147064.09472,147293.14304,229.0483200000017,5,6.074668194530755,RankSurprise
microVA_R_7-8+,0,211575.31648,215162.10176,3586.785279999982,211575.31648,215162.10176,3586.785279999982,16,8.820413669245994,RankSurprise
microVA_R_7-8+,0,226331.48416,226534.97344,203.48928000000888,226331.48416,226534.97344,203.48928000000888,4,4.824843781453756,RankSurprise
microVA_R_7-8+,0,262214.0416,264845.9264,2631.8848,262214.0416,264845.9264,2631.8848,16,10.42459681760266,RankSurprise
microVA_R_7-8+,0,296714.19904,298229.88288,1515.6838400000124,296714.19904,298229.88288,1515.6838400000124,7,3.625378594790601,RankSurprise
microVA_R_7-8+,0,304642.00704,304654.09024,12.083199999993667,304642.00704,304654.09024,12.083199999993667,3,5.966841286951386,RankSurprise
microVA_R_7-8+,0,348269.89568,352280.576,4010.680319999985,348269.89568,352280.576,4010.680319999985,16,7.268027951001747,RankSurprise
microVA_R_7-8+,0,414768.7424,424903.63904,10134.896639999992,414768.7424,424903.63904,10134.896639999992,35,12.725436671227971,RankSurprise
microVA_R_7-8+,2,77542.52288,77894.90176,352.3788799999893,77542.52288,77894.90176,352.3788799999893,5,6.040028533111393,RankSurprise
microVA_R_7-8+,2,108343.13216,108495.74912,152.61695999999938,108343.13216,108495.74912,152.61695999999938,3,3.5814887753458304,RankSurprise
microVA_R_7-8+,2,126614.1184,126790.20544,176.08703999999852,126614.1184,126790.20544,176.08703999999852,3,3.633216757851505,RankSurprise
microVA_R_7-8+,2,264450.33472,264948.77696,498.44224000000395,264450.33472,264948.77696,498.44224000000395,5,4.805965649712036,RankSurprise
microVA_R_7-8+,2,297053.92128,297650.01216,596.0908799999743,297053.92128,297650.01216,596.0908799999743,5,4.296799586018654,RankSurprise
microVA_R_7-8+,2,327341.056,328861.65504,1520.599040000001,327341.056,328861.65504,1520.599040000001,8,5.188915020022957,RankSurprise
microVA_R_7-8+,2,346722.304,346850.22208,127.918079999974,346722.304,346850.22208,127.918079999974,3,3.9342600058040897,RankSurprise
microVA_R_7-8+,2,396496.93696,396665.89696,168.95999999996275,396496.93696,396665.89696,168.95999999996275,4,5.821015522283609,RankSurprise
microVA_R_7-8+,2,401640.69376,402407.58784,766.8940799999982,401640.69376,402407.58784,766.8940799999982,5,3.9803054629552648,RankSurprise
microVA_R_7-8+,2,415429.67296,439083.08992,23653.416960000002,415429.67296,439083.08992,23653.416960000002,74,18.748647477743113,RankSurprise
microVA_R_7-8+,2,440490.68032,461201.6128,20710.932480000018,440490.68032,461201.6128,20710.932480000018,53,9.254755904757426,RankSurprise
microVA_R_7-8+,2,472915.23072,475411.98848,2496.7577600000077,472915.23072,475411.98848,2496.7577600000077,14,9.36912245569654,RankSurprise
microVA_R_7-8+,2,478491.97568,480054.64064,1562.6649600000237,478491.97568,480054.64064,1562.6649600000237,7,3.9118657546905617,RankSurprise
microVA_R_9-10+,0,25678.47936,25686.71232,8.232959999997547,25678.47936,25686.71232,8.232959999997547,3,4.777534170433217,RankSurprise
microVA_R_9-10+,0,28005.45792,28012.1344,6.676479999998264,28005.45792,28012.1344,6.676479999998264,3,6.48014596619586,RankSurprise
microVA_R_9-10+,0,35318.74304,36597.84192,1279.0988799999977,35318.74304,36597.84192,1279.0988799999977,11,5.554841944531349,RankSurprise
microVA_R_9-10+,0,41477.20192,43192.19712,1714.9951999999976,41477.20192,43192.19712,1714.9951999999976,12,3.8883077513606796,RankSurprise
microVA_R_9-10+,0,45133.12768,46422.26176,1289.1340800000035,45133.12768,46422.26176,1289.1340800000035,10,4.6411673680238765,RankSurprise
microVA_R_9-10+,0,52900.41344,53283.14368,382.7302400000044,52900.41344,53283.14368,382.7302400000044,5,3.7517702683492047,RankSurprise
microVA_R_9-10+,0,63119.81056,63128.61696,8.806400000001304,63119.81056,63128.61696,8.806400000001304,3,4.520194462046113,RankSurprise
microVA_R_9-10+,0,69676.56448,69682.87232,6.30783999999403,69676.56448,69682.87232,6.30783999999403,3,7.474102212641407,RankSurprise
microVA_R_9-10+,0,70086.81984,70294.528,207.70816000000923,70086.81984,70294.528,207.70816000000923,4,3.518628494554992,RankSurprise
microVA_R_9-10+,0,86401.024,86622.45376,221.42975999999908,86401.024,86622.45376,221.42975999999908,5,4.768284668465796,RankSurprise
microVA_R_9-10+,0,112292.08576,112975.74912,683.6633599999914,112292.08576,112975.74912,683.6633599999914,7,4.106207509736253,RankSurprise
microVA_R_9-10+,0,125545.2672,126744.08448,1198.817280000003,125545.2672,126744.08448,1198.817280000003,12,5.3197652699450915,RankSurprise
microVA_R_9-10+,0,133970.49344,134767.32928,796.8358400000143,133970.49344,134767.32928,796.8358400000143,7,3.536946727726117,RankSurprise
microVA_R_9-10+,0,137856.28672,137862.84032,6.553599999984726,137856.28672,137862.84032,6.553599999984726,3,6.686221608997922,RankSurprise
microVA_R_9-10+,0,191290.65472,191880.88832,590.2336000000068,191290.65472,191880.88832,590.2336000000068,7,4.8194561894003725,RankSurprise
microVA_R_9-10+,0,194517.44256,195309.19936,791.7568000000028,194517.44256,195309.19936,791.7568000000028,7,3.867526044489375,RankSurprise
microVA_R_9-10+,0,228142.4896,228150.10816,7.618560000002617,228142.4896,228150.10816,7.618560000002617,3,5.231303034080565,RankSurprise
microVA_R_9-10+,0,230329.22112,230340.77184,11.550719999999274,230329.22112,230340.77184,11.550719999999274,3,3.818951182375155,RankSurprise
microVA_R_9-10+,0,235286.65088,235292.83584,6.184960000013234,235286.65088,235292.83584,6.184960000013234,3,7.5206222282763,RankSurprise
microVA_R_9-10+,0,239881.8304,240206.4384,324.60800000000745,239881.8304,240206.4384,324.60800000000745,6,4.343108687181744,RankSurprise
microVA_R_9-10+,0,247501.78304,248850.8416,1349.058560000005,247501.78304,248850.8416,1349.058560000005,13,6.365830305673495,RankSurprise
microVA_R_9-10+,0,262102.17984,263507.27168,1405.0918400000082,262102.17984,263507.27168,1405.0918400000082,19,10.057604524408715,RankSurprise
microVA_R_9-10+,0,264412.73344,265934.0288,1521.2953599999892,264412.73344,265934.0288,1521.2953599999892,20,12.810894429630794,RankSurprise
microVA_R_9-10+,0,266792.1408,267878.6048,1086.4639999999781,266792.1408,267878.6048,1086.4639999999781,11,6.171748665343804,RankSurprise
microVA_R_9-10+,0,290619.22816,292300.43136,1681.203199999989,290619.22816,292300.43136,1681.203199999989,14,6.060191792247271,RankSurprise
microVA_R_9-10+,0,295884.06272,297560.2688,1676.2060800000327,295884.06272,297560.2688,1676.2060800000327,13,4.35453886056026,RankSurprise
microVA_R_9-10+,0,345322.57792,345328.59904,6.021119999990333,345322.57792,345328.59904,6.021119999990333,3,8.184307376105929,RankSurprise
microVA_R_9-10+,0,348614.94272,348621.98784,7.045120000024326,348614.94272,348621.98784,7.045120000024326,3,5.901266879184853,RankSurprise
microVA_R_9-10+,0,360339.08736,360908.5952,569.5078399999766,360339.08736,360908.5952,569.5078399999766,11,7.142911560236571,RankSurprise
microVA_R_9-10+,0,364637.30688,364647.13728,9.830400000035297,364637.30688,364647.13728,9.830400000035297,3,4.320526298059695,RankSurprise
microVA_R_9-10+,0,406507.84768,406551.3472,43.499520000012126,406507.84768,406551.3472,43.499520000012126,4,5.069068791420975,RankSurprise
microVA_R_9-10+,0,421567.77472,423045.20192,1477.4272000000346,421567.77472,423045.20192,1477.4272000000346,13,5.729658820413047,RankSurprise
microVA_R_9-10+,0,425366.24128,425700.02432,333.78304000000935,425366.24128,425700.02432,333.78304000000935,6,5.136334016864772,RankSurprise
microVA_R_9-10+,0,428877.29152,429127.84384,250.55231999995885,428877.29152,429127.84384,250.55231999995885,5,3.515692866075355,RankSurprise
microVA_R_9-10+,0,433312.68608,433908.44928,595.7631999999867,433312.68608,433908.44928,595.7631999999867,7,4.091139572235851,RankSurprise
microVA_R_9-10+,0,442549.69856,443081.85088,532.1523199999938,442549.69856,443081.85088,532.1523199999938,6,3.6023639672693015,RankSurprise
microVA_R_9-10+,0,453221.29408,453438.464,217.16991999995662,453221.29408,453438.464,217.16991999995662,6,5.405055788306697,RankSurprise
microVA_R_9-10+,0,484948.21376,485219.45088,271.23712000000523,484948.21376,485219.45088,271.23712000000523,6,6.14015064460763,RankSurprise
microVA_R_9-10+,0,485700.11648,485709.37344,9.256959999969695,485700.11648,485709.37344,9.256959999969695,4,10.99852077146685,RankSurprise
microVA_R_9-10+,1,1293.14816,2004.00896,710.8607999999999,1293.14816,2004.00896,710.8607999999999,15,5.314830421664512,RankSurprise
microVA_R_9-10+,1,14300.7744,14637.6704,336.89600000000064,14300.7744,14637.6704,336.89600000000064,8,3.5109904329701926,RankSurprise
microVA_R_9-10+,1,18528.256,18616.1152,87.85919999999896,18528.256,18616.1152,87.85919999999896,4,4.091046669199912,RankSurprise
microVA_R_9-10+,1,29686.12864,29701.89824,15.769599999999627,29686.12864,29701.89824,15.769599999999627,3,3.8002591418478158,RankSurprise
microVA_R_9-10+,1,31743.71328,31756.98432,13.27103999999963,31743.71328,31756.98432,13.27103999999963,3,4.293671770271924,RankSurprise
microVA_R_9-10+,1,72487.40352,72942.67392,455.27039999999397,72487.40352,72942.67392,455.27039999999397,9,3.749042840921067,RankSurprise
microVA_R_9-10+,1,77919.10912,77928.48896,9.379840000008699,77919.10912,77928.48896,9.379840000008699,3,4.787313729499919,RankSurprise
microVA_R_9-10+,1,81197.17888,81446.66624,249.48735999999917,81197.17888,81446.66624,249.48735999999917,10,6.6288730674675715,RankSurprise
microVA_R_9-10+,1,89583.12448,89834.7008,251.5763200000074,89583.12448,89834.7008,251.5763200000074,8,5.946460397731877,RankSurprise
microVA_R_9-10+,1,95573.1968,96073.85088,500.654079999993,95573.1968,96073.85088,500.654079999993,11,4.957263609303404,RankSurprise
microVA_R_9-10+,1,98707.78368,99233.87392,526.090240000005,98707.78368,99233.87392,526.090240000005,13,5.71358443596137,RankSurprise
microVA_R_9-10+,1,109591.9616,110196.20352,604.2419200000004,109591.9616,110196.20352,604.2419200000004,15,6.38197654125435,RankSurprise
microVA_R_9-10+,1,112498.52416,112794.70592,296.1817599999922,112498.52416,112794.70592,296.1817599999922,11,6.650536525873666,RankSurprise
microVA_R_9-10+,1,118835.44576,119501.33248,665.886719999995,118835.44576,119501.33248,665.886719999995,15,6.43305032793816,RankSurprise
microVA_R_9-10+,1,121970.31936,121999.93344,29.614079999999376,121970.31936,121999.93344,29.614079999999376,4,4.901990504978485,RankSurprise
microVA_R_9-10+,1,122505.8304,122518.15936,12.328959999998915,122505.8304,122518.15936,12.328959999998915,3,4.235415169494027,RankSurprise
microVA_R_9-10+,1,130851.67616,130863.75936,12.083199999993667,130851.67616,130863.75936,12.083199999993667,4,7.442051842838332,RankSurprise
microVA_R_9-10+,1,131324.06784,131334.26688,10.19904000000679,131324.06784,131334.26688,10.19904000000679,3,4.703350654655242,RankSurprise
microVA_R_9-10+,1,140272.88576,140300.288,27.4022399999958,140272.88576,140300.288,27.4022399999958,4,5.048774335775732,RankSurprise
microVA_R_9-10+,1,146615.9104,146621.68576,5.775359999999637,146615.9104,146621.68576,5.775359999999637,3,7.435264777172,RankSurprise
microVA_R_9-10+,1,151172.46464,151567.89248,395.4278400000185,151172.46464,151567.89248,395.4278400000185,9,4.123765312619998,RankSurprise
microVA_R_9-10+,1,157912.02304,157927.2192,15.196159999992233,157912.02304,157927.2192,15.196159999992233,3,3.689452301493356,RankSurprise
microVA_R_9-10+,1,158327.52128,158749.61408,422.0928000000131,158327.52128,158749.61408,422.0928000000131,9,4.473101004802914,RankSurprise
microVA_R_9-10+,1,168691.22048,168704.90112,13.680640000005951,168691.22048,168704.90112,13.680640000005951,3,3.9941155008902385,RankSurprise
microVA_R_9-10+,1,169577.51296,171020.16512,1442.6521599999978,169577.51296,171020.16512,1442.6521599999978,21,3.828271572952826,RankSurprise
microVA_R_9-10+,1,171425.3824,171434.92608,9.543680000002496,171425.3824,171434.92608,9.543680000002496,3,4.684096567118031,RankSurprise
microVA_R_9-10+,1,172121.2928,172902.8096,781.5168000000122,172121.2928,172902.8096,781.5168000000122,18,7.626432685700178,RankSurprise
microVA_R_9-10+,1,178388.21376,178406.72768,18.513919999997597,178388.21376,178406.72768,18.513919999997597,3,3.6320183180517756,RankSurprise
microVA_R_9-10+,1,179915.65312,180692.54144,776.8883199999982,179915.65312,180692.54144,776.8883199999982,16,5.697147272747926,RankSurprise
microVA_R_9-10+,1,185420.06272,185463.35744,43.29472000000533,185420.06272,185463.35744,43.29472000000533,4,3.846878285410913,RankSurprise
microVA_R_9-10+,1,185848.91392,186046.75072,197.83680000001914,185848.91392,186046.75072,197.83680000001914,6,3.780419785877795,RankSurprise
microVA_R_9-10+,1,190044.20096,190052.10624,7.905280000006314,190044.20096,190052.10624,7.905280000006314,3,5.2254217358765676,RankSurprise
microVA_R_9-10+,1,191077.53984,191104.16384,26.623999999981606,191077.53984,191104.16384,26.623999999981606,4,4.689323877898481,RankSurprise
microVA_R_9-10+,1,195699.79392,196279.86944,580.0755200000131,195699.79392,196279.86944,580.0755200000131,12,5.678346445531663,RankSurprise
microVA_R_9-10+,1,199598.24384,199665.29536,67.05151999997906,199598.24384,199665.29536,67.05151999997906,4,3.583583956927022,RankSurprise
microVA_R_9-10+,1,202160.9472,202496.0,335.05280000000494,202160.9472,202496.0,335.05280000000494,8,3.544983346139297,RankSurprise
microVA_R_9-10+,1,208808.83712,208892.06784,83.23071999999229,208808.83712,208892.06784,83.23071999999229,5,4.354480949087915,RankSurprise
microVA_R_9-10+,1,209314.48832,209326.85824,12.369919999997364,209314.48832,209326.85824,12.369919999997364,3,3.924108305102637,RankSurprise
microVA_R_9-10+,1,209723.14624,209736.33536,13.189119999995455,209723.14624,209736.33536,13.189119999995455,3,3.797182216343339,RankSurprise
microVA_R_9-10+,1,211105.792,211114.31168,8.51968000002671,211105.792,211114.31168,8.51968000002671,3,4.8961490520812845,RankSurprise
microVA_R_9-10+,1,214230.54848,214238.94528,8.39680000001681,214230.54848,214238.94528,8.39680000001681,3,4.955613000222359,RankSurprise
microVA_R_9-10+,1,218370.08896,218375.45472,5.365760000015143,218370.08896,218375.45472,5.365760000015143,3,7.951495819504897,RankSurprise
microVA_R_9-10+,1,220630.91712,221614.24384,983.3267200000118,220630.91712,221614.24384,983.3267200000118,17,4.030820597272053,RankSurprise
microVA_R_9-10+,1,224827.14624,224839.63904,12.492800000007264,224827.14624,224839.63904,12.492800000007264,3,3.9273869965643353,RankSurprise
microVA_R_9-10+,1,235836.29312,235847.39328,11.100160000001779,235836.29312,235847.39328,11.100160000001779,3,4.317458000664997,RankSurprise
microVA_R_9-10+,1,237186.99008,237194.11712,7.127040000021225,237186.99008,237194.11712,7.127040000021225,3,5.795561746168088,RankSurprise
microVA_R_9-10+,1,239385.1904,239598.42816,213.23776000001817,239385.1904,239598.42816,213.23776000001817,8,5.04526999076,RankSurprise
microVA_R_9-10+,1,240728.43264,241089.9456,361.51295999999274,240728.43264,241089.9456,361.51295999999274,9,4.726909280875842,RankSurprise
microVA_R_9-10+,1,241643.15136,241687.42912,44.277759999997215,241643.15136,241687.42912,44.277759999997215,4,4.359160658470753,RankSurprise
microVA_R_9-10+,1,262202.81856,262569.04192,366.2233600000036,262202.81856,262569.04192,366.2233600000036,13,7.582702026961101,RankSurprise
microVA_R_9-10+,1,263098.20416,263803.78112,705.5769599999767,263098.20416,263803.78112,705.5769599999767,15,6.012205551411489,RankSurprise
microVA_R_9-10+,1,264544.21504,264699.41248,155.1974400000181,264544.21504,264699.41248,155.1974400000181,6,4.186924967375191,RankSurprise
microVA_R_9-10+,1,265911.58272,265944.35072,32.76799999998184,265911.58272,265944.35072,32.76799999998184,5,6.425848447682775,RankSurprise
microVA_R_9-10+,1,272225.0752,272231.26016,6.18495999998413,272225.0752,272231.26016,6.18495999998413,3,6.876547865701594,RankSurprise
microVA_R_9-10+,1,273484.55424,273511.99744,27.443199999979697,273484.55424,273511.99744,27.443199999979697,4,4.7332712603037415,RankSurprise
microVA_R_9-10+,1,285251.05152,285369.83552,118.7840000000433,285251.05152,285369.83552,118.7840000000433,6,4.805433904236779,RankSurprise
microVA_R_9-10+,1,292064.13312,292117.58592,53.45279999997001,292064.13312,292117.58592,53.45279999997001,4,3.588914134286849,RankSurprise
microVA_R_9-10+,1,297107.00544,297158.32832,51.32287999999244,297107.00544,297158.32832,51.32287999999244,4,3.564120598977034,RankSurprise
microVA_R_9-10+,1,299598.60224,299604.91008,6.307840000023134,299598.60224,299604.91008,6.307840000023134,3,6.510706429621576,RankSurprise
microVA_R_9-10+,1,302095.60576,302540.26752,444.66175999998813,302095.60576,302540.26752,444.66175999998813,9,3.747044932256753,RankSurprise
microVA_R_9-10+,1,327410.44224,327426.29376,15.851519999967422,327410.44224,327426.29376,15.851519999967422,3,3.8281665881672016,RankSurprise
microVA_R_9-10+,1,328785.46944,328820.49024,35.02079999999842,328785.46944,328820.49024,35.02079999999842,4,4.270819020908249,RankSurprise
microVA_R_9-10+,1,329207.11168,329280.18432,73.0726400000276,329207.11168,329280.18432,73.0726400000276,6,5.60842629280539,RankSurprise
microVA_R_9-10+,1,332067.4304,332076.15488,8.724479999975301,332067.4304,332076.15488,8.724479999975301,3,4.822938138699451,RankSurprise
microVA_R_9-10+,1,340789.94432,340802.84672,12.902399999962654,340789.94432,340802.84672,12.902399999962654,3,3.8250464608309596,RankSurprise
microVA_R_9-10+,1,343953.98144,343963.07456,9.093119999975897,343953.98144,343963.07456,9.093119999975897,3,4.688892739381524,RankSurprise
microVA_R_9-10+,1,345492.02944,345604.096,112.06656000000658,345492.02944,345604.096,112.06656000000658,5,3.7700933845748956,RankSurprise
microVA_R_9-10+,1,350429.92128,350457.15968,27.2383999999729,350429.92128,350457.15968,27.2383999999729,3,3.5245544028582696,RankSurprise
microVA_R_9-10+,1,350989.27104,351006.59712,17.326079999969807,350989.27104,351006.59712,17.326079999969807,3,3.9504895794055823,RankSurprise
microVA_R_9-10+,1,351593.59488,351603.13856,9.543680000002496,351593.59488,351603.13856,9.543680000002496,3,4.523089916126324,RankSurprise
microVA_R_9-10+,1,351846.76864,351854.96064,8.191999999980908,351846.76864,351854.96064,8.191999999980908,3,5.0801230372130455,RankSurprise
microVA_R_9-10+,1,353352.21248,353358.52032,6.307840000023134,353352.21248,353358.52032,6.307840000023134,3,6.633823383066316,RankSurprise
microVA_R_9-10+,1,356833.23904,356967.0144,133.77535999997053,356833.23904,356967.0144,133.77535999997053,12,13.995745469103271,RankSurprise
microVA_R_9-10+,1,359577.96864,361028.03456,1450.0659200000227,359577.96864,361028.03456,1450.0659200000227,32,11.841895205241403,RankSurprise
microVA_R_9-10+,1,362054.94272,362063.79008,8.847360000014305,362054.94272,362063.79008,8.847360000014305,3,4.76723824702704,RankSurprise
microVA_R_9-10+,1,362672.29184,362692.85376,20.561920000007376,362672.29184,362692.85376,20.561920000007376,4,5.548096546858044,RankSurprise
microVA_R_9-10+,1,367240.27392,367250.88256,10.608639999991283,367240.27392,367250.88256,10.608639999991283,3,4.309497783270482,RankSurprise
microVA_R_9-10+,1,370351.26784,370358.76352,7.495679999992717,370351.26784,370358.76352,7.495679999992717,3,5.574428582530484,RankSurprise
microVA_R_9-10+,1,371443.79392,371450.30656,6.512639999971725,371443.79392,371450.30656,6.512639999971725,3,6.361210339285554,RankSurprise
microVA_R_9-10+,1,371580.43648,371594.56768,14.131200000003446,371580.43648,371594.56768,14.131200000003446,3,3.6720482666340164,RankSurprise
microVA_R_9-10+,1,384412.54912,384636.43648,223.88735999999335,384412.54912,384636.43648,223.88735999999335,7,4.490685087508617,RankSurprise
microVA_R_9-10+,1,387494.58432,387497.69728,3.1129599999985658,387494.58432,387497.69728,3.1129599999985658,3,11.2720252980996,RankSurprise
microVA_R_9-10+,1,393912.36096,393920.9216,8.560639999981504,393912.36096,393920.9216,8.560639999981504,3,5.188095523319523,RankSurprise
microVA_R_9-10+,1,394172.33408,394182.81984,10.485760000010487,394172.33408,394182.81984,10.485760000010487,3,4.3415305321479725,RankSurprise
microVA_R_9-10+,1,395304.67328,395765.51424,460.84096000000136,395304.67328,395765.51424,460.84096000000136,10,4.17524592172515,RankSurprise
microVA_R_9-10+,1,400418.03776,400476.20096,58.163200000009965,400418.03776,400476.20096,58.163200000009965,5,4.904493855181283,RankSurprise
microVA_R_9-10+,1,405226.74176,405248.36864,21.626879999996163,405226.74176,405248.36864,21.626879999996163,4,5.782535526725621,RankSurprise
microVA_R_9-10+,1,407759.09376,407818.6496,59.55583999998635,407759.09376,407818.6496,59.55583999998635,4,3.7104911269107816,RankSurprise
microVA_R_9-10+,1,414769.3568,415793.02912,1023.6723200000124,414769.3568,415793.02912,1023.6723200000124,25,9.535521525426025,RankSurprise
microVA_R_9-10+,1,425606.7584,426364.14976,757.3913600000087,425606.7584,426364.14976,757.3913600000087,13,4.113059950270384,RankSurprise
microVA_R_9-10+,1,430599.74144,430618.09152,18.3500800000038,430599.74144,430618.09152,18.3500800000038,5,8.606429286222209,RankSurprise
microVA_R_9-10+,1,437651.0464,437791.66208,140.61567999998806,437651.0464,437791.66208,140.61567999998806,5,4.16502570112679,RankSurprise
microVA_R_9-10+,1,446147.50208,446153.1136,5.611519999976736,446147.50208,446153.1136,5.611519999976736,3,7.5725768926364285,RankSurprise
microVA_R_9-10+,1,448577.16736,448587.89888,10.731519999972079,448577.16736,448587.89888,10.731519999972079,3,4.423931563175527,RankSurprise
microVA_R_9-10+,1,451104.60416,451255.58272,150.97856000001775,451104.60416,451255.58272,150.97856000001775,10,10.231792397611859,RankSurprise
microVA_R_9-10+,1,453385.05216,453395.82464,10.77247999998508,453385.05216,453395.82464,10.77247999998508,4,7.781782115965697,RankSurprise
microVA_R_9-10+,1,456462.336,456519.84384,57.50783999997657,456462.336,456519.84384,57.50783999997657,4,3.617502802899679,RankSurprise
microVA_R_9-10+,1,459152.83456,459169.9968,17.162240000034217,459152.83456,459169.9968,17.162240000034217,3,3.8312915907103378,RankSurprise
microVA_R_9-10+,1,460256.58368,460266.25024,9.6665600000415,460256.58368,460266.25024,9.6665600000415,3,4.722791905700435,RankSurprise
microVA_R_9-10+,1,460646.03136,460651.23328,5.201919999963138,460646.03136,460651.23328,5.201919999963138,3,8.213318225384219,RankSurprise
microVA_R_9-10+,1,465295.07328,465345.16736,50.09408000000985,465295.07328,465345.16736,50.09408000000985,4,3.6536260656548443,RankSurprise
microVA_R_9-10+,1,468230.144,468307.84512,77.70112000004156,468230.144,468307.84512,77.70112000004156,5,4.6368873443938305,RankSurprise
microVA_R_9-10+,1,478708.16256,478767.43168,59.269119999953546,478708.16256,478767.43168,59.269119999953546,6,7.332403736931326,RankSurprise
microVA_R_9-10+,2,262.79936,269.14816,6.34880000000004,262.79936,269.14816,6.34880000000004,3,6.053614002627304,RankSurprise
microVA_R_9-10+,2,1185.83296,1193.00096,7.16800000000012,1185.83296,1193.00096,7.16800000000012,3,4.8525766350957795,RankSurprise
microVA_R_9-10+,2,2984.09984,2992.86528,8.765440000000126,2984.09984,2992.86528,8.765440000000126,3,3.8014804797339448,RankSurprise
microVA_R_9-10+,2,17499.9552,18521.37472,1021.4195199999995,17499.9552,18521.37472,1021.4195199999995,22,6.721169656798987,RankSurprise
microVA_R_9-10+,2,21408.64512,21416.79616,8.151040000000648,21408.64512,21416.79616,8.151040000000648,3,4.077590262355015,RankSurprise
microVA_R_9-10+,2,26900.43904,26907.77088,7.33183999999892,26900.43904,26907.77088,7.33183999999892,3,4.610477912502597,RankSurprise
microVA_R_9-10+,2,27112.6528,27119.73888,7.086080000000948,27112.6528,27119.73888,7.086080000000948,3,4.950920590825886,RankSurprise
microVA_R_9-10+,2,28790.25152,28798.11584,7.864319999996951,28790.25152,28798.11584,7.864319999996951,3,4.051119273385735,RankSurprise
microVA_R_9-10+,2,29220.2496,29228.4416,8.191999999999098,29220.2496,29228.4416,8.191999999999098,3,3.7784032911376944,RankSurprise
microVA_R_9-10+,2,35065.73312,35073.4336,7.700479999999516,35065.73312,35073.4336,7.700479999999516,3,4.18087826865988,RankSurprise
microVA_R_9-10+,2,36124.99968,36132.82304,7.82336000000214,36124.99968,36132.82304,7.82336000000214,3,4.071677468417841,RankSurprise
microVA_R_9-10+,2,43191.66464,43648.32768,456.66303999999946,43191.66464,43648.32768,456.66303999999946,11,3.5642135423964176,RankSurprise
microVA_R_9-10+,2,47020.2368,47215.53408,195.29727999999886,47020.2368,47215.53408,195.29727999999886,8,4.634856983740179,RankSurprise
microVA_R_9-10+,2,56586.28096,56594.06336,7.78240000000369,56586.28096,56594.06336,7.78240000000369,3,4.098423795605635,RankSurprise
microVA_R_9-10+,2,57209.0368,57217.55648,8.519679999997607,57209.0368,57217.55648,8.519679999997607,3,3.6381243550552345,RankSurprise
microVA_R_9-10+,2,63466.33216,63474.97472,8.64256000000023,63466.33216,63474.97472,8.64256000000023,3,3.7430264860544273,RankSurprise
microVA_R_9-10+,2,67540.1728,67557.21216,17.039359999995213,67540.1728,67557.21216,17.039359999995213,4,4.03849499735216,RankSurprise
microVA_R_9-10+,2,69379.64544,69386.8544,7.208960000003572,69379.64544,69386.8544,7.208960000003572,3,4.7924216551930225,RankSurprise
microVA_R_9-10+,2,69802.3936,69810.01216,7.618560000002617,69802.3936,69810.01216,7.618560000002617,3,4.289792356244844,RankSurprise
microVA_R_9-10+,2,72261.34528,72828.39552,567.0502400000114,72261.34528,72828.39552,567.0502400000114,18,4.736759441046225,RankSurprise
microVA_R_9-10+,2,80045.99808,80058.04032,12.042239999995218,80045.99808,80058.04032,12.042239999995218,4,5.322211095708269,RankSurprise
microVA_R_9-10+,2,81274.18368,81285.07904,10.89535999999498,81274.18368,81285.07904,10.89535999999498,4,6.518779145975522,RankSurprise
microVA_R_9-10+,2,86115.98336,86124.29824,8.31488000000536,86115.98336,86124.29824,8.31488000000536,3,3.7033475500271074,RankSurprise
microVA_R_9-10+,2,89327.69792,89714.8928,387.19487999999546,89327.69792,89714.8928,387.19487999999546,18,10.378300941582056,RankSurprise
microVA_R_9-10+,2,90347.97056,90357.30944,9.338879999995697,90347.97056,90357.30944,9.338879999995697,3,3.688668579559783,RankSurprise
microVA_R_9-10+,2,103346.09408,103819.59168,473.4976000000024,103346.09408,103819.59168,473.4976000000024,11,4.313936691485307,RankSurprise
microVA_R_9-10+,2,104049.0496,104061.5424,12.492800000007264,104049.0496,104061.5424,12.492800000007264,5,10.197408588954858,RankSurprise
microVA_R_9-10+,2,104530.49344,104540.89728,10.403839999999036,104530.49344,104540.89728,10.403839999999036,4,7.0728676662202545,RankSurprise
microVA_R_9-10+,2,108704.31744,108714.5984,10.280960000003688,108704.31744,108714.5984,10.280960000003688,3,3.5749611893447675,RankSurprise
microVA_R_9-10+,2,109220.2496,109226.68032,6.43072000000393,109220.2496,109226.68032,6.43072000000393,3,5.922797669157815,RankSurprise
microVA_R_9-10+,2,111589.7856,111597.69088,7.9052799999917625,111589.7856,111597.69088,7.9052799999917625,3,4.0221122231989135,RankSurprise
microVA_R_9-10+,2,112311.41888,112315.92448,4.505600000004051,112311.41888,112315.92448,4.505600000004051,3,5.2466616984326055,RankSurprise
microVA_R_9-10+,2,115794.61632,115804.28288,9.666559999997844,115794.61632,115804.28288,9.666559999997844,3,3.760636669688429,RankSurprise
microVA_R_9-10+,2,116530.74944,116542.01344,11.263999999995576,116530.74944,116542.01344,11.263999999995576,3,3.5070429264966894,RankSurprise
microVA_R_9-10+,2,118587.88352,118857.85088,269.9673599999951,118587.88352,118857.85088,269.9673599999951,10,4.4055876080415795,RankSurprise
microVA_R_9-10+,2,122345.96352,122353.54112,7.577599999989616,122345.96352,122353.54112,7.577599999989616,3,4.394546102066519,RankSurprise
microVA_R_9-10+,2,124435.29216,124444.99968,9.707519999996293,124435.29216,124444.99968,9.707519999996293,5,12.149312545418297,RankSurprise
microVA_R_9-10+,2,124939.71456,124946.8416,7.127040000006673,124939.71456,124946.8416,7.127040000006673,3,4.878921723955244,RankSurprise
microVA_R_9-10+,2,126232.94464,126865.53088,632.5862400000042,126232.94464,126865.53088,632.5862400000042,19,4.8691026059752875,RankSurprise
microVA_R_9-10+,2,132010.1888,132033.08544,22.89663999999175,132010.1888,132033.08544,22.89663999999175,4,3.8024929163730157,RankSurprise
microVA_R_9-10+,2,132501.99552,132504.53504,2.539519999991171,132501.99552,132504.53504,2.539519999991171,3,9.429707031071356,RankSurprise
microVA_R_9-10+,2,133218.01728,133224.89856,6.881280000001425,133218.01728,133224.89856,6.881280000001425,3,5.241356646202911,RankSurprise
microVA_R_9-10+,2,134182.37952,134186.5984,4.218880000000354,134182.37952,134186.5984,4.218880000000354,3,7.232379673530515,RankSurprise
microVA_R_9-10+,2,136919.20384,136926.08512,6.881280000001425,136919.20384,136926.08512,6.881280000001425,3,5.289616447061052,RankSurprise
microVA_R_9-10+,2,138788.08576,138796.2368,8.151040000026114,138788.08576,138796.2368,8.151040000026114,3,3.7886269597471856,RankSurprise
microVA_R_9-10+,2,144471.6544,144482.34496,10.690559999988182,144471.6544,144482.34496,10.690559999988182,4,6.79602696371866,RankSurprise
microVA_R_9-10+,2,146759.31136,146765.29152,5.980160000006435,146759.31136,146765.29152,5.980160000006435,3,5.418512837181426,RankSurprise
microVA_R_9-10+,2,149923.10272,149930.14784,7.045119999995222,149923.10272,149930.14784,7.045119999995222,3,4.878921723955244,RankSurprise
microVA_R_9-10+,2,151279.0016,151374.47936,95.47776000000886,151279.0016,151374.47936,95.47776000000886,8,6.405466446836034,RankSurprise
microVA_R_9-10+,2,154625.06496,154632.6016,7.536640000005718,154625.06496,154632.6016,7.536640000005718,3,4.346557474964646,RankSurprise
microVA_R_9-10+,2,154861.7728,154869.3504,7.577599999989616,154861.7728,154869.3504,7.577599999989616,3,4.343173376980406,RankSurprise
microVA_R_9-10+,2,155530.69056,155538.71872,8.028160000016214,155530.69056,155538.71872,8.028160000016214,3,3.8857589497196603,RankSurprise
microVA_R_9-10+,2,157485.2608,157495.13216,9.871360000019195,157485.2608,157495.13216,9.871360000019195,3,3.527177331030421,RankSurprise
microVA_R_9-10+,2,158808.96512,158822.03136,13.066239999985555,158808.96512,158822.03136,13.066239999985555,4,5.6765552708893665,RankSurprise
microVA_R_9-10+,2,166905.73312,166914.00704,8.27392000000691,166905.73312,166914.00704,8.27392000000691,3,3.723088618493934,RankSurprise
microVA_R_9-10+,2,170328.35072,170335.76448,7.413760000024922,170328.35072,170335.76448,7.413760000024922,3,4.490479309534463,RankSurprise
microVA_R_9-10+,2,174945.4848,174952.61184,7.127039999992121,174945.4848,174952.61184,7.127039999992121,3,4.625996918644576,RankSurprise
microVA_R_9-10+,2,178641.55136,178650.27584,8.724479999975301,178641.55136,178650.27584,8.724479999975301,3,3.520443315814001,RankSurprise
microVA_R_9-10+,2,180540.86656,180985.11872,444.25216000000364,180540.86656,180985.11872,444.25216000000364,15,4.676119310510733,RankSurprise
microVA_R_9-10+,2,186088.16128,186096.35328,8.192000000010012,186088.16128,186096.35328,8.192000000010012,3,3.7963291547244715,RankSurprise
microVA_R_9-10+,2,189877.08416,189885.76768,8.683519999991404,189877.08416,189885.76768,8.683519999991404,3,3.5452463473275397,RankSurprise
microVA_R_9-10+,2,194707.74272,194715.56608,7.823359999980312,194707.74272,194715.56608,7.823359999980312,3,4.092449179913816,RankSurprise
microVA_R_9-10+,2,195343.27808,195351.47008,8.192000000010012,195343.27808,195351.47008,8.192000000010012,3,3.7809543129292997,RankSurprise
microVA_R_9-10+,2,199134.33088,199141.49888,7.168000000005122,199134.33088,199141.49888,7.168000000005122,3,4.874506705746127,RankSurprise
microVA_R_9-10+,2,201355.38688,201362.26816,6.881280000001425,201355.38688,201362.26816,6.881280000001425,3,5.300500847814574,RankSurprise
microVA_R_9-10+,2,207575.73632,207590.56384,14.827519999991637,207575.73632,207590.56384,14.827519999991637,5,8.127711796656225,RankSurprise
microVA_R_9-10+,2,220135.09632,220143.24736,8.15103999999701,220135.09632,220143.24736,8.15103999999701,3,4.0835205887134745,RankSurprise
microVA_R_9-10+,2,225551.52384,225561.02656,9.502719999989495,225551.52384,225561.02656,9.502719999989495,3,3.6098052879902607,RankSurprise
microVA_R_9-10+,2,236039.41376,236046.70464,7.290880000015022,236039.41376,236046.70464,7.290880000015022,3,4.665329591099402,RankSurprise
microVA_R_9-10+,2,236311.38816,236319.29344,7.905280000006314,236311.38816,236319.29344,7.905280000006314,3,4.156090949676736,RankSurprise
microVA_R_9-10+,2,237100.81024,237112.40192,11.591680000012275,237100.81024,237112.40192,11.591680000012275,4,5.925402698493613,RankSurprise
microVA_R_9-10+,2,237351.69024,237358.08,6.389759999990929,237351.69024,237358.08,6.389759999990929,3,6.014242499895728,RankSurprise
microVA_R_9-10+,2,239257.55904,240348.3648,1090.8057600000175,239257.55904,240348.3648,1090.8057600000175,24,5.702433742188851,RankSurprise
microVA_R_9-10+,2,241270.94784,241274.34752,3.399680000002263,241270.94784,241274.34752,3.399680000002263,3,8.407981780727235,RankSurprise
microVA_R_9-10+,2,241763.86048,241773.07648,9.215999999985797,241763.86048,241773.07648,9.215999999985797,3,3.6716781798615603,RankSurprise
microVA_R_9-10+,2,244023.82848,244031.0784,7.249920000002021,244023.82848,244031.0784,7.249920000002021,3,4.701402749513898,RankSurprise
microVA_R_9-10+,2,245503.95904,245689.67168,185.71264000001247,245503.95904,245689.67168,185.71264000001247,9,5.929727753936702,RankSurprise
microVA_R_9-10+,2,246526.11584,246782.64832,256.5324799999944,246526.11584,246782.64832,256.5324799999944,8,3.757310874418528,RankSurprise
microVA_R_9-10+,2,262115.20512,262482.24768,367.0425599999726,262115.20512,262482.24768,367.0425599999726,14,6.3528725231904115,RankSurprise
microVA_R_9-10+,2,264441.56928,265670.73792,1229.168639999989,264441.56928,265670.73792,1229.168639999989,28,7.413832299337707,RankSurprise
microVA_R_9-10+,2,286034.24768,286041.45664,7.2089600000181235,286034.24768,286041.45664,7.2089600000181235,3,4.788193319083501,RankSurprise
microVA_R_9-10+,2,291434.12736,291440.4352,6.307840000023134,291434.12736,291440.4352,6.307840000023134,3,6.176604083109767,RankSurprise
microVA_R_9-10+,2,291613.04064,291859.78368,246.7430399999721,291613.04064,291859.78368,246.7430399999721,8,3.8310615182528838,RankSurprise
microVA_R_9-10+,2,292460.09344,292471.76704,11.67359999998007,292460.09344,292471.76704,11.67359999998007,4,5.261815152000903,RankSurprise
microVA_R_9-10+,2,295671.43936,295678.60736,7.168000000005122,295671.43936,295678.60736,7.168000000005122,3,4.7630093279576595,RankSurprise
microVA_R_9-10+,2,296768.1024,297419.44832,651.3459200000507,296768.1024,297419.44832,651.3459200000507,17,4.122833180033157,RankSurprise
microVA_R_9-10+,2,300162.4576,300168.02816,5.570559999963734,300162.4576,300168.02816,5.570559999963734,3,6.976996794023313,RankSurprise
microVA_R_9-10+,2,300383.55968,300408.46336,24.903679999988526,300383.55968,300408.46336,24.903679999988526,4,3.5703668913050137,RankSurprise
microVA_R_9-10+,2,301097.5744,301107.8144,10.239999999990687,301097.5744,301107.8144,10.239999999990687,3,3.6381243550552345,RankSurprise
microVA_R_9-10+,2,305686.40512,305695.62112,9.216000000014901,305686.40512,305695.62112,9.216000000014901,3,3.848449390190689,RankSurprise
microVA_R_9-10+,2,308081.50016,308167.59808,86.09792000002926,308081.50016,308167.59808,86.09792000002926,4,3.5161264606177305,RankSurprise
microVA_R_9-10+,2,328276.25472,328297.14432,20.88959999999497,328276.25472,328297.14432,20.88959999999497,4,3.582224616182195,RankSurprise
microVA_R_9-10+,2,329014.8864,329029.05856,14.17215999995824,329014.8864,329029.05856,14.17215999995824,4,4.775688305840049,RankSurprise
microVA_R_9-10+,2,332502.34368,332510.49472,8.151040000026114,332502.34368,332510.49472,8.151040000026114,3,4.065782103541663,RankSurprise
microVA_R_9-10+,2,333002.3424,333068.73856,66.39616000000387,333002.3424,333068.73856,66.39616000000387,5,5.596152421635953,RankSurprise
microVA_R_9-10+,2,334930.16576,334942.49472,12.328960000013467,334930.16576,334942.49472,12.328960000013467,4,5.460634639278293,RankSurprise
microVA_R_9-10+,2,336235.27424,336243.22048,7.946240000019316,336235.27424,336243.22048,7.946240000019316,3,3.945831753092735,RankSurprise
microVA_R_9-10+,2,347255.15264,347362.5088,107.35616000002483,347255.15264,347362.5088,107.35616000002483,6,3.6069775225250225,RankSurprise
microVA_R_9-10+,2,347888.27136,347908.5056,20.234239999961574,347888.27136,347908.5056,20.234239999961574,4,3.9650498103995666,RankSurprise
microVA_R_9-10+,2,348198.0928,348205.13792,7.045120000024326,348198.0928,348205.13792,7.045120000024326,3,5.035143676823617,RankSurprise
microVA_R_9-10+,2,348761.04704,348766.37184,5.324800000002142,348761.04704,348766.37184,5.324800000002142,3,7.161948987273936,RankSurprise
microVA_R_9-10+,2,353018.10176,353027.44064,9.338879999995697,353018.10176,353027.44064,9.338879999995697,4,6.974651408882249,RankSurprise
microVA_R_9-10+,2,354170.79808,354190.78656,19.98847999999998,354170.79808,354190.78656,19.98847999999998,5,5.9202331459087105,RankSurprise
microVA_R_9-10+,2,356866.08896,357010.96448,144.87552000000142,356866.08896,357010.96448,144.87552000000142,6,4.1106376438263075,RankSurprise
microVA_R_9-10+,2,360537.98912,360805.00736,267.0182400000049,360537.98912,360805.00736,267.0182400000049,14,8.852678846408894,RankSurprise
microVA_R_9-10+,2,361483.75552,361493.21728,9.461759999976493,361483.75552,361493.21728,9.461759999976493,3,3.595794718038702,RankSurprise
microVA_R_9-10+,2,362366.64832,362379.8784,13.230080000008456,362366.64832,362379.8784,13.230080000008456,4,5.32752083437985,RankSurprise
microVA_R_9-10+,2,362652.22144,362675.4048,23.18336000002455,362652.22144,362675.4048,23.18336000002455,5,5.56435100207695,RankSurprise
microVA_R_9-10+,2,362958.27456,362965.93408,7.6595199999865144,362958.27456,362965.93408,7.6595199999865144,3,4.250671278546777,RankSurprise
microVA_R_9-10+,2,367716.67968,367724.29824,7.618559999973513,367716.67968,367724.29824,7.618559999973513,3,4.293087252141698,RankSurprise
microVA_R_9-10+,2,370443.10016,370450.14528,7.045120000024326,370443.10016,370450.14528,7.045120000024326,3,4.856943454262121,RankSurprise
microVA_R_9-10+,2,371218.26816,371230.35136,12.083199999993667,371218.26816,371230.35136,12.083199999993667,4,5.67357167842248,RankSurprise
microVA_R_9-10+,2,371777.69984,371785.03168,7.33183999999892,371777.69984,371785.03168,7.33183999999892,3,4.606616903845138,RankSurprise
microVA_R_9-10+,2,372616.23296,372623.48288,7.249920000031125,372616.23296,372623.48288,7.249920000031125,3,4.625996918644576,RankSurprise
microVA_R_9-10+,2,377815.08096,377826.26304,11.182079999998678,377815.08096,377826.26304,11.182079999998678,4,6.257744737749654,RankSurprise
microVA_R_9-10+,2,391609.26208,391619.7888,10.52671999996528,391609.26208,391619.7888,10.52671999996528,3,3.5589060519765052,RankSurprise
microVA_R_9-10+,2,406214.77888,406222.27456,7.495679999992717,406214.77888,406222.27456,7.495679999992717,3,4.422494176423028,RankSurprise
microVA_R_9-10+,2,406808.82176,406816.1536,7.33183999999892,406808.82176,406816.1536,7.33183999999892,3,4.629895559060232,RankSurprise
microVA_R_9-10+,2,407355.43296,407365.632,10.199039999977686,407355.43296,407365.632,10.199039999977686,3,3.6333765766726973,RankSurprise
microVA_R_9-10+,2,407926.86592,407944.56064,17.694719999970403,407926.86592,407944.56064,17.694719999970403,4,4.227618293328561,RankSurprise
microVA_R_9-10+,2,408484.08576,408507.76064,23.674880000005942,408484.08576,408507.76064,23.674880000005942,5,5.239385968877269,RankSurprise
microVA_R_9-10+,2,410824.99072,411168.31744,343.32672000001185,410824.99072,411168.31744,343.32672000001185,9,3.8065691313260657,RankSurprise
microVA_R_9-10+,2,412497.3056,412504.80128,7.495679999992717,412497.3056,412504.80128,7.495679999992717,3,4.4049809162362035,RankSurprise
microVA_R_9-10+,2,413073.12128,413077.05344,3.9321599999675527,413073.12128,413077.05344,3.9321599999675527,3,8.097826852423395,RankSurprise
microVA_R_9-10+,2,415453.22496,415779.2256,326.00063999998383,415453.22496,415779.2256,326.00063999998383,11,4.716765241633808,RankSurprise
microVA_R_9-10+,2,435824.76288,435832.05376,7.290879999985918,435824.76288,435832.05376,7.290879999985918,3,4.296387585170354,RankSurprise
microVA_R_9-10+,2,452902.87104,453761.8432,858.9721600000048,452902.87104,453761.8432,858.9721600000048,21,5.281712647586606,RankSurprise
microVA_R_9-10+,2,458393.8048,458395.72992,1.9251200000289828,458393.8048,458395.72992,1.9251200000289828,3,10.711566374054364,RankSurprise
microVA_R_9-10+,2,458692.64896,458695.76192,3.1129599999985658,458692.64896,458695.76192,3.1129599999985658,3,8.775225676015202,RankSurprise
microVA_R_9-10+,2,473577.2672,473584.51712,7.249919999972917,473577.2672,473584.51712,7.249919999972917,3,4.738138514432533,RankSurprise
microVA_R_9-10+,2,482764.84096,482777.9072,13.066240000014659,482764.84096,482777.9072,13.066240000014659,4,5.241089670665488,RankSurprise
microVA_R_9-10+,4,1067.4176,1073.7664,6.348799999999983,1067.4176,1073.7664,6.348799999999983,3,6.258078200153918,RankSurprise
microVA_R_9-10+,4,1489.26464,1704.26368,214.99903999999992,1489.26464,1704.26368,214.99903999999992,7,4.445569530756202,RankSurprise
microVA_R_9-10+,4,11331.13344,11976.33536,645.2019199999995,11331.13344,11976.33536,645.2019199999995,12,7.212673009186819,RankSurprise
microVA_R_9-10+,4,17153.35168,17595.67872,442.3270400000001,17153.35168,17595.67872,442.3270400000001,7,4.005471959245316,RankSurprise
microVA_R_9-10+,4,22894.91968,22901.39136,6.4716800000023795,22894.91968,22901.39136,6.4716800000023795,3,6.007749682396351,RankSurprise
microVA_R_9-10+,4,38473.48224,38676.93056,203.44832000000315,38473.48224,38676.93056,203.44832000000315,6,5.049649414577786,RankSurprise
microVA_R_9-10+,4,43373.24032,43829.94432,456.7040000000052,43373.24032,43829.94432,456.7040000000052,9,3.5511141820297816,RankSurprise
microVA_R_9-10+,4,45330.47296,45548.05248,217.57951999999932,45330.47296,45548.05248,217.57951999999932,6,4.302944399484902,RankSurprise
microVA_R_9-10+,4,46608.62976,46620.30336,11.673599999994622,46608.62976,46620.30336,11.673599999994622,4,6.0137802762858605,RankSurprise
microVA_R_9-10+,4,71755.89888,72669.67552,913.776640000011,71755.89888,72669.67552,913.776640000011,15,7.157146245553581,RankSurprise
microVA_R_9-10+,4,76717.01504,76946.432,229.4169600000023,76717.01504,76946.432,229.4169600000023,6,4.344114766503159,RankSurprise
microVA_R_9-10+,4,80268.94336,81207.5008,938.5574399999896,80268.94336,81207.5008,938.5574399999896,14,5.2889157188504505,RankSurprise
microVA_R_9-10+,4,84466.2784,84479.5904,13.312000000005355,84466.2784,84479.5904,13.312000000005355,4,6.0721290573306455,RankSurprise
microVA_R_9-10+,4,87234.64192,87245.57824,10.936320000007981,87234.64192,87245.57824,10.936320000007981,4,6.976375611363977,RankSurprise
microVA_R_9-10+,4,88320.49152,88328.68352,8.192000000010012,88320.49152,88328.68352,8.192000000010012,3,4.010685240875077,RankSurprise
microVA_R_9-10+,4,91346.45248,91356.89728,10.444799999997485,91346.45248,91356.89728,10.444799999997485,3,3.990151157949647,RankSurprise
microVA_R_9-10+,4,92569.3952,92579.59424,10.19904000000679,92569.3952,92579.59424,10.19904000000679,3,3.5126478638565324,RankSurprise
microVA_R_9-10+,4,97513.39008,97521.54112,8.15103999999701,97513.39008,97521.54112,8.15103999999701,3,4.0439846934094295,RankSurprise
microVA_R_9-10+,4,104284.52864,104324.54656,40.01791999999841,104284.52864,104324.54656,40.01791999999841,6,6.5053435685431324,RankSurprise
microVA_R_9-10+,4,105690.35776,105715.01568,24.65791999999783,105690.35776,105715.01568,24.65791999999783,4,4.416516728659943,RankSurprise
microVA_R_9-10+,4,109364.06016,109373.19424,9.13408000000345,109364.06016,109373.19424,9.13408000000345,3,3.981996194242363,RankSurprise
microVA_R_9-10+,4,111270.05184,111277.95712,7.905280000006314,111270.05184,111277.95712,7.905280000006314,3,4.5853623366276,RankSurprise
microVA_R_9-10+,4,131825.00864,131831.64416,6.635520000010729,131825.00864,131831.64416,6.635520000010729,3,5.631002602717363,RankSurprise
microVA_R_9-10+,4,136423.38304,136435.05664,11.673600000009174,136423.38304,136435.05664,11.673600000009174,4,6.49313473905217,RankSurprise
microVA_R_9-10+,4,136926.78144,136933.08928,6.30783999999403,136926.78144,136933.08928,6.30783999999403,3,6.32260059629048,RankSurprise
microVA_R_9-10+,4,144254.40256,144261.5296,7.127040000021225,144254.40256,144261.5296,7.127040000021225,3,5.013166662173443,RankSurprise
microVA_R_9-10+,4,150410.89536,150951.40352,540.5081599999976,150410.89536,150951.40352,540.5081599999976,8,3.869969207041817,RankSurprise
microVA_R_9-10+,4,151546.34752,151765.48352,219.1359999999986,151546.34752,151765.48352,219.1359999999986,6,3.8977908052723755,RankSurprise
microVA_R_9-10+,4,157708.65664,157720.7808,12.124160000006668,157708.65664,157720.7808,12.124160000006668,3,3.574744396493184,RankSurprise
microVA_R_9-10+,4,161894.03136,164699.17696,2805.145600000018,161894.03136,164699.17696,2805.145600000018,29,4.075755240247809,RankSurprise
microVA_R_9-10+,4,167206.33856,167619.70688,413.3683200000087,167206.33856,167619.70688,413.3683200000087,8,4.123954509037061,RankSurprise
microVA_R_9-10+,4,171845.71392,171853.94688,8.23295999999391,171845.71392,171853.94688,8.23295999999391,3,4.0439846934094295,RankSurprise
microVA_R_9-10+,4,176020.48,176026.78784,6.30783999999403,176020.48,176026.78784,6.30783999999403,3,6.389274177986341,RankSurprise
microVA_R_9-10+,4,183133.26592,184826.38848,1693.1225599999889,183133.26592,184826.38848,1693.1225599999889,22,6.463992462974579,RankSurprise
microVA_R_9-10+,4,186245.48864,186941.52192,696.0332800000033,186245.48864,186941.52192,696.0332800000033,11,3.8390237418965136,RankSurprise
microVA_R_9-10+,4,195507.4048,195514.368,6.963199999998324,195507.4048,195514.368,6.963199999998324,3,5.168998151353492,RankSurprise
microVA_R_9-10+,4,200635.10528,201081.32352,446.2182400000165,200635.10528,201081.32352,446.2182400000165,11,6.6575511809464745,RankSurprise
microVA_R_9-10+,4,203432.01792,203480.18688,48.16895999998087,203432.01792,203480.18688,48.16895999998087,5,4.33140318073789,RankSurprise
microVA_R_9-10+,4,223427.25632,223438.19264,10.936320000007981,223427.25632,223438.19264,10.936320000007981,3,3.574744396493184,RankSurprise
microVA_R_9-10+,4,236380.48768,236388.7616,8.27392000000691,236380.48768,236388.7616,8.27392000000691,3,4.2940314935693955,RankSurprise
microVA_R_9-10+,4,238675.02592,238686.16704,11.14112000001478,238675.02592,238686.16704,11.14112000001478,3,3.5353018425755316,RankSurprise
microVA_R_9-10+,4,242328.04352,243296.70656,968.6630399999849,242328.04352,243296.70656,968.6630399999849,16,6.46552409724455,RankSurprise
microVA_R_9-10+,4,268140.29824,268150.49728,10.199040000035893,268140.29824,268150.49728,10.199040000035893,3,3.7956343280618725,RankSurprise
microVA_R_9-10+,4,273991.51616,273999.2576,7.741440000012517,273991.51616,273999.2576,7.741440000012517,3,4.32277454447318,RankSurprise
microVA_R_9-10+,4,277439.44704,277669.56032,230.11327999999048,277439.44704,277669.56032,230.11327999999048,6,3.5779634501314224,RankSurprise
microVA_R_9-10+,4,286061.40416,286068.61312,7.2089600000181235,286061.40416,286068.61312,7.2089600000181235,3,4.837156919605404,RankSurprise
microVA_R_9-10+,4,288948.10112,289239.40864,291.307519999973,288948.10112,289239.40864,291.307519999973,7,3.838747003159223,RankSurprise
microVA_R_9-10+,4,294303.66208,294336.83968,33.17759999999544,294303.66208,294336.83968,33.17759999999544,4,4.467848810425252,RankSurprise
microVA_R_9-10+,4,301607.44448,302662.53312,1055.0886399999727,301607.44448,302662.53312,1055.0886399999727,18,5.853776658341799,RankSurprise
microVA_R_9-10+,4,319345.78688,319394.28352,48.496639999968465,319345.78688,319394.28352,48.496639999968465,5,5.584434003608376,RankSurprise
microVA_R_9-10+,4,331509.02272,331777.39264,268.36991999996826,331509.02272,331777.39264,268.36991999996826,7,4.353237904337754,RankSurprise
microVA_R_9-10+,4,332711.5264,332719.80032,8.27392000000691,332711.5264,332719.80032,8.27392000000691,3,4.027265664521494,RankSurprise
microVA_R_9-10+,4,352134.144,352449.04448,314.90048000001116,352134.144,352449.04448,314.90048000001116,7,5.080586436523389,RankSurprise
microVA_R_9-10+,4,359275.35616,359281.17248,5.816319999983534,359275.35616,359281.17248,5.816319999983534,3,7.6764047899859165,RankSurprise
microVA_R_9-10+,4,363245.24032,363259.0848,13.844480000028852,363245.24032,363259.0848,13.844480000028852,4,5.5218920264679205,RankSurprise
microVA_R_9-10+,4,370073.55904,370121.728,48.16895999998087,370073.55904,370121.728,48.16895999998087,4,4.552443676306222,RankSurprise
microVA_R_9-10+,4,371146.1376,371178.45504,32.31743999995524,371146.1376,371178.45504,32.31743999995524,6,9.815630769934018,RankSurprise
microVA_R_9-10+,4,371730.432,371741.2864,10.854400000011083,371730.432,371741.2864,10.854400000011083,4,6.936814471112985,RankSurprise
microVA_R_9-10+,4,372593.82784,372601.856,8.028160000045318,372593.82784,372601.856,8.028160000045318,3,4.116642338985505,RankSurprise
microVA_R_9-10+,4,374343.84384,374449.52064,105.67680000001565,374343.84384,374449.52064,105.67680000001565,5,3.6788640719837815,RankSurprise
microVA_R_9-10+,4,377729.96608,377739.83744,9.87135999999009,377729.96608,377739.83744,9.87135999999009,3,3.9337526003580834,RankSurprise
microVA_R_9-10+,4,379378.19648,379385.89696,7.700479999999516,379378.19648,379385.89696,7.700479999999516,3,4.376567598621358,RankSurprise
microVA_R_9-10+,4,384192.512,384202.26048,9.748480000009295,384192.512,384202.26048,9.748480000009295,4,8.370506940108829,RankSurprise
microVA_R_9-10+,4,386883.91168,386891.93984,8.02815999998711,386883.91168,386891.93984,8.02815999998711,3,4.31795525803723,RankSurprise
microVA_R_9-10+,4,391316.43904,391322.2144,5.775359999970533,391316.43904,391322.2144,5.775359999970533,3,7.923304828755825,RankSurprise
microVA_R_9-10+,4,392852.6848,394175.61088,1322.9260800000047,392852.6848,394175.61088,1322.9260800000047,16,3.976576589221052,RankSurprise
microVA_R_9-10+,4,405536.93184,405542.62528,5.693440000002738,405536.93184,405542.62528,5.693440000002738,3,8.308516079959492,RankSurprise
microVA_R_9-10+,4,406909.82912,406989.12768,79.29855999996653,406909.82912,406989.12768,79.29855999996653,5,4.020841525964194,RankSurprise
microVA_R_9-10+,4,412214.72256,412232.66304,17.940479999990202,412214.72256,412232.66304,17.940479999990202,4,4.151479470608823,RankSurprise
microVA_R_9-10+,4,421095.91552,421103.8208,7.905280000006314,421095.91552,421103.8208,7.905280000006314,3,4.228528473340102,RankSurprise
microVA_R_9-10+,4,423562.32192,423571.33312,9.011200000008103,423562.32192,423571.33312,9.011200000008103,3,4.120999644354461,RankSurprise
microVA_R_9-10+,4,439067.56608,439075.2256,7.6595199999865144,439067.56608,439075.2256,7.6595199999865144,3,4.624252525897521,RankSurprise
microVA_R_9-10+,4,441654.23104,441904.57856,250.34752000001026,441654.23104,441904.57856,250.34752000001026,7,4.870197087122854,RankSurprise
microVA_R_9-10+,4,446186.37312,446193.0496,6.67648000002373,446186.37312,446193.0496,6.67648000002373,3,5.631002602717363,RankSurprise
microVA_R_9-10+,4,446758.78912,446767.75936,8.970240000053309,446758.78912,446767.75936,8.970240000053309,3,4.112294506049402,RankSurprise
microVA_R_9-10+,4,477150.33088,477698.2528,547.9219199999934,477150.33088,477698.2528,547.9219199999934,11,5.799047596794852,RankSurprise
microVA_R_9-10+,4,486231.57248,486238.57664,7.004160000011325,486231.57248,486238.57664,7.004160000011325,3,5.096657298257332,RankSurprise
microVoSTN_R_1-2+,0,171568.45568,171672.08448,103.62879999997676,171568.45568,171672.08448,103.62879999997676,3,3.7693167169316713,RankSurprise
microVoSTN_R_1-2+,0,201329.90976,201523.03616,193.12639999997918,201329.90976,201523.03616,193.12639999997918,4,4.5229411490253995,RankSurprise
microVoSTN_R_1-2+,0,241441.50528,241558.40512,116.89983999999822,241441.50528,241558.40512,116.89983999999822,3,3.5602478298140117,RankSurprise
microVoSTN_R_1-2+,0,246317.056,246432.48128,115.42527999999584,246317.056,246432.48128,115.42527999999584,3,3.5112254732193424,RankSurprise
microVoSTN_R_1-2+,0,259928.96512,259991.42912,62.463999999978114,259928.96512,259991.42912,62.463999999978114,3,4.835552506700321,RankSurprise
microVoSTN_R_1-2+,0,262766.51008,267229.83936,4463.329280000005,262766.51008,267229.83936,4463.329280000005,24,7.520823032092817,RankSurprise
microVoSTN_R_1-2+,0,281720.4224,284592.45568,2872.0332800000324,281720.4224,284592.45568,2872.0332800000324,17,6.200862087293254,RankSurprise
microVoSTN_R_1-2+,0,288022.77376,288824.85248,802.0787199999904,288022.77376,288824.85248,802.0787199999904,6,3.660463695740217,RankSurprise
microVoSTN_R_1-2+,0,328411.5456,329778.09408,1366.5484799999977,328411.5456,329778.09408,1366.5484799999977,9,4.286996337072626,RankSurprise
microVoSTN_R_1-2+,0,354132.86912,354402.83648,269.96736000000965,354132.86912,354402.83648,269.96736000000965,4,3.5261518370779257,RankSurprise
microVoSTN_R_1-2+,0,358360.92416,358725.18144,364.2572800000198,358360.92416,358725.18144,364.2572800000198,5,4.242931128436773,RankSurprise
microVoSTN_R_1-2+,0,372815.54432,372850.76992,35.225600000005215,372815.54432,372850.76992,35.225600000005215,3,6.212544475157896,RankSurprise
microVoSTN_R_1-2+,0,388938.42432,391722.72128,2784.296960000007,388938.42432,391722.72128,2784.296960000007,18,6.541654930058123,RankSurprise
microVoSTN_R_1-2+,0,414774.8864,415379.16928,604.2828799999552,414774.8864,415379.16928,604.2828799999552,7,5.662525157801208,RankSurprise
microVoSTN_R_1-2+,0,423418.42944,430828.544,7410.114560000016,423418.42944,430828.544,7410.114560000016,39,10.755507192893024,RankSurprise
microVoSTN_R_1-2+,0,436486.47168,438923.4688,2436.9971199999563,436486.47168,438923.4688,2436.9971199999563,16,7.373729911028004,RankSurprise
microVoSTN_R_1-2+,0,442493.21472,443890.52416,1397.3094399999827,442493.21472,443890.52416,1397.3094399999827,9,3.7705050103768816,RankSurprise
microVoSTN_R_1-2+,0,450759.35232,451421.71648,662.3641599999974,450759.35232,451421.71648,662.3641599999974,7,4.760867306575179,RankSurprise
microVoSTN_R_1-2+,0,452620.45184,458290.62656,5670.17472000001,452620.45184,458290.62656,5670.17472000001,44,21.856089553436426,RankSurprise
microVoSTN_R_1-2+,0,463980.70784,466309.07904,2328.371199999994,463980.70784,466309.07904,2328.371199999994,13,3.522794120995019,RankSurprise
microVoSTN_R_1-2+,0,472589.7216,472901.46816,311.7465599999996,472589.7216,472901.46816,311.7465599999996,4,3.5707861635873854,RankSurprise
microVoSTN_R_1-2+,0,479786.5984,479839.35488,52.75647999998182,479786.5984,479839.35488,52.75647999998182,3,5.298352379940663,RankSurprise
microVoSTN_R_1-2+,0,482077.81888,484054.17984,1976.36096000002,482077.81888,484054.17984,1976.36096000002,11,4.4059293402241275,RankSurprise
microVoSTN_R_1-2+,1,3199.42656,3255.0912,55.66463999999996,3199.42656,3255.0912,55.66463999999996,3,4.118268930791995,RankSurprise
microVoSTN_R_1-2+,1,7197.94176,7354.40896,156.46720000000005,7197.94176,7354.40896,156.46720000000005,4,3.9504587095145602,RankSurprise
microVoSTN_R_1-2+,1,30857.05216,30903.00928,45.95711999999912,30857.05216,30903.00928,45.95711999999912,3,4.485713617808669,RankSurprise
microVoSTN_R_1-2+,1,116055.6544,116555.53024,499.87583999999333,116055.6544,116555.53024,499.87583999999333,7,4.91079971154229,RankSurprise
microVoSTN_R_1-2+,1,119016.40704,119405.93664,389.5295999999944,119016.40704,119405.93664,389.5295999999944,6,4.513399817914353,RankSurprise
microVoSTN_R_1-2+,1,174233.96864,174390.96832,156.99968000000808,174233.96864,174390.96832,156.99968000000808,4,3.9246631428898198,RankSurprise
microVoSTN_R_1-2+,1,190292.1728,190563.20512,271.03231999999844,190292.1728,190563.20512,271.03231999999844,6,5.633099685224671,RankSurprise
microVoSTN_R_1-2+,1,263360.43008,263733.41184,372.9817599999951,263360.43008,263733.41184,372.9817599999951,8,7.709198368663794,RankSurprise
microVoSTN_R_1-2+,1,283459.29728,284066.4064,607.1091199999792,283459.29728,284066.4064,607.1091199999792,8,4.96670805194929,RankSurprise
microVoSTN_R_1-2+,1,286258.13504,286311.95648,53.82143999997061,286258.13504,286311.95648,53.82143999997061,3,4.213753000958883,RankSurprise
microVoSTN_R_1-2+,1,289681.53088,289698.24256,16.711680000007618,289681.53088,289698.24256,16.711680000007618,3,6.37228122729489,RankSurprise
microVoSTN_R_1-2+,1,298224.80384,298360.99584,136.1919999999809,298224.80384,298360.99584,136.1919999999809,4,4.337022969453024,RankSurprise
microVoSTN_R_1-2+,1,357477.33504,358381.64992,904.3148800000199,357477.33504,358381.64992,904.3148800000199,13,8.394946536009574,RankSurprise
microVoSTN_R_1-2+,1,358931.6608,361069.48608,2137.82527999999,358931.6608,361069.48608,2137.82527999999,23,11.183293519951532,RankSurprise
microVoSTN_R_1-2+,1,361580.544,361602.21184,21.667840000009164,361580.544,361602.21184,21.667840000009164,3,5.957884421197685,RankSurprise
microVoSTN_R_1-2+,1,363050.96704,363094.67136,43.70431999996072,363050.96704,363094.67136,43.70431999996072,3,4.554096902630276,RankSurprise
microVoSTN_R_1-2+,1,371500.97408,372782.85824,1281.8841599999578,371500.97408,372782.85824,1281.8841599999578,12,5.570424765286922,RankSurprise
microVoSTN_R_1-2+,1,375803.41248,377639.36256,1835.9500799999805,375803.41248,377639.36256,1835.9500799999805,16,5.828711111910911,RankSurprise
microVoSTN_R_1-2+,1,389182.17728,390806.44608,1624.2688000000198,389182.17728,390806.44608,1624.2688000000198,15,5.579063041590199,RankSurprise
microVoSTN_R_1-2+,1,418401.03424,418441.09312,40.05887999996776,418401.03424,418441.09312,40.05887999996776,3,4.774505254608632,RankSurprise
microVoSTN_R_1-2+,1,421908.80768,421946.44992,37.64223999995738,421908.80768,421946.44992,37.64223999995738,3,4.95029602596208,RankSurprise
microVoSTN_R_1-2+,1,423384.76032,424106.3936,721.6332800000091,423384.76032,424106.3936,721.6332800000091,9,4.8562918324581625,RankSurprise
microVoSTN_R_1-2+,1,426792.3456,428442.4192,1650.0736000000034,426792.3456,428442.4192,1650.0736000000034,16,7.8733967584190445,RankSurprise
microVoSTN_R_1-2+,1,429595.648,430136.44288,540.7948800000013,429595.648,430136.44288,540.7948800000013,7,4.589131784467443,RankSurprise
microVoSTN_R_1-2+,1,434901.1968,437746.64704,2845.4502400000347,434901.1968,437746.64704,2845.4502400000347,24,9.789987381976708,RankSurprise
microVoSTN_R_1-2+,1,439964.95872,442028.032,2063.0732800000114,439964.95872,442028.032,2063.0732800000114,20,6.783048161428239,RankSurprise
microVoSTN_R_1-2+,1,442651.60704,443623.2192,971.6121600000188,442651.60704,443623.2192,971.6121600000188,9,3.6357038549804814,RankSurprise
microVoSTN_R_1-2+,1,446015.488,446406.94272,391.4547199999797,446015.488,446406.94272,391.4547199999797,8,7.126407676459534,RankSurprise
microVoSTN_R_1-2+,1,451390.21824,451448.25856,58.04031999997096,451390.21824,451448.25856,58.04031999997096,4,6.853501181613783,RankSurprise
microVoSTN_R_1-2+,1,454853.14048,459869.47072,5016.330239999981,454853.14048,459869.47072,5016.330239999981,59,28.571773066150026,RankSurprise
microVoSTN_R_1-2+,1,472017.05984,472770.31424,753.2543999999762,472017.05984,472770.31424,753.2543999999762,9,5.423474768453241,RankSurprise
microVoSTN_R_1-2+,1,476019.79392,476280.95488,261.16095999995014,476019.79392,476280.95488,261.16095999995014,5,4.420665248861361,RankSurprise
microVoSTN_R_1-2+,1,479626.8544,479675.10528,48.25088000000687,479626.8544,479675.10528,48.25088000000687,3,4.4304610634911015,RankSurprise
microVoSTN_R_1-2+,4,88485.84704,88545.23904,59.3920000000071,88485.84704,88545.23904,59.3920000000071,3,5.2370494405457,RankSurprise
microVoSTN_R_1-2+,4,101740.7488,101834.38336,93.63456000000588,101740.7488,101834.38336,93.63456000000588,3,4.245792154029871,RankSurprise
microVoSTN_R_1-2+,4,141277.34784,143648.768,2371.4201600000088,141277.34784,143648.768,2371.4201600000088,12,3.871250967728311,RankSurprise
microVoSTN_R_1-2+,4,254333.82912,255129.23136,795.4022399999958,254333.82912,255129.23136,795.4022399999958,6,4.467243623321212,RankSurprise
microVoSTN_R_1-2+,4,262611.27168,264011.9808,1400.709120000014,262611.27168,264011.9808,1400.709120000014,13,9.147401860999082,RankSurprise
microVoSTN_R_1-2+,4,273227.85792,273320.67328,92.81536000000779,273227.85792,273320.67328,92.81536000000779,3,4.388712337356605,RankSurprise
microVoSTN_R_1-2+,4,279189.83168,279628.88192,439.0502400000114,279189.83168,279628.88192,439.0502400000114,5,4.340913487927544,RankSurprise
microVoSTN_R_1-2+,4,283705.79456,283883.84768,178.05311999999685,283705.79456,283883.84768,178.05311999999685,4,5.330661970085824,RankSurprise
microVoSTN_R_1-2+,4,299548.42624,300210.01216,661.5859199999832,299548.42624,300210.01216,661.5859199999832,7,5.789292515233605,RankSurprise
microVoSTN_R_1-2+,4,353870.76608,354164.40832,293.6422400000156,353870.76608,354164.40832,293.6422400000156,4,3.686359059680651,RankSurprise
microVoSTN_R_1-2+,4,357431.58272,357483.1104,51.527679999999236,357431.58272,357483.1104,51.527679999999236,4,9.211899494636306,RankSurprise
microVoSTN_R_1-2+,4,357483.1104,358662.30784,1179.197440000018,357483.1104,358662.30784,1179.197440000018,8,4.1296736182554765,RankSurprise
microVoSTN_R_1-2+,4,363832.03328,364383.55968,551.5264000000316,363832.03328,364383.55968,551.5264000000316,6,4.885735478082353,RankSurprise
microVoSTN_R_1-2+,4,370372.77184,372209.2544,1836.482559999975,370372.77184,372209.2544,1836.482559999975,11,4.954928170079812,RankSurprise
microVoSTN_R_1-2+,4,373187.42016,376452.01408,3264.593920000014,373187.42016,376452.01408,3264.593920000014,18,5.54339277153562,RankSurprise
microVoSTN_R_1-2+,4,379456.06144,379498.98752,42.92608000000473,379456.06144,379498.98752,42.92608000000473,3,5.955839051718982,RankSurprise
microVoSTN_R_1-2+,4,388105.25696,389352.28416,1247.0271999999532,388105.25696,389352.28416,1247.0271999999532,11,7.235932355230095,RankSurprise
microVoSTN_R_1-2+,4,420703.19104,420799.36512,96.17407999996794,420703.19104,420799.36512,96.17407999996794,3,4.200334999513938,RankSurprise
microVoSTN_R_1-2+,4,426931.07712,428102.98368,1171.9065600000322,426931.07712,428102.98368,1171.9065600000322,12,9.961436582980133,RankSurprise
microVoSTN_R_1-2+,4,439835.648,442033.5616,2197.913600000029,439835.648,442033.5616,2197.913600000029,18,11.654124347710317,RankSurprise
microVoSTN_R_1-2+,4,444515.45088,445098.31168,582.8607999999658,444515.45088,445098.31168,582.8607999999658,6,4.565523363592104,RankSurprise
microVoSTN_R_1-2+,4,449149.37856,449168.75264,19.374080000037793,449149.37856,449168.75264,19.374080000037793,3,7.94826921640919,RankSurprise
microVoSTN_R_1-2+,4,453558.19008,455443.0464,1884.8563200000208,453558.19008,455443.0464,1884.8563200000208,14,9.344450838977515,RankSurprise
microVoSTN_R_1-2+,4,463796.87936,463865.4464,68.56703999999445,463796.87936,463865.4464,68.56703999999445,3,4.955875844120714,RankSurprise
microVoSTN_R_1-2+,4,477026.304,479977.63584,2951.331839999999,477026.304,479977.63584,2951.331839999999,17,5.791050714186704,RankSurprise
microVoSTN_R_1-2+,4,483137.41312,483299.36896,161.95584000000963,483137.41312,483299.36896,161.95584000000963,4,5.553962612231427,RankSurprise
microVoSTN_R_1-3+,2,11849.56416,11940.98688,91.42272000000048,11849.56416,11940.98688,91.42272000000048,4,5.766541994846158,RankSurprise
microVoSTN_R_1-3+,2,17127.95648,17895.424,767.4675199999983,17127.95648,17895.424,767.4675199999983,9,4.6469276815449145,RankSurprise
microVoSTN_R_1-3+,2,25960.2432,26146.36544,186.1222400000006,25960.2432,26146.36544,186.1222400000006,5,5.642999597879729,RankSurprise
microVoSTN_R_1-3+,2,52266.1888,52457.30816,191.11935999999696,52266.1888,52457.30816,191.11935999999696,4,3.536789265341792,RankSurprise
microVoSTN_R_1-3+,2,69017.72288,69317.05856,299.3356800000038,69017.72288,69317.05856,299.3356800000038,5,3.867039015561719,RankSurprise
microVoSTN_R_1-3+,2,78210.90816,78294.016,83.10783999999694,78210.90816,78294.016,83.10783999999694,3,3.523869622607638,RankSurprise
microVoSTN_R_1-3+,2,90559.488,90616.66816,57.180160000003525,90559.488,90616.66816,57.180160000003525,3,4.203411151111805,RankSurprise
microVoSTN_R_1-3+,2,91844.85376,92668.60032,823.7465599999996,91844.85376,92668.60032,823.7465599999996,11,6.965144757629707,RankSurprise
microVoSTN_R_1-3+,2,104002.80576,104488.59136,485.7856000000029,104002.80576,104488.59136,485.7856000000029,7,4.6432761851920095,RankSurprise
microVoSTN_R_1-3+,2,130740.79744,130765.6192,24.82176000000618,130740.79744,130765.6192,24.82176000000618,3,5.640451850416799,RankSurprise
microVoSTN_R_1-3+,2,139112.98048,139155.41504,42.434559999994235,139112.98048,139155.41504,42.434559999994235,3,4.769806626032604,RankSurprise
microVoSTN_R_1-3+,2,142746.50112,143498.36288,751.8617599999998,142746.50112,143498.36288,751.8617599999998,8,3.6228863735445707,RankSurprise
microVoSTN_R_1-3+,2,145283.80928,146996.6336,1712.8243200000143,145283.80928,146996.6336,1712.8243200000143,14,4.359068490079073,RankSurprise
microVoSTN_R_1-3+,2,168066.62144,168271.91296,205.29151999999885,168066.62144,168271.91296,205.29151999999885,4,3.5475355557034085,RankSurprise
microVoSTN_R_1-3+,2,229656.82176,229728.58368,71.76192000001902,229656.82176,229728.58368,71.76192000001902,4,6.372737229534742,RankSurprise
microVoSTN_R_1-3+,2,295534.01856,295612.94848,78.92992000002414,295534.01856,295612.94848,78.92992000002414,3,3.579506141217678,RankSurprise
microVoSTN_R_1-3+,2,300165.28384,300257.23904,91.9552000000258,300165.28384,300257.23904,91.9552000000258,4,5.626981389882747,RankSurprise
microVoSTN_R_1-3+,2,308998.63552,309560.7296,562.0940800000099,308998.63552,309560.7296,562.0940800000099,10,9.426852727616167,RankSurprise
microVoSTN_R_1-3+,2,310984.82688,311212.93312,228.1062399999937,310984.82688,311212.93312,228.1062399999937,5,4.844804650052588,RankSurprise
microVoSTN_R_1-3+,2,314448.32256,314535.89504,87.57247999997344,314448.32256,314535.89504,87.57247999997344,4,5.819640952483351,RankSurprise
microVoSTN_R_1-3+,2,333620.10112,333945.89696,325.79583999997703,333620.10112,333945.89696,325.79583999997703,6,5.150097050000383,RankSurprise
microVoSTN_R_1-3+,2,334753.54624,334769.47968,15.933439999993425,334753.54624,334769.47968,15.933439999993425,3,6.471263437186957,RankSurprise
microVoSTN_R_1-3+,2,345615.93344,346113.72032,497.78688000002876,345615.93344,346113.72032,497.78688000002876,6,3.9243632610934593,RankSurprise
microVoSTN_R_1-3+,2,346729.55392,346899.94752,170.39360000001034,346729.55392,346899.94752,170.39360000001034,4,3.9175280323815507,RankSurprise
microVoSTN_R_1-3+,2,347771.20768,348556.61568,785.4079999999958,347771.20768,348556.61568,785.4079999999958,8,4.210511766530352,RankSurprise
microVoSTN_R_1-3+,2,353921.35168,354042.59328,121.24159999995027,353921.35168,354042.59328,121.24159999995027,5,7.226798337195717,RankSurprise
microVoSTN_R_1-3+,2,357931.17184,357971.31264,40.14079999999376,357931.17184,357971.31264,40.14079999999376,3,4.800735282894202,RankSurprise
microVoSTN_R_1-3+,2,363173.19168,363264.4096,91.2179200000246,363173.19168,363264.4096,91.2179200000246,4,5.6996244482388825,RankSurprise
microVoSTN_R_1-3+,2,367582.45376,367618.12992,35.676159999973606,367582.45376,367618.12992,35.676159999973606,3,5.127304215195908,RankSurprise
microVoSTN_R_1-3+,2,369455.7184,370619.96544,1164.2470399999875,369455.7184,370619.96544,1164.2470399999875,10,3.8853951912963227,RankSurprise
microVoSTN_R_1-3+,2,374428.30336,380741.95968,6313.656320000009,374428.30336,380741.95968,6313.656320000009,51,13.346664238251725,RankSurprise
microVoSTN_R_1-3+,2,389089.52576,389476.39296,386.867200000037,389089.52576,389476.39296,386.867200000037,6,4.708179610488216,RankSurprise
microVoSTN_R_1-3+,2,390439.64928,390521.89696,82.2476799999713,390439.64928,390521.89696,82.2476799999713,3,3.5183901568430116,RankSurprise
microVoSTN_R_1-3+,2,403231.9488,403831.15264,599.2038399999728,403231.9488,403831.15264,599.2038399999728,7,3.9897197990408784,RankSurprise
microVoSTN_R_1-3+,2,405074.1248,405101.9776,27.852799999993294,405074.1248,405101.9776,27.852799999993294,3,5.374373801830295,RankSurprise
microVoSTN_R_1-3+,2,408791.36768,408860.22144,68.85375999996904,408791.36768,408860.22144,68.85375999996904,3,3.8062768563626754,RankSurprise
microVoSTN_R_1-3+,2,417820.18048,418597.56032,777.3798400000087,417820.18048,418597.56032,777.3798400000087,9,4.69030234769985,RankSurprise
microVoSTN_R_1-3+,2,429411.90144,430361.8048,949.9033599999966,429411.90144,430361.8048,949.9033599999966,10,4.5889994372405,RankSurprise
microVoSTN_R_1-3+,2,434376.82688,436617.33888,2240.511999999988,434376.82688,436617.33888,2240.511999999988,16,3.7927592078236603,RankSurprise
microVoSTN_R_1-3+,2,437598.04416,437933.21984,335.17567999998573,437598.04416,437933.21984,335.17567999998573,7,6.7557088114596695,RankSurprise
microVoSTN_R_1-3+,2,441482.56768,441698.05824,215.49056000000564,441482.56768,441698.05824,215.49056000000564,7,9.220493777028182,RankSurprise
microVoSTN_R_1-3+,2,453095.66976,453606.76864,511.098880000005,453095.66976,453606.76864,511.098880000005,6,3.592683568869632,RankSurprise
microVoSTN_R_1-3+,2,461941.9648,461997.91616,55.95136000000639,461941.9648,461997.91616,55.95136000000639,4,6.960472945615496,RankSurprise
microVoSTN_R_1-3+,2,481847.7056,481986.43712,138.7315200000303,481847.7056,481986.43712,138.7315200000303,5,6.641215658663967,RankSurprise
microVoSTN_R_1-3+,2,485917.85984,486021.98016,104.12031999998726,485917.85984,486021.98016,104.12031999998726,4,5.243479984167301,RankSurprise
microVoSTN_R_1-3+,3,91824.90624,92031.05792,206.15168000000995,91824.90624,92031.05792,206.15168000000995,5,8.308938457387509,RankSurprise
microVoSTN_R_1-3+,3,104619.04896,104687.57504,68.526079999996,104619.04896,104687.57504,68.526079999996,3,5.344705142034627,RankSurprise
microVoSTN_R_1-3+,3,106226.72896,107043.0208,816.2918400000053,106226.72896,107043.0208,816.2918400000053,6,5.287001434577061,RankSurprise
microVoSTN_R_1-3+,3,175810.92864,176856.064,1045.1353600000148,175810.92864,176856.064,1045.1353600000148,6,4.406298096040269,RankSurprise
microVoSTN_R_1-3+,3,197522.75968,197596.03712,73.2774400000053,197522.75968,197596.03712,73.2774400000053,4,8.535367855090378,RankSurprise
microVoSTN_R_1-3+,3,208043.6224,208224.95232,181.32992000001832,208043.6224,208224.95232,181.32992000001832,4,6.102354261266115,RankSurprise
microVoSTN_R_1-3+,3,247874.39616,248013.70112,139.30496000000858,247874.39616,248013.70112,139.30496000000858,3,4.1973026891970875,RankSurprise
microVoSTN_R_1-3+,3,296892.45696,301295.98464,4403.527679999999,296892.45696,301295.98464,4403.527679999999,17,7.024242498443663,RankSurprise
microVoSTN_R_1-3+,3,333164.1344,333799.58784,635.453440000012,333164.1344,333799.58784,635.453440000012,7,8.3976482910955,RankSurprise
microVoSTN_R_1-3+,3,343570.96448,348398.46912,4827.504639999999,343570.96448,348398.46912,4827.504639999999,18,7.101086865866703,RankSurprise
microVoSTN_R_1-3+,3,352437.41184,357477.33504,5039.923199999961,352437.41184,357477.33504,5039.923199999961,18,7.825924108381665,RankSurprise
microVoSTN_R_1-3+,3,369489.34656,369589.53472,100.1881600000197,369489.34656,369589.53472,100.1881600000197,3,4.7028512558622335,RankSurprise
microVoSTN_R_1-3+,3,372118.07744,374272.45056,2154.373120000004,372118.07744,374272.45056,2154.373120000004,8,3.5526397744659994,RankSurprise
microVoSTN_R_1-3+,3,388393.00096,388547.29728,154.29632000002312,388393.00096,388547.29728,154.29632000002312,5,9.347051816748092,RankSurprise
microVoSTN_R_1-3+,3,392727.42912,393042.3296,314.90048000001116,392727.42912,393042.3296,314.90048000001116,4,4.530106075401424,RankSurprise
microVoSTN_R_1-3+,3,436611.52256,437344.8704,733.3478400000022,436611.52256,437344.8704,733.3478400000022,5,3.9655189119330068,RankSurprise
microVoSTN_R_1-3+,3,454535.41376,458528.3584,3992.9446400000015,454535.41376,458528.3584,3992.9446400000015,15,6.249964599382529,RankSurprise
microVoSTN_R_1-3+,4,7186.10432,7293.1328,107.02847999999994,7186.10432,7293.1328,107.02847999999994,3,3.8154065836395503,RankSurprise
microVoSTN_R_1-3+,4,83679.51872,83736.61696,57.098240000006626,83679.51872,83736.61696,57.098240000006626,3,5.024716291893673,RankSurprise
microVoSTN_R_1-3+,4,106787.06176,107057.43872,270.3769600000087,106787.06176,107057.43872,270.3769600000087,4,4.081410925053085,RankSurprise
microVoSTN_R_1-3+,4,156021.47328,156485.632,464.1587200000067,156021.47328,156485.632,464.1587200000067,5,4.203778502565989,RankSurprise
microVoSTN_R_1-3+,4,234009.23136,234291.93728,282.7059200000076,234009.23136,234291.93728,282.7059200000076,4,3.9014343761239445,RankSurprise
microVoSTN_R_1-3+,4,244322.42688,245517.80352,1195.3766399999731,244322.42688,245517.80352,1195.3766399999731,8,4.469995856541652,RankSurprise
microVoSTN_R_1-3+,4,257793.72032,257852.08832,58.368000000016764,257793.72032,257852.08832,58.368000000016764,3,4.960192701589019,RankSurprise
microVoSTN_R_1-3+,4,299023.5648,302507.90912,3484.344320000033,299023.5648,302507.90912,3484.344320000033,23,11.789384066562222,RankSurprise
microVoSTN_R_1-3+,4,322168.99584,322303.50848,134.51264000002993,322168.99584,322303.50848,134.51264000002993,3,3.5165066578324886,RankSurprise
microVoSTN_R_1-3+,4,330589.02016,330918.66624,329.6460799999768,330589.02016,330918.66624,329.6460799999768,6,7.445043619277747,RankSurprise
microVoSTN_R_1-3+,4,345789.35808,345941.11488,151.75680000003194,345789.35808,345941.11488,151.75680000003194,4,5.383711678588149,RankSurprise
microVoSTN_R_1-3+,4,353506.67264,353773.89568,267.2230400000117,353506.67264,353773.89568,267.2230400000117,4,4.204885762545111,RankSurprise
microVoSTN_R_1-3+,4,354813.62432,359173.24288,4359.6185599999735,354813.62432,359173.24288,4359.6185599999735,19,5.5032123234956645,RankSurprise
microVoSTN_R_1-3+,4,376072.97024,376807.8336,734.8633600000176,376072.97024,376807.8336,734.8633600000176,7,5.252806725766094,RankSurprise
microVoSTN_R_1-3+,4,379115.7248,379964.08832,848.3635199999553,379115.7248,379964.08832,848.3635199999553,6,3.9162546621091754,RankSurprise
microVoSTN_R_1-3+,4,388771.96288,389584.56832,812.6054400000139,388771.96288,389584.56832,812.6054400000139,8,6.304745129703813,RankSurprise
microVoSTN_R_1-3+,4,392331.4688,392473.92768,142.45888000004925,392331.4688,392473.92768,142.45888000004925,4,5.630073406727334,RankSurprise
microVoSTN_R_1-3+,4,399063.53152,399195.38176,131.85023999999976,399063.53152,399195.38176,131.85023999999976,3,3.600509084891776,RankSurprise
microVoSTN_R_1-3+,4,405273.47712,406876.69248,1603.215360000031,405273.47712,406876.69248,1603.215360000031,10,5.36197418205664,RankSurprise
microVoSTN_R_1-3+,4,409807.01184,410026.72128,219.709440000006,409807.01184,410026.72128,219.709440000006,5,6.608413669321145,RankSurprise
microVoSTN_R_1-3+,4,414530.9696,418760.45824,4229.488639999996,414530.9696,418760.45824,4229.488639999996,23,8.72854804489671,RankSurprise
microVoSTN_R_1-3+,4,420719.8208,421194.99776,475.1769600000116,420719.8208,421194.99776,475.1769600000116,5,3.995528936418186,RankSurprise
microVoSTN_R_1-3+,4,429021.7984,429050.59328,28.794879999943078,429021.7984,429050.59328,28.794879999943078,3,6.17429502415381,RankSurprise
microVoSTN_R_1-3+,4,437536.64512,438006.3744,469.72927999997046,437536.64512,438006.3744,469.72927999997046,6,5.676605067525195,RankSurprise
microVoSTN_R_1-3+,4,444251.21792,445007.38048,756.1625599999679,444251.21792,445007.38048,756.1625599999679,6,3.8175729400531133,RankSurprise
microVoSTN_R_1-3+,4,475143.04512,475254.70208,111.65695999999298,475143.04512,475254.70208,111.65695999999298,3,3.925865140212366,RankSurprise
microVoSTN_R_2-3+,0,17977.46688,18022.48192,45.01503999999841,17977.46688,18022.48192,45.01503999999841,3,4.066055026103678,RankSurprise
microVoSTN_R_2-3+,0,72738.44736,72779.89888,41.451519999987795,72738.44736,72779.89888,41.451519999987795,3,4.24246150590913,RankSurprise
microVoSTN_R_2-3+,0,81889.52576,82127.872,238.34623999999894,81889.52576,82127.872,238.34623999999894,6,5.1856858303139575,RankSurprise
microVoSTN_R_2-3+,0,83514.65472,83655.63904,140.98431999998866,83514.65472,83655.63904,140.98431999998866,5,5.544975157267196,RankSurprise
microVoSTN_R_2-3+,0,90693.18144,90788.78208,95.6006400000042,90693.18144,90788.78208,95.6006400000042,4,4.711157768248857,RankSurprise
microVoSTN_R_2-3+,0,92354.56,92508.11904,153.55904000000737,92354.56,92508.11904,153.55904000000737,5,5.141302223279251,RankSurprise
microVoSTN_R_2-3+,0,95678.62784,95740.27264,61.644799999994575,95678.62784,95740.27264,61.644799999994575,4,5.904109620046583,RankSurprise
microVoSTN_R_2-3+,0,97395.95776,97633.60768,237.6499199999962,97395.95776,97633.60768,237.6499199999962,5,3.599496789927368,RankSurprise
microVoSTN_R_2-3+,0,104005.50912,104263.51616,258.0070399999968,104005.50912,104263.51616,258.0070399999968,5,4.0612063106991805,RankSurprise
microVoSTN_R_2-3+,0,108512.74752,108551.04512,38.29759999999078,108512.74752,108551.04512,38.29759999999078,4,7.379810010344663,RankSurprise
microVoSTN_R_2-3+,0,120750.65344,121103.23712,352.58368000001065,120750.65344,121103.23712,352.58368000001065,6,4.461437287454964,RankSurprise
microVoSTN_R_2-3+,0,127479.15264,127552.55296,73.40032000000065,127479.15264,127552.55296,73.40032000000065,4,5.363519783568471,RankSurprise
microVoSTN_R_2-3+,0,159718.35904,159754.40384,36.044800000003306,159718.35904,159754.40384,36.044800000003306,3,4.507255167259295,RankSurprise
microVoSTN_R_2-3+,0,166653.3376,166704.128,50.790399999998044,166653.3376,166704.128,50.790399999998044,3,3.887911961282711,RankSurprise
microVoSTN_R_2-3+,0,174978.08896,175011.0208,32.93184000000474,174978.08896,175011.0208,32.93184000000474,3,4.7378373841659265,RankSurprise
microVoSTN_R_2-3+,0,206986.40384,207039.65184,53.24799999999232,206986.40384,207039.65184,53.24799999999232,4,6.334883878463103,RankSurprise
microVoSTN_R_2-3+,0,209860.608,210269.5936,408.9855999999854,209860.608,210269.5936,408.9855999999854,7,4.255370229632006,RankSurprise
microVoSTN_R_2-3+,0,213269.21728,213628.7232,359.50591999999597,213269.21728,213628.7232,359.50591999999597,7,4.744219415242565,RankSurprise
microVoSTN_R_2-3+,0,214817.50528,214856.21248,38.70719999997527,214817.50528,214856.21248,38.70719999997527,4,7.338429715895817,RankSurprise
microVoSTN_R_2-3+,0,222499.47136,222888.46848,388.99712000001455,222499.47136,222888.46848,388.99712000001455,7,4.6549598215167265,RankSurprise
microVoSTN_R_2-3+,0,236688.62976,236742.69696,54.06719999999041,236688.62976,236742.69696,54.06719999999041,3,3.6806556485829507,RankSurprise
microVoSTN_R_2-3+,0,237236.224,237491.56864,255.3446400000248,237236.224,237491.56864,255.3446400000248,5,3.8236935018685756,RankSurprise
microVoSTN_R_2-3+,0,240643.11296,240709.26336,66.15040000001318,240643.11296,240709.26336,66.15040000001318,4,5.724859099094086,RankSurprise
microVoSTN_R_2-3+,0,241634.83648,241697.01376,62.17728000000352,241634.83648,241697.01376,62.17728000000352,4,5.891397698580096,RankSurprise
microVoSTN_R_2-3+,0,245214.78144,245811.65056,596.8691200000176,245214.78144,245811.65056,596.8691200000176,12,8.65864315326005,RankSurprise
microVoSTN_R_2-3+,0,249347.72736,249385.7792,38.051840000000084,249347.72736,249385.7792,38.051840000000084,3,4.401222940491005,RankSurprise
microVoSTN_R_2-3+,0,250693.38624,251088.77312,395.3868800000055,250693.38624,251088.77312,395.3868800000055,7,4.71116642209119,RankSurprise
microVoSTN_R_2-3+,0,253278.57664,253379.9936,101.41695999997319,253278.57664,253379.9936,101.41695999997319,4,4.480591379093305,RankSurprise
microVoSTN_R_2-3+,0,253999.26784,255204.06528,1204.797440000024,253999.26784,255204.06528,1204.797440000024,17,9.492779467801343,RankSurprise
microVoSTN_R_2-3+,0,260875.75552,260913.7664,38.01087999998708,260875.75552,260913.7664,38.01087999998708,3,4.421984434747449,RankSurprise
microVoSTN_R_2-3+,0,262241.03424,263020.01152,778.9772799999919,262241.03424,263020.01152,778.9772799999919,16,12.682178976414487,RankSurprise
microVoSTN_R_2-3+,0,265711.57504,265982.89408,271.31903999997303,265711.57504,265982.89408,271.31903999997303,6,4.9910417778542,RankSurprise
microVoSTN_R_2-3+,0,295553.26976,295577.68192,24.412160000007134,295553.26976,295577.68192,24.412160000007134,3,5.27687655095848,RankSurprise
microVoSTN_R_2-3+,0,311977.00096,312036.18816,59.18720000004396,311977.00096,312036.18816,59.18720000004396,3,3.628519921832595,RankSurprise
microVoSTN_R_2-3+,0,330988.544,331518.60736,530.0633600000292,330988.544,331518.60736,530.0633600000292,8,4.41464269504264,RankSurprise
microVoSTN_R_2-3+,0,332377.33376,333795.24608,1417.912320000003,332377.33376,333795.24608,1417.912320000003,16,6.0248439003997,RankSurprise
microVoSTN_R_2-3+,0,338550.41536,338596.00384,45.588480000034906,338550.41536,338596.00384,45.588480000034906,3,4.042899870921682,RankSurprise
microVoSTN_R_2-3+,0,343733.57568,343775.72352,42.14783999999054,343733.57568,343775.72352,42.14783999999054,3,4.217184645077994,RankSurprise
microVoSTN_R_2-3+,0,351977.75872,355722.8544,3745.0956800000276,351977.75872,355722.8544,3745.0956800000276,37,9.094900084210314,RankSurprise
microVoSTN_R_2-3+,0,357174.92736,358757.25312,1582.325760000036,357174.92736,358757.25312,1582.325760000036,19,7.039093748126977,RankSurprise
microVoSTN_R_2-3+,0,361001.5744,361040.0768,38.50239999999758,361001.5744,361040.0768,38.50239999999758,3,4.367092319979136,RankSurprise
microVoSTN_R_2-3+,0,364724.75648,364825.02656,100.27008000004571,364724.75648,364825.02656,100.27008000004571,4,4.53255809642225,RankSurprise
microVoSTN_R_2-3+,0,392182.41536,392191.01696,8.601599999994505,392182.41536,392191.01696,8.601599999994505,3,7.3803851187209535,RankSurprise
microVoSTN_R_2-3+,0,394463.0272,394574.92992,111.90272000001278,394463.0272,394574.92992,111.90272000001278,4,4.229812268709939,RankSurprise
microVoSTN_R_2-3+,0,396954.13248,397010.45248,56.320000000006985,396954.13248,397010.45248,56.320000000006985,3,3.559547478520182,RankSurprise
microVoSTN_R_2-3+,0,405836.26752,405857.23904,20.971520000020973,405836.26752,405857.23904,20.971520000020973,3,5.66404941131014,RankSurprise
microVoSTN_R_2-3+,0,410797.38368,411609.78432,812.4006399999489,410797.38368,411609.78432,812.4006399999489,9,3.6676830661758664,RankSurprise
microVoSTN_R_2-3+,0,412998.28736,413051.20768,52.92031999997562,412998.28736,413051.20768,52.92031999997562,3,3.7440756907351833,RankSurprise
microVoSTN_R_2-3+,0,414530.64192,415014.7072,484.0652799999807,414530.64192,415014.7072,484.0652799999807,8,5.049818415402812,RankSurprise
microVoSTN_R_2-3+,0,416826.08128,417023.7952,197.71392000000924,416826.08128,417023.7952,197.71392000000924,5,4.265318273242517,RankSurprise
microVoSTN_R_2-3+,0,420468.1216,420611.31776,143.19615999999223,420468.1216,420611.31776,143.19615999999223,4,3.5133638168862973,RankSurprise
microVoSTN_R_2-3+,0,422446.81728,422577.9712,131.15392000001157,422446.81728,422577.9712,131.15392000001157,4,3.9184729522292123,RankSurprise
microVoSTN_R_2-3+,0,423089.93024,423621.67296,531.7427199999802,423089.93024,423621.67296,531.7427199999802,11,8.482488557375499,RankSurprise
microVoSTN_R_2-3+,0,424264.17152,424527.62624,263.4547200000379,424264.17152,424527.62624,263.4547200000379,7,6.4814036234228265,RankSurprise
microVoSTN_R_2-3+,0,427037.57312,428220.08832,1182.5151999999653,427037.57312,428220.08832,1182.5151999999653,17,9.874032224180453,RankSurprise
microVoSTN_R_2-3+,0,429048.54528,429093.02784,44.48255999997491,429048.54528,429093.02784,44.48255999997491,4,6.98051538074262,RankSurprise
microVoSTN_R_2-3+,0,429393.3056,429622.02624,228.7206399999559,429393.3056,429622.02624,228.7206399999559,5,3.753361984966837,RankSurprise
microVoSTN_R_2-3+,0,441195.84768,441382.99392,187.14623999997275,441195.84768,441382.99392,187.14623999997275,7,8.395510226350076,RankSurprise
microVoSTN_R_2-3+,0,448734.86336,448770.08896,35.225600000005215,448734.86336,448770.08896,35.225600000005215,3,4.588748201510478,RankSurprise
microVoSTN_R_2-3+,0,450471.03488,450485.20704,14.172160000016447,450471.03488,450485.20704,14.172160000016447,3,6.524136427813664,RankSurprise
microVoSTN_R_2-3+,0,452645.64224,452696.39168,50.74943999998504,452645.64224,452696.39168,50.74943999998504,3,3.8353464268904016,RankSurprise
microVoSTN_R_2-3+,0,462326.25152,462503.15776,176.90623999998206,462326.25152,462503.15776,176.90623999998206,9,13.251237282067827,RankSurprise
microVoSTN_R_2-3+,0,482712.65792,484227.23584,1514.5779199999524,482712.65792,484227.23584,1514.5779199999524,19,8.433657525218353,RankSurprise
microVoSTN_R_2-3+,2,3226.74688,3267.33824,40.591359999999895,3226.74688,3267.33824,40.591359999999895,3,3.629818670404058,RankSurprise
microVoSTN_R_2-3+,2,20362.89536,20446.33088,83.43552000000273,20362.89536,20446.33088,83.43552000000273,4,4.033403261909331,RankSurprise
microVoSTN_R_2-3+,2,24741.51936,24774.36928,32.849920000000566,24741.51936,24774.36928,32.849920000000566,3,4.037474506966062,RankSurprise
microVoSTN_R_2-3+,2,31493.36576,31531.49952,38.13376000000062,31493.36576,31531.49952,38.13376000000062,3,3.684135142370897,RankSurprise
microVoSTN_R_2-3+,2,46227.82464,46389.32992,161.50527999999758,46227.82464,46389.32992,161.50527999999758,6,5.231301501505193,RankSurprise
microVoSTN_R_2-3+,2,88420.59776,89144.03328,723.4355199999991,88420.59776,89144.03328,723.4355199999991,14,6.436736510117002,RankSurprise
microVoSTN_R_2-3+,2,91855.79008,92117.8112,262.02111999999033,91855.79008,92117.8112,262.02111999999033,9,8.01853411320559,RankSurprise
microVoSTN_R_2-3+,2,99542.38464,99639.13216,96.74751999998989,99542.38464,99639.13216,96.74751999998989,5,5.566104495246108,RankSurprise
microVoSTN_R_2-3+,2,107948.8512,108002.5088,53.65759999999136,107948.8512,108002.5088,53.65759999999136,4,5.319569969620016,RankSurprise
microVoSTN_R_2-3+,2,115679.6416,116852.40832,1172.7667199999996,115679.6416,116852.40832,1172.7667199999996,18,6.195736979630566,RankSurprise
microVoSTN_R_2-3+,2,121216.45056,121375.78496,159.334400000007,121216.45056,121375.78496,159.334400000007,5,3.7675259812995883,RankSurprise
microVoSTN_R_2-3+,2,156570.58304,156613.59104,43.00800000000163,156570.58304,156613.59104,43.00800000000163,3,3.5254203900690992,RankSurprise
microVoSTN_R_2-3+,2,188166.38976,188207.55456,41.16479999999865,188166.38976,188207.55456,41.16479999999865,3,3.5314129072779625,RankSurprise
microVoSTN_R_2-3+,2,205217.5872,205261.66016,44.07295999999042,205217.5872,205261.66016,44.07295999999042,4,5.8216954952097275,RankSurprise
microVoSTN_R_2-3+,2,207023.18592,207043.05152,19.865600000019185,207023.18592,207043.05152,19.865600000019185,3,4.940342218508077,RankSurprise
microVoSTN_R_2-3+,2,210266.07104,210699.6736,433.60255999999936,210266.07104,210699.6736,433.60255999999936,9,4.556209721301182,RankSurprise
microVoSTN_R_2-3+,2,212014.20288,213526.60992,1512.407039999991,212014.20288,213526.60992,1512.407039999991,24,7.533424949480848,RankSurprise
microVoSTN_R_2-3+,2,219327.65184,219351.69536,24.043520000006538,219327.65184,219351.69536,24.043520000006538,3,4.585332102566779,RankSurprise
microVoSTN_R_2-3+,2,221019.29984,221240.9344,221.63456000000588,221019.29984,221240.9344,221.63456000000588,8,7.776469258768113,RankSurprise
microVoSTN_R_2-3+,2,222164.3776,222762.8032,598.4255999999878,222164.3776,222762.8032,598.4255999999878,14,8.436811754208778,RankSurprise
microVoSTN_R_2-3+,2,223875.23584,224185.38496,310.1491199999873,223875.23584,224185.38496,310.1491199999873,7,4.07960832727084,RankSurprise
microVoSTN_R_2-3+,2,225664.16384,225980.12928,315.96543999999994,225664.16384,225980.12928,315.96543999999994,8,5.1351681634480855,RankSurprise
microVoSTN_R_2-3+,2,229594.84928,229631.42656,36.5772799999977,229594.84928,229631.42656,36.5772799999977,3,3.760051898825699,RankSurprise
microVoSTN_R_2-3+,2,231192.41216,231294.19776,101.78560000000289,231192.41216,231294.19776,101.78560000000289,6,7.61195800682048,RankSurprise
microVoSTN_R_2-3+,2,232900.32128,233351.90528,451.58400000000256,232900.32128,233351.90528,451.58400000000256,9,3.9548616948541406,RankSurprise
microVoSTN_R_2-3+,2,235824.49664,236273.50016,449.0035199999984,235824.49664,236273.50016,449.0035199999984,9,4.7846941486256265,RankSurprise
microVoSTN_R_2-3+,2,239383.06048,239425.57696,42.51648000002024,239383.06048,239425.57696,42.51648000002024,3,3.5434520776111036,RankSurprise
microVoSTN_R_2-3+,2,240861.47072,241096.99072,235.51999999998952,240861.47072,241096.99072,235.51999999998952,8,7.083661482800077,RankSurprise
microVoSTN_R_2-3+,2,243603.2512,243617.62816,14.376959999994142,243603.2512,243617.62816,14.376959999994142,3,5.586758398130987,RankSurprise
microVoSTN_R_2-3+,2,246519.72608,246601.07264,81.34656000000541,246519.72608,246601.07264,81.34656000000541,5,6.245847621369286,RankSurprise
microVoSTN_R_2-3+,2,252244.86912,252303.93344,59.064320000004955,252244.86912,252303.93344,59.064320000004955,5,7.2739482098667985,RankSurprise
microVoSTN_R_2-3+,2,252878.52032,253271.32672,392.8064000000013,252878.52032,253271.32672,392.8064000000013,9,5.034521313514102,RankSurprise
microVoSTN_R_2-3+,2,261351.38304,261631.7952,280.41216000000713,261351.38304,261631.7952,280.41216000000713,7,4.323067316350595,RankSurprise
microVoSTN_R_2-3+,2,261932.40064,262492.44672,560.0460800000001,261932.40064,262492.44672,560.0460800000001,15,10.110923027465777,RankSurprise
microVoSTN_R_2-3+,2,262936.20736,263619.62496,683.4175999999861,262936.20736,263619.62496,683.4175999999861,15,8.303118147886781,RankSurprise
microVoSTN_R_2-3+,2,265795.09248,266774.40512,979.3126400000183,265795.09248,266774.40512,979.3126400000183,15,4.453535014311117,RankSurprise
microVoSTN_R_2-3+,2,268654.67392,268780.9536,126.27968000003602,268654.67392,268780.9536,126.27968000003602,6,6.530841748669523,RankSurprise
microVoSTN_R_2-3+,2,272337.3056,272365.19936,27.893760000006296,272337.3056,272365.19936,27.893760000006296,3,4.210970498004256,RankSurprise
microVoSTN_R_2-3+,2,283985.42848,284025.40544,39.97695999999996,283985.42848,284025.40544,39.97695999999996,3,3.5923468254504716,RankSurprise
microVoSTN_R_2-3+,2,288831.56992,288859.50464,27.934720000019297,288831.56992,288859.50464,27.934720000019297,3,4.206759965467912,RankSurprise
microVoSTN_R_2-3+,2,295422.27968,295461.76512,39.48544000001857,295422.27968,295461.76512,39.48544000001857,3,3.5861692106776086,RankSurprise
microVoSTN_R_2-3+,2,296052.16256,296558.01856,505.85599999997066,296052.16256,296558.01856,505.85599999997066,11,6.584850265658597,RankSurprise
microVoSTN_R_2-3+,2,297388.11392,297863.61856,475.5046399999992,297388.11392,297863.61856,475.5046399999992,9,3.5622923498864534,RankSurprise
microVoSTN_R_2-3+,2,298257.32608,298348.17536,90.8492799999658,298257.32608,298348.17536,90.8492799999658,4,3.7800416781366515,RankSurprise
microVoSTN_R_2-3+,2,301971.49696,302411.32544,439.8284799999674,301971.49696,302411.32544,439.8284799999674,8,3.7823168613174967,RankSurprise
microVoSTN_R_2-3+,2,303562.1376,303861.18656,299.0489599999855,303562.1376,303861.18656,299.0489599999855,7,3.9299260161766325,RankSurprise
microVoSTN_R_2-3+,2,304646.59456,304660.60288,14.00832000002265,304646.59456,304660.60288,14.00832000002265,3,5.620585994232114,RankSurprise
microVoSTN_R_2-3+,2,306254.35648,306288.76288,34.40639999997802,306254.35648,306288.76288,34.40639999997802,3,3.8565392418030395,RankSurprise
microVoSTN_R_2-3+,2,306738.46272,306816.94208,78.47935999999754,306738.46272,306816.94208,78.47935999999754,5,6.274083054439455,RankSurprise
microVoSTN_R_2-3+,2,308648.01792,308687.74912,39.73119999998016,308648.01792,308687.74912,39.73119999998016,3,3.6615906056281453,RankSurprise
microVoSTN_R_2-3+,2,310724.8128,311119.2576,394.4447999999975,310724.8128,311119.2576,394.4447999999975,10,6.188726929030063,RankSurprise
microVoSTN_R_2-3+,2,311605.32992,311733.53472,128.2048000000068,311605.32992,311733.53472,128.2048000000068,6,6.321795835378964,RankSurprise
microVoSTN_R_2-3+,2,312392.0896,312955.37152,563.2819199999794,312392.0896,312955.37152,563.2819199999794,11,4.6762677813255795,RankSurprise
microVoSTN_R_2-3+,2,314415.55456,314432.59392,17.039359999995213,314415.55456,314432.59392,17.039359999995213,3,5.248138655152623,RankSurprise
microVoSTN_R_2-3+,2,317332.76672,317500.74368,167.97695999999996,317332.76672,317500.74368,167.97695999999996,5,3.527551899773947,RankSurprise
microVoSTN_R_2-3+,2,318816.09216,318848.86016,32.76799999998184,318816.09216,318848.86016,32.76799999998184,3,4.037474506966062,RankSurprise
microVoSTN_R_2-3+,2,329251.92192,329320.448,68.52607999998145,329251.92192,329320.448,68.52607999998145,4,4.551541597240771,RankSurprise
microVoSTN_R_2-3+,2,329805.29152,330577.38752,772.0959999999614,329805.29152,330577.38752,772.0959999999614,13,5.398208306775068,RankSurprise
microVoSTN_R_2-3+,2,332429.59872,332453.72416,24.125439999974333,332429.59872,332453.72416,24.125439999974333,3,4.585332102566779,RankSurprise
microVoSTN_R_2-3+,2,332973.58848,334268.78464,1295.1961600000504,332973.58848,334268.78464,1295.1961600000504,23,8.460690959171187,RankSurprise
microVoSTN_R_2-3+,2,335376.09728,335406.73536,30.638080000004265,335376.09728,335406.73536,30.638080000004265,3,4.177531856030802,RankSurprise
microVoSTN_R_2-3+,2,337631.39584,337672.51968,41.12384000001475,337631.39584,337672.51968,41.12384000001475,4,5.919230717329363,RankSurprise
microVoSTN_R_2-3+,2,338001.38752,338152.07936,150.69183999998495,338001.38752,338152.07936,150.69183999998495,6,5.573999813929014,RankSurprise
microVoSTN_R_2-3+,2,340978.93376,341072.6912,93.75744000001578,340978.93376,341072.6912,93.75744000001578,4,3.7821550991416757,RankSurprise
microVoSTN_R_2-3+,2,346038.02624,347260.1088,1222.0825600000098,346038.02624,347260.1088,1222.0825600000098,20,6.233495403654121,RankSurprise
microVoSTN_R_2-3+,2,347493.376,347635.26144,141.88543999998365,347493.376,347635.26144,141.88543999998365,5,4.353541575967572,RankSurprise
microVoSTN_R_2-3+,2,350066.31936,350188.50304,122.18367999995826,350066.31936,350188.50304,122.18367999995826,6,6.507747007222093,RankSurprise
microVoSTN_R_2-3+,2,351104.90112,351443.39456,338.4934399999911,351104.90112,351443.39456,338.4934399999911,12,11.042557193144935,RankSurprise
microVoSTN_R_2-3+,2,352310.31296,354551.11168,2240.7987199999625,352310.31296,354551.11168,2240.7987199999625,30,6.009757409423082,RankSurprise
microVoSTN_R_2-3+,2,354801.09056,355452.64128,651.5507199999993,354801.09056,355452.64128,651.5507199999993,13,6.166755577235068,RankSurprise
microVoSTN_R_2-3+,2,356701.14304,357383.04512,681.902080000029,356701.14304,357383.04512,681.902080000029,15,8.26290623867975,RankSurprise
microVoSTN_R_2-3+,2,360597.01248,361297.75616,700.7436800000141,360597.01248,361297.75616,700.7436800000141,15,7.922967679247332,RankSurprise
microVoSTN_R_2-3+,2,405229.64992,405297.84832,68.19839999999385,405229.64992,405297.84832,68.19839999999385,6,9.387131387674366,RankSurprise
microVoSTN_R_2-3+,2,405748.98176,405775.1552,26.17343999998411,405748.98176,405775.1552,26.17343999998411,3,4.428964108540187,RankSurprise
microVoSTN_R_2-3+,2,405963.28448,405972.1728,8.888320000027306,405963.28448,405972.1728,8.888320000027306,3,6.645090310746502,RankSurprise
microVoSTN_R_2-3+,2,408771.09248,409381.4784,610.3859200000297,408771.09248,409381.4784,610.3859200000297,15,9.789802504990666,RankSurprise
microVoSTN_R_2-3+,2,414614.85568,415454.16704,839.3113599999924,414614.85568,415454.16704,839.3113599999924,22,14.517542778968688,RankSurprise
microVoSTN_R_2-3+,2,422438.21568,422473.3184,35.10271999996621,422438.21568,422473.3184,35.10271999996621,3,3.932087853325825,RankSurprise
microVoSTN_R_2-3+,2,424761.18016,425522.83136,761.6512000000221,424761.18016,425522.83136,761.6512000000221,13,4.494108776947056,RankSurprise
microVoSTN_R_2-3+,2,427309.83424,427459.42016,149.58591999998316,427309.83424,427459.42016,149.58591999998316,7,7.534542215377471,RankSurprise
microVoSTN_R_2-3+,2,438587.67872,438618.19392,30.51519999996526,438587.67872,438618.19392,30.51519999996526,3,4.056892153523696,RankSurprise
microVoSTN_R_2-3+,2,449023.67232,449686.15936,662.4870399999782,449023.67232,449686.15936,662.4870399999782,12,4.6885843230460305,RankSurprise
microVoSTN_R_2-3+,2,451228.13952,451669.03296,440.8934399999562,451228.13952,451669.03296,440.8934399999562,10,5.038220374077468,RankSurprise
microVoSTN_R_2-3+,2,454527.83616,454569.04192,41.20575999998255,454527.83616,454569.04192,41.20575999998255,3,3.5284144042817065,RankSurprise
microVoSTN_R_2-3+,2,459032.33024,459049.49248,17.162240000034217,459032.33024,459049.49248,17.162240000034217,3,5.206105455485597,RankSurprise
microVoSTN_R_2-3+,2,462506.35264,462534.28736,27.934720000019297,462506.35264,462534.28736,27.934720000019297,3,4.262200678566002,RankSurprise
microVoSTN_R_2-3+,2,482785.93536,482850.11968,64.1843200000003,482785.93536,482850.11968,64.1843200000003,5,7.019458965284343,RankSurprise
microVoSTN_R_2-3+,2,483958.12864,484522.72128,564.592639999988,483958.12864,484522.72128,564.592639999988,13,7.269988199367948,RankSurprise
microVoSTN_R_2-3+,2,485383.74144,485525.46304,141.72159999998985,485383.74144,485525.46304,141.72159999998985,5,4.293608102768154,RankSurprise
microVoSTN_R_2-3+,3,13673.39008,13756.33408,82.94400000000132,13673.39008,13756.33408,82.94400000000132,3,3.998128112459394,RankSurprise
microVoSTN_R_2-3+,3,92347.5968,92446.67904,99.08224000000337,92347.5968,92446.67904,99.08224000000337,3,3.6442641331263133,RankSurprise
microVoSTN_R_2-3+,3,93958.22592,94088.31488,130.08896000000823,93958.22592,94088.31488,130.08896000000823,4,5.414949064238439,RankSurprise
microVoSTN_R_2-3+,3,206809.12896,207057.7152,248.58624000000418,206809.12896,207057.7152,248.58624000000418,5,5.602233136615489,RankSurprise
microVoSTN_R_2-3+,3,220256.13312,220548.9152,292.7820799999754,220256.13312,220548.9152,292.7820799999754,5,5.027630668952007,RankSurprise
microVoSTN_R_2-3+,3,225097.68704,225198.98112,101.2940800000215,225097.68704,225198.98112,101.2940800000215,4,6.255533885398293,RankSurprise
microVoSTN_R_2-3+,3,237432.4224,243291.3408,5858.918399999995,237432.4224,243291.3408,5858.918399999995,30,7.536204134716888,RankSurprise
microVoSTN_R_2-3+,3,259991.3472,260021.82144,30.474240000010468,259991.3472,260021.82144,30.474240000010468,3,6.2071871474426175,RankSurprise
microVoSTN_R_2-3+,3,261983.80544,263754.17856,1770.3731199999747,261983.80544,263754.17856,1770.3731199999747,24,22.89905220949186,RankSurprise
microVoSTN_R_2-3+,3,296878.2848,299300.57728,2422.2924800000037,296878.2848,299300.57728,2422.2924800000037,14,5.209740994803195,RankSurprise
microVoSTN_R_2-3+,3,313639.15776,313700.7616,61.60384000005433,313639.15776,313700.7616,61.60384000005433,3,4.643124185034862,RankSurprise
microVoSTN_R_2-3+,3,321091.29728,321197.54752,106.25024000002304,321091.29728,321197.54752,106.25024000002304,3,3.6739678314052036,RankSurprise
microVoSTN_R_2-3+,3,334027.12064,334128.7424,101.62176000000909,334027.12064,334128.7424,101.62176000000909,3,3.7762926058051995,RankSurprise
microVoSTN_R_2-3+,3,346010.66496,349565.66528,3555.000319999992,346010.66496,349565.66528,3555.000319999992,17,5.189700248510938,RankSurprise
microVoSTN_R_2-3+,3,356704.09216,357061.95968,357.8675200000289,356704.09216,357061.95968,357.8675200000289,6,6.0384594717661315,RankSurprise
microVoSTN_R_2-3+,3,359282.0736,359369.40032,87.32672000001185,359282.0736,359369.40032,87.32672000001185,3,3.895247449281351,RankSurprise
microVoSTN_R_2-3+,3,373162.02496,373257.46176,95.43679999996675,373162.02496,373257.46176,95.43679999996675,3,3.786819018792187,RankSurprise
microVoSTN_R_2-3+,3,410171.71968,410368.2048,196.48512000002665,410171.71968,410368.2048,196.48512000002665,4,4.116958327169222,RankSurprise
microVoSTN_R_2-3+,3,413604.53632,416826.44992,3221.9135999999708,413604.53632,416826.44992,3221.9135999999708,16,5.748904401261541,RankSurprise
microVoSTN_R_2-3+,3,422068.14208,422170.58304,102.44095999997808,422068.14208,422170.58304,102.44095999997808,3,3.5671456978642375,RankSurprise
microVoSTN_R_2-3+,3,424560.0256,424753.60256,193.5769600000349,424560.0256,424753.60256,193.5769600000349,5,6.5875386527035396,RankSurprise
microVoSTN_R_2-3+,3,428961.62816,428991.32416,29.695999999996275,428961.62816,428991.32416,29.695999999996275,3,6.242905230044695,RankSurprise
microVoSTN_R_2-3+,3,438631.424,441064.89856,2433.4745600000024,438631.424,441064.89856,2433.4745600000024,16,7.026488324232972,RankSurprise
microVoSTN_R_2-3+,3,450759.35232,451653.38624,894.0339200000162,450759.35232,451653.38624,894.0339200000162,8,4.9254776493594425,RankSurprise
microVoSTN_R_2-3+,3,453375.71328,453619.712,243.99871999997413,453375.71328,453619.712,243.99871999997413,4,3.8243822125886666,RankSurprise
microVoSTN_R_2-3+,4,12891.05408,13562.18368,671.1296000000002,12891.05408,13562.18368,671.1296000000002,6,4.390376617470269,RankSurprise
microVoSTN_R_2-3+,4,87360.02048,88507.10528,1147.084799999997,87360.02048,88507.10528,1147.084799999997,7,3.7590861895334235,RankSurprise
microVoSTN_R_2-3+,4,92890.56256,92933.16096,42.59839999998803,92890.56256,92933.16096,42.59839999998803,3,5.695285344402254,RankSurprise
microVoSTN_R_2-3+,4,97418.89536,97556.02944,137.13408000000345,97418.89536,97556.02944,137.13408000000345,3,3.620946699908348,RankSurprise
microVoSTN_R_2-3+,4,113826.69312,113908.20352,81.51039999999921,113826.69312,113908.20352,81.51039999999921,5,10.558872861312373,RankSurprise
microVoSTN_R_2-3+,4,115515.5968,115638.55872,122.96192000000156,115515.5968,115638.55872,122.96192000000156,5,8.87550028139578,RankSurprise
microVoSTN_R_2-3+,4,153981.00992,154158.8992,177.88928000000305,153981.00992,154158.8992,177.88928000000305,4,5.051826245561642,RankSurprise
microVoSTN_R_2-3+,4,161898.94656,162867.69152,968.7449599999818,161898.94656,162867.69152,968.7449599999818,6,3.6233173746215663,RankSurprise
microVoSTN_R_2-3+,4,208075.44832,208151.59296,76.14464000001317,208075.44832,208151.59296,76.14464000001317,3,4.559814484267294,RankSurprise
microVoSTN_R_2-3+,4,228025.18016,228160.47104,135.29088000001502,228025.18016,228160.47104,135.29088000001502,5,8.618029508426744,RankSurprise
microVoSTN_R_2-3+,4,243924.13184,246151.94624,2227.814400000003,243924.13184,246151.94624,2227.814400000003,13,6.358350330352855,RankSurprise
microVoSTN_R_2-3+,4,248283.09504,248527.42144,244.32640000001993,248283.09504,248527.42144,244.32640000001993,4,4.147555427307061,RankSurprise
microVoSTN_R_2-3+,4,259928.92416,262954.88512,3025.9609599999967,259928.92416,262954.88512,3025.9609599999967,19,9.672368442459788,RankSurprise
microVoSTN_R_2-3+,4,288140.32896,288651.91936,511.5903999999864,288140.32896,288651.91936,511.5903999999864,5,3.753541238314753,RankSurprise
microVoSTN_R_2-3+,4,296872.26368,297643.33568,771.0720000000438,296872.26368,297643.33568,771.0720000000438,7,6.0768966835632625,RankSurprise
microVoSTN_R_2-3+,4,300874.5472,302157.74208,1283.1948800000246,300874.5472,302157.74208,1283.1948800000246,8,4.189182432451649,RankSurprise
microVoSTN_R_2-3+,4,303282.5856,303381.66784,99.08224000001792,303282.5856,303381.66784,99.08224000001792,3,4.028706645641229,RankSurprise
microVoSTN_R_2-3+,4,304455.51616,306022.85056,1567.3343999999925,304455.51616,306022.85056,1567.3343999999925,10,6.252446742075107,RankSurprise
microVoSTN_R_2-3+,4,326442.22976,326558.02368,115.79391999996733,326442.22976,326558.02368,115.79391999996733,3,3.7519470575815106,RankSurprise
microVoSTN_R_2-3+,4,339161.088,339745.5872,584.4992000000202,339161.088,339745.5872,584.4992000000202,6,4.701576214575649,RankSurprise
microVoSTN_R_2-3+,4,347912.56064,348805.16096,892.6003200000268,347912.56064,348805.16096,892.6003200000268,9,7.394106576832925,RankSurprise
microVoSTN_R_2-3+,4,350488.53504,350620.34432,131.80927999998676,350488.53504,350620.34432,131.80927999998676,3,3.5980236246589925,RankSurprise
microVoSTN_R_2-3+,4,357550.61248,357971.1488,420.5363200000138,357550.61248,357971.1488,420.5363200000138,6,6.168471048373981,RankSurprise
microVoSTN_R_2-3+,4,378538.68032,378613.71904,75.03872000001138,378538.68032,378613.71904,75.03872000001138,3,4.383485476043463,RankSurprise
microVoSTN_R_2-3+,4,411339.85792,411783.9872,444.12927999999374,411339.85792,411783.9872,444.12927999999374,6,5.987259454693742,RankSurprise
microVoSTN_R_2-3+,4,413202.8416,413697.92512,495.0835200000438,413202.8416,413697.92512,495.0835200000438,7,7.433263341834532,RankSurprise
microVoSTN_R_2-3+,4,425042.3296,427277.18912,2234.859519999998,425042.3296,427277.18912,2234.859519999998,15,7.804107754464471,RankSurprise
microVoSTN_R_2-3+,4,429809.21344,429906.20672,96.99327999999514,429809.21344,429906.20672,96.99327999999514,3,4.07156597533276,RankSurprise
microVoSTN_R_2-3+,4,453920.19456,456017.26464,2097.070080000034,453920.19456,456017.26464,2097.070080000034,12,5.207627061947929,RankSurprise
microVoSTN_R_2-3+,4,481321.28768,483519.16032,2197.872640000016,481321.28768,483519.16032,2197.872640000016,14,6.366161373529863,RankSurprise
microVoSTN_R_4-5+,0,2403.61472,3441.13152,1037.5167999999999,2403.61472,3441.13152,1037.5167999999999,11,3.66133852664119,RankSurprise
microVoSTN_R_4-5+,0,7863.9104,7899.42272,35.51231999999982,7863.9104,7899.42272,35.51231999999982,3,4.253363266268769,RankSurprise
microVoSTN_R_4-5+,0,12471.58272,12545.76128,74.17856000000029,12471.58272,12545.76128,74.17856000000029,4,5.361885017123178,RankSurprise
microVoSTN_R_4-5+,0,15055.95392,15199.4368,143.48287999999957,15055.95392,15199.4368,143.48287999999957,4,3.8888351252258033,RankSurprise
microVoSTN_R_4-5+,0,36945.18272,37776.67072,831.4880000000048,36945.18272,37776.67072,831.4880000000048,10,4.2325193209630685,RankSurprise
microVoSTN_R_4-5+,0,49659.24864,49773.48608,114.23744000000443,49659.24864,49773.48608,114.23744000000443,6,8.304104025124325,RankSurprise
microVoSTN_R_4-5+,0,52203.64288,52375.71584,172.0729599999977,52203.64288,52375.71584,172.0729599999977,5,4.754885217800293,RankSurprise
microVoSTN_R_4-5+,0,59674.33728,59757.81376,83.47647999999754,59674.33728,59757.81376,83.47647999999754,4,5.019647491335661,RankSurprise
microVoSTN_R_4-5+,0,61136.19968,61292.17536,155.9756800000032,61136.19968,61292.17536,155.9756800000032,4,3.6837862450454253,RankSurprise
microVoSTN_R_4-5+,0,65064.83712,65404.35456,339.51744000000326,65064.83712,65404.35456,339.51744000000326,6,3.6972596671217537,RankSurprise
microVoSTN_R_4-5+,0,89344.28672,89967.04256,622.755839999998,89344.28672,89967.04256,622.755839999998,11,7.122991243484856,RankSurprise
microVoSTN_R_4-5+,0,102478.60224,103320.53504,841.9328000000096,102478.60224,103320.53504,841.9328000000096,11,5.066292578897396,RankSurprise
microVoSTN_R_4-5+,0,114036.9408,114202.13248,165.19168000000354,114036.9408,114202.13248,165.19168000000354,5,4.896436089437255,RankSurprise
microVoSTN_R_4-5+,0,116331.88864,116340.69504,8.806400000001304,116331.88864,116340.69504,8.806400000001304,3,6.824762320600172,RankSurprise
microVoSTN_R_4-5+,0,116887.59296,116940.8,53.20704000000842,116887.59296,116940.8,53.20704000000842,3,3.7825812793184124,RankSurprise
microVoSTN_R_4-5+,0,131635.77344,132281.50784,645.7344000000157,131635.77344,132281.50784,645.7344000000157,8,3.561860318917297,RankSurprise
microVoSTN_R_4-5+,0,133416.46848,133451.65312,35.184639999992214,133416.46848,133451.65312,35.184639999992214,3,4.466543835303105,RankSurprise
microVoSTN_R_4-5+,0,134930.30912,135163.16672,232.85760000001756,134930.30912,135163.16672,232.85760000001756,5,4.10299201491269,RankSurprise
microVoSTN_R_4-5+,0,139719.51616,139870.37184,150.85568000000785,139719.51616,139870.37184,150.85568000000785,4,3.9968665235833143,RankSurprise
microVoSTN_R_4-5+,0,142763.49952,143502.37696,738.877439999982,142763.49952,143502.37696,738.877439999982,12,7.279951478399112,RankSurprise
microVoSTN_R_4-5+,0,149586.1248,149614.592,28.46720000001369,149586.1248,149614.592,28.46720000001369,3,4.697283497986906,RankSurprise
microVoSTN_R_4-5+,0,159031.78752,159488.24576,456.4582399999781,159031.78752,159488.24576,456.4582399999781,7,3.9433516147859886,RankSurprise
microVoSTN_R_4-5+,0,162296.91392,162325.25824,28.34432000000379,162296.91392,162325.25824,28.34432000000379,3,4.745190170940003,RankSurprise
microVoSTN_R_4-5+,0,162670.1824,162681.6512,11.468800000002375,162670.1824,162681.6512,11.468800000002375,3,6.508305452219057,RankSurprise
microVoSTN_R_4-5+,0,174617.96864,174654.01344,36.044800000003306,174617.96864,174654.01344,36.044800000003306,3,4.197284690036517,RankSurprise
microVoSTN_R_4-5+,0,175420.66176,175454.94528,34.28352000002633,175420.66176,175454.94528,34.28352000002633,3,4.272411077284557,RankSurprise
microVoSTN_R_4-5+,0,188973.4656,189033.30816,59.842559999990044,188973.4656,189033.30816,59.842559999990044,3,3.556191133575723,RankSurprise
microVoSTN_R_4-5+,0,199737.7536,199771.87328,34.11968000000343,199737.7536,199771.87328,34.11968000000343,3,4.278800875383327,RankSurprise
microVoSTN_R_4-5+,0,201963.39712,201999.19616,35.799039999983506,201963.39712,201999.19616,35.799039999983506,3,4.32411037517317,RankSurprise
microVoSTN_R_4-5+,0,224585.97376,225066.92608,480.95232000001124,224585.97376,225066.92608,480.95232000001124,11,9.58731194504662,RankSurprise
microVoSTN_R_4-5+,0,226166.1696,226184.8064,18.636800000007497,226166.1696,226184.8064,18.636800000007497,4,8.825209890990791,RankSurprise
microVoSTN_R_4-5+,0,239343.94368,239458.75456,114.81088000000454,239343.94368,239458.75456,114.81088000000454,4,4.027017556210577,RankSurprise
microVoSTN_R_4-5+,0,243650.7648,243676.48768,25.722879999986617,243650.7648,243676.48768,25.722879999986617,3,4.976217005862848,RankSurprise
microVoSTN_R_4-5+,0,256521.58464,257101.2096,579.6249600000156,256521.58464,257101.2096,579.6249600000156,9,5.0798427930485675,RankSurprise
microVoSTN_R_4-5+,0,257642.25024,257688.41216,46.1619200000132,257642.25024,257688.41216,46.1619200000132,4,6.552128702931427,RankSurprise
microVoSTN_R_4-5+,0,260606.93504,260851.9168,244.98175999999512,260606.93504,260851.9168,244.98175999999512,5,4.113748329991992,RankSurprise
microVoSTN_R_4-5+,0,262741.03296,263410.0736,669.0406400000211,262741.03296,263410.0736,669.0406400000211,13,10.325101772665388,RankSurprise
microVoSTN_R_4-5+,0,270064.39424,270090.07616,25.68192000000272,270064.39424,270090.07616,25.68192000000272,3,4.9137116072971185,RankSurprise
microVoSTN_R_4-5+,0,273331.69152,273859.42016,527.7286399999866,273331.69152,273859.42016,527.7286399999866,8,4.896043271449505,RankSurprise
microVoSTN_R_4-5+,0,280759.41888,280895.85664,136.4377600000007,280759.41888,280895.85664,136.4377600000007,4,3.7170025101835193,RankSurprise
microVoSTN_R_4-5+,0,282909.16352,283720.99072,811.8271999999997,282909.16352,283720.99072,811.8271999999997,10,4.267704062953143,RankSurprise
microVoSTN_R_4-5+,0,287347.58912,287390.14656,42.557440000004135,287347.58912,287390.14656,42.557440000004135,3,4.089635149193624,RankSurprise
microVoSTN_R_4-5+,0,289403.04384,289723.92448,320.8806399999885,289403.04384,289723.92448,320.8806399999885,7,5.530614062724541,RankSurprise
microVoSTN_R_4-5+,0,305210.61376,305340.8256,130.21184000000358,305210.61376,305340.8256,130.21184000000358,4,3.7475216143794725,RankSurprise
microVoSTN_R_4-5+,0,358251.97056,358358.13888,106.16831999999704,358251.97056,358358.13888,106.16831999999704,6,8.754352930901547,RankSurprise
microVoSTN_R_4-5+,0,368664.04352,368709.46816,45.4246399999829,368664.04352,368709.46816,45.4246399999829,3,4.142735728931195,RankSurprise
microVoSTN_R_4-5+,0,382109.61408,382234.91072,125.29663999995682,382109.61408,382234.91072,125.29663999995682,4,3.8728008685346715,RankSurprise
microVoSTN_R_4-5+,0,389317.59104,389394.0224,76.43135999998776,389317.59104,389394.0224,76.43135999998776,4,5.10523188552747,RankSurprise
microVoSTN_R_4-5+,0,394712.59648,394867.5072,154.9107199999853,394712.59648,394867.5072,154.9107199999853,4,3.51448051643289,RankSurprise
microVoSTN_R_4-5+,0,404628.48,404655.34976,26.86976000003051,404628.48,404655.34976,26.86976000003051,3,4.753287381172623,RankSurprise
microVoSTN_R_4-5+,0,415201.60768,415440.56832,238.9606400000048,415201.60768,415440.56832,238.9606400000048,8,8.959801460363039,RankSurprise
microVoSTN_R_4-5+,0,417018.0608,417342.34112,324.28032000001986,417018.0608,417342.34112,324.28032000001986,8,7.268854059292555,RankSurprise
microVoSTN_R_4-5+,0,418054.26688,418133.89312,79.62624000001233,418054.26688,418133.89312,79.62624000001233,4,4.9963010323048564,RankSurprise
microVoSTN_R_4-5+,0,429712.34304,430401.98656,689.6435199999833,429712.34304,430401.98656,689.6435199999833,9,3.858025548490431,RankSurprise
microVoSTN_R_4-5+,0,433381.21216,433686.03648,304.82432000001427,433381.21216,433686.03648,304.82432000001427,7,6.05758662432424,RankSurprise
microVoSTN_R_4-5+,0,437169.84832,437196.75904,26.910719999985304,437169.84832,437196.75904,26.910719999985304,3,4.753287381172623,RankSurprise
microVoSTN_R_4-5+,0,441965.81376,441991.29088,25.47711999999592,441965.81376,441991.29088,25.47711999999592,4,7.999886959155365,RankSurprise
microVoSTN_R_4-5+,0,444327.77216,444362.99776,35.225600000005215,444327.77216,444362.99776,35.225600000005215,3,4.291642044074537,RankSurprise
microVoSTN_R_4-5+,0,450955.83744,450974.14656,18.309120000049006,450955.83744,450974.14656,18.309120000049006,3,5.376553371576927,RankSurprise
microVoSTN_R_4-5+,0,455451.97568,455588.57728,136.6016000000527,455451.97568,455588.57728,136.6016000000527,6,7.778376890244424,RankSurprise
microVoSTN_R_4-5+,0,458618.71616,458715.7504,97.03424000000814,458618.71616,458715.7504,97.03424000000814,5,6.6371153508049545,RankSurprise
microVoSTN_R_4-5+,0,460403.0976,460446.63808,43.54048000002513,460403.0976,460446.63808,43.54048000002513,3,3.8850366258858298,RankSurprise
microVoSTN_R_4-5+,0,470086.08256,470299.93472,213.85216000000946,470086.08256,470299.93472,213.85216000000946,5,4.335181680855378,RankSurprise
microVoSTN_R_4-5+,2,2459.4432,3520.34816,1060.9049599999998,2459.4432,3520.34816,1060.9049599999998,13,6.389219215991354,RankSurprise
microVoSTN_R_4-5+,2,14389.16608,14580.98176,191.8156799999997,14389.16608,14580.98176,191.8156799999997,5,5.003996964175105,RankSurprise
microVoSTN_R_4-5+,2,16959.6928,17110.34368,150.65088000000105,16959.6928,17110.34368,150.65088000000105,5,5.794561365297632,RankSurprise
microVoSTN_R_4-5+,2,36291.70688,37567.85664,1276.1497600000002,36291.70688,37567.85664,1276.1497600000002,12,3.7669479268159245,RankSurprise
microVoSTN_R_4-5+,2,42660.53632,43160.1664,499.63008000000264,42660.53632,43160.1664,499.63008000000264,7,4.0082725285742,RankSurprise
microVoSTN_R_4-5+,2,58269.73696,58766.00832,496.2713599999988,58269.73696,58766.00832,496.2713599999988,8,5.4822528999474756,RankSurprise
microVoSTN_R_4-5+,2,75718.4512,75795.16928,76.71808000000601,75718.4512,75795.16928,76.71808000000601,4,5.644963969830904,RankSurprise
microVoSTN_R_4-5+,2,89641.86112,90056.21248,414.35136000000057,89641.86112,90056.21248,414.35136000000057,6,3.989974893814751,RankSurprise
microVoSTN_R_4-5+,2,91567.3088,91588.48512,21.176319999998668,91567.3088,91588.48512,21.176319999998668,3,5.719117182253447,RankSurprise
microVoSTN_R_4-5+,2,98746.65472,98887.84384,141.18911999999546,98746.65472,98887.84384,141.18911999999546,4,3.9840242009552114,RankSurprise
microVoSTN_R_4-5+,2,112356.5568,112518.144,161.58719999999448,112356.5568,112518.144,161.58719999999448,4,3.8095562829988623,RankSurprise
microVoSTN_R_4-5+,2,117756.35456,117859.61472,103.26015999999072,117756.35456,117859.61472,103.26015999999072,4,4.82440286517587,RankSurprise
microVoSTN_R_4-5+,2,125725.45024,125888.67584,163.22559999999066,125725.45024,125888.67584,163.22559999999066,4,3.562395797151634,RankSurprise
microVoSTN_R_4-5+,2,127016.87808,127231.63136,214.75328000000445,127016.87808,127231.63136,214.75328000000445,6,6.3524449642950245,RankSurprise
microVoSTN_R_4-5+,2,131984.9984,132754.47296,769.4745600000024,131984.9984,132754.47296,769.4745600000024,11,7.2905753384089085,RankSurprise
microVoSTN_R_4-5+,2,135194.54208,135664.80384,470.26175999999396,135194.54208,135664.80384,470.26175999999396,8,7.006969483642446,RankSurprise
microVoSTN_R_4-5+,2,136752.66048,136894.50496,141.84447999999975,136752.66048,136894.50496,141.84447999999975,4,3.9732650638107536,RankSurprise
microVoSTN_R_4-5+,2,144840.94976,144865.03424,24.08448000001954,144840.94976,144865.03424,24.08448000001954,3,5.428172959201772,RankSurprise
microVoSTN_R_4-5+,2,146184.88832,146199.59296,14.70464000001084,146184.88832,146199.59296,14.70464000001084,3,6.429432166435758,RankSurprise
microVoSTN_R_4-5+,2,171076.11648,171840.47104,764.354560000007,171076.11648,171840.47104,764.354560000007,15,12.229136419654628,RankSurprise
microVoSTN_R_4-5+,2,175884.4928,175951.13472,66.64191999999457,175884.4928,175951.13472,66.64191999999457,3,3.521881347522525,RankSurprise
microVoSTN_R_4-5+,2,178515.31264,178556.55936,41.24672000002465,178515.31264,178556.55936,41.24672000002465,3,4.431283856329813,RankSurprise
microVoSTN_R_4-5+,2,179986.10432,180033.41312,47.30879999999888,179986.10432,180033.41312,47.30879999999888,4,6.937318650720648,RankSurprise
microVoSTN_R_4-5+,2,201268.71552,201284.85376,16.138240000000224,201268.71552,201284.85376,16.138240000000224,3,6.2545594336547925,RankSurprise
microVoSTN_R_4-5+,2,203505.29536,203792.87552,287.58016000001226,203505.29536,203792.87552,287.58016000001226,5,3.528617635625409,RankSurprise
microVoSTN_R_4-5+,2,222435.16416,222472.97024,37.80608000000939,222435.16416,222472.97024,37.80608000000939,3,4.6946128657390584,RankSurprise
microVoSTN_R_4-5+,2,225290.28096,225355.44832,65.16735999999219,225290.28096,225355.44832,65.16735999999219,4,6.154662836580094,RankSurprise
microVoSTN_R_4-5+,2,239151.67744,239311.872,160.19456000000355,239151.67744,239311.872,160.19456000000355,4,3.6382692335272786,RankSurprise
microVoSTN_R_4-5+,2,244285.68576,244450.26304,164.5772799999977,244285.68576,244450.26304,164.5772799999977,6,7.6508794067986585,RankSurprise
microVoSTN_R_4-5+,2,246885.33504,246951.48544,66.15039999998407,246885.33504,246951.48544,66.15039999998407,3,3.6441690032992486,RankSurprise
microVoSTN_R_4-5+,2,249271.58272,249798.90176,527.3190400000021,249271.58272,249798.90176,527.3190400000021,8,4.906426978726016,RankSurprise
microVoSTN_R_4-5+,2,262081.86368,263799.93088,1718.0671999999904,262081.86368,263799.93088,1718.0671999999904,23,13.318365518477108,RankSurprise
microVoSTN_R_4-5+,2,266284.2368,266754.78528,470.54847999999765,266284.2368,266754.78528,470.54847999999765,7,4.233592553985979,RankSurprise
microVoSTN_R_4-5+,2,273337.38496,273480.78592,143.40095999999903,273337.38496,273480.78592,143.40095999999903,4,3.969687242462868,RankSurprise
microVoSTN_R_4-5+,2,288583.43424,288921.3952,337.9609600000549,288583.43424,288921.3952,337.9609600000549,6,4.367373616884954,RankSurprise
microVoSTN_R_4-5+,2,289839.67744,289842.95424,3.276799999992363,289839.67744,289842.95424,3.276799999992363,3,9.295971448963824,RankSurprise
microVoSTN_R_4-5+,2,297389.75232,297648.29184,258.53951999999117,297389.75232,297648.29184,258.53951999999117,7,7.447050053072445,RankSurprise
microVoSTN_R_4-5+,2,298956.34944,299262.68928,306.33983999997145,298956.34944,299262.68928,306.33983999997145,5,3.523584603216783,RankSurprise
microVoSTN_R_4-5+,2,301191.00416,301983.41632,792.4121600000071,301191.00416,301983.41632,792.4121600000071,9,3.5112413431285527,RankSurprise
microVoSTN_R_4-5+,2,357400.00256,358159.07328,759.0707200000179,357400.00256,358159.07328,759.0707200000179,9,4.1829248647065205,RankSurprise
microVoSTN_R_4-5+,2,365401.62048,365466.4192,64.7987200000207,365401.62048,365466.4192,64.7987200000207,3,3.6900894625878635,RankSurprise
microVoSTN_R_4-5+,2,367183.38048,367546.7776,363.3971199999796,367183.38048,367546.7776,363.3971199999796,6,3.926613773655943,RankSurprise
microVoSTN_R_4-5+,2,376518.656,376570.42944,51.77343999996083,376518.656,376570.42944,51.77343999996083,3,4.076007396662304,RankSurprise
microVoSTN_R_4-5+,2,389736.73472,389980.61056,243.87583999999333,389736.73472,389980.61056,243.87583999999333,6,5.8465846690968775,RankSurprise
microVoSTN_R_4-5+,2,415170.56,416402.10432,1231.5443199999863,415170.56,416402.10432,1231.5443199999863,15,7.636337981219553,RankSurprise
microVoSTN_R_4-5+,2,417842.7904,417999.42144,156.6310400000075,417842.7904,417999.42144,156.6310400000075,4,3.7691515979135914,RankSurprise
microVoSTN_R_4-5+,2,423033.20064,423267.28704,234.08640000002924,423033.20064,423267.28704,234.08640000002924,6,5.907539233553997,RankSurprise
microVoSTN_R_4-5+,2,431797.37088,431957.36064,159.98976000002585,431797.37088,431957.36064,159.98976000002585,4,3.6543206484395157,RankSurprise
microVoSTN_R_4-5+,2,432941.4656,433084.45696,142.99135999998543,432941.4656,433084.45696,142.99135999998543,4,3.9732650638107536,RankSurprise
microVoSTN_R_4-5+,2,433968.98816,433980.17024,11.182079999998678,433968.98816,433980.17024,11.182079999998678,3,6.883362816084306,RankSurprise
microVoSTN_R_4-5+,2,448853.64736,448879.32928,25.68192000000272,448853.64736,448879.32928,25.68192000000272,3,5.29717260152861,RankSurprise
microVoSTN_R_4-5+,2,452145.68448,455043.97312,2898.2886399999843,452145.68448,455043.97312,2898.2886399999843,21,3.617072517688995,RankSurprise
microVoSTN_R_4-5+,2,462171.99616,462497.91488,325.91872000001604,462171.99616,462497.91488,325.91872000001604,7,6.150321623731614,RankSurprise
microVoSTN_R_4-5+,2,479177.97376,479234.6624,56.68863999994937,479177.97376,479234.6624,56.68863999994937,3,3.9253334208361608,RankSurprise
microVoSTN_R_5-6+,0,89582.30528,91512.2176,1929.912320000003,89582.30528,91512.2176,1929.912320000003,8,4.769790381950261,RankSurprise
microVoSTN_R_5-6+,0,121643.90912,121739.75552,95.84640000000945,121643.90912,121739.75552,95.84640000000945,3,4.200786889514399,RankSurprise
microVoSTN_R_5-6+,0,224114.40128,224688.41472,574.0134400000097,224114.40128,224688.41472,574.0134400000097,4,3.6530376910540028,RankSurprise
microVoSTN_R_5-6+,0,233674.01472,233760.31744,86.30272000000696,233674.01472,233760.31744,86.30272000000696,3,4.794885568159412,RankSurprise
microVoSTN_R_5-6+,0,237386.26048,241510.27712,4124.016640000016,237386.26048,241510.27712,4124.016640000016,12,3.884910925774642,RankSurprise
microVoSTN_R_5-6+,0,245294.4896,245978.23488,683.7452800000028,245294.4896,245978.23488,683.7452800000028,5,4.6987113932410765,RankSurprise
microVoSTN_R_5-6+,0,255832.2688,256118.62016,286.35136000000057,255832.2688,256118.62016,286.35136000000057,4,4.90745949522614,RankSurprise
microVoSTN_R_5-6+,0,261989.376,263511.4496,1522.0736000000034,261989.376,263511.4496,1522.0736000000034,17,21.39004438965322,RankSurprise
microVoSTN_R_5-6+,0,267521.55648,273112.63744,5591.080959999992,267521.55648,273112.63744,5591.080959999992,18,7.104300993806707,RankSurprise
microVoSTN_R_5-6+,0,292125.04064,292284.08832,159.04767999995966,292125.04064,292284.08832,159.04767999995966,3,3.834272867990677,RankSurprise
microVoSTN_R_5-6+,0,296926.78144,297551.54432,624.7628799999948,296926.78144,297551.54432,624.7628799999948,7,8.64358247417605,RankSurprise
microVoSTN_R_5-6+,0,350603.38688,351737.2416,1133.854720000003,350603.38688,351737.2416,1133.854720000003,5,3.572092311644738,RankSurprise
microVoSTN_R_5-6+,0,358365.75744,358404.75136,38.99391999997897,358365.75744,358404.75136,38.99391999997897,3,5.690363195599873,RankSurprise
microVoSTN_R_5-6+,0,414999.7568,415809.57696,809.8201600000029,414999.7568,415809.57696,809.8201600000029,11,14.641551335538027,RankSurprise
microVoSTN_R_5-6+,0,422674.67776,423536.2304,861.552640000009,422674.67776,423536.2304,861.552640000009,6,5.035333188702079,RankSurprise
microVoSTN_R_5-6+,0,453372.7232,453668.70016,295.97695999999996,453372.7232,453668.70016,295.97695999999996,4,4.581552140728931,RankSurprise
microVoSTN_R_5-6+,0,461094.01088,462980.42368,1886.412799999991,461094.01088,462980.42368,1886.412799999991,9,6.000598989875076,RankSurprise
microVIMPPN_R_1-2+,1,89597.952,89662.30016,64.3481599999941,89597.952,89662.30016,64.3481599999941,4,10.06188906180029,RankSurprise
microVIMPPN_R_1-2+,1,121145.344,121587.67104,442.32704000000376,121145.344,121587.67104,442.32704000000376,4,4.52307050563493,RankSurprise
microVIMPPN_R_1-2+,1,267054.98112,267668.6848,613.7036799999769,267054.98112,267668.6848,613.7036799999769,5,5.766752599340425,RankSurprise
microVIMPPN_R_1-2+,1,278147.11296,278351.91296,204.79999999998836,278147.11296,278351.91296,204.79999999998836,3,4.045851031267876,RankSurprise
microVIMPPN_R_1-2+,1,321289.216,322895.99488,1606.778879999998,321289.216,322895.99488,1606.778879999998,6,3.6477485071268023,RankSurprise
microVIMPPN_R_1-2+,1,345522.74944,345900.97408,378.22464000002947,345522.74944,345900.97408,378.22464000002947,4,4.817793249418893,RankSurprise
microVIMPPN_R_1-2+,1,378550.51776,380147.79392,1597.2761600000085,378550.51776,380147.79392,1597.2761600000085,8,6.409812956255854,RankSurprise
microVIMPPN_R_1-2+,1,388210.72896,388377.76384,167.03488000005018,388210.72896,388377.76384,167.03488000005018,3,4.402978156991388,RankSurprise
microVIMPPN_R_1-2+,1,405545.24672,409527.86944,3982.622719999985,405545.24672,409527.86944,3982.622719999985,9,3.520881866365567,RankSurprise
microVIMPPN_R_1-2+,1,415277.58848,416738.0992,1460.5107200000202,415277.58848,416738.0992,1460.5107200000202,8,6.992995912612619,RankSurprise
microVIMPPN_R_1-2+,1,421661.696,426739.26144,5077.565439999977,421661.696,426739.26144,5077.565439999977,13,4.27484665386518,RankSurprise
microVIMPPN_R_1-2+,1,433772.01152,434988.27776,1216.2662400000263,433772.01152,434988.27776,1216.2662400000263,7,6.046059687087048,RankSurprise
microVIMPPN_R_1-2+,1,438763.68384,440447.63136,1683.947519999987,438763.68384,440447.63136,1683.947519999987,8,6.874950099780644,RankSurprise
microVIMPPN_R_1-2+,1,452386.48832,457564.07808,5177.589760000003,452386.48832,457564.07808,5177.589760000003,15,6.178030282681425,RankSurprise
microVIMPPN_R_1-2+,2,9136.128,9142.80448,6.676480000000083,9136.128,9142.80448,6.676480000000083,3,6.77070195908348,RankSurprise
microVIMPPN_R_1-2+,2,10446.97088,10819.3792,372.40831999999864,10446.97088,10819.3792,372.40831999999864,15,8.423189819151203,RankSurprise
microVIMPPN_R_1-2+,2,11387.04384,11507.9168,120.8729600000006,11387.04384,11507.9168,120.8729600000006,6,4.358920582794927,RankSurprise
microVIMPPN_R_1-2+,2,20133.43744,20282.08128,148.643839999997,20133.43744,20282.08128,148.643839999997,8,6.48038257760403,RankSurprise
microVIMPPN_R_1-2+,2,20964.18816,20979.87584,15.68767999999909,20964.18816,20979.87584,15.68767999999909,3,4.731250215010759,RankSurprise
microVIMPPN_R_1-2+,2,21582.68416,21670.5024,87.81824000000051,21582.68416,21670.5024,87.81824000000051,5,4.109910808496874,RankSurprise
microVIMPPN_R_1-2+,2,22514.76992,22562.24256,47.472639999999956,22514.76992,22562.24256,47.472639999999956,4,4.36123727497511,RankSurprise
microVIMPPN_R_1-2+,2,23591.60832,23629.53728,37.9289600000011,23591.60832,23629.53728,37.9289600000011,4,5.084454381124214,RankSurprise
microVIMPPN_R_1-2+,2,24338.6368,24469.17632,130.53951999999845,24338.6368,24469.17632,130.53951999999845,6,3.9557095928668216,RankSurprise
microVIMPPN_R_1-2+,2,24967.7824,24983.552,15.769599999999627,24967.7824,24983.552,15.769599999999627,3,4.7218013726798755,RankSurprise
microVIMPPN_R_1-2+,2,27797.87264,27937.01376,139.14112000000023,27797.87264,27937.01376,139.14112000000023,7,5.204972609995986,RankSurprise
microVIMPPN_R_1-2+,2,28523.64288,28612.56704,88.9241600000023,28523.64288,28612.56704,88.9241600000023,5,4.0489932545936576,RankSurprise
microVIMPPN_R_1-2+,2,35432.89856,35514.24512,81.34655999999814,35432.89856,35514.24512,81.34655999999814,5,4.365560960313406,RankSurprise
microVIMPPN_R_1-2+,2,36686.27456,36695.77728,9.502720000004047,36686.27456,36695.77728,9.502720000004047,3,5.875500823411821,RankSurprise
microVIMPPN_R_1-2+,2,39348.79744,39374.35648,25.559040000000095,39348.79744,39374.35648,25.559040000000095,3,3.6394921204336956,RankSurprise
microVIMPPN_R_1-2+,2,42584.35072,42838.67136,254.3206399999981,42584.35072,42838.67136,254.3206399999981,12,9.372999024964756,RankSurprise
microVIMPPN_R_1-2+,2,44135.2192,44210.13504,74.91584000000148,44135.2192,44210.13504,74.91584000000148,6,6.800167282815593,RankSurprise
microVIMPPN_R_1-2+,2,44897.64864,45033.22624,135.57760000000417,44897.64864,45033.22624,135.57760000000417,7,5.368994441757972,RankSurprise
microVIMPPN_R_1-2+,2,45754.69568,45792.62464,37.928960000004736,45754.69568,45792.62464,37.928960000004736,5,7.6354575094261,RankSurprise
microVIMPPN_R_1-2+,2,46448.88576,46868.15232,419.26656000000366,46448.88576,46868.15232,419.26656000000366,13,4.395571951190831,RankSurprise
microVIMPPN_R_1-2+,2,47982.592,48283.81184,301.2198400000052,47982.592,48283.81184,301.2198400000052,10,4.402100810508329,RankSurprise
microVIMPPN_R_1-2+,2,49725.8496,50137.9072,412.0576000000001,49725.8496,50137.9072,412.0576000000001,15,7.0347444089648485,RankSurprise
microVIMPPN_R_1-2+,2,64843.5712,64891.00288,47.431680000001506,64843.5712,64891.00288,47.431680000001506,4,4.321521071978278,RankSurprise
microVIMPPN_R_1-2+,2,65663.71328,65685.62688,21.91359999999986,65663.71328,65685.62688,21.91359999999986,3,4.007979897903786,RankSurprise
microVIMPPN_R_1-2+,2,69514.56768,69526.77376,12.206080000003567,69514.56768,69526.77376,12.206080000003567,3,5.3475465518791605,RankSurprise
microVIMPPN_R_1-2+,2,69937.07008,70268.928,331.8579199999949,69937.07008,70268.928,331.8579199999949,10,3.8786535603713506,RankSurprise
microVIMPPN_R_1-2+,2,74757.61152,74781.20448,23.59295999999449,74757.61152,74781.20448,23.59295999999449,3,3.821261536632143,RankSurprise
microVIMPPN_R_1-2+,2,78203.12576,78494.96576,291.84000000001106,78203.12576,78494.96576,291.84000000001106,12,7.200044067440038,RankSurprise
microVIMPPN_R_1-2+,2,82711.1424,82729.20576,18.063360000000102,82711.1424,82729.20576,18.063360000000102,4,7.636416853898016,RankSurprise
microVIMPPN_R_1-2+,2,82786.67264,82885.2224,98.54975999999442,82786.67264,82885.2224,98.54975999999442,5,3.5942827242482487,RankSurprise
microVIMPPN_R_1-2+,2,84212.89984,84598.74304,385.843200000003,84212.89984,84598.74304,385.843200000003,12,4.083669708102007,RankSurprise
microVIMPPN_R_1-2+,2,85828.4032,85978.03008,149.62687999999616,85828.4032,85978.03008,149.62687999999616,7,4.807712526354963,RankSurprise
microVIMPPN_R_1-2+,2,89344.53248,89370.91072,26.378240000005462,89344.53248,89370.91072,26.378240000005462,4,6.276452176847631,RankSurprise
microVIMPPN_R_1-2+,2,89924.23936,90113.18784,188.94847999999183,89924.23936,90113.18784,188.94847999999183,9,6.390871778547118,RankSurprise
microVIMPPN_R_1-2+,2,90644.97152,90684.74368,39.772159999993164,90644.97152,90684.74368,39.772159999993164,6,10.20359850909258,RankSurprise
microVIMPPN_R_1-2+,2,90853.08928,90870.53824,17.44895999999426,90853.08928,90870.53824,17.44895999999426,3,4.507469971366314,RankSurprise
microVIMPPN_R_1-2+,2,91031.51104,91325.52192,294.01088000000163,91031.51104,91325.52192,294.01088000000163,11,5.960661729634399,RankSurprise
microVIMPPN_R_1-2+,2,91825.7664,91911.20896,85.44256000001042,91825.7664,91911.20896,85.44256000001042,5,4.232418715826629,RankSurprise
microVIMPPN_R_1-2+,2,102050.32448,102224.03584,173.71136000000115,102050.32448,102224.03584,173.71136000000115,7,3.831441828528021,RankSurprise
microVIMPPN_R_1-2+,2,102819.47136,102897.4592,77.9878400000016,102819.47136,102897.4592,77.9878400000016,5,4.559734592228931,RankSurprise
microVIMPPN_R_1-2+,2,103914.0864,103968.84992,54.76351999999315,103914.0864,103968.84992,54.76351999999315,4,3.9225712249856777,RankSurprise
microVIMPPN_R_1-2+,2,104475.68896,104477.696,2.0070399999967776,104475.68896,104477.696,2.0070399999967776,3,9.954980593393007,RankSurprise
microVIMPPN_R_1-2+,2,105670.4512,105806.0288,135.57760000000417,105670.4512,105806.0288,135.57760000000417,6,3.7301661171748246,RankSurprise
microVIMPPN_R_1-2+,2,108114.98496,108226.68288,111.69791999999143,108114.98496,108226.68288,111.69791999999143,6,4.709503480829555,RankSurprise
microVIMPPN_R_1-2+,2,108863.44704,108985.05728,121.61023999999452,108863.44704,108985.05728,121.61023999999452,8,7.900937819276008,RankSurprise
microVIMPPN_R_1-2+,2,109964.32896,109989.2736,24.944640000001527,109964.32896,109989.2736,24.944640000001527,3,3.710230081415787,RankSurprise
microVIMPPN_R_1-2+,2,111687.96672,111925.4528,237.4860800000024,111687.96672,111925.4528,237.4860800000024,9,4.543481293607091,RankSurprise
microVIMPPN_R_1-2+,2,112139.22304,112290.69312,151.47007999999914,112139.22304,112290.69312,151.47007999999914,8,6.419394830479266,RankSurprise
microVIMPPN_R_1-2+,2,112543.62112,112596.62336,53.00224000000162,112543.62112,112596.62336,53.00224000000162,4,4.008217190575081,RankSurprise
microVIMPPN_R_1-2+,2,114297.93792,114317.63968,19.701759999996284,114297.93792,114317.63968,19.701759999996284,4,7.322541592339864,RankSurprise
microVIMPPN_R_1-2+,2,114948.58752,114970.13248,21.544959999999264,114948.58752,114970.13248,21.544959999999264,3,4.045716878135652,RankSurprise
microVIMPPN_R_1-2+,2,118305.5872,118320.49664,14.909440000003087,118305.5872,118320.49664,14.909440000003087,3,4.902548387008812,RankSurprise
microVIMPPN_R_1-2+,2,119786.7008,120083.78368,297.0828799999872,119786.7008,120083.78368,297.0828799999872,13,8.273841328660357,RankSurprise
microVIMPPN_R_1-2+,2,123214.4384,123251.22048,36.7820800000045,123214.4384,123251.22048,36.7820800000045,4,5.158862030956936,RankSurprise
microVIMPPN_R_1-2+,2,131828.89984,131850.73152,21.83168000000296,131828.89984,131850.73152,21.83168000000296,3,3.9774282854476244,RankSurprise
microVIMPPN_R_1-2+,2,134312.09984,134478.39744,166.29759999999078,134312.09984,134478.39744,166.29759999999078,10,9.185196849126973,RankSurprise
microVIMPPN_R_1-2+,2,134943.90784,135080.1408,136.2329599999939,134943.90784,135080.1408,136.2329599999939,7,5.303644212395713,RankSurprise
microVIMPPN_R_1-2+,2,135318.89664,135395.16416,76.26751999999397,135318.89664,135395.16416,76.26751999999397,5,4.747647953902298,RankSurprise
microVIMPPN_R_1-2+,2,136058.01984,136133.0176,74.99775999999838,136058.01984,136133.0176,74.99775999999838,5,4.7625710260222895,RankSurprise
microVIMPPN_R_1-2+,2,136849.48992,137019.47392,169.98399999999674,136849.48992,137019.47392,169.98399999999674,7,3.981288881780783,RankSurprise
microVIMPPN_R_1-2+,2,137640.22272,137696.82944,56.60672000001068,137640.22272,137696.82944,56.60672000001068,4,3.804663059231995,RankSurprise
microVIMPPN_R_1-2+,2,139312.128,139331.62496,19.496959999989485,139312.128,139331.62496,19.496959999989485,3,4.263296916855873,RankSurprise
microVIMPPN_R_1-2+,2,141201.408,141256.45824,55.0502400000114,141201.408,141256.45824,55.0502400000114,4,3.8932902760997123,RankSurprise
microVIMPPN_R_1-2+,2,144316.29312,144335.74912,19.456000000005588,144316.29312,144335.74912,19.456000000005588,3,4.240936426867185,RankSurprise
microVIMPPN_R_1-2+,2,146134.87616,146303.3856,168.50943999999436,146134.87616,146303.3856,168.50943999999436,10,9.103608139681782,RankSurprise
microVIMPPN_R_1-2+,2,147213.18912,147611.11552,397.92639999999665,147213.18912,147611.11552,397.92639999999665,12,3.8967958725987093,RankSurprise
microVIMPPN_R_1-2+,2,147866.25536,147900.8256,34.57024000000092,147866.25536,147900.8256,34.57024000000092,4,5.381334613158092,RankSurprise
microVIMPPN_R_1-2+,2,148796.94848,148879.68768,82.7392000000109,148796.94848,148879.68768,82.7392000000109,6,6.288119906311742,RankSurprise
microVIMPPN_R_1-2+,2,149920.52224,150142.52544,222.00320000000647,149920.52224,150142.52544,222.00320000000647,8,3.711433369433721,RankSurprise
microVIMPPN_R_1-2+,2,150697.49248,150722.10944,24.616960000013933,150697.49248,150722.10944,24.616960000013933,4,6.51261111327716,RankSurprise
microVIMPPN_R_1-2+,2,151469.8752,151529.10336,59.22815999999875,151469.8752,151529.10336,59.22815999999875,4,3.660577730004192,RankSurprise
microVIMPPN_R_1-2+,2,152054.5792,152170.33216,115.75295999998343,152054.5792,152170.33216,115.75295999998343,6,4.657157776721189,RankSurprise
microVIMPPN_R_1-2+,2,154145.46432,154514.10432,368.64000000001397,154145.46432,154514.10432,368.64000000001397,13,5.69625174326091,RankSurprise
microVIMPPN_R_1-2+,2,155640.75008,155660.45184,19.701759999996284,155640.75008,155660.45184,19.701759999996284,3,4.260800036657287,RankSurprise
microVIMPPN_R_1-2+,2,160199.39328,160499.75296,300.3596800000232,160199.39328,160499.75296,300.3596800000232,11,5.24238454880005,RankSurprise
microVIMPPN_R_1-2+,2,161131.47904,161145.77408,14.295039999997243,161131.47904,161145.77408,14.295039999997243,3,4.9407440211075535,RankSurprise
microVIMPPN_R_1-2+,2,162941.25568,162956.57472,15.319040000002133,162941.25568,162956.57472,15.319040000002133,3,4.788900360252123,RankSurprise
microVIMPPN_R_1-2+,2,166431.00672,166449.07008,18.063360000000102,166431.00672,166449.07008,18.063360000000102,3,4.424527846043487,RankSurprise
microVIMPPN_R_1-2+,2,167553.59744,167567.23712,13.63967999999295,167553.59744,167567.23712,13.63967999999295,3,5.097472759344537,RankSurprise
microVIMPPN_R_1-2+,2,168027.29984,168052.36736,25.067520000011427,168027.29984,168052.36736,25.067520000011427,3,3.710230081415787,RankSurprise
microVIMPPN_R_1-2+,2,170906.09152,170969.66144,63.569920000009006,170906.09152,170969.66144,63.569920000009006,5,5.451568796660315,RankSurprise
microVIMPPN_R_1-2+,2,171660.32896,171712.43008,52.10111999997753,171660.32896,171712.43008,52.10111999997753,5,6.304561685074933,RankSurprise
microVIMPPN_R_1-2+,2,174210.2528,174220.65664,10.403840000013588,174210.2528,174220.65664,10.403840000013588,3,5.72988370471665,RankSurprise
microVIMPPN_R_1-2+,2,174709.02272,174746.46016,37.43743999997969,174709.02272,174746.46016,37.43743999997969,4,5.0920015569061725,RankSurprise
microVIMPPN_R_1-2+,2,182873.86624,183101.0304,227.1641599999857,182873.86624,183101.0304,227.1641599999857,8,3.6004496979530787,RankSurprise
microVIMPPN_R_1-2+,2,183704.28928,183736.5248,32.23552000001655,183704.28928,183736.5248,32.23552000001655,4,5.630665550661984,RankSurprise
microVIMPPN_R_1-2+,2,185164.71808,185294.848,130.12992000000668,185164.71808,185294.848,130.12992000000668,7,5.626088843998894,RankSurprise
microVIMPPN_R_1-2+,2,187108.02432,187306.88512,198.86079999999492,187108.02432,187306.88512,198.86079999999492,8,4.44504760055016,RankSurprise
microVIMPPN_R_1-2+,2,188086.272,188112.52736,26.255360000010114,188086.272,188112.52736,26.255360000010114,3,3.6194737508032677,RankSurprise
microVIMPPN_R_1-2+,2,189011.5584,189072.75264,61.19423999998253,189011.5584,189072.75264,61.19423999998253,4,3.5546166092013323,RankSurprise
microVIMPPN_R_1-2+,2,190636.2368,190694.76864,58.53183999998146,190636.2368,190694.76864,58.53183999998146,4,3.69239889196551,RankSurprise
microVIMPPN_R_1-2+,2,193809.77664,193834.22976,24.45311999999103,193809.77664,193834.22976,24.45311999999103,3,3.7640019356484924,RankSurprise
microVIMPPN_R_1-2+,2,201963.88864,202014.18752,50.29888000001665,201963.88864,202014.18752,50.29888000001665,4,4.162166377812479,RankSurprise
microVIMPPN_R_1-2+,2,211967.34464,212066.67264,99.32800000000861,211967.34464,212066.67264,99.32800000000861,5,3.589633722946015,RankSurprise
microVIMPPN_R_1-2+,2,212411.76064,212497.24416,85.48352000000887,212411.76064,212497.24416,85.48352000000887,6,6.159621194078213,RankSurprise
microVIMPPN_R_1-2+,2,213672.87808,213681.88928,9.011200000008103,213672.87808,213681.88928,9.011200000008103,3,6.044698232442645,RankSurprise
microVIMPPN_R_1-2+,2,218414.03904,218441.3184,27.2793599999859,218414.03904,218441.3184,27.2793599999859,3,3.537865961512983,RankSurprise
microVIMPPN_R_1-2+,2,218736.10752,218798.03904,61.931520000012824,218736.10752,218798.03904,61.931520000012824,4,3.528700952645462,RankSurprise
microVIMPPN_R_1-2+,2,233343.63136,233417.44128,73.80991999999969,233343.63136,233417.44128,73.80991999999969,5,4.777549981221302,RankSurprise
microVIMPPN_R_1-2+,2,235864.14592,235983.4624,119.31647999997949,235864.14592,235983.4624,119.31647999997949,7,6.156247033865079,RankSurprise
microVIMPPN_R_1-2+,2,236995.74784,237146.39872,150.65088000000105,236995.74784,237146.39872,150.65088000000105,7,4.753960761455922,RankSurprise
microVIMPPN_R_1-2+,2,241518.05952,241542.51264,24.45311999999103,241518.05952,241542.51264,24.45311999999103,3,3.7737580548768843,RankSurprise
microVIMPPN_R_1-2+,2,244258.2016,244349.3376,91.1359999999986,244258.2016,244349.3376,91.1359999999986,7,7.87628690468884,RankSurprise
microVIMPPN_R_1-2+,2,244873.33888,244880.83456,7.495679999992717,244873.33888,244880.83456,7.495679999992717,3,6.531733921775324,RankSurprise
microVIMPPN_R_1-2+,2,245772.00128,246012.88704,240.88576000000467,245772.00128,246012.88704,240.88576000000467,10,5.858716803506948,RankSurprise
microVIMPPN_R_1-2+,2,253346.28352,253634.27328,287.98975999999675,253346.28352,253634.27328,287.98975999999675,12,6.959473714288432,RankSurprise
microVIMPPN_R_1-2+,2,253955.72736,254049.23904,93.51167999999598,253955.72736,254049.23904,93.51167999999598,5,3.8092855279596414,RankSurprise
microVIMPPN_R_1-2+,2,256299.17184,256476.40576,177.23391999999876,256299.17184,256476.40576,177.23391999999876,8,5.241194926027299,RankSurprise
microVIMPPN_R_1-2+,2,257002.65984,257134.51008,131.85023999999976,257002.65984,257134.51008,131.85023999999976,6,3.8497915953987016,RankSurprise
microVIMPPN_R_1-2+,2,258022.68672,258045.82912,23.14240000001155,258022.68672,258045.82912,23.14240000001155,3,3.880208908203967,RankSurprise
microVIMPPN_R_1-2+,2,258604.31872,258610.25792,5.939199999993434,258604.31872,258610.25792,5.939199999993434,3,7.275836308726246,RankSurprise
microVIMPPN_R_1-2+,2,262130.15552,262145.55648,15.400960000028135,262130.15552,262145.55648,15.400960000028135,3,4.821661147492005,RankSurprise
microVIMPPN_R_1-2+,2,264903.18848,265010.54464,107.35615999996662,264903.18848,265010.54464,107.35615999996662,6,4.918086509143521,RankSurprise
microVIMPPN_R_1-2+,2,270487.47008,270577.54112,90.07104000000982,270487.47008,270577.54112,90.07104000000982,5,3.9889895380742466,RankSurprise
microVIMPPN_R_1-2+,2,271086.51008,271242.11712,155.6070400000317,271086.51008,271242.11712,155.6070400000317,7,4.513935071073935,RankSurprise
microVIMPPN_R_1-2+,2,271960.76032,272043.66336,82.9030400000047,271960.76032,272043.66336,82.9030400000047,5,4.321801753813805,RankSurprise
microVIMPPN_R_1-2+,2,293094.56384,293350.1952,255.6313599999994,293094.56384,293350.1952,255.6313599999994,10,5.460731612986664,RankSurprise
microVIMPPN_R_1-2+,2,296488.22272,296669.51168,181.2889599999762,296488.22272,296669.51168,181.2889599999762,7,3.5867403540695557,RankSurprise
microVIMPPN_R_1-2+,2,297248.48128,297350.3488,101.86751999997068,297248.48128,297350.3488,101.86751999997068,6,5.213886591802577,RankSurprise
microVIMPPN_R_1-2+,2,298393.1904,298441.89184,48.701439999975264,298393.1904,298441.89184,48.701439999975264,4,4.245056233161787,RankSurprise
microVIMPPN_R_1-2+,2,300949.95456,300964.70016,14.745600000023842,300949.95456,300964.70016,14.745600000023842,3,4.937241390556354,RankSurprise
microVIMPPN_R_1-2+,2,301209.51808,301230.57152,21.05343999998877,301209.51808,301230.57152,21.05343999998877,3,4.100234751666418,RankSurprise
microVIMPPN_R_1-2+,2,302451.17952,302515.65056,64.47103999997489,302451.17952,302515.65056,64.47103999997489,4,3.520857810193892,RankSurprise
microVIMPPN_R_1-2+,2,309192.13056,309217.36192,25.23135999997612,309192.13056,309217.36192,25.23135999997612,3,3.7045536335725107,RankSurprise
microVIMPPN_R_1-2+,2,311996.98944,312244.18304,247.1935999999987,311996.98944,312244.18304,247.1935999999987,10,5.589317107887229,RankSurprise
microVIMPPN_R_1-2+,2,320812.60544,321041.57184,228.9663999999757,320812.60544,321041.57184,228.9663999999757,8,3.532936950507175,RankSurprise
microVIMPPN_R_1-2+,2,327898.15296,327924.24448,26.091520000016317,327898.15296,327924.24448,26.091520000016317,4,6.273649746241933,RankSurprise
microVIMPPN_R_1-2+,2,328215.9616,328521.76896,305.80736000003526,328215.9616,328521.76896,305.80736000003526,11,5.133979502517194,RankSurprise
microVIMPPN_R_1-2+,2,332057.35424,332089.42592,32.07167999999365,332057.35424,332089.42592,32.07167999999365,4,5.610387583743492,RankSurprise
microVIMPPN_R_1-2+,2,332473.91744,332665.52832,191.6108799999929,332473.91744,332665.52832,191.6108799999929,8,4.9278502056454405,RankSurprise
microVIMPPN_R_1-2+,2,337576.3456,337594.85952,18.513919999997597,337576.3456,337594.85952,18.513919999997597,3,4.360565004621057,RankSurprise
microVIMPPN_R_1-2+,2,340463.73888,340566.05696,102.31807999999728,340463.73888,340566.05696,102.31807999999728,6,5.207043524328903,RankSurprise
microVIMPPN_R_1-2+,2,340949.27872,341060.73088,111.45215999998618,340949.27872,341060.73088,111.45215999998618,6,4.741591365183139,RankSurprise
microVIMPPN_R_1-2+,2,345508.20864,345566.94528,58.73663999995915,345508.20864,345566.94528,58.73663999995915,4,3.6995163337682904,RankSurprise
microVIMPPN_R_1-2+,2,347169.34144,347396.01408,226.67264000000432,347169.34144,347396.01408,226.67264000000432,9,4.899767816261654,RankSurprise
microVIMPPN_R_1-2+,2,347662.1312,347688.01792,25.886720000009518,347662.1312,347688.01792,25.886720000009518,3,3.65233620397707,RankSurprise
microVIMPPN_R_1-2+,2,348406.3744,348515.57376,109.19936000002781,348406.3744,348515.57376,109.19936000002781,6,4.85395565403995,RankSurprise
microVIMPPN_R_1-2+,2,352046.77632,352145.24416,98.46783999999752,352046.77632,352145.24416,98.46783999999752,6,5.375097372601168,RankSurprise
microVIMPPN_R_1-2+,2,352995.49184,353020.55936,25.06752000004053,352995.49184,353020.55936,25.06752000004053,3,3.71592268616053,RankSurprise
microVIMPPN_R_1-2+,2,354121.68704,354174.93504,53.24800000002142,354121.68704,354174.93504,53.24800000002142,4,4.01085108045929,RankSurprise
microVIMPPN_R_1-2+,2,358436.37248,358438.66624,2.293759999971371,358436.37248,358438.66624,2.293759999971371,3,10.552061005486586,RankSurprise
microVIMPPN_R_1-2+,2,360164.39296,360260.1984,95.80543999996735,360164.39296,360260.1984,95.80543999996735,5,3.727659951743558,RankSurprise
microVIMPPN_R_1-2+,2,360841.70752,360862.22848,20.520959999994375,360841.70752,360862.22848,20.520959999994375,3,4.132736928866832,RankSurprise
microVIMPPN_R_1-2+,2,363252.81792,363278.78656,25.968639999977313,363252.81792,363278.78656,25.968639999977313,3,3.643153449454241,RankSurprise
microVIMPPN_R_1-2+,2,385754.80832,386188.57472,433.76639999996405,385754.80832,386188.57472,433.76639999996405,14,5.414362834386682,RankSurprise
microVIMPPN_R_1-2+,2,387228.672,387248.57856,19.90655999997398,387228.672,387248.57856,19.90655999997398,3,4.248362180815585,RankSurprise
microVIMPPN_R_1-2+,2,387520.18432,387585.18784,65.00352000002749,387520.18432,387585.18784,65.00352000002749,5,5.320528849231703,RankSurprise
microVIMPPN_R_1-2+,2,391674.92096,391688.76544,13.844479999970645,391674.92096,391688.76544,13.844479999970645,3,5.105070116262828,RankSurprise
microVIMPPN_R_1-2+,2,392201.33888,392292.80256,91.4636799999862,392201.33888,392292.80256,91.4636799999862,6,5.769813431825341,RankSurprise
microVIMPPN_R_1-2+,2,392802.18112,392895.40608,93.22495999996318,392802.18112,392895.40608,93.22495999996318,6,5.753259231441348,RankSurprise
microVIMPPN_R_1-2+,2,403295.35488,403310.01856,14.66367999999784,403295.35488,403310.01856,14.66367999999784,3,4.895681422413441,RankSurprise
microVIMPPN_R_1-2+,2,405059.9936,405168.128,108.13440000003902,405059.9936,405168.128,108.13440000003902,6,4.9127107420818845,RankSurprise
microVIMPPN_R_1-2+,2,405580.34944,405590.016,9.666559999983292,405580.34944,405590.016,9.666559999983292,3,5.943786399503077,RankSurprise
microVIMPPN_R_1-2+,2,406164.19328,406191.67744,27.4841599999927,406164.19328,406191.67744,27.4841599999927,3,3.5068174667319205,RankSurprise
microVIMPPN_R_1-2+,2,412690.26816,412783.73888,93.47072000004118,412690.26816,412783.73888,93.47072000004118,6,5.656315479802892,RankSurprise
microVIMPPN_R_1-2+,2,414055.75168,414116.57728,60.82560000004014,414055.75168,414116.57728,60.82560000004014,4,3.6071293705756595,RankSurprise
microVIMPPN_R_1-2+,2,420168.25344,420184.22784,15.974400000006426,420168.25344,420184.22784,15.974400000006426,3,4.703036563664581,RankSurprise
microVIMPPN_R_1-2+,2,423739.63776,423745.00352,5.365760000015143,423739.63776,423745.00352,5.365760000015143,3,7.566379067786096,RankSurprise
microVIMPPN_R_1-2+,2,424551.2192,424731.11552,179.89631999999983,424551.2192,424731.11552,179.89631999999983,7,3.850795838367511,RankSurprise
microVIMPPN_R_1-2+,2,425751.47008,425821.30688,69.83679999999003,425751.47008,425821.30688,69.83679999999003,5,5.043841181855793,RankSurprise
microVIMPPN_R_1-2+,2,426192.19968,426361.52832,169.32863999996334,426192.19968,426361.52832,169.32863999996334,9,7.2349154250798415,RankSurprise
microVIMPPN_R_1-2+,2,426624.86016,427139.15392,514.2937600000296,426624.86016,427139.15392,514.2937600000296,19,9.925181875543718,RankSurprise
microVIMPPN_R_1-2+,2,437993.51296,438063.43168,69.91871999995783,437993.51296,438063.43168,69.91871999995783,5,5.062598545939913,RankSurprise
microVIMPPN_R_1-2+,2,440052.44928,440095.66208,43.212799999979325,440052.44928,440095.66208,43.212799999979325,4,4.677977062643535,RankSurprise
microVIMPPN_R_1-2+,2,449300.76672,449317.31456,16.54784000001382,449300.76672,449317.31456,16.54784000001382,3,4.64172904546929,RankSurprise
microVIMPPN_R_1-2+,2,453799.936,453897.50272,97.56672000000253,453799.936,453897.50272,97.56672000000253,5,3.842803902851724,RankSurprise
microVIMPPN_R_1-2+,2,454313.65632,454322.46272,8.806400000001304,454313.65632,454322.46272,8.806400000001304,3,6.119125604127968,RankSurprise
microVIMPPN_R_1-2+,2,460195.30752,460351.32416,156.0166400000453,460195.30752,460351.32416,156.0166400000453,7,4.545809034726885,RankSurprise
microVIMPPN_R_1-2+,2,460701.696,460894.86336,193.1673600000213,460701.696,460894.86336,193.1673600000213,8,4.63991041830305,RankSurprise
microVIMPPN_R_1-2+,2,462195.46624,462320.76288,125.29664000001503,462195.46624,462320.76288,125.29664000001503,6,4.199941602515882,RankSurprise
microVIMPPN_R_1-2+,2,463593.0624,463736.38144,143.31904000003124,463593.0624,463736.38144,143.31904000003124,7,5.001923159583278,RankSurprise
microVIMPPN_R_1-2+,2,474064.60928,474075.62752,11.01824000000488,474064.60928,474075.62752,11.01824000000488,3,5.536663957313925,RankSurprise
microVIMPPN_R_1-2+,2,479278.08,479314.90304,36.823039999988396,479278.08,479314.90304,36.823039999988396,4,5.164662872269677,RankSurprise
microVIMPPN_R_1-2+,2,479615.67232,479698.04288,82.3705600000103,479615.67232,479698.04288,82.3705600000103,5,4.341938842082104,RankSurprise
microVIMPPN_R_1-2+,2,481415.3728,481459.69152,44.31871999998111,481415.3728,481459.69152,44.31871999998111,4,4.568110159452409,RankSurprise
microVIMPPN_R_1-2+,2,482396.65152,482538.04544,141.39392000000225,482396.65152,482538.04544,141.39392000000225,8,6.780009766646104,RankSurprise
microVIMPPN_R_1-2+,2,483000.36096,483060.1216,59.760639999993145,483000.36096,483060.1216,59.760639999993145,4,3.7425792786878525,RankSurprise
microVIMPPN_R_1-2+,2,484746.28096,484990.52544,244.24447999999393,484746.28096,484990.52544,244.24447999999393,9,4.475568550244756,RankSurprise
microVIMPPN_R_1-2+,2,485432.36096,485484.83072,52.46976000000723,485432.36096,485484.83072,52.46976000000723,4,4.046636797711862,RankSurprise
microVIMPPN_R_1-2+,3,21038.32576,29567.46752,8529.141759999999,21038.32576,29567.46752,8529.141759999999,22,5.12630009500114,RankSurprise
microVIMPPN_R_1-2+,3,81224.04864,81369.9072,145.85856000000786,81224.04864,81369.9072,145.85856000000786,3,4.012020072567111,RankSurprise
microVIMPPN_R_1-2+,3,112385.92512,119234.92864,6849.003519999998,112385.92512,119234.92864,6849.003519999998,20,5.598296271046982,RankSurprise
microVIMPPN_R_1-2+,3,136148.21376,137031.96672,883.7529599999834,136148.21376,137031.96672,883.7529599999834,8,9.155017756455408,RankSurprise
microVIMPPN_R_1-2+,3,214192.20992,217444.352,3252.1420800000196,214192.20992,217444.352,3252.1420800000196,11,5.473931067980589,RankSurprise
microVIMPPN_R_1-2+,3,227388.08832,227885.58848,497.50015999999596,227388.08832,227885.58848,497.50015999999596,4,4.091336466632388,RankSurprise
microVIMPPN_R_1-2+,3,258685.78816,258756.93568,71.14751999999862,258685.78816,258756.93568,71.14751999999862,3,5.253034148573395,RankSurprise
microVIMPPN_R_1-2+,3,294055.89504,304543.3344,10487.439360000018,294055.89504,304543.3344,10487.439360000018,24,3.672434221939752,RankSurprise
microVIMPPN_R_1-2+,3,328308.98176,328997.84704,688.8652800000273,328308.98176,328997.84704,688.8652800000273,6,6.241893968719431,RankSurprise
microVIMPPN_R_1-2+,3,346093.9776,347897.0368,1803.0592000000179,346093.9776,347897.0368,1803.0592000000179,8,4.87216523210725,RankSurprise
microVIMPPN_R_1-2+,3,354857.20576,355319.31648,462.11071999999695,354857.20576,355319.31648,462.11071999999695,4,3.831328623508586,RankSurprise
microVIMPPN_R_1-2+,3,368266.0352,368422.25664,156.2214399999939,368266.0352,368422.25664,156.2214399999939,3,3.596104708584118,RankSurprise
microVIMPPN_R_1-2+,3,390276.99712,391390.69952,1113.7024000000092,390276.99712,391390.69952,1113.7024000000092,6,3.9939286404420398,RankSurprise
microVIMPPN_R_1-2+,3,406911.09888,407367.18848,456.0896000000066,406911.09888,407367.18848,456.0896000000066,5,5.698739681739045,RankSurprise
microVIMPPN_R_1-2+,3,414043.66848,414829.28128,785.6128000000026,414043.66848,414829.28128,785.6128000000026,6,5.572631114149548,RankSurprise
microVIMPPN_R_1-2+,3,438085.14048,439685.36576,1600.2252800000133,438085.14048,439685.36576,1600.2252800000133,7,3.876746319461914,RankSurprise
microVIMPPN_R_1-2+,3,473436.11904,473596.23168,160.11264000000665,473436.11904,473596.23168,160.11264000000665,3,3.8022995415850414,RankSurprise
microVIMPPN_R_1-2+,4,76749.12768,77574.47168,825.3439999999973,76749.12768,77574.47168,825.3439999999973,9,6.688495573927624,RankSurprise
microVIMPPN_R_1-2+,4,83667.84512,84094.93504,427.08991999999853,83667.84512,84094.93504,427.08991999999853,5,4.243676360397011,RankSurprise
microVIMPPN_R_1-2+,4,98600.42752,99823.616,1223.188479999997,98600.42752,99823.616,1223.188479999997,10,5.486293609652639,RankSurprise
microVIMPPN_R_1-2+,4,102422.81472,104175.616,1752.8012799999997,102422.81472,104175.616,1752.8012799999997,13,4.848169573106628,RankSurprise
microVIMPPN_R_1-2+,4,105985.80224,106089.22624,103.42399999999907,105985.80224,106089.22624,103.42399999999907,3,4.072984921135486,RankSurprise
microVIMPPN_R_1-2+,4,113387.15136,113510.64576,123.49439999999595,113387.15136,113510.64576,123.49439999999595,3,3.558960612119355,RankSurprise
microVIMPPN_R_1-2+,4,123831.33696,123937.50528,106.16831999999704,123831.33696,123937.50528,106.16831999999704,3,3.9244008560802808,RankSurprise
microVIMPPN_R_1-2+,4,145083.22816,145184.68608,101.45792000001529,145083.22816,145184.68608,101.45792000001529,3,4.189420728312154,RankSurprise
microVIMPPN_R_1-2+,4,146865.152,147156.82816,291.6761600000027,146865.152,147156.82816,291.6761600000027,5,5.408467448751512,RankSurprise
microVIMPPN_R_1-2+,4,153720.832,153837.9776,117.14560000001802,153720.832,153837.9776,117.14560000001802,3,3.527401649124572,RankSurprise
microVIMPPN_R_1-2+,4,195637.248,195736.45312,99.20511999999871,195637.248,195736.45312,99.20511999999871,3,4.072984921135486,RankSurprise
microVIMPPN_R_1-2+,4,223783.56736,224088.8832,305.31584000002476,223783.56736,224088.8832,305.31584000002476,5,4.817986679678999,RankSurprise
microVIMPPN_R_1-2+,4,230270.73024,230510.10048,239.37023999998928,230270.73024,230510.10048,239.37023999998928,4,4.176553507377577,RankSurprise
microVIMPPN_R_1-2+,4,232120.77056,232214.44608,93.67551999998977,232120.77056,232214.44608,93.67551999998977,3,4.267208911150581,RankSurprise
microVIMPPN_R_1-2+,4,233990.67648,235553.87392,1563.197440000018,233990.67648,235553.87392,1563.197440000018,13,7.117729139663544,RankSurprise
microVIMPPN_R_1-2+,4,237499.47392,237610.47552,111.00160000001779,237499.47392,237610.47552,111.00160000001779,3,3.759546992326717,RankSurprise
microVIMPPN_R_1-2+,4,238588.47744,238747.77088,159.29344000000856,238588.47744,238747.77088,159.29344000000856,4,5.492270024018826,RankSurprise
microVIMPPN_R_1-2+,4,242117.91872,242183.24992,65.33120000001509,242117.91872,242183.24992,65.33120000001509,3,5.064034521185366,RankSurprise
microVIMPPN_R_1-2+,4,248350.9248,248456.51968,105.59487999998964,248350.9248,248456.51968,105.59487999998964,3,4.002270033302279,RankSurprise
microVIMPPN_R_1-2+,4,265710.63296,265774.98112,64.3481599999941,265710.63296,265774.98112,64.3481599999941,3,5.6705977056297705,RankSurprise
microVIMPPN_R_1-2+,4,266335.88736,266443.24352,107.35616000002483,266335.88736,266443.24352,107.35616000002483,3,3.858666877537937,RankSurprise
microVIMPPN_R_1-2+,4,267089.1008,267522.4576,433.35680000000866,267089.1008,267522.4576,433.35680000000866,6,5.48915452400783,RankSurprise
microVIMPPN_R_1-2+,4,293476.88448,293627.98592,151.10143999999855,293476.88448,293627.98592,151.10143999999855,4,5.944969695221676,RankSurprise
microVIMPPN_R_1-2+,4,311292.76416,311548.1088,255.3446399999666,311292.76416,311548.1088,255.3446399999666,4,3.5426247051536706,RankSurprise
microVIMPPN_R_1-2+,4,327496.78592,327933.21472,436.4287999999942,327496.78592,327933.21472,436.4287999999942,7,6.802527785444795,RankSurprise
microVIMPPN_R_1-2+,4,341166.24384,341410.44736,244.20351999998093,341166.24384,341410.44736,244.20351999998093,4,3.6517278558798907,RankSurprise
microVIMPPN_R_1-2+,4,360959.13984,361362.71872,403.5788799999864,360959.13984,361362.71872,403.5788799999864,7,8.089184226535217,RankSurprise
microVIMPPN_R_1-2+,4,391009.23904,391347.65056,338.4115199999651,391009.23904,391347.65056,338.4115199999651,5,4.223910995261793,RankSurprise
microVIMPPN_R_1-2+,4,393337.07776,393381.80608,44.72831999999471,393337.07776,393381.80608,44.72831999999471,3,7.419405787662226,RankSurprise
microVIMPPN_R_1-2+,4,393678.27456,395409.57184,1731.2972799999989,393678.27456,395409.57184,1731.2972799999989,13,4.812107283027493,RankSurprise
microVIMPPN_R_1-2+,4,399775.45728,401502.08512,1726.6278400000301,399775.45728,401502.08512,1726.6278400000301,15,8.02001402377297,RankSurprise
microVIMPPN_R_1-2+,4,406725.71392,407645.7984,920.0844800000195,406725.71392,407645.7984,920.0844800000195,9,5.628664832252311,RankSurprise
microVIMPPN_R_1-2+,4,462790.16448,463051.3664,261.20192000002135,462790.16448,463051.3664,261.20192000002135,6,8.506219803238544,RankSurprise
microVIMPPN_R_1-2+,4,480784.30208,480864.256,79.95391999999993,480784.30208,480864.256,79.95391999999993,3,5.203832071657811,RankSurprise
microVIMPPN_R_1-2+,4,484925.15328,485743.73888,818.5855999999912,484925.15328,485743.73888,818.5855999999912,7,3.755015567889614,RankSurprise
microVIMPPN_R_1-3+,1,12889.78432,12927.30368,37.51936000000023,12889.78432,12927.30368,37.51936000000023,3,4.9889752809054535,RankSurprise
microVIMPPN_R_1-3+,1,20223.01696,20282.08128,59.06431999999768,20223.01696,20282.08128,59.06431999999768,3,3.566486339992153,RankSurprise
microVIMPPN_R_1-3+,1,42779.648,42834.28864,54.6406399999978,42779.648,42834.28864,54.6406399999978,4,7.084155336824995,RankSurprise
microVIMPPN_R_1-3+,1,44426.56768,44490.67008,64.1024000000034,44426.56768,44490.67008,64.1024000000034,3,3.7227326965148926,RankSurprise
microVIMPPN_R_1-3+,1,44942.41792,45033.18528,90.767359999998,44942.41792,45033.18528,90.767359999998,4,4.681527169531975,RankSurprise
microVIMPPN_R_1-3+,1,45697.59744,45759.8976,62.30015999999887,45697.59744,45759.8976,62.30015999999887,3,3.8056852820596596,RankSurprise
microVIMPPN_R_1-3+,1,47982.592,48105.0624,122.47040000000561,47982.592,48105.0624,122.47040000000561,4,3.708807624956936,RankSurprise
microVIMPPN_R_1-3+,1,49984.1024,50186.0352,201.93279999999504,49984.1024,50186.0352,201.93279999999504,6,5.467054209442352,RankSurprise
microVIMPPN_R_1-3+,1,51305.51296,51354.8288,49.315840000002936,51305.51296,51354.8288,49.315840000002936,3,4.1955107679906,RankSurprise
microVIMPPN_R_1-3+,1,64843.61216,64874.61888,31.00672000000486,64843.61216,64874.61888,31.00672000000486,3,5.422262894612917,RankSurprise
microVIMPPN_R_1-3+,1,68917.41184,68968.89856,51.48672000000079,68917.41184,68968.89856,51.48672000000079,3,4.135598374441869,RankSurprise
microVIMPPN_R_1-3+,1,72275.7632,72551.0144,275.2511999999988,72275.7632,72551.0144,275.2511999999988,6,3.6025324627542763,RankSurprise
microVIMPPN_R_1-3+,1,76681.05216,76839.19872,158.14655999999377,76681.05216,76839.19872,158.14655999999377,7,9.856192876778174,RankSurprise
microVIMPPN_R_1-3+,1,78028.67712,78204.43648,175.75936000001093,78028.67712,78204.43648,175.75936000001093,5,3.962283890905727,RankSurprise
microVIMPPN_R_1-3+,1,81831.60832,82155.76576,324.1574399999954,81831.60832,82155.76576,324.1574399999954,7,4.545941148180172,RankSurprise
microVIMPPN_R_1-3+,1,82625.04448,82833.24416,208.19968000000517,82625.04448,82833.24416,208.19968000000517,7,7.387754071443666,RankSurprise
microVIMPPN_R_1-3+,1,91835.26912,92094.70976,259.4406400000007,91835.26912,92094.70976,259.4406400000007,7,6.290340907596135,RankSurprise
microVIMPPN_R_1-3+,1,101403.2384,101454.56128,51.32287999999244,101403.2384,101454.56128,51.32287999999244,3,4.068627748335684,RankSurprise
microVIMPPN_R_1-3+,1,102228.13184,102281.58464,53.452799999999115,102228.13184,102281.58464,53.452799999999115,3,3.908373285570409,RankSurprise
microVIMPPN_R_1-3+,1,105985.76128,106027.90912,42.14783999999054,105985.76128,106027.90912,42.14783999999054,3,4.674223886485455,RankSurprise
microVIMPPN_R_1-3+,1,108139.1104,109873.07008,1733.95968,108139.1104,109873.07008,1733.95968,22,4.368334674743755,RankSurprise
microVIMPPN_R_1-3+,1,112139.18208,112487.424,348.2419200000004,112139.18208,112487.424,348.2419200000004,10,9.873928942475498,RankSurprise
microVIMPPN_R_1-3+,1,117402.624,117501.952,99.32800000000861,117402.624,117501.952,99.32800000000861,4,4.265017560574059,RankSurprise
microVIMPPN_R_1-3+,1,118863.79008,118900.28544,36.4953600000008,118863.79008,118900.28544,36.4953600000008,3,4.8675210982412285,RankSurprise
microVIMPPN_R_1-3+,1,119906.87744,120439.84896,532.9715200000064,119906.87744,120439.84896,532.9715200000064,9,3.9132034336553847,RankSurprise
microVIMPPN_R_1-3+,1,122303.6928,122399.37536,95.6825600000011,122303.6928,122399.37536,95.6825600000011,4,5.044066178242868,RankSurprise
microVIMPPN_R_1-3+,1,123102.98624,123214.4384,111.45216000000073,123102.98624,123214.4384,111.45216000000073,4,4.074007192254651,RankSurprise
microVIMPPN_R_1-3+,1,125055.30368,126576.88576,1521.5820800000074,125055.30368,126576.88576,1521.5820800000074,21,6.632259183687824,RankSurprise
microVIMPPN_R_1-3+,1,128122.30656,128172.68736,50.380799999999,128122.30656,128172.68736,50.380799999999,3,4.131063219276477,RankSurprise
microVIMPPN_R_1-3+,1,131447.64416,131654.90176,207.25760000001173,131447.64416,131654.90176,207.25760000001173,6,5.352106569710912,RankSurprise
microVIMPPN_R_1-3+,1,133081.16992,133186.10944,104.93952000001445,133081.16992,133186.10944,104.93952000001445,4,4.3097945372026025,RankSurprise
microVIMPPN_R_1-3+,1,136365.54752,136885.28896,519.7414400000125,136365.54752,136885.28896,519.7414400000125,9,5.4174998821046865,RankSurprise
microVIMPPN_R_1-3+,1,159620.46464,159720.48896,100.0243199999968,159620.46464,159720.48896,100.0243199999968,4,4.801999229717882,RankSurprise
microVIMPPN_R_1-3+,1,177830.78912,177892.06528,61.27616000000853,177830.78912,177892.06528,61.27616000000853,3,3.5092433347650136,RankSurprise
microVIMPPN_R_1-3+,1,182212.8128,182273.14688,60.334079999971436,182212.8128,182273.14688,60.334079999971436,4,6.569351344390885,RankSurprise
microVIMPPN_R_1-3+,1,182982.16448,183196.672,214.50751999998465,182982.16448,183196.672,214.50751999998465,6,5.282143765770805,RankSurprise
microVIMPPN_R_1-3+,1,195665.3056,195669.93408,4.628480000013951,195665.3056,195669.93408,4.628480000013951,3,11.107411289724226,RankSurprise
microVIMPPN_R_1-3+,1,197401.43616,197458.5344,57.098239999992074,197401.43616,197458.5344,57.098239999992074,3,3.6359981674513975,RankSurprise
microVIMPPN_R_1-3+,1,200274.28864,200367.47264,93.18399999997928,200274.28864,200367.47264,93.18399999997928,5,7.862947212865937,RankSurprise
microVIMPPN_R_1-3+,1,202104.58624,202137.68192,33.09567999999854,202104.58624,202137.68192,33.09567999999854,4,8.866068722999955,RankSurprise
microVIMPPN_R_1-3+,1,212014.2848,212066.67264,52.38784000001033,212014.2848,212066.67264,52.38784000001033,3,3.908373285570409,RankSurprise
microVIMPPN_R_1-3+,1,213289.94304,213456.15872,166.21567999999388,213289.94304,213456.15872,166.21567999999388,5,4.440213771230447,RankSurprise
microVIMPPN_R_1-3+,1,216974.45888,217012.67456,38.215680000022985,216974.45888,217012.67456,38.215680000022985,3,4.893880694677275,RankSurprise
microVIMPPN_R_1-3+,1,223062.50752,224153.35424,1090.8467199999723,223062.50752,224153.35424,1090.8467199999723,15,4.652069946403312,RankSurprise
microVIMPPN_R_1-3+,1,241400.17664,242234.368,834.1913599999971,241400.17664,242234.368,834.1913599999971,14,6.472190299992109,RankSurprise
microVIMPPN_R_1-3+,1,245717.85216,246060.56448,342.71231999999145,245717.85216,246060.56448,342.71231999999145,10,9.654978750642286,RankSurprise
microVIMPPN_R_1-3+,1,256792.08448,257088.3072,296.22272000001976,256792.08448,257088.3072,296.22272000001976,6,4.40653386936343,RankSurprise
microVIMPPN_R_1-3+,1,258827.63264,258855.97696,28.34432000000379,258827.63264,258855.97696,28.34432000000379,3,5.593539536419584,RankSurprise
microVIMPPN_R_1-3+,1,268685.88544,268744.58112,58.69568000000436,268685.88544,268744.58112,58.69568000000436,3,3.748755390944819,RankSurprise
microVIMPPN_R_1-3+,1,270370.03776,270627.71712,257.6793600000092,270370.03776,270627.71712,257.6793600000092,7,6.260236675360814,RankSurprise
microVIMPPN_R_1-3+,1,296482.93888,296505.83552,22.896640000049956,296482.93888,296505.83552,22.896640000049956,3,6.105606075076242,RankSurprise
microVIMPPN_R_1-3+,1,302350.58176,302387.85536,37.273600000014994,302350.58176,302387.85536,37.273600000014994,3,4.995943950221548,RankSurprise
microVIMPPN_R_1-3+,1,307221.21728,307879.56736,658.3500800000038,307221.21728,307879.56736,658.3500800000038,10,4.378681415181278,RankSurprise
microVIMPPN_R_1-3+,1,327660.25728,328521.76896,861.511679999996,327660.25728,328521.76896,861.511679999996,15,7.710152878011085,RankSurprise
microVIMPPN_R_1-3+,1,330595.04128,331032.08448,437.0432000000146,330595.04128,331032.08448,437.0432000000146,8,3.8513436821036193,RankSurprise
microVIMPPN_R_1-3+,1,335419.63776,335439.2576,19.619839999999385,335419.63776,335439.2576,19.619839999999385,3,6.464183365815691,RankSurprise
microVIMPPN_R_1-3+,1,339855.1552,340034.7648,179.60960000002524,339855.1552,340034.7648,179.60960000002524,5,4.36521843869518,RankSurprise
microVIMPPN_R_1-3+,1,346042.94144,346151.936,108.9945599999628,346042.94144,346151.936,108.9945599999628,4,4.375355380525967,RankSurprise
microVIMPPN_R_1-3+,1,349467.0336,350094.37696,627.3433599999989,349467.0336,350094.37696,627.3433599999989,10,4.366947523965167,RankSurprise
microVIMPPN_R_1-3+,1,354318.21312,354444.53376,126.32064000004902,354318.21312,354444.53376,126.32064000004902,4,3.797807162173097,RankSurprise
microVIMPPN_R_1-3+,1,360759.45984,361226.28096,466.8211199999787,360759.45984,361226.28096,466.8211199999787,8,3.768349785757126,RankSurprise
microVIMPPN_R_1-3+,1,371818.37312,371951.94368,133.57056000002194,371818.37312,371951.94368,133.57056000002194,5,5.810222809168188,RankSurprise
microVIMPPN_R_1-3+,1,385762.95936,386282.37312,519.4137600000249,385762.95936,386282.37312,519.4137600000249,11,6.8046996778503654,RankSurprise
microVIMPPN_R_1-3+,1,390829.58848,391009.15712,179.56864000001224,390829.58848,391009.15712,179.56864000001224,5,4.189929843525324,RankSurprise
microVIMPPN_R_1-3+,1,391318.15936,391374.06976,55.91039999999339,391318.15936,391374.06976,55.91039999999339,4,7.048819108509875,RankSurprise
microVIMPPN_R_1-3+,1,393678.31552,393886.02368,207.70815999998013,393678.31552,393886.02368,207.70815999998013,5,3.8034636605542502,RankSurprise
microVIMPPN_R_1-3+,1,394350.05952,394412.6464,62.58688000001712,394350.05952,394412.6464,62.58688000001712,4,6.587369464716865,RankSurprise
microVIMPPN_R_1-3+,1,401139.87584,401644.46208,504.5862400000333,401139.87584,401644.46208,504.5862400000333,8,3.7981242555809356,RankSurprise
microVIMPPN_R_1-3+,1,406872.8832,407007.51872,134.63552000001073,406872.8832,407007.51872,134.63552000001073,5,5.803955666376499,RankSurprise
microVIMPPN_R_1-3+,1,408518.98368,408594.88256,75.89887999999337,408518.98368,408594.88256,75.89887999999337,4,6.038396198130986,RankSurprise
microVIMPPN_R_1-3+,1,412693.83168,412738.92864,45.096959999995306,412693.83168,412738.92864,45.096959999995306,4,7.74117404311599,RankSurprise
microVIMPPN_R_1-3+,1,413912.63744,414082.048,169.41055999998935,413912.63744,414082.048,169.41055999998935,5,4.634094444415389,RankSurprise
microVIMPPN_R_1-3+,1,414536.17152,414561.0752,24.903680000046734,414536.17152,414561.0752,24.903680000046734,3,5.876126394113712,RankSurprise
microVIMPPN_R_1-3+,1,426553.344,426976.13312,422.7891200000304,426553.344,426976.13312,422.7891200000304,8,4.097190602087247,RankSurprise
microVIMPPN_R_1-3+,1,437578.09664,437632.45056,54.35392000002321,437578.09664,437632.45056,54.35392000002321,3,4.095147506294401,RankSurprise
microVIMPPN_R_1-3+,1,438534.43072,438791.61856,257.1878399999696,438534.43072,438791.61856,257.1878399999696,6,4.173256922123466,RankSurprise
microVIMPPN_R_1-3+,1,461719.92064,461906.37056,186.44991999998456,461719.92064,461906.37056,186.44991999998456,5,4.238326031910994,RankSurprise
microVIMPPN_R_1-3+,1,462790.16448,462895.104,104.93952000001445,462790.16448,462895.104,104.93952000001445,4,4.407224362514977,RankSurprise
microVIMPPN_R_1-3+,1,479286.59968,479793.23392,506.63424000004306,479286.59968,479793.23392,506.63424000004306,9,4.215917908251016,RankSurprise
microVIMPPN_R_1-3+,1,481958.13376,482064.1792,106.04544000001624,481958.13376,482064.1792,106.04544000001624,4,4.675150966794465,RankSurprise
microVIMPPN_R_1-3+,1,482600.79616,482728.7552,127.959039999987,482600.79616,482728.7552,127.959039999987,4,3.558044688552485,RankSurprise
microVIMPPN_R_1-3+,1,485590.26176,486392.46336,802.2015999999712,485590.26176,486392.46336,802.2015999999712,13,6.23376134792452,RankSurprise
microVIMPPN_R_1-3+,4,4650.1888,4665.71264,15.523839999999836,4650.1888,4665.71264,15.523839999999836,3,5.485294734878183,RankSurprise
microVIMPPN_R_1-3+,4,11421.36832,11638.3744,217.00608000000102,11421.36832,11638.3744,217.00608000000102,7,4.552557631705189,RankSurprise
microVIMPPN_R_1-3+,4,15077.49888,15129.76384,52.26496000000043,15077.49888,15129.76384,52.26496000000043,4,5.13171579770604,RankSurprise
microVIMPPN_R_1-3+,4,19321.52832,19461.7344,140.20607999999993,19321.52832,19461.7344,140.20607999999993,5,3.581986867796722,RankSurprise
microVIMPPN_R_1-3+,4,20160.83968,20208.31232,47.472639999999956,20160.83968,20208.31232,47.472639999999956,4,5.358238621554733,RankSurprise
microVIMPPN_R_1-3+,4,20979.87584,21204.7872,224.91135999999824,20979.87584,21204.7872,224.91135999999824,7,4.7168552931155725,RankSurprise
microVIMPPN_R_1-3+,4,32938.72128,32968.74496,30.023680000005697,32938.72128,32968.74496,30.023680000005697,4,6.873338804771322,RankSurprise
microVIMPPN_R_1-3+,4,38702.85824,38824.91904,122.06079999999929,38702.85824,38824.91904,122.06079999999929,5,4.143788492878709,RankSurprise
microVIMPPN_R_1-3+,4,39353.79456,39982.85824,629.0636799999993,39353.79456,39982.85824,629.0636799999993,13,4.299721671542911,RankSurprise
microVIMPPN_R_1-3+,4,42490.75712,42734.67392,243.91679999999906,42490.75712,42734.67392,243.91679999999906,7,4.199950739118953,RankSurprise
microVIMPPN_R_1-3+,4,45777.79712,45792.62464,14.827519999998913,45777.79712,45792.62464,14.827519999998913,4,9.333341727608897,RankSurprise
microVIMPPN_R_1-3+,4,47320.63744,47525.72416,205.08671999999933,47320.63744,47525.72416,205.08671999999933,6,3.5555964998706204,RankSurprise
microVIMPPN_R_1-3+,4,50950.51264,51012.48512,61.97247999999672,50950.51264,51012.48512,61.97247999999672,4,4.572151043111617,RankSurprise
microVIMPPN_R_1-3+,4,67258.20416,67510.80448,252.6003200000123,67258.20416,67510.80448,252.6003200000123,7,3.815998173204166,RankSurprise
microVIMPPN_R_1-3+,4,78905.22112,78991.52384,86.3027199999924,78905.22112,78991.52384,86.3027199999924,4,3.5630932491193477,RankSurprise
microVIMPPN_R_1-3+,4,80932.61824,81377.81248,445.1942399999971,80932.61824,81377.81248,445.1942399999971,9,4.411220957759279,RankSurprise
microVIMPPN_R_1-3+,4,83658.99776,83670.016,11.01824000000488,83658.99776,83670.016,11.01824000000488,3,6.164079721138561,RankSurprise
microVIMPPN_R_1-3+,4,84379.15648,84673.7408,294.5843199999945,84379.15648,84673.7408,294.5843199999945,9,5.469951965725237,RankSurprise
microVIMPPN_R_1-3+,4,88305.95072,88328.6016,22.650880000001052,88305.95072,88328.6016,22.650880000001052,3,4.557618500488202,RankSurprise
microVIMPPN_R_1-3+,4,88513.20832,88519.84384,6.635519999996177,88513.20832,88519.84384,6.635519999996177,3,7.535106610127665,RankSurprise
microVIMPPN_R_1-3+,4,89268.67456,89355.55072,86.8761599999998,89268.67456,89355.55072,86.8761599999998,4,3.539830377261403,RankSurprise
microVIMPPN_R_1-3+,4,90056.9088,90113.18784,56.279039999993984,90056.9088,90113.18784,56.279039999993984,4,4.887394648526104,RankSurprise
microVIMPPN_R_1-3+,4,90823.68,90853.08928,29.40928000000713,90823.68,90853.08928,29.40928000000713,3,4.061107682048531,RankSurprise
microVIMPPN_R_1-3+,4,101923.06176,102190.61248,267.5507199999993,101923.06176,102190.61248,267.5507199999993,7,3.53324668476231,RankSurprise
microVIMPPN_R_1-3+,4,102553.23136,102863.62624,310.39487999999255,102553.23136,102863.62624,310.39487999999255,11,8.553955902517897,RankSurprise
microVIMPPN_R_1-3+,4,103763.39456,103835.15648,71.76192000000447,103763.39456,103835.15648,71.76192000000447,5,6.38330867088759,RankSurprise
microVIMPPN_R_1-3+,4,104579.93216,104771.46112,191.52896000001056,104579.93216,104771.46112,191.52896000001056,7,5.6234906276555385,RankSurprise
microVIMPPN_R_1-3+,4,106356.61312,106729.92256,373.3094400000118,106356.61312,106729.92256,373.3094400000118,9,4.422722883955896,RankSurprise
microVIMPPN_R_1-3+,4,109395.39456,110651.31008,1255.915519999995,109395.39456,110651.31008,1255.915519999995,21,5.384914772302844,RankSurprise
microVIMPPN_R_1-3+,4,111379.78368,111412.4288,32.64512000000104,111379.78368,111412.4288,32.64512000000104,3,3.886638022593873,RankSurprise
microVIMPPN_R_1-3+,4,112543.62112,112596.66432,53.04320000000007,112543.62112,112596.66432,53.04320000000007,4,4.978138860858323,RankSurprise
microVIMPPN_R_1-3+,4,112860.11904,113157.65248,297.53343999999925,112860.11904,113157.65248,297.53343999999925,7,3.8884646917235823,RankSurprise
microVIMPPN_R_1-3+,4,113447.81312,113536.53248,88.71935999998823,113447.81312,113536.53248,88.71935999998823,6,7.721784013513272,RankSurprise
microVIMPPN_R_1-3+,4,113756.32384,113767.87456,11.550719999999274,113756.32384,113767.87456,11.550719999999274,3,6.113571664325713,RankSurprise
microVIMPPN_R_1-3+,4,115562.2912,115600.67072,38.37951999998768,115562.2912,115600.67072,38.37951999998768,4,6.062181459574386,RankSurprise
microVIMPPN_R_1-3+,4,117713.5104,117846.67136,133.1609599999938,117713.5104,117846.67136,133.1609599999938,7,7.386700609932852,RankSurprise
microVIMPPN_R_1-3+,4,119193.31328,119353.18016,159.8668800000014,119193.31328,119353.18016,159.8668800000014,6,4.6613594993044165,RankSurprise
microVIMPPN_R_1-3+,4,120500.87936,120698.71616,197.83679999999003,120500.87936,120698.71616,197.83679999999003,6,4.021769941208917,RankSurprise
microVIMPPN_R_1-3+,4,123237.21216,123262.3616,25.149440000008326,123237.21216,123262.3616,25.149440000008326,3,4.386461280666763,RankSurprise
microVIMPPN_R_1-3+,4,127036.45696,127100.7232,64.2662399999972,127036.45696,127100.7232,64.2662399999972,5,6.794085466042887,RankSurprise
microVIMPPN_R_1-3+,4,128188.57984,128306.09408,117.51423999998951,128188.57984,128306.09408,117.51423999998951,5,4.332323216832229,RankSurprise
microVIMPPN_R_1-3+,4,133559.9104,133594.89024,34.97984000001452,133559.9104,133594.89024,34.97984000001452,3,3.7443979143534865,RankSurprise
microVIMPPN_R_1-3+,4,134815.45728,134834.66752,19.210239999985788,134815.45728,134834.66752,19.210239999985788,3,4.945767518994392,RankSurprise
microVIMPPN_R_1-3+,4,135378.69824,135400.77568,22.077439999993658,135378.69824,135400.77568,22.077439999993658,3,4.61808830465459,RankSurprise
microVIMPPN_R_1-3+,4,139104.78848,139206.8608,102.07232000000658,139104.78848,139206.8608,102.07232000000658,5,4.867840748286628,RankSurprise
microVIMPPN_R_1-3+,4,144316.29312,144324.03456,7.741440000012517,144316.29312,144324.03456,7.741440000012517,3,7.13191165055404,RankSurprise
microVIMPPN_R_1-3+,4,145502.8224,147037.14304,1534.3206399999908,145502.8224,147037.14304,1534.3206399999908,29,9.307811237760847,RankSurprise
microVIMPPN_R_1-3+,4,149909.62688,150047.21152,137.5846400000155,149909.62688,150047.21152,137.5846400000155,6,5.453727690817608,RankSurprise
microVIMPPN_R_1-3+,4,150512.4352,150555.4432,43.00800000000163,150512.4352,150555.4432,43.00800000000163,4,5.646130837410929,RankSurprise
microVIMPPN_R_1-3+,4,152054.5792,152153.98912,99.40992000000551,152054.5792,152153.98912,99.40992000000551,4,3.6046977849033013,RankSurprise
microVIMPPN_R_1-3+,4,153548.67712,153723.94496,175.26783999998588,153548.67712,153723.94496,175.26783999998588,6,4.494335587626422,RankSurprise
microVIMPPN_R_1-3+,4,155856.77312,156011.06944,154.296319999994,155856.77312,156011.06944,154.296319999994,7,6.560370166017263,RankSurprise
microVIMPPN_R_1-3+,4,164849.664,164927.93856,78.27456000001985,164849.664,164927.93856,78.27456000001985,4,3.845433198091989,RankSurprise
microVIMPPN_R_1-3+,4,166982.57408,167286.62016,304.0460800000001,166982.57408,167286.62016,304.0460800000001,8,4.290737674674542,RankSurprise
microVIMPPN_R_1-3+,4,170906.05056,170969.66144,63.6108799999929,170906.05056,170969.66144,63.6108799999929,4,4.5000978572579555,RankSurprise
microVIMPPN_R_1-3+,4,174210.29376,174220.61568,10.321919999987585,174210.29376,174220.61568,10.321919999987585,3,6.357260656066911,RankSurprise
microVIMPPN_R_1-3+,4,182605.29152,182976.38912,371.09760000000824,182605.29152,182976.38912,371.09760000000824,9,4.08845438058615,RankSurprise
microVIMPPN_R_1-3+,4,183704.33024,183815.82336,111.49311999999918,183704.33024,183815.82336,111.49311999999918,5,4.815539257426902,RankSurprise
microVIMPPN_R_1-3+,4,185187.328,185272.9344,85.60639999998966,185187.328,185272.9344,85.60639999998966,4,3.5974206418916985,RankSurprise
microVIMPPN_R_1-3+,4,197991.0144,198026.77248,35.75808000002871,197991.0144,198026.77248,35.75808000002871,3,3.6030586909641187,RankSurprise
microVIMPPN_R_1-3+,4,213236.61312,213270.48704,33.87392000001273,213236.61312,213270.48704,33.87392000001273,3,3.781350488590853,RankSurprise
microVIMPPN_R_1-3+,4,217122.24256,217221.48864,99.24607999998261,217122.24256,217221.48864,99.24607999998261,5,4.9953908104144595,RankSurprise
microVIMPPN_R_1-3+,4,219472.93696,219524.42368,51.48672000001534,219472.93696,219524.42368,51.48672000001534,4,5.119618998927034,RankSurprise
microVIMPPN_R_1-3+,4,230906.88,230960.86528,53.98527999999351,230906.88,230960.86528,53.98527999999351,4,5.021638925112992,RankSurprise
microVIMPPN_R_1-3+,4,236231.02464,236500.45952,269.43488000001526,236231.02464,236500.45952,269.43488000001526,6,3.7834813845615356,RankSurprise
microVIMPPN_R_1-3+,4,244569.16992,245476.80256,907.6326400000253,244569.16992,245476.80256,907.6326400000253,16,5.445857405867379,RankSurprise
microVIMPPN_R_1-3+,4,253346.24256,253409.6896,63.447039999999106,253346.24256,253409.6896,63.447039999999106,4,4.557100837308376,RankSurprise
microVIMPPN_R_1-3+,4,256420.16768,256566.64064,146.4729599999846,256420.16768,256566.64064,146.4729599999846,6,5.384086040814864,RankSurprise
microVIMPPN_R_1-3+,4,271124.31616,271142.66624,18.3500800000038,271124.31616,271142.66624,18.3500800000038,3,5.042652754704282,RankSurprise
microVIMPPN_R_1-3+,4,282899.16928,282921.53344,22.364160000055563,282899.16928,282921.53344,22.364160000055563,3,4.690211608485862,RankSurprise
microVIMPPN_R_1-3+,4,288847.6672,289038.41792,190.7507199999527,288847.6672,289038.41792,190.7507199999527,8,7.681612953654547,RankSurprise
microVIMPPN_R_1-3+,4,292419.3792,292493.96736,74.58815999998478,292419.3792,292493.96736,74.58815999998478,4,4.00139141071584,RankSurprise
microVIMPPN_R_1-3+,4,294055.85408,294278.38976,222.53567999997176,294055.85408,294278.38976,222.53567999997176,7,4.955359471690362,RankSurprise
microVIMPPN_R_1-3+,4,296629.41184,296648.82688,19.415039999992587,296629.41184,296648.82688,19.415039999992587,3,4.990776539868863,RankSurprise
microVIMPPN_R_1-3+,4,297238.89664,298328.10496,1089.2083200000343,297238.89664,298328.10496,1089.2083200000343,27,15.06270299667529,RankSurprise
microVIMPPN_R_1-3+,4,300949.9136,300964.74112,14.827519999991637,300949.9136,300964.74112,14.827519999991637,3,5.668280081938796,RankSurprise
microVIMPPN_R_1-3+,4,301606.58432,301674.9056,68.32127999997465,301606.58432,301674.9056,68.32127999997465,4,4.309859728381511,RankSurprise
microVIMPPN_R_1-3+,4,301942.1696,302054.15424,111.98463999998057,301942.1696,302054.15424,111.98463999998057,5,4.637688708603779,RankSurprise
microVIMPPN_R_1-3+,4,309192.04864,309226.57792,34.529280000017025,309192.04864,309226.57792,34.529280000017025,3,3.7751441183544525,RankSurprise
microVIMPPN_R_1-3+,4,309733.82656,309758.52544,24.698879999981727,309733.82656,309758.52544,24.698879999981727,3,4.428970899219825,RankSurprise
microVIMPPN_R_1-3+,4,327724.27776,327792.55808,68.28031999996165,327724.27776,327792.55808,68.28031999996165,4,4.332990152826326,RankSurprise
microVIMPPN_R_1-3+,4,328843.18208,329040.73216,197.55008000001544,328843.18208,329040.73216,197.55008000001544,7,5.096297967746101,RankSurprise
microVIMPPN_R_1-3+,4,331988.33664,332002.22208,13.885439999983646,331988.33664,332002.22208,13.885439999983646,3,5.644470183186769,RankSurprise
microVIMPPN_R_1-3+,4,340463.73888,340584.73472,120.99583999998868,340463.73888,340584.73472,120.99583999998868,6,5.989383358239365,RankSurprise
microVIMPPN_R_1-3+,4,346727.46496,346891.59168,164.1267200000002,346727.46496,346891.59168,164.1267200000002,6,4.645209650018133,RankSurprise
microVIMPPN_R_1-3+,4,356618.40384,357125.03808,506.63424000004306,356618.40384,357125.03808,506.63424000004306,11,4.050122887753347,RankSurprise
microVIMPPN_R_1-3+,4,363278.78656,363549.45024,270.66367999999784,363278.78656,363549.45024,270.66367999999784,8,4.92996125669621,RankSurprise
microVIMPPN_R_1-3+,4,363896.58624,363927.22432,30.638080000004265,363896.58624,363927.22432,30.638080000004265,3,3.9600408073826134,RankSurprise
microVIMPPN_R_1-3+,4,364049.89952,364063.04768,13.148160000040662,364049.89952,364063.04768,13.148160000040662,3,5.932494662763963,RankSurprise
microVIMPPN_R_1-3+,4,366738.06336,366836.65408,98.59072000003653,366738.06336,366836.65408,98.59072000003653,5,5.022658885533122,RankSurprise
microVIMPPN_R_1-3+,4,367253.0944,367400.3456,147.2511999999988,367253.0944,367400.3456,147.2511999999988,6,5.173624906972343,RankSurprise
microVIMPPN_R_1-3+,4,387520.18432,387585.18784,65.00352000002749,387520.18432,387585.18784,65.00352000002749,4,4.344622587729383,RankSurprise
microVIMPPN_R_1-3+,4,387975.74144,387990.60992,14.868480000004638,387975.74144,387990.60992,14.868480000004638,3,5.514653159054751,RankSurprise
microVIMPPN_R_1-3+,4,405095.79264,405292.2368,196.44416000001365,405095.79264,405292.2368,196.44416000001365,7,5.482633459061172,RankSurprise
microVIMPPN_R_1-3+,4,422732.10368,422815.37536,83.27168000000529,422732.10368,422815.37536,83.27168000000529,5,5.737449215197845,RankSurprise
microVIMPPN_R_1-3+,4,424812.3392,425102.45888,290.1196800000034,424812.3392,425102.45888,290.1196800000034,7,3.6436014296530037,RankSurprise
microVIMPPN_R_1-3+,4,425751.47008,426858.496,1107.0259199999855,425751.47008,426858.496,1107.0259199999855,24,9.347823523953581,RankSurprise
microVIMPPN_R_1-3+,4,428011.1104,428057.51808,46.40768000000389,428011.1104,428057.51808,46.40768000000389,4,5.509024251383259,RankSurprise
microVIMPPN_R_1-3+,4,429514.9568,429633.16736,118.21056000003591,429514.9568,429633.16736,118.21056000003591,5,4.24820180503221,RankSurprise
microVIMPPN_R_1-3+,4,437993.55392,438180.57728,187.02336000005016,437993.55392,438180.57728,187.02336000005016,6,4.040275951190247,RankSurprise
microVIMPPN_R_1-3+,4,440566.53824,440636.29312,69.75487999996403,440566.53824,440636.29312,69.75487999996403,4,4.154943100117059,RankSurprise
microVIMPPN_R_1-3+,4,447008.31744,447098.01984,89.70240000000922,447008.31744,447098.01984,89.70240000000922,5,5.362962861454651,RankSurprise
microVIMPPN_R_1-3+,4,454172.50816,454680.9856,508.47743999998784,454172.50816,454680.9856,508.47743999998784,11,4.37817140350486,RankSurprise
microVIMPPN_R_1-3+,4,464886.25152,464920.08448,33.832960000028834,464886.25152,464920.08448,33.832960000028834,3,3.8032257200205404,RankSurprise
microVIMPPN_R_1-3+,4,479262.84288,479328.54272,65.69984000001568,479262.84288,479328.54272,65.69984000001568,4,4.4297347143640735,RankSurprise
microVIMPPN_R_1-3+,4,483043.00032,483060.08064,17.080320000008214,483043.00032,483060.08064,17.080320000008214,3,5.156798099917841,RankSurprise
microVIMPPN_R_1-3+,4,484746.28096,485029.92896,283.6479999999865,484746.28096,485029.92896,283.6479999999865,7,4.060973742315717,RankSurprise
microVIMPPN_R_1-3+,4,485389.88544,485470.16704,80.28159999998752,485389.88544,485470.16704,80.28159999998752,4,3.790672861647767,RankSurprise
microVIMPPN_R_2-3+,3,89090.048,89713.70496,623.6569600000075,89090.048,89713.70496,623.6569600000075,7,6.5530654543828035,RankSurprise
microVIMPPN_R_2-3+,3,117146.99264,117235.712,88.71936000000278,117146.99264,117235.712,88.71936000000278,3,4.290753926001422,RankSurprise
microVIMPPN_R_2-3+,3,202025.20576,207061.11488,5035.909119999997,202025.20576,207061.11488,5035.909119999997,19,5.826865874344761,RankSurprise
microVIMPPN_R_2-3+,3,212287.2832,212398.94016,111.65695999999298,212287.2832,212398.94016,111.65695999999298,4,6.732568648862191,RankSurprise
microVIMPPN_R_2-3+,3,233773.62944,233942.13888,168.50944000002346,233773.62944,233942.13888,168.50944000002346,4,5.462070591452996,RankSurprise
microVIMPPN_R_2-3+,3,238240.27648,238281.03168,40.75519999998505,238240.27648,238281.03168,40.75519999998505,3,5.466389967738417,RankSurprise
microVIMPPN_R_2-3+,3,261912.3712,262346.99776,434.62656000000425,261912.3712,262346.99776,434.62656000000425,7,8.301889697146997,RankSurprise
microVIMPPN_R_2-3+,3,324192.01024,324743.3728,551.3625600000378,324192.01024,324743.3728,551.3625600000378,5,4.117321441389677,RankSurprise
microVIMPPN_R_2-3+,3,333024.74752,333843.49696,818.7494400000433,333024.74752,333843.49696,818.7494400000433,9,9.130916466170262,RankSurprise
microVIMPPN_R_2-3+,3,340419.21536,340832.78848,413.5731200000155,340419.21536,340832.78848,413.5731200000155,5,5.153078332564771,RankSurprise
microVIMPPN_R_2-3+,3,345547.69408,346379.71456,832.0204800000065,345547.69408,346379.71456,832.0204800000065,9,10.308969416203503,RankSurprise
microVIMPPN_R_2-3+,3,423679.50848,429041.29536,5361.786879999971,423679.50848,429041.29536,5361.786879999971,20,5.762074696916859,RankSurprise
microVIMPPN_R_2-3+,3,437831.39328,438830.81728,999.4239999999991,437831.39328,438830.81728,999.4239999999991,6,3.554894329197942,RankSurprise
microVIMPPN_R_2-3+,3,453351.79264,454158.62272,806.8300799999852,453351.79264,454158.62272,806.8300799999852,7,5.421930223509638,RankSurprise
microVIMPPN_R_4-5+,0,91086.27456,91225.088,138.81343999999808,91086.27456,91225.088,138.81343999999808,4,4.2757593537991845,RankSurprise
microVIMPPN_R_4-5+,0,93360.25088,93554.0736,193.82271999999648,93360.25088,93554.0736,193.82271999999648,5,5.321758718348601,RankSurprise
microVIMPPN_R_4-5+,0,101898.6496,102012.06784,113.41823999999906,101898.6496,102012.06784,113.41823999999906,4,4.856721328674176,RankSurprise
microVIMPPN_R_4-5+,0,204747.81696,206014.54592,1266.7289600000076,204747.81696,206014.54592,1266.7289600000076,11,6.011735225337363,RankSurprise
microVIMPPN_R_4-5+,0,208593.34656,208600.71936,7.372799999982817,208593.34656,208600.71936,7.372799999982817,3,7.829980746376107,RankSurprise
microVIMPPN_R_4-5+,0,209760.09216,210340.16768,580.0755200000131,209760.09216,210340.16768,580.0755200000131,10,10.219665964692082,RankSurprise
microVIMPPN_R_4-5+,0,212079.16544,217387.99104,5308.825599999982,212079.16544,217387.99104,5308.825599999982,40,14.235242616379576,RankSurprise
microVIMPPN_R_4-5+,0,219551.49824,219858.65728,307.15904000002774,219551.49824,219858.65728,307.15904000002774,5,3.8486988238971342,RankSurprise
microVIMPPN_R_4-5+,0,223373.80352,223459.04128,85.23776000001817,223373.80352,223459.04128,85.23776000001817,4,5.734052938960044,RankSurprise
microVIMPPN_R_4-5+,0,224358.6048,224854.26176,495.656959999993,224358.6048,224854.26176,495.656959999993,6,4.26689834045446,RankSurprise
microVIMPPN_R_4-5+,0,229406.18752,234562.80576,5156.618239999982,229406.18752,234562.80576,5156.618239999982,33,8.39770367343196,RankSurprise
microVIMPPN_R_4-5+,0,238912.88064,239074.7136,161.83295999999973,238912.88064,239074.7136,161.83295999999973,6,8.20730617114917,RankSurprise
microVIMPPN_R_4-5+,0,246668.41088,246999.36768,330.9567999999854,246668.41088,246999.36768,330.9567999999854,5,3.5272215074344544,RankSurprise
microVIMPPN_R_4-5+,0,249539.25632,249816.71936,277.46304000000237,249539.25632,249816.71936,277.46304000000237,5,4.001993524988595,RankSurprise
microVIMPPN_R_4-5+,0,253695.83616,253823.54944,127.7132799999963,253695.83616,253823.54944,127.7132799999963,4,4.571566485439199,RankSurprise
microVIMPPN_R_4-5+,0,261943.82848,262538.97728,595.1487999999954,261943.82848,262538.97728,595.1487999999954,7,4.788393544156713,RankSurprise
microVIMPPN_R_4-5+,0,296946.40128,297108.43904,162.03776000003563,296946.40128,297108.43904,162.03776000003563,4,3.961790186449033,RankSurprise
microVIMPPN_R_4-5+,0,306099.4048,306109.39904,9.994239999970887,306099.4048,306109.39904,9.994239999970887,3,7.435154036472998,RankSurprise
microVIMPPN_R_4-5+,0,309222.52288,309406.06464,183.5417599999928,309222.52288,309406.06464,183.5417599999928,5,5.421143104033725,RankSurprise
microVIMPPN_R_4-5+,0,311758.11072,312932.7616,1174.6508800000302,311758.11072,312932.7616,1174.6508800000302,14,8.313610331218173,RankSurprise
microVIMPPN_R_4-5+,0,316216.64768,316944.05632,727.4086399999796,316216.64768,316944.05632,727.4086399999796,8,4.450415258150719,RankSurprise
microVIMPPN_R_4-5+,0,318659.74784,320766.48448,2106.736639999959,318659.74784,320766.48448,2106.736639999959,13,3.7047709077747255,RankSurprise
microVIMPPN_R_4-5+,0,327091.93728,328094.47424,1002.5369599999976,327091.93728,328094.47424,1002.5369599999976,8,4.244919127089727,RankSurprise
microVIMPPN_R_4-5+,0,332862.6688,341527.06048,8664.39168,332862.6688,341527.06048,8664.39168,50,9.713582243838356,RankSurprise
microVIMPPN_R_4-5+,0,393916.78464,394036.10112,119.31647999997949,393916.78464,394036.10112,119.31647999997949,4,4.739387327601001,RankSurprise
microVIMPPN_R_4-5+,0,395913.91232,396774.11328,860.2009599999874,395913.91232,396774.11328,860.2009599999874,9,4.4450417683922,RankSurprise
microVIMPPN_R_4-5+,0,398091.96032,398892.48256,800.522239999962,398091.96032,398892.48256,800.522239999962,7,3.6890309697866375,RankSurprise
microVIMPPN_R_4-5+,0,403002.40896,403288.14592,285.7369600000093,403002.40896,403288.14592,285.7369600000093,5,4.399145734960342,RankSurprise
microVIMPPN_R_4-5+,0,408503.62368,410316.71808,1813.0944000000018,408503.62368,410316.71808,1813.0944000000018,13,4.558441714147411,RankSurprise
microVIMPPN_R_4-5+,0,411699.6096,411715.21536,15.605759999947622,411699.6096,411715.21536,15.605759999947622,3,6.461704890758894,RankSurprise
microVIMPPN_R_4-5+,0,463172.56704,463336.07936,163.5123199999798,463172.56704,463336.07936,163.5123199999798,5,6.0168390104292655,RankSurprise
microVIMPPN_R_4-5+,4,93461.74976,93657.57952,195.82975999999326,93461.74976,93657.57952,195.82975999999326,3,3.6760248690442356,RankSurprise
microVIMPPN_R_4-5+,4,123967.61088,124457.49248,489.8816000000079,123967.61088,124457.49248,489.8816000000079,4,3.710622574974934,RankSurprise
microVIMPPN_R_4-5+,4,209345.86368,212618.73152,3272.8678399999917,209345.86368,212618.73152,3272.8678399999917,18,13.311019858871289,RankSurprise
microVIMPPN_R_4-5+,4,223977.6768,224491.64288,513.9660800000129,223977.6768,224491.64288,513.9660800000129,4,3.8047489081061627,RankSurprise
microVIMPPN_R_4-5+,4,242702.1312,243574.45632,872.3251199999941,242702.1312,243574.45632,872.3251199999941,6,4.963698027716024,RankSurprise
microVIMPPN_R_4-5+,4,246717.56288,248138.30144,1420.738559999998,246717.56288,248138.30144,1420.738559999998,8,6.48697459472588,RankSurprise
microVIMPPN_R_4-5+,4,252508.24192,252678.43072,170.18880000000354,252508.24192,252678.43072,170.18880000000354,3,3.8857454000263054,RankSurprise
microVIMPPN_R_4-5+,4,315875.9424,315973.14048,97.19808000000194,315875.9424,315973.14048,97.19808000000194,3,5.08971820435224,RankSurprise
microVIMPPN_R_4-5+,4,337077.61664,337263.12448,185.50783999997657,337077.61664,337263.12448,185.50783999997657,3,3.7876841868500897,RankSurprise
microVIMPPN_R_4-5+,4,339271.51616,350618.54208,11347.025919999985,339271.51616,350618.54208,11347.025919999985,37,12.405339913390915,RankSurprise
microVIMPPN_R_4-5+,4,358725.09952,358869.4016,144.30207999999402,358725.09952,358869.4016,144.30207999999402,3,4.260475581088134,RankSurprise
microVIMPPN_R_4-5+,4,393815.53152,400807.7312,6992.1996799999615,393815.53152,400807.7312,6992.1996799999615,22,7.202010917181612,RankSurprise
microVIMPPN_R_4-5+,4,417015.15264,417073.88928,58.73664000001736,417015.15264,417073.88928,58.73664000001736,3,5.947168436203462,RankSurprise
microVIMPPN_R_4-5+,4,433846.272,434036.44928,190.17728000000352,433846.272,434036.44928,190.17728000000352,5,8.932449462792992,RankSurprise
microVIMPPN_R_4-5+,4,441079.23456,441250.16064,170.92608000000473,441079.23456,441250.16064,170.92608000000473,3,3.946976266177767,RankSurprise
microVIMPPN_R_4-5+,4,453102.91968,454939.15648,1836.2368000000133,453102.91968,454939.15648,1836.2368000000133,8,4.448777391727866,RankSurprise
microVIMPPN_R_4-5+,4,461518.35648,461601.71008,83.35359999997308,461518.35648,461601.71008,83.35359999997308,3,5.242186797996514,RankSurprise
microVIMPPN_R_9-10+,0,230677.66784,231299.31776,621.6499199999962,230677.66784,231299.31776,621.6499199999962,5,3.994365470820455,RankSurprise
microVIMPPN_R_9-10+,0,239399.36256,242170.30656,2770.9439999999886,239399.36256,242170.30656,2770.9439999999886,11,4.649840565082932,RankSurprise
microVIMPPN_R_9-10+,0,296818.31936,298569.07264,1750.7532800000045,296818.31936,298569.07264,1750.7532800000045,8,4.372626688253027,RankSurprise
microVIMPPN_R_9-10+,0,333611.33568,333881.38496,270.04927999997744,333611.33568,333881.38496,270.04927999997744,4,4.683378007839368,RankSurprise
microVIMPPN_R_9-10+,0,341010.39104,341026.85696,16.46591999998782,341010.39104,341026.85696,16.46591999998782,3,6.243605129755867,RankSurprise
microVIMPPN_R_9-10+,0,346849.03424,347353.94816,504.9139200000209,346849.03424,347353.94816,504.9139200000209,6,6.9012022367030355,RankSurprise
microVIMPPN_R_9-10+,0,362742.66112,362773.17632,30.51520000002347,362742.66112,362773.17632,30.51520000002347,3,5.269335807657873,RankSurprise
microVIMPPN_R_9-10+,0,389423.84128,389522.96448,99.12320000003092,389423.84128,389522.96448,99.12320000003092,3,3.870920086005638,RankSurprise
microVIMPPN_R_9-10+,0,415322.64448,421586.3296,6263.68511999998,415322.64448,421586.3296,6263.68511999998,37,24.327886880095015,RankSurprise
microVIMPPN_R_9-10+,0,425503.41632,434595.71712,9092.300799999968,425503.41632,434595.71712,9092.300799999968,29,9.034841954523467,RankSurprise
microVIMPPN_R_9-10+,0,453342.6176,454991.29856,1648.680960000027,453342.6176,454991.29856,1648.680960000027,14,12.522042923076354,RankSurprise
