Electrode,Cluster,onset_start_ms,onset_end_ms,onset_duration_ms,span_start_ms,span_end_ms,span_duration_ms,Num_Spikes,RS,Method
microGPi_R_4-5+,0,5884.68224,5951.32416,66.64192000000003,5884.68224,5951.32416,66.64192000000003,3,4.296125829048483,RankSurprise
microGPi_R_4-5+,0,6801.32608,6834.66752,33.34144000000015,6801.32608,6834.66752,33.34144000000015,4,9.077304217936668,RankSurprise
microGPi_R_4-5+,0,72034.9184,73215.50848,1180.590080000009,72034.9184,73215.50848,1180.590080000009,9,4.103648840002461,RankSurprise
microGPi_R_4-5+,0,81974.72256,82225.11104,250.3884800000087,81974.72256,82225.11104,250.3884800000087,4,3.845509468601932,RankSurprise
microGPi_R_4-5+,0,115525.14048,115803.3408,278.20032000000356,115525.14048,115803.3408,278.20032000000356,4,3.558996687016233,RankSurprise
microGPi_R_4-5+,0,127495.86432,129135.16544,1639.3011200000037,127495.86432,129135.16544,1639.3011200000037,12,5.2626925678250105,RankSurprise
microGPi_R_4-5+,0,151498.38336,151564.94336,66.55999999999767,151498.38336,151564.94336,66.55999999999767,3,4.416969310857974,RankSurprise
microGPi_R_4-5+,0,162955.50976,163060.44928,104.93952000001445,162955.50976,163060.44928,104.93952000001445,3,3.589949560248959,RankSurprise
microGPi_R_4-5+,0,164455.26016,165261.80352,806.5433599999815,164455.26016,165261.80352,806.5433599999815,8,5.159388495734665,RankSurprise
microGPi_R_4-5+,0,170754.90816,170933.0432,178.13503999999375,170754.90816,170933.0432,178.13503999999375,5,6.567977924967675,RankSurprise
microGPi_R_4-5+,0,196284.37504,196638.22848,353.8534399999771,196284.37504,196638.22848,353.8534399999771,6,6.039467250401778,RankSurprise
microGPi_R_4-5+,0,213295.88224,213312.512,16.629759999981616,213295.88224,213312.512,16.629759999981616,3,7.169079501754213,RankSurprise
microGPi_R_4-5+,0,226194.47296,226213.92896,19.455999999976484,226194.47296,226213.92896,19.455999999976484,3,6.864646618877617,RankSurprise
microGPi_R_4-5+,0,241359.62624,241459.52768,99.9014399999869,241359.62624,241459.52768,99.9014399999869,3,3.6362481721232722,RankSurprise
microGPi_R_4-5+,0,247693.55776,248994.36544,1300.807679999998,247693.55776,248994.36544,1300.807679999998,11,5.7627872101951,RankSurprise
microGPi_R_4-5+,0,266535.15776,266644.48,109.3222400000086,266535.15776,266644.48,109.3222400000086,4,5.8058253484914815,RankSurprise
microGPi_R_4-5+,0,278339.46112,279422.93504,1083.4739200000186,278339.46112,279422.93504,1083.4739200000186,8,3.596453026497301,RankSurprise
microGPi_R_4-5+,0,283081.76896,283181.50656,99.73759999999311,283081.76896,283181.50656,99.73759999999311,4,6.157642403656247,RankSurprise
microGPi_R_4-5+,0,307587.23584,307629.42464,42.18880000000354,307587.23584,307629.42464,42.18880000000354,3,5.266344678984003,RankSurprise
microGPi_R_4-5+,0,309753.15968,309969.79712,216.63744000002043,309753.15968,309969.79712,216.63744000002043,5,5.852932293291289,RankSurprise
microGPi_R_4-5+,0,318051.16416,318151.96672,100.8025600000401,318051.16416,318151.96672,100.8025600000401,3,3.6740745701722677,RankSurprise
microGPi_R_4-5+,0,320517.44768,321171.82464,654.3769600000232,320517.44768,321171.82464,654.3769600000232,7,4.7002153139778935,RankSurprise
microGPi_R_4-5+,0,332519.26016,332837.76512,318.5049599999911,332519.26016,332837.76512,318.5049599999911,5,4.558939855604244,RankSurprise
microGPi_R_4-5+,0,336687.75936,337546.69056,858.9311999999918,336687.75936,337546.69056,858.9311999999918,8,5.223909812119786,RankSurprise
microGPi_R_4-5+,0,338223.63648,338259.968,36.331520000007,338223.63648,338259.968,36.331520000007,3,5.443260937946457,RankSurprise
microGPi_R_4-5+,0,342767.98464,342811.97568,43.99103999999352,342767.98464,342811.97568,43.99103999999352,3,5.103814551340642,RankSurprise
microGPi_R_4-5+,0,346960.6912,347860.95104,900.2598400000134,346960.6912,347860.95104,900.2598400000134,9,6.459533435122236,RankSurprise
microGPi_R_4-5+,0,355861.21728,356061.22496,200.00768000003882,355861.21728,356061.22496,200.00768000003882,4,4.078184934478379,RankSurprise
microGPi_R_4-5+,0,362757.77536,362796.40064,38.625279999978375,362757.77536,362796.40064,38.625279999978375,3,5.24529126978617,RankSurprise
microGPi_R_4-5+,0,394260.60288,394302.54592,41.94303999998374,394260.60288,394302.54592,41.94303999998374,3,5.287622077431289,RankSurprise
microGPi_R_4-5+,0,398563.45088,398639.02208,75.57120000000577,398563.45088,398639.02208,75.57120000000577,3,4.039675079716504,RankSurprise
microGPi_R_4-5+,4,43777.6384,44349.97248,572.3340799999933,43777.6384,44349.97248,572.3340799999933,6,4.923984554911144,RankSurprise
microGPi_R_4-5+,4,53464.14592,53589.36064,125.2147199999963,53464.14592,53589.36064,125.2147199999963,3,3.647570079712164,RankSurprise
microGPi_R_4-5+,4,83689.0624,83994.29632,305.23391999999876,83689.0624,83994.29632,305.23391999999876,4,3.919326675935789,RankSurprise
microGPi_R_4-5+,4,128053.98528,128834.43712,780.4518400000088,128053.98528,128834.43712,780.4518400000088,6,3.929700358214113,RankSurprise
microGPi_R_4-5+,4,129505.77152,129867.48928,361.71775999999954,129505.77152,129867.48928,361.71775999999954,5,5.0434168839188125,RankSurprise
microGPi_R_4-5+,4,132361.6256,132373.01248,11.386880000005476,132361.6256,132373.01248,11.386880000005476,3,7.627453007390269,RankSurprise
microGPi_R_4-5+,4,136777.35936,138392.24832,1614.8889600000111,136777.35936,138392.24832,1614.8889600000111,10,5.264965353256205,RankSurprise
microGPi_R_4-5+,4,145963.74528,146514.7392,550.9939200000081,145963.74528,146514.7392,550.9939200000081,5,3.885860966606508,RankSurprise
microGPi_R_4-5+,4,148089.28256,148584.98048,495.697920000006,148089.28256,148584.98048,495.697920000006,5,3.926977445333627,RankSurprise
microGPi_R_4-5+,4,160682.31168,161765.74464,1083.4329599999764,160682.31168,161765.74464,1083.4329599999764,8,4.530787962461538,RankSurprise
microGPi_R_4-5+,4,192587.73504,192848.73216,260.99712000001455,192587.73504,192848.73216,260.99712000001455,4,4.1279057870332245,RankSurprise
microGPi_R_4-5+,4,199234.31424,199782.31808,548.0038399999903,199234.31424,199782.31808,548.0038399999903,5,3.7142831173794235,RankSurprise
microGPi_R_4-5+,4,208420.98688,208754.31936,333.33247999998275,208420.98688,208754.31936,333.33247999998275,5,5.480066283133439,RankSurprise
microGPi_R_4-5+,4,224410.13248,224819.65056,409.5180800000089,224410.13248,224819.65056,409.5180800000089,5,4.476738836946502,RankSurprise
microGPi_R_4-5+,4,226835.98848,227276.26752,440.279039999994,226835.98848,227276.26752,440.279039999994,5,4.343503743226783,RankSurprise
microGPi_R_4-5+,4,247130.112,247625.3184,495.2063999999955,247130.112,247625.3184,495.2063999999955,5,3.731113478123085,RankSurprise
microGPi_R_4-5+,4,250749.46048,250810.81856,61.35808000000543,250749.46048,250810.81856,61.35808000000543,4,8.215740692236302,RankSurprise
microGPi_R_4-5+,4,252548.34176,253147.99616,599.6543999999994,252548.34176,253147.99616,599.6543999999994,5,3.512329799743732,RankSurprise
microGPi_R_4-5+,4,256128.45056,256209.18272,80.73216000001412,256128.45056,256209.18272,80.73216000001412,4,7.39989402309569,RankSurprise
microGPi_R_4-5+,4,265896.59136,266563.46112,666.8697599999723,265896.59136,266563.46112,666.8697599999723,6,4.348383831190997,RankSurprise
microGPi_R_4-5+,4,293814.43584,295230.09536,1415.6595199999865,293814.43584,295230.09536,1415.6595199999865,9,3.9403656781620056,RankSurprise
microGPi_R_4-5+,4,311594.35264,312260.93568,666.5830399999977,311594.35264,312260.93568,666.5830399999977,6,4.22660762471378,RankSurprise
microGPi_R_4-5+,4,314923.17184,316326.95296,1403.7811199999996,314923.17184,316326.95296,1403.7811199999996,10,5.355972722269019,RankSurprise
microGPi_R_4-5+,4,322896.81408,323009.08544,112.27136000001337,322896.81408,323009.08544,112.27136000001337,3,3.746492087414037,RankSurprise
microGPi_R_4-5+,4,334876.8768,334920.4992,43.62239999999292,334876.8768,334920.4992,43.62239999999292,3,5.771155017024643,RankSurprise
microGPi_R_4-5+,4,345699.1232,346115.8912,416.76800000004005,345699.1232,346115.8912,416.76800000004005,5,4.402910978000598,RankSurprise
microGPi_R_4-5+,4,355719.53664,356164.44416,444.90752000000793,355719.53664,356164.44416,444.90752000000793,7,7.667327114254952,RankSurprise
microGPi_R_4-5+,4,367472.06656,367538.7904,66.72383999999147,367472.06656,367538.7904,66.72383999999147,3,4.6763962976725235,RankSurprise
microGPi_R_4-5+,4,369405.50144,369666.90816,261.40671999996994,369405.50144,369666.90816,261.40671999996994,4,4.168175041521831,RankSurprise
microGPi_R_4-5+,4,373058.23232,375771.83232,2713.5999999999767,373058.23232,375771.83232,2713.5999999999767,14,4.39401692583606,RankSurprise
microGPi_R_4-5+,4,397235.52768,397335.552,100.02432000002591,397235.52768,397335.552,100.02432000002591,3,4.06326501261875,RankSurprise
microGPi_R_4-6+,1,7892.95104,8018.16576,125.21471999999994,7892.95104,8018.16576,125.21471999999994,3,3.7683824285232816,RankSurprise
microGPi_R_4-6+,1,121519.63648,121534.54592,14.909440000003087,121519.63648,121534.54592,14.909440000003087,3,8.328903862842491,RankSurprise
microGPi_R_4-6+,1,121534.54592,121851.16672,316.6207999999897,121534.54592,121851.16672,316.6207999999897,4,3.653751224242413,RankSurprise
microGPi_R_4-6+,1,136603.89376,137386.63936,782.7455999999947,136603.89376,137386.63936,782.7455999999947,6,3.8471702922410262,RankSurprise
microGPi_R_4-6+,1,160682.31168,161582.40768,900.0959999999905,160682.31168,161582.40768,900.0959999999905,8,5.914251552380311,RankSurprise
microGPi_R_4-6+,1,192587.69408,192858.03008,270.33600000001024,192587.69408,192858.03008,270.33600000001024,4,4.218184062390822,RankSurprise
microGPi_R_4-6+,1,213237.5552,213287.56736,50.01215999998385,213237.5552,213287.56736,50.01215999998385,3,5.507524976433279,RankSurprise
microGPi_R_4-6+,1,221630.95552,221693.17376,62.21824000001652,221630.95552,221693.17376,62.21824000001652,3,4.936074730850853,RankSurprise
microGPi_R_4-6+,1,224219.79136,225402.92096,1183.1295999999857,224219.79136,225402.92096,1183.1295999999857,10,7.475753105102297,RankSurprise
microGPi_R_4-6+,1,239618.12992,239784.63232,166.50239999999758,239618.12992,239784.63232,166.50239999999758,4,5.5415742931627925,RankSurprise
microGPi_R_4-6+,1,241017.97888,243217.73568,2199.756800000003,241017.97888,243217.73568,2199.756800000003,11,4.0242215492447535,RankSurprise
microGPi_R_4-6+,1,250732.83072,250810.81856,77.98784000001615,250732.83072,250810.81856,77.98784000001615,5,11.25928529752418,RankSurprise
microGPi_R_4-6+,1,268660.08064,269363.48672,703.4060799999861,268660.08064,269363.48672,703.4060799999861,6,4.498166593104197,RankSurprise
microGPi_R_4-6+,1,279007.60064,279184.01536,176.41472000000067,279007.60064,279184.01536,176.41472000000067,4,5.126159341911055,RankSurprise
microGPi_R_4-6+,1,293647.81056,294302.35136,654.5407999999588,293647.81056,294302.35136,654.5407999999588,6,4.773337430415459,RankSurprise
microGPi_R_4-6+,1,315976.58112,316109.98784,133.40672000002814,315976.58112,316109.98784,133.40672000002814,3,3.6037308844597042,RankSurprise
microGPi_R_4-6+,1,355719.53664,356069.70368,350.16703999997117,355719.53664,356069.70368,350.16703999997117,5,5.023057474933356,RankSurprise
microGPi_R_4-6+,1,359403.9296,360687.616,1283.686400000006,359403.9296,360687.616,1283.686400000006,8,4.630772772284295,RankSurprise
microGPi_R_4-6+,1,362029.83424,362263.10144,233.26720000000205,362029.83424,362263.10144,233.26720000000205,4,4.637950909795833,RankSurprise
microGPi_R_4-6+,1,367455.35488,367566.76608,111.41119999997318,367455.35488,367566.76608,111.41119999997318,5,9.408618581012455,RankSurprise
microGPi_R_4-6+,1,375247.0528,376121.87648,874.8236799999722,375247.0528,376121.87648,874.8236799999722,8,6.270714279026198,RankSurprise
microGPi_R_4-6+,1,396635.50464,396702.18752,66.68287999997847,396635.50464,396702.18752,66.68287999997847,3,4.670483616213264,RankSurprise
microGPi_R_4-6+,2,35253.82144,35373.79328,119.97183999999834,35253.82144,35373.79328,119.97183999999834,3,4.11212210899134,RankSurprise
microGPi_R_4-6+,2,53358.83776,53883.65824,524.8204799999949,53358.83776,53883.65824,524.8204799999949,5,4.591069871108363,RankSurprise
microGPi_R_4-6+,2,80705.90464,81624.96512,919.0604800000001,80705.90464,81624.96512,919.0604800000001,9,8.999911979156412,RankSurprise
microGPi_R_4-6+,2,92127.88736,92253.92128,126.03392000000167,92127.88736,92253.92128,126.03392000000167,3,4.169819751747024,RankSurprise
microGPi_R_4-6+,2,117861.41696,117903.48288,42.06591999999364,117861.41696,117903.48288,42.06591999999364,3,6.235084702160595,RankSurprise
microGPi_R_4-6+,2,127712.58368,129867.48928,2154.9055999999982,127712.58368,129867.48928,2154.9055999999982,12,7.3798581935513,RankSurprise
microGPi_R_4-6+,2,132216.95488,132373.01248,156.0576000000001,132216.95488,132373.01248,156.0576000000001,5,9.258490914058555,RankSurprise
microGPi_R_4-6+,2,138050.68288,138392.24832,341.56544000000576,138050.68288,138392.24832,341.56544000000576,4,3.8970529370506313,RankSurprise
microGPi_R_4-6+,2,156461.75232,157309.41952,847.6671999999962,156461.75232,157309.41952,847.6671999999962,6,4.321126975942455,RankSurprise
microGPi_R_4-6+,2,201787.5968,202161.02912,373.4323199999926,201787.5968,202161.02912,373.4323199999926,4,3.795001493727238,RankSurprise
microGPi_R_4-6+,2,208437.6576,208754.31936,316.66175999998813,208437.6576,208754.31936,316.66175999998813,4,4.454421619515372,RankSurprise
microGPi_R_4-6+,2,219033.8048,219136.98304,103.17823999997927,219033.8048,219136.98304,103.17823999997927,3,4.418852376413815,RankSurprise
microGPi_R_4-6+,2,227152.6912,227276.26752,123.57631999999285,227152.6912,227276.26752,123.57631999999285,4,6.850013084464262,RankSurprise
microGPi_R_4-6+,2,233754.78784,233894.83008,140.04224000000977,233754.78784,233894.83008,140.04224000000977,3,3.6563705024528055,RankSurprise
microGPi_R_4-6+,2,247053.14816,247183.60576,130.45759999999427,247053.14816,247183.60576,130.45759999999427,3,3.930999233791315,RankSurprise
microGPi_R_4-6+,2,296400.52736,296847.72864,447.2012799999793,296400.52736,296847.72864,447.2012799999793,4,3.6291044019897036,RankSurprise
microGPi_R_4-6+,2,325009.16224,325680.25088,671.0886400000309,325009.16224,325680.25088,671.0886400000309,5,3.6393445969957057,RankSurprise
microGPi_R_4-6+,2,334597.98016,335303.96672,705.9865600000485,334597.98016,335303.96672,705.9865600000485,5,3.6393445969957057,RankSurprise
microGPi_R_4-6+,2,347216.32256,349323.42784,2107.105280000018,347216.32256,349323.42784,2107.105280000018,9,4.188250031353541,RankSurprise
microGPi_R_4-6+,4,5884.68224,5951.32416,66.64192000000003,5884.68224,5951.32416,66.64192000000003,4,6.2575564264809564,RankSurprise
microGPi_R_4-6+,4,6801.32608,6834.66752,33.34144000000015,6801.32608,6834.66752,33.34144000000015,4,8.051968353582492,RankSurprise
microGPi_R_4-6+,4,7434.6496,7648.41984,213.77023999999983,7434.6496,7648.41984,213.77023999999983,5,4.680526544655642,RankSurprise
microGPi_R_4-6+,4,25792.67584,25863.5776,70.90176000000065,25792.67584,25863.5776,70.90176000000065,3,3.5426707394136034,RankSurprise
microGPi_R_4-6+,4,55154.688,56050.52416,895.8361599999989,55154.688,56050.52416,895.8361599999989,9,3.6783700688781575,RankSurprise
microGPi_R_4-6+,4,71921.17248,73059.04128,1137.868800000011,71921.17248,73059.04128,1137.868800000011,11,4.269969126604014,RankSurprise
microGPi_R_4-6+,4,90611.26144,91136.16384,524.9023999999918,90611.26144,91136.16384,524.9023999999918,8,5.323903536131217,RankSurprise
microGPi_R_4-6+,4,99504.37376,100471.35744,966.9836800000048,99504.37376,100471.35744,966.9836800000048,10,4.589595086859268,RankSurprise
microGPi_R_4-6+,4,151498.38336,151564.94336,66.55999999999767,151498.38336,151564.94336,66.55999999999767,3,3.6864830238358337,RankSurprise
microGPi_R_4-6+,4,164410.61376,165261.80352,851.1897599999793,164410.61376,165261.80352,851.1897599999793,10,5.181462018628454,RankSurprise
microGPi_R_4-6+,4,170802.42176,170933.0432,130.62143999998807,170802.42176,170933.0432,130.62143999998807,4,4.28114278888869,RankSurprise
microGPi_R_4-6+,4,196395.37664,196642.57024,247.1935999999987,196395.37664,196642.57024,247.1935999999987,7,7.9230201357355625,RankSurprise
microGPi_R_4-6+,4,210446.00832,210509.94688,63.9385600000096,210446.00832,210509.94688,63.9385600000096,3,3.7725892730432733,RankSurprise
microGPi_R_4-6+,4,213295.88224,214831.88224,1536.0,213295.88224,214831.88224,1536.0,15,6.332390804527149,RankSurprise
microGPi_R_4-6+,4,222694.89152,226451.12832,3756.236799999984,222694.89152,226451.12832,3756.236799999984,32,8.969993643196684,RankSurprise
microGPi_R_4-6+,4,227568.0256,227637.78048,69.75487999999314,227568.0256,227637.78048,69.75487999999314,3,3.5792015200107077,RankSurprise
microGPi_R_4-6+,4,235776.6144,236159.95904,383.3446399999957,235776.6144,236159.95904,383.3446399999957,6,3.845287888512263,RankSurprise
microGPi_R_4-6+,4,238459.6992,238843.00288,383.3036799999827,238459.6992,238843.00288,383.3036799999827,6,3.869300971013669,RankSurprise
microGPi_R_4-6+,4,239773.53216,239782.17472,8.642560000007506,239773.53216,239782.17472,8.642560000007506,3,7.386902774688636,RankSurprise
microGPi_R_4-6+,4,245711.01184,245875.58912,164.5772799999977,245711.01184,245875.58912,164.5772799999977,6,7.977938193943977,RankSurprise
microGPi_R_4-6+,4,256306.05312,256356.1472,50.09408000000985,256306.05312,256356.1472,50.09408000000985,3,4.087105507468211,RankSurprise
microGPi_R_4-6+,4,266535.15776,266644.48,109.3222400000086,266535.15776,266644.48,109.3222400000086,4,4.7619547635348844,RankSurprise
microGPi_R_4-6+,4,276398.32576,276439.36768,41.04192000004696,276398.32576,276439.36768,41.04192000004696,3,4.588605695738648,RankSurprise
microGPi_R_4-6+,4,283081.76896,283181.50656,99.73759999999311,283081.76896,283181.50656,99.73759999999311,4,5.2097953395120165,RankSurprise
microGPi_R_4-6+,4,294162.30912,294234.15296,71.84383999998681,294162.30912,294234.15296,71.84383999998681,3,3.616411985128538,RankSurprise
microGPi_R_4-6+,4,302016.75776,302097.24416,80.48639999999432,302016.75776,302097.24416,80.48639999999432,4,5.680196297491374,RankSurprise
microGPi_R_4-6+,4,307587.23584,307629.42464,42.18880000000354,307587.23584,307629.42464,42.18880000000354,3,4.598809865912889,RankSurprise
microGPi_R_4-6+,4,309753.15968,309969.79712,216.63744000002043,309753.15968,309969.79712,216.63744000002043,5,4.601025911027019,RankSurprise
microGPi_R_4-6+,4,312540.40576,312605.2864,64.88063999998849,312540.40576,312605.2864,64.88063999998849,3,3.7390313443020773,RankSurprise
microGPi_R_4-6+,4,320754.52416,321275.94496,521.4208000000217,320754.52416,321275.94496,521.4208000000217,9,6.802010261796377,RankSurprise
microGPi_R_4-6+,4,325176.07424,325345.03424,168.96000000002095,325176.07424,325345.03424,168.96000000002095,4,3.6529247692871856,RankSurprise
microGPi_R_4-6+,4,327232.63488,327370.62912,137.9942399999709,327232.63488,327370.62912,137.9942399999709,4,4.116052307278824,RankSurprise
microGPi_R_4-6+,4,332519.26016,332837.76512,318.5049599999911,332519.26016,332837.76512,318.5049599999911,7,6.43088753021968,RankSurprise
microGPi_R_4-6+,4,336687.75936,337546.69056,858.9311999999918,336687.75936,337546.69056,858.9311999999918,11,6.4512219149406205,RankSurprise
microGPi_R_4-6+,4,339694.91968,339739.2384,44.31871999998111,339694.91968,339739.2384,44.31871999998111,3,4.528450407264161,RankSurprise
microGPi_R_4-6+,4,342767.98464,342811.97568,43.99103999999352,342767.98464,342811.97568,43.99103999999352,3,4.489329121652203,RankSurprise
microGPi_R_4-6+,4,346960.6912,347185.88928,225.19808000000194,346960.6912,347185.88928,225.19808000000194,5,4.486673921497147,RankSurprise
microGPi_R_4-6+,4,349908.91008,349959.00416,50.09408000000985,349908.91008,349959.00416,50.09408000000985,3,4.151497647869224,RankSurprise
microGPi_R_4-6+,4,360295.87456,360424.36608,128.4915199999814,360295.87456,360424.36608,128.4915199999814,4,4.367224807538289,RankSurprise
microGPi_R_4-6+,4,362757.77536,362796.40064,38.625279999978375,362757.77536,362796.40064,38.625279999978375,3,4.598809865912889,RankSurprise
microGPi_R_4-6+,4,364505.21088,364880.11776,374.9068799999659,364505.21088,364880.11776,374.9068799999659,6,4.4372178676880445,RankSurprise
microGPi_R_4-6+,4,375663.49312,375824.42496,160.93183999997564,375663.49312,375824.42496,160.93183999997564,6,7.971074749018989,RankSurprise
microGPi_R_4-6+,4,379775.1808,379844.36224,69.18144000001485,379775.1808,379844.36224,69.18144000001485,3,3.6735588740487284,RankSurprise
microGPi_R_4-6+,4,382807.40864,384461.33248,1653.923840000003,382807.40864,384461.33248,1653.923840000003,14,4.261718733040753,RankSurprise
microGPi_R_4-6+,4,387394.19136,387561.472,167.28064000001177,387394.19136,387561.472,167.28064000001177,5,5.555707512418024,RankSurprise
microGPi_R_4-6+,4,394260.60288,394586.5216,325.91871999995783,394260.60288,394586.5216,325.91871999995783,6,4.942260031453436,RankSurprise
microGPi_R_4-6+,4,396792.87296,396827.2384,34.36543999996502,396792.87296,396827.2384,34.36543999996502,3,4.980923383490307,RankSurprise
microGPi_R_4-6+,4,403884.07296,404330.12736,446.0543999999645,403884.07296,404330.12736,446.0543999999645,6,3.5440291682688283,RankSurprise
microGPi_R_7-8+,4,7494.12352,7665.4592,171.33568000000014,7494.12352,7665.4592,171.33568000000014,5,5.340676388959242,RankSurprise
microGPi_R_7-8+,4,19307.02848,19484.63104,177.60255999999936,19307.02848,19484.63104,177.60255999999936,6,6.932029676816416,RankSurprise
microGPi_R_7-8+,4,63166.95552,63365.5296,198.5740799999985,63166.95552,63365.5296,198.5740799999985,5,4.7424235236267975,RankSurprise
microGPi_R_7-8+,4,114542.10048,115082.8544,540.7539200000028,114542.10048,115082.8544,540.7539200000028,8,6.2341431563191465,RankSurprise
microGPi_R_7-8+,4,122491.53536,122780.99968,289.46431999999913,122491.53536,122780.99968,289.46431999999913,5,3.644367855651989,RankSurprise
microGPi_R_7-8+,4,124743.92576,125025.28,281.3542400000006,124743.92576,125025.28,281.3542400000006,6,5.381246008696635,RankSurprise
microGPi_R_7-8+,4,128407.92064,129164.6976,756.7769600000029,128407.92064,129164.6976,756.7769600000029,10,7.013767929803816,RankSurprise
microGPi_R_7-8+,4,139565.54752,139746.46784,180.92032000000472,139565.54752,139746.46784,180.92032000000472,5,5.2618987541707725,RankSurprise
microGPi_R_7-8+,4,141478.78912,141572.21888,93.42975999999908,141478.78912,141572.21888,93.42975999999908,5,7.413576091827764,RankSurprise
microGPi_R_7-8+,4,162394.15296,162532.51584,138.3628800000006,162394.15296,162532.51584,138.3628800000006,4,3.9139823699560488,RankSurprise
microGPi_R_7-8+,4,176458.21952,176726.05696,267.83743999997387,176458.21952,176726.05696,267.83743999997387,8,8.981162892328392,RankSurprise
microGPi_R_7-8+,4,183987.11808,184469.66784,482.5497600000235,183987.11808,184469.66784,482.5497600000235,6,3.9324542741780766,RankSurprise
microGPi_R_7-8+,4,192621.03552,192629.59616,8.560639999981504,192621.03552,192629.59616,8.560639999981504,3,7.168843295147939,RankSurprise
microGPi_R_7-8+,4,220081.68448,220147.26144,65.57696000000578,220081.68448,220147.26144,65.57696000000578,3,3.65739415368326,RankSurprise
microGPi_R_7-8+,4,228351.34464,228380.672,29.32735999999568,228351.34464,228380.672,29.32735999999568,3,5.1543704746553285,RankSurprise
microGPi_R_7-8+,4,229629.87008,229697.20832,67.33824000001187,229629.87008,229697.20832,67.33824000001187,3,3.691680987582931,RankSurprise
microGPi_R_7-8+,4,238863.36,238916.15744,52.797440000023926,238863.36,238916.15744,52.797440000023926,3,3.8979260686973944,RankSurprise
microGPi_R_7-8+,4,263669.84192,263781.45792,111.61600000003818,263669.84192,263781.45792,111.61600000003818,4,4.425133135771603,RankSurprise
microGPi_R_7-8+,4,281637.888,281682.78016,44.892160000046715,281637.888,281682.78016,44.892160000046715,3,4.307810530917031,RankSurprise
microGPi_R_7-8+,4,283347.06688,283409.08032,62.01344000000972,283347.06688,283409.08032,62.01344000000972,3,3.786094619038117,RankSurprise
microGPi_R_7-8+,4,287348.736,287378.71872,29.982720000029076,287348.736,287378.71872,29.982720000029076,3,4.949639811092943,RankSurprise
microGPi_R_7-8+,4,288685.50656,288828.86656,143.35999999998603,288685.50656,288828.86656,143.35999999998603,4,3.798730817469501,RankSurprise
microGPi_R_7-8+,4,292789.8624,292811.93984,22.07744000002276,292789.8624,292811.93984,22.07744000002276,3,5.464681885237869,RankSurprise
microGPi_R_7-8+,4,332050.88256,332079.55456,28.67200000002049,332050.88256,332079.55456,28.67200000002049,3,5.202859479358548,RankSurprise
microGPi_R_7-8+,4,346662.7072,346691.29728,28.590079999994487,346662.7072,346691.29728,28.590079999994487,4,8.612156878517652,RankSurprise
microGPi_R_7-8+,4,354542.51008,354705.28512,162.77504000003682,354542.51008,354705.28512,162.77504000003682,4,3.6877436041951235,RankSurprise
microGPi_R_7-8+,4,362827.776,363968.67584,1140.8998399999691,362827.776,363968.67584,1140.8998399999691,8,3.5665980258260137,RankSurprise
microGPi_R_7-8+,4,373623.23456,373730.9184,107.68384000001242,373623.23456,373730.9184,107.68384000001242,5,6.783205619620453,RankSurprise
microGPi_R_7-8+,4,399728.76288,400903.29088,1174.5279999999912,399728.76288,400903.29088,1174.5279999999912,10,4.234424715927597,RankSurprise
microGPi_R_9-10+,0,31790.65344,32441.1392,650.4857600000032,31790.65344,32441.1392,650.4857600000032,5,4.427219435089427,RankSurprise
microGPi_R_9-10+,0,35290.89024,35517.8496,226.95936000000074,35290.89024,35517.8496,226.95936000000074,3,3.572726690387551,RankSurprise
microGPi_R_9-10+,0,44700.54912,45132.67712,432.127999999997,44700.54912,45132.67712,432.127999999997,7,11.13660731149843,RankSurprise
microGPi_R_9-10+,0,73292.47232,74268.91776,976.4454399999959,73292.47232,74268.91776,976.4454399999959,7,6.094212946415138,RankSurprise
microGPi_R_9-10+,0,79131.0336,82225.27488,3094.241280000002,79131.0336,82225.27488,3094.241280000002,12,5.051073077111752,RankSurprise
microGPi_R_9-10+,0,85121.06496,86288.01536,1166.9504000000015,85121.06496,86288.01536,1166.9504000000015,6,3.806402338908251,RankSurprise
microGPi_R_9-10+,0,100112.50688,100384.89088,272.38400000000547,100112.50688,100384.89088,272.38400000000547,4,5.634600068877209,RankSurprise
microGPi_R_9-10+,0,109838.66368,110724.34176,885.6780799999979,109838.66368,110724.34176,885.6780799999979,6,4.796194965225855,RankSurprise
microGPi_R_9-10+,0,129387.06944,130067.21024,680.1407999999938,129387.06944,130067.21024,680.1407999999938,5,4.1433456302722185,RankSurprise
microGPi_R_9-10+,0,143008.60416,143157.94432,149.34016000002157,143008.60416,143157.94432,149.34016000002157,3,4.653888014810825,RankSurprise
microGPi_R_9-10+,0,148550.53312,148997.3248,446.7916799999948,148550.53312,148997.3248,446.7916799999948,4,3.88164794460031,RankSurprise
microGPi_R_9-10+,0,158693.5808,158925.824,232.24319999999716,158693.5808,158925.824,232.24319999999716,3,3.6022479235623877,RankSurprise
microGPi_R_9-10+,0,180443.25888,180664.48384,221.22495999999228,180443.25888,180664.48384,221.22495999999228,3,3.822080213572942,RankSurprise
microGPi_R_9-10+,0,188631.57248,190811.25888,2179.686400000006,188631.57248,190811.25888,2179.686400000006,9,3.5883707852657096,RankSurprise
microGPi_R_9-10+,0,209867.40736,211986.67776,2119.2703999999794,209867.40736,211986.67776,2119.2703999999794,10,5.732605408699039,RankSurprise
microGPi_R_9-10+,0,217591.6032,217661.44,69.83679999999003,217591.6032,217661.44,69.83679999999003,3,6.210925650851394,RankSurprise
microGPi_R_9-10+,0,219415.67488,221000.33536,1584.6604799999914,219415.67488,221000.33536,1584.6604799999914,8,4.875564652940834,RankSurprise
microGPi_R_9-10+,0,272514.4576,272947.24096,432.78336000000127,272514.4576,272947.24096,432.78336000000127,5,6.524688973507793,RankSurprise
microGPi_R_9-10+,0,335165.44,335627.59168,462.15168000000995,335165.44,335627.59168,462.15168000000995,4,3.8093547186201597,RankSurprise
microGPi_R_9-10+,0,337218.3552,337312.64512,94.28992000001017,337218.3552,337312.64512,94.28992000001017,3,5.642341192933211,RankSurprise
microGPi_R_9-10+,0,352144.7936,352329.68704,184.89344000001438,352144.7936,352329.68704,184.89344000001438,3,4.031883392598365,RankSurprise
microGPi_R_9-10+,0,360542.37184,361775.39072,1233.018880000047,360542.37184,361775.39072,1233.018880000047,7,4.637252169405935,RankSurprise
microGPi_R_9-10+,0,376307.05664,376520.66304,213.60639999998966,376307.05664,376520.66304,213.60639999998966,3,3.8055509116217294,RankSurprise
microGPi_R_9-10+,0,397285.25312,398662.36928,1377.116159999976,397285.25312,398662.36928,1377.116159999976,7,3.9440671161489598,RankSurprise
microPPN_R_1-2+,0,5304.77056,5809.43872,504.66816000000017,5304.77056,5809.43872,504.66816000000017,18,14.515017209887848,RankSurprise
microPPN_R_1-2+,0,7377.75616,7385.66144,7.905279999999948,7377.75616,7385.66144,7.905279999999948,3,5.654216282825169,RankSurprise
microPPN_R_1-2+,0,15321.12896,15529.53344,208.40447999999924,15321.12896,15529.53344,208.40447999999924,9,7.682159137279067,RankSurprise
microPPN_R_1-2+,0,15950.2336,16248.75008,298.51648000000023,15950.2336,16248.75008,298.51648000000023,9,5.761252734487392,RankSurprise
microPPN_R_1-2+,0,16889.97888,16898.048,8.069120000000112,16889.97888,16898.048,8.069120000000112,3,5.699673437341103,RankSurprise
microPPN_R_1-2+,0,17919.5904,17935.40096,15.810559999998077,17919.5904,17935.40096,15.810559999998077,3,4.860833355578807,RankSurprise
microPPN_R_1-2+,0,19972.38272,20058.5216,86.13887999999861,19972.38272,20058.5216,86.13887999999861,7,8.932639908038553,RankSurprise
microPPN_R_1-2+,0,21233.33632,21487.73888,254.40256000000227,21233.33632,21487.73888,254.40256000000227,7,3.6777006904289826,RankSurprise
microPPN_R_1-2+,0,22679.06048,22725.71392,46.65343999999823,22679.06048,22725.71392,46.65343999999823,4,5.0132924976207995,RankSurprise
microPPN_R_1-2+,0,23874.39616,24069.98016,195.58399999999892,23874.39616,24069.98016,195.58399999999892,9,7.599184895627579,RankSurprise
microPPN_R_1-2+,0,25273.79456,25366.7328,92.93824000000313,25273.79456,25366.7328,92.93824000000313,5,4.586882463041341,RankSurprise
microPPN_R_1-2+,0,31932.6208,32429.17888,496.5580799999989,31932.6208,32429.17888,496.5580799999989,13,6.856845461581784,RankSurprise
microPPN_R_1-2+,0,33068.032,33124.7616,56.729599999998754,33068.032,33124.7616,56.729599999998754,4,4.393815605399968,RankSurprise
microPPN_R_1-2+,0,34236.17024,34494.34112,258.17087999999785,34236.17024,34494.34112,258.17087999999785,15,15.976693500097687,RankSurprise
microPPN_R_1-2+,0,35114.02496,35174.76864,60.743679999999586,35114.02496,35174.76864,60.743679999999586,5,6.188289481179499,RankSurprise
microPPN_R_1-2+,0,37454.31552,37680.7424,226.42688000000635,37454.31552,37680.7424,226.42688000000635,6,3.968557683610762,RankSurprise
microPPN_R_1-2+,0,40070.51264,41231.9744,1161.4617599999983,40070.51264,41231.9744,1161.4617599999983,27,12.715552949681607,RankSurprise
microPPN_R_1-2+,0,44788.28544,45114.65472,326.369279999999,44788.28544,45114.65472,326.369279999999,7,3.834670580027477,RankSurprise
microPPN_R_1-2+,0,50316.4928,50569.91232,253.4195200000031,50316.4928,50569.91232,253.4195200000031,8,5.27778606219522,RankSurprise
microPPN_R_1-2+,0,71162.88,71194.37824,31.498240000000806,71162.88,71194.37824,31.498240000000806,3,3.528143148503222,RankSurprise
microPPN_R_1-2+,0,77236.10112,77449.58464,213.48351999999431,77236.10112,77449.58464,213.48351999999431,13,14.139867441537916,RankSurprise
microPPN_R_1-2+,0,83754.92608,83778.9696,24.043519999991986,83754.92608,83778.9696,24.043519999991986,3,4.085478799712485,RankSurprise
microPPN_R_1-2+,0,96317.0304,96337.3056,20.27520000000368,96317.0304,96337.3056,20.27520000000368,3,4.219805309424805,RankSurprise
microPPN_R_1-2+,0,99917.53728,100190.74048,273.203199999989,99917.53728,100190.74048,273.203199999989,10,8.725754790305357,RankSurprise
microPPN_R_1-2+,0,112953.1392,113380.18816,427.0489600000001,112953.1392,113380.18816,427.0489600000001,11,6.53511983266353,RankSurprise
microPPN_R_1-2+,0,129932.77952,129975.41888,42.639360000001034,129932.77952,129975.41888,42.639360000001034,4,5.052074289305242,RankSurprise
microPPN_R_1-2+,0,133659.40224,133684.06016,24.65791999999783,133659.40224,133684.06016,24.65791999999783,3,4.051579585689732,RankSurprise
microPPN_R_1-2+,0,133976.43264,133980.52864,4.095999999990454,133976.43264,133980.52864,4.095999999990454,3,6.1827034094839295,RankSurprise
microPPN_R_1-2+,0,134790.71744,134792.84736,2.1299200000066776,134790.71744,134792.84736,2.1299200000066776,3,8.36069662489226,RankSurprise
microPPN_R_1-2+,0,144376.46336,144450.31424,73.8508800000127,144376.46336,144450.31424,73.8508800000127,4,3.5554969369622995,RankSurprise
microPPN_R_1-2+,0,162762.9568,163014.94272,251.98591999997734,162762.9568,163014.94272,251.98591999997734,8,4.902555921617421,RankSurprise
microPPN_R_1-2+,0,177936.384,178170.96192,234.57792000001064,177936.384,178170.96192,234.57792000001064,6,3.8144478331780793,RankSurprise
microPPN_R_1-2+,0,209335.99232,209376.82944,40.837120000011055,209335.99232,209376.82944,40.837120000011055,4,5.0970190552384835,RankSurprise
microPPN_R_1-2+,0,213308.8256,213366.90688,58.08127999998396,213308.8256,213366.90688,58.08127999998396,5,6.379061771921226,RankSurprise
microPPN_R_1-2+,0,221494.6816,221548.21632,53.534719999996014,221494.6816,221548.21632,53.534719999996014,5,6.555981215390712,RankSurprise
microPPN_R_1-2+,0,228818.90304,228846.91968,28.016639999987092,228818.90304,228846.91968,28.016639999987092,3,3.6289604247743323,RankSurprise
microPPN_R_1-2+,0,237719.47008,237830.92224,111.45216000001528,237719.47008,237830.92224,111.45216000001528,6,5.7148009747665185,RankSurprise
microPPN_R_1-2+,0,266623.05792,266920.26368,297.20575999998255,266623.05792,266920.26368,297.20575999998255,8,4.629673075279676,RankSurprise
microPPN_R_1-2+,0,273161.95328,273333.4528,171.49952000001213,273161.95328,273333.4528,171.49952000001213,7,5.421577897313511,RankSurprise
microPPN_R_1-2+,0,280873.53344,280932.59776,59.06431999994675,280873.53344,280932.59776,59.06431999994675,4,4.236802808682807,RankSurprise
microPPN_R_1-2+,0,311831.10144,311904.41984,73.3183999999892,311831.10144,311904.41984,73.3183999999892,4,3.569071632337959,RankSurprise
microPPN_R_1-2+,0,314671.67744,314893.39392,221.71648000000278,314671.67744,314893.39392,221.71648000000278,6,4.5547519388333075,RankSurprise
microPPN_R_1-2+,0,318072.0128,318420.74624,348.7334399999818,318072.0128,318420.74624,348.7334399999818,11,8.445651478904304,RankSurprise
microPPN_R_1-2+,0,331609.33376,331753.92256,144.58879999996861,331609.33376,331753.92256,144.58879999996861,6,5.165031791100482,RankSurprise
microPPN_R_1-2+,0,333111.25504,333136.32256,25.067519999982323,333111.25504,333136.32256,25.067519999982323,3,3.817133686196067,RankSurprise
microPPN_R_1-2+,0,338521.98912,338746.94144,224.95232000004034,338521.98912,338746.94144,224.95232000004034,9,7.4089459066560375,RankSurprise
microPPN_R_1-2+,0,346126.00832,346142.39232,16.383999999961816,346126.00832,346142.39232,16.383999999961816,3,4.443978775159906,RankSurprise
microPPN_R_1-2+,0,363210.79296,363579.88352,369.09055999998236,363210.79296,363579.88352,369.09055999998236,12,7.567688148414014,RankSurprise
microPPN_R_1-2+,0,374124.42112,374431.5392,307.11807999998564,374124.42112,374431.5392,307.11807999998564,11,8.519396195253561,RankSurprise
microPPN_R_1-2+,0,376676.02432,377137.72544,461.70111999998335,376676.02432,377137.72544,461.70111999998335,9,3.6733764354865186,RankSurprise
microPPN_R_1-2+,0,382158.76608,382713.0368,554.2707200000295,382158.76608,382713.0368,554.2707200000295,20,15.97923093523742,RankSurprise
microPPN_R_1-2+,0,383575.53152,383823.17568,247.6441599999671,383575.53152,383823.17568,247.6441599999671,14,14.857092153138064,RankSurprise
microPPN_R_1-2+,4,1915.78112,1930.28096,14.49983999999995,1915.78112,1930.28096,14.49983999999995,4,5.596232269585123,RankSurprise
microPPN_R_1-2+,4,2587.72992,2589.77792,2.0479999999997744,2587.72992,2589.77792,2.0479999999997744,3,8.48834655370714,RankSurprise
microPPN_R_1-2+,4,5182.34112,5447.92576,265.58464000000004,5182.34112,5447.92576,265.58464000000004,30,23.177028732117087,RankSurprise
microPPN_R_1-2+,4,16167.48544,16184.7296,17.244160000000193,16167.48544,16184.7296,17.244160000000193,4,4.541317037538029,RankSurprise
microPPN_R_1-2+,4,20120.90368,20122.86976,1.9660800000019663,20120.90368,20122.86976,1.9660800000019663,3,9.852662008108256,RankSurprise
microPPN_R_1-2+,4,31931.51488,32030.5152,99.00032000000283,31931.51488,32030.5152,99.00032000000283,8,5.663737450642472,RankSurprise
microPPN_R_1-2+,4,32506.01984,32509.952,3.9321600000002945,32506.01984,32509.952,3.9321600000002945,3,3.958618562885908,RankSurprise
microPPN_R_1-2+,4,33851.35104,33924.87424,73.523199999996,33851.35104,33924.87424,73.523199999996,7,4.896662704748225,RankSurprise
microPPN_R_1-2+,4,34462.47424,34530.46784,67.99359999999433,34462.47424,34530.46784,67.99359999999433,7,5.0722401687241385,RankSurprise
microPPN_R_1-2+,4,36273.88928,36406.23104,132.3417599999957,36273.88928,36406.23104,132.3417599999957,9,5.063873683074795,RankSurprise
microPPN_R_1-2+,4,36970.41408,37041.72544,71.3113599999997,36970.41408,37041.72544,71.3113599999997,6,4.168628483499671,RankSurprise
microPPN_R_1-2+,4,37602.18112,37678.4896,76.30847999999969,37602.18112,37678.4896,76.30847999999969,7,5.155624585595853,RankSurprise
microPPN_R_1-2+,4,40050.56512,40143.38048,92.81536000000051,40050.56512,40143.38048,92.81536000000051,8,5.399703718118605,RankSurprise
microPPN_R_1-2+,4,41299.5584,41340.64128,41.08288000000175,41299.5584,41340.64128,41.08288000000175,5,4.139387935159096,RankSurprise
microPPN_R_1-2+,4,42613.84192,42615.88992,2.048000000002503,42613.84192,42615.88992,2.048000000002503,3,8.443894791136307,RankSurprise
microPPN_R_1-2+,4,43214.72512,43240.57088,25.845759999996517,43214.72512,43240.57088,25.845759999996517,4,3.5314110514976846,RankSurprise
microPPN_R_1-2+,4,44407.48032,44504.18688,96.70655999999872,44407.48032,44504.18688,96.70655999999872,7,4.0236962489859565,RankSurprise
microPPN_R_1-2+,4,50386.20672,50636.55424,250.3475199999957,50386.20672,50636.55424,250.3475199999957,18,9.741969184176984,RankSurprise
microPPN_R_1-2+,4,51514.40896,51716.95616,202.54720000000088,51514.40896,51716.95616,202.54720000000088,10,3.5787282075622713,RankSurprise
microPPN_R_1-2+,4,77100.032,77505.00352,404.97151999999187,77100.032,77505.00352,404.97151999999187,21,8.28099726548644,RankSurprise
microPPN_R_1-2+,4,90592.01024,90635.22304,43.21279999999388,90592.01024,90635.22304,43.21279999999388,4,3.5216549410394578,RankSurprise
microPPN_R_1-2+,4,92352.1024,92354.1504,2.047999999995227,92352.1024,92354.1504,2.047999999995227,3,7.941218222943583,RankSurprise
microPPN_R_1-2+,4,96273.36704,96361.51296,88.14591999999539,96273.36704,96361.51296,88.14591999999539,9,6.9396696386605585,RankSurprise
microPPN_R_1-2+,4,104307.63008,104330.69056,23.060480000000098,104307.63008,104330.69056,23.060480000000098,4,4.805774123489478,RankSurprise
microPPN_R_1-2+,4,105758.72,105762.03776,3.3177600000053644,105758.72,105762.03776,3.3177600000053644,3,4.508476113699276,RankSurprise
microPPN_R_1-2+,4,113231.09376,113233.34656,2.2528000000020256,113231.09376,113233.34656,2.2528000000020256,3,6.118858313266811,RankSurprise
microPPN_R_1-2+,4,114504.4992,114575.7696,71.27039999999397,114504.4992,114575.7696,71.27039999999397,6,4.061131005810266,RankSurprise
microPPN_R_1-2+,4,114795.27424,114797.1584,1.8841600000014296,114795.27424,114797.1584,1.8841600000014296,3,9.451157301216188,RankSurprise
microPPN_R_1-2+,4,118117.66272,118143.91808,26.255360000010114,118117.66272,118143.91808,26.255360000010114,4,3.712674315099825,RankSurprise
microPPN_R_1-2+,4,120176.31232,120297.71776,121.40544000000227,120176.31232,120297.71776,121.40544000000227,8,3.9131393704904625,RankSurprise
microPPN_R_1-2+,4,121616.62976,121682.41152,65.78175999999803,121616.62976,121682.41152,65.78175999999803,7,5.73227226861597,RankSurprise
microPPN_R_1-2+,4,122232.832,122357.3504,124.51840000000084,122232.832,122357.3504,124.51840000000084,6,3.6575460636679473,RankSurprise
microPPN_R_1-2+,4,122925.6704,123039.9488,114.2783999999956,122925.6704,123039.9488,114.2783999999956,9,5.663536921674116,RankSurprise
microPPN_R_1-2+,4,131202.53952,131295.51872,92.97920000000158,131202.53952,131295.51872,92.97920000000158,7,4.247028968138334,RankSurprise
microPPN_R_1-2+,4,131655.8848,131664.81408,8.929280000011204,131655.8848,131664.81408,8.929280000011204,3,3.750466019129659,RankSurprise
microPPN_R_1-2+,4,133251.4816,133416.26368,164.7820800000045,133251.4816,133416.26368,164.7820800000045,11,5.955146368241654,RankSurprise
microPPN_R_1-2+,4,133900.288,134041.84576,141.55775999999605,133900.288,134041.84576,141.55775999999605,9,4.905913889072098,RankSurprise
microPPN_R_1-2+,4,143765.0944,143772.63104,7.536640000005718,143765.0944,143772.63104,7.536640000005718,3,3.8718468503671684,RankSurprise
microPPN_R_1-2+,4,163030.26176,163095.552,65.29024000000209,163030.26176,163095.552,65.29024000000209,6,4.0749320227705805,RankSurprise
microPPN_R_1-2+,4,177257.6768,177263.77984,6.103040000016335,177257.6768,177263.77984,6.103040000016335,3,3.655992504619549,RankSurprise
microPPN_R_1-2+,4,185540.32128,185597.3376,57.016319999995176,185540.32128,185597.3376,57.016319999995176,5,4.319673493918216,RankSurprise
microPPN_R_1-2+,4,241173.7088,241176.73984,3.031040000001667,241173.7088,241176.73984,3.031040000001667,3,4.276667990411864,RankSurprise
microPPN_R_1-2+,4,245965.16864,245993.2672,28.098560000013094,245965.16864,245993.2672,28.098560000013094,4,3.681692957334924,RankSurprise
microPPN_R_1-2+,4,246374.23616,246491.01312,116.77695999998832,246374.23616,246491.01312,116.77695999998832,8,5.689055656896142,RankSurprise
microPPN_R_1-2+,4,264736.07168,264784.896,48.82432000001427,264736.07168,264784.896,48.82432000001427,5,3.6019292556881517,RankSurprise
microPPN_R_1-2+,4,265313.28,265326.14144,12.861439999949653,265313.28,265326.14144,12.861439999949653,3,3.655992504619549,RankSurprise
microPPN_R_1-2+,4,271879.29088,272082.65728,203.36639999999898,271879.29088,272082.65728,203.36639999999898,15,9.076533168403193,RankSurprise
microPPN_R_1-2+,4,272506.92096,272556.52352,49.602559999970254,272506.92096,272556.52352,49.602559999970254,5,3.561575811076178,RankSurprise
microPPN_R_1-2+,4,301919.76448,301953.72032,33.95584000000963,301919.76448,301953.72032,33.95584000000963,5,4.798547676417691,RankSurprise
microPPN_R_1-2+,4,314370.2528,314388.80768,18.5548800000106,314370.2528,314388.80768,18.5548800000106,4,4.25134628347692,RankSurprise
microPPN_R_1-2+,4,315872.41984,315996.44672,124.02688000001945,315872.41984,315996.44672,124.02688000001945,8,4.018697495111425,RankSurprise
microPPN_R_1-2+,4,318750.22848,318836.20352,85.97503999999026,318750.22848,318836.20352,85.97503999999026,9,7.4425802628814735,RankSurprise
microPPN_R_1-2+,4,319306.62912,319416.27904,109.6499199999962,319306.62912,319416.27904,109.6499199999962,8,4.564284015635042,RankSurprise
microPPN_R_1-2+,4,344822.74304,344870.95296,48.20992000005208,344822.74304,344870.95296,48.20992000005208,5,4.011559601747113,RankSurprise
microPPN_R_1-2+,4,346030.57152,346151.85408,121.28256000002148,346030.57152,346151.85408,121.28256000002148,7,3.597200101591046,RankSurprise
microPPN_R_1-2+,4,348329.86112,348340.8384,10.977279999991879,348329.86112,348340.8384,10.977279999991879,5,7.526264266976522,RankSurprise
microPPN_R_1-2+,4,353701.31456,353735.76192,34.44735999999102,353701.31456,353735.76192,34.44735999999102,5,4.557094944586719,RankSurprise
microPPN_R_1-2+,4,354409.75872,354968.86272,559.1039999999921,354409.75872,354968.86272,559.1039999999921,23,7.646574069725027,RankSurprise
microPPN_R_1-2+,4,356573.06112,356577.8944,4.833279999962542,356573.06112,356577.8944,4.833279999962542,3,4.064032332351394,RankSurprise
microPPN_R_1-2+,4,358499.98336,358588.12928,88.14591999998083,358499.98336,358588.12928,88.14591999998083,7,4.172694446371628,RankSurprise
microPPN_R_1-2+,4,359757.2096,359885.37344,128.1638399999938,359757.2096,359885.37344,128.1638399999938,9,4.942016534508394,RankSurprise
microPPN_R_1-2+,4,365207.92064,365242.04032,34.11967999994522,365207.92064,365242.04032,34.11967999994522,6,6.20996948694679,RankSurprise
microPPN_R_1-2+,4,373937.11104,374102.79424,165.6832000000286,373937.11104,374102.79424,165.6832000000286,11,6.111104724371024,RankSurprise
microPPN_R_1-2+,4,374675.49696,374842.368,166.87103999999817,374675.49696,374842.368,166.87103999999817,9,4.488473014344162,RankSurprise
microPPN_R_1-2+,4,375943.00416,376217.31328,274.3091199999908,375943.00416,376217.31328,274.3091199999908,18,9.985310094028877,RankSurprise
microPPN_R_1-2+,4,376792.8832,376821.10464,28.22143999999389,376792.8832,376821.10464,28.22143999999389,4,3.8129475533855484,RankSurprise
microPPN_R_1-2+,4,381980.09856,382663.0656,682.9670399999595,381980.09856,382663.0656,682.9670399999595,56,33.098277182605216,RankSurprise
microPPN_R_1-2+,4,382955.64288,383220.03968,264.3967999999877,382955.64288,383220.03968,264.3967999999877,12,5.240358498317352,RankSurprise
microPPN_R_1-2+,4,383673.46688,383783.3216,109.854720000003,383673.46688,383783.3216,109.854720000003,12,9.880583102747341,RankSurprise
microPPN_R_1-2+,4,405815.33696,405848.92416,33.587200000009034,405815.33696,405848.92416,33.587200000009034,4,3.8344916431853413,RankSurprise
microPPN_R_1-2+,4,409145.50784,409228.16512,82.6572800000431,409145.50784,409228.16512,82.6572800000431,6,4.0375636869375215,RankSurprise
microPPN_R_1-3+,0,4492.24704,5748.5312,1256.2841600000002,4492.24704,5748.5312,1256.2841600000002,18,7.152228606363225,RankSurprise
microPPN_R_1-3+,0,7720.46848,7735.45984,14.991359999999986,7720.46848,7735.45984,14.991359999999986,3,4.942240680007135,RankSurprise
microPPN_R_1-3+,0,19970.37568,20011.49952,41.1238400000002,19970.37568,20011.49952,41.1238400000002,4,5.961394556063816,RankSurprise
microPPN_R_1-3+,0,21337.74336,21366.74304,28.999680000000808,21337.74336,21366.74304,28.999680000000808,3,4.0103508560356325,RankSurprise
microPPN_R_1-3+,0,26450.90304,26468.7616,17.85856000000058,26450.90304,26468.7616,17.85856000000058,3,4.7072275531375425,RankSurprise
microPPN_R_1-3+,0,31932.57984,32774.63552,842.0556800000049,31932.57984,32774.63552,842.0556800000049,16,7.695477411808923,RankSurprise
microPPN_R_1-3+,0,33124.7616,33264.64,139.87840000000142,33124.7616,33264.64,139.87840000000142,5,4.070331460036911,RankSurprise
microPPN_R_1-3+,0,33878.26176,33955.14368,76.88191999999981,33878.26176,33955.14368,76.88191999999981,4,4.301055589754508,RankSurprise
microPPN_R_1-3+,0,34374.90176,34544.80384,169.90207999999984,34374.90176,34544.80384,169.90207999999984,9,10.184376644613604,RankSurprise
microPPN_R_1-3+,0,35617.5872,36446.28992,828.7027200000011,35617.5872,36446.28992,828.7027200000011,12,4.409863147483931,RankSurprise
microPPN_R_1-3+,0,37496.87296,38912.69632,1415.8233600000021,37496.87296,38912.69632,1415.8233600000021,18,5.09034734191641,RankSurprise
microPPN_R_1-3+,0,41036.88192,41326.10048,289.21856000000116,41036.88192,41326.10048,289.21856000000116,10,8.77203700298805,RankSurprise
microPPN_R_1-3+,0,44348.70272,44469.94432,121.2416000000012,44348.70272,44469.94432,121.2416000000012,7,8.386950581436913,RankSurprise
microPPN_R_1-3+,0,44861.15328,44997.14048,135.9872000000032,44861.15328,44997.14048,135.9872000000032,5,4.0912426499480965,RankSurprise
microPPN_R_1-3+,0,46796.26752,46977.67936,181.41184000000067,46796.26752,46977.67936,181.41184000000067,5,3.684353164948064,RankSurprise
microPPN_R_1-3+,0,50449.48992,50577.12128,127.6313599999994,50449.48992,50577.12128,127.6313599999994,8,10.157400085716581,RankSurprise
microPPN_R_1-3+,0,51606.69184,51633.72544,27.03360000000248,51606.69184,51633.72544,27.03360000000248,3,4.086915424053476,RankSurprise
microPPN_R_1-3+,0,53987.5328,53996.17536,8.64256000000023,53987.5328,53996.17536,8.64256000000023,3,5.770711903806124,RankSurprise
microPPN_R_1-3+,0,71194.37824,71264.50176,70.12351999999373,71194.37824,71264.50176,70.12351999999373,4,4.247884397867004,RankSurprise
microPPN_R_1-3+,0,74893.39392,74899.53792,6.144000000000233,74893.39392,74899.53792,6.144000000000233,3,5.944051364284249,RankSurprise
microPPN_R_1-3+,0,77423.69792,77496.32,72.622080000001,77423.69792,77496.32,72.622080000001,6,8.547799330393936,RankSurprise
microPPN_R_1-3+,0,81456.90624,81482.50624,25.60000000000582,81456.90624,81482.50624,25.60000000000582,3,4.207555343521296,RankSurprise
microPPN_R_1-3+,0,100076.3392,100189.42976,113.09055999999691,100076.3392,100189.42976,113.09055999999691,6,6.711603060716676,RankSurprise
microPPN_R_1-3+,0,113072.37376,113129.22624,56.85248000000138,113072.37376,113129.22624,56.85248000000138,4,4.942761573005775,RankSurprise
microPPN_R_1-3+,0,117984.4608,118215.18848,230.72767999999633,117984.4608,118215.18848,230.72767999999633,8,6.35530619427822,RankSurprise
microPPN_R_1-3+,0,131160.59648,131703.72608,543.1295999999857,131160.59648,131703.72608,543.1295999999857,10,5.078987068492145,RankSurprise
microPPN_R_1-3+,0,133294.81728,133308.74368,13.926400000025751,133294.81728,133308.74368,13.926400000025751,3,5.463485235281372,RankSurprise
microPPN_R_1-3+,0,144376.46336,144408.53504,32.07167999999365,144376.46336,144408.53504,32.07167999999365,3,3.763340784455597,RankSurprise
microPPN_R_1-3+,0,145646.10048,145675.22304,29.122560000017984,145646.10048,145675.22304,29.122560000017984,3,3.9978702859398236,RankSurprise
microPPN_R_1-3+,0,161063.97696,161243.91424,179.93728000001283,161063.97696,161243.91424,179.93728000001283,8,7.8800250381110954,RankSurprise
microPPN_R_1-3+,0,162958.9504,163095.552,136.6015999999945,162958.9504,163095.552,136.6015999999945,6,5.816073656858151,RankSurprise
microPPN_R_1-3+,0,166568.5504,166590.30016,21.749760000006063,166568.5504,166590.30016,21.749760000006063,3,4.4033644186753875,RankSurprise
microPPN_R_1-3+,0,174129.64352,174151.8848,22.241279999987455,174129.64352,174151.8848,22.241279999987455,3,4.488980927971042,RankSurprise
microPPN_R_1-3+,0,213295.06304,213408.11264,113.04959999999846,213295.06304,213408.11264,113.04959999999846,5,4.694639185241616,RankSurprise
microPPN_R_1-3+,0,228239.36,228336.55808,97.19808000000194,228239.36,228336.55808,97.19808000000194,5,5.2464672598658275,RankSurprise
microPPN_R_1-3+,0,230456.07424,230919.08608,463.01184000002104,230456.07424,230919.08608,463.01184000002104,8,3.5556293904669123,RankSurprise
microPPN_R_1-3+,0,237719.42912,237997.83424,278.40512000001036,237719.42912,237997.83424,278.40512000001036,7,4.7196538568440385,RankSurprise
microPPN_R_1-3+,0,239606.1696,239617.10592,10.936320000007981,239606.1696,239617.10592,10.936320000007981,3,5.863393961204178,RankSurprise
microPPN_R_1-3+,0,245802.31168,245838.68416,36.3724799999909,245802.31168,245838.68416,36.3724799999909,4,6.063594623295138,RankSurprise
microPPN_R_1-3+,0,246455.82848,246460.74368,4.915200000017649,246455.82848,246460.74368,4.915200000017649,3,6.511214871048358,RankSurprise
microPPN_R_1-3+,0,258217.65632,258439.20896,221.55263999997987,258217.65632,258439.20896,221.55263999997987,6,3.8336579037330503,RankSurprise
microPPN_R_1-3+,0,265133.2608,265153.82272,20.561920000007376,265133.2608,265153.82272,20.561920000007376,3,4.465265142437286,RankSurprise
microPPN_R_1-3+,0,266275.84,266293.12512,17.285119999956805,266275.84,266293.12512,17.285119999956805,3,4.807248911464734,RankSurprise
microPPN_R_1-3+,0,271880.64256,272536.49408,655.8515199999674,271880.64256,272536.49408,655.8515199999674,10,3.828587337195617,RankSurprise
microPPN_R_1-3+,0,301919.76448,301953.72032,33.95584000000963,301919.76448,301953.72032,33.95584000000963,3,3.757815908523625,RankSurprise
microPPN_R_1-3+,0,311586.73408,312164.06528,577.3311999999569,311586.73408,312164.06528,577.3311999999569,10,3.6508878489538388,RankSurprise
microPPN_R_1-3+,0,330142.63808,330752.32768,609.6895999999833,330142.63808,330752.32768,609.6895999999833,9,3.5143676529087498,RankSurprise
microPPN_R_1-3+,0,332951.30624,332999.72096,48.41472000000067,332951.30624,332999.72096,48.41472000000067,5,7.472461233245099,RankSurprise
microPPN_R_1-3+,0,333899.776,335014.83008,1115.0540799999726,333899.776,335014.83008,1115.0540799999726,17,5.197684627790956,RankSurprise
microPPN_R_1-3+,0,346126.04928,346200.55552,74.50624000001699,346126.04928,346200.55552,74.50624000001699,4,4.219639366998454,RankSurprise
microPPN_R_1-3+,0,349046.21056,349070.58176,24.371199999994133,349046.21056,349070.58176,24.371199999994133,3,4.426353261899184,RankSurprise
microPPN_R_1-3+,0,354181.57056,354470.01088,288.44031999999424,354181.57056,354470.01088,288.44031999999424,7,4.685876716773123,RankSurprise
microPPN_R_1-3+,0,355601.94048,355732.72576,130.78528000001097,355601.94048,355732.72576,130.78528000001097,5,4.133395873827219,RankSurprise
microPPN_R_1-3+,0,363210.79296,363222.87616,12.083199999993667,363210.79296,363222.87616,12.083199999993667,3,5.476472430808183,RankSurprise
microPPN_R_1-3+,0,365207.92064,365242.04032,34.11967999994522,365207.92064,365242.04032,34.11967999994522,5,8.908645898533113,RankSurprise
microPPN_R_1-3+,0,368215.16288,368297.5744,82.4115199999651,368215.16288,368297.5744,82.4115199999651,4,3.947247614993689,RankSurprise
microPPN_R_1-3+,0,368636.84608,369073.152,436.30592000001343,368636.84608,369073.152,436.30592000001343,9,4.33330660859012,RankSurprise
microPPN_R_1-3+,0,373504.4096,377962.37312,4457.96351999999,373504.4096,377962.37312,4457.96351999999,52,9.754986339948733,RankSurprise
microPPN_R_1-3+,0,382013.60384,382310.31808,296.71424000000115,382013.60384,382310.31808,296.71424000000115,15,16.864943976214796,RankSurprise
microPPN_R_1-3+,0,382644.14208,382965.71904,321.5769599999767,382644.14208,382965.71904,321.5769599999767,8,4.71913498909819,RankSurprise
microPPN_R_1-3+,0,383647.66208,383775.78496,128.122880000039,383647.66208,383775.78496,128.122880000039,8,9.828168968634856,RankSurprise
microPPN_R_1-3+,0,384201.60512,384338.04288,136.4377600000007,384201.60512,384338.04288,136.4377600000007,6,5.945854908314601,RankSurprise
microPPN_R_1-3+,0,400510.64832,400539.11552,28.46720000001369,400510.64832,400539.11552,28.46720000001369,3,4.0292189671500545,RankSurprise
microPPN_R_1-3+,0,411153.44896,411187.48672,34.037759999977425,411153.44896,411187.48672,34.037759999977425,3,3.6980287375559,RankSurprise
microPPN_R_1-3+,1,5200.40448,5433.42592,233.02143999999953,5200.40448,5433.42592,233.02143999999953,7,6.308625175397467,RankSurprise
microPPN_R_1-3+,1,15475.26144,15528.22272,52.96127999999953,15475.26144,15528.22272,52.96127999999953,4,6.073996482986935,RankSurprise
microPPN_R_1-3+,1,40787.1488,40814.34624,27.197439999996277,40787.1488,40814.34624,27.197439999996277,4,8.091290817055487,RankSurprise
microPPN_R_1-3+,1,51623.03488,51695.28832,72.25344000000041,51623.03488,51695.28832,72.25344000000041,4,5.205688598189209,RankSurprise
microPPN_R_1-3+,1,96333.6192,96361.55392,27.934720000004745,96333.6192,96361.55392,27.934720000004745,3,4.962453395599971,RankSurprise
microPPN_R_1-3+,1,114546.8928,114563.2768,16.38400000000547,114546.8928,114563.2768,16.38400000000547,3,5.928238765078822,RankSurprise
microPPN_R_1-3+,1,131832.46336,134041.84576,2209.3824000000022,131832.46336,134041.84576,2209.3824000000022,14,4.110490075171433,RankSurprise
microPPN_R_1-3+,1,271974.4,272308.18304,333.78303999995114,271974.4,272308.18304,333.78303999995114,10,9.554314548008575,RankSurprise
microPPN_R_1-3+,1,315660.73856,315975.22944,314.49087999999756,315660.73856,315975.22944,314.49087999999756,6,4.307934712910156,RankSurprise
microPPN_R_1-3+,1,317213.65504,320218.7264,3005.0713600000017,317213.65504,320218.7264,3005.0713600000017,19,6.7501161440354105,RankSurprise
microPPN_R_1-3+,1,349691.74016,349737.00096,45.2607999999891,349691.74016,349737.00096,45.2607999999891,3,3.8411625937131912,RankSurprise
microPPN_R_1-3+,1,353701.31456,353728.34816,27.0335999999661,353701.31456,353728.34816,27.0335999999661,3,4.991026768044026,RankSurprise
microPPN_R_1-3+,1,354414.87872,356789.6576,2374.778879999998,354414.87872,356789.6576,2374.778879999998,14,3.7483880377338186,RankSurprise
microPPN_R_1-3+,1,360348.95872,360377.5488,28.590079999994487,360348.95872,360377.5488,28.590079999994487,3,4.9065029545262,RankSurprise
microPPN_R_1-3+,1,362881.88416,362946.64192,64.75776000000769,362881.88416,362946.64192,64.75776000000769,4,5.485348602788282,RankSurprise
microPPN_R_1-3+,1,374685.98272,375006.78144,320.7987199999625,374685.98272,375006.78144,320.7987199999625,7,4.758988955914837,RankSurprise
microPPN_R_1-3+,1,376177.2544,376199.29088,22.03648000000976,376177.2544,376199.29088,22.03648000000976,4,8.781449748137415,RankSurprise
microPPN_R_1-3+,1,381980.0576,382641.39776,661.3401600000216,381980.0576,382641.39776,661.3401600000216,18,19.707486402534748,RankSurprise
microPPN_R_1-3+,1,398203.86304,402554.18368,4350.320639999991,398203.86304,402554.18368,4350.320639999991,23,3.9483463395250022,RankSurprise
microPPN_R_1-3+,2,5163.04896,5553.72544,390.6764800000001,5163.04896,5553.72544,390.6764800000001,15,14.244114930354199,RankSurprise
microPPN_R_1-3+,2,36223.46752,36388.61824,165.1507200000051,36223.46752,36388.61824,165.1507200000051,5,3.9150465900402196,RankSurprise
microPPN_R_1-3+,2,50386.20672,50489.46688,103.260159999998,50386.20672,50489.46688,103.260159999998,7,9.198321274028274,RankSurprise
microPPN_R_1-3+,2,77171.38432,77297.8688,126.48447999999917,77171.38432,77297.8688,126.48447999999917,6,6.144172647571558,RankSurprise
microPPN_R_1-3+,2,81306.74688,81398.784,92.03711999999359,81306.74688,81398.784,92.03711999999359,4,3.7579870256680863,RankSurprise
microPPN_R_1-3+,2,113231.09376,114796.25728,1565.1635200000019,113231.09376,114796.25728,1565.1635200000019,11,4.43022211491787,RankSurprise
microPPN_R_1-3+,2,121616.67072,123045.84704,1429.1763199999987,121616.67072,123045.84704,1429.1763199999987,17,10.182217929313477,RankSurprise
microPPN_R_1-3+,2,133040.70144,134179.55328,1138.8518399999884,133040.70144,134179.55328,1138.8518399999884,13,4.251816812619397,RankSurprise
microPPN_R_1-3+,2,246285.96736,246397.41952,111.45215999998618,246285.96736,246397.41952,111.45215999998618,5,5.469769143547772,RankSurprise
microPPN_R_1-3+,2,271983.28832,272556.52352,573.2351999999955,271983.28832,272556.52352,573.2351999999955,9,5.677617325037494,RankSurprise
microPPN_R_1-3+,2,312334.45888,312357.76512,23.306240000005346,312334.45888,312357.76512,23.306240000005346,3,4.1157500311657955,RankSurprise
microPPN_R_1-3+,2,314060.67712,315776.45056,1715.773440000019,314060.67712,315776.45056,1715.773440000019,13,4.128154588351886,RankSurprise
microPPN_R_1-3+,2,318795.40736,318836.24448,40.83711999998195,318795.40736,318836.24448,40.83711999998195,5,7.7609851784576875,RankSurprise
microPPN_R_1-3+,2,324638.96576,324816.97792,178.01215999998385,324638.96576,324816.97792,178.01215999998385,7,6.776145142993613,RankSurprise
microPPN_R_1-3+,2,334367.78496,334424.2688,56.48384000000078,334367.78496,334424.2688,56.48384000000078,4,4.938887357161587,RankSurprise
microPPN_R_1-3+,2,357822.54592,358066.09408,243.54816000000574,357822.54592,358066.09408,243.54816000000574,6,4.5592736969515215,RankSurprise
microPPN_R_1-3+,2,359795.01568,359860.6336,65.61791999998968,359795.01568,359860.6336,65.61791999998968,4,4.471393415119323,RankSurprise
microPPN_R_1-3+,2,373003.14112,376187.98592,3184.8448000000208,373003.14112,376187.98592,3184.8448000000208,29,5.855080480024688,RankSurprise
microPPN_R_1-3+,2,381992.59136,382621.36832,628.7769599999883,381992.59136,382621.36832,628.7769599999883,22,20.374356365595332,RankSurprise
microPPN_R_1-3+,2,395680.80896,395704.7296,23.92064000002574,395680.80896,395704.7296,23.92064000002574,3,4.193280283543247,RankSurprise
microPPN_R_1-3+,3,15470.34624,15517.53216,47.185919999999896,15470.34624,15517.53216,47.185919999999896,3,5.028410621588163,RankSurprise
microPPN_R_1-3+,3,16783.48288,17037.27104,253.78816000000006,16783.48288,17037.27104,253.78816000000006,4,3.5581953976724066,RankSurprise
microPPN_R_1-3+,3,21918.80192,22123.84768,205.04575999999724,21918.80192,22123.84768,205.04575999999724,4,3.988563334055673,RankSurprise
microPPN_R_1-3+,3,29758.0544,29900.47232,142.41791999999987,29758.0544,29900.47232,142.41791999999987,4,5.285835811685509,RankSurprise
microPPN_R_1-3+,3,32338.08384,32421.72416,83.64032000000225,32338.08384,32421.72416,83.64032000000225,3,3.8853574264033703,RankSurprise
microPPN_R_1-3+,3,40422.64576,42143.41632,1720.7705599999972,40422.64576,42143.41632,1720.7705599999972,12,5.073314475896595,RankSurprise
microPPN_R_1-3+,3,43933.85984,44030.81216,96.95232000000397,43933.85984,44030.81216,96.95232000000397,3,3.6033638217323514,RankSurprise
microPPN_R_1-3+,3,117955.87072,118233.00608,277.1353600000002,117955.87072,118233.00608,277.1353600000002,4,3.565115840516981,RankSurprise
microPPN_R_1-3+,3,153867.14112,153984.28672,117.14560000001802,153867.14112,153984.28672,117.14560000001802,5,8.278381100030778,RankSurprise
microPPN_R_1-3+,3,165747.58912,165977.25184,229.6627200000221,165747.58912,165977.25184,229.6627200000221,5,5.71719544525088,RankSurprise
microPPN_R_1-3+,3,184137.1136,184865.5872,728.4735999999975,184137.1136,184865.5872,728.4735999999975,7,4.157246731164892,RankSurprise
microPPN_R_1-3+,3,214031.44192,214446.57152,415.12959999998566,214031.44192,214446.57152,415.12959999998566,5,3.7165715192301647,RankSurprise
microPPN_R_1-3+,3,220374.09792,220519.8336,145.7356800000125,220374.09792,220519.8336,145.7356800000125,4,4.916134221292928,RankSurprise
microPPN_R_1-3+,3,228106.07616,228361.09312,255.0169600000081,228106.07616,228361.09312,255.0169600000081,4,3.863544679218897,RankSurprise
microPPN_R_1-3+,3,235062.64064,235138.6624,76.02176000000327,235062.64064,235138.6624,76.02176000000327,3,4.056516297521657,RankSurprise
microPPN_R_1-3+,3,236978.95424,237785.4976,806.5433600000106,236978.95424,237785.4976,806.5433600000106,8,4.9732513395835465,RankSurprise
microPPN_R_1-3+,3,259619.0208,263090.42176,3471.400959999999,259619.0208,263090.42176,3471.400959999999,18,4.320141063122986,RankSurprise
microPPN_R_1-3+,3,269495.99232,269907.72224,411.7299199999543,269495.99232,269907.72224,411.7299199999543,5,3.957790721701482,RankSurprise
microPPN_R_1-3+,3,272795.2384,273302.56896,507.33056000003126,272795.2384,273302.56896,507.33056000003126,6,4.884339937920906,RankSurprise
microPPN_R_1-3+,3,323241.984,324618.89536,1376.9113600000273,323241.984,324618.89536,1376.9113600000273,10,4.697732563835453,RankSurprise
microPPN_R_1-3+,3,329030.4512,329078.45632,48.00511999998707,329030.4512,329078.45632,48.00511999998707,3,4.984208578084678,RankSurprise
microPPN_R_1-3+,3,331339.28448,331386.38848,47.10400000005029,331339.28448,331386.38848,47.10400000005029,3,5.096601246742477,RankSurprise
microPPN_R_1-3+,3,339566.96064,339592.23296,25.272319999989122,339566.96064,339592.23296,25.272319999989122,3,6.768352589279958,RankSurprise
microPPN_R_1-3+,3,341939.44576,342061.99808,122.55232000001706,341939.44576,342061.99808,122.55232000001706,4,5.360529324125871,RankSurprise
microPPN_R_1-3+,3,342790.144,343007.19104,217.04704000003403,342790.144,343007.19104,217.04704000003403,4,4.11069748925518,RankSurprise
microPPN_R_1-3+,3,347521.59744,348309.0944,787.4969600000186,347521.59744,348309.0944,787.4969600000186,7,3.8545156957002344,RankSurprise
microPPN_R_1-3+,3,358390.33344,358632.0384,241.70496000000276,358390.33344,358632.0384,241.70496000000276,4,4.144124191831615,RankSurprise
microPPN_R_1-3+,3,371406.60224,374426.78784,3020.185600000026,371406.60224,374426.78784,3020.185600000026,27,16.232413610094273,RankSurprise
microPPN_R_1-3+,3,375791.49312,376093.40928,301.9161600000225,375791.49312,376093.40928,301.9161600000225,5,4.648109052750808,RankSurprise
microPPN_R_1-3+,3,382593.92512,384212.3776,1618.452479999978,382593.92512,384212.3776,1618.452479999978,18,13.723598259533595,RankSurprise
microPPN_R_1-3+,3,386187.55072,386356.34688,168.79616000002716,386187.55072,386356.34688,168.79616000002716,4,4.557955293396077,RankSurprise
microPPN_R_1-3+,4,3882.96704,3971.80928,88.84223999999995,3882.96704,3971.80928,88.84223999999995,3,3.635992550196839,RankSurprise
microPPN_R_1-3+,4,5226.2912,5304.77056,78.47936000000027,5226.2912,5304.77056,78.47936000000027,3,3.6499787921715807,RankSurprise
microPPN_R_1-3+,4,21418.47552,21447.80288,29.327359999999317,21418.47552,21447.80288,29.327359999999317,3,5.647114847899198,RankSurprise
microPPN_R_1-3+,4,40071.74144,41337.2416,1265.5001600000032,40071.74144,41337.2416,1265.5001600000032,9,4.4196647769235335,RankSurprise
microPPN_R_1-3+,4,50316.4928,50575.85152,259.35871999999654,50316.4928,50575.85152,259.35871999999654,7,8.746838468415852,RankSurprise
microPPN_R_1-3+,4,77133.53728,77356.72832,223.1910399999906,77133.53728,77356.72832,223.1910399999906,4,3.7077456378342966,RankSurprise
microPPN_R_1-3+,4,96311.9104,96329.76896,17.858560000007856,96311.9104,96329.76896,17.858560000007856,5,13.403868513136828,RankSurprise
microPPN_R_1-3+,4,117943.296,118143.87712,200.58112000000256,117943.296,118143.87712,200.58112000000256,4,3.753548338948484,RankSurprise
microPPN_R_1-3+,4,122095.49312,122232.832,137.3388799999957,122095.49312,122232.832,137.3388799999957,4,4.790795395438028,RankSurprise
microPPN_R_1-3+,4,157561.15968,157735.936,174.77631999997539,157561.15968,157735.936,174.77631999997539,5,6.3261583024006,RankSurprise
microPPN_R_1-3+,4,162931.17952,163030.26176,99.08223999998881,162931.17952,163030.26176,99.08223999998881,4,5.411717165039519,RankSurprise
microPPN_R_1-3+,4,165863.13728,165927.23968,64.1024000000034,165863.13728,165927.23968,64.1024000000034,3,4.035791920769327,RankSurprise
microPPN_R_1-3+,4,178143.39584,178870.0672,726.6713599999784,178143.39584,178870.0672,726.6713599999784,9,7.525575547455352,RankSurprise
microPPN_R_1-3+,4,314360.0128,314672.7424,312.7295999999624,314360.0128,314672.7424,312.7295999999624,5,5.899792420223548,RankSurprise
microPPN_R_1-3+,4,333053.5424,334536.99072,1483.448320000025,333053.5424,334536.99072,1483.448320000025,9,4.4419042790716965,RankSurprise
microPPN_R_1-3+,4,348145.13152,348527.77984,382.6483199999784,348145.13152,348527.77984,382.6483199999784,5,3.700319620187507,RankSurprise
microPPN_R_1-3+,4,352072.45824,352473.74336,401.285120000015,352072.45824,352473.74336,401.285120000015,4,3.5830978968665583,RankSurprise
microPPN_R_1-3+,4,356378.95168,356430.80704,51.85535999998683,356378.95168,356430.80704,51.85535999998683,3,4.45042539696437,RankSurprise
microPPN_R_1-3+,4,358472.704,358560.64512,87.94111999997403,358472.704,358560.64512,87.94111999997403,4,5.879532035998736,RankSurprise
microPPN_R_1-3+,4,366937.9072,367112.92928,175.02207999996608,366937.9072,367112.92928,175.02207999996608,4,4.254714348665466,RankSurprise
microPPN_R_1-3+,4,373821.97248,374061.91616,239.94368000002578,373821.97248,374061.91616,239.94368000002578,5,5.1421629037919026,RankSurprise
microPPN_R_1-3+,4,379101.02016,379175.81312,74.79295999999158,379101.02016,379175.81312,74.79295999999158,3,3.7954994292246234,RankSurprise
microPPN_R_1-3+,4,382293.6064,382664.21248,370.60607999999775,382293.6064,382664.21248,370.60607999999775,12,17.07101018144485,RankSurprise
microPPN_R_2-3+,3,15470.1824,15573.4016,103.21919999999955,15470.1824,15573.4016,103.21919999999955,5,8.965035248971699,RankSurprise
microPPN_R_2-3+,3,44303.40096,44424.15104,120.75007999999798,44303.40096,44424.15104,120.75007999999798,3,3.586589994857656,RankSurprise
microPPN_R_2-3+,3,50537.6768,50563.60448,25.92768000000069,50537.6768,50563.60448,25.92768000000069,3,5.897833150594815,RankSurprise
microPPN_R_2-3+,3,74811.14624,74915.4304,104.28415999999561,74811.14624,74915.4304,104.28415999999561,4,6.184312675430148,RankSurprise
microPPN_R_2-3+,3,95772.0576,95848.36608,76.30848000000697,95772.0576,95848.36608,76.30848000000697,3,4.394077866883011,RankSurprise
microPPN_R_2-3+,3,138989.85472,139076.89472,87.04000000000815,138989.85472,139076.89472,87.04000000000815,3,4.123126469749479,RankSurprise
microPPN_R_2-3+,3,217459.0976,217602.048,142.95040000000154,217459.0976,217602.048,142.95040000000154,6,10.678871288566459,RankSurprise
microPPN_R_2-3+,3,220181.95456,220464.41472,282.4601599999878,220181.95456,220464.41472,282.4601599999878,4,3.9604750549706935,RankSurprise
microPPN_R_2-3+,3,222518.19008,222657.1264,138.93632000000798,222518.19008,222657.1264,138.93632000000798,4,5.80756973821881,RankSurprise
microPPN_R_2-3+,3,239672.27904,241207.99232,1535.7132799999963,239672.27904,241207.99232,1535.7132799999963,9,4.703060667167582,RankSurprise
microPPN_R_2-3+,3,242809.52832,242876.17024,66.64191999999457,242809.52832,242876.17024,66.64191999999457,3,4.478748966651933,RankSurprise
microPPN_R_2-3+,3,265290.17856,265311.68256,21.504000000015367,265290.17856,265311.68256,21.504000000015367,3,6.28463296448362,RankSurprise
microPPN_R_2-3+,3,280974.04928,281759.1296,785.0803200000082,280974.04928,281759.1296,785.0803200000082,6,4.110854562455899,RankSurprise
microPPN_R_2-3+,3,288814.77632,289234.37056,419.5942400000058,288814.77632,289234.37056,419.5942400000058,5,4.644987559282143,RankSurprise
microPPN_R_2-3+,3,337368.10496,337547.55072,179.44575999997323,337368.10496,337547.55072,179.44575999997323,4,4.91207342965577,RankSurprise
microPPN_R_2-3+,3,341287.60832,341357.11744,69.50912000000244,341287.60832,341357.11744,69.50912000000244,3,4.50048895328834,RankSurprise
microPPN_R_2-3+,3,349969.77664,350894.16192,924.3852799999877,349969.77664,350894.16192,924.3852799999877,7,4.320743934226133,RankSurprise
microPPN_R_2-3+,3,351924.96128,352364.50304,439.5417599999928,351924.96128,352364.50304,439.5417599999928,5,4.452288481721656,RankSurprise
microPPN_R_2-3+,3,373668.2496,374980.44416,1312.1945600000327,373668.2496,374980.44416,1312.1945600000327,12,9.455488036267875,RankSurprise
microPPN_R_2-3+,3,377274.69568,378178.64192,903.9462400000193,377274.69568,378178.64192,903.9462400000193,7,4.5505609167442795,RankSurprise
microPPN_R_2-3+,3,379896.70912,380136.36608,239.65695999999298,379896.70912,380136.36608,239.65695999999298,4,4.34672531040793,RankSurprise
microPPN_R_4-5+,0,26109.78816,26278.37952,168.59135999999853,26109.78816,26278.37952,168.59135999999853,3,3.5394990161413684,RankSurprise
microPPN_R_4-5+,0,60536.66816,61829.16096,1292.4928,60536.66816,61829.16096,1292.4928,8,6.157456159341001,RankSurprise
microPPN_R_4-5+,0,118878.08512,118935.92064,57.83551999999327,118878.08512,118935.92064,57.83551999999327,3,5.37689721073841,RankSurprise
microPPN_R_4-5+,0,129036.9024,130443.14112,1406.238719999994,129036.9024,130443.14112,1406.238719999994,7,4.9346143822193484,RankSurprise
microPPN_R_4-5+,0,158495.49824,160286.5152,1791.016960000008,158495.49824,160286.5152,1791.016960000008,9,5.915585499580507,RankSurprise
microPPN_R_4-5+,0,171895.3984,172878.47936,983.080959999992,171895.3984,172878.47936,983.080959999992,6,4.936783726640741,RankSurprise
microPPN_R_4-5+,0,234486.82496,237365.4528,2878.627840000001,234486.82496,237365.4528,2878.627840000001,11,5.47300515321438,RankSurprise
microPPN_R_4-5+,0,243694.87872,243795.06688,100.1881599999906,243694.87872,243795.06688,100.1881599999906,3,4.2275454908927,RankSurprise
microPPN_R_4-5+,0,248229.96992,248726.7328,496.76287999999477,248229.96992,248726.7328,496.76287999999477,4,3.66152649562893,RankSurprise
microPPN_R_4-5+,0,254178.05824,255301.46816,1123.4099199999764,254178.05824,255301.46816,1123.4099199999764,6,3.750470662783426,RankSurprise
microPPN_R_4-5+,0,289064.01792,289185.21856,121.20063999999547,289064.01792,289185.21856,121.20063999999547,3,4.201228182575326,RankSurprise
microPPN_R_4-5+,0,324610.53952,325475.36896,864.8294400000013,324610.53952,325475.36896,864.8294400000013,5,3.745951873996006,RankSurprise
microPPN_R_4-5+,0,381679.12448,389139.74272,7460.618239999982,381679.12448,389139.74272,7460.618239999982,29,13.35925029145257,RankSurprise
microPPN_R_4-6+,3,7132.32384,7405.52704,273.2031999999999,7132.32384,7405.52704,273.2031999999999,5,3.917771007453826,RankSurprise
microPPN_R_4-6+,3,15543.296,15642.0096,98.71359999999913,15543.296,15642.0096,98.71359999999913,4,5.041577795635398,RankSurprise
microPPN_R_4-6+,3,17018.38848,17027.35872,8.97023999999874,17018.38848,17027.35872,8.97023999999874,3,7.568618299448431,RankSurprise
microPPN_R_4-6+,3,34190.62272,34417.54112,226.9184000000023,34190.62272,34417.54112,226.9184000000023,5,4.958428817061719,RankSurprise
microPPN_R_4-6+,3,40691.9168,40943.616,251.69920000000275,40691.9168,40943.616,251.69920000000275,6,5.793563138527183,RankSurprise
microPPN_R_4-6+,3,67854.25408,67907.01056,52.75647999999637,67854.25408,67907.01056,52.75647999999637,3,4.102241576376857,RankSurprise
microPPN_R_4-6+,3,71460.53632,71466.92608,6.389760000005481,71460.53632,71466.92608,6.389760000005481,3,8.524129744475868,RankSurprise
microPPN_R_4-6+,3,77012.21376,77022.8224,10.608640000005835,77012.21376,77022.8224,10.608640000005835,3,7.199710787074064,RankSurprise
microPPN_R_4-6+,3,84959.76448,85208.22784,248.46336000000883,84959.76448,85208.22784,248.46336000000883,5,4.114400610031776,RankSurprise
microPPN_R_4-6+,3,89831.71072,89859.80928,28.098559999998542,89831.71072,89859.80928,28.098559999998542,3,5.240590406281944,RankSurprise
microPPN_R_4-6+,3,128423.69024,128686.24384,262.5535999999993,128423.69024,128686.24384,262.5535999999993,6,5.986285160440069,RankSurprise
microPPN_R_4-6+,3,131213.02528,131282.90304,69.87776000000304,131213.02528,131282.90304,69.87776000000304,3,3.557307023336266,RankSurprise
microPPN_R_4-6+,3,132513.66912,132653.34272,139.67359999998007,132513.66912,132653.34272,139.67359999998007,5,6.318569256311402,RankSurprise
microPPN_R_4-6+,3,141839.64672,141889.49504,49.84832000001916,141839.64672,141889.49504,49.84832000001916,3,4.156666983362465,RankSurprise
microPPN_R_4-6+,3,142643.56864,144384.53248,1740.9638399999822,142643.56864,144384.53248,1740.9638399999822,14,4.636229661066181,RankSurprise
microPPN_R_4-6+,3,147782.77888,147812.59776,29.818880000006175,147782.77888,147812.59776,29.818880000006175,3,5.272464096784676,RankSurprise
microPPN_R_4-6+,3,156966.33856,160109.44512,3143.1065599999856,156966.33856,160109.44512,3143.1065599999856,25,5.81249968281092,RankSurprise
microPPN_R_4-6+,3,203224.43264,203278.00832,53.57567999997991,203224.43264,203278.00832,53.57567999997991,3,4.138360123523151,RankSurprise
microPPN_R_4-6+,3,226053.89824,226166.33344,112.43519999997807,226053.89824,226166.33344,112.43519999997807,5,6.9680183869662216,RankSurprise
microPPN_R_4-6+,3,228331.7248,229565.35808,1233.633280000009,228331.7248,229565.35808,1233.633280000009,15,8.649994442134158,RankSurprise
microPPN_R_4-6+,3,235645.17376,237195.264,1550.0902399999904,235645.17376,237195.264,1550.0902399999904,18,9.9294987082032,RankSurprise
microPPN_R_4-6+,3,245929.24672,246076.86656,147.61983999999939,245929.24672,246076.86656,147.61983999999939,4,4.091463236061756,RankSurprise
microPPN_R_4-6+,3,247737.01632,247789.64992,52.633600000001024,247737.01632,247789.64992,52.633600000001024,3,4.049258087214579,RankSurprise
microPPN_R_4-6+,3,249418.67008,249877.62688,458.9567999999854,249418.67008,249877.62688,458.9567999999854,6,3.9542159640983336,RankSurprise
microPPN_R_4-6+,3,262139.98592,263039.13984,899.1539200000116,262139.98592,263039.13984,899.1539200000116,9,3.8859907142331496,RankSurprise
microPPN_R_4-6+,3,272518.47168,272858.27584,339.8041599999997,272518.47168,272858.27584,339.8041599999997,7,6.226143827725239,RankSurprise
microPPN_R_4-6+,3,279186.55488,279252.7872,66.23232000001008,279186.55488,279252.7872,66.23232000001008,3,3.7729562643679326,RankSurprise
microPPN_R_4-6+,3,288003.23584,288189.19424,185.95840000000317,288003.23584,288189.19424,185.95840000000317,5,5.1991821692326425,RankSurprise
microPPN_R_4-6+,3,289175.42912,289203.52768,28.098560000013094,289175.42912,289203.52768,28.098560000013094,3,5.178327626035282,RankSurprise
microPPN_R_4-6+,3,314985.472,315306.96704,321.4950400000089,314985.472,315306.96704,321.4950400000089,6,4.7469761397051045,RankSurprise
microPPN_R_4-6+,3,320451.01056,320495.86176,44.851199999975506,320451.01056,320495.86176,44.851199999975506,4,7.238700698594554,RankSurprise
microPPN_R_4-6+,3,330273.9968,330311.22944,37.23264000000199,330273.9968,330311.22944,37.23264000000199,4,7.779682217749603,RankSurprise
microPPN_R_4-6+,3,334365.61408,334508.032,142.41791999997804,334365.61408,334508.032,142.41791999997804,6,8.364311460709406,RankSurprise
microPPN_R_4-6+,3,337558.15936,340038.32832,2480.168959999981,337558.15936,340038.32832,2480.168959999981,17,3.517958006169992,RankSurprise
microPPN_R_4-6+,3,340524.68736,340642.97984,118.2924800000037,340524.68736,340642.97984,118.2924800000037,4,4.631082720314939,RankSurprise
microPPN_R_4-6+,3,352213.6064,352244.20352,30.597119999991264,352213.6064,352244.20352,30.597119999991264,3,4.988401469856106,RankSurprise
microPPN_R_4-6+,3,355144.54016,355212.77952,68.23936000000685,355144.54016,355212.77952,68.23936000000685,3,3.5778552095400027,RankSurprise
microPPN_R_4-6+,3,358994.24768,359050.28096,56.03328000003239,358994.24768,359050.28096,56.03328000003239,3,3.980728584885407,RankSurprise
microPPN_R_4-6+,3,363913.17504,363956.92032,43.74527999997372,363913.17504,363956.92032,43.74527999997372,3,4.540716742961049,RankSurprise
microPPN_R_4-6+,3,367800.9344,368008.27392,207.33951999997953,367800.9344,368008.27392,207.33951999997953,5,4.868029311237976,RankSurprise
microPPN_R_4-6+,3,374398.11584,374429.94176,31.825920000032056,374398.11584,374429.94176,31.825920000032056,5,11.881748337336713,RankSurprise
microPPN_R_4-6+,3,381400.84224,381636.03456,235.19231999997282,381400.84224,381636.03456,235.19231999997282,6,6.165252030284684,RankSurprise
microPPN_R_4-6+,3,382674.5344,382989.9264,315.39199999999255,382674.5344,382989.9264,315.39199999999255,6,4.886101504459347,RankSurprise
microPPN_R_4-6+,3,386217.7792,386996.224,778.4447999999975,386217.7792,386996.224,778.4447999999975,10,6.309176143131961,RankSurprise
microPPN_R_7-8+,1,68222.81216,68317.184,94.37183999999252,68222.81216,68317.184,94.37183999999252,4,3.641113116715424,RankSurprise
microPPN_R_7-8+,1,73093.40672,73123.4304,30.02367999999842,73093.40672,73123.4304,30.02367999999842,3,4.015248345507105,RankSurprise
microPPN_R_7-8+,1,85209.7024,85236.03968,26.337280000007013,85209.7024,85236.03968,26.337280000007013,3,4.375844369347812,RankSurprise
microPPN_R_7-8+,1,100205.9776,100219.2896,13.312000000005355,100205.9776,100219.2896,13.312000000005355,3,5.690649937554474,RankSurprise
microPPN_R_7-8+,1,120159.39584,120257.24928,97.85344000000623,120159.39584,120257.24928,97.85344000000623,6,7.403393180649196,RankSurprise
microPPN_R_7-8+,1,128684.89216,128895.09888,210.20672000000195,128684.89216,128895.09888,210.20672000000195,7,5.659112665167315,RankSurprise
microPPN_R_7-8+,1,130726.58432,130764.22656,37.64224000000104,130726.58432,130764.22656,37.64224000000104,3,3.6223439926363934,RankSurprise
microPPN_R_7-8+,1,131179.1104,131220.11136,41.00096000000485,131179.1104,131220.11136,41.00096000000485,4,5.948998578275734,RankSurprise
microPPN_R_7-8+,1,141512.4992,141523.51744,11.01824000000488,141512.4992,141523.51744,11.01824000000488,3,6.172372978332769,RankSurprise
microPPN_R_7-8+,1,146451.08736,146542.91968,91.8323199999868,146451.08736,146542.91968,91.8323199999868,5,6.2519864502231215,RankSurprise
microPPN_R_7-8+,1,147254.55872,147284.45952,29.900800000003073,147254.55872,147284.45952,29.900800000003073,3,4.122257758314792,RankSurprise
microPPN_R_7-8+,1,159980.50304,160066.19136,85.68831999998656,159980.50304,160066.19136,85.68831999998656,4,3.9667144153672,RankSurprise
microPPN_R_7-8+,1,174159.74912,174199.52128,39.772159999993164,174159.74912,174199.52128,39.772159999993164,3,3.5568409724071,RankSurprise
microPPN_R_7-8+,1,175872.49152,176099.04128,226.54975999999442,175872.49152,176099.04128,226.54975999999442,6,3.828371351882883,RankSurprise
microPPN_R_7-8+,1,205136.03584,205171.34336,35.307520000002114,205136.03584,205171.34336,35.307520000002114,3,3.760160085936466,RankSurprise
microPPN_R_7-8+,1,208572.78464,208609.19808,36.4134400000039,208572.78464,208609.19808,36.4134400000039,3,3.685151177749434,RankSurprise
microPPN_R_7-8+,1,209697.792,209736.78592,38.993920000008075,209697.792,209736.78592,38.993920000008075,3,3.566068221349589,RankSurprise
microPPN_R_7-8+,1,219655.08608,219662.1312,7.045119999995222,219655.08608,219662.1312,7.045119999995222,3,6.808232984852365,RankSurprise
microPPN_R_7-8+,1,258335.90784,258371.46112,35.55327999999281,258335.90784,258371.46112,35.55327999999281,3,3.7652621378203612,RankSurprise
microPPN_R_7-8+,1,260877.23008,260914.01216,36.7820800000045,260877.23008,260914.01216,36.7820800000045,3,3.7098428870304847,RankSurprise
microPPN_R_7-8+,1,265122.24256,265249.66912,127.4265599999926,265122.24256,265249.66912,127.4265599999926,5,4.507923595215818,RankSurprise
microPPN_R_7-8+,1,266346.61888,266993.62304,647.0041599999531,266346.61888,266993.62304,647.0041599999531,12,5.767595873676306,RankSurprise
microPPN_R_7-8+,1,271756.6976,273325.8752,1569.1775999999954,271756.6976,273325.8752,1569.1775999999954,21,5.319968442274656,RankSurprise
microPPN_R_7-8+,1,275017.35936,275043.61472,26.255360000010114,275017.35936,275043.61472,26.255360000010114,3,4.375844369347812,RankSurprise
microPPN_R_7-8+,1,289866.9568,290010.07104,143.11424000002444,289866.9568,290010.07104,143.11424000002444,5,4.934650361644241,RankSurprise
microPPN_R_7-8+,1,316692.43904,317550.63296,858.1939199999906,316692.43904,317550.63296,858.1939199999906,12,4.636244046942407,RankSurprise
microPPN_R_7-8+,1,320490.2912,320637.82912,147.5379200000316,320490.2912,320637.82912,147.5379200000316,6,5.842422857496558,RankSurprise
microPPN_R_7-8+,1,323424.62464,323537.38752,112.76287999999477,323424.62464,323537.38752,112.76287999999477,6,6.667213289874411,RankSurprise
microPPN_R_7-8+,1,325920.3584,325947.47392,27.115519999992102,325920.3584,325947.47392,27.115519999992102,3,4.294338798191113,RankSurprise
microPPN_R_7-8+,1,327228.12928,327296.69632,68.56703999999445,327228.12928,327296.69632,68.56703999999445,4,4.394184350504908,RankSurprise
microPPN_R_7-8+,1,330401.21856,330532.98688,131.76831999997376,330401.21856,330532.98688,131.76831999997376,5,4.298842637276209,RankSurprise
microPPN_R_7-8+,1,335315.72224,335343.86176,28.139520000026096,335315.72224,335343.86176,28.139520000026096,3,4.153027668829123,RankSurprise
microPPN_R_7-8+,1,336741.33504,337017.89696,276.5619200000074,336741.33504,337017.89696,276.5619200000074,8,5.368208576834664,RankSurprise
microPPN_R_7-8+,1,337344.75776,337833.53344,488.77568000002066,337344.75776,337833.53344,488.77568000002066,9,4.815306248797936,RankSurprise
microPPN_R_7-8+,1,338227.97824,338339.14368,111.16543999995338,338227.97824,338339.14368,111.16543999995338,5,5.055871873255345,RankSurprise
microPPN_R_7-8+,1,339643.31008,339705.56928,62.259199999971315,339643.31008,339705.56928,62.259199999971315,4,4.743609772904058,RankSurprise
microPPN_R_7-8+,1,345428.91008,346611.42528,1182.5152000000235,345428.91008,346611.42528,1182.5152000000235,21,10.105050481643005,RankSurprise
microPPN_R_7-8+,1,347504.72192,348479.81568,975.0937600000179,347504.72192,348479.81568,975.0937600000179,17,8.309135724747325,RankSurprise
microPPN_R_7-8+,1,349973.05344,350435.69664,462.64319999999134,349973.05344,350435.69664,462.64319999999134,13,8.73440574004858,RankSurprise
microPPN_R_7-8+,1,351481.15968,351513.47712,32.31744000001345,351481.15968,351513.47712,32.31744000001345,3,3.986512159646866,RankSurprise
microPPN_R_7-8+,1,352029.2864,352160.07168,130.78528000001097,352029.2864,352160.07168,130.78528000001097,7,8.160867533221499,RankSurprise
microPPN_R_7-8+,1,354058.6496,354304.24576,245.59616000001552,354058.6496,354304.24576,245.59616000001552,7,4.996369178948812,RankSurprise
microPPN_R_7-8+,1,355627.78624,355848.51968,220.73344000004,355627.78624,355848.51968,220.73344000004,6,3.940434498103941,RankSurprise
microPPN_R_7-8+,1,356440.02304,357776.75264,1336.7296000000206,356440.02304,357776.75264,1336.7296000000206,22,9.312995049904686,RankSurprise
microPPN_R_7-8+,1,361025.90464,361059.36896,33.46431999997003,361025.90464,361059.36896,33.46431999997003,3,3.8222609097490565,RankSurprise
microPPN_R_7-8+,1,362006.528,364208.70144,2202.173439999984,362006.528,364208.70144,2202.173439999984,37,13.949144169131875,RankSurprise
microPPN_R_7-8+,1,364741.34528,365900.10368,1158.7583999999915,364741.34528,365900.10368,1158.7583999999915,18,7.493661765040029,RankSurprise
microPPN_R_7-8+,1,366466.37568,367823.99488,1357.6192000000156,366466.37568,367823.99488,1357.6192000000156,22,8.216846624401688,RankSurprise
microPPN_R_7-8+,1,371166.69952,371261.6448,94.94527999998536,371166.69952,371261.6448,94.94527999998536,5,5.458798071419032,RankSurprise
microPPN_R_7-8+,1,372922.85952,374164.2752,1241.4156799999764,372922.85952,374164.2752,1241.4156799999764,20,6.714849598504533,RankSurprise
microPPN_R_7-8+,1,375161.11872,376203.71456,1042.5958399999654,375161.11872,376203.71456,1042.5958399999654,18,7.929774079878815,RankSurprise
microPPN_R_7-8+,1,381643.89888,383124.43904,1480.5401600000332,381643.89888,383124.43904,1480.5401600000332,22,7.372714241577734,RankSurprise
microPPN_R_7-8+,1,385035.63264,385326.08,290.447359999991,385035.63264,385326.08,290.447359999991,6,4.067078087875707,RankSurprise
microPPN_R_7-8+,1,395807.9488,395837.0304,29.08159999997588,395807.9488,395837.0304,29.08159999997588,4,6.894490170508426,RankSurprise
microPPN_R_7-8+,1,396898.26304,396962.03776,63.7747199999867,396898.26304,396962.03776,63.7747199999867,7,12.228158685745832,RankSurprise
microPPN_R_7-8+,1,400337.42848,400364.99456,27.5660800000187,400337.42848,400364.99456,27.5660800000187,3,4.222435437607473,RankSurprise
microPPN_R_7-8+,1,403080.72448,403846.47168,765.7472000000416,403080.72448,403846.47168,765.7472000000416,14,6.116886077967051,RankSurprise
microPPN_R_7-8+,1,408940.70784,409018.20416,77.49632000003476,408940.70784,409018.20416,77.49632000003476,4,4.192970218355562,RankSurprise
microVoSTN_R_1-2+,1,6614.6304,6727.96672,113.33632000000034,6614.6304,6727.96672,113.33632000000034,4,4.651740054728606,RankSurprise
microVoSTN_R_1-2+,1,10204.28288,10587.79136,383.5084799999986,10204.28288,10587.79136,383.5084799999986,7,5.557595651747973,RankSurprise
microVoSTN_R_1-2+,1,13111.95136,13145.9072,33.955840000000535,13111.95136,13145.9072,33.955840000000535,3,4.976829402496914,RankSurprise
microVoSTN_R_1-2+,1,26570.91584,26829.78304,258.86719999999696,26570.91584,26829.78304,258.86719999999696,5,3.930574932061141,RankSurprise
microVoSTN_R_1-2+,1,32408.00256,32706.72384,298.72127999999793,32408.00256,32706.72384,298.72127999999793,6,4.784277342158063,RankSurprise
microVoSTN_R_1-2+,1,38527.34464,39232.14336,704.7987199999989,38527.34464,39232.14336,704.7987199999989,9,4.4111658941909955,RankSurprise
microVoSTN_R_1-2+,1,49356.43136,49374.0032,17.571839999996882,49356.43136,49374.0032,17.571839999996882,3,6.715783480275116,RankSurprise
microVoSTN_R_1-2+,1,53080.22784,53144.61696,64.38911999999982,53080.22784,53144.61696,64.38911999999982,3,3.5552263255345498,RankSurprise
microVoSTN_R_1-2+,1,62299.79136,63556.85376,1257.0623999999953,62299.79136,63556.85376,1257.0623999999953,13,5.327567715615476,RankSurprise
microVoSTN_R_1-2+,1,69211.01312,69216.0512,5.038079999998445,69211.01312,69216.0512,5.038079999998445,4,15.169497980892013,RankSurprise
microVoSTN_R_1-2+,1,69851.46368,69918.96576,67.50208000000566,69851.46368,69918.96576,67.50208000000566,4,6.146068006526754,RankSurprise
microVoSTN_R_1-2+,1,70765.24032,70949.35552,184.1152000000002,70765.24032,70949.35552,184.1152000000002,5,5.007935987332342,RankSurprise
microVoSTN_R_1-2+,1,71341.38368,71806.68928,465.30560000000696,71341.38368,71806.68928,465.30560000000696,8,5.973656818854836,RankSurprise
microVoSTN_R_1-2+,1,76023.6032,76095.20128,71.59807999999612,76023.6032,76095.20128,71.59807999999612,3,3.5284879115772263,RankSurprise
microVoSTN_R_1-2+,1,76627.64032,76705.62816,77.98783999998705,76627.64032,76705.62816,77.98783999998705,4,5.73108348776514,RankSurprise
microVoSTN_R_1-2+,1,80144.62976,80162.65216,18.022400000001653,80144.62976,80162.65216,18.022400000001653,3,6.379653065568016,RankSurprise
microVoSTN_R_1-2+,1,80925.12256,81704.01792,778.895359999995,80925.12256,81704.01792,778.895359999995,11,6.603910815952157,RankSurprise
microVoSTN_R_1-2+,1,85789.53216,85845.97504,56.44288000000233,85789.53216,85845.97504,56.44288000000233,3,3.8883566176812447,RankSurprise
microVoSTN_R_1-2+,1,92941.47584,92987.88352,46.40768000000389,92941.47584,92987.88352,46.40768000000389,3,4.26512020407691,RankSurprise
microVoSTN_R_1-2+,1,93803.02848,93857.66912,54.640640000012354,93803.02848,93857.66912,54.640640000012354,3,3.9398893928755534,RankSurprise
microVoSTN_R_1-2+,1,103449.64096,104898.39616,1448.7551999999996,103449.64096,104898.39616,1448.7551999999996,14,4.0810768614844495,RankSurprise
microVoSTN_R_1-2+,1,105496.576,105923.46112,426.8851200000063,105496.576,105923.46112,426.8851200000063,6,3.6874646849462316,RankSurprise
microVoSTN_R_1-2+,1,117620.65408,118019.44064,398.78656000000774,117620.65408,118019.44064,398.78656000000774,6,3.765084943944951,RankSurprise
microVoSTN_R_1-2+,1,119011.36896,120495.39072,1484.0217599999887,119011.36896,120495.39072,1484.0217599999887,13,3.5954053717265326,RankSurprise
microVoSTN_R_1-2+,1,126707.42528,126766.73536,59.3100800000102,126707.42528,126766.73536,59.3100800000102,3,3.741276239551663,RankSurprise
microVoSTN_R_1-2+,1,128888.54528,129664.24576,775.7004799999995,128888.54528,129664.24576,775.7004799999995,12,7.715001582530564,RankSurprise
microVoSTN_R_1-2+,1,147794.65728,147978.89536,184.23807999998098,147794.65728,147978.89536,184.23807999998098,4,3.5217167066067177,RankSurprise
microVoSTN_R_1-2+,1,151774.49472,152407.08096,632.5862400000042,151774.49472,152407.08096,632.5862400000042,8,3.9996153028258905,RankSurprise
microVoSTN_R_1-2+,1,171013.65248,171771.24864,757.5961600000155,171013.65248,171771.24864,757.5961600000155,9,4.541873623599589,RankSurprise
microVoSTN_R_1-2+,1,173265.96096,173321.58464,55.62367999998969,173265.96096,173321.58464,55.62367999998969,3,3.8443295737407066,RankSurprise
microVoSTN_R_1-2+,1,174097.73568,174133.28896,35.55327999999281,174097.73568,174133.28896,35.55327999999281,3,4.891024742208014,RankSurprise
microVoSTN_R_1-2+,1,177535.09888,178180.58752,645.4886399999959,177535.09888,178180.58752,645.4886399999959,10,6.541526195922714,RankSurprise
microVoSTN_R_1-2+,1,180873.99424,181156.90496,282.9107200000144,180873.99424,181156.90496,282.9107200000144,5,3.5458050558618552,RankSurprise
microVoSTN_R_1-2+,1,191881.33888,191943.35232,62.01344000000972,191881.33888,191943.35232,62.01344000000972,3,3.8443295737407066,RankSurprise
microVoSTN_R_1-2+,1,200023.36768,200290.01728,266.6496000000043,200023.36768,200290.01728,266.6496000000043,5,3.657400347811503,RankSurprise
microVoSTN_R_1-2+,1,208198.2464,208520.8064,322.5599999999977,208198.2464,208520.8064,322.5599999999977,6,4.616699295654771,RankSurprise
microVoSTN_R_1-2+,1,209406.44352,209454.77632,48.33280000000377,209406.44352,209454.77632,48.33280000000377,3,4.212086603504025,RankSurprise
microVoSTN_R_1-2+,1,215694.90944,215735.9104,41.00096000000485,215694.90944,215735.9104,41.00096000000485,3,4.509825222970143,RankSurprise
microVoSTN_R_1-2+,1,229112.6272,229382.47168,269.84447999999975,229112.6272,229382.47168,269.84447999999975,5,3.85364942744323,RankSurprise
microVoSTN_R_1-2+,1,230752.41984,230858.83392,106.41408000001684,230752.41984,230858.83392,106.41408000001684,4,4.7124505047071,RankSurprise
microVoSTN_R_1-2+,1,249619.61984,249683.968,64.3481599999941,249619.61984,249683.968,64.3481599999941,3,3.7770447835181997,RankSurprise
microVoSTN_R_1-2+,1,257568.89088,257580.4416,11.550719999999274,257568.89088,257580.4416,11.550719999999274,3,7.431046282298734,RankSurprise
microVoSTN_R_1-2+,1,258448.75264,258472.67328,23.920639999996638,258448.75264,258472.67328,23.920639999996638,5,13.86265691613098,RankSurprise
microVoSTN_R_1-2+,1,262283.14112,262825.20576,542.0646399999969,262283.14112,262825.20576,542.0646399999969,7,3.6967604523227924,RankSurprise
microVoSTN_R_1-2+,1,270411.12064,270696.69376,285.5731200000155,270411.12064,270696.69376,285.5731200000155,5,3.847558824213838,RankSurprise
microVoSTN_R_1-2+,1,273256.12032,273790.1568,534.0364800000098,273256.12032,273790.1568,534.0364800000098,7,4.0334191397808645,RankSurprise
microVoSTN_R_1-2+,1,282575.54432,282736.96768,161.42336000001524,282575.54432,282736.96768,161.42336000001524,4,3.5285974496007206,RankSurprise
microVoSTN_R_1-2+,1,293755.37152,293799.69024,44.31872000003932,293755.37152,293799.69024,44.31872000003932,3,4.367505159622171,RankSurprise
microVoSTN_R_1-2+,1,325649.89952,325807.22688,157.32735999999568,325649.89952,325807.22688,157.32735999999568,4,3.7353302462988047,RankSurprise
microVoSTN_R_1-2+,1,326587.63776,326641.8688,54.231039999984205,326587.63776,326641.8688,54.231039999984205,3,4.067879546519563,RankSurprise
microVoSTN_R_1-2+,1,341493.76,341549.30176,55.54175999999279,341493.76,341549.30176,55.54175999999279,3,3.9464253638553384,RankSurprise
microVoSTN_R_1-2+,1,342387.54816,342421.46304,33.91487999999663,342387.54816,342421.46304,33.91487999999663,3,4.933466951847343,RankSurprise
microVoSTN_R_1-2+,1,344387.87072,344542.37184,154.5011199999717,344387.87072,344542.37184,154.5011199999717,4,3.779940779408033,RankSurprise
microVoSTN_R_1-2+,1,345972.44928,345994.81344,22.364159999997355,345972.44928,345994.81344,22.364159999997355,3,5.909191665657385,RankSurprise
microVoSTN_R_1-2+,1,360263.92576,360321.024,57.09823999996297,360263.92576,360321.024,57.09823999996297,3,3.9927851825190395,RankSurprise
microVoSTN_R_1-2+,1,373480.32512,373767.33184,287.00672000000486,373480.32512,373767.33184,287.00672000000486,5,3.548627922944558,RankSurprise
microVoSTN_R_1-2+,1,388742.02112,388807.22944,65.20832000003429,388742.02112,388807.22944,65.20832000003429,3,3.6602230098837367,RankSurprise
microVoSTN_R_1-2+,2,28252.03712,28889.4976,637.4604799999979,28252.03712,28889.4976,637.4604799999979,5,3.576023554045019,RankSurprise
microVoSTN_R_1-2+,2,31744.16384,32710.73792,966.5740799999985,31744.16384,32710.73792,966.5740799999985,7,4.102894813797303,RankSurprise
microVoSTN_R_1-2+,2,51918.68416,52254.22848,335.5443200000009,51918.68416,52254.22848,335.5443200000009,4,3.6015758008392567,RankSurprise
microVoSTN_R_1-2+,2,67983.44192,68314.9312,331.4892800000089,67983.44192,68314.9312,331.4892800000089,5,5.378958823710331,RankSurprise
microVoSTN_R_1-2+,2,73691.38176,74601.96352,910.5817600000009,73691.38176,74601.96352,910.5817600000009,6,3.5886418618385942,RankSurprise
microVoSTN_R_1-2+,2,137786.24512,140330.02496,2543.779840000003,137786.24512,140330.02496,2543.779840000003,12,4.077094076784063,RankSurprise
microVoSTN_R_1-2+,2,144093.51168,148429.66016,4336.1484800000035,144093.51168,148429.66016,4336.1484800000035,19,5.563287353612641,RankSurprise
microVoSTN_R_1-2+,2,152003.70688,152650.50624,646.7993599999754,152003.70688,152650.50624,646.7993599999754,5,3.7494443220310743,RankSurprise
microVoSTN_R_1-2+,2,210726.21568,213097.39008,2371.174400000018,210726.21568,213097.39008,2371.174400000018,12,5.361952818905782,RankSurprise
microVoSTN_R_1-2+,2,229458.49344,230897.99168,1439.4982400000154,229458.49344,230897.99168,1439.4982400000154,9,5.171148296755138,RankSurprise
microVoSTN_R_1-2+,2,233649.47968,233851.2896,201.8099199999997,233649.47968,233851.2896,201.8099199999997,5,7.210607251384914,RankSurprise
microVoSTN_R_1-2+,2,236751.50336,236887.40864,135.90528000000631,236751.50336,236887.40864,135.90528000000631,3,3.6691206855050726,RankSurprise
microVoSTN_R_1-2+,2,237734.99392,238534.41024,799.4163199999894,237734.99392,238534.41024,799.4163199999894,6,4.061634800596345,RankSurprise
microVoSTN_R_1-2+,2,247589.92896,247660.544,70.61504000000423,247589.92896,247660.544,70.61504000000423,3,4.892194608855698,RankSurprise
microVoSTN_R_1-2+,2,257245.47072,257785.6512,540.1804799999809,257245.47072,257785.6512,540.1804799999809,6,5.259419621869704,RankSurprise
microVoSTN_R_1-2+,2,259973.81632,260855.35744,881.5411199999799,259973.81632,260855.35744,881.5411199999799,8,6.621502160147859,RankSurprise
microVoSTN_R_1-2+,2,269493.49376,269822.52544,329.0316800000146,269493.49376,269822.52544,329.0316800000146,4,3.6381172010855707,RankSurprise
microVoSTN_R_1-2+,2,272606.90432,273198.57152,591.6672000000253,272606.90432,273198.57152,591.6672000000253,5,3.541063297038068,RankSurprise
microVoSTN_R_1-2+,2,277948.33408,278822.33856,874.0044800000032,277948.33408,278822.33856,874.0044800000032,7,4.53281770783811,RankSurprise
microVoSTN_R_1-2+,2,301287.17824,301530.68544,243.50719999999274,301287.17824,301530.68544,243.50719999999274,4,4.481623909516614,RankSurprise
microVoSTN_R_1-2+,2,318171.25888,318319.32928,148.07040000002598,318171.25888,318319.32928,148.07040000002598,4,5.644932854591531,RankSurprise
microVoSTN_R_1-2+,2,332399.616,332469.82144,70.20544000004884,332399.616,332469.82144,70.20544000004884,3,4.706489348932465,RankSurprise
microVoSTN_R_1-2+,2,334459.94496,334475.264,15.319040000031237,334459.94496,334475.264,15.319040000031237,3,8.006411426337564,RankSurprise
microVoSTN_R_1-2+,2,355156.95104,355182.87872,25.92767999996431,355156.95104,355182.87872,25.92767999996431,3,6.698078606687385,RankSurprise
microVoSTN_R_1-2+,2,372823.77728,373147.60704,323.82975999999326,372823.77728,373147.60704,323.82975999999326,4,3.544019857979322,RankSurprise
microVoSTN_R_1-2+,4,14585.11872,14741.2992,156.18047999999908,14585.11872,14741.2992,156.18047999999908,4,4.601977602169271,RankSurprise
microVoSTN_R_1-2+,4,17603.46112,18371.70688,768.2457600000016,17603.46112,18371.70688,768.2457600000016,8,5.432983215141103,RankSurprise
microVoSTN_R_1-2+,4,37279.58016,39427.23584,2147.6556800000035,37279.58016,39427.23584,2147.6556800000035,18,7.246696370135565,RankSurprise
microVoSTN_R_1-2+,4,44800.49152,45091.18464,290.69311999999627,44800.49152,45091.18464,290.69311999999627,6,6.282965162492893,RankSurprise
microVoSTN_R_1-2+,4,54116.72064,54167.83872,51.11808000000019,54116.72064,54167.83872,51.11808000000019,3,4.531422937348307,RankSurprise
microVoSTN_R_1-2+,4,73590.1696,75246.87872,1656.7091199999995,73590.1696,75246.87872,1656.7091199999995,11,3.644766039329256,RankSurprise
microVoSTN_R_1-2+,4,79099.16672,80347.05408,1247.887360000008,79099.16672,80347.05408,1247.887360000008,15,10.249002265580488,RankSurprise
microVoSTN_R_1-2+,4,97871.62624,98143.27296,271.6467200000043,97871.62624,98143.27296,271.6467200000043,5,4.729701622365898,RankSurprise
microVoSTN_R_1-2+,4,99398.98368,99771.35104,372.3673599999893,99398.98368,99771.35104,372.3673599999893,6,5.3107231825500065,RankSurprise
microVoSTN_R_1-2+,4,101412.61824,102740.5824,1327.9641600000032,101412.61824,102740.5824,1327.9641600000032,10,3.7290124080115046,RankSurprise
microVoSTN_R_1-2+,4,129920.32768,129973.94432,53.61663999999291,129920.32768,129973.94432,53.61663999999291,3,4.433543162982351,RankSurprise
microVoSTN_R_1-2+,4,154689.3312,154750.3616,61.030400000017835,154689.3312,154750.3616,61.030400000017835,3,4.240209372115055,RankSurprise
microVoSTN_R_1-2+,4,157081.72288,157237.4528,155.7299200000125,157081.72288,157237.4528,155.7299200000125,4,4.651683066867374,RankSurprise
microVoSTN_R_1-2+,4,160316.08832,160541.77792,225.68959999998333,160316.08832,160541.77792,225.68959999998333,5,5.382172650895164,RankSurprise
microVoSTN_R_1-2+,4,161678.99136,161857.45408,178.46271999998135,161678.99136,161857.45408,178.46271999998135,4,4.127475859393318,RankSurprise
microVoSTN_R_1-2+,4,169536.02048,169576.81664,40.79615999999805,169536.02048,169576.81664,40.79615999999805,3,5.211914687695527,RankSurprise
microVoSTN_R_1-2+,4,172506.97216,172596.75648,89.78432000000612,172506.97216,172596.75648,89.78432000000612,3,3.726766729199378,RankSurprise
microVoSTN_R_1-2+,4,174756.82304,174823.91552,67.09248000002117,174756.82304,174823.91552,67.09248000002117,4,7.219971041885014,RankSurprise
microVoSTN_R_1-2+,4,202245.44768,202281.61536,36.1676799999841,202245.44768,202281.61536,36.1676799999841,3,5.043035033824911,RankSurprise
microVoSTN_R_1-2+,4,214048.3584,214215.8848,167.52640000000247,214048.3584,214215.8848,167.52640000000247,4,4.319889808558859,RankSurprise
microVoSTN_R_1-2+,4,224284.54912,224305.3568,20.807679999998072,224284.54912,224305.3568,20.807679999998072,3,6.192899208155746,RankSurprise
microVoSTN_R_1-2+,4,244770.4064,245934.8992,1164.4928000000073,244770.4064,245934.8992,1164.4928000000073,9,3.5306839399909213,RankSurprise
microVoSTN_R_1-2+,4,249303.61344,249597.05088,293.4374400000088,249303.61344,249597.05088,293.4374400000088,5,4.4068191608804135,RankSurprise
microVoSTN_R_1-2+,4,250277.39648,251106.67264,829.2761600000085,250277.39648,251106.67264,829.2761600000085,8,4.306723898206866,RankSurprise
microVoSTN_R_1-2+,4,254923.69408,255000.12544,76.43136000001687,254923.69408,255000.12544,76.43136000001687,3,3.892801678633502,RankSurprise
microVoSTN_R_1-2+,4,262823.15776,263142.89152,319.7337600000319,262823.15776,263142.89152,319.7337600000319,5,4.259472573666137,RankSurprise
microVoSTN_R_1-2+,4,276743.70048,276938.9568,195.25631999998586,276743.70048,276938.9568,195.25631999998586,4,3.8519470654767822,RankSurprise
microVoSTN_R_1-2+,4,292380.18048,292581.7856,201.605120000022,292380.18048,292581.7856,201.605120000022,4,3.8300889969351566,RankSurprise
microVoSTN_R_1-2+,4,296003.54304,296022.26176,18.718720000004396,296003.54304,296022.26176,18.718720000004396,3,6.470282528406953,RankSurprise
microVoSTN_R_1-2+,4,309102.75584,309288.09984,185.34399999998277,309102.75584,309288.09984,185.34399999998277,4,4.0975652631452135,RankSurprise
microVoSTN_R_1-2+,4,318235.36128,318444.9536,209.5923199999961,318235.36128,318444.9536,209.5923199999961,4,3.6555901141811056,RankSurprise
microVoSTN_R_1-2+,4,320228.7616,320246.21056,17.448959999950603,320228.7616,320246.21056,17.448959999950603,3,6.572006676421395,RankSurprise
microVoSTN_R_1-2+,4,326500.92544,326515.26144,14.335999999952037,326500.92544,326515.26144,14.335999999952037,3,7.224259269814688,RankSurprise
microVoSTN_R_1-2+,4,338070.69184,338114.9696,44.27776000002632,338070.69184,338114.9696,44.27776000002632,3,4.756829266941198,RankSurprise
microVoSTN_R_1-2+,4,341767.70048,342950.17472,1182.4742400000105,341767.70048,342950.17472,1182.4742400000105,10,4.827438513583625,RankSurprise
microVoSTN_R_1-2+,4,344812.3392,345499.4432,687.1039999999921,344812.3392,345499.4432,687.1039999999921,7,3.8053123734809406,RankSurprise
microVoSTN_R_1-2+,4,358478.39744,358947.79904,469.40160000004107,358478.39744,358947.79904,469.40160000004107,6,4.364353017439019,RankSurprise
microVoSTN_R_1-2+,4,362808.81152,362834.57536,25.763840000028722,362808.81152,362834.57536,25.763840000028722,3,5.874332552865672,RankSurprise
microVoSTN_R_1-2+,4,373815.25504,375338.31168,1523.0566399999661,373815.25504,375338.31168,1523.0566399999661,12,5.6066355098280765,RankSurprise
microVoSTN_R_1-2+,4,390438.05184,390501.5808,63.52896000002511,390438.05184,390501.5808,63.52896000002511,3,4.374714883491132,RankSurprise
microVoSTN_R_1-2+,4,406262.3744,406620.16,357.7856000000029,406262.3744,406620.16,357.7856000000029,5,3.6687858229367762,RankSurprise
microVoSTN_R_1-3+,0,16479.19104,16507.904,28.71295999999711,16479.19104,16507.904,28.71295999999711,3,4.361752693484863,RankSurprise
microVoSTN_R_1-3+,0,19661.78304,19683.1232,21.34016000000338,19661.78304,19683.1232,21.34016000000338,3,5.0824979027247466,RankSurprise
microVoSTN_R_1-3+,0,33137.99168,33163.30496,25.313280000002123,33137.99168,33163.30496,25.313280000002123,3,4.745677346740921,RankSurprise
microVoSTN_R_1-3+,0,35622.33856,35718.7584,96.4198400000023,35622.33856,35718.7584,96.4198400000023,5,5.76635033013671,RankSurprise
microVoSTN_R_1-3+,0,37195.73504,37510.92224,315.1872000000003,37195.73504,37510.92224,315.1872000000003,9,6.271592011946976,RankSurprise
microVoSTN_R_1-3+,0,47155.77344,47466.496,310.722560000002,47155.77344,47466.496,310.722560000002,8,4.6354314756585575,RankSurprise
microVoSTN_R_1-3+,0,48844.10368,48925.2864,81.18271999999706,48844.10368,48925.2864,81.18271999999706,4,4.034713407101268,RankSurprise
microVoSTN_R_1-3+,0,52002.24256,52022.51776,20.27520000000368,52002.24256,52022.51776,20.27520000000368,3,5.147019834474548,RankSurprise
microVoSTN_R_1-3+,0,58630.144,59150.37696,520.2329600000012,58630.144,59150.37696,520.2329600000012,13,7.105248234296801,RankSurprise
microVoSTN_R_1-3+,0,65860.15744,66036.49024,176.33280000000377,65860.15744,66036.49024,176.33280000000377,6,4.694068214500626,RankSurprise
microVoSTN_R_1-3+,0,67856.9984,67942.35904,85.36063999999897,67856.9984,67942.35904,85.36063999999897,4,3.9415686288786596,RankSurprise
microVoSTN_R_1-3+,0,69196.92288,69308.29312,111.37024000000383,69196.92288,69308.29312,111.37024000000383,5,4.866877251544317,RankSurprise
microVoSTN_R_1-3+,0,70907.45344,71006.78144,99.32800000000861,70907.45344,71006.78144,99.32800000000861,4,3.5954686872836668,RankSurprise
microVoSTN_R_1-3+,0,80946.70848,80970.83392,24.125440000003437,80946.70848,80970.83392,24.125440000003437,3,4.7516475137274234,RankSurprise
microVoSTN_R_1-3+,0,83174.89152,83469.96736,295.0758399999904,83174.89152,83469.96736,295.0758399999904,11,10.106484382147277,RankSurprise
microVoSTN_R_1-3+,0,86670.5408,86684.63104,14.090239999990445,86670.5408,86684.63104,14.090239999990445,3,6.296541319196315,RankSurprise
microVoSTN_R_1-3+,0,97409.35168,97481.3184,71.96671999999671,97409.35168,97481.3184,71.96671999999671,4,4.391176347253175,RankSurprise
microVoSTN_R_1-3+,0,102220.47232,102245.70368,25.231360000005225,102220.47232,102245.70368,25.231360000005225,3,4.7576355555720475,RankSurprise
microVoSTN_R_1-3+,0,107198.09536,107211.3664,13.271039999992354,107198.09536,107211.3664,13.271039999992354,3,6.33575868086799,RankSurprise
microVoSTN_R_1-3+,0,111407.47264,111702.58944,295.11679999998887,111407.47264,111702.58944,295.11679999998887,7,3.77247798888731,RankSurprise
microVoSTN_R_1-3+,0,116137.7792,116577.85344,440.07424000000174,116137.7792,116577.85344,440.07424000000174,12,7.622368604462829,RankSurprise
microVoSTN_R_1-3+,0,120230.2976,120451.19488,220.89727999999013,120230.2976,120451.19488,220.89727999999013,7,5.193418596720452,RankSurprise
microVoSTN_R_1-3+,0,123126.66112,123204.15744,77.4963199999911,123126.66112,123204.15744,77.4963199999911,4,4.243470956351324,RankSurprise
microVoSTN_R_1-3+,0,150977.7408,151056.71168,78.97088000000804,150977.7408,151056.71168,78.97088000000804,4,4.138565109372074,RankSurprise
microVoSTN_R_1-3+,0,151416.17664,151457.95584,41.779200000019046,151416.17664,151457.95584,41.779200000019046,3,3.528803051090284,RankSurprise
microVoSTN_R_1-3+,0,152884.67456,153064.16128,179.48671999998624,152884.67456,153064.16128,179.48671999998624,6,4.549627424498128,RankSurprise
microVoSTN_R_1-3+,0,154672.00512,154771.53792,99.53280000001541,154672.00512,154771.53792,99.53280000001541,4,3.510657357220463,RankSurprise
microVoSTN_R_1-3+,0,156969.69728,157024.4608,54.7635200000077,156969.69728,157024.4608,54.7635200000077,4,5.386049752161352,RankSurprise
microVoSTN_R_1-3+,0,159130.8288,159166.99648,36.167680000013206,159130.8288,159166.99648,36.167680000013206,3,3.913989574400187,RankSurprise
microVoSTN_R_1-3+,0,167823.60576,167975.3216,151.71583999998984,167823.60576,167975.3216,151.71583999998984,5,3.7616566998952408,RankSurprise
microVoSTN_R_1-3+,0,182911.30368,182996.86912,85.56543999997666,182911.30368,182996.86912,85.56543999997666,4,3.924721405293088,RankSurprise
microVoSTN_R_1-3+,0,186300.08832,186397.16352,97.07519999999204,186300.08832,186397.16352,97.07519999999204,5,5.527473232814387,RankSurprise
microVoSTN_R_1-3+,0,187403.55072,187489.52576,85.97503999999026,187403.55072,187489.52576,85.97503999999026,4,3.8653134985525526,RankSurprise
microVoSTN_R_1-3+,0,189360.49664,189781.31968,420.8230399999884,189360.49664,189781.31968,420.8230399999884,10,5.9577911939227,RankSurprise
microVoSTN_R_1-3+,0,191524.49536,191579.91424,55.418880000011995,191524.49536,191579.91424,55.418880000011995,4,5.347239335765135,RankSurprise
microVoSTN_R_1-3+,0,197069.57824,197185.41312,115.83488000000943,197069.57824,197185.41312,115.83488000000943,5,4.833454183351847,RankSurprise
microVoSTN_R_1-3+,0,217225.99424,217661.72672,435.73248000000603,217225.99424,217661.72672,435.73248000000603,9,4.076857705854312,RankSurprise
microVoSTN_R_1-3+,0,218702.72512,218741.30944,38.58432000002358,218702.72512,218741.30944,38.58432000002358,3,3.758902318793144,RankSurprise
microVoSTN_R_1-3+,0,219323.55584,219498.45504,174.8992000000144,219323.55584,219498.45504,174.8992000000144,6,5.004306961476338,RankSurprise
microVoSTN_R_1-3+,0,220172.53376,220308.52096,135.9872000000032,220172.53376,220308.52096,135.9872000000032,5,4.5357487603701685,RankSurprise
microVoSTN_R_1-3+,0,221207.22432,221840.09728,632.8729599999788,221207.22432,221840.09728,632.8729599999788,11,3.8141788971987496,RankSurprise
microVoSTN_R_1-3+,0,224334.848,224393.29792,58.44992000001366,224334.848,224393.29792,58.44992000001366,5,7.88541531973361,RankSurprise
microVoSTN_R_1-3+,0,225883.7504,226767.54432,883.7939199999964,225883.7504,226767.54432,883.7939199999964,20,11.02025201741864,RankSurprise
microVoSTN_R_1-3+,0,227113.53344,227179.47904,65.94560000000638,227113.53344,227179.47904,65.94560000000638,4,4.738573646288071,RankSurprise
microVoSTN_R_1-3+,0,232129.7408,232161.85344,32.11264000000665,232129.7408,232161.85344,32.11264000000665,3,4.219343600084567,RankSurprise
microVoSTN_R_1-3+,0,234061.70112,234299.06432,237.3631999999925,234061.70112,234299.06432,237.3631999999925,7,5.253500017174926,RankSurprise
microVoSTN_R_1-3+,0,234526.59712,234796.07296,269.47583999999915,234526.59712,234796.07296,269.47583999999915,8,6.305511130824953,RankSurprise
microVoSTN_R_1-3+,0,235397.48864,235436.60544,39.116800000017975,235397.48864,235436.60544,39.116800000017975,3,3.71213756049581,RankSurprise
microVoSTN_R_1-3+,0,236169.25696,236788.16256,618.9055999999982,236169.25696,236788.16256,618.9055999999982,11,5.00493150842154,RankSurprise
microVoSTN_R_1-3+,0,238857.29792,239104.6144,247.3164799999795,238857.29792,239104.6144,247.3164799999795,7,4.749697133221253,RankSurprise
microVoSTN_R_1-3+,0,246105.45664,246246.8096,141.35296000001836,246105.45664,246246.8096,141.35296000001836,5,3.876029290219808,RankSurprise
microVoSTN_R_1-3+,0,249648.04608,249857.024,208.97792000000481,249648.04608,249857.024,208.97792000000481,7,6.639673675607362,RankSurprise
microVoSTN_R_1-3+,0,251631.45216,252151.97184,520.5196800000267,251631.45216,252151.97184,520.5196800000267,12,6.34201052126073,RankSurprise
microVoSTN_R_1-3+,0,255449.16992,255572.95104,123.78112000002875,255449.16992,255572.95104,123.78112000002875,6,6.474965108036287,RankSurprise
microVoSTN_R_1-3+,0,256573.89056,256745.22624,171.33567999998922,256573.89056,256745.22624,171.33567999998922,6,4.832884591184744,RankSurprise
microVoSTN_R_1-3+,0,258002.86208,258013.47072,10.608640000020387,258002.86208,258013.47072,10.608640000020387,3,7.625444551388288,RankSurprise
microVoSTN_R_1-3+,0,261855.4368,262143.3856,287.94880000001285,261855.4368,262143.3856,287.94880000001285,8,5.465426147162937,RankSurprise
microVoSTN_R_1-3+,0,263328.9728,263562.32192,233.34912000002805,263328.9728,263562.32192,233.34912000002805,6,4.062921199893854,RankSurprise
microVoSTN_R_1-3+,0,268903.91552,268933.3248,29.40928000002168,268903.91552,268933.3248,29.40928000002168,3,4.313147556469126,RankSurprise
microVoSTN_R_1-3+,0,274115.33824,274857.61536,742.2771199999843,274115.33824,274857.61536,742.2771199999843,21,14.420539506979592,RankSurprise
microVoSTN_R_1-3+,0,276872.76544,276911.43168,38.666239999991376,276872.76544,276911.43168,38.666239999991376,3,3.7661949491591944,RankSurprise
microVoSTN_R_1-3+,0,278293.05344,278333.97248,40.91904000000795,278293.05344,278333.97248,40.91904000000795,4,6.349724759622745,RankSurprise
microVoSTN_R_1-3+,0,286463.05792,286551.8592,88.80128000001423,286463.05792,286551.8592,88.80128000001423,4,3.8488879521889388,RankSurprise
microVoSTN_R_1-3+,0,293850.23488,293878.784,28.549119999981485,293850.23488,293878.784,28.549119999981485,3,4.381530387963487,RankSurprise
microVoSTN_R_1-3+,0,300111.2576,300274.4832,163.22560000000522,300111.2576,300274.4832,163.22560000000522,6,5.035177619497603,RankSurprise
microVoSTN_R_1-3+,0,309951.32416,310087.35232,136.0281599999871,309951.32416,310087.35232,136.0281599999871,5,4.183199918114084,RankSurprise
microVoSTN_R_1-3+,0,323916.30848,323958.9888,42.68031999998493,323916.30848,323958.9888,42.68031999998493,3,3.598116965918212,RankSurprise
microVoSTN_R_1-3+,0,326454.84544,326548.76672,93.92128000000957,326454.84544,326548.76672,93.92128000000957,5,5.6626407459608075,RankSurprise
microVoSTN_R_1-3+,0,327519.51872,327551.09888,31.580160000012256,327519.51872,327551.09888,31.580160000012256,3,4.129742838120599,RankSurprise
microVoSTN_R_1-3+,0,328013.94688,328076.53376,62.58688000001712,328013.94688,328076.53376,62.58688000001712,4,4.85082627094928,RankSurprise
microVoSTN_R_1-3+,0,328380.78464,328516.44416,135.65951999998651,328380.78464,328516.44416,135.65951999998651,5,4.266919183128703,RankSurprise
microVoSTN_R_1-3+,0,341931.17184,343532.46208,1601.290240000002,341931.17184,343532.46208,1601.290240000002,24,6.302640307016222,RankSurprise
microVoSTN_R_1-3+,0,343877.67296,344203.42784,325.75488000002224,343877.67296,344203.42784,325.75488000002224,9,6.235526514235584,RankSurprise
microVoSTN_R_1-3+,0,351054.848,351069.88032,15.032319999998435,351054.848,351069.88032,15.032319999998435,3,5.888147951309062,RankSurprise
microVoSTN_R_1-3+,0,367595.76576,367635.0464,39.28064000001177,367595.76576,367635.0464,39.28064000001177,3,3.683893468044584,RankSurprise
microVoSTN_R_1-3+,0,384437.00224,385920.90112,1483.8988799999934,384437.00224,385920.90112,1483.8988799999934,29,11.611946721663065,RankSurprise
microVoSTN_R_1-3+,0,386916.9664,387663.33952,746.3731200000038,386916.9664,387663.33952,746.3731200000038,16,8.035111418549521,RankSurprise
microVoSTN_R_1-3+,0,387940.67968,389182.464,1241.784319999977,387940.67968,389182.464,1241.784319999977,22,6.889720442463785,RankSurprise
microVoSTN_R_1-3+,0,390328.15616,392175.98464,1847.8284799999674,390328.15616,392175.98464,1847.8284799999674,29,7.059981990960711,RankSurprise
microVoSTN_R_1-3+,0,392902.12352,392969.37984,67.25631999998586,392902.12352,392969.37984,67.25631999998586,4,4.609190054782157,RankSurprise
microVoSTN_R_1-3+,0,398914.9696,398945.40288,30.433279999997467,398914.9696,398945.40288,30.433279999997467,3,4.327605471742844,RankSurprise
microVoSTN_R_1-3+,0,407473.88928,407508.54144,34.65215999999782,407473.88928,407508.54144,34.65215999999782,3,3.9100602962602977,RankSurprise
microVoSTN_R_1-3+,0,411266.53952,411357.92128,91.3817600000184,411266.53952,411357.92128,91.3817600000184,4,3.78636154205968,RankSurprise
microVoSTN_R_1-3+,1,21810.46272,21820.78464,10.321920000002137,21810.46272,21820.78464,10.321920000002137,3,8.46756548362259,RankSurprise
microVoSTN_R_1-3+,1,42129.08032,42213.70368,84.62335999999777,42129.08032,42213.70368,84.62335999999777,3,4.411973907697721,RankSurprise
microVoSTN_R_1-3+,1,48763.53536,48862.86336,99.32800000000134,48763.53536,48862.86336,99.32800000000134,3,3.990029326972884,RankSurprise
microVoSTN_R_1-3+,1,59958.35392,60122.80832,164.45439999999508,59958.35392,60122.80832,164.45439999999508,4,5.144688451413366,RankSurprise
microVoSTN_R_1-3+,1,61293.81376,62791.59808,1497.7843200000061,61293.81376,62791.59808,1497.7843200000061,10,4.616830360899639,RankSurprise
microVoSTN_R_1-3+,1,64202.87488,64242.8928,40.01791999999841,64202.87488,64242.8928,40.01791999999841,3,5.707851686332631,RankSurprise
microVoSTN_R_1-3+,1,66259.3536,66559.42656,300.07296000000497,66259.3536,66559.42656,300.07296000000497,4,3.543836471553089,RankSurprise
microVoSTN_R_1-3+,1,68034.7648,68157.6448,122.8799999999901,68034.7648,68157.6448,122.8799999999901,4,5.944017610457816,RankSurprise
microVoSTN_R_1-3+,1,92914.688,94600.56064,1685.8726400000014,92914.688,94600.56064,1685.8726400000014,10,3.8399802747568086,RankSurprise
microVoSTN_R_1-3+,1,118768.64,118878.49472,109.854720000003,118768.64,118878.49472,109.854720000003,3,3.7615185030581184,RankSurprise
microVoSTN_R_1-3+,1,124274.03264,124391.54688,117.51423999998951,124274.03264,124391.54688,117.51423999998951,3,3.6321193477185076,RankSurprise
microVoSTN_R_1-3+,1,126365.32736,126940.89728,575.569920000009,126365.32736,126940.89728,575.569920000009,6,4.618544284190694,RankSurprise
microVoSTN_R_1-3+,1,129762.46784,130513.87904,751.4112000000023,129762.46784,130513.87904,751.4112000000023,6,3.814325245889162,RankSurprise
microVoSTN_R_1-3+,1,135079.44448,135534.14144,454.6969600000011,135079.44448,135534.14144,454.6969600000011,5,3.999756562155561,RankSurprise
microVoSTN_R_1-3+,1,161877.72928,162056.3968,178.66751999998814,161877.72928,162056.3968,178.66751999998814,6,9.984657964729077,RankSurprise
microVoSTN_R_1-3+,1,162511.74912,162599.1168,87.36767999999574,162511.74912,162599.1168,87.36767999999574,3,4.133375520468347,RankSurprise
microVoSTN_R_1-3+,1,209739.48928,211811.86048,2072.371199999994,209739.48928,211811.86048,2072.371199999994,14,6.398059820536015,RankSurprise
microVoSTN_R_1-3+,1,230084.4032,230104.55552,20.15231999999378,230084.4032,230104.55552,20.15231999999378,3,6.803506486708263,RankSurprise
microVoSTN_R_1-3+,1,249549.66016,249627.68896,78.02880000000005,249549.66016,249627.68896,78.02880000000005,3,4.342035856556283,RankSurprise
microVoSTN_R_1-3+,1,268028.80512,268143.12448,114.31936000002315,268028.80512,268143.12448,114.31936000002315,3,3.67105024779919,RankSurprise
microVoSTN_R_1-3+,1,271596.1344,272466.45248,870.3180799999973,271596.1344,272466.45248,870.3180799999973,7,4.04899212401674,RankSurprise
microVoSTN_R_1-3+,1,290111.32416,290236.6208,125.29663999995682,290111.32416,290236.6208,125.29663999995682,3,3.5472004594605693,RankSurprise
microVoSTN_R_1-3+,1,300204.97408,300260.92544,55.95136000000639,300204.97408,300260.92544,55.95136000000639,3,5.023256333314185,RankSurprise
microVoSTN_R_1-3+,1,315070.58688,315799.1424,728.5555199999944,315070.58688,315799.1424,728.5555199999944,8,6.861603159289552,RankSurprise
microVoSTN_R_1-3+,1,328969.78944,332405.30944,3435.5199999999604,328969.78944,332405.30944,3435.5199999999604,19,6.005493578201835,RankSurprise
microVoSTN_R_1-3+,1,337646.05952,337864.17152,218.1119999999646,337646.05952,337864.17152,218.1119999999646,4,4.440874958084432,RankSurprise
microVoSTN_R_1-3+,1,352104.77568,352224.95232,120.17663999996148,352104.77568,352224.95232,120.17663999996148,4,5.970684803896347,RankSurprise
microVoSTN_R_1-3+,1,356715.19232,356809.27744,94.08512000000337,356715.19232,356809.27744,94.08512000000337,3,4.0015901493739605,RankSurprise
microVoSTN_R_1-3+,1,357844.7872,358033.94048,189.15327999996953,357844.7872,358033.94048,189.15327999996953,4,4.8357318687678195,RankSurprise
microVoSTN_R_1-3+,1,371444.1216,371565.11744,120.99583999998868,371444.1216,371565.11744,120.99583999998868,3,3.67105024779919,RankSurprise
microVoSTN_R_1-3+,1,382523.14624,382640.08704,116.94080000004033,382523.14624,382640.08704,116.94080000004033,3,3.5472004594605693,RankSurprise
microVoSTN_R_1-3+,1,384538.2144,384656.67072,118.4563199999975,384538.2144,384656.67072,118.4563199999975,3,3.6908036152249117,RankSurprise
microVoSTN_R_1-3+,2,1404.27264,1430.1184,25.845760000000155,1404.27264,1430.1184,25.845760000000155,3,5.965809028306619,RankSurprise
microVoSTN_R_1-3+,2,17199.104,17262.05952,62.955519999999524,17199.104,17262.05952,62.955519999999524,3,3.7495162901413224,RankSurprise
microVoSTN_R_1-3+,2,19696.06656,19762.5856,66.51903999999922,19696.06656,19762.5856,66.51903999999922,3,3.6329185858172455,RankSurprise
microVoSTN_R_1-3+,2,28978.13504,29045.88288,67.74784,28978.13504,29045.88288,67.74784,3,3.562633017884181,RankSurprise
microVoSTN_R_1-3+,2,29870.6944,29978.33728,107.64287999999942,29870.6944,29978.33728,107.64287999999942,4,4.734936049681508,RankSurprise
microVoSTN_R_1-3+,2,42919.48544,42987.39712,67.91168000000471,42919.48544,42987.39712,67.91168000000471,3,3.638888752803748,RankSurprise
microVoSTN_R_1-3+,2,44059.40224,44126.57664,67.17439999999624,44059.40224,44126.57664,67.17439999999624,3,3.62696618728995,RankSurprise
microVoSTN_R_1-3+,2,48941.58848,49450.84416,509.25568000000203,48941.58848,49450.84416,509.25568000000203,8,4.945852386901464,RankSurprise
microVoSTN_R_1-3+,2,54503.71072,54550.24128,46.53055999999924,54503.71072,54550.24128,46.53055999999924,3,4.490593484999927,RankSurprise
microVoSTN_R_1-3+,2,63452.7744,63510.528,57.75359999999637,63452.7744,63510.528,57.75359999999637,3,4.026988314221795,RankSurprise
microVoSTN_R_1-3+,2,83713.18784,84240.62976,527.4419199999975,83713.18784,84240.62976,527.4419199999975,8,4.670207290897133,RankSurprise
microVoSTN_R_1-3+,2,98870.72256,98897.79712,27.074560000008205,98870.72256,98897.79712,27.074560000008205,3,5.748396151701396,RankSurprise
microVoSTN_R_1-3+,2,100282.08128,102269.3376,1987.2563200000004,100282.08128,102269.3376,1987.2563200000004,23,10.479533815912331,RankSurprise
microVoSTN_R_1-3+,2,102960.00512,103782.52288,822.5177600000025,102960.00512,103782.52288,822.5177600000025,10,4.356794565755062,RankSurprise
microVoSTN_R_1-3+,2,107520.32768,107559.936,39.60831999999937,107520.32768,107559.936,39.60831999999937,3,4.8288686949182065,RankSurprise
microVoSTN_R_1-3+,2,109428.61312,110266.12224,837.5091200000024,109428.61312,110266.12224,837.5091200000024,10,5.179498896400717,RankSurprise
microVoSTN_R_1-3+,2,117171.89632,117272.41216,100.5158400000073,117171.89632,117272.41216,100.5158400000073,4,4.921613103506736,RankSurprise
microVoSTN_R_1-3+,2,137376.768,137719.43936,342.67135999997845,137376.768,137719.43936,342.67135999997845,6,3.9274737951029803,RankSurprise
microVoSTN_R_1-3+,2,147747.59424,147807.96928,60.37503999998444,147747.59424,147807.96928,60.37503999998444,3,3.8202633990457233,RankSurprise
microVoSTN_R_1-3+,2,154274.28352,154520.41216,246.1286400000099,154274.28352,154520.41216,246.1286400000099,5,4.454099151315699,RankSurprise
microVoSTN_R_1-3+,2,156932.87424,156942.04928,9.1750400000019,156932.87424,156942.04928,9.1750400000019,3,8.95061223132842,RankSurprise
microVoSTN_R_1-3+,2,166690.97984,166733.49632,42.516479999991134,166690.97984,166733.49632,42.516479999991134,3,4.713046059811251,RankSurprise
microVoSTN_R_1-3+,2,167555.60448,167895.49056,339.8860799999966,167555.60448,167895.49056,339.8860799999966,6,4.702544643890221,RankSurprise
microVoSTN_R_1-3+,2,178038.1696,178069.66784,31.498240000015358,178038.1696,178069.66784,31.498240000015358,3,5.446230613431034,RankSurprise
microVoSTN_R_1-3+,2,181768.35584,181834.1376,65.78175999998348,181768.35584,181834.1376,65.78175999998348,4,6.371583744552041,RankSurprise
microVoSTN_R_1-3+,2,187483.79136,187827.69152,343.90015999999014,187483.79136,187827.69152,343.90015999999014,6,4.227285602995479,RankSurprise
microVoSTN_R_1-3+,2,188429.23008,188459.78624,30.556159999978263,188429.23008,188459.78624,30.556159999978263,3,5.461045699216175,RankSurprise
microVoSTN_R_1-3+,2,190680.84224,191036.33408,355.4918400000024,190680.84224,191036.33408,355.4918400000024,6,4.224224559563979,RankSurprise
microVoSTN_R_1-3+,2,211632.49664,212227.97312,595.4764800000121,211632.49664,212227.97312,595.4764800000121,9,5.548594176946262,RankSurprise
microVoSTN_R_1-3+,2,213279.29344,213425.60256,146.3091199999908,213279.29344,213425.60256,146.3091199999908,4,3.7052156763605737,RankSurprise
microVoSTN_R_1-3+,2,214909.5424,215876.36224,966.8198399999819,214909.5424,215876.36224,966.8198399999819,10,4.693033981822845,RankSurprise
microVoSTN_R_1-3+,2,216657.01888,218109.21472,1452.1958400000003,216657.01888,218109.21472,1452.1958400000003,16,6.393367159722721,RankSurprise
microVoSTN_R_1-3+,2,218775.67488,219280.71168,505.0368000000017,218775.67488,219280.71168,505.0368000000017,7,4.074479330939609,RankSurprise
microVoSTN_R_1-3+,2,222903.66464,222974.44352,70.77887999999803,222903.66464,222974.44352,70.77887999999803,3,3.562633017884181,RankSurprise
microVoSTN_R_1-3+,2,225373.71648,225429.95456,56.238080000010086,225373.71648,225429.95456,56.238080000010086,3,3.880068684478756,RankSurprise
microVoSTN_R_1-3+,2,230733.45536,231169.80224,436.3468799999973,230733.45536,231169.80224,436.3468799999973,8,5.685349067312104,RankSurprise
microVoSTN_R_1-3+,2,232168.69376,232190.5664,21.872640000015963,232168.69376,232190.5664,21.872640000015963,3,6.320915344472725,RankSurprise
microVoSTN_R_1-3+,2,234467.86048,237100.68736,2632.826880000008,234467.86048,237100.68736,2632.826880000008,24,7.0422834450557845,RankSurprise
microVoSTN_R_1-3+,2,240241.4592,240986.27584,744.8166399999755,240241.4592,240986.27584,744.8166399999755,9,4.147592378546855,RankSurprise
microVoSTN_R_1-3+,2,242265.94816,243385.91744,1119.9692799999902,242265.94816,243385.91744,1119.9692799999902,11,3.672956484589577,RankSurprise
microVoSTN_R_1-3+,2,248843.4688,248875.78624,32.317439999984344,248843.4688,248875.78624,32.317439999984344,3,5.303819913476605,RankSurprise
microVoSTN_R_1-3+,2,249901.056,249951.19104,50.13503999999375,249901.056,249951.19104,50.13503999999375,4,7.3866936958383,RankSurprise
microVoSTN_R_1-3+,2,254953.2672,255225.81504,272.5478399999847,254953.2672,255225.81504,272.5478399999847,7,6.850547760317426,RankSurprise
microVoSTN_R_1-3+,2,259722.07616,259749.2736,27.197439999989,259722.07616,259749.2736,27.197439999989,3,5.78302970084777,RankSurprise
microVoSTN_R_1-3+,2,260947.92704,261016.82176,68.89471999998204,260947.92704,261016.82176,68.89471999998204,3,3.6329185858172455,RankSurprise
microVoSTN_R_1-3+,2,261531.93472,262297.92768,765.9929600000323,261531.93472,262297.92768,765.9929600000323,10,4.496705182563638,RankSurprise
microVoSTN_R_1-3+,2,274740.18304,274801.50016,61.31712000002153,274740.18304,274801.50016,61.31712000002153,3,3.826820799591882,RankSurprise
microVoSTN_R_1-3+,2,279749.34528,280004.28032,254.9350400000112,279749.34528,280004.28032,254.9350400000112,5,3.6813590080517713,RankSurprise
microVoSTN_R_1-3+,2,293332.00896,293875.17952,543.1705599999987,293332.00896,293875.17952,543.1705599999987,9,6.465280312344434,RankSurprise
microVoSTN_R_1-3+,2,337696.27648,338062.29504,366.0185599999968,337696.27648,338062.29504,366.0185599999968,6,3.554426873937154,RankSurprise
microVoSTN_R_1-3+,2,342286.90944,344275.18976,1988.2803199999616,342286.90944,344275.18976,1988.2803199999616,19,4.838326839005931,RankSurprise
microVoSTN_R_1-3+,2,364164.17792,364491.44832,327.2704000000376,364164.17792,364491.44832,327.2704000000376,7,5.835673286389567,RankSurprise
microVoSTN_R_1-3+,2,384534.89664,385267.54816,732.651520000014,384534.89664,385267.54816,732.651520000014,10,4.941358341541228,RankSurprise
microVoSTN_R_1-3+,2,385800.11008,386430.03392,629.9238400000031,385800.11008,386430.03392,629.9238400000031,11,7.747160484639201,RankSurprise
microVoSTN_R_1-3+,2,392483.2256,393207.76704,724.5414400000009,392483.2256,393207.76704,724.5414400000009,9,3.7312394445725228,RankSurprise
microVoSTN_R_1-3+,2,393814.95808,393958.4,143.44192000001203,393814.95808,393958.4,143.44192000001203,4,3.824279060134728,RankSurprise
microVoSTN_R_1-3+,2,396001.77152,396067.10272,65.33120000001509,396001.77152,396067.10272,65.33120000001509,3,3.7495162901413224,RankSurprise
microVoSTN_R_1-3+,4,24394.83392,24453.77536,58.94143999999869,24394.83392,24453.77536,58.94143999999869,3,4.742373743091596,RankSurprise
microVoSTN_R_1-3+,4,33527.72608,35036.24192,1508.51584,33527.72608,35036.24192,1508.51584,12,5.192842032516345,RankSurprise
microVoSTN_R_1-3+,4,43812.94592,44876.43136,1063.485440000004,43812.94592,44876.43136,1063.485440000004,8,4.292753793605755,RankSurprise
microVoSTN_R_1-3+,4,54517.51424,54914.90816,397.39392000000225,54517.51424,54914.90816,397.39392000000225,5,3.701460669711544,RankSurprise
microVoSTN_R_1-3+,4,91097.45664,91620.18816,522.7315200000012,91097.45664,91620.18816,522.7315200000012,6,4.503447139437316,RankSurprise
microVoSTN_R_1-3+,4,110066.15552,110434.304,368.1484800000035,110066.15552,110434.304,368.1484800000035,5,4.323223666167063,RankSurprise
microVoSTN_R_1-3+,4,119793.00864,120041.79968,248.79103999999643,119793.00864,120041.79968,248.79103999999643,4,3.517159532511535,RankSurprise
microVoSTN_R_1-3+,4,141451.83744,141962.15808,510.3206399999908,141451.83744,141962.15808,510.3206399999908,7,5.862838079286905,RankSurprise
microVoSTN_R_1-3+,4,149508.42368,149798.46144,290.03776000000653,149508.42368,149798.46144,290.03776000000653,5,4.8513986094572985,RankSurprise
microVoSTN_R_1-3+,4,153276.29312,154124.12416,847.8310400000191,153276.29312,154124.12416,847.8310400000191,8,4.789652842099649,RankSurprise
microVoSTN_R_1-3+,4,165725.26592,167470.73536,1745.4694399999862,165725.26592,167470.73536,1745.4694399999862,10,3.6203202587584364,RankSurprise
microVoSTN_R_1-3+,4,168092.50816,168310.70208,218.1939199999906,168092.50816,168310.70208,218.1939199999906,4,3.947319615428448,RankSurprise
microVoSTN_R_1-3+,4,174076.55936,174251.08992,174.5305599999847,174076.55936,174251.08992,174.5305599999847,4,4.57370114971819,RankSurprise
microVoSTN_R_1-3+,4,179085.43488,179180.70784,95.27296000000206,179085.43488,179180.70784,95.27296000000206,3,3.704964296120229,RankSurprise
microVoSTN_R_1-3+,4,192385.67936,192638.3616,252.68223999999464,192385.67936,192638.3616,252.68223999999464,5,5.52712216852176,RankSurprise
microVoSTN_R_1-3+,4,224384.49152,224494.96064,110.46911999999429,224384.49152,224494.96064,110.46911999999429,3,3.5164831675782633,RankSurprise
microVoSTN_R_1-3+,4,234444.02176,235138.62144,694.5996799999848,234444.02176,235138.62144,694.5996799999848,7,4.48309775018916,RankSurprise
microVoSTN_R_1-3+,4,266331.50464,266409.12384,77.61920000001555,266331.50464,266409.12384,77.61920000001555,3,4.435197875958815,RankSurprise
microVoSTN_R_1-3+,4,272510.40256,273097.35936,586.9567999999854,272510.40256,273097.35936,586.9567999999854,6,3.8059660035501035,RankSurprise
microVoSTN_R_1-3+,4,275671.61344,275758.20288,86.58944000001065,275671.61344,275758.20288,86.58944000001065,3,3.923545236294549,RankSurprise
microVoSTN_R_1-3+,4,280603.36128,280835.64544,232.28415999998106,280603.36128,280835.64544,232.28415999998106,5,5.727357392498892,RankSurprise
microVoSTN_R_1-3+,4,303925.41184,304079.21664,153.80479999998352,303925.41184,304079.21664,153.80479999998352,4,4.9799568043865605,RankSurprise
microVoSTN_R_1-3+,4,314384.75264,316292.34176,1907.5891199999605,314384.75264,316292.34176,1907.5891199999605,17,9.426771563749748,RankSurprise
microVoSTN_R_1-3+,4,318334.48448,318524.78464,190.30016000004252,318334.48448,318524.78464,190.30016000004252,6,8.970367063559234,RankSurprise
microVoSTN_R_1-3+,4,323025.26464,323129.26208,103.99744000000646,323025.26464,323129.26208,103.99744000000646,4,6.274410352306958,RankSurprise
microVoSTN_R_1-3+,4,329865.8304,329976.91392,111.08352000004379,329865.8304,329976.91392,111.08352000004379,3,3.533687654313562,RankSurprise
microVoSTN_R_1-3+,4,336621.48608,337073.11104,451.62495999998646,336621.48608,337073.11104,451.62495999998646,5,3.5109481522122046,RankSurprise
microVoSTN_R_1-3+,4,338602.55744,340622.09024,2019.5327999999863,338602.55744,340622.09024,2019.5327999999863,17,8.939396455221244,RankSurprise
microVoSTN_R_1-3+,4,351439.4624,353354.05568,1914.5932799999719,351439.4624,353354.05568,1914.5932799999719,11,3.6107049154643986,RankSurprise
microVoSTN_R_1-3+,4,357210.35776,357323.85792,113.50015999999596,357210.35776,357323.85792,113.50015999999596,4,5.956929654195662,RankSurprise
microVoSTN_R_1-3+,4,374071.21408,376276.62336,2205.4092800000217,374071.21408,376276.62336,2205.4092800000217,19,10.316715045182749,RankSurprise
microVoSTN_R_1-3+,4,378316.84096,378460.44672,143.60576000000583,378316.84096,378460.44672,143.60576000000583,4,5.205770170627485,RankSurprise
microVoSTN_R_1-3+,4,381465.14944,383218.2784,1753.1289600000018,381465.14944,383218.2784,1753.1289600000018,16,9.412005047065852,RankSurprise
microVoSTN_R_2-3+,0,207274.8032,207405.6704,130.86720000000787,207274.8032,207405.6704,130.86720000000787,3,3.542452448780667,RankSurprise
microVoSTN_R_2-3+,0,264066.62144,264150.34368,83.72223999997368,264066.62144,264150.34368,83.72223999997368,3,4.341095637173973,RankSurprise
microVoSTN_R_2-3+,0,288757.1456,289422.99136,665.8457599999965,288757.1456,289422.99136,665.8457599999965,6,3.9931075532128637,RankSurprise
microVoSTN_R_2-3+,0,314689.78176,316856.77056,2166.988799999992,314689.78176,316856.77056,2166.988799999992,21,18.760375263041116,RankSurprise
microVoSTN_R_2-3+,0,318276.52608,318515.69152,239.16544000001159,318276.52608,318515.69152,239.16544000001159,4,4.424134840895789,RankSurprise
microVoSTN_R_2-3+,0,338602.55744,338915.69664,313.139199999976,338602.55744,338915.69664,313.139199999976,5,5.950681765060121,RankSurprise
microVoSTN_R_2-3+,0,343144.98048,343251.39456,106.41407999995863,343144.98048,343251.39456,106.41407999995863,3,4.467725276970651,RankSurprise
microVoSTN_R_2-3+,0,351504.91648,357428.38784,5923.471359999967,351504.91648,357428.38784,5923.471359999967,30,12.735646720980712,RankSurprise
microVoSTN_R_2-3+,0,373968.0768,379635.95776,5667.880960000039,373968.0768,379635.95776,5667.880960000039,30,12.335439099872369,RankSurprise
microVoSTN_R_2-3+,0,381401.98912,381593.27232,191.2832000000053,381401.98912,381593.27232,191.2832000000053,5,9.635904181201173,RankSurprise
microVoSTN_R_2-3+,0,381593.27232,383218.31936,1625.047040000034,381593.27232,383218.31936,1625.047040000034,10,4.2728702897361615,RankSurprise
microVoSTN_R_2-3+,0,388885.0944,388995.6864,110.59200000000419,388885.0944,388995.6864,110.59200000000419,4,8.443765834522237,RankSurprise
microVoSTN_R_2-3+,0,408509.68576,409223.20896,713.523199999996,408509.68576,409223.20896,713.523199999996,6,5.522098975148687,RankSurprise
microVoSTN_R_2-3+,1,12389.33504,12418.00704,28.67200000000048,12389.33504,12418.00704,28.67200000000048,4,5.174527748559335,RankSurprise
microVoSTN_R_2-3+,1,13218.16064,13330.06336,111.90272000000004,13218.16064,13330.06336,111.90272000000004,6,3.6900782564072885,RankSurprise
microVoSTN_R_2-3+,1,13689.52832,13759.44704,69.91871999999967,13689.52832,13759.44704,69.91871999999967,7,7.647317459824755,RankSurprise
microVoSTN_R_2-3+,1,14639.9232,14772.59264,132.6694400000015,14639.9232,14772.59264,132.6694400000015,7,3.6563931677352666,RankSurprise
microVoSTN_R_2-3+,1,16494.71488,16537.88672,43.171839999999065,16494.71488,16537.88672,43.171839999999065,4,3.778399355102785,RankSurprise
microVoSTN_R_2-3+,1,17194.51648,17209.7536,15.237120000001596,17194.51648,17209.7536,15.237120000001596,3,4.51084959655396,RankSurprise
microVoSTN_R_2-3+,1,18574.7456,18592.11264,17.367040000000998,18574.7456,18592.11264,17.367040000000998,3,4.166578698163935,RankSurprise
microVoSTN_R_2-3+,1,25414.73792,25453.81376,39.075840000001335,25414.73792,25453.81376,39.075840000001335,6,9.506486795067005,RankSurprise
microVoSTN_R_2-3+,1,25503.90784,25634.03776,130.1299199999994,25503.90784,25634.03776,130.1299199999994,7,4.011075512863418,RankSurprise
microVoSTN_R_2-3+,1,26759.90528,26773.99552,14.090240000001359,26759.90528,26773.99552,14.090240000001359,3,4.666024389546736,RankSurprise
microVoSTN_R_2-3+,1,27016.06912,27036.4672,20.398079999999027,27016.06912,27036.4672,20.398079999999027,3,3.550327578145188,RankSurprise
microVoSTN_R_2-3+,1,29293.60896,29330.06336,36.454399999998714,29293.60896,29330.06336,36.454399999998714,4,4.184784647861193,RankSurprise
microVoSTN_R_2-3+,1,29870.73536,29882.12224,11.386880000001838,29870.73536,29882.12224,11.386880000001838,3,5.014855271621679,RankSurprise
microVoSTN_R_2-3+,1,35344.46592,35502.53056,158.06463999999687,35344.46592,35502.53056,158.06463999999687,8,4.109389479346095,RankSurprise
microVoSTN_R_2-3+,1,37242.34752,37325.33248,82.98495999999432,37242.34752,37325.33248,82.98495999999432,6,4.636284988003461,RankSurprise
microVoSTN_R_2-3+,1,38019.97312,38130.19648,110.22335999999632,38019.97312,38130.19648,110.22335999999632,6,3.5471107997878564,RankSurprise
microVoSTN_R_2-3+,1,42940.74368,42956.5952,15.851520000003802,42940.74368,42956.5952,15.851520000003802,3,4.09098539502809,RankSurprise
microVoSTN_R_2-3+,1,45486.20288,46069.1456,582.9427200000064,45486.20288,46069.1456,582.9427200000064,22,8.423509022390483,RankSurprise
microVoSTN_R_2-3+,1,47016.83712,47327.68256,310.8454400000046,47016.83712,47327.68256,310.8454400000046,14,6.104257076485001,RankSurprise
microVoSTN_R_2-3+,1,48912.46592,49228.3904,315.9244799999942,48912.46592,49228.3904,315.9244799999942,12,3.8169910568978067,RankSurprise
microVoSTN_R_2-3+,1,53083.9552,53100.83072,16.875520000001416,53083.9552,53100.83072,16.875520000001416,3,4.054233868756695,RankSurprise
microVoSTN_R_2-3+,1,58562.51904,58749.37856,186.85951999999816,58562.51904,58749.37856,186.85951999999816,11,7.197346431557548,RankSurprise
microVoSTN_R_2-3+,1,59376.96768,59415.1424,38.17471999999543,59376.96768,59415.1424,38.17471999999543,4,4.333474721490997,RankSurprise
microVoSTN_R_2-3+,1,60331.008,60587.008,256.0,60331.008,60587.008,256.0,10,3.7834611059168153,RankSurprise
microVoSTN_R_2-3+,1,60918.784,61128.94976,210.1657600000035,60918.784,61128.94976,210.1657600000035,9,3.766949953591386,RankSurprise
microVoSTN_R_2-3+,1,61724.18048,61763.70688,39.52639999999519,61724.18048,61763.70688,39.52639999999519,4,4.035188424955699,RankSurprise
microVoSTN_R_2-3+,1,62202.6752,62235.32032,32.64512000000104,62202.6752,62235.32032,32.64512000000104,4,4.798843693529868,RankSurprise
microVoSTN_R_2-3+,1,68450.67264,68561.46944,110.79679999999644,68450.67264,68561.46944,110.79679999999644,7,4.6897977273491085,RankSurprise
microVoSTN_R_2-3+,1,69144.12544,69322.99776,178.87231999999494,69144.12544,69322.99776,178.87231999999494,11,7.187859476095982,RankSurprise
microVoSTN_R_2-3+,1,73639.3216,73719.64416,80.32256000000052,73639.3216,73719.64416,80.32256000000052,6,4.713954648980123,RankSurprise
microVoSTN_R_2-3+,1,76450.03776,76492.34944,42.31167999999889,76450.03776,76492.34944,42.31167999999889,4,3.8615771763496483,RankSurprise
microVoSTN_R_2-3+,1,77467.32032,77488.25088,20.930560000007972,77467.32032,77488.25088,20.930560000007972,3,3.509043393815567,RankSurprise
microVoSTN_R_2-3+,1,78166.50752,78189.1584,22.650880000001052,78166.50752,78189.1584,22.650880000001052,4,6.482437517509741,RankSurprise
microVoSTN_R_2-3+,1,79815.72096,79857.09056,41.369599999990896,79815.72096,79857.09056,41.369599999990896,4,3.9121794929080025,RankSurprise
microVoSTN_R_2-3+,1,80404.97152,80416.768,11.79647999998997,80404.97152,80416.768,11.79647999998997,3,4.974976626372227,RankSurprise
microVoSTN_R_2-3+,1,82149.5808,82223.9232,74.34240000000864,82149.5808,82223.9232,74.34240000000864,6,5.408193058546239,RankSurprise
microVoSTN_R_2-3+,1,82820.096,82824.27392,4.1779200000019046,82820.096,82824.27392,4.1779200000019046,3,9.684635980763428,RankSurprise
microVoSTN_R_2-3+,1,83034.112,83223.30624,189.19424000001163,83034.112,83223.30624,189.19424000001163,9,4.903600612100995,RankSurprise
microVoSTN_R_2-3+,1,83565.28128,83583.95904,18.677760000005946,83565.28128,83583.95904,18.677760000005946,3,3.757327710056174,RankSurprise
microVoSTN_R_2-3+,1,84791.0912,84822.75328,31.662080000009155,84791.0912,84822.75328,31.662080000009155,4,4.822281316465656,RankSurprise
microVoSTN_R_2-3+,1,85065.40032,85082.3168,16.916479999999865,85065.40032,85082.3168,16.916479999999865,3,4.209613156648549,RankSurprise
microVoSTN_R_2-3+,1,85232.27136,85243.0848,10.813439999998081,85232.27136,85243.0848,10.813439999998081,3,5.959516441634348,RankSurprise
microVoSTN_R_2-3+,1,98344.1408,98441.50272,97.36192000001029,98344.1408,98441.50272,97.36192000001029,7,5.386299956080968,RankSurprise
microVoSTN_R_2-3+,1,99142.53312,99258.94144,116.40832000000228,99142.53312,99258.94144,116.40832000000228,9,8.57203487263754,RankSurprise
microVoSTN_R_2-3+,1,100257.13664,100415.44704,158.31040000000212,100257.13664,100415.44704,158.31040000000212,8,4.025748570724248,RankSurprise
microVoSTN_R_2-3+,1,100961.64864,101421.13792,459.4892799999943,100961.64864,101421.13792,459.4892799999943,23,11.920126830922884,RankSurprise
microVoSTN_R_2-3+,1,101813.4528,102350.35648,536.9036800000031,101813.4528,102350.35648,536.9036800000031,20,5.577610185161476,RankSurprise
microVoSTN_R_2-3+,1,102928.71168,103023.49312,94.78144000000611,102928.71168,103023.49312,94.78144000000611,6,3.9674015169139705,RankSurprise
microVoSTN_R_2-3+,1,106658.73408,106672.82432,14.090240000004997,106658.73408,106672.82432,14.090240000004997,3,4.496452408625876,RankSurprise
microVoSTN_R_2-3+,1,107362.59072,107376.0256,13.434880000000703,107362.59072,107376.0256,13.434880000000703,3,4.882972223595088,RankSurprise
microVoSTN_R_2-3+,1,109518.11072,109535.19104,17.080320000008214,109518.11072,109535.19104,17.080320000008214,3,4.20754276253424,RankSurprise
microVoSTN_R_2-3+,1,110026.46528,110045.7984,19.333119999995688,110026.46528,110045.7984,19.333119999995688,3,3.8852485630034526,RankSurprise
microVoSTN_R_2-3+,1,110877.77792,110916.4032,38.62528000000748,110877.77792,110916.4032,38.62528000000748,4,4.344741166250998,RankSurprise
microVoSTN_R_2-3+,1,111387.36128,111462.23616,74.87488000000303,111387.36128,111462.23616,74.87488000000303,7,7.9842111645996425,RankSurprise
microVoSTN_R_2-3+,1,115816.77568,115883.95008,67.17439999998896,115816.77568,115883.95008,67.17439999998896,5,3.9174922810790527,RankSurprise
microVoSTN_R_2-3+,1,116257.09568,116384.27648,127.18080000000191,116257.09568,116384.27648,127.18080000000191,7,4.032278003621837,RankSurprise
microVoSTN_R_2-3+,1,116936.94976,117445.95968,509.0099199999968,116936.94976,117445.95968,509.0099199999968,18,4.888525041552122,RankSurprise
microVoSTN_R_2-3+,1,117797.56032,117837.37344,39.81311999999161,117797.56032,117837.37344,39.81311999999161,4,3.9328805029612077,RankSurprise
microVoSTN_R_2-3+,1,119169.55648,119188.39808,18.841599999999744,119169.55648,119188.39808,18.841599999999744,3,3.843416964759891,RankSurprise
microVoSTN_R_2-3+,1,120336.22016,120377.67168,41.45152000000235,120336.22016,120377.67168,41.45152000000235,4,3.7815162387492656,RankSurprise
microVoSTN_R_2-3+,1,125291.60192,125383.18848,91.5865599999961,125291.60192,125383.18848,91.5865599999961,7,5.909567015966415,RankSurprise
microVoSTN_R_2-3+,1,127434.30144,127568.60928,134.30784000000858,127434.30144,127568.60928,134.30784000000858,7,3.686296968220351,RankSurprise
microVoSTN_R_2-3+,1,135810.41664,135854.36672,43.95007999998052,135810.41664,135854.36672,43.95007999998052,5,5.934253783626879,RankSurprise
microVoSTN_R_2-3+,1,137186.87744,137203.63008,16.752639999991516,137186.87744,137203.63008,16.752639999991516,3,4.052318159358558,RankSurprise
microVoSTN_R_2-3+,1,137700.80256,137742.00832,41.20575999998255,137700.80256,137742.00832,41.20575999998255,4,3.883005840708993,RankSurprise
microVoSTN_R_2-3+,1,140362.05568,140417.55648,55.500800000008894,140362.05568,140417.55648,55.500800000008894,5,4.800092953696254,RankSurprise
microVoSTN_R_2-3+,1,149207.2448,149228.9536,21.708800000022165,149207.2448,149228.9536,21.708800000022165,3,3.5222206028391287,RankSurprise
microVoSTN_R_2-3+,1,151013.9904,151026.19648,12.206080000003567,151013.9904,151026.19648,12.206080000003567,3,5.351500321791903,RankSurprise
microVoSTN_R_2-3+,1,151290.79808,151342.98112,52.18304000000353,151290.79808,151342.98112,52.18304000000353,6,7.44867276501747,RankSurprise
microVoSTN_R_2-3+,1,156147.3024,156265.84064,118.5382400000235,156147.3024,156265.84064,118.5382400000235,9,7.523804692344538,RankSurprise
microVoSTN_R_2-3+,1,157230.85824,157273.66144,42.80319999999483,157230.85824,157273.66144,42.80319999999483,4,3.7443256768785815,RankSurprise
microVoSTN_R_2-3+,1,157386.91584,157404.81536,17.899520000006305,157386.91584,157404.81536,17.899520000006305,3,4.09880936775707,RankSurprise
microVoSTN_R_2-3+,1,159246.17216,159323.62752,77.45536000002176,159246.17216,159323.62752,77.45536000002176,6,5.010156445526036,RankSurprise
microVoSTN_R_2-3+,1,164551.22944,164705.23904,154.00959999999031,164551.22944,164705.23904,154.00959999999031,7,3.584647426270752,RankSurprise
microVoSTN_R_2-3+,1,166087.4752,166097.92,10.44480000002659,166087.4752,166097.92,10.44480000002659,3,5.169397224856818,RankSurprise
microVoSTN_R_2-3+,1,166641.41824,166814.9248,173.5065600000089,166641.41824,166814.9248,173.5065600000089,9,6.270245466906324,RankSurprise
microVoSTN_R_2-3+,1,168185.69216,168210.30912,24.61695999998483,168185.69216,168210.30912,24.61695999998483,4,5.797191578702382,RankSurprise
microVoSTN_R_2-3+,1,168767.44704,168810.53696,43.08991999999853,168767.44704,168810.53696,43.08991999999853,4,3.7167322252298476,RankSurprise
microVoSTN_R_2-3+,1,169606.3488,169915.26912,308.9203200000047,169606.3488,169915.26912,308.9203200000047,13,4.5822052008897325,RankSurprise
microVoSTN_R_2-3+,1,172731.92448,172750.68416,18.759680000017397,172731.92448,172750.68416,18.759680000017397,3,3.762290492607759,RankSurprise
microVoSTN_R_2-3+,1,175586.5088,175684.93568,98.42687999998452,175586.5088,175684.93568,98.42687999998452,6,3.9455344108530648,RankSurprise
microVoSTN_R_2-3+,1,176985.4976,177006.592,21.09440000000177,176985.4976,177006.592,21.09440000000177,4,6.806201702155278,RankSurprise
microVoSTN_R_2-3+,1,183948.288,183960.49408,12.206080000003567,183948.288,183960.49408,12.206080000003567,3,5.283025109555551,RankSurprise
microVoSTN_R_2-3+,1,184321.10592,184378.40896,57.30303999999887,184321.10592,184378.40896,57.30303999999887,6,6.80901950464748,RankSurprise
microVoSTN_R_2-3+,1,188022.74304,188064.5632,41.82016000000294,188022.74304,188064.5632,41.82016000000294,4,3.7659641031481144,RankSurprise
microVoSTN_R_2-3+,1,188763.99616,188854.14912,90.15295999997761,188763.99616,188854.14912,90.15295999997761,6,4.453493632963408,RankSurprise
microVoSTN_R_2-3+,1,189248.02048,189944.66816,696.6476799999946,189248.02048,189944.66816,696.6476799999946,25,7.8314057453927575,RankSurprise
microVoSTN_R_2-3+,1,195155.43552,195260.12928,104.69375999999465,195155.43552,195260.12928,104.69375999999465,7,5.523840395571485,RankSurprise
microVoSTN_R_2-3+,1,195574.74304,195654.16448,79.42144000000553,195574.74304,195654.16448,79.42144000000553,5,3.8165539253521565,RankSurprise
microVoSTN_R_2-3+,1,197113.56928,197185.45408,71.88479999999981,197113.56928,197185.45408,71.88479999999981,6,5.675947441993728,RankSurprise
microVoSTN_R_2-3+,1,202121.6256,202143.21152,21.585920000012266,202121.6256,202143.21152,21.585920000012266,3,3.5384448828073776,RankSurprise
microVoSTN_R_2-3+,1,206924.75904,206962.72896,37.969920000003185,206924.75904,206962.72896,37.969920000003185,4,4.2050670895549445,RankSurprise
microVoSTN_R_2-3+,1,207723.97056,207885.59872,161.62816000002204,207723.97056,207885.59872,161.62816000002204,9,5.52286691206263,RankSurprise
microVoSTN_R_2-3+,1,211571.95776,211616.84992,44.89216000001761,211571.95776,211616.84992,44.89216000001761,4,3.5447483673701825,RankSurprise
microVoSTN_R_2-3+,1,214825.82016,214858.91584,33.09567999999854,214825.82016,214858.91584,33.09567999999854,4,4.652195259677118,RankSurprise
microVoSTN_R_2-3+,1,215563.18208,215876.36224,313.180159999989,215563.18208,215876.36224,313.180159999989,17,10.411868592416068,RankSurprise
microVoSTN_R_2-3+,1,216035.65568,216104.38656,68.73088000001735,216035.65568,216104.38656,68.73088000001735,5,3.873920724315983,RankSurprise
microVoSTN_R_2-3+,1,216637.6448,216793.4976,155.8527999999933,216637.6448,216793.4976,155.8527999999933,7,3.9104102276984976,RankSurprise
microVoSTN_R_2-3+,1,217260.35968,217296.15872,35.79904000001261,217260.35968,217296.15872,35.79904000001261,4,4.429970567616348,RankSurprise
microVoSTN_R_2-3+,1,219156.80768,219280.75264,123.94495999999344,219156.80768,219280.75264,123.94495999999344,8,5.750815201669626,RankSurprise
microVoSTN_R_2-3+,1,220021.22752,220125.83936,104.61184000002686,220021.22752,220125.83936,104.61184000002686,7,5.1685062217556785,RankSurprise
microVoSTN_R_2-3+,1,220515.9424,220566.85568,50.913280000007944,220515.9424,220566.85568,50.913280000007944,5,5.142057359412977,RankSurprise
microVoSTN_R_2-3+,1,221037.7728,221080.3712,42.59839999998803,221037.7728,221080.3712,42.59839999998803,5,6.2125116843479375,RankSurprise
microVoSTN_R_2-3+,1,222400.3072,222443.23328,42.92607999997563,222400.3072,222443.23328,42.92607999997563,5,5.985784295199839,RankSurprise
microVoSTN_R_2-3+,1,222909.68576,223080.32512,170.63936000000103,222909.68576,223080.32512,170.63936000000103,8,3.7624443109454266,RankSurprise
microVoSTN_R_2-3+,1,226004.86912,226151.34208,146.4729600000137,226004.86912,226151.34208,146.4729600000137,7,3.8393718650172635,RankSurprise
microVoSTN_R_2-3+,1,230886.89152,230897.95072,11.059199999988778,230886.89152,230897.95072,11.059199999988778,3,5.876779461000501,RankSurprise
microVoSTN_R_2-3+,1,231055.07328,231146.37312,91.2998399999924,231055.07328,231146.37312,91.2998399999924,6,4.696395373612097,RankSurprise
microVoSTN_R_2-3+,1,231559.90528,231578.25536,18.3500800000038,231559.90528,231578.25536,18.3500800000038,4,6.843469284838601,RankSurprise
microVoSTN_R_2-3+,1,235926.69184,235962.44992,35.75807999999961,235926.69184,235962.44992,35.75807999999961,4,4.437722510872632,RankSurprise
microVoSTN_R_2-3+,1,236972.48256,236990.54592,18.063360000000102,236972.48256,236990.54592,18.063360000000102,5,12.070757536502338,RankSurprise
microVoSTN_R_2-3+,1,238262.55872,238324.9408,62.38208000001032,238262.55872,238324.9408,62.38208000001032,5,4.296543137499331,RankSurprise
microVoSTN_R_2-3+,1,238894.24384,238911.24224,16.99839999998221,238894.24384,238911.24224,16.99839999998221,3,4.023800559492534,RankSurprise
microVoSTN_R_2-3+,1,240947.73248,240986.3168,38.58431999999448,240947.73248,240986.3168,38.58431999999448,5,6.724157154956082,RankSurprise
microVoSTN_R_2-3+,1,244303.4624,244439.81824,136.3558400000038,244303.4624,244439.81824,136.3558400000038,9,6.544679143661249,RankSurprise
microVoSTN_R_2-3+,1,244840.36608,244896.60416,56.23807999998098,244840.36608,244896.60416,56.23807999998098,5,4.628181247121606,RankSurprise
microVoSTN_R_2-3+,1,245039.3088,245071.79008,32.481280000007246,245039.3088,245071.79008,32.481280000007246,4,4.801763402250444,RankSurprise
microVoSTN_R_2-3+,1,247987.89632,248050.4832,62.586879999988014,247987.89632,248050.4832,62.586879999988014,6,6.176757573601449,RankSurprise
microVoSTN_R_2-3+,1,248512.96256,248612.90496,99.9423999999999,248512.96256,248612.90496,99.9423999999999,8,7.316311114787585,RankSurprise
microVoSTN_R_2-3+,1,249065.55392,249275.92448,210.3705599999812,249065.55392,249275.92448,210.3705599999812,9,3.8260985955941154,RankSurprise
microVoSTN_R_2-3+,1,250866.44224,251094.67136,228.2291200000036,250866.44224,251094.67136,228.2291200000036,12,6.367652431941272,RankSurprise
microVoSTN_R_2-3+,1,252008.73472,252045.39392,36.6591999999946,252008.73472,252045.39392,36.6591999999946,4,4.272866592669164,RankSurprise
microVoSTN_R_2-3+,1,252801.67936,252844.27776,42.59839999998803,252801.67936,252844.27776,42.59839999998803,4,3.718767503618718,RankSurprise
microVoSTN_R_2-3+,1,254995.94752,255300.73088,304.78336000000127,254995.94752,255300.73088,304.78336000000127,15,7.391783208007513,RankSurprise
microVoSTN_R_2-3+,1,255431.4752,255521.75104,90.27584000001661,255431.4752,255521.75104,90.27584000001661,6,4.5105857713283255,RankSurprise
microVoSTN_R_2-3+,1,255999.75424,256017.408,17.653759999986505,255999.75424,256017.408,17.653759999986505,3,3.7789226079666847,RankSurprise
microVoSTN_R_2-3+,1,256555.54048,256873.10336,317.5628800000122,256555.54048,256873.10336,317.5628800000122,17,11.481988342059823,RankSurprise
microVoSTN_R_2-3+,1,257800.11008,257832.18176,32.07167999999365,257800.11008,257832.18176,32.07167999999365,5,7.835516245342461,RankSurprise
microVoSTN_R_2-3+,1,259581.37856,259614.59712,33.218559999979334,259581.37856,259614.59712,33.218559999979334,4,4.661937788774448,RankSurprise
microVoSTN_R_2-3+,1,260244.93056,260259.30752,14.376959999994142,260244.93056,260259.30752,14.376959999994142,3,4.653054170022903,RankSurprise
microVoSTN_R_2-3+,1,261312.34816,261581.0048,268.65664000000106,261312.34816,261581.0048,268.65664000000106,13,6.753216258929151,RankSurprise
microVoSTN_R_2-3+,1,262134.66112,262177.91488,43.253759999992326,262134.66112,262177.91488,43.253759999992326,4,3.6622952436274545,RankSurprise
microVoSTN_R_2-3+,1,265555.1488,265633.87392,78.72511999995913,265555.1488,265633.87392,78.72511999995913,5,3.7426929016147916,RankSurprise
microVoSTN_R_2-3+,1,267983.38048,267994.15296,10.77247999998508,267983.38048,267994.15296,10.77247999998508,3,5.414820376635491,RankSurprise
microVoSTN_R_2-3+,1,268903.91552,268914.31936,10.403840000042692,268903.91552,268914.31936,10.403840000042692,3,6.0930707613621475,RankSurprise
microVoSTN_R_2-3+,1,270063.49312,270107.648,44.154879999987315,270063.49312,270107.648,44.154879999987315,5,5.929989390225728,RankSurprise
microVoSTN_R_2-3+,1,271492.01408,271514.66496,22.650880000030156,271492.01408,271514.66496,22.650880000030156,4,6.32791824514317,RankSurprise
microVoSTN_R_2-3+,1,274101.94432,274443.71456,341.77023999998346,274101.94432,274443.71456,341.77023999998346,14,5.421760652055776,RankSurprise
microVoSTN_R_2-3+,1,274607.55456,275480.7808,873.226239999989,274607.55456,275480.7808,873.226239999989,30,7.255793483895304,RankSurprise
microVoSTN_R_2-3+,1,276414.70976,276556.96384,142.25407999998424,276414.70976,276556.96384,142.25407999998424,9,6.445601744673429,RankSurprise
microVoSTN_R_2-3+,1,278147.56352,278367.31392,219.7503999999608,278147.56352,278367.31392,219.7503999999608,12,6.767614038213402,RankSurprise
microVoSTN_R_2-3+,1,278625.73056,278757.376,131.64543999999296,278625.73056,278757.376,131.64543999999296,7,3.9831711351039742,RankSurprise
microVoSTN_R_2-3+,1,279286.82496,279482.90048,196.07552000001306,279286.82496,279482.90048,196.07552000001306,10,5.0546182219970115,RankSurprise
microVoSTN_R_2-3+,1,279723.4176,279946.97728,223.55968000000576,279723.4176,279946.97728,223.55968000000576,14,9.99567408022435,RankSurprise
microVoSTN_R_2-3+,1,286476.73856,286486.60992,9.87135999999009,286476.73856,286486.60992,9.87135999999009,3,5.572227196872033,RankSurprise
microVoSTN_R_2-3+,1,291628.6464,291812.80256,184.15615999995498,291628.6464,291812.80256,184.15615999995498,9,4.228337295835701,RankSurprise
microVoSTN_R_2-3+,1,293523.8656,293623.27552,99.40992000000551,293523.8656,293623.27552,99.40992000000551,8,7.58420045791359,RankSurprise
microVoSTN_R_2-3+,1,293867.19232,293894.71744,27.5251200000057,293867.19232,293894.71744,27.5251200000057,4,5.36748190511473,RankSurprise
microVoSTN_R_2-3+,1,294001.99168,294116.31104,114.31936000002315,294001.99168,294116.31104,114.31936000002315,8,7.163461720067186,RankSurprise
microVoSTN_R_2-3+,1,294314.68032,294474.67008,159.98976000002585,294314.68032,294474.67008,159.98976000002585,8,4.267639054364869,RankSurprise
microVoSTN_R_2-3+,1,295043.072,295054.17216,11.100160000030883,295043.072,295054.17216,11.100160000030883,3,5.9104341498894915,RankSurprise
microVoSTN_R_2-3+,1,299863.53152,299880.89856,17.367039999982808,299863.53152,299880.89856,17.367039999982808,3,4.164552355018701,RankSurprise
microVoSTN_R_2-3+,1,300085.37088,300098.1504,12.779519999981858,300085.37088,300098.1504,12.779519999981858,3,5.103547610836975,RankSurprise
microVoSTN_R_2-3+,1,300847.26784,300924.35456,77.08672000002116,300847.26784,300924.35456,77.08672000002116,6,5.122457107009687,RankSurprise
microVoSTN_R_2-3+,1,301409.0752,301425.29536,16.22015999996802,301409.0752,301425.29536,16.22015999996802,4,7.768694682410704,RankSurprise
microVoSTN_R_2-3+,1,301602.85696,301667.98336,65.12640000000829,301602.85696,301667.98336,65.12640000000829,5,3.971108912294884,RankSurprise
microVoSTN_R_2-3+,1,304992.74752,305009.37728,16.629760000039823,304992.74752,305009.37728,16.629760000039823,3,4.283461228775684,RankSurprise
microVoSTN_R_2-3+,1,310852.64896,310869.36064,16.711680000007618,310852.64896,310869.36064,16.711680000007618,3,4.0484922367046465,RankSurprise
microVoSTN_R_2-3+,1,311156.08064,311226.49088,70.41023999999743,311156.08064,311226.49088,70.41023999999743,5,3.7352991837778227,RankSurprise
microVoSTN_R_2-3+,1,323902.17728,323920.81408,18.636799999978393,323902.17728,323920.81408,18.636799999978393,3,3.9845469544425782,RankSurprise
microVoSTN_R_2-3+,1,326931.12832,326960.57856,29.450239999976475,326931.12832,326960.57856,29.450239999976475,4,5.048227367208611,RankSurprise
microVoSTN_R_2-3+,1,328738.77504,328750.61248,11.837440000032075,328738.77504,328750.61248,11.837440000032075,3,5.014855271621679,RankSurprise
microVoSTN_R_2-3+,1,329274.20416,329287.59808,13.393920000002254,329274.20416,329287.59808,13.393920000002254,3,4.800574165430781,RankSurprise
microVoSTN_R_2-3+,1,342333.27616,342347.20256,13.926399999996647,342333.27616,342347.20256,13.926399999996647,3,4.6095741789713305,RankSurprise
microVoSTN_R_2-3+,1,342958.8992,342970.24512,11.345919999992475,342958.8992,342970.24512,11.345919999992475,3,4.95082537574404,RankSurprise
microVoSTN_R_2-3+,1,343237.34528,343271.71072,34.36543999996502,343237.34528,343271.71072,34.36543999996502,4,4.612167054946713,RankSurprise
microVoSTN_R_2-3+,1,343704.49408,343999.20128,294.7072000000044,343704.49408,343999.20128,294.7072000000044,13,6.026638589081391,RankSurprise
microVoSTN_R_2-3+,1,344579.44064,344627.24096,47.80032000003848,344579.44064,344627.24096,47.80032000003848,5,5.519857864328326,RankSurprise
microVoSTN_R_2-3+,1,344991.1296,345201.09056,209.9609599999967,344991.1296,345201.09056,209.9609599999967,9,3.5680788512668955,RankSurprise
microVoSTN_R_2-3+,1,345626.78784,345655.54176,28.753919999988284,345626.78784,345655.54176,28.753919999988284,4,5.2994754903571675,RankSurprise
microVoSTN_R_2-3+,1,346482.85184,346511.07328,28.22143999999389,346482.85184,346511.07328,28.22143999999389,4,5.386945263064717,RankSurprise
microVoSTN_R_2-3+,1,368588.71808,368629.18656,40.468479999981355,368588.71808,368629.18656,40.468479999981355,4,3.989163196141689,RankSurprise
microVoSTN_R_2-3+,1,368794.50112,368801.75104,7.249920000031125,368794.50112,368801.75104,7.249920000031125,3,6.900023065556846,RankSurprise
microVoSTN_R_2-3+,1,384588.10368,386315.34592,1727.2422399999923,384588.10368,386315.34592,1727.2422399999923,63,17.434968410390976,RankSurprise
microVoSTN_R_2-3+,1,386470.87104,387074.048,603.1769600000116,386470.87104,387074.048,603.1769600000116,26,9.40706419317448,RankSurprise
microVoSTN_R_2-3+,1,387842.90816,388891.15648,1048.2483200000133,387842.90816,388891.15648,1048.2483200000133,48,19.417577689516897,RankSurprise
microVoSTN_R_2-3+,1,389075.64032,389834.38336,758.7430399999721,389075.64032,389834.38336,758.7430399999721,29,9.283949467583074,RankSurprise
microVoSTN_R_2-3+,1,390253.89568,390593.3312,339.4355199999991,390253.89568,390593.3312,339.4355199999991,13,5.030362363293112,RankSurprise
microVoSTN_R_2-3+,1,391031.88992,391316.48,284.5900799999945,391031.88992,391316.48,284.5900799999945,13,6.528755736523774,RankSurprise
microVoSTN_R_2-3+,1,392325.03808,392344.82176,19.783679999993183,392325.03808,392344.82176,19.783679999993183,3,3.6077550299566585,RankSurprise
microVoSTN_R_2-3+,1,392672.74752,392694.86592,22.118400000035763,392672.74752,392694.86592,22.118400000035763,4,6.449372308951645,RankSurprise
microVoSTN_R_2-3+,1,392864.19456,392902.12352,37.92896000004839,392864.19456,392902.12352,37.92896000004839,4,4.174102142877349,RankSurprise
microVoSTN_R_2-3+,1,393593.856,393738.0352,144.17919999995502,393593.856,393738.0352,144.17919999995502,7,3.651955700297455,RankSurprise
microVoSTN_R_2-3+,2,22957.34272,23103.77472,146.4320000000007,22957.34272,23103.77472,146.4320000000007,3,4.415154535190345,RankSurprise
microVoSTN_R_2-3+,2,84280.15616,85103.616,823.4598399999959,84280.15616,85103.616,823.4598399999959,5,4.576656131560444,RankSurprise
microVoSTN_R_2-3+,2,98897.7152,99197.46048,299.74527999998827,98897.7152,99197.46048,299.74527999998827,4,5.438862122993086,RankSurprise
microVoSTN_R_2-3+,2,158976.4096,159209.22624,232.81663999997545,158976.4096,159209.22624,232.81663999997545,3,3.8073049351422963,RankSurprise
microVoSTN_R_2-3+,2,188144.0256,188948.72576,804.7001600000076,188144.0256,188948.72576,804.7001600000076,5,4.643187169761429,RankSurprise
microVoSTN_R_2-3+,2,211389.27616,215198.35136,3809.075199999992,211389.27616,215198.35136,3809.075199999992,12,5.310048089287486,RankSurprise
microVoSTN_R_2-3+,2,233472.49152,233568.8704,96.37888000000385,233472.49152,233568.8704,96.37888000000385,3,5.235563495361218,RankSurprise
microVoSTN_R_2-3+,2,247112.74496,247654.68672,541.941759999987,247112.74496,247654.68672,541.941759999987,4,3.8887279709818756,RankSurprise
microVoSTN_R_2-3+,2,253036.42112,265617.2032,12580.782079999975,253036.42112,265617.2032,12580.782079999975,36,12.55080139360538,RankSurprise
microVoSTN_R_2-3+,2,343392.13312,344671.0272,1278.8940799999982,343392.13312,344671.0272,1278.8940799999982,9,9.488664777887369,RankSurprise
microVoSTN_R_2-3+,3,11579.35104,12772.1472,1192.7961599999999,11579.35104,12772.1472,1192.7961599999999,11,4.585488700356817,RankSurprise
microVoSTN_R_2-3+,3,14005.0432,14353.44896,348.40575999999965,14005.0432,14353.44896,348.40575999999965,6,4.913494477392639,RankSurprise
microVoSTN_R_2-3+,3,31844.51584,32417.9968,573.4809600000008,31844.51584,32417.9968,573.4809600000008,7,4.118601773463335,RankSurprise
microVoSTN_R_2-3+,3,33104.52736,33163.30496,58.77760000000126,33104.52736,33163.30496,58.77760000000126,4,7.0345522171016555,RankSurprise
microVoSTN_R_2-3+,3,52764.75392,53869.85472,1105.1008000000002,52764.75392,53869.85472,1105.1008000000002,10,4.3731931471476555,RankSurprise
microVoSTN_R_2-3+,3,67060.89984,67113.24672,52.34687999999733,67060.89984,67113.24672,52.34687999999733,3,4.347976439371022,RankSurprise
microVoSTN_R_2-3+,3,80180.0192,80954.65472,774.6355200000107,80180.0192,80954.65472,774.6355200000107,8,3.908822612617141,RankSurprise
microVoSTN_R_2-3+,3,82965.95456,85041.07008,2075.1155200000067,82965.95456,85041.07008,2075.1155200000067,18,7.105487934464774,RankSurprise
microVoSTN_R_2-3+,3,87012.352,87020.29824,7.946240000004764,87012.352,87020.29824,7.946240000004764,3,11.676085438955075,RankSurprise
microVoSTN_R_2-3+,3,97742.76608,97764.5568,21.790720000004512,97742.76608,97764.5568,21.790720000004512,3,6.466599286113654,RankSurprise
microVoSTN_R_2-3+,3,102239.35488,102276.54656,37.191680000003544,102239.35488,102276.54656,37.191680000003544,3,5.08853542413028,RankSurprise
microVoSTN_R_2-3+,3,111338.74176,111639.10144,300.3596799999941,111338.74176,111639.10144,300.3596799999941,5,3.910293516674475,RankSurprise
microVoSTN_R_2-3+,3,119673.32352,119719.5264,46.202879999997094,119673.32352,119719.5264,46.202879999997094,3,4.578536588340283,RankSurprise
microVoSTN_R_2-3+,3,168460.45184,168760.81152,300.3596799999941,168460.45184,168760.81152,300.3596799999941,5,4.004362949061612,RankSurprise
microVoSTN_R_2-3+,3,186798.44864,186985.34912,186.90048000001116,186798.44864,186985.34912,186.90048000001116,5,5.6387114897105945,RankSurprise
microVoSTN_R_2-3+,3,189715.41504,190680.8832,965.4681600000185,189715.41504,190680.8832,965.4681600000185,9,3.690473570384084,RankSurprise
microVoSTN_R_2-3+,3,216706.08896,216746.68032,40.59136000002036,216706.08896,216746.68032,40.59136000002036,3,4.913818466721544,RankSurprise
microVoSTN_R_2-3+,3,218726.6048,218755.97312,29.36832000000868,218726.6048,218755.97312,29.36832000000868,3,5.705844528298719,RankSurprise
microVoSTN_R_2-3+,3,219443.36384,219498.45504,55.0911999999953,219443.36384,219498.45504,55.0911999999953,3,4.258324872590849,RankSurprise
microVoSTN_R_2-3+,3,220157.17376,220500.54144,343.36767999999574,220157.17376,220500.54144,343.36767999999574,6,4.824498997487886,RankSurprise
microVoSTN_R_2-3+,3,225176.69888,226702.90944,1526.2105599999777,225176.69888,226702.90944,1526.2105599999777,13,5.4571916924179025,RankSurprise
microVoSTN_R_2-3+,3,232063.34464,232256.18432,192.8396800000046,232063.34464,232256.18432,192.8396800000046,6,7.650520009720218,RankSurprise
microVoSTN_R_2-3+,3,234152.7552,235043.2256,890.4703999999911,234152.7552,235043.2256,890.4703999999911,13,9.448253506436192,RankSurprise
microVoSTN_R_2-3+,3,247567.93344,247613.56288,45.6294400000188,247567.93344,247613.56288,45.6294400000188,4,7.871280279714565,RankSurprise
microVoSTN_R_2-3+,3,251470.4384,251955.77344,485.3350399999763,251470.4384,251955.77344,485.3350399999763,7,4.863582545283782,RankSurprise
microVoSTN_R_2-3+,3,261645.39392,261715.5584,70.16448000000673,261645.39392,261715.5584,70.16448000000673,3,3.870977629119034,RankSurprise
microVoSTN_R_2-3+,3,269225.7792,269514.5472,288.76799999998184,269225.7792,269514.5472,288.76799999998184,5,4.036217548924462,RankSurprise
microVoSTN_R_2-3+,3,271348.85888,271416.1152,67.25631999998586,271348.85888,271416.1152,67.25631999998586,3,4.00156083954238,RankSurprise
microVoSTN_R_2-3+,3,274295.97184,274951.33184,655.359999999986,274295.97184,274951.33184,655.359999999986,11,8.911023202149584,RankSurprise
microVoSTN_R_2-3+,3,277925.35552,278017.72032,92.3648000000394,277925.35552,278017.72032,92.3648000000394,4,5.608692983628732,RankSurprise
microVoSTN_R_2-3+,3,287991.88992,288032.19456,40.30463999998756,287991.88992,288032.19456,40.30463999998756,3,4.929085938852333,RankSurprise
microVoSTN_R_2-3+,3,291328.49152,292387.2256,1058.7340800000238,291328.49152,292387.2256,1058.7340800000238,9,4.001571850011974,RankSurprise
microVoSTN_R_2-3+,3,307400.13056,307714.2528,314.12223999999696,307400.13056,307714.2528,314.12223999999696,5,3.8011162709329938,RankSurprise
microVoSTN_R_2-3+,3,318907.96544,318977.10592,69.14048000000184,318907.96544,318977.10592,69.14048000000184,3,3.889118436340203,RankSurprise
microVoSTN_R_2-3+,3,343128.10496,344059.04384,930.9388799999724,343128.10496,344059.04384,930.9388799999724,11,6.95477220040698,RankSurprise
microVoSTN_R_2-3+,3,384797.9008,385004.17536,206.27455999999074,384797.9008,385004.17536,206.27455999999074,8,11.79588891274205,RankSurprise
microVoSTN_R_2-3+,3,387117.95712,389594.15296,2476.1958400000003,387117.95712,389594.15296,2476.1958400000003,27,14.131234220675122,RankSurprise
microVoSTN_R_2-3+,3,390757.13024,390784.65536,27.525119999947492,390757.13024,390784.65536,27.525119999947492,3,5.751562297600975,RankSurprise
microVoSTN_R_2-3+,4,5071.21664,5927.60832,856.3916800000006,5071.21664,5927.60832,856.3916800000006,9,3.8679806568048614,RankSurprise
microVoSTN_R_2-3+,4,18267.09504,18481.23392,214.1388799999986,18267.09504,18481.23392,214.1388799999986,5,4.898273729187029,RankSurprise
microVoSTN_R_2-3+,4,28391.0144,28882.78016,491.7657599999984,28391.0144,28882.78016,491.7657599999984,7,4.417617262251656,RankSurprise
microVoSTN_R_2-3+,4,31194.39872,31330.75456,136.35584000000017,31194.39872,31330.75456,136.35584000000017,6,8.504306326580476,RankSurprise
microVoSTN_R_2-3+,4,45102.85824,45150.0032,47.14495999999781,45102.85824,45150.0032,47.14495999999781,3,4.253114205236912,RankSurprise
microVoSTN_R_2-3+,4,50095.7184,50960.54784,864.8294400000013,50095.7184,50960.54784,864.8294400000013,10,6.1965012932034735,RankSurprise
microVoSTN_R_2-3+,4,57488.34304,57630.55616,142.21312000000034,57488.34304,57630.55616,142.21312000000034,5,6.269504435176842,RankSurprise
microVoSTN_R_2-3+,4,58581.07392,58611.26144,30.187519999999495,58581.07392,58611.26144,30.187519999999495,3,4.952467255057009,RankSurprise
microVoSTN_R_2-3+,4,60674.048,60913.37728,239.3292799999981,60674.048,60913.37728,239.3292799999981,5,4.4746457675041675,RankSurprise
microVoSTN_R_2-3+,4,65281.31072,65345.20832,63.8975999999966,65281.31072,65345.20832,63.8975999999966,3,3.832279250644106,RankSurprise
microVoSTN_R_2-3+,4,69357.48608,69421.4656,63.9795199999935,69357.48608,69421.4656,63.9795199999935,3,3.8398838500293273,RankSurprise
microVoSTN_R_2-3+,4,91160.41216,91227.7504,67.33823999999731,91160.41216,91227.7504,67.33823999999731,3,3.65793969007262,RankSurprise
microVoSTN_R_2-3+,4,92446.76096,92509.02016,62.25920000000042,92446.76096,92509.02016,62.25920000000042,3,3.7872490473679736,RankSurprise
microVoSTN_R_2-3+,4,97247.92832,97303.10144,55.173119999992196,97247.92832,97303.10144,55.173119999992196,3,4.014946529135543,RankSurprise
microVoSTN_R_2-3+,4,117622.08768,117873.0496,250.96192000000156,117622.08768,117873.0496,250.96192000000156,5,4.3626296691051785,RankSurprise
microVoSTN_R_2-3+,4,124706.03776,124764.3648,58.32703999998921,124706.03776,124764.3648,58.32703999998921,3,3.949500743338497,RankSurprise
microVoSTN_R_2-3+,4,127865.32352,127923.24096,57.917439999990165,127865.32352,127923.24096,57.917439999990165,3,3.917563809729245,RankSurprise
microVoSTN_R_2-3+,4,136072.3968,136084.48,12.08320000002277,136072.3968,136084.48,12.08320000002277,3,6.678364576216984,RankSurprise
microVoSTN_R_2-3+,4,144101.00736,144145.6128,44.605440000013914,144101.00736,144145.6128,44.605440000013914,3,4.378760111361075,RankSurprise
microVoSTN_R_2-3+,4,175199.88736,175456.33792,256.4505599999975,175199.88736,175456.33792,256.4505599999975,5,4.107530050812834,RankSurprise
microVoSTN_R_2-3+,4,177627.62752,178401.44384,773.8163199999835,177627.62752,178401.44384,773.8163199999835,8,3.5831094127255687,RankSurprise
microVoSTN_R_2-3+,4,179016.2944,179085.47584,69.18143999998574,179016.2944,179085.47584,69.18143999998574,4,6.111275964544653,RankSurprise
microVoSTN_R_2-3+,4,188267.39712,188284.96896,17.571839999989606,188267.39712,188284.96896,17.571839999989606,3,6.130724979328276,RankSurprise
microVoSTN_R_2-3+,4,189448.8064,189480.09984,31.29344000000856,189448.8064,189480.09984,31.29344000000856,3,5.133147774982858,RankSurprise
microVoSTN_R_2-3+,4,190359.552,190395.5968,36.044800000003306,190359.552,190395.5968,36.044800000003306,3,4.84888315072099,RankSurprise
microVoSTN_R_2-3+,4,207946.3424,207999.91808,53.575680000009015,207946.3424,207999.91808,53.575680000009015,3,4.143746984491482,RankSurprise
microVoSTN_R_2-3+,4,216341.79072,217080.29952,738.5088000000105,216341.79072,217080.29952,738.5088000000105,8,4.246997977089757,RankSurprise
microVoSTN_R_2-3+,4,226225.31584,226459.89376,234.57792000001064,226225.31584,226459.89376,234.57792000001064,5,4.603402920249671,RankSurprise
microVoSTN_R_2-3+,4,235427.6352,235637.39136,209.756160000019,235427.6352,235637.39136,209.756160000019,5,4.996619372753621,RankSurprise
microVoSTN_R_2-3+,4,265987.19488,266030.85824,43.663359999947716,265987.19488,266030.85824,43.663359999947716,3,4.419063997999682,RankSurprise
microVoSTN_R_2-3+,4,268122.35776,268275.83488,153.47711999999592,268122.35776,268275.83488,153.47711999999592,4,4.061977153434416,RankSurprise
microVoSTN_R_2-3+,4,273190.37952,273376.70656,186.32704000000376,273190.37952,273376.70656,186.32704000000376,5,5.466197148755896,RankSurprise
microVoSTN_R_2-3+,4,278152.6016,278175.82592,23.224319999979343,278152.6016,278175.82592,23.224319999979343,3,5.51679611886135,RankSurprise
microVoSTN_R_2-3+,4,280775.59808,280793.57952,17.981440000003204,280775.59808,280793.57952,17.981440000003204,3,6.037137452835397,RankSurprise
microVoSTN_R_2-3+,4,281019.55584,281082.42944,62.87359999999171,281019.55584,281082.42944,62.87359999999171,3,3.7359640140637005,RankSurprise
microVoSTN_R_2-3+,4,311591.07584,311898.68544,307.60959999996703,311591.07584,311898.68544,307.60959999996703,5,3.7166976451144293,RankSurprise
microVoSTN_R_2-3+,4,317280.99328,317324.4928,43.499520000012126,317280.99328,317324.4928,43.499520000012126,3,4.429268168173923,RankSurprise
microVoSTN_R_2-3+,4,320242.40128,320316.2112,73.8099200000288,320242.40128,320316.2112,73.8099200000288,3,3.609827262289686,RankSurprise
microVoSTN_R_2-3+,4,331456.88064,331548.34432,91.4636799999862,331456.88064,331548.34432,91.4636799999862,5,7.663594110532323,RankSurprise
microVoSTN_R_2-3+,4,337971.03616,338112.38912,141.35295999998925,337971.03616,338112.38912,141.35295999998925,4,4.228109893784339,RankSurprise
microVoSTN_R_2-3+,4,341495.35744,342258.93376,763.5763199999928,341495.35744,342258.93376,763.5763199999928,10,6.529052946946194,RankSurprise
microVoSTN_R_2-3+,4,343158.00576,343333.51936,175.51360000000568,343158.00576,343333.51936,175.51360000000568,4,3.718745520228552,RankSurprise
microVoSTN_R_2-3+,4,352392.192,353544.06912,1151.8771200000192,352392.192,353544.06912,1151.8771200000192,10,3.5460643132962226,RankSurprise
microVoSTN_R_2-3+,4,358930.96448,358948.53632,17.571839999989606,358930.96448,358948.53632,17.571839999989606,4,10.039417240729843,RankSurprise
microVoSTN_R_2-3+,4,365583.23712,365940.736,357.4988799999701,365583.23712,365940.736,357.4988799999701,6,4.839103166520879,RankSurprise
microVoSTN_R_2-3+,4,374620.07808,374688.11264,68.03456000000006,374620.07808,374688.11264,68.03456000000006,3,3.7359640140637005,RankSurprise
microVoSTN_R_2-3+,4,385599.93856,386107.14624,507.20767999999225,385599.93856,386107.14624,507.20767999999225,6,3.7096235475361725,RankSurprise
microVoSTN_R_2-3+,4,391955.74272,392098.77504,143.03231999999844,391955.74272,392098.77504,143.03231999999844,4,4.021842700769202,RankSurprise
microVoSTN_R_4-5+,2,31076.22912,31732.16256,655.9334400000007,31076.22912,31732.16256,655.9334400000007,10,7.144249775792796,RankSurprise
microVoSTN_R_4-5+,2,38994.61632,39252.5824,257.9660799999983,38994.61632,39252.5824,257.9660799999983,5,3.9444068539891326,RankSurprise
microVoSTN_R_4-5+,2,43564.52352,43619.45088,54.92735999999422,43564.52352,43619.45088,54.92735999999422,3,3.917698584034877,RankSurprise
microVoSTN_R_4-5+,2,44373.89312,44959.1296,585.2364799999996,44373.89312,44959.1296,585.2364799999996,11,9.329944938024715,RankSurprise
microVoSTN_R_4-5+,2,50832.384,51073.4336,241.04959999999846,50832.384,51073.4336,241.04959999999846,6,6.040603082363674,RankSurprise
microVoSTN_R_4-5+,2,77190.7584,77338.78784,148.02943999999843,77190.7584,77338.78784,148.02943999999843,4,3.8470294033849015,RankSurprise
microVoSTN_R_4-5+,2,85071.58528,85127.82336,56.238079999995534,85071.58528,85127.82336,56.238079999995534,4,6.929171178093526,RankSurprise
microVoSTN_R_4-5+,2,87665.13152,87709.24544,44.11392000000342,87665.13152,87709.24544,44.11392000000342,3,4.608577183457173,RankSurprise
microVoSTN_R_4-5+,2,91239.0144,91717.632,478.61759999999776,91239.0144,91717.632,478.61759999999776,7,4.770086522892298,RankSurprise
microVoSTN_R_4-5+,2,113294.25408,113342.09536,47.84128000000783,113294.25408,113342.09536,47.84128000000783,3,4.271823494540266,RankSurprise
microVoSTN_R_4-5+,2,115364.57728,115437.48608,72.9088000000047,115364.57728,115437.48608,72.9088000000047,4,5.989741803314949,RankSurprise
microVoSTN_R_4-5+,2,130443.22304,131418.03008,974.8070399999997,130443.22304,131418.03008,974.8070399999997,13,7.230832326109156,RankSurprise
microVoSTN_R_4-5+,2,142258.87232,142694.76864,435.89631999999983,142258.87232,142694.76864,435.89631999999983,8,6.245592185698288,RankSurprise
microVoSTN_R_4-5+,2,145758.53568,145878.26176,119.72607999999309,145758.53568,145878.26176,119.72607999999309,6,9.373012835853686,RankSurprise
microVoSTN_R_4-5+,2,149697.20832,150392.70912,695.5008000000089,149697.20832,150392.70912,695.5008000000089,9,4.88322075338124,RankSurprise
microVoSTN_R_4-5+,2,168086.24128,168727.1424,640.9011200000241,168086.24128,168727.1424,640.9011200000241,8,4.4404200361807185,RankSurprise
microVoSTN_R_4-5+,2,171489.0752,171930.86976,441.79456000000937,171489.0752,171930.86976,441.79456000000937,7,4.650001042740208,RankSurprise
microVoSTN_R_4-5+,2,192005.40672,192044.89216,39.48543999998947,192005.40672,192044.89216,39.48543999998947,3,4.800919221348019,RankSurprise
microVoSTN_R_4-5+,2,201089.59744,201204.49024,114.89280000000144,201089.59744,201204.49024,114.89280000000144,4,4.673384687508399,RankSurprise
microVoSTN_R_4-5+,2,218790.7072,218915.55328,124.84607999998843,218790.7072,218915.55328,124.84607999998843,5,6.786191893119966,RankSurprise
microVoSTN_R_4-5+,2,223895.10144,224394.6496,499.54816000000574,223895.10144,224394.6496,499.54816000000574,8,5.490655497264789,RankSurprise
microVoSTN_R_4-5+,2,236009.63584,236277.5552,267.91935999999987,236009.63584,236277.5552,267.91935999999987,5,4.339587104115349,RankSurprise
microVoSTN_R_4-5+,2,237769.48224,238291.10784,521.6255999999994,237769.48224,238291.10784,521.6255999999994,9,6.661313774770897,RankSurprise
microVoSTN_R_4-5+,2,242443.50976,244296.21248,1852.7027200000011,242443.50976,244296.21248,1852.7027200000011,17,5.609033935587056,RankSurprise
microVoSTN_R_4-5+,2,249326.34624,249392.57856,66.23231999998097,249326.34624,249392.57856,66.23231999998097,3,3.7318776767171418,RankSurprise
microVoSTN_R_4-5+,2,250029.42464,250462.12608,432.70143999997526,250029.42464,250462.12608,432.70143999997526,9,8.080781261956963,RankSurprise
microVoSTN_R_4-5+,2,261155.92192,261593.9072,437.9852799999935,261155.92192,261593.9072,437.9852799999935,7,4.8636970460500955,RankSurprise
microVoSTN_R_4-5+,2,268802.8672,270019.33824,1216.471040000033,268802.8672,270019.33824,1216.471040000033,14,6.603264848545771,RankSurprise
microVoSTN_R_4-5+,2,272238.87872,272253.952,15.073280000011437,272238.87872,272253.952,15.073280000011437,3,6.257879694455202,RankSurprise
microVoSTN_R_4-5+,2,272885.71904,272888.09472,2.3756799999973737,272885.71904,272888.09472,2.3756799999973737,3,9.32661639029922,RankSurprise
microVoSTN_R_4-5+,2,274598.05184,274746.28608,148.23424000001978,274598.05184,274746.28608,148.23424000001978,4,4.000149331993136,RankSurprise
microVoSTN_R_4-5+,2,278369.8944,280393.64608,2023.7516799999867,278369.8944,280393.64608,2023.7516799999867,20,6.200737529937072,RankSurprise
microVoSTN_R_4-5+,2,281564.65152,281693.34784,128.6963199999882,281564.65152,281693.34784,128.6963199999882,4,4.500852064082181,RankSurprise
microVoSTN_R_4-5+,2,287676.57984,287792.49664,115.91680000000633,287676.57984,287792.49664,115.91680000000633,4,4.718114085899064,RankSurprise
microVoSTN_R_4-5+,2,292532.71552,292572.61056,39.89503999997396,292532.71552,292572.61056,39.89503999997396,3,4.775840276376927,RankSurprise
microVoSTN_R_4-5+,2,306918.1952,307024.65024,106.45503999997163,306918.1952,307024.65024,106.45503999997163,4,4.959316165561592,RankSurprise
microVoSTN_R_4-5+,2,308607.46752,308654.61248,47.144960000005085,308607.46752,308654.61248,47.144960000005085,3,4.271823494540266,RankSurprise
microVoSTN_R_4-5+,2,311821.27104,311967.58016,146.3091199999908,311821.27104,311967.58016,146.3091199999908,5,5.915207752786028,RankSurprise
microVoSTN_R_4-5+,2,315445.90336,316123.7504,677.8470400000224,315445.90336,316123.7504,677.8470400000224,8,3.5692759138435877,RankSurprise
microVoSTN_R_4-5+,2,326135.3984,326530.78528,395.3868800000055,326135.3984,326530.78528,395.3868800000055,7,5.577943548958847,RankSurprise
microVoSTN_R_4-5+,2,342415.89248,342450.70848,34.81599999999162,342415.89248,342450.70848,34.81599999999162,3,4.958379248108145,RankSurprise
microVoSTN_R_4-5+,2,355012.44416,355655.68,643.2358399999794,355012.44416,355655.68,643.2358399999794,8,3.8810523933450445,RankSurprise
microVoSTN_R_4-5+,2,362837.44256,362845.26592,7.823359999980312,362837.44256,362845.26592,7.823359999980312,3,7.3870287069833935,RankSurprise
microVoSTN_R_4-5+,2,365578.32192,365751.54176,173.2198399999761,365578.32192,365751.54176,173.2198399999761,4,3.575579559717198,RankSurprise
microVoSTN_R_4-5+,2,374622.78144,374693.80608,71.02464000001783,374622.78144,374693.80608,71.02464000001783,4,6.235615039839857,RankSurprise
microVoSTN_R_4-5+,2,376393.44128,376462.45888,69.01759999996284,376393.44128,376462.45888,69.01759999996284,3,3.6664170716046023,RankSurprise
microVoSTN_R_4-5+,2,382189.81376,382326.21056,136.3967999999877,382189.81376,382326.21056,136.3967999999877,4,4.098012278866861,RankSurprise
microVoSTN_R_4-5+,2,385031.5776,385297.2032,265.6255999999703,385031.5776,385297.2032,265.6255999999703,5,3.8629296443540184,RankSurprise
microVoSTN_R_4-5+,2,395435.74528,395485.42976,49.684480000054464,395435.74528,395485.42976,49.684480000054464,3,4.195804413445703,RankSurprise
microVoSTN_R_4-6+,0,18473.08288,18794.65984,321.5769599999985,18473.08288,18794.65984,321.5769599999985,5,3.566425284533544,RankSurprise
microVoSTN_R_4-6+,0,44314.91072,44922.30656,607.3958399999974,44314.91072,44922.30656,607.3958399999974,8,3.888461359854958,RankSurprise
microVoSTN_R_4-6+,0,106060.3904,106195.84512,135.45471999999427,106060.3904,106195.84512,135.45471999999427,4,4.030380298120587,RankSurprise
microVoSTN_R_4-6+,0,115228.30336,115252.75648,24.45311999999103,115228.30336,115252.75648,24.45311999999103,3,5.660186639707552,RankSurprise
microVoSTN_R_4-6+,0,128284.0576,128405.38112,121.32352000000537,128284.0576,128405.38112,121.32352000000537,4,4.307928303608406,RankSurprise
microVoSTN_R_4-6+,0,130291.05664,130440.84736,149.7907200000045,130291.05664,130440.84736,149.7907200000045,7,10.35275155956721,RankSurprise
microVoSTN_R_4-6+,0,131996.71296,132037.87776,41.16479999999865,131996.71296,132037.87776,41.16479999999865,3,4.499533694869852,RankSurprise
microVoSTN_R_4-6+,0,145795.60448,145852.6208,57.016319999995176,145795.60448,145852.6208,57.016319999995176,3,3.9465401353292684,RankSurprise
microVoSTN_R_4-6+,0,146295.6032,147882.55744,1586.9542399999918,146295.6032,147882.55744,1586.9542399999918,16,5.554689731038347,RankSurprise
microVoSTN_R_4-6+,0,162289.8688,162351.55456,61.685759999993024,162289.8688,162351.55456,61.685759999993024,3,3.68703975667734,RankSurprise
microVoSTN_R_4-6+,0,175164.25216,175651.06176,486.8096000000078,175164.25216,175651.06176,486.8096000000078,8,5.231008391434715,RankSurprise
microVoSTN_R_4-6+,0,193385.14432,193416.84736,31.703040000022156,193385.14432,193416.84736,31.703040000022156,3,5.159411351795063,RankSurprise
microVoSTN_R_4-6+,0,208074.87488,208136.68352,61.808640000002924,208074.87488,208136.68352,61.808640000002924,3,3.769854345040356,RankSurprise
microVoSTN_R_4-6+,0,220884.00896,221306.4704,422.4614399999846,220884.00896,221306.4704,422.4614399999846,7,4.579444068785361,RankSurprise
microVoSTN_R_4-6+,0,222611.82464,223144.83712,533.0124800000049,222611.82464,223144.83712,533.0124800000049,8,4.772750962947258,RankSurprise
microVoSTN_R_4-6+,0,232918.2208,232977.12128,58.90047999998205,232918.2208,232977.12128,58.90047999998205,3,3.8698754643157773,RankSurprise
microVoSTN_R_4-6+,0,233465.73312,233531.84256,66.10944000000018,233465.73312,233531.84256,66.10944000000018,3,3.64382809631973,RankSurprise
microVoSTN_R_4-6+,0,238141.44,238247.28064,105.84064000000944,238141.44,238247.28064,105.84064000000944,4,4.773614052143422,RankSurprise
microVoSTN_R_4-6+,0,241169.28512,241232.56832,63.28320000000531,241169.28512,241232.56832,63.28320000000531,3,3.68703975667734,RankSurprise
microVoSTN_R_4-6+,0,243711.83616,243768.15616,56.320000000006985,243711.83616,243768.15616,56.320000000006985,4,6.741941442018039,RankSurprise
microVoSTN_R_4-6+,0,254863.31904,254956.46208,93.14303999999538,254863.31904,254956.46208,93.14303999999538,4,5.095992362635428,RankSurprise
microVoSTN_R_4-6+,0,262805.46304,262991.21664,185.75359999999637,262805.46304,262991.21664,185.75359999999637,5,4.945698168219636,RankSurprise
microVoSTN_R_4-6+,0,266056.04864,266268.8768,212.82816000003368,266056.04864,266268.8768,212.82816000003368,6,6.39156315658002,RankSurprise
microVoSTN_R_4-6+,0,268348.90752,268488.41728,139.50975999998627,268348.90752,268488.41728,139.50975999998627,4,3.9561945951300928,RankSurprise
microVoSTN_R_4-6+,0,268909.19936,268957.81888,48.61951999994926,268909.19936,268957.81888,48.61951999994926,3,4.244802706103892,RankSurprise
microVoSTN_R_4-6+,0,270342.88128,270400.38912,57.507840000034776,270342.88128,270400.38912,57.507840000034776,3,3.89741470735275,RankSurprise
microVoSTN_R_4-6+,0,278647.3984,278682.624,35.225600000005215,278647.3984,278682.624,35.225600000005215,4,8.149791883975936,RankSurprise
microVoSTN_R_4-6+,0,280181.51424,280334.82752,153.31328000000212,280181.51424,280334.82752,153.31328000000212,4,3.8172221974420495,RankSurprise
microVoSTN_R_4-6+,0,285496.64768,286219.4688,722.8211199999787,285496.64768,286219.4688,722.8211199999787,9,4.397519696091298,RankSurprise
microVoSTN_R_4-6+,0,288399.40096,289547.6736,1148.272639999981,288399.40096,289547.6736,1148.272639999981,13,6.2186544483088335,RankSurprise
microVoSTN_R_4-6+,0,313522.95424,313642.10688,119.1526399999857,313522.95424,313642.10688,119.1526399999857,4,4.441724460502002,RankSurprise
microVoSTN_R_4-6+,0,331796.43904,332031.22176,234.78271999995923,331796.43904,332031.22176,234.78271999995923,6,5.729924137281884,RankSurprise
microVoSTN_R_4-6+,0,332951.63392,333159.38304,207.74911999999313,332951.63392,333159.38304,207.74911999999313,6,6.449647171304058,RankSurprise
microVoSTN_R_4-6+,0,339779.9936,339984.62976,204.63615999999456,339779.9936,339984.62976,204.63615999999456,5,4.576523922589608,RankSurprise
microVoSTN_R_4-6+,0,346074.19392,346113.31072,39.116800000017975,346074.19392,346113.31072,39.116800000017975,3,4.6351796843286,RankSurprise
microVoSTN_R_4-6+,0,347724.84096,347785.09312,60.25215999997454,347724.84096,347785.09312,60.25215999997454,3,3.77636902606155,RankSurprise
microVoSTN_R_4-6+,0,351544.7296,351592.73472,48.00511999998707,351544.7296,351592.73472,48.00511999998707,3,4.212082003040788,RankSurprise
microVoSTN_R_4-6+,0,356093.66528,356224.08192,130.41664000001037,356093.66528,356224.08192,130.41664000001037,6,8.660440783748008,RankSurprise
microVoSTN_R_4-6+,0,356973.89568,357026.03776,52.142079999961425,356973.89568,357026.03776,52.142079999961425,3,4.0635757408332065,RankSurprise
microVoSTN_R_4-6+,0,360220.0576,360348.2624,128.2048000000068,360220.0576,360348.2624,128.2048000000068,6,8.798699093078682,RankSurprise
microVoSTN_R_4-6+,0,371979.38688,372010.8032,31.41632000001846,371979.38688,372010.8032,31.41632000001846,4,8.682849839533349,RankSurprise
microVoSTN_R_4-6+,0,373612.21632,374507.15136,894.9350400000112,373612.21632,374507.15136,894.9350400000112,10,4.68557663310403,RankSurprise
microVoSTN_R_4-6+,0,377926.90176,379038.35136,1111.4495999999926,377926.90176,379038.35136,1111.4495999999926,13,5.913096283259202,RankSurprise
microVoSTN_R_4-6+,0,380386.22208,380921.93792,535.7158400000189,380386.22208,380921.93792,535.7158400000189,10,7.957404440962986,RankSurprise
microVoSTN_R_4-6+,0,383089.664,383349.51424,259.85023999999976,383089.664,383349.51424,259.85023999999976,6,5.621496051048368,RankSurprise
microVoSTN_R_4-6+,1,32413.9008,33260.3392,846.4384000000027,32413.9008,33260.3392,846.4384000000027,16,8.399789362817836,RankSurprise
microVoSTN_R_4-6+,1,39027.0976,39057.69472,30.59711999999854,39027.0976,39057.69472,30.59711999999854,3,4.7515731550812905,RankSurprise
microVoSTN_R_4-6+,1,44937.58464,45004.71808,67.13343999999779,44937.58464,45004.71808,67.13343999999779,4,5.293667598562546,RankSurprise
microVoSTN_R_4-6+,1,49030.18496,49089.00352,58.81855999999971,49030.18496,49089.00352,58.81855999999971,4,5.799954848717974,RankSurprise
microVoSTN_R_4-6+,1,50881.45408,51148.3904,266.93631999999343,50881.45408,51148.3904,266.93631999999343,8,6.868028836894427,RankSurprise
microVoSTN_R_4-6+,1,58219.60192,58261.9136,42.31167999999889,58219.60192,58261.9136,42.31167999999889,3,3.9938680677155993,RankSurprise
microVoSTN_R_4-6+,1,60870.53312,61181.50144,310.96831999999995,60870.53312,61181.50144,310.96831999999995,6,3.637113279095245,RankSurprise
microVoSTN_R_4-6+,1,81259.02848,81382.64576,123.61728000000585,81259.02848,81382.64576,123.61728000000585,5,5.392428238930339,RankSurprise
microVoSTN_R_4-6+,1,84954.43968,85251.19488,296.7551999999996,84954.43968,85251.19488,296.7551999999996,9,8.059151197560407,RankSurprise
microVoSTN_R_4-6+,1,90928.29184,91658.73152,730.4396799999959,90928.29184,91658.73152,730.4396799999959,13,6.119056033403095,RankSurprise
microVoSTN_R_4-6+,1,149886.73024,150113.44384,226.71359999998822,149886.73024,150113.44384,226.71359999998822,7,6.100223959446365,RankSurprise
microVoSTN_R_4-6+,1,154117.44768,154292.46976,175.02207999999519,154117.44768,154292.46976,175.02207999999519,5,3.9269322633964308,RankSurprise
microVoSTN_R_4-6+,1,154632.6016,154846.90432,214.30272000000696,154632.6016,154846.90432,214.30272000000696,6,4.690198430536009,RankSurprise
microVoSTN_R_4-6+,1,168004.77184,168094.76096,89.98912000001292,168004.77184,168094.76096,89.98912000001292,4,4.348561464207272,RankSurprise
microVoSTN_R_4-6+,1,168559.45216,168609.9968,50.54464000000735,168559.45216,168609.9968,50.54464000000735,3,3.549240718539341,RankSurprise
microVoSTN_R_4-6+,1,177735.8848,177796.79232,60.907520000007935,177735.8848,177796.79232,60.907520000007935,4,5.75782766432318,RankSurprise
microVoSTN_R_4-6+,1,179487.78496,179639.99232,152.20736000000034,179487.78496,179639.99232,152.20736000000034,6,6.537222053819846,RankSurprise
microVoSTN_R_4-6+,1,201059.36896,201323.84768,264.4787200000137,201059.36896,201323.84768,264.4787200000137,7,5.226158969927673,RankSurprise
microVoSTN_R_4-6+,1,206150.20544,206774.4768,624.2713600000134,206150.20544,206774.4768,624.2713600000134,10,4.922905794338185,RankSurprise
microVoSTN_R_4-6+,1,207843.00032,207871.83616,28.835840000014286,207843.00032,207871.83616,28.835840000014286,3,4.850972918704482,RankSurprise
microVoSTN_R_4-6+,1,212471.31648,212589.73184,118.4153599999845,212471.31648,212589.73184,118.4153599999845,4,3.552572334823118,RankSurprise
microVoSTN_R_4-6+,1,226236.66176,226339.4304,102.76864000002388,226236.66176,226339.4304,102.76864000002388,4,3.969996568354329,RankSurprise
microVoSTN_R_4-6+,1,232118.4768,232517.50912,399.03231999999844,232118.4768,232517.50912,399.03231999999844,9,5.794526449462007,RankSurprise
microVoSTN_R_4-6+,1,237560.50432,238023.14752,462.64319999999134,237560.50432,238023.14752,462.64319999999134,10,6.129978979454794,RankSurprise
microVoSTN_R_4-6+,1,242627.82976,242837.74976,209.9200000000128,242627.82976,242837.74976,209.9200000000128,6,5.2957431521596945,RankSurprise
microVoSTN_R_4-6+,1,244132.08576,244296.25344,164.1676800000132,244132.08576,244296.25344,164.1676800000132,6,6.090560496493296,RankSurprise
microVoSTN_R_4-6+,1,250389.2992,250412.31872,23.01952000000165,250389.2992,250412.31872,23.01952000000165,3,5.382936355718215,RankSurprise
microVoSTN_R_4-6+,1,258843.32032,259872.80896,1029.488639999996,258843.32032,259872.80896,1029.488639999996,15,6.701783805741132,RankSurprise
microVoSTN_R_4-6+,1,261155.92192,261510.88128,354.959360000008,261155.92192,261510.88128,354.959360000008,7,4.833648211631182,RankSurprise
microVoSTN_R_4-6+,1,265036.84096,265169.14176,132.30080000002636,265036.84096,265169.14176,132.30080000002636,5,5.155693751761621,RankSurprise
microVoSTN_R_4-6+,1,268090.04032,268333.17888,243.13856000005035,268090.04032,268333.17888,243.13856000005035,7,6.147479407089816,RankSurprise
microVoSTN_R_4-6+,1,269664.01024,270019.42016,355.4099200000055,269664.01024,270019.42016,355.4099200000055,7,3.64682043874428,RankSurprise
microVoSTN_R_4-6+,1,272446.79168,272888.05376,441.26207999995677,272446.79168,272888.05376,441.26207999995677,8,4.175667251614778,RankSurprise
microVoSTN_R_4-6+,1,274590.26944,274750.34112,160.07167999999365,274590.26944,274750.34112,160.07167999999365,7,8.266177127675604,RankSurprise
microVoSTN_R_4-6+,1,275830.49728,275868.22144,37.724159999983385,275830.49728,275868.22144,37.724159999983385,3,4.3109491780029305,RankSurprise
microVoSTN_R_4-6+,1,278081.3312,279107.21536,1025.8841599999578,278081.3312,279107.21536,1025.8841599999578,14,5.240190570915081,RankSurprise
microVoSTN_R_4-6+,1,279732.10112,279882.67008,150.56896000000415,279732.10112,279882.67008,150.56896000000415,5,4.695605330421223,RankSurprise
microVoSTN_R_4-6+,1,281561.94816,281642.8032,80.85503999999491,281561.94816,281642.8032,80.85503999999491,4,4.622188810737036,RankSurprise
microVoSTN_R_4-6+,1,286442.74176,286492.34432,49.602559999970254,286442.74176,286492.34432,49.602559999970254,3,3.5940354803497065,RankSurprise
microVoSTN_R_4-6+,1,288861.06112,288927.49824,66.43711999995867,288861.06112,288927.49824,66.43711999995867,4,5.397844942122138,RankSurprise
microVoSTN_R_4-6+,1,292530.01216,292615.74144,85.72928000002867,292530.01216,292615.74144,85.72928000002867,4,4.593675322757008,RankSurprise
microVoSTN_R_4-6+,1,302645.90336,302777.38496,131.48159999999916,302645.90336,302777.38496,131.48159999999916,5,5.134851305451235,RankSurprise
microVoSTN_R_4-6+,1,311066.17344,311176.06912,109.895680000016,311066.17344,311176.06912,109.895680000016,5,5.933687189099356,RankSurprise
microVoSTN_R_4-6+,1,311824.87552,311896.39168,71.51615999999922,311824.87552,311896.39168,71.51615999999922,4,5.114806361739401,RankSurprise
microVoSTN_R_4-6+,1,314647.30624,316311.9616,1664.6553599999752,314647.30624,316311.9616,1664.6553599999752,22,6.617598782789663,RankSurprise
microVoSTN_R_4-6+,1,317188.79232,317628.45696,439.6646399999736,317188.79232,317628.45696,439.6646399999736,12,11.205939364131913,RankSurprise
microVoSTN_R_4-6+,1,319455.27296,320038.54336,583.2704000000376,319455.27296,320038.54336,583.2704000000376,10,5.056533979269136,RankSurprise
microVoSTN_R_4-6+,1,324738.49856,324790.23104,51.732480000006035,324738.49856,324790.23104,51.732480000006035,3,3.522837662865861,RankSurprise
microVoSTN_R_4-6+,1,333128.00768,333151.0272,23.019520000030752,333128.00768,333151.0272,23.019520000030752,3,5.360897397956034,RankSurprise
microVoSTN_R_4-6+,1,336925.77792,336949.16608,23.38815999997314,336925.77792,336949.16608,23.38815999997314,4,8.919298787023319,RankSurprise
microVoSTN_R_4-6+,1,346281.41056,346391.59296,110.1823999999906,346281.41056,346391.59296,110.1823999999906,4,3.732656019991307,RankSurprise
microVoSTN_R_4-6+,1,350974.5664,351063.12192,88.55551999999443,350974.5664,351063.12192,88.55551999999443,4,4.374828075910582,RankSurprise
microVoSTN_R_4-6+,1,351754.60864,351924.79744,170.18880000000354,351754.60864,351924.79744,170.18880000000354,5,4.0491785130450175,RankSurprise
microVoSTN_R_4-6+,1,355012.44416,355655.72096,643.2767999999924,355012.44416,355655.72096,643.2767999999924,13,8.174751411284088,RankSurprise
microVoSTN_R_4-6+,1,360187.20768,360963.6864,776.4787200000137,360187.20768,360963.6864,776.4787200000137,12,4.695799089979579,RankSurprise
microVoSTN_R_4-6+,1,368915.94752,369024.28672,108.33919999998761,368915.94752,369024.28672,108.33919999998761,4,3.8253514102144273,RankSurprise
microVoSTN_R_4-6+,1,371670.8352,371713.59744,42.762240000010934,371670.8352,371713.59744,42.762240000010934,4,6.962299433058881,RankSurprise
microVoSTN_R_4-6+,1,373988.92544,375309.76256,1320.837119999982,373988.92544,375309.76256,1320.837119999982,19,6.151845408691203,RankSurprise
microVoSTN_R_4-6+,1,378474.37312,378559.24224,84.86911999998847,378474.37312,378559.24224,84.86911999998847,5,6.993100405377852,RankSurprise
microVoSTN_R_4-6+,1,378858.61888,378999.35744,140.73855999996886,378858.61888,378999.35744,140.73855999996886,6,6.924892158221155,RankSurprise
microVoSTN_R_4-6+,1,381734.99392,381843.08736,108.09344000002602,381734.99392,381843.08736,108.09344000002602,4,3.775557700261743,RankSurprise
microVoSTN_R_4-6+,1,382847.3856,383895.22432,1047.8387199999997,382847.3856,383895.22432,1047.8387199999997,17,7.764540079230297,RankSurprise
microVoSTN_R_4-6+,1,391589.10976,391849.61536,260.50559999997495,391589.10976,391849.61536,260.50559999997495,6,3.84925736130049,RankSurprise
microVoSTN_R_4-6+,1,400531.2512,400576.63488,45.38368000002811,400531.2512,400576.63488,45.38368000002811,3,3.829318786214527,RankSurprise
microVoSTN_R_4-6+,1,410565.91872,411067.5968,501.6780799999833,410565.91872,411067.5968,501.6780799999833,9,4.550906138950713,RankSurprise
microVoSTN_R_4-6+,2,13082.86976,13354.22976,271.3600000000006,13082.86976,13354.22976,271.3600000000006,3,3.5368749816835656,RankSurprise
microVoSTN_R_4-6+,2,50832.384,51131.06432,298.6803199999995,50832.384,51131.06432,298.6803199999995,4,5.86038496919566,RankSurprise
microVoSTN_R_4-6+,2,79471.90272,79578.07104,106.16831999999704,79471.90272,79578.07104,106.16831999999704,3,5.025349916654767,RankSurprise
microVoSTN_R_4-6+,2,130701.1072,130762.79296,61.685760000007576,130701.1072,130762.79296,61.685760000007576,3,6.247385208626638,RankSurprise
microVoSTN_R_4-6+,2,169757.61408,169986.49856,228.8844800000079,169757.61408,169986.49856,228.8844800000079,3,3.787207091614361,RankSurprise
microVoSTN_R_4-6+,2,177841.31584,177999.13472,157.81888000000617,177841.31584,177999.13472,157.81888000000617,3,4.435710429697641,RankSurprise
microVoSTN_R_4-6+,2,208149.7088,210115.70688,1965.9980800000194,208149.7088,210115.70688,1965.9980800000194,7,3.7230590068251184,RankSurprise
microVoSTN_R_4-6+,2,236854.96832,239372.82048,2517.8521599999804,236854.96832,239372.82048,2517.8521599999804,8,3.9351426915875725,RankSurprise
microVoSTN_R_4-6+,2,263350.6816,264361.69728,1011.0156800000113,263350.6816,264361.69728,1011.0156800000113,6,5.268440254712132,RankSurprise
microVoSTN_R_4-6+,2,268802.90816,271816.33536,3013.4272000000346,268802.90816,271816.33536,3013.4272000000346,10,5.314478279572218,RankSurprise
microVoSTN_R_4-6+,2,280565.63712,280816.2304,250.59327999997186,280565.63712,280816.2304,250.59327999997186,3,3.6871837472744105,RankSurprise
microVoSTN_R_4-6+,2,290911.72352,292358.5536,1446.8300799999852,290911.72352,292358.5536,1446.8300799999852,6,3.75658360958557,RankSurprise
microVoSTN_R_4-6+,2,311495.76192,311699.08736,203.32543999998597,311495.76192,311699.08736,203.32543999998597,4,6.844551669983474,RankSurprise
microVoSTN_R_4-6+,2,316121.86624,318575.73888,2453.872640000016,316121.86624,318575.73888,2453.872640000016,9,5.23218537922241,RankSurprise
microVoSTN_R_4-6+,2,332656.27136,333496.1152,839.8438399999868,332656.27136,333496.1152,839.8438399999868,5,4.363891627467908,RankSurprise
microVoSTN_R_4-6+,2,339481.31328,340909.58848,1428.2751999999746,339481.31328,340909.58848,1428.2751999999746,6,3.74775478407021,RankSurprise
microVoSTN_R_4-6+,2,359065.64096,359244.14464,178.50368000002345,359065.64096,359244.14464,178.50368000002345,3,4.298664094965675,RankSurprise
microVoSTN_R_4-6+,2,368617.10336,370209.71008,1592.6067199999816,368617.10336,370209.71008,1592.6067199999816,7,4.740071799854631,RankSurprise
microVoSTN_R_4-6+,2,373924.82304,375044.83328,1120.0102400000324,373924.82304,375044.83328,1120.0102400000324,7,6.7994430867058355,RankSurprise
microVoSTN_R_4-6+,2,377532.74368,382419.06688,4886.323199999984,377532.74368,382419.06688,4886.323199999984,14,5.003892422702144,RankSurprise
microVoSTN_R_4-6+,2,398941.184,400323.25632,1382.0723199999775,398941.184,400323.25632,1382.0723199999775,7,5.6301561418265615,RankSurprise
microVoSTN_R_5-6+,2,37982.208,38055.48544,73.27743999999802,37982.208,38055.48544,73.27743999999802,3,4.592306399910441,RankSurprise
microVoSTN_R_5-6+,2,44314.66496,45214.1056,899.4406400000007,44314.66496,45214.1056,899.4406400000007,7,4.4198061908525546,RankSurprise
microVoSTN_R_5-6+,2,77476.0448,77567.46752,91.4227200000023,77476.0448,77567.46752,91.4227200000023,3,4.087389212830617,RankSurprise
microVoSTN_R_5-6+,2,205597.32736,205702.38976,105.06239999999525,205597.32736,205702.38976,105.06239999999525,3,3.8054378150878225,RankSurprise
microVoSTN_R_5-6+,2,235394.6624,235693.91616,299.2537599999923,235394.6624,235693.91616,299.2537599999923,4,3.551624747561025,RankSurprise
microVoSTN_R_5-6+,2,262957.58848,263011.20512,53.61664000002202,262957.58848,263011.20512,53.61664000002202,3,5.051470608541122,RankSurprise
microVoSTN_R_5-6+,2,271619.52256,273164.04224,1544.5196799999685,271619.52256,273164.04224,1544.5196799999685,12,6.962786965926957,RankSurprise
microVoSTN_R_5-6+,2,278469.79584,279216.08704,746.291200000036,278469.79584,279216.08704,746.291200000036,6,3.526415055896012,RankSurprise
microVoSTN_R_5-6+,2,280655.79008,281849.73312,1193.9430399999837,280655.79008,281849.73312,1193.9430399999837,12,10.125467169973028,RankSurprise
microVoSTN_R_5-6+,2,288628.81792,289035.8784,407.06047999998555,288628.81792,289035.8784,407.06047999998555,7,7.923618662069266,RankSurprise
microVoSTN_R_5-6+,2,290544.18944,290806.53824,262.34880000003614,290544.18944,290806.53824,262.34880000003614,5,5.824215248256262,RankSurprise
microVoSTN_R_5-6+,2,314979.328,315525.65248,546.3244800000102,314979.328,315525.65248,546.3244800000102,6,4.75113844825009,RankSurprise
microVoSTN_R_5-6+,2,320157.32736,320713.60512,556.2777600000263,320157.32736,320713.60512,556.2777600000263,9,10.244968537164837,RankSurprise
microVoSTN_R_5-6+,2,323714.82624,323774.13632,59.31007999996655,323714.82624,323774.13632,59.31007999996655,4,7.782333131542433,RankSurprise
microVoSTN_R_5-6+,2,325831.02464,325896.6016,65.57695999997668,325831.02464,325896.6016,65.57695999997668,3,4.8785168017507665,RankSurprise
microVoSTN_R_5-6+,2,332656.2304,332710.37952,54.14912000001641,332656.2304,332710.37952,54.14912000001641,3,4.926425002023544,RankSurprise
microVoSTN_R_5-6+,2,342418.18624,342450.83136,32.64512000000104,342418.18624,342450.83136,32.64512000000104,3,5.755667625287651,RankSurprise
microVoSTN_R_5-6+,2,351339.06944,359076.2496,7737.180159999989,351339.06944,359076.2496,7737.180159999989,31,5.622067789573202,RankSurprise
microVoSTN_R_5-6+,2,360153.78432,360443.04384,289.25952000002144,360153.78432,360443.04384,289.25952000002144,4,3.639514271728501,RankSurprise
microVoSTN_R_5-6+,2,375165.952,383170.7648,8004.812800000014,375165.952,383170.7648,8004.812800000014,37,8.728971233481328,RankSurprise
microVoSTN_R_5-6+,2,399587.9424,399879.74144,291.7990400000126,399587.9424,399879.74144,291.7990400000126,5,5.529801741860712,RankSurprise
microVA_R_4-5+,0,7658.94656,7708.0576,49.111039999999775,7658.94656,7708.0576,49.111039999999775,3,5.747077330701189,RankSurprise
microVA_R_4-5+,0,83111.85408,85226.45504,2114.600959999996,83111.85408,85226.45504,2114.600959999996,9,3.7984075617156075,RankSurprise
microVA_R_4-5+,0,89369.51808,90473.59488,1104.0768000000098,89369.51808,90473.59488,1104.0768000000098,6,3.8989325191713613,RankSurprise
microVA_R_4-5+,0,109400.14592,110050.7136,650.5676800000074,109400.14592,110050.7136,650.5676800000074,6,5.667571480822019,RankSurprise
microVA_R_4-5+,0,119515.29984,127616.69632,8101.396479999996,119515.29984,127616.69632,8101.396479999996,29,8.163547908132822,RankSurprise
microVA_R_4-5+,0,140473.71264,141170.8928,697.180159999989,140473.71264,141170.8928,697.180159999989,6,5.401207348800746,RankSurprise
microVA_R_4-5+,0,143287.17312,144392.88832,1105.715200000006,143287.17312,144392.88832,1105.715200000006,6,3.6482984178474824,RankSurprise
microVA_R_4-5+,0,165580.51328,166390.45632,809.9430399999837,165580.51328,166390.45632,809.9430399999837,8,8.274973103492554,RankSurprise
microVA_R_4-5+,0,197227.68384,197384.15104,156.4671999999846,197227.68384,197384.15104,156.4671999999846,3,3.832926723066139,RankSurprise
microVA_R_4-5+,0,200311.43936,200488.18176,176.74240000001737,200311.43936,200488.18176,176.74240000001737,4,6.047156607016287,RankSurprise
microVA_R_4-5+,0,203570.66752,205114.368,1543.7004799999995,203570.66752,205114.368,1543.7004799999995,9,5.977871881291445,RankSurprise
microVA_R_4-5+,0,256793.92768,258212.33152,1418.4038400000136,256793.92768,258212.33152,1418.4038400000136,8,4.956577196357277,RankSurprise
microVA_R_4-5+,0,272171.8272,272347.83232,176.00511999998707,272171.8272,272347.83232,176.00511999998707,3,3.563010837942482,RankSurprise
microVA_R_4-5+,0,280401.26464,281090.58048,689.3158399999957,280401.26464,281090.58048,689.3158399999957,5,3.985319624022164,RankSurprise
microVA_R_4-5+,0,344160.62464,344327.29088,166.66623999999138,344160.62464,344327.29088,166.66623999999138,3,3.6863390208742324,RankSurprise
microVA_R_4-5+,0,348418.29376,348592.20992,173.9161600000225,348418.29376,348592.20992,173.9161600000225,3,3.536607526614949,RankSurprise
microVA_R_4-5+,0,371307.88864,371614.5152,306.62656000000425,371307.88864,371614.5152,306.62656000000425,4,4.514652395012103,RankSurprise
microVA_R_4-5+,1,26042.1632,29452.4928,3410.329600000001,26042.1632,29452.4928,3410.329600000001,16,5.434987540353066,RankSurprise
microVA_R_4-5+,1,34873.5488,35697.29536,823.7465599999996,34873.5488,35697.29536,823.7465599999996,7,5.598114344633763,RankSurprise
microVA_R_4-5+,1,43853.90592,44104.704,250.79808000000048,43853.90592,44104.704,250.79808000000048,4,4.496725112235083,RankSurprise
microVA_R_4-5+,1,49927.65952,50277.33504,349.67551999999705,49927.65952,50277.33504,349.67551999999705,4,3.6992646770064894,RankSurprise
microVA_R_4-5+,1,58564.73088,58642.432,77.7011199999979,58564.73088,58642.432,77.7011199999979,3,4.589209673258367,RankSurprise
microVA_R_4-5+,1,61636.52608,63695.21664,2058.6905599999955,61636.52608,63695.21664,2058.6905599999955,14,8.415878825567551,RankSurprise
microVA_R_4-5+,1,68421.75488,68473.2416,51.48672000000079,68421.75488,68473.2416,51.48672000000079,3,5.289957007326526,RankSurprise
microVA_R_4-5+,1,78088.31488,78218.8544,130.53951999999117,78088.31488,78218.8544,130.53951999999117,3,3.7489252840510208,RankSurprise
microVA_R_4-5+,1,85744.27136,86288.34304,544.0716800000082,85744.27136,86288.34304,544.0716800000082,6,5.487367985821635,RankSurprise
microVA_R_4-5+,1,90831.33952,90944.14336,112.80384000000777,90831.33952,90944.14336,112.80384000000777,3,4.011373339209415,RankSurprise
microVA_R_4-5+,1,109357.62944,109382.0416,24.412159999992582,109357.62944,109382.0416,24.412159999992582,3,6.7475944172783215,RankSurprise
microVA_R_4-5+,1,126258.3808,126400.3072,141.92639999999665,126258.3808,126400.3072,141.92639999999665,3,3.575440309057564,RankSurprise
microVA_R_4-5+,1,219055.14496,220005.62176,950.476800000004,219055.14496,220005.62176,950.476800000004,7,4.400811117162256,RankSurprise
microVA_R_4-5+,1,232338.47296,232356.70016,18.2271999999939,232338.47296,232356.70016,18.2271999999939,3,7.0608097917352675,RankSurprise
microVA_R_4-5+,1,241431.38816,241933.59872,502.2105600000068,241431.38816,241933.59872,502.2105600000068,7,7.804405839762275,RankSurprise
microVA_R_4-5+,1,268565.504,268688.13824,122.63423999998486,268565.504,268688.13824,122.63423999998486,3,3.7749845611451853,RankSurprise
microVA_R_4-5+,1,326010.30656,326073.91744,63.6108799999929,326010.30656,326073.91744,63.6108799999929,3,5.103146324227284,RankSurprise
microVA_R_4-5+,1,351247.52384,353313.21856,2065.6947200000286,351247.52384,353313.21856,2065.6947200000286,11,4.624545327842096,RankSurprise
microVA_R_4-5+,1,366904.89344,368311.17312,1406.2796799999778,366904.89344,368311.17312,1406.2796799999778,8,3.98102764610793,RankSurprise
microVA_R_4-5+,1,380559.89248,380670.60736,110.7148800000432,380559.89248,380670.60736,110.7148800000432,3,3.9675753850959996,RankSurprise
microVA_R_4-5+,1,395536.30208,396122.89024,586.5881599999848,395536.30208,396122.89024,586.5881599999848,6,5.204716776044343,RankSurprise
microVA_R_4-5+,2,4982.62016,5174.272,191.65183999999954,4982.62016,5174.272,191.65183999999954,4,4.994607885100436,RankSurprise
microVA_R_4-5+,2,23680.65536,23797.3504,116.6950399999987,23680.65536,23797.3504,116.6950399999987,4,6.523447750437921,RankSurprise
microVA_R_4-5+,2,35003.96544,35464.02816,460.0627200000017,35003.96544,35464.02816,460.0627200000017,5,4.1385887673431085,RankSurprise
microVA_R_4-5+,2,49542.02112,49662.19776,120.17664000000514,49542.02112,49662.19776,120.17664000000514,3,3.7465280317429848,RankSurprise
microVA_R_4-5+,2,61260.3904,63666.83136,2406.44096,61260.3904,63666.83136,2406.44096,12,4.069730604557968,RankSurprise
microVA_R_4-5+,2,64927.08864,65148.55936,221.47071999999753,64927.08864,65148.55936,221.47071999999753,4,4.555793226679636,RankSurprise
microVA_R_4-5+,2,80909.14816,81634.7136,725.5654400000058,80909.14816,81634.7136,725.5654400000058,7,5.16283907873226,RankSurprise
microVA_R_4-5+,2,89921.45408,90589.30688,667.8528000000078,89921.45408,90589.30688,667.8528000000078,7,5.576144686092132,RankSurprise
microVA_R_4-5+,2,92514.26304,92640.91136,126.64831999999296,92514.26304,92640.91136,126.64831999999296,3,3.633821263136001,RankSurprise
microVA_R_4-5+,2,117748.5312,118056.18176,307.65056000000914,117748.5312,118056.18176,307.65056000000914,5,5.673341691682118,RankSurprise
microVA_R_4-5+,2,125187.85024,125269.6064,81.75616000000446,125187.85024,125269.6064,81.75616000000446,3,4.548791783584603,RankSurprise
microVA_R_4-5+,2,128528.67072,128822.43584,293.76512000001094,128528.67072,128822.43584,293.76512000001094,5,5.66395195133228,RankSurprise
microVA_R_4-5+,2,146971.56608,147072.69632,101.1302399999986,146971.56608,147072.69632,101.1302399999986,3,4.032732503012502,RankSurprise
microVA_R_4-5+,2,149298.91328,150262.784,963.8707200000063,149298.91328,150262.784,963.8707200000063,9,6.624921031822946,RankSurprise
microVA_R_4-5+,2,168214.65088,170801.84832,2587.197439999989,168214.65088,170801.84832,2587.197439999989,14,5.473218067251055,RankSurprise
microVA_R_4-5+,2,208262.18496,208562.29888,300.1139199999743,208262.18496,208562.29888,300.1139199999743,4,4.123325298348867,RankSurprise
microVA_R_4-5+,2,216997.23264,217169.34656,172.11392000000342,216997.23264,217169.34656,172.11392000000342,4,5.282739873711794,RankSurprise
microVA_R_4-5+,2,223872.2048,224011.8784,139.67359999998007,223872.2048,224011.8784,139.67359999998007,4,5.898231268467395,RankSurprise
microVA_R_4-5+,2,228691.31264,228997.89824,306.58560000002035,228691.31264,228997.89824,306.58560000002035,5,5.571247295426733,RankSurprise
microVA_R_4-5+,2,245204.95104,245776.5888,571.6377599999832,245204.95104,245776.5888,571.6377599999832,5,3.516954901238929,RankSurprise
microVA_R_4-5+,2,248427.9296,249051.3408,623.4112000000023,248427.9296,249051.3408,623.4112000000023,6,4.712498036653893,RankSurprise
microVA_R_4-5+,2,253853.81888,254513.9712,660.1523199999938,253853.81888,254513.9712,660.1523199999938,6,4.256341441233085,RankSurprise
microVA_R_4-5+,2,289110.6304,290042.6752,932.0447999999742,289110.6304,290042.6752,932.0447999999742,8,5.365590703762283,RankSurprise
microVA_R_4-5+,2,347396.3008,348744.37632,1348.0755199999548,347396.3008,348744.37632,1348.0755199999548,11,7.783272867275442,RankSurprise
microVA_R_4-5+,2,353060.12672,353183.00672,122.88000000000466,353060.12672,353183.00672,122.88000000000466,3,3.7349672093419084,RankSurprise
microVA_R_4-5+,2,368408.45312,369616.73216,1208.279039999994,368408.45312,369616.73216,1208.279039999994,9,5.382849955440824,RankSurprise
microVA_R_4-5+,2,383733.76,383855.0016,121.24160000000848,383733.76,383855.0016,121.24160000000848,3,3.7698521095012953,RankSurprise
microVA_R_4-5+,3,28581.10976,34738.66752,6157.557760000003,28581.10976,34738.66752,6157.557760000003,14,5.747768730395737,RankSurprise
microVA_R_4-5+,3,87868.78464,89250.24256,1381.4579200000007,87868.78464,89250.24256,1381.4579200000007,7,6.938066074026224,RankSurprise
microVA_R_4-5+,3,181958.12352,183097.05728,1138.9337600000144,181958.12352,183097.05728,1138.9337600000144,5,4.273647128649017,RankSurprise
microVA_R_4-5+,3,222183.66976,222411.20256,227.5328000000154,222183.66976,222411.20256,227.5328000000154,4,7.507424012854569,RankSurprise
microVA_R_4-5+,3,234189.08672,235183.96416,994.8774400000111,234189.08672,235183.96416,994.8774400000111,5,4.7555674222882125,RankSurprise
microVA_R_4-5+,3,239443.59936,239612.35456,168.75520000001416,239443.59936,239612.35456,168.75520000001416,3,5.078865428115744,RankSurprise
microVA_R_4-5+,3,242716.672,246375.38304,3658.7110399999947,242716.672,246375.38304,3658.7110399999947,10,5.280354962286641,RankSurprise
microVA_R_4-5+,3,359002.03008,359335.60832,333.57824000000255,359002.03008,359335.60832,333.57824000000255,3,3.6528307383463385,RankSurprise
microVA_R_4-5+,3,371113.04192,372029.6448,916.6028800000204,371113.04192,372029.6448,916.6028800000204,6,7.0666969255910494,RankSurprise
microVA_R_4-5+,3,388911.63648,391061.2992,2149.662720000022,388911.63648,391061.2992,2149.662720000022,6,3.64980697376163,RankSurprise
microVA_R_4-5+,4,56627.24096,57323.43808,696.1971199999971,56627.24096,57323.43808,696.1971199999971,4,4.153584169104523,RankSurprise
microVA_R_4-5+,4,101110.45632,101204.95104,94.49472000000242,101110.45632,101204.95104,94.49472000000242,3,5.918499511297201,RankSurprise
microVA_R_4-5+,4,127883.4688,127962.56256,79.09376000000339,127883.4688,127962.56256,79.09376000000339,3,6.480618429450742,RankSurprise
microVA_R_4-5+,4,157247.93856,158572.46208,1324.523519999988,157247.93856,158572.46208,1324.523519999988,6,5.723174342582489,RankSurprise
microVA_R_4-5+,4,164115.16928,165817.26208,1702.092799999984,164115.16928,165817.26208,1702.092799999984,6,4.5966146918129,RankSurprise
microVA_R_4-5+,4,213177.91744,213375.34464,197.42720000000554,213177.91744,213375.34464,197.42720000000554,3,4.511585862974575,RankSurprise
microVA_R_4-5+,4,233428.50048,236856.07424,3427.5737599999993,233428.50048,236856.07424,3427.5737599999993,9,4.83566868219654,RankSurprise
microVA_R_4-5+,4,246256.51712,247539.712,1283.1948799999955,246256.51712,247539.712,1283.1948799999955,5,3.8763546769922783,RankSurprise
microVA_R_4-5+,4,256120.54528,256875.64288,755.0976000000082,256120.54528,256875.64288,755.0976000000082,4,3.7827328203442647,RankSurprise
microVA_R_4-5+,4,289364.82816,291699.5072,2334.6790400000173,289364.82816,291699.5072,2334.6790400000173,7,4.476616702203699,RankSurprise
microVA_R_4-5+,4,311103.44704,316061.0816,4957.634559999977,311103.44704,316061.0816,4957.634559999977,10,3.6701995448481446,RankSurprise
microVA_R_4-5+,4,409906.01216,411306.27072,1400.2585599999875,409906.01216,411306.27072,1400.2585599999875,6,5.160387250326316,RankSurprise
microVA_R_5-6+,1,4924.70272,5174.272,249.5692799999997,4924.70272,5174.272,249.5692799999997,6,6.103186539050988,RankSurprise
microVA_R_5-6+,1,22096.24064,24238.03904,2141.7983999999997,22096.24064,24238.03904,2141.7983999999997,18,5.695512965374383,RankSurprise
microVA_R_5-6+,1,32450.72384,32502.5792,51.85536000000138,32450.72384,32502.5792,51.85536000000138,3,4.297879771784457,RankSurprise
microVA_R_5-6+,1,36420.28032,36471.76704,51.48672000000079,36420.28032,36471.76704,51.48672000000079,3,4.2808944551255745,RankSurprise
microVA_R_5-6+,1,64927.1296,66172.14976,1245.02016,64927.1296,66172.14976,1245.02016,13,5.562474518685979,RankSurprise
microVA_R_5-6+,1,80945.152,81634.7136,689.5616000000009,80945.152,81634.7136,689.5616000000009,8,4.0698654822289955,RankSurprise
microVA_R_5-6+,1,89550.11072,90687.0784,1136.9676800000016,89550.11072,90687.0784,1136.9676800000016,13,6.35083703421752,RankSurprise
microVA_R_5-6+,1,115580.76416,115954.56512,373.8009599999932,115580.76416,115954.56512,373.8009599999932,8,7.58675932202644,RankSurprise
microVA_R_5-6+,1,119479.0912,119899.29984,420.20864000001166,119479.0912,119899.29984,420.20864000001166,6,3.9187762926177485,RankSurprise
microVA_R_5-6+,1,123473.55136,123916.77952,443.22815999999875,123473.55136,123916.77952,443.22815999999875,6,3.9602154371566587,RankSurprise
microVA_R_5-6+,1,125187.85024,125423.8208,235.97056000000157,125187.85024,125423.8208,235.97056000000157,7,8.396047681451783,RankSurprise
microVA_R_5-6+,1,126394.04032,126421.03296,26.992639999996754,126394.04032,126421.03296,26.992639999996754,3,5.646171165392742,RankSurprise
microVA_R_5-6+,1,127579.58656,127624.84736,45.260800000003655,127579.58656,127624.84736,45.260800000003655,3,4.5521914392313665,RankSurprise
microVA_R_5-6+,1,128528.67072,128692.59264,163.92192000000796,128528.67072,128692.59264,163.92192000000796,4,4.0945010909429485,RankSurprise
microVA_R_5-6+,1,140473.71264,141268.13184,794.4191999999748,140473.71264,141268.13184,794.4191999999748,9,4.781741163425543,RankSurprise
microVA_R_5-6+,1,144391.7824,144442.04032,50.25792000000365,144391.7824,144442.04032,50.25792000000365,3,4.340985088808882,RankSurprise
microVA_R_5-6+,1,158151.96672,158303.0272,151.06048000001465,158151.96672,158303.0272,151.06048000001465,4,4.108168561563595,RankSurprise
microVA_R_5-6+,1,160951.00928,160984.63744,33.62815999999293,160951.00928,160984.63744,33.62815999999293,3,5.211627821576743,RankSurprise
microVA_R_5-6+,1,161444.90496,162071.67488,626.7699199999915,161444.90496,162071.67488,626.7699199999915,8,5.004610292305325,RankSurprise
microVA_R_5-6+,1,165580.51328,166390.45632,809.9430399999837,165580.51328,166390.45632,809.9430399999837,12,8.584100662778853,RankSurprise
microVA_R_5-6+,1,173659.66848,173682.44224,22.773760000010952,173659.66848,173682.44224,22.773760000010952,3,6.0737272313150985,RankSurprise
microVA_R_5-6+,1,195601.08032,195894.6816,293.6012800000026,195601.08032,195894.6816,293.6012800000026,5,3.785994384543965,RankSurprise
microVA_R_5-6+,1,200311.3984,200469.2992,157.90080000000307,200311.3984,200469.2992,157.90080000000307,4,3.935171383657874,RankSurprise
microVA_R_5-6+,1,203570.66752,203711.85664,141.18912000002456,203570.66752,203711.85664,141.18912000002456,4,4.395469765909027,RankSurprise
microVA_R_5-6+,1,216418.63168,218154.10688,1735.4752000000153,216418.63168,218154.10688,1735.4752000000153,17,6.489227950182745,RankSurprise
microVA_R_5-6+,1,228691.31264,228968.98048,277.66784000000916,228691.31264,228968.98048,277.66784000000916,5,4.03945776452878,RankSurprise
microVA_R_5-6+,1,234316.1856,234608.92672,292.7411199999915,234316.1856,234608.92672,292.7411199999915,6,5.690671370248033,RankSurprise
microVA_R_5-6+,1,239300.28032,239537.43872,237.1584000000148,239300.28032,239537.43872,237.1584000000148,6,6.337312115827423,RankSurprise
microVA_R_5-6+,1,265037.4144,265075.54816,38.13375999999698,265037.4144,265075.54816,38.13375999999698,3,4.935324407733395,RankSurprise
microVA_R_5-6+,1,266962.08384,267007.42656,45.342720000015106,266962.08384,267007.42656,45.342720000015106,3,4.671928683659242,RankSurprise
microVA_R_5-6+,1,279050.8544,279102.09536,51.240959999966435,279050.8544,279102.09536,51.240959999966435,3,4.349718768777636,RankSurprise
microVA_R_5-6+,1,280776.58112,280936.52992,159.94880000001285,280776.58112,280936.52992,159.94880000001285,4,3.9742175424360333,RankSurprise
microVA_R_5-6+,1,282212.18816,282276.864,64.67583999998169,282212.18816,282276.864,64.67583999998169,3,3.8490340249305692,RankSurprise
microVA_R_5-6+,1,289110.6304,290042.63424,932.0038399999612,289110.6304,290042.63424,932.0038399999612,10,4.707255146857873,RankSurprise
microVA_R_5-6+,1,302617.02656,302669.86496,52.838399999949615,302617.02656,302669.86496,52.838399999949615,3,4.2808944551255745,RankSurprise
microVA_R_5-6+,1,304788.0704,304878.1824,90.11199999996461,304788.0704,304878.1824,90.11199999996461,4,5.56697979330324,RankSurprise
microVA_R_5-6+,1,347798.40512,348744.37632,945.9711999999708,347798.40512,348744.37632,945.9711999999708,9,3.755823594699899,RankSurprise
microVA_R_5-6+,1,352830.8736,353183.00672,352.13312000001315,352830.8736,353183.00672,352.13312000001315,6,5.171034168577805,RankSurprise
microVA_R_5-6+,1,367752.51968,367775.21152,22.69183999998495,367752.51968,367775.21152,22.69183999998495,3,5.992495698456965,RankSurprise
microVA_R_5-6+,1,369321.65632,369478.00064,156.3443199999747,369321.65632,369478.00064,156.3443199999747,4,4.035984519237424,RankSurprise
microVA_R_5-6+,1,376537.088,376557.7728,20.684799999988172,376537.088,376557.7728,20.684799999988172,3,6.292530986378226,RankSurprise
microVA_R_5-6+,1,383661.91616,383860.36736,198.45119999995222,383661.91616,383860.36736,198.45119999995222,5,5.077245412946073,RankSurprise
microVA_R_5-6+,4,20665.05728,21022.80192,357.7446400000008,20665.05728,21022.80192,357.7446400000008,5,4.110853233188028,RankSurprise
microVA_R_5-6+,4,25914.90048,26117.81632,202.91584000000148,25914.90048,26117.81632,202.91584000000148,4,3.949287611047371,RankSurprise
microVA_R_5-6+,4,28565.21728,29452.4928,887.2755199999992,28565.21728,29452.4928,887.2755199999992,9,5.932320987809959,RankSurprise
microVA_R_5-6+,4,37052.98944,37389.68064,336.6912000000011,37052.98944,37389.68064,336.6912000000011,5,4.161073703059596,RankSurprise
microVA_R_5-6+,4,43679.49824,44211.24096,531.742720000002,43679.49824,44211.24096,531.742720000002,6,4.01563051208194,RankSurprise
microVA_R_5-6+,4,58614.08768,58642.432,28.34432000000379,58614.08768,58642.432,28.34432000000379,3,5.659046824921138,RankSurprise
microVA_R_5-6+,4,62770.3808,62805.36064,34.97983999999997,62770.3808,62805.36064,34.97983999999997,4,8.532411863072095,RankSurprise
microVA_R_5-6+,4,78156.10368,78218.8544,62.75071999999636,78156.10368,78218.8544,62.75071999999636,3,4.119022040336551,RankSurprise
microVA_R_5-6+,4,88565.76,89029.632,463.872000000003,88565.76,89029.632,463.872000000003,6,4.485539067998373,RankSurprise
microVA_R_5-6+,4,100732.43648,100779.29472,46.85824000000139,100732.43648,100779.29472,46.85824000000139,3,4.656398524514772,RankSurprise
microVA_R_5-6+,4,114325.01248,114486.14912,161.136639999997,114325.01248,114486.14912,161.136639999997,4,4.524377499321801,RankSurprise
microVA_R_5-6+,4,133211.46368,133303.0912,91.6275200000091,133211.46368,133303.0912,91.6275200000091,3,3.5921840654481603,RankSurprise
microVA_R_5-6+,4,157632.67584,158733.96736,1101.2915199999989,157632.67584,158733.96736,1101.2915199999989,12,7.972148438918591,RankSurprise
microVA_R_5-6+,4,165792.52224,165817.26208,24.73983999999473,165792.52224,165817.26208,24.73983999999473,3,5.706955025193915,RankSurprise
microVA_R_5-6+,4,187057.80736,187108.31104,50.50367999999435,187057.80736,187108.31104,50.50367999999435,3,4.504599749343589,RankSurprise
microVA_R_5-6+,4,193177.02656,194720.68608,1543.6595200000156,193177.02656,194720.68608,1543.6595200000156,10,3.867233657915257,RankSurprise
microVA_R_5-6+,4,201220.9152,201614.9504,394.035200000013,201220.9152,201614.9504,394.035200000013,5,3.897080053526178,RankSurprise
microVA_R_5-6+,4,219000.91392,220154.10176,1153.1878399999987,219000.91392,220154.10176,1153.1878399999987,11,6.623473468876777,RankSurprise
microVA_R_5-6+,4,222282.01472,222292.66432,10.649600000004284,222282.01472,222292.66432,10.649600000004284,3,7.033645146277837,RankSurprise
microVA_R_5-6+,4,235183.96416,235270.5536,86.58944000001065,235183.96416,235270.5536,86.58944000001065,3,3.6520178608097797,RankSurprise
microVA_R_5-6+,4,235746.59072,235914.97728,168.38655999998446,235746.59072,235914.97728,168.38655999998446,5,6.681524191695505,RankSurprise
microVA_R_5-6+,4,239343.77984,239612.35456,268.57472000000416,239343.77984,239612.35456,268.57472000000416,5,5.058074596468117,RankSurprise
microVA_R_5-6+,4,242877.76768,243026.49344,148.72576000000117,242877.76768,243026.49344,148.72576000000117,5,6.987093747219625,RankSurprise
microVA_R_5-6+,4,252908.83072,252959.70304,50.87231999999494,252908.83072,252959.70304,50.87231999999494,3,4.491354522593566,RankSurprise
microVA_R_5-6+,4,258783.15008,258859.45856,76.30848000000697,258783.15008,258859.45856,76.30848000000697,3,4.022746080180356,RankSurprise
microVA_R_5-6+,4,265198.67392,265812.09088,613.4169600000023,265198.67392,265812.09088,613.4169600000023,6,3.8129417822132634,RankSurprise
microVA_R_5-6+,4,279014.27712,279459.6352,445.35808000003453,279014.27712,279459.6352,445.35808000003453,6,4.767772695097953,RankSurprise
microVA_R_5-6+,4,300144.59904,300229.87776,85.27872000000207,300144.59904,300229.87776,85.27872000000207,3,3.609097561084999,RankSurprise
microVA_R_5-6+,4,308449.73056,308538.08128,88.35071999998763,308449.73056,308538.08128,88.35071999998763,4,6.084014915782397,RankSurprise
microVA_R_5-6+,4,312960.69632,313662.30016,701.6038399999961,312960.69632,313662.30016,701.6038399999961,7,4.318613427628367,RankSurprise
microVA_R_5-6+,4,330286.03904,332570.78784,2284.748800000001,330286.03904,332570.78784,2284.748800000001,14,4.006235926684824,RankSurprise
microVA_R_5-6+,4,339200.90112,339603.53792,402.6367999999784,339200.90112,339603.53792,402.6367999999784,5,3.5789107560773274,RankSurprise
microVA_R_5-6+,4,352311.45984,353313.25952,1001.7996799999964,352311.45984,353313.25952,1001.7996799999964,8,3.58173179114126,RankSurprise
microVA_R_5-6+,4,392114.09408,392406.46656,292.3724799999618,392114.09408,392406.46656,292.3724799999618,6,6.630519520919108,RankSurprise
microVA_R_5-6+,4,402327.83872,402404.10624,76.26751999999397,402327.83872,402404.10624,76.26751999999397,3,3.8430730975724874,RankSurprise
microVA_R_5-6+,4,410599.50592,410771.21024,171.70431999996072,410599.50592,410771.21024,171.70431999996072,4,4.394549048344544,RankSurprise
microVA_R_7-8+,0,33281.72032,33370.35776,88.6374399999986,33281.72032,33370.35776,88.6374399999986,3,3.518918795234015,RankSurprise
microVA_R_7-8+,0,61917.5936,62275.584,357.9904000000024,61917.5936,62275.584,357.9904000000024,6,5.0365524261141985,RankSurprise
microVA_R_7-8+,0,75900.47744,76493.78304,593.3055999999924,75900.47744,76493.78304,593.3055999999924,7,4.940176389624934,RankSurprise
microVA_R_7-8+,0,159657.12384,159890.55488,233.43104000002495,159657.12384,159890.55488,233.43104000002495,5,4.927290922825602,RankSurprise
microVA_R_7-8+,0,164685.74208,164807.59808,121.85599999999977,164685.74208,164807.59808,121.85599999999977,4,5.230916516082097,RankSurprise
microVA_R_7-8+,0,172657.78688,172902.4,244.61311999999452,172657.78688,172902.4,244.61311999999452,5,5.299213340589674,RankSurprise
microVA_R_7-8+,0,222920.04864,223011.51232,91.4636800000153,222920.04864,223011.51232,91.4636800000153,4,5.918757576692446,RankSurprise
microVA_R_7-8+,0,224028.13952,224214.26176,186.12223999999696,224028.13952,224214.26176,186.12223999999696,5,6.085052648086414,RankSurprise
microVA_R_7-8+,0,229222.27712,229427.4048,205.12767999997595,229222.27712,229427.4048,205.12767999997595,4,3.8624711360764756,RankSurprise
microVA_R_7-8+,0,237809.74592,237859.79904,50.053120000025956,237809.74592,237859.79904,50.053120000025956,3,4.733196840663867,RankSurprise
microVA_R_7-8+,0,252657.09056,254190.05952,1532.9689599999983,252657.09056,254190.05952,1532.9689599999983,11,3.7790969290653735,RankSurprise
microVA_R_7-8+,0,256156.22144,256322.7648,166.54336000001058,256156.22144,256322.7648,166.54336000001058,5,6.316762920599697,RankSurprise
microVA_R_7-8+,0,258909.3888,259433.79968,524.4108800000104,258909.3888,259433.79968,524.4108800000104,8,6.370617611352894,RankSurprise
microVA_R_7-8+,0,260805.50912,261244.84608,439.336959999986,260805.50912,261244.84608,439.336959999986,8,7.202619306885332,RankSurprise
microVA_R_7-8+,0,278680.00256,278734.68416,54.6816000000108,278680.00256,278734.68416,54.6816000000108,3,4.409254472009755,RankSurprise
microVA_R_7-8+,0,279400.93952,279423.26272,22.323199999984354,279400.93952,279423.26272,22.323199999984354,4,10.368462660055965,RankSurprise
microVA_R_7-8+,0,301438.85312,302100.11136,661.2582399999956,301438.85312,302100.11136,661.2582399999956,8,5.755785054808616,RankSurprise
microVA_R_7-8+,0,307004.08832,307037.3888,33.30048000003444,307004.08832,307037.3888,33.30048000003444,3,5.447607569159667,RankSurprise
microVA_R_7-8+,0,309483.80672,309769.87136,286.06463999999687,309483.80672,309769.87136,286.06463999999687,5,4.304242349601537,RankSurprise
microVA_R_7-8+,0,316478.01344,316751.50336,273.4899199999636,316478.01344,316751.50336,273.4899199999636,7,8.594020561781711,RankSurprise
microVA_R_7-8+,0,319700.86912,320658.88256,958.0134400000097,319700.86912,320658.88256,958.0134400000097,9,3.831421732731434,RankSurprise
microVA_R_7-8+,0,324886.20032,324967.46496,81.26464000000851,324886.20032,324967.46496,81.26464000000851,4,6.1714145277852275,RankSurprise
microVA_R_7-8+,0,328818.0736,328879.43168,61.358079999976326,328818.0736,328879.43168,61.358079999976326,3,4.196663296095204,RankSurprise
microVA_R_7-8+,0,341531.36128,341589.56544,58.20415999996476,341531.36128,341589.56544,58.20415999996476,3,4.311969957901711,RankSurprise
microVA_R_7-8+,0,345478.67648,345672.17152,193.49503999995068,345478.67648,345672.17152,193.49503999995068,6,7.974476083314617,RankSurprise
microVA_R_7-8+,0,355294.33088,362579.68128,7285.350399999996,355294.33088,362579.68128,7285.350399999996,51,15.407387510070453,RankSurprise
microVA_R_7-8+,0,367063.69536,367691.73504,628.0396799999871,367063.69536,367691.73504,628.0396799999871,10,8.243451314418406,RankSurprise
microVA_R_7-8+,0,369108.5824,369597.15328,488.57088000001386,369108.5824,369597.15328,488.57088000001386,9,9.006684470657683,RankSurprise
microVA_R_7-8+,0,372121.96864,372147.07712,25.108479999995325,372121.96864,372147.07712,25.108479999995325,3,5.944279445487565,RankSurprise
microVA_R_7-8+,0,378096.68096,378765.96736,669.2863999999827,378096.68096,378765.96736,669.2863999999827,8,5.492650838777179,RankSurprise
microVA_R_7-8+,1,1629.26592,1779.26144,149.99551999999994,1629.26592,1779.26144,149.99551999999994,4,4.245611784717049,RankSurprise
microVA_R_7-8+,1,6221.04576,6259.63008,38.584319999999934,6221.04576,6259.63008,38.584319999999934,4,8.337817861290926,RankSurprise
microVA_R_7-8+,1,6968.23808,7276.38016,308.1420799999996,6968.23808,7276.38016,308.1420799999996,5,3.671134955781554,RankSurprise
microVA_R_7-8+,1,15854.10048,16226.0992,371.9987200000014,15854.10048,16226.0992,371.9987200000014,7,6.469261709295021,RankSurprise
microVA_R_7-8+,1,25112.1664,25171.84512,59.67872000000352,25112.1664,25171.84512,59.67872000000352,3,3.9771568720248904,RankSurprise
microVA_R_7-8+,1,25963.52,26010.58304,47.06304000000091,25963.52,26010.58304,47.06304000000091,3,4.633393195841528,RankSurprise
microVA_R_7-8+,1,35745.87392,35886.20288,140.32895999999892,35745.87392,35886.20288,140.32895999999892,5,6.76016245671757,RankSurprise
microVA_R_7-8+,1,52268.60544,52330.86464,62.25920000000042,52268.60544,52330.86464,62.25920000000042,3,4.024329132492124,RankSurprise
microVA_R_7-8+,1,60802.08896,60831.1296,29.040639999999257,60802.08896,60831.1296,29.040639999999257,3,5.513480879051723,RankSurprise
microVA_R_7-8+,1,67413.85216,67880.46848,466.616320000001,67413.85216,67880.46848,466.616320000001,6,3.6769661658949686,RankSurprise
microVA_R_7-8+,1,157381.8368,157426.56512,44.728320000023814,157381.8368,157426.56512,44.728320000023814,3,4.607669102576558,RankSurprise
microVA_R_7-8+,1,191802.5728,191852.62592,50.05311999999685,191802.5728,191852.62592,50.05311999999685,3,4.355837632308489,RankSurprise
microVA_R_7-8+,1,208570.94144,208868.18816,297.24671999999555,208570.94144,208868.18816,297.24671999999555,6,5.8049103957035015,RankSurprise
microVA_R_7-8+,1,217132.52352,217730.6624,598.1388800000132,217132.52352,217730.6624,598.1388800000132,8,5.14879490253167,RankSurprise
microVA_R_7-8+,1,230438.37952,231002.23488,563.8553600000159,230438.37952,231002.23488,563.8553600000159,7,4.36300259495506,RankSurprise
microVA_R_7-8+,1,242592.1536,243151.01184,558.8582400000014,242592.1536,243151.01184,558.8582400000014,10,9.240098155897906,RankSurprise
microVA_R_7-8+,1,248413.7984,248471.38816,57.58976000000257,248413.7984,248471.38816,57.58976000000257,3,4.112148640567291,RankSurprise
microVA_R_7-8+,1,251115.97056,251381.59616,265.6255999999994,251115.97056,251381.59616,265.6255999999994,5,4.374777254132887,RankSurprise
microVA_R_7-8+,1,252382.37184,252410.34752,27.975680000003194,252382.37184,252410.34752,27.975680000003194,3,5.8882110601135516,RankSurprise
microVA_R_7-8+,1,264531.3536,264630.14912,98.79552000004333,264531.3536,264630.14912,98.79552000004333,4,5.248903770997991,RankSurprise
microVA_R_7-8+,1,267324.78464,267381.80096,57.016319999995176,267324.78464,267381.80096,57.016319999995176,3,4.235581937284813,RankSurprise
microVA_R_7-8+,1,272213.8112,272328.00768,114.19647999998415,272213.8112,272328.00768,114.19647999998415,4,4.924261428422238,RankSurprise
microVA_R_7-8+,1,302130.3808,302256.29184,125.91104000003543,302130.3808,302256.29184,125.91104000003543,5,6.950244684538905,RankSurprise
microVA_R_7-8+,1,306529.19808,307462.30784,933.1097600000212,306529.19808,307462.30784,933.1097600000212,8,3.932843011016572,RankSurprise
microVA_R_7-8+,1,320095.39584,321242.5216,1147.1257599999662,320095.39584,321242.5216,1147.1257599999662,11,5.526864772624475,RankSurprise
microVA_R_7-8+,1,322850.89792,324195.16416,1344.266239999968,322850.89792,324195.16416,1344.266239999968,12,5.317512905236766,RankSurprise
microVA_R_7-8+,1,329607.168,329683.84512,76.67712000000756,329607.168,329683.84512,76.67712000000756,4,6.0274429116698265,RankSurprise
microVA_R_7-8+,1,336565.12512,336612.7616,47.636480000044685,336565.12512,336612.7616,47.636480000044685,4,7.468749490973185,RankSurprise
microVA_R_7-8+,1,344334.7456,344777.64608,442.90047999995295,344334.7456,344777.64608,442.90047999995295,6,4.249028818875117,RankSurprise
microVA_R_7-8+,1,345865.8304,348111.33952,2245.5091200000024,345865.8304,348111.33952,2245.5091200000024,21,9.909301427951645,RankSurprise
microVA_R_7-8+,1,357148.01664,357386.77248,238.755839999998,357148.01664,357386.77248,238.755839999998,5,4.554023520597436,RankSurprise
microVA_R_7-8+,1,360387.584,360537.4976,149.91360000002896,360387.584,360537.4976,149.91360000002896,5,6.079043736939404,RankSurprise
microVA_R_7-8+,1,365238.51776,365349.80608,111.28831999999238,365238.51776,365349.80608,111.28831999999238,4,5.066020734625344,RankSurprise
microVA_R_7-8+,1,368488.73472,370252.63616,1763.901439999987,368488.73472,370252.63616,1763.901439999987,17,8.301891740277096,RankSurprise
microVA_R_7-8+,1,372371.70176,373905.32608,1533.6243200000026,372371.70176,373905.32608,1533.6243200000026,13,4.69932134040731,RankSurprise
microVA_R_7-8+,1,375155.22048,375255.16288,99.9423999999999,375155.22048,375255.16288,99.9423999999999,5,7.968776124831447,RankSurprise
microVA_R_7-8+,1,401485.66016,401494.13888,8.478719999955501,401485.66016,401494.13888,8.478719999955501,3,8.316841259958258,RankSurprise
microVA_R_7-8+,1,406522.75712,406568.87808,46.12095999997109,406522.75712,406568.87808,46.12095999997109,3,4.557192734956114,RankSurprise
