Electrode,Cluster,Start_ms,End_ms,Duration_ms,Num_Spikes,RS,Method
microGPi1_L_1_CommonFiltered,0,19176.32512,19326.52544,150.20031999999992,5,4.220982084327922,RankSurprise
microGPi1_L_1_CommonFiltered,0,29939.67104,29967.64672,27.975679999999556,3,4.584452167517206,RankSurprise
microGPi1_L_1_CommonFiltered,0,32851.27168,32874.04544,22.773760000003676,3,5.1417517992347985,RankSurprise
microGPi1_L_1_CommonFiltered,0,34400.70656,34817.47456,416.76800000000367,10,6.166227251848089,RankSurprise
microGPi1_L_1_CommonFiltered,0,48932.6592,48979.5584,46.89919999999984,4,5.769504834325545,RankSurprise
microGPi1_L_1_CommonFiltered,0,54052.78208,54079.8976,27.11551999999938,3,4.635925770788232,RankSurprise
microGPi1_L_1_CommonFiltered,0,60492.96384,60499.39456,6.43072000000393,3,8.469183030657344,RankSurprise
microGPi1_L_1_CommonFiltered,0,61013.48352,61054.48448,41.000959999997576,3,3.5832295139086288,RankSurprise
microGPi1_L_1_CommonFiltered,0,66899.51744,66994.13504,94.61759999999776,6,8.279234180895074,RankSurprise
microGPi1_L_1_CommonFiltered,0,68662.96832,68687.13472,24.166400000001886,3,4.993877676841468,RankSurprise
microGPi1_L_1_CommonFiltered,0,73460.89984,73768.22272,307.322880000007,12,11.688189896477558,RankSurprise
microGPi1_L_1_CommonFiltered,0,74503.90528,74976.54272,472.63743999999133,9,4.809428382441192,RankSurprise
microGPi1_L_1_CommonFiltered,0,75382.53824,75394.49856,11.96032000001287,3,6.996064275840075,RankSurprise
microGPi1_L_1_CommonFiltered,0,88461.35296,88692.77696,231.42399999999907,8,7.345195793713672,RankSurprise
microGPi1_L_1_CommonFiltered,0,89389.6704,89548.51328,158.8428799999965,5,4.117321741002243,RankSurprise
microGPi1_L_1_CommonFiltered,0,93658.7264,93692.88704,34.16064000000188,3,4.0577687560119475,RankSurprise
microGPi1_L_1_CommonFiltered,0,94577.0496,95978.65984,1401.6102399999945,21,5.336905756274737,RankSurprise
microGPi1_L_1_CommonFiltered,0,97728.67584,98180.21888,451.5430400000041,11,7.1585838027587245,RankSurprise
microGPi1_L_1_CommonFiltered,0,100858.22464,100971.68384,113.45919999999751,6,7.1791802981498805,RankSurprise
microGPi1_L_1_CommonFiltered,0,102492.69248,102510.71488,18.022400000001653,3,5.386332548213618,RankSurprise
microGPi1_L_1_CommonFiltered,0,104371.93728,104775.2704,403.3331199999957,12,9.220944427347932,RankSurprise
microGPi1_L_1_CommonFiltered,0,117350.6048,117444.36224,93.75744000000122,4,4.165235076886777,RankSurprise
microGPi1_L_1_CommonFiltered,0,129874.944,130710.40512,835.4611199999927,18,10.138852353170327,RankSurprise
microGPi1_L_1_CommonFiltered,0,132088.05376,132315.05408,227.00031999999192,7,5.296976131023967,RankSurprise
microGPi1_L_1_CommonFiltered,0,135920.96768,136016.2816,95.31391999998596,4,3.7582115547973594,RankSurprise
microGPi1_L_1_CommonFiltered,0,142977.76128,143004.63104,26.869760000001406,3,4.735183141262938,RankSurprise
microGPi1_L_1_CommonFiltered,0,150768.80384,150814.67904,45.875199999980396,3,3.5268265773143828,RankSurprise
microGPi1_L_1_CommonFiltered,0,154951.92576,154960.24064,8.314879999990808,3,7.825306899104182,RankSurprise
microGPi1_L_1_CommonFiltered,0,158458.55232,158505.65632,47.10400000002119,4,5.913532876328919,RankSurprise
microGPi1_L_1_CommonFiltered,0,159492.21888,159725.07648,232.85759999998845,7,5.202372617552034,RankSurprise
microGPi1_L_1_CommonFiltered,0,173706.32192,174376.7552,670.4332800000266,17,12.312571640932582,RankSurprise
microGPi1_L_1_CommonFiltered,0,178382.76608,178542.46912,159.70303999999305,7,7.540836804259477,RankSurprise
microGPi1_L_1_CommonFiltered,0,180358.5536,180983.23456,624.6809599999979,9,3.8596964907977025,RankSurprise
microGPi1_L_1_CommonFiltered,0,186762.89536,186890.40384,127.50848000001861,5,4.716253204414823,RankSurprise
microGPi1_L_1_CommonFiltered,0,191772.59008,191922.46272,149.87264000001596,5,4.106840235769269,RankSurprise
microGPi1_L_1_CommonFiltered,0,192305.07008,192400.09728,95.02719999998226,5,5.882759748914953,RankSurprise
microGPi1_L_1_CommonFiltered,0,193236.21376,193630.49472,394.2809599999746,9,5.2775505963253115,RankSurprise
microGPi1_L_1_CommonFiltered,0,194663.09632,194816.32768,153.23135999997612,5,3.9578662801902453,RankSurprise
microGPi1_L_1_CommonFiltered,0,195254.10816,195471.48288,217.37471999999252,6,3.9713977203739725,RankSurprise
microGPi1_L_1_CommonFiltered,0,197225.84064,198260.77696,1034.9363199999789,19,8.519013349648805,RankSurprise
microGPi1_L_1_CommonFiltered,0,201952.13312,202104.13568,152.00255999999354,6,6.059278926623712,RankSurprise
microGPi1_L_1_CommonFiltered,0,214674.6368,214718.21824,43.58143999997992,3,3.5788339024355906,RankSurprise
microGPi1_L_1_CommonFiltered,0,218215.54688,218311.10656,95.55967999997665,4,3.695925539859587,RankSurprise
microGPi1_L_1_CommonFiltered,0,218739.9168,218840.96512,101.0483200000017,5,5.561490342370508,RankSurprise
microGPi1_L_1_CommonFiltered,0,220277.1456,220812.98432,535.8387199999997,10,4.679976221090776,RankSurprise
microGPi1_L_1_CommonFiltered,0,226989.58848,227124.55168,134.96319999999832,5,4.534539034093143,RankSurprise
microGPi1_L_1_CommonFiltered,0,239377.65376,239870.44352,492.7897600000142,10,4.690494164034179,RankSurprise
microGPi1_L_1_CommonFiltered,0,242680.4224,244497.85856,1817.436159999983,29,10.279685203690953,RankSurprise
microGPi1_L_1_CommonFiltered,0,254051.7376,254097.2032,45.4655999999959,4,6.097329011081655,RankSurprise
microGPi1_L_1_CommonFiltered,0,263947.18208,264033.56672,86.38464000000386,4,4.0113550660854465,RankSurprise
microGPi1_L_1_CommonFiltered,0,274659.9424,274700.32896,40.38656000001356,3,3.6549058074493086,RankSurprise
microGPi1_L_1_CommonFiltered,0,276085.06368,276417.20832,332.14463999995496,9,6.239433321675471,RankSurprise
microGPi1_L_1_CommonFiltered,0,278304.3584,279677.66528,1373.3068799999892,19,5.0016571570900155,RankSurprise
microGPi1_L_1_CommonFiltered,0,284038.79936,284070.37952,31.580160000012256,3,4.244766578636966,RankSurprise
microGPi1_L_1_CommonFiltered,0,290218.72128,290367.65184,148.93056000000797,5,4.029092363463857,RankSurprise
microGPi1_L_1_CommonFiltered,0,291372.2368,291384.40192,12.165119999961462,3,6.745729855477668,RankSurprise
microGPi1_L_1_CommonFiltered,0,311781.13024,311964.71296,183.58271999994759,6,4.71540117551736,RankSurprise
microGPi1_L_1_CommonFiltered,0,324354.78528,324855.48032,500.6950399999623,8,3.5944179372019347,RankSurprise
microGPi1_L_1_CommonFiltered,0,325118.7712,325165.79328,47.02207999996608,4,5.932032473184918,RankSurprise
microGPi1_L_1_CommonFiltered,0,326460.66176,326499.61472,38.95296000002418,3,3.801543771054172,RankSurprise
microGPi1_L_1_CommonFiltered,0,347358.49472,347375.49312,16.99839999998221,3,5.715522318303082,RankSurprise
microGPi1_L_1_CommonFiltered,0,375712.07168,375747.46112,35.38943999999901,3,3.9125434271483126,RankSurprise
microGPi1_L_1_CommonFiltered,0,379400.51968,379568.86528,168.34560000000056,6,5.17842260209725,RankSurprise
microGPi1_L_1_CommonFiltered,0,389843.3536,389859.40992,16.05632000003243,3,6.2054187307952535,RankSurprise
microGPi1_L_1_CommonFiltered,0,394941.0304,395307.70432,366.6739200000302,10,6.835146944572196,RankSurprise
microGPi1_L_1_CommonFiltered,0,396544.36864,396779.23328,234.86463999998523,6,4.13913168235971,RankSurprise
microGPi1_L_1_CommonFiltered,1,8788.45952,8804.06528,15.605760000000373,3,4.601993810229237,RankSurprise
microGPi1_L_1_CommonFiltered,1,16073.64608,16258.00704,184.36095999999998,9,6.027826244745103,RankSurprise
microGPi1_L_1_CommonFiltered,1,18409.2672,18431.13984,21.87264000000141,3,3.7122659396372963,RankSurprise
microGPi1_L_1_CommonFiltered,1,27360.4608,27377.58208,17.121279999999388,3,4.388325976822598,RankSurprise
microGPi1_L_1_CommonFiltered,1,28576.64512,28700.30336,123.65824000000066,7,4.756599989921893,RankSurprise
microGPi1_L_1_CommonFiltered,1,29123.7888,29324.65664,200.86784000000262,8,4.5594721952320665,RankSurprise
microGPi1_L_1_CommonFiltered,1,29648.32256,29739.74528,91.42271999999866,9,11.301410223932315,RankSurprise
microGPi1_L_1_CommonFiltered,1,30131.44576,30144.63488,13.189120000002731,3,4.99142161170351,RankSurprise
microGPi1_L_1_CommonFiltered,1,30688.70656,31610.96192,922.2553600000028,32,10.126487373204972,RankSurprise
microGPi1_L_1_CommonFiltered,1,31904.72704,31941.95968,37.232639999998355,4,4.64755179495085,RankSurprise
microGPi1_L_1_CommonFiltered,1,32212.41856,32443.51488,231.09632000000056,10,5.935920774684806,RankSurprise
microGPi1_L_1_CommonFiltered,1,34358.31296,34627.25632,268.9433599999975,13,7.714250150440916,RankSurprise
microGPi1_L_1_CommonFiltered,1,35075.31776,35178.00448,102.68672000000515,5,3.6076944842492615,RankSurprise
microGPi1_L_1_CommonFiltered,1,38697.45152,38755.36896,57.91743999999744,5,5.248475498303126,RankSurprise
microGPi1_L_1_CommonFiltered,1,46464.69632,46730.81344,266.11711999999534,11,6.8419895915194395,RankSurprise
microGPi1_L_1_CommonFiltered,1,47668.51072,47726.75584,58.24511999999959,5,5.20909055644324,RankSurprise
microGPi1_L_1_CommonFiltered,1,48886.3744,48906.40384,20.02943999999843,3,3.9034423059704775,RankSurprise
microGPi1_L_1_CommonFiltered,1,50979.26656,51009.98656,30.720000000001164,4,5.357354979105146,RankSurprise
microGPi1_L_1_CommonFiltered,1,51910.36928,52021.98528,111.6160000000018,6,3.9103235881955,RankSurprise
microGPi1_L_1_CommonFiltered,1,54405.7344,54465.69984,59.965439999999944,7,9.802290534081152,RankSurprise
microGPi1_L_1_CommonFiltered,1,61643.40736,61900.8,257.3926400000055,11,5.545369232041335,RankSurprise
microGPi1_L_1_CommonFiltered,1,62759.7312,63075.5328,315.80159999999887,10,3.7174367890274236,RankSurprise
microGPi1_L_1_CommonFiltered,1,66897.55136,66911.15008,13.598720000009052,3,4.888729543259517,RankSurprise
microGPi1_L_1_CommonFiltered,1,67708.39552,67728.13824,19.742719999994733,3,3.935502190835697,RankSurprise
microGPi1_L_1_CommonFiltered,1,68117.9136,68421.18144,303.26784000000043,13,6.887261011371015,RankSurprise
microGPi1_L_1_CommonFiltered,1,69246.68928,69287.19872,40.509439999994356,4,4.407276722346108,RankSurprise
microGPi1_L_1_CommonFiltered,1,71154.0736,71905.0752,751.0016000000032,22,6.168251023039203,RankSurprise
microGPi1_L_1_CommonFiltered,1,72089.88672,73394.3808,1304.494080000004,38,8.997298054086825,RankSurprise
microGPi1_L_1_CommonFiltered,1,74576.52736,74592.256,15.728640000001178,3,4.543870019072857,RankSurprise
microGPi1_L_1_CommonFiltered,1,75528.68352,75569.88928,41.2057599999971,4,4.282978133684729,RankSurprise
microGPi1_L_1_CommonFiltered,1,81662.64832,81704.87808,42.22976000000199,4,4.308452393523101,RankSurprise
microGPi1_L_1_CommonFiltered,1,81993.03168,82308.54656,315.51488000000245,11,4.110213454783075,RankSurprise
microGPi1_L_1_CommonFiltered,1,83311.32928,83325.21472,13.885439999998198,3,4.829553571314326,RankSurprise
microGPi1_L_1_CommonFiltered,1,83907.29728,84119.10144,211.80415999999968,13,11.010416437202593,RankSurprise
microGPi1_L_1_CommonFiltered,1,85530.70592,85618.60608,87.90016000000469,6,5.0718390634694615,RankSurprise
microGPi1_L_1_CommonFiltered,1,86989.29152,87037.66528,48.37376000000222,4,3.856495338225912,RankSurprise
microGPi1_L_1_CommonFiltered,1,90373.5296,90391.51104,17.981440000003204,4,7.417505767644698,RankSurprise
microGPi1_L_1_CommonFiltered,1,93504.55296,93526.13888,21.585919999997714,3,3.7368747589271525,RankSurprise
microGPi1_L_1_CommonFiltered,1,98338.69312,98371.42016,32.72703999999794,4,5.073624547728581,RankSurprise
microGPi1_L_1_CommonFiltered,1,99105.5872,99956.57216,850.9849600000016,23,4.568801627719358,RankSurprise
microGPi1_L_1_CommonFiltered,1,100546.80576,101012.0704,465.26463999999396,16,5.290980174911123,RankSurprise
microGPi1_L_1_CommonFiltered,1,104017.26464,104023.81824,6.553599999999278,3,7.015157666121995,RankSurprise
microGPi1_L_1_CommonFiltered,1,105030.4512,105174.99904,144.54783999999927,7,4.389509490994199,RankSurprise
microGPi1_L_1_CommonFiltered,1,109995.99104,110011.51488,15.523840000008931,3,4.591613156319768,RankSurprise
microGPi1_L_1_CommonFiltered,1,113163.14112,113617.79712,454.6560000000027,15,4.7436943595171215,RankSurprise
microGPi1_L_1_CommonFiltered,1,114667.43808,114719.66208,52.22399999998743,4,3.5579219510940376,RankSurprise
microGPi1_L_1_CommonFiltered,1,115834.22464,115856.75264,22.528000000005704,3,3.6748199005026336,RankSurprise
microGPi1_L_1_CommonFiltered,1,121348.096,121437.30688,89.21087999999872,6,5.150477654617838,RankSurprise
microGPi1_L_1_CommonFiltered,1,122615.56224,122666.35264,50.790399999998044,4,3.599375702847567,RankSurprise
microGPi1_L_1_CommonFiltered,1,123077.8368,123329.1264,251.28959999998915,13,8.224127525311086,RankSurprise
microGPi1_L_1_CommonFiltered,1,124120.63744,124161.92512,41.287679999994,4,4.342758092149783,RankSurprise
microGPi1_L_1_CommonFiltered,1,125617.39776,125652.62336,35.22559999999066,4,4.9847130580819154,RankSurprise
microGPi1_L_1_CommonFiltered,1,128896.94208,129313.01376,416.0716800000082,21,13.425493728422849,RankSurprise
microGPi1_L_1_CommonFiltered,1,130362.9824,130405.33504,42.35264000001189,4,4.2276847390166985,RankSurprise
microGPi1_L_1_CommonFiltered,1,131152.97792,131169.85344,16.875520000001416,3,4.397700999710905,RankSurprise
microGPi1_L_1_CommonFiltered,1,144559.7184,144602.89024,43.17183999999543,4,4.132905595807237,RankSurprise
microGPi1_L_1_CommonFiltered,1,145173.21728,145274.30656,101.08927999998559,6,4.421613808863239,RankSurprise
microGPi1_L_1_CommonFiltered,1,149219.90144,149511.5776,291.6761600000027,13,7.76221778715125,RankSurprise
microGPi1_L_1_CommonFiltered,1,151878.08256,152218.2144,340.1318399999873,12,4.9134644627846376,RankSurprise
microGPi1_L_1_CommonFiltered,1,154175.52896,154339.45088,163.9219199999934,10,8.52224091082433,RankSurprise
microGPi1_L_1_CommonFiltered,1,154953.85088,154969.7024,15.851519999996526,3,4.533785956975276,RankSurprise
microGPi1_L_1_CommonFiltered,1,155877.25312,156122.84928,245.5961599999864,11,5.860825662526707,RankSurprise
microGPi1_L_1_CommonFiltered,1,157517.45536,157604.37248,86.91711999999825,5,3.670557653365176,RankSurprise
microGPi1_L_1_CommonFiltered,1,159521.66912,159623.65952,101.99039999998058,8,8.16318584578602,RankSurprise
microGPi1_L_1_CommonFiltered,1,163144.0896,163167.47776,23.388160000002244,3,3.58520488457893,RankSurprise
microGPi1_L_1_CommonFiltered,1,163707.6992,163719.65952,11.960319999983767,3,5.214121113276853,RankSurprise
microGPi1_L_1_CommonFiltered,1,166705.02912,166826.84416,121.81504000001587,6,4.143052060277717,RankSurprise
microGPi1_L_1_CommonFiltered,1,170489.32352,170508.24704,18.92351999998209,3,4.045363823884896,RankSurprise
microGPi1_L_1_CommonFiltered,1,171111.424,171186.46272,75.03872000001138,5,3.976534840839573,RankSurprise
microGPi1_L_1_CommonFiltered,1,175140.08576,175428.68992,288.60416000001715,14,8.702779366067935,RankSurprise
microGPi1_L_1_CommonFiltered,1,176809.1648,177136.72192,327.5571200000122,13,6.4723383851522085,RankSurprise
microGPi1_L_1_CommonFiltered,1,177930.69056,177993.40032,62.709759999997914,5,4.832231537195501,RankSurprise
microGPi1_L_1_CommonFiltered,1,179128.81152,179200.86016,72.04864000002271,5,4.266372532996595,RankSurprise
microGPi1_L_1_CommonFiltered,1,182680.20736,182698.8032,18.595839999994496,3,4.042739150462124,RankSurprise
microGPi1_L_1_CommonFiltered,1,192386.74432,192496.80384,110.0595200000098,7,5.596364461845661,RankSurprise
microGPi1_L_1_CommonFiltered,1,192738.304,192958.21824,219.9142399999837,9,4.766315694877673,RankSurprise
microGPi1_L_1_CommonFiltered,1,193697.87392,193718.19008,20.316159999987576,3,3.918175343156138,RankSurprise
microGPi1_L_1_CommonFiltered,1,194197.38112,194208.3584,10.977279999991879,3,5.448804354365629,RankSurprise
microGPi1_L_1_CommonFiltered,1,194762.71104,194788.5568,25.845759999996517,4,5.969869625834789,RankSurprise
microGPi1_L_1_CommonFiltered,1,195183.04256,195228.01664,44.974079999985406,5,6.343793610770721,RankSurprise
microGPi1_L_1_CommonFiltered,1,196112.5888,196798.91456,686.325760000007,30,15.931527055611443,RankSurprise
microGPi1_L_1_CommonFiltered,1,197230.46912,197313.49504,83.0259200000146,6,5.537608426442333,RankSurprise
microGPi1_L_1_CommonFiltered,1,197564.29312,197845.77024,281.477120000025,12,6.300388299835796,RankSurprise
microGPi1_L_1_CommonFiltered,1,199180.41088,199635.18976,454.778879999998,17,6.650964588994069,RankSurprise
microGPi1_L_1_CommonFiltered,1,202000.26112,202010.29632,10.035199999983888,3,5.7575478984182435,RankSurprise
microGPi1_L_1_CommonFiltered,1,202387.49696,202398.35136,10.854400000011083,3,5.486238669187523,RankSurprise
microGPi1_L_1_CommonFiltered,1,202647.87968,202666.8032,18.92351999998209,3,4.106701991884554,RankSurprise
microGPi1_L_1_CommonFiltered,1,203353.74336,203370.65984,16.916480000014417,3,4.388325976822598,RankSurprise
microGPi1_L_1_CommonFiltered,1,205013.8112,205052.64128,38.83008000001428,4,4.460627281311115,RankSurprise
microGPi1_L_1_CommonFiltered,1,209852.29312,209891.24608,38.95296000002418,4,4.500362971163625,RankSurprise
microGPi1_L_1_CommonFiltered,1,213219.00032,213322.87488,103.87455999999656,7,5.971985179433562,RankSurprise
microGPi1_L_1_CommonFiltered,1,218163.44576,218177.3312,13.885439999983646,3,4.853014273304224,RankSurprise
microGPi1_L_1_CommonFiltered,1,219786.32192,219887.4112,101.0892800000147,7,6.377046455702709,RankSurprise
microGPi1_L_1_CommonFiltered,1,226618.61376,227199.7952,581.1814399999857,21,9.48564481630308,RankSurprise
microGPi1_L_1_CommonFiltered,1,229795.6352,229869.69088,74.05568000001949,5,4.092185027972985,RankSurprise
microGPi1_L_1_CommonFiltered,1,233715.01568,233753.14944,38.13375999999698,4,4.549859981626405,RankSurprise
microGPi1_L_1_CommonFiltered,1,236304.13824,236321.05472,16.916479999985313,3,4.382100287091255,RankSurprise
microGPi1_L_1_CommonFiltered,1,237034.04544,237224.79616,190.75072000001092,10,6.566050349272665,RankSurprise
microGPi1_L_1_CommonFiltered,1,240976.11776,241126.03136,149.91359999999986,7,4.007558018389927,RankSurprise
microGPi1_L_1_CommonFiltered,1,242725.888,243242.47552,516.587520000001,22,10.964741234256643,RankSurprise
microGPi1_L_1_CommonFiltered,1,244004.6592,244257.95584,253.29664000001503,14,9.948132660142505,RankSurprise
microGPi1_L_1_CommonFiltered,1,244416.22528,244878.45888,462.23359999997774,25,19.95702854627617,RankSurprise
microGPi1_L_1_CommonFiltered,1,249129.04192,249162.83392,33.79200000001583,4,5.104598285425496,RankSurprise
microGPi1_L_1_CommonFiltered,1,252022.45632,252029.70624,7.249920000002021,3,6.655348775378277,RankSurprise
microGPi1_L_1_CommonFiltered,1,258194.6368,258397.63456,202.99775999999838,9,5.358649931923139,RankSurprise
microGPi1_L_1_CommonFiltered,1,260198.27712,260249.88672,51.609599999996135,4,3.6209974209872584,RankSurprise
microGPi1_L_1_CommonFiltered,1,261611.7248,261738.37312,126.64832000000752,7,4.696354780220135,RankSurprise
microGPi1_L_1_CommonFiltered,1,262471.31136,262671.36,200.0486399999936,8,4.264383174853126,RankSurprise
microGPi1_L_1_CommonFiltered,1,266353.95072,266403.0208,49.07007999997586,4,4.066094762715181,RankSurprise
microGPi1_L_1_CommonFiltered,1,268691.16928,268853.12512,161.95584000000963,8,4.945052589072514,RankSurprise
microGPi1_L_1_CommonFiltered,1,271147.70432,271197.47072,49.76639999996405,4,3.7132700277945254,RankSurprise
microGPi1_L_1_CommonFiltered,1,271720.6528,271740.19072,19.53792000003159,3,3.869481501756571,RankSurprise
microGPi1_L_1_CommonFiltered,1,272025.51808,272032.768,7.249919999972917,3,6.5700273016213995,RankSurprise
microGPi1_L_1_CommonFiltered,1,273910.784,274135.20384,224.41983999998774,9,4.549002878613904,RankSurprise
microGPi1_L_1_CommonFiltered,1,279452.672,279559.5776,106.90559999999823,6,4.340086019463108,RankSurprise
microGPi1_L_1_CommonFiltered,1,279733.4528,279840.19456,106.74175999994623,6,4.410210086984536,RankSurprise
microGPi1_L_1_CommonFiltered,1,281540.73088,281679.09376,138.3628800000297,7,4.386477233636454,RankSurprise
microGPi1_L_1_CommonFiltered,1,283907.6864,283928.3712,20.684799999988172,3,3.8408242848354153,RankSurprise
microGPi1_L_1_CommonFiltered,1,286637.54752,286726.84032,89.29279999999562,6,5.038142715752038,RankSurprise
microGPi1_L_1_CommonFiltered,1,289079.78752,289102.39744,22.609919999958947,3,3.7256513813832157,RankSurprise
microGPi1_L_1_CommonFiltered,1,292477.37856,292500.2752,22.89663999999175,3,3.593568725504211,RankSurprise
microGPi1_L_1_CommonFiltered,1,296942.87872,297131.78624,188.90752000000793,8,4.366807621695355,RankSurprise
microGPi1_L_1_CommonFiltered,1,301115.02336,301190.06208,75.03872000001138,5,4.004229114749396,RankSurprise
microGPi1_L_1_CommonFiltered,1,311171.85024,311194.25536,22.405120000010356,3,3.5418595232381005,RankSurprise
microGPi1_L_1_CommonFiltered,1,311353.87648,311548.14976,194.27328000002308,10,6.688381461041197,RankSurprise
microGPi1_L_1_CommonFiltered,1,316145.0496,316186.78784,41.73823999997694,4,4.257718366460999,RankSurprise
microGPi1_L_1_CommonFiltered,1,322073.47712,322087.28064,13.803520000015851,3,4.896753634311947,RankSurprise
microGPi1_L_1_CommonFiltered,1,324587.23328,324621.18912,33.95584000000963,4,5.016936794592148,RankSurprise
microGPi1_L_1_CommonFiltered,1,341918.43328,341940.6336,22.200320000003558,3,3.6061804365682786,RankSurprise
microGPi1_L_1_CommonFiltered,1,342860.43136,343119.09376,258.6624000000302,9,3.5322999614286426,RankSurprise
microGPi1_L_1_CommonFiltered,1,343278.71488,343525.13024,246.4153600000427,10,4.523580826439343,RankSurprise
microGPi1_L_1_CommonFiltered,1,348817.73568,348865.04448,47.30879999999888,4,3.8993426630117227,RankSurprise
microGPi1_L_1_CommonFiltered,1,350682.35776,350853.36576,171.00800000003073,8,5.039846095221348,RankSurprise
microGPi1_L_1_CommonFiltered,1,352747.15136,353313.91488,566.7635199999786,17,4.286930805086787,RankSurprise
microGPi1_L_1_CommonFiltered,1,380909.24032,380962.52928,53.28896000003442,5,5.509104123984887,RankSurprise
microGPi1_L_1_CommonFiltered,1,383605.1456,383635.08736,29.941760000016075,4,5.433308436837638,RankSurprise
microGPi1_L_1_CommonFiltered,1,385269.47328,385346.31424,76.84096000000136,5,3.8769888837559243,RankSurprise
microGPi1_L_1_CommonFiltered,1,398681.45664,398703.32928,21.872640000015963,3,3.7323778472362346,RankSurprise
microGPi1_L_1_CommonFiltered,1,399605.06368,399649.95584,44.89215999998851,4,4.066094762715181,RankSurprise
microGPi1_L_1_CommonFiltered,1,404145.43872,404197.62176,52.18304000003263,4,3.5354301118429667,RankSurprise
microGPi1_L_1_CommonFiltered,1,404898.36544,405325.33248,426.9670399999595,15,5.745781751079031,RankSurprise
microGPi1_L_1_CommonFiltered,1,405772.94336,405787.32032,14.376960000023246,3,4.787244262103895,RankSurprise
microGPi1_L_1_CommonFiltered,1,407543.15264,407560.88832,17.73568000004161,3,4.273229811704381,RankSurprise
microGPi1_L_1_CommonFiltered,1,408777.76896,408795.136,17.367039999982808,3,4.2761753219341365,RankSurprise
microGPi1_L_1_CommonFiltered,2,30738.0224,31891.6608,1153.6383999999998,10,5.217117569454616,RankSurprise
microGPi1_L_1_CommonFiltered,2,34470.912,35219.41504,748.5030400000032,10,5.8515921766158225,RankSurprise
microGPi1_L_1_CommonFiltered,2,36495.07328,36558.56128,63.48800000000483,3,3.9487822455642725,RankSurprise
microGPi1_L_1_CommonFiltered,2,52450.304,52888.576,438.2720000000045,8,6.510101751363326,RankSurprise
microGPi1_L_1_CommonFiltered,2,53916.95872,53964.26752,47.30879999999888,3,4.115982526386393,RankSurprise
microGPi1_L_1_CommonFiltered,2,66424.46336,66973.24544,548.7820800000045,9,7.163094614213152,RankSurprise
microGPi1_L_1_CommonFiltered,2,72474.86976,73505.3824,1030.5126400000008,14,8.703334308306463,RankSurprise
microGPi1_L_1_CommonFiltered,2,83742.06464,83830.04672,87.98208000000159,7,13.558242873192043,RankSurprise
microGPi1_L_1_CommonFiltered,2,85134.78656,85515.50976,380.72320000000764,7,5.959810657900232,RankSurprise
microGPi1_L_1_CommonFiltered,2,101434.53184,101461.4016,26.869760000001406,3,5.261284549465792,RankSurprise
microGPi1_L_1_CommonFiltered,2,113072.98816,113137.41824,64.43008000000555,3,3.8605321051706714,RankSurprise
microGPi1_L_1_CommonFiltered,2,114462.63808,114802.60608,339.9679999999935,6,4.7093698523957395,RankSurprise
microGPi1_L_1_CommonFiltered,2,119605.28896,119805.09184,199.80287999998836,5,5.004886272073946,RankSurprise
microGPi1_L_1_CommonFiltered,2,171106.22208,171697.93024,591.7081599999801,7,3.7193705772503063,RankSurprise
microGPi1_L_1_CommonFiltered,2,173832.02816,176575.81568,2743.7875200000126,29,17.561503695800873,RankSurprise
microGPi1_L_1_CommonFiltered,2,178111.81568,178234.73664,122.92095999998855,5,6.566602339267941,RankSurprise
microGPi1_L_1_CommonFiltered,2,182741.93408,183130.3168,388.38271999999415,6,4.005823999904011,RankSurprise
microGPi1_L_1_CommonFiltered,2,187388.5184,187545.3952,156.87679999999818,4,4.214973850286722,RankSurprise
microGPi1_L_1_CommonFiltered,2,192350.08512,192507.82208,157.73696000000928,4,3.8243288129896094,RankSurprise
microGPi1_L_1_CommonFiltered,2,196230.22592,197536.44032,1306.214399999997,14,6.911590748847361,RankSurprise
microGPi1_L_1_CommonFiltered,2,199431.20896,199487.20128,55.99232000001939,3,4.072853857152264,RankSurprise
microGPi1_L_1_CommonFiltered,2,218585.21088,218658.16064,72.9497599999886,3,3.677336804328119,RankSurprise
microGPi1_L_1_CommonFiltered,2,221411.77856,221474.65216,62.87359999999171,3,3.7126579827773405,RankSurprise
microGPi1_L_1_CommonFiltered,2,228629.62688,228678.57408,48.947199999995064,3,4.371403736619953,RankSurprise
microGPi1_L_1_CommonFiltered,2,241045.9136,241100.26752,54.353919999994105,3,4.0835491462690126,RankSurprise
microGPi1_L_1_CommonFiltered,2,243899.67872,244268.8512,369.17248000000836,10,10.857564525098667,RankSurprise
microGPi1_L_1_CommonFiltered,2,264705.47456,264763.92448,58.44991999998456,3,3.85096265415452,RankSurprise
microGPi1_L_1_CommonFiltered,2,271579.58656,272700.74368,1121.157119999989,11,4.540285490597107,RankSurprise
microGPi1_L_1_CommonFiltered,2,279634.944,280655.2576,1020.313599999994,11,5.990700145897804,RankSurprise
microGPi1_L_1_CommonFiltered,2,309932.11392,309988.10624,55.99232000001939,3,3.9689336774042765,RankSurprise
microGPi1_L_1_CommonFiltered,2,336733.51168,336774.22592,40.714240000001155,3,4.58006407270789,RankSurprise
microGPi1_L_1_CommonFiltered,2,340735.50848,340825.86624,90.35775999998441,4,5.63693671572824,RankSurprise
microGPi1_L_1_CommonFiltered,2,383816.4992,383871.95904,55.45983999996679,3,4.020218875904133,RankSurprise
microGPi1_L_1_CommonFiltered,2,404429.94688,405129.70752,699.7606399999931,8,3.8144823305457938,RankSurprise
microGPi1_L_1_CommonFiltered,3,12383.232,12635.3408,252.10879999999997,7,5.940378998249457,RankSurprise
microGPi1_L_1_CommonFiltered,3,20806.69696,20833.77152,27.07455999999729,3,4.933041261674672,RankSurprise
microGPi1_L_1_CommonFiltered,3,26241.35168,26348.21632,106.86463999999978,5,5.932760925393644,RankSurprise
microGPi1_L_1_CommonFiltered,3,29056.57344,29220.2496,163.67615999999907,5,4.489014484114904,RankSurprise
microGPi1_L_1_CommonFiltered,3,34876.6208,35698.03264,821.4118400000007,14,7.288053510264639,RankSurprise
microGPi1_L_1_CommonFiltered,3,45422.71488,45465.8048,43.08991999999853,3,3.9436443107984367,RankSurprise
microGPi1_L_1_CommonFiltered,3,52872.97024,53127.90528,254.93503999999666,6,4.730204768505393,RankSurprise
microGPi1_L_1_CommonFiltered,3,60237.70112,60360.13056,122.42943999999989,4,3.814130481138019,RankSurprise
microGPi1_L_1_CommonFiltered,3,70831.3088,70867.84512,36.53631999999925,3,4.3141508517212195,RankSurprise
microGPi1_L_1_CommonFiltered,3,73575.38304,73627.2384,51.85536000000138,3,3.5547576243008603,RankSurprise
microGPi1_L_1_CommonFiltered,3,74218.2912,74235.57632,17.28511999998591,3,6.0831923970896185,RankSurprise
microGPi1_L_1_CommonFiltered,3,81827.14368,81857.41312,30.26944000000367,3,4.749705693431219,RankSurprise
microGPi1_L_1_CommonFiltered,3,93956.25984,93994.43456,38.17471999999543,3,4.200051061481133,RankSurprise
microGPi1_L_1_CommonFiltered,3,96076.3904,96275.08736,198.69696000000113,5,3.8197042025219794,RankSurprise
microGPi1_L_1_CommonFiltered,3,100547.42016,101942.10816,1394.6880000000092,19,7.750470498971715,RankSurprise
microGPi1_L_1_CommonFiltered,3,102867.06688,102983.72096,116.65408000000753,4,3.750734644714921,RankSurprise
microGPi1_L_1_CommonFiltered,3,108287.7952,108329.49248,41.697280000007595,3,4.023257030695328,RankSurprise
microGPi1_L_1_CommonFiltered,3,116700.32384,116719.49312,19.16928000000189,3,5.850783723782014,RankSurprise
microGPi1_L_1_CommonFiltered,3,117143.63392,117721.86624,578.2323200000101,8,3.5186553902118414,RankSurprise
microGPi1_L_1_CommonFiltered,3,121525.12512,121546.62912,21.504000000000815,3,5.68874917307792,RankSurprise
microGPi1_L_1_CommonFiltered,3,122834.944,122869.06368,34.11968000000343,3,4.494232272435806,RankSurprise
microGPi1_L_1_CommonFiltered,3,129194.06592,129211.88352,17.817600000009406,3,6.0831923970896185,RankSurprise
microGPi1_L_1_CommonFiltered,3,139715.74784,141797.49888,2081.751040000003,24,7.6654055395385825,RankSurprise
microGPi1_L_1_CommonFiltered,3,143240.88832,143370.73152,129.84320000000298,5,5.12729660566,RankSurprise
microGPi1_L_1_CommonFiltered,3,143984.10752,144024.73984,40.632320000004256,3,4.085117814779736,RankSurprise
microGPi1_L_1_CommonFiltered,3,151732.26496,152083.456,351.19104000000516,7,4.438076972160633,RankSurprise
microGPi1_L_1_CommonFiltered,3,154677.73952,154783.90784,106.16831999999704,5,6.104662741902246,RankSurprise
microGPi1_L_1_CommonFiltered,3,157997.17888,158034.5344,37.35552000001189,3,4.24491291222667,RankSurprise
microGPi1_L_1_CommonFiltered,3,159216.27136,159295.52896,79.25759999998263,4,4.8160204558160125,RankSurprise
microGPi1_L_1_CommonFiltered,3,169694.16704,172176.7936,2482.6265600000042,23,4.408757835140389,RankSurprise
microGPi1_L_1_CommonFiltered,3,175897.14944,175945.728,48.57855999999447,3,3.6648268712921386,RankSurprise
microGPi1_L_1_CommonFiltered,3,191476.81792,191589.82656,113.00863999998546,4,4.127700883818459,RankSurprise
microGPi1_L_1_CommonFiltered,3,192841.68704,194077.24544,1235.558400000009,16,5.31372568015014,RankSurprise
microGPi1_L_1_CommonFiltered,3,196334.51008,196705.73056,371.22047999998904,6,3.7490624169622047,RankSurprise
microGPi1_L_1_CommonFiltered,3,201687.12192,202051.01056,363.8886399999901,8,6.148001746641325,RankSurprise
microGPi1_L_1_CommonFiltered,3,203709.97248,203969.08544,259.11295999999857,6,4.76513666219077,RankSurprise
microGPi1_L_1_CommonFiltered,3,207060.41856,207289.79456,229.3760000000184,5,3.515870366905993,RankSurprise
microGPi1_L_1_CommonFiltered,3,210242.02752,210616.97536,374.947840000008,7,4.265456393484632,RankSurprise
microGPi1_L_1_CommonFiltered,3,219154.06336,219199.16032,45.096959999995306,3,3.8298692776627625,RankSurprise
microGPi1_L_1_CommonFiltered,3,223068.81536,223336.8576,268.04223999998067,6,4.103628813251102,RankSurprise
microGPi1_L_1_CommonFiltered,3,228691.84512,228764.59008,72.7449599999818,4,5.017365707959264,RankSurprise
microGPi1_L_1_CommonFiltered,3,263040.32768,263199.37536,159.04768000001786,5,4.600733571029444,RankSurprise
microGPi1_L_1_CommonFiltered,3,271320.71936,271637.7088,316.98944000003394,8,7.393821367759694,RankSurprise
microGPi1_L_1_CommonFiltered,3,274592.27648,275196.06784,603.7913599999738,10,5.632901830950113,RankSurprise
microGPi1_L_1_CommonFiltered,3,280093.36832,280146.5344,53.16607999999542,3,3.5334524582916096,RankSurprise
microGPi1_L_1_CommonFiltered,3,292259.14368,292495.68768,236.5439999999944,5,4.013737766209651,RankSurprise
microGPi1_L_1_CommonFiltered,3,305001.79968,305262.83776,261.03808000002755,6,4.504372262252182,RankSurprise
microGPi1_L_1_CommonFiltered,3,309805.4656,309845.1968,39.73119999998016,3,4.170692637304565,RankSurprise
microGPi1_L_1_CommonFiltered,3,314235.12576,314374.84032,139.71455999999307,5,5.094084123113312,RankSurprise
microGPi1_L_1_CommonFiltered,3,316881.96096,316928.53248,46.57151999999769,5,9.653136882416725,RankSurprise
microGPi1_L_1_CommonFiltered,3,325767.08608,325882.30656,115.22048000001814,5,5.984076680232757,RankSurprise
microGPi1_L_1_CommonFiltered,3,332625.83808,332735.24224,109.4041599999764,4,3.8712026503583132,RankSurprise
microGPi1_L_1_CommonFiltered,3,335154.95424,335436.34944,281.3952000000281,6,4.375981441625464,RankSurprise
microGPi1_L_1_CommonFiltered,3,347504.96768,347540.15232,35.184639999992214,3,4.3298680856131515,RankSurprise
microGPi1_L_1_CommonFiltered,3,350901.98528,350972.5184,70.53311999997823,4,5.179255093792754,RankSurprise
microGPi1_L_1_CommonFiltered,3,351958.2208,352359.0144,400.7935999999754,7,3.7683646553737304,RankSurprise
microGPi1_L_1_CommonFiltered,3,353269.63712,353302.528,32.890879999962635,3,4.581774018044051,RankSurprise
microGPi1_L_1_CommonFiltered,3,373979.5456,375217.52064,1237.9750399999903,16,6.009193942874799,RankSurprise
microGPi1_L_1_CommonFiltered,3,389521.08032,389969.22368,448.1433599999873,7,3.5610405306340653,RankSurprise
microGPi1_L_1_CommonFiltered,3,403677.42976,404559.872,882.4422399999457,13,6.158836405145348,RankSurprise
microGPi1_L_1_CommonFiltered,3,412496.77312,412816.87552,320.1023999999743,7,4.953485785722185,RankSurprise
microGPi1_L_1_CommonFiltered,4,10163.73248,10302.17728,138.4447999999993,5,5.504144844769112,RankSurprise
microGPi1_L_1_CommonFiltered,4,12056.04352,12200.01792,143.97440000000097,5,5.479514178375272,RankSurprise
microGPi1_L_1_CommonFiltered,4,19622.99392,19719.12704,96.1331199999986,4,4.536493850099667,RankSurprise
microGPi1_L_1_CommonFiltered,4,22926.9504,22959.84128,32.890879999999015,3,4.718475978483054,RankSurprise
microGPi1_L_1_CommonFiltered,4,39666.72896,39706.13248,39.403519999999844,3,4.377223013973833,RankSurprise
microGPi1_L_1_CommonFiltered,4,51284.29568,53210.80832,1926.5126399999936,20,5.2745551340195105,RankSurprise
microGPi1_L_1_CommonFiltered,4,55277.9776,55524.72064,246.7430400000012,6,4.794404985215188,RankSurprise
microGPi1_L_1_CommonFiltered,4,59008.2048,59725.12768,716.9228799999983,13,7.6674571340724125,RankSurprise
microGPi1_L_1_CommonFiltered,4,74073.33376,74696.25344,622.9196800000063,13,9.61580297641813,RankSurprise
microGPi1_L_1_CommonFiltered,4,75408.5888,75475.02592,66.43712000000232,4,5.734843765699626,RankSurprise
microGPi1_L_1_CommonFiltered,4,95424.14336,95556.608,132.46463999999105,4,3.6247064294360207,RankSurprise
microGPi1_L_1_CommonFiltered,4,104143.42144,104513.1264,369.7049599999882,12,13.52889387418649,RankSurprise
microGPi1_L_1_CommonFiltered,4,109963.8784,110017.37216,53.493759999997565,3,3.684455628329202,RankSurprise
microGPi1_L_1_CommonFiltered,4,115713.4336,116368.1792,654.7455999999947,11,6.348484206218421,RankSurprise
microGPi1_L_1_CommonFiltered,4,118202.65472,118262.08768,59.432959999991,3,3.5132593563841983,RankSurprise
microGPi1_L_1_CommonFiltered,4,129912.99584,130133.1968,220.20096000000194,7,7.63930444063746,RankSurprise
microGPi1_L_1_CommonFiltered,4,139693.54752,139942.37952,248.83199999999488,7,6.618749780258945,RankSurprise
microGPi1_L_1_CommonFiltered,4,149001.05216,149398.9376,397.88544000001275,7,4.996132006672827,RankSurprise
microGPi1_L_1_CommonFiltered,4,158703.24736,158762.22976,58.98239999997895,4,6.192161173282827,RankSurprise
microGPi1_L_1_CommonFiltered,4,159626.07616,159687.0656,60.989440000004834,3,3.507609623842077,RankSurprise
microGPi1_L_1_CommonFiltered,4,165315.29728,165333.11488,17.817600000009406,3,6.194636256248971,RankSurprise
microGPi1_L_1_CommonFiltered,4,172929.72032,174230.97856,1301.2582399999956,15,4.177287566146083,RankSurprise
microGPi1_L_1_CommonFiltered,4,175766.20032,176764.55936,998.3590400000103,24,20.181763822875038,RankSurprise
microGPi1_L_1_CommonFiltered,4,177947.27936,178624.26624,676.9868800000113,11,6.184428471654607,RankSurprise
microGPi1_L_1_CommonFiltered,4,193731.82976,193754.84928,23.01952000000165,3,5.649212736121269,RankSurprise
microGPi1_L_1_CommonFiltered,4,195233.95584,195344.46592,110.51007999997819,4,4.180846145404754,RankSurprise
microGPi1_L_1_CommonFiltered,4,196536.56576,196876.94336,340.3776000000071,8,6.572436212339187,RankSurprise
microGPi1_L_1_CommonFiltered,4,204140.78976,204152.34048,11.550719999999274,3,7.327488694317719,RankSurprise
microGPi1_L_1_CommonFiltered,4,218716.61056,219374.34624,657.7356800000125,9,4.594138666158391,RankSurprise
microGPi1_L_1_CommonFiltered,4,221382.57408,221414.76864,32.19456000000355,3,4.824602416000861,RankSurprise
microGPi1_L_1_CommonFiltered,4,226449.85856,226876.94848,427.08991999999853,7,3.93023877772686,RankSurprise
microGPi1_L_1_CommonFiltered,4,238847.13984,239727.86176,880.7219200000109,14,8.345061896364573,RankSurprise
microGPi1_L_1_CommonFiltered,4,243440.10752,243889.64352,449.5360000000219,7,3.7367101038365145,RankSurprise
microGPi1_L_1_CommonFiltered,4,276107.6736,276368.75264,261.07904000004055,6,4.571244689453088,RankSurprise
microGPi1_L_1_CommonFiltered,4,277321.9328,277417.24672,95.31391999998596,4,4.647129968799433,RankSurprise
microGPi1_L_1_CommonFiltered,4,291230.14656,292093.952,863.8054399999673,12,4.719908336874429,RankSurprise
microGPi1_L_1_CommonFiltered,4,313928.41728,313965.64992,37.23264000000199,3,4.578767453484582,RankSurprise
microGPi1_L_1_CommonFiltered,4,324583.6288,324609.88416,26.255360000010114,4,9.069545433325159,RankSurprise
microGPi1_L_1_CommonFiltered,4,332541.50144,333509.46816,967.9667199999676,13,5.232362883696288,RankSurprise
microGPi1_L_1_CommonFiltered,4,340188.61056,340294.94272,106.33215999999084,4,4.190048621040134,RankSurprise
microGPi1_L_1_CommonFiltered,4,350641.02912,351296.7168,655.6876799999736,12,8.43754996314968,RankSurprise
microGPi1_L_1_CommonFiltered,4,374918.9632,374966.23104,47.26783999998588,4,6.9091275489798605,RankSurprise
microGPi1_L_1_CommonFiltered,4,389797.23264,389891.2768,94.04415999999037,5,7.046508546964535,RankSurprise
microGPi1_L_1_CommonFiltered,4,396749.66016,397103.84128,354.1811199999647,8,6.133858893239829,RankSurprise
microGPi1_L_1_CommonFiltered,4,412420.99712,412479.16032,58.163200000009965,3,3.5823311121051464,RankSurprise
microGPi1_L_2_CommonFiltered,0,20806.57408,20888.53504,81.96096000000034,3,4.732594257156157,RankSurprise
microGPi1_L_2_CommonFiltered,0,29754.94144,31297.82272,1542.8812800000014,9,4.837457167067691,RankSurprise
microGPi1_L_2_CommonFiltered,0,55328.3584,56477.36832,1149.009920000004,8,6.434364154210493,RankSurprise
microGPi1_L_2_CommonFiltered,0,72474.91072,72574.68928,99.77856000000611,4,7.036324741544014,RankSurprise
microGPi1_L_2_CommonFiltered,0,82952.11008,83901.52192,949.4118400000007,7,4.535801579308374,RankSurprise
microGPi1_L_2_CommonFiltered,0,104073.50272,105011.77344,938.2707200000004,7,4.830916136781113,RankSurprise
microGPi1_L_2_CommonFiltered,0,107886.26432,108238.68416,352.4198400000023,4,3.517158513363068,RankSurprise
microGPi1_L_2_CommonFiltered,0,112079.2576,113514.25024,1434.9926399999968,8,4.160190159938035,RankSurprise
microGPi1_L_2_CommonFiltered,0,115259.71968,116645.4784,1385.7587200000125,8,4.01750536696344,RankSurprise
microGPi1_L_2_CommonFiltered,0,173522.3296,177248.256,3725.9263999999966,24,15.122692050114091,RankSurprise
microGPi1_L_2_CommonFiltered,0,202871.76704,202969.74336,97.97631999998703,3,4.35464191477014,RankSurprise
microGPi1_L_2_CommonFiltered,0,219754.04544,219806.26944,52.22400000001653,3,5.600411847774536,RankSurprise
microGPi1_L_2_CommonFiltered,0,226785.28,226908.32384,123.04383999999845,3,3.8025733324701,RankSurprise
microGPi1_L_2_CommonFiltered,0,237679.53408,241860.77184,4181.237759999989,15,4.975554852799789,RankSurprise
microGPi1_L_2_CommonFiltered,0,242950.06208,244025.67168,1075.6095999999961,8,6.64675632362281,RankSurprise
microGPi1_L_2_CommonFiltered,0,372886.48704,373030.58432,144.09728000004543,3,3.666595440018808,RankSurprise
microGPi1_L_2_CommonFiltered,0,377994.32192,378249.46176,255.1398399999598,5,6.554587628067331,RankSurprise
microGPi1_L_2_CommonFiltered,1,12028.23168,12052.43904,24.207359999998516,4,6.030866837456923,RankSurprise
microGPi1_L_2_CommonFiltered,1,15681.24928,15851.56096,170.3116800000007,9,5.859054702658645,RankSurprise
microGPi1_L_2_CommonFiltered,1,19176.28416,19182.75584,6.4716800000023795,3,6.676021373817461,RankSurprise
microGPi1_L_2_CommonFiltered,1,22881.28,22967.58272,86.30271999999968,6,5.175044491359813,RankSurprise
microGPi1_L_2_CommonFiltered,1,23112.41728,23155.79392,43.37663999999859,4,4.0406816119388544,RankSurprise
microGPi1_L_2_CommonFiltered,1,28201.82016,28234.38336,32.563200000000506,5,7.755970104412807,RankSurprise
microGPi1_L_2_CommonFiltered,1,28576.64512,28596.30592,19.660799999997835,3,3.838797775974191,RankSurprise
microGPi1_L_2_CommonFiltered,1,29578.11712,31426.06848,1847.9513600000028,50,9.515531280967938,RankSurprise
microGPi1_L_2_CommonFiltered,1,33381.94944,33428.19328,46.24384000000282,4,3.835868979960342,RankSurprise
microGPi1_L_2_CommonFiltered,1,34353.23392,34652.89728,299.66335999999865,14,7.8503743481936175,RankSurprise
microGPi1_L_2_CommonFiltered,1,34817.47456,34935.84896,118.3744000000006,8,7.167437571144642,RankSurprise
microGPi1_L_2_CommonFiltered,1,38719.24224,38729.68704,10.444799999997485,3,5.363450244446815,RankSurprise
microGPi1_L_2_CommonFiltered,1,46648.15616,46691.1232,42.96704000000318,4,4.0458142062625875,RankSurprise
microGPi1_L_2_CommonFiltered,1,50901.68832,50982.2976,80.60927999999694,5,3.6599032941443035,RankSurprise
microGPi1_L_2_CommonFiltered,1,52308.04992,53000.3968,692.3468800000046,18,3.9371231434260436,RankSurprise
microGPi1_L_2_CommonFiltered,1,61703.24992,62336.90112,633.6512000000002,23,9.222435398649967,RankSurprise
microGPi1_L_2_CommonFiltered,1,63895.10144,63976.89856,81.7971200000029,5,3.784527824656937,RankSurprise
microGPi1_L_2_CommonFiltered,1,66478.94016,66560.04096,81.10080000000016,5,3.691615615176641,RankSurprise
microGPi1_L_2_CommonFiltered,1,66897.55136,66934.66112,37.109760000006645,6,9.810618261984501,RankSurprise
microGPi1_L_2_CommonFiltered,1,68620.65664,68795.06432,174.4076800000039,7,3.959936480712203,RankSurprise
microGPi1_L_2_CommonFiltered,1,69206.34368,69246.73024,40.38655999999901,4,4.295661310597254,RankSurprise
microGPi1_L_2_CommonFiltered,1,71228.12928,71244.71808,16.58880000001227,3,4.3207682202850926,RankSurprise
microGPi1_L_2_CommonFiltered,1,72089.84576,73746.2272,1656.3814399999974,50,13.087888195558552,RankSurprise
microGPi1_L_2_CommonFiltered,1,74361.93792,74380.288,18.3500800000038,3,4.000939264546647,RankSurprise
microGPi1_L_2_CommonFiltered,1,80712.25344,80744.448,32.19456000000355,4,5.01103777660953,RankSurprise
microGPi1_L_2_CommonFiltered,1,81012.44928,81060.16768,47.71839999999793,4,3.7431185838656518,RankSurprise
microGPi1_L_2_CommonFiltered,1,82087.5264,82130.98496,43.458559999999125,4,4.028739597575807,RankSurprise
microGPi1_L_2_CommonFiltered,1,83271.35232,84050.41152,779.0591999999888,30,12.762414529676086,RankSurprise
microGPi1_L_2_CommonFiltered,1,85115.33056,85157.6832,42.352639999997336,4,4.161011631071776,RankSurprise
microGPi1_L_2_CommonFiltered,1,87541.43232,87549.70624,8.273919999992358,3,5.9696505296173275,RankSurprise
microGPi1_L_2_CommonFiltered,1,88461.35296,88675.40992,214.0569600000017,9,4.381405473862117,RankSurprise
microGPi1_L_2_CommonFiltered,1,89461.92384,89533.39904,71.47520000000077,5,4.27458299513863,RankSurprise
microGPi1_L_2_CommonFiltered,1,99105.5872,99126.72256,21.13536000000022,3,3.650656610126971,RankSurprise
microGPi1_L_2_CommonFiltered,1,99601.6128,99984.05632,382.4435200000007,13,4.538534628271859,RankSurprise
microGPi1_L_2_CommonFiltered,1,100798.42304,101196.8,398.3769600000087,15,6.657086309801275,RankSurprise
microGPi1_L_2_CommonFiltered,1,101434.53184,101461.4016,26.869760000001406,4,5.659870352651282,RankSurprise
microGPi1_L_2_CommonFiltered,1,102290.51392,102334.21824,43.70432000000437,4,3.9931961559321607,RankSurprise
microGPi1_L_2_CommonFiltered,1,104308.28544,104735.98976,427.7043199999898,14,4.88226088956277,RankSurprise
microGPi1_L_2_CommonFiltered,1,105155.29728,105190.35904,35.061759999996866,4,4.816684039679647,RankSurprise
microGPi1_L_2_CommonFiltered,1,111865.07776,111885.68064,20.602880000005825,3,3.8155716988308637,RankSurprise
microGPi1_L_2_CommonFiltered,1,114539.7248,114549.59616,9.871360000004643,3,5.556019112121287,RankSurprise
microGPi1_L_2_CommonFiltered,1,115715.60448,115726.86848,11.264000000010128,3,5.223795960632634,RankSurprise
microGPi1_L_2_CommonFiltered,1,121340.39552,121437.26592,96.87039999999979,6,4.44917964669904,RankSurprise
microGPi1_L_2_CommonFiltered,1,122315.5712,122322.08384,6.512640000000829,3,6.623107864310837,RankSurprise
microGPi1_L_2_CommonFiltered,1,123044.98688,123162.4192,117.43232000000717,6,3.5275626607961175,RankSurprise
microGPi1_L_2_CommonFiltered,1,128992.33792,129264.0256,271.6876799999882,13,7.278108797163258,RankSurprise
microGPi1_L_2_CommonFiltered,1,129937.69472,130432.6144,494.91968000000634,25,15.477463271415074,RankSurprise
microGPi1_L_2_CommonFiltered,1,131141.26336,131169.85344,28.590079999994487,4,5.499984658120667,RankSurprise
microGPi1_L_2_CommonFiltered,1,139734.4256,139751.0144,16.58879999999772,3,4.177394659286998,RankSurprise
microGPi1_L_2_CommonFiltered,1,140694.97856,140735.44704,40.46848000001046,4,4.247660274438029,RankSurprise
microGPi1_L_2_CommonFiltered,1,140998.16448,141018.84928,20.684799999988172,3,3.7130492146745215,RankSurprise
microGPi1_L_2_CommonFiltered,1,141164.58496,141207.83872,43.253759999992326,5,6.345369435063962,RankSurprise
microGPi1_L_2_CommonFiltered,1,145708.40064,145719.0912,10.690559999988182,3,5.330345977401391,RankSurprise
microGPi1_L_2_CommonFiltered,1,149268.80768,149587.02592,318.2182399999874,12,5.145202568418457,RankSurprise
microGPi1_L_2_CommonFiltered,1,154175.488,154339.49184,164.0038399999903,7,4.190329601280561,RankSurprise
microGPi1_L_2_CommonFiltered,1,154946.31424,154969.7024,23.388160000002244,4,6.121834018022319,RankSurprise
microGPi1_L_2_CommonFiltered,1,155949.056,156247.90016,298.84415999997873,14,8.402482327236603,RankSurprise
microGPi1_L_2_CommonFiltered,1,158474.24,158637.2608,163.02079999999842,7,3.6453216500593397,RankSurprise
microGPi1_L_2_CommonFiltered,1,159521.66912,159796.0192,274.3500800000038,14,9.647793622866853,RankSurprise
microGPi1_L_2_CommonFiltered,1,163126.72256,163179.43808,52.71551999999792,5,5.478793043051969,RankSurprise
microGPi1_L_2_CommonFiltered,1,163707.65824,163719.65952,12.001279999996768,3,5.059524311938356,RankSurprise
microGPi1_L_2_CommonFiltered,1,169892.29056,169898.14784,5.8572799999965355,3,6.9149434021281255,RankSurprise
microGPi1_L_2_CommonFiltered,1,173103.75936,173125.8368,22.077439999993658,3,3.617849770709965,RankSurprise
microGPi1_L_2_CommonFiltered,1,173480.96,173986.03776,505.0777600000147,18,6.9461541530479485,RankSurprise
microGPi1_L_2_CommonFiltered,1,174111.82592,174241.54624,129.72031999999308,9,7.726491143154749,RankSurprise
microGPi1_L_2_CommonFiltered,1,175207.34208,175374.58176,167.23967999999877,9,6.7875503559239,RankSurprise
microGPi1_L_2_CommonFiltered,1,175643.2384,175738.2656,95.02720000001136,7,6.423771718900366,RankSurprise
microGPi1_L_2_CommonFiltered,1,176995.1232,177079.99232,84.86911999998847,6,5.115752391117468,RankSurprise
microGPi1_L_2_CommonFiltered,1,182898.97472,183081.94304,182.9683200000145,9,5.439609557716729,RankSurprise
microGPi1_L_2_CommonFiltered,1,190158.39744,190171.9552,13.557759999996051,4,8.103682191609394,RankSurprise
microGPi1_L_2_CommonFiltered,1,191762.6368,191830.8352,68.19839999999385,6,6.372530179280382,RankSurprise
microGPi1_L_2_CommonFiltered,1,192362.98752,192483.69664,120.70912000001408,9,8.77994343596765,RankSurprise
microGPi1_L_2_CommonFiltered,1,192948.224,192958.21824,9.99423999999999,3,5.501634972596978,RankSurprise
microGPi1_L_2_CommonFiltered,1,193457.80736,193720.68864,262.8812800000014,9,3.7987634570815154,RankSurprise
microGPi1_L_2_CommonFiltered,1,194354.70848,194445.18912,90.48063999999431,6,4.83347566574124,RankSurprise
microGPi1_L_2_CommonFiltered,1,195183.04256,195447.1936,264.151039999997,12,6.654936968337949,RankSurprise
microGPi1_L_2_CommonFiltered,1,196112.5888,196832.29696,719.7081600000092,32,15.431782001105915,RankSurprise
microGPi1_L_2_CommonFiltered,1,197225.84064,197733.376,507.53535999997985,18,6.913005766140857,RankSurprise
microGPi1_L_2_CommonFiltered,1,198649.20064,198731.85792,82.657280000014,6,5.34821559641442,RankSurprise
microGPi1_L_2_CommonFiltered,1,199238.57408,199258.112,19.537920000002487,3,3.857050843934271,RankSurprise
microGPi1_L_2_CommonFiltered,1,205013.77024,205016.10496,2.3347199999843724,3,10.504835288205715,RankSurprise
microGPi1_L_2_CommonFiltered,1,205456.26112,205509.18144,52.92031999997562,4,3.5877684465932944,RankSurprise
microGPi1_L_2_CommonFiltered,1,206857.91232,206874.4192,16.50688000000082,3,4.271826104412632,RankSurprise
microGPi1_L_2_CommonFiltered,1,213269.34016,213285.96992,16.62976000001072,3,4.20837903111086,RankSurprise
microGPi1_L_2_CommonFiltered,1,218162.21696,218432.67584,270.45888000002014,11,6.269676185513678,RankSurprise
microGPi1_L_2_CommonFiltered,1,218765.9264,218890.8544,124.92800000001444,7,4.872143621779714,RankSurprise
microGPi1_L_2_CommonFiltered,1,219030.44608,219045.2736,14.827519999991637,3,4.54419138409912,RankSurprise
microGPi1_L_2_CommonFiltered,1,220629.36064,220693.9136,64.5529600000009,5,4.623723421108391,RankSurprise
microGPi1_L_2_CommonFiltered,1,221364.87936,221880.07424,515.1948799999955,20,9.311529243289622,RankSurprise
microGPi1_L_2_CommonFiltered,1,228577.32096,228755.90656,178.58559999999125,7,3.5396470584332156,RankSurprise
microGPi1_L_2_CommonFiltered,1,242709.34016,243629.38368,920.0435200000065,30,9.973585104803659,RankSurprise
microGPi1_L_2_CommonFiltered,1,243878.2976,244958.94528,1080.6476800000237,37,11.789499036601242,RankSurprise
microGPi1_L_2_CommonFiltered,1,246979.3792,247153.17248,173.7932800000126,8,4.352516475528631,RankSurprise
microGPi1_L_2_CommonFiltered,1,263947.18208,263993.91744,46.73535999999149,4,3.8263046767541873,RankSurprise
microGPi1_L_2_CommonFiltered,1,264746.06592,264763.92448,17.8585599999642,3,4.081352146970996,RankSurprise
microGPi1_L_2_CommonFiltered,1,270936.2688,271018.76224,82.4934399999911,6,5.297271184901064,RankSurprise
microGPi1_L_2_CommonFiltered,1,271815.92576,271857.00864,41.08288000000175,4,4.225762361591656,RankSurprise
microGPi1_L_2_CommonFiltered,1,275286.54848,275298.0992,11.550719999999274,3,5.112796304538493,RankSurprise
microGPi1_L_2_CommonFiltered,1,278121.10336,278216.2944,95.19104000000516,7,6.871387110999301,RankSurprise
microGPi1_L_2_CommonFiltered,1,279559.5776,279807.30368,247.7260799999931,15,11.559800138433022,RankSurprise
microGPi1_L_2_CommonFiltered,1,287731.26144,287813.4272,82.1657600000035,5,3.633264778836999,RankSurprise
microGPi1_L_2_CommonFiltered,1,296180.49024,296201.216,20.725760000001173,3,3.676816326449691,RankSurprise
microGPi1_L_2_CommonFiltered,1,298285.42464,298299.06432,13.639680000022054,3,4.80835453865553,RankSurprise
microGPi1_L_2_CommonFiltered,1,309640.43776,309735.34208,94.90431999997236,6,4.92950057937874,RankSurprise
microGPi1_L_2_CommonFiltered,1,309946.53184,309951.24224,4.710399999981746,3,7.468281020131469,RankSurprise
microGPi1_L_2_CommonFiltered,1,311171.8912,311194.25536,22.364159999997355,3,3.513694908227132,RankSurprise
microGPi1_L_2_CommonFiltered,1,316117.77024,316138.25024,20.48000000003958,3,3.717930243929432,RankSurprise
microGPi1_L_2_CommonFiltered,1,324448.33792,324585.30816,136.9702399999951,7,4.342930666165726,RankSurprise
microGPi1_L_2_CommonFiltered,1,330659.10272,330668.72832,9.62559999997029,3,5.618232676921055,RankSurprise
microGPi1_L_2_CommonFiltered,1,339042.54976,339086.29504,43.74527999997372,4,4.003308527185393,RankSurprise
microGPi1_L_2_CommonFiltered,1,350745.3952,350777.05728,31.66207999998005,4,5.082754369533177,RankSurprise
microGPi1_L_2_CommonFiltered,1,351620.54656,351741.7472,121.20063999999547,7,4.794035146753226,RankSurprise
microGPi1_L_2_CommonFiltered,1,352998.72768,353038.82752,40.09983999998076,4,4.327467042387148,RankSurprise
microGPi1_L_2_CommonFiltered,1,375730.29888,375747.46112,17.16223999997601,4,7.300836643678181,RankSurprise
microGPi1_L_2_CommonFiltered,1,379602.00192,379684.70016,82.6982399999979,6,5.321180379979111,RankSurprise
microGPi1_L_2_CommonFiltered,1,385496.064,385741.08672,245.02272000000812,11,6.8660001574685845,RankSurprise
microGPi1_L_2_CommonFiltered,1,389859.45088,389927.60832,68.15743999998085,5,4.430587627130766,RankSurprise
microGPi1_L_2_CommonFiltered,1,391750.94272,391821.23008,70.28736000001663,5,4.189085683679295,RankSurprise
microGPi1_L_2_CommonFiltered,1,393297.87904,393318.48192,20.60287999996217,3,3.6960588149762987,RankSurprise
microGPi1_L_2_CommonFiltered,1,395096.8832,395170.89792,74.0147200000356,5,4.006126937208332,RankSurprise
microGPi1_L_2_CommonFiltered,1,405063.96672,405351.38304,287.41631999996025,13,6.84421341884316,RankSurprise
microGPi1_L_2_CommonFiltered,1,411801.55904,411850.01472,48.455679999955464,4,3.674255563711462,RankSurprise
microGPi1_L_2_CommonFiltered,4,10107.74016,10302.17728,194.4371200000005,6,3.906720780865157,RankSurprise
microGPi1_L_2_CommonFiltered,4,11980.88192,12711.77216,730.8902400000006,14,5.748351485868509,RankSurprise
microGPi1_L_2_CommonFiltered,4,17654.29248,17736.0896,81.79711999999927,4,4.140944538274599,RankSurprise
microGPi1_L_2_CommonFiltered,4,19623.07584,20159.85664,536.7808000000005,10,3.734743067026317,RankSurprise
microGPi1_L_2_CommonFiltered,4,33811.98848,33820.38528,8.396800000002258,3,7.043499538170684,RankSurprise
microGPi1_L_2_CommonFiltered,4,34671.2064,35340.65664,669.4502399999983,13,5.800779724231305,RankSurprise
microGPi1_L_2_CommonFiltered,4,52275.24096,53165.21984,889.9788799999951,18,6.917890405852651,RankSurprise
microGPi1_L_2_CommonFiltered,4,55277.93664,55448.61696,170.68031999999948,7,6.26997183793927,RankSurprise
microGPi1_L_2_CommonFiltered,4,66061.88544,66093.95712,32.0716800000082,4,6.791554989106778,RankSurprise
microGPi1_L_2_CommonFiltered,4,73128.96,73204.9408,75.98079999999027,5,6.106291404024002,RankSurprise
microGPi1_L_2_CommonFiltered,4,73575.38304,73721.69216,146.30912000000535,5,3.7160467668949018,RankSurprise
microGPi1_L_2_CommonFiltered,4,74206.86336,74235.65824,28.794880000001285,3,4.086047495275917,RankSurprise
microGPi1_L_2_CommonFiltered,4,75408.5888,75493.7856,85.19680000000517,5,5.9102695870487025,RankSurprise
microGPi1_L_2_CommonFiltered,4,79562.752,79597.69088,34.93888000000152,3,3.7386054337438654,RankSurprise
microGPi1_L_2_CommonFiltered,4,80954.73664,80980.66432,25.927679999993416,3,4.2912137688502305,RankSurprise
microGPi1_L_2_CommonFiltered,4,89410.72384,89850.38848,439.66463999998814,10,4.746805067589258,RankSurprise
microGPi1_L_2_CommonFiltered,4,93832.11008,93965.84448,133.7344000000012,5,4.497173781908895,RankSurprise
microGPi1_L_2_CommonFiltered,4,95424.14336,95556.608,132.46463999999105,7,7.63331619820412,RankSurprise
microGPi1_L_2_CommonFiltered,4,99070.1568,99113.12384,42.96704000000318,5,8.461463831685972,RankSurprise
microGPi1_L_2_CommonFiltered,4,102477.04576,102496.33792,19.29216000001179,3,5.109459306642931,RankSurprise
microGPi1_L_2_CommonFiltered,4,103923.38432,104576.53248,653.148159999997,16,9.980914186967896,RankSurprise
microGPi1_L_2_CommonFiltered,4,106046.50496,106189.90592,143.40095999999903,5,3.9457859456303517,RankSurprise
microGPi1_L_2_CommonFiltered,4,114556.84608,114582.9376,26.091520000001765,3,4.2795688786740165,RankSurprise
microGPi1_L_2_CommonFiltered,4,117312.75776,117689.83552,377.0777600000001,8,3.506731858974725,RankSurprise
microGPi1_L_2_CommonFiltered,4,118191.3088,118262.08768,70.77887999999803,4,4.156842838580506,RankSurprise
microGPi1_L_2_CommonFiltered,4,122834.944,122872.29952,37.35551999999734,3,3.5285487323021822,RankSurprise
microGPi1_L_2_CommonFiltered,4,124014.83776,124141.07648,126.23872000000847,5,4.137611819201226,RankSurprise
microGPi1_L_2_CommonFiltered,4,132377.3952,132596.1216,218.7264000000141,6,3.716782333525875,RankSurprise
microGPi1_L_2_CommonFiltered,4,139780.62848,140075.13088,294.5023999999976,9,6.64736909357452,RankSurprise
microGPi1_L_2_CommonFiltered,4,140847.96416,141146.23488,298.27072000000044,9,6.174004285649147,RankSurprise
microGPi1_L_2_CommonFiltered,4,141785.66144,141797.5808,11.91935999999987,3,6.299159308824995,RankSurprise
microGPi1_L_2_CommonFiltered,4,144549.64224,144704.26624,154.6240000000107,6,4.969510144737647,RankSurprise
microGPi1_L_2_CommonFiltered,4,149250.048,149386.24,136.1919999999809,6,5.575991557670264,RankSurprise
microGPi1_L_2_CommonFiltered,4,150710.10816,150887.79264,177.68447999999626,6,4.574695369908985,RankSurprise
microGPi1_L_2_CommonFiltered,4,154642.75968,154999.3984,356.6387200000172,8,3.8470374350653165,RankSurprise
microGPi1_L_2_CommonFiltered,4,157997.13792,158222.86848,225.73055999999633,7,4.718850098404404,RankSurprise
microGPi1_L_2_CommonFiltered,4,158973.78816,159054.2336,80.44544000001042,4,3.8770046577767765,RankSurprise
microGPi1_L_2_CommonFiltered,4,169694.12608,169721.6512,27.5251200000057,3,4.216706432751328,RankSurprise
microGPi1_L_2_CommonFiltered,4,173651.64032,174099.33312,447.6927999999898,10,4.829783607528046,RankSurprise
microGPi1_L_2_CommonFiltered,4,175819.12064,176732.93824,913.8175999999803,22,12.91038903005787,RankSurprise
microGPi1_L_2_CommonFiltered,4,177947.2384,178447.89248,500.6540800000075,11,5.02881559114751,RankSurprise
microGPi1_L_2_CommonFiltered,4,180983.3984,181115.904,132.50560000000405,6,5.638599132224584,RankSurprise
microGPi1_L_2_CommonFiltered,4,192023.552,192051.77344,28.22143999999389,4,7.167046278543815,RankSurprise
microGPi1_L_2_CommonFiltered,4,192810.51648,192869.33504,58.81856000001426,4,4.7236396382735215,RankSurprise
microGPi1_L_2_CommonFiltered,4,195233.95584,195301.70368,67.74783999999636,4,4.334137452099469,RankSurprise
microGPi1_L_2_CommonFiltered,4,196413.35808,196696.39168,283.0335999999952,10,8.532541494895762,RankSurprise
microGPi1_L_2_CommonFiltered,4,200769.57696,200804.02432,34.44735999999102,3,3.6991304205989852,RankSurprise
microGPi1_L_2_CommonFiltered,4,218142.43328,219164.71296,1022.2796800000069,21,9.251454481044584,RankSurprise
microGPi1_L_2_CommonFiltered,4,226322.10432,226864.90624,542.8019199999981,10,4.03209504542277,RankSurprise
microGPi1_L_2_CommonFiltered,4,237088.52224,237112.89344,24.371200000023236,3,4.4554401006662285,RankSurprise
microGPi1_L_2_CommonFiltered,4,241621.77024,241825.46432,203.69407999998657,6,3.62848036831607,RankSurprise
microGPi1_L_2_CommonFiltered,4,242971.11552,243711.91808,740.802560000011,17,8.466844846028408,RankSurprise
microGPi1_L_2_CommonFiltered,4,244497.98144,244654.03904,156.0576000000001,5,3.51978091382502,RankSurprise
microGPi1_L_2_CommonFiltered,4,251688.38656,251702.59968,14.213120000000345,3,6.003414588949864,RankSurprise
microGPi1_L_2_CommonFiltered,4,260302.848,260396.15488,93.30687999998918,4,3.699404557972507,RankSurprise
microGPi1_L_2_CommonFiltered,4,262447.47264,262485.8112,38.33856000000378,3,3.548589000257218,RankSurprise
microGPi1_L_2_CommonFiltered,4,280093.36832,280238.73536,145.3670399999828,5,3.5684845500512488,RankSurprise
microGPi1_L_2_CommonFiltered,4,289372.7744,289456.82432,84.04992000001948,4,3.7518679586592363,RankSurprise
microGPi1_L_2_CommonFiltered,4,291804.28288,292093.952,289.66911999997683,9,6.128104609255596,RankSurprise
microGPi1_L_2_CommonFiltered,4,296713.4208,296844.16512,130.74431999999797,5,4.076672160088858,RankSurprise
microGPi1_L_2_CommonFiltered,4,305072.66048,305110.34368,37.683199999970384,3,3.5087072802001256,RankSurprise
microGPi1_L_2_CommonFiltered,4,309552.45568,309572.1984,19.74271999998018,5,12.456665725959986,RankSurprise
microGPi1_L_2_CommonFiltered,4,309729.11616,309820.04736,90.93120000005001,4,3.5291460188682464,RankSurprise
microGPi1_L_2_CommonFiltered,4,315010.94912,315075.46112,64.51199999998789,4,4.628874867462006,RankSurprise
microGPi1_L_2_CommonFiltered,4,316904.20224,316928.49152,24.28927999996813,3,4.559528905031888,RankSurprise
microGPi1_L_2_CommonFiltered,4,321711.02208,321745.34656,34.32447999995202,3,3.7564031260502215,RankSurprise
microGPi1_L_2_CommonFiltered,4,328479.3344,328515.62496,36.290559999994,3,3.6392328273490566,RankSurprise
microGPi1_L_2_CommonFiltered,4,333338.09152,333412.352,74.26047999999719,4,4.013662036222314,RankSurprise
microGPi1_L_2_CommonFiltered,4,338963.29216,338969.92768,6.635520000010729,3,7.860260674697805,RankSurprise
microGPi1_L_2_CommonFiltered,4,350641.02912,351260.30336,619.2742399999988,13,6.3574444967391655,RankSurprise
microGPi1_L_2_CommonFiltered,4,354903.49056,354920.93952,17.44896000000881,3,5.485565975189184,RankSurprise
microGPi1_L_2_CommonFiltered,4,358235.42272,358453.32992,217.90720000001602,8,7.5072506256893785,RankSurprise
microGPi1_L_2_CommonFiltered,4,374321.31584,375057.77664,736.4608000000007,15,7.754619252115994,RankSurprise
microGPi1_L_2_CommonFiltered,4,378869.92384,378881.31072,11.386880000005476,3,6.46523263360916,RankSurprise
microGPi1_L_2_CommonFiltered,4,379446.6816,379616.0512,169.36959999997634,7,6.245246567799202,RankSurprise
microGPi1_L_2_CommonFiltered,4,381891.21536,381959.7824,68.56704000005266,4,4.254043641161115,RankSurprise
microGPi1_L_2_CommonFiltered,4,382392.81152,382430.12608,37.314560000027996,3,3.5688321087919466,RankSurprise
microGPi1_L_2_CommonFiltered,4,397330.51392,397621.00224,290.488320000004,9,6.213581924540731,RankSurprise
microGPi1_L_2_CommonFiltered,4,404318.6176,404341.18656,22.568960000004154,3,4.6834932128069156,RankSurprise
microGPi1_L_2_CommonFiltered,4,412479.16032,412684.0832,204.92287999996915,7,5.452953789504133,RankSurprise
microGPi1_L_7_CommonFiltered,1,5641.09312,5999.12448,358.03135999999995,6,3.5571741798581313,RankSurprise
microGPi1_L_7_CommonFiltered,1,21316.93568,21338.07104,21.13536000000022,3,5.054742028790926,RankSurprise
microGPi1_L_7_CommonFiltered,1,49128.2432,49352.41728,224.17408000000432,6,4.609051790064395,RankSurprise
microGPi1_L_7_CommonFiltered,1,66683.57632,66702.17216,18.595840000009048,3,5.388869598452885,RankSurprise
microGPi1_L_7_CommonFiltered,1,78681.7024,78727.94624,46.243840000010096,3,3.647540982851723,RankSurprise
microGPi1_L_7_CommonFiltered,1,98538.04544,98566.18496,28.139519999996992,4,7.35791322086733,RankSurprise
microGPi1_L_7_CommonFiltered,1,114928.2304,114965.34016,37.109760000006645,3,4.112957448090551,RankSurprise
microGPi1_L_7_CommonFiltered,1,117922.97984,117967.58528,44.60543999999936,3,3.7036857118608246,RankSurprise
microGPi1_L_7_CommonFiltered,1,120493.54752,120698.2656,204.718080000006,6,6.449382121680969,RankSurprise
microGPi1_L_7_CommonFiltered,1,123830.4768,123927.1424,96.66559999999299,4,4.011900648027471,RankSurprise
microGPi1_L_7_CommonFiltered,1,126507.58144,126571.80672,64.22527999999875,4,5.2035770653733735,RankSurprise
microGPi1_L_7_CommonFiltered,1,177831.936,177875.968,44.03200000000652,3,3.67541633698713,RankSurprise
microGPi1_L_7_CommonFiltered,1,197912.33024,197955.50208,43.17183999999543,3,3.866741170031043,RankSurprise
microGPi1_L_7_CommonFiltered,1,203160.9856,203716.32128,555.3356799999892,10,6.2531739872556855,RankSurprise
microGPi1_L_7_CommonFiltered,1,213968.4864,214034.35008,65.86368000000948,4,5.087618796795034,RankSurprise
microGPi1_L_7_CommonFiltered,1,216412.81536,216819.38432,406.56896000000415,6,3.687531928345803,RankSurprise
microGPi1_L_7_CommonFiltered,1,242228.06016,242245.67296,17.612800000002608,3,5.292070215097093,RankSurprise
microGPi1_L_7_CommonFiltered,1,244448.41984,245111.68512,663.2652800000214,16,12.920667122621103,RankSurprise
microGPi1_L_7_CommonFiltered,1,254408.58112,255118.5408,709.9596799999999,8,5.484670514191092,RankSurprise
microGPi1_L_7_CommonFiltered,1,273742.11072,273760.70656,18.5958400000236,3,5.356079775629894,RankSurprise
microGPi1_L_7_CommonFiltered,1,332036.01408,332390.31808,354.3040000000037,10,8.732412359141748,RankSurprise
microGPi1_L_7_CommonFiltered,1,333770.83392,333938.03264,167.19871999998577,5,4.272321377213778,RankSurprise
microGPi1_L_7_CommonFiltered,1,344935.2192,344956.55936,21.34016000002157,3,4.999563490495735,RankSurprise
microGPi1_L_7_CommonFiltered,1,355926.99904,356189.3888,262.38975999999093,7,6.0402449707045625,RankSurprise
microGPi1_L_7_CommonFiltered,1,392713.33888,393032.2944,318.9555200000177,6,4.4000764528558225,RankSurprise
microGPi1_L_7_CommonFiltered,1,407529.34912,407654.48192,125.13279999996303,6,7.04519183056296,RankSurprise
microGPi1_L_8_CommonFiltered,0,42954.26048,43335.14752,380.88704000000143,5,4.109081692923809,RankSurprise
microGPi1_L_8_CommonFiltered,0,49318.0928,49406.40256,88.30976000000373,3,3.6405058698297204,RankSurprise
microGPi1_L_8_CommonFiltered,0,57324.1344,58259.16928,935.0348799999992,9,4.84899206391266,RankSurprise
microGPi1_L_8_CommonFiltered,0,60332.68736,60409.73312,77.0457599999936,4,6.356510975362969,RankSurprise
microGPi1_L_8_CommonFiltered,0,68282.12224,68572.11904,289.9968000000081,5,4.3808245774077115,RankSurprise
microGPi1_L_8_CommonFiltered,0,120684.87168,120755.24096,70.36927999999898,3,3.990063345999589,RankSurprise
microGPi1_L_8_CommonFiltered,0,122601.71776,122797.42464,195.7068799999979,4,3.658517160351213,RankSurprise
microGPi1_L_8_CommonFiltered,0,127500.82048,127548.8256,48.005120000001625,3,4.695101273081056,RankSurprise
microGPi1_L_8_CommonFiltered,0,130006.67136,130038.66112,31.9897600000113,3,5.5250073907563895,RankSurprise
microGPi1_L_8_CommonFiltered,0,156945.73568,158281.80992,1336.0742399999872,10,3.687581668107684,RankSurprise
microGPi1_L_8_CommonFiltered,0,160297.94304,160345.12896,47.18591999998898,3,4.695101273081056,RankSurprise
microGPi1_L_8_CommonFiltered,0,167374.76608,167717.56032,342.79423999998835,5,4.017416133625716,RankSurprise
microGPi1_L_8_CommonFiltered,0,169754.624,170328.22784,573.6038399999961,8,5.960589239622239,RankSurprise
microGPi1_L_8_CommonFiltered,0,175126.20032,175228.7232,102.52288000000408,4,5.5393658407808,RankSurprise
microGPi1_L_8_CommonFiltered,0,189884.94848,190059.27424,174.325760000007,5,6.322519055791556,RankSurprise
microGPi1_L_8_CommonFiltered,0,195408.40448,195827.54816,419.1436800000083,7,6.151033787448001,RankSurprise
microGPi1_L_8_CommonFiltered,0,200514.51904,200692.77696,178.25791999997455,5,6.138678160847945,RankSurprise
microGPi1_L_8_CommonFiltered,0,210457.92768,210969.3952,511.4675200000056,6,3.7510922264805138,RankSurprise
microGPi1_L_8_CommonFiltered,0,219904.36864,220134.8096,230.44096000000718,5,5.231580712470823,RankSurprise
microGPi1_L_8_CommonFiltered,0,242561.80224,242637.04576,75.24352000001818,3,3.8766301326166523,RankSurprise
microGPi1_L_8_CommonFiltered,0,243950.83776,245440.79872,1489.9609599999967,14,6.771706481908022,RankSurprise
microGPi1_L_8_CommonFiltered,0,252142.3872,252224.67584,82.2886400000134,3,3.694685531283591,RankSurprise
microGPi1_L_8_CommonFiltered,0,260169.85088,260432.65024,262.7993599999754,5,4.756281351694742,RankSurprise
microGPi1_L_8_CommonFiltered,0,263137.28,263668.81792,531.5379199999734,7,4.6798592858861285,RankSurprise
microGPi1_L_8_CommonFiltered,0,265341.09184,265421.98784,80.89600000000792,4,6.246405329371758,RankSurprise
microGPi1_L_8_CommonFiltered,0,267010.00704,267151.72864,141.72159999998985,4,4.602496308165751,RankSurprise
microGPi1_L_8_CommonFiltered,0,274799.8208,274814.27968,14.45887999999104,3,7.017010638901503,RankSurprise
microGPi1_L_8_CommonFiltered,0,284503.90016,284581.31456,77.41440000000875,3,3.8173661759611903,RankSurprise
microGPi1_L_8_CommonFiltered,0,296026.112,297239.01952,1212.9075199999497,9,3.5596481913204285,RankSurprise
microGPi1_L_8_CommonFiltered,0,304024.69888,304181.49376,156.79488000000129,4,4.525370898153589,RankSurprise
microGPi1_L_8_CommonFiltered,0,306214.74816,306389.93408,175.18591999995988,4,4.153465355422032,RankSurprise
microGPi1_L_8_CommonFiltered,0,328640.63488,329337.07776,696.4428799999878,7,3.5562994557145795,RankSurprise
microGPi1_L_8_CommonFiltered,0,333029.1712,333048.75008,19.57888000004459,3,6.5467166917556305,RankSurprise
microGPi1_L_8_CommonFiltered,0,336483.36896,336976.40448,493.035520000034,6,3.6774357626096896,RankSurprise
microGPi1_L_8_CommonFiltered,0,340375.18336,340563.59936,188.41599999996834,4,3.877333897789214,RankSurprise
microGPi1_L_8_CommonFiltered,0,352372.24448,352422.78912,50.544639999978244,3,4.650322659714698,RankSurprise
microGPi1_L_8_CommonFiltered,0,374059.2128,374567.85408,508.64128000003984,7,5.637814954085922,RankSurprise
microGPi1_L_8_CommonFiltered,0,379460.85376,379541.2992,80.44543999998132,3,3.694685531283591,RankSurprise
microGPi1_L_8_CommonFiltered,0,384588.96384,384734.65856,145.6947200000286,4,4.517766298768368,RankSurprise
microGPi1_L_8_CommonFiltered,0,392736.93184,392810.0864,73.1545599999954,3,3.866630049282067,RankSurprise
microGPi1_L_8_CommonFiltered,1,29051.74016,29100.11392,48.37375999999858,3,6.294498263232203,RankSurprise
microGPi1_L_8_CommonFiltered,1,48170.63936,48424.3456,253.70623999999953,4,3.9267799904162217,RankSurprise
microGPi1_L_8_CommonFiltered,1,67423.232,67928.18688,504.9548799999902,8,8.921576097904698,RankSurprise
microGPi1_L_8_CommonFiltered,1,69507.64544,69601.23904,93.59360000000743,3,4.780028708688315,RankSurprise
microGPi1_L_8_CommonFiltered,1,85345.85344,86438.83008,1092.9766399999935,11,6.831562064280639,RankSurprise
microGPi1_L_8_CommonFiltered,1,128348.07808,128438.8864,90.80831999999646,3,4.926896035124464,RankSurprise
microGPi1_L_8_CommonFiltered,1,164016.78336,166316.4416,2299.6582399999897,16,5.349156165566085,RankSurprise
microGPi1_L_8_CommonFiltered,1,220875.40736,220941.88544,66.47808000000077,3,5.653994816157679,RankSurprise
microGPi1_L_8_CommonFiltered,1,223413.78048,224285.12256,871.3420800000022,9,6.427440403907725,RankSurprise
microGPi1_L_8_CommonFiltered,1,254163.31264,254586.96192,423.64928000001237,5,3.598492882801061,RankSurprise
microGPi1_L_8_CommonFiltered,1,262160.54784,262346.17856,185.63071999995736,4,6.006287043576965,RankSurprise
microGPi1_L_8_CommonFiltered,1,271350.86592,271689.3184,338.4524799999781,5,5.426891906624167,RankSurprise
microGPi1_L_8_CommonFiltered,1,336713.1136,337803.6736,1090.5599999999977,9,4.359336007232142,RankSurprise
microGPi1_L_8_CommonFiltered,1,344215.51104,344456.11008,240.59904000000097,4,4.8944524726927465,RankSurprise
microGPi1_L_8_CommonFiltered,1,353233.87904,353347.70688,113.82783999998355,3,4.122274988101401,RankSurprise
microGPi1_L_8_CommonFiltered,1,392027.17696,392154.48064,127.30368000001181,3,4.047263265321321,RankSurprise
microGPi1_L_8_CommonFiltered,1,403865.84576,404013.71136,147.86560000001919,3,3.837762490410899,RankSurprise
microGPi1_L_8_CommonFiltered,2,19650.23232,19668.74624,18.513920000001235,3,5.6967047521038445,RankSurprise
microGPi1_L_8_CommonFiltered,2,26944.96256,27039.62112,94.65855999999985,5,7.709965631936221,RankSurprise
microGPi1_L_8_CommonFiltered,2,28484.77184,30113.13664,1628.3647999999994,16,4.211355065923758,RankSurprise
microGPi1_L_8_CommonFiltered,2,46478.90944,46728.192,249.28255999999965,5,3.781969179674171,RankSurprise
microGPi1_L_8_CommonFiltered,2,47192.8832,47241.54368,48.66048000000592,3,3.8953728700857724,RankSurprise
microGPi1_L_8_CommonFiltered,2,49114.19392,49220.73088,106.53696000000491,4,4.759102278778116,RankSurprise
microGPi1_L_8_CommonFiltered,2,51460.01408,51901.8496,441.83552000000054,7,4.779710155114343,RankSurprise
microGPi1_L_8_CommonFiltered,2,54719.56992,54732.55424,12.984319999995932,3,6.392654737301427,RankSurprise
microGPi1_L_8_CommonFiltered,2,57800.2944,58544.45568,744.1612800000003,10,4.934191430280869,RankSurprise
microGPi1_L_8_CommonFiltered,2,64498.2784,64939.13088,440.8524799999941,6,3.611987670319659,RankSurprise
microGPi1_L_8_CommonFiltered,2,82140.89728,82260.74624,119.84895999998844,4,4.0510708759214396,RankSurprise
microGPi1_L_8_CommonFiltered,2,89616.1792,89767.1168,150.93760000000475,4,3.6638226440996142,RankSurprise
microGPi1_L_8_CommonFiltered,2,104752.41472,104781.74208,29.32735999999568,3,4.761795934415254,RankSurprise
microGPi1_L_8_CommonFiltered,2,112986.5216,113228.06272,241.54112000000896,5,4.122808141486605,RankSurprise
microGPi1_L_8_CommonFiltered,2,114638.56128,115602.71872,964.15744000001,11,5.039956440591631,RankSurprise
microGPi1_L_8_CommonFiltered,2,116476.84608,116630.81472,153.96863999999186,8,11.640412570567356,RankSurprise
microGPi1_L_8_CommonFiltered,2,117374.32064,117775.52384,401.203199999989,8,6.207736989486447,RankSurprise
microGPi1_L_8_CommonFiltered,2,124923.78112,125882.5728,958.7916799999948,13,7.001674423086408,RankSurprise
microGPi1_L_8_CommonFiltered,2,129218.23232,129230.11072,11.87840000000142,3,6.664688698386877,RankSurprise
microGPi1_L_8_CommonFiltered,2,152940.25728,154334.49472,1394.2374399999972,19,9.637470517599457,RankSurprise
microGPi1_L_8_CommonFiltered,2,156827.07456,157160.2432,333.16863999998895,6,4.109976678030203,RankSurprise
microGPi1_L_8_CommonFiltered,2,159707.99616,159748.87424,40.87807999999495,3,4.322680483575768,RankSurprise
microGPi1_L_8_CommonFiltered,2,162837.54496,163236.08576,398.54079999998794,7,4.872135320959626,RankSurprise
microGPi1_L_8_CommonFiltered,2,186860.05248,186899.8656,39.81311999997706,4,7.121251083444935,RankSurprise
microGPi1_L_8_CommonFiltered,2,217457.58208,218184.21248,726.6303999999946,9,3.8453960829887035,RankSurprise
microGPi1_L_8_CommonFiltered,2,220148.77696,220203.6224,54.8454400000046,3,3.823703773859883,RankSurprise
microGPi1_L_8_CommonFiltered,2,225255.50592,225297.77664,42.27072000000044,4,6.838553525003075,RankSurprise
microGPi1_L_8_CommonFiltered,2,230795.8784,230822.912,27.033600000024308,3,5.082928551436218,RankSurprise
microGPi1_L_8_CommonFiltered,2,238943.10912,238982.43072,39.32159999999567,3,4.273996337882565,RankSurprise
microGPi1_L_8_CommonFiltered,2,242594.89792,242710.89664,115.99872000000323,4,4.21753716959055,RankSurprise
microGPi1_L_8_CommonFiltered,2,244524.35968,245083.136,558.7763200000045,10,6.990752171391685,RankSurprise
microGPi1_L_8_CommonFiltered,2,256611.5328,256757.76,146.227200000023,6,7.82710488798898,RankSurprise
microGPi1_L_8_CommonFiltered,2,260103.5776,260108.82048,5.242880000005243,3,8.758976748183708,RankSurprise
microGPi1_L_8_CommonFiltered,2,262281.37984,262396.96896,115.58912000001874,5,6.457727454314185,RankSurprise
microGPi1_L_8_CommonFiltered,2,268476.70272,269835.10016,1358.3974399999715,15,5.675751649966225,RankSurprise
microGPi1_L_8_CommonFiltered,2,271951.0528,272035.92192,84.86911999998847,4,5.053679059255945,RankSurprise
microGPi1_L_8_CommonFiltered,2,306970.66496,307019.89888,49.23391999996966,3,3.9288185590827585,RankSurprise
microGPi1_L_8_CommonFiltered,2,324425.85088,324787.93728,362.08640000002924,7,5.117863742620187,RankSurprise
microGPi1_L_8_CommonFiltered,2,337114.89024,337490.78016,375.8899200000451,8,6.481489254353492,RankSurprise
microGPi1_L_8_CommonFiltered,2,340327.50592,340821.4016,493.8956799999578,7,3.652160554492758,RankSurprise
microGPi1_L_8_CommonFiltered,2,356507.0336,356663.99232,156.95871999999508,4,3.524773227915766,RankSurprise
microGPi1_L_8_CommonFiltered,2,372782.85824,372793.344,10.485760000010487,3,7.042641040772894,RankSurprise
microGPi1_L_8_CommonFiltered,2,383809.98656,383830.6304,20.64384000003338,3,5.40832320423009,RankSurprise
microGPi1_L_8_CommonFiltered,2,384357.00736,384480.41984,123.41247999999905,4,4.540634461243734,RankSurprise
microGPi1_L_8_CommonFiltered,2,405104.47616,405310.83264,206.35647999995854,5,4.728977565632963,RankSurprise
microGPi1_L_8_CommonFiltered,2,406145.024,406704.61952,559.5955200000317,9,6.517420427476959,RankSurprise
microGPi1_L_8_CommonFiltered,2,408870.05184,409040.56832,170.51648000004934,5,5.170403251242284,RankSurprise
microGPi1_L_8_CommonFiltered,3,11810.03776,11871.76448,61.72672000000057,3,4.972570593234579,RankSurprise
microGPi1_L_8_CommonFiltered,3,23228.49792,23363.91168,135.41375999999946,3,3.5173807363520453,RankSurprise
microGPi1_L_8_CommonFiltered,3,28067.55328,28751.2576,683.7043200000007,8,7.429666621276254,RankSurprise
microGPi1_L_8_CommonFiltered,3,58160.128,58427.92448,267.7964800000045,4,3.9951763852662907,RankSurprise
microGPi1_L_8_CommonFiltered,3,61799.75168,62293.89312,494.1414399999994,5,3.9971036511176727,RankSurprise
microGPi1_L_8_CommonFiltered,3,100713.71776,100789.248,75.53024000000732,3,4.47843656956184,RankSurprise
microGPi1_L_8_CommonFiltered,3,112887.43936,112985.088,97.64863999999943,3,3.8369996541032947,RankSurprise
microGPi1_L_8_CommonFiltered,3,114522.97216,115221.46304,698.4908799999976,6,4.22788949565968,RankSurprise
microGPi1_L_8_CommonFiltered,3,123136.28672,123161.68192,25.395199999999022,3,7.2217549095015094,RankSurprise
microGPi1_L_8_CommonFiltered,3,145247.232,145362.41152,115.17952000000514,3,3.605446148222409,RankSurprise
microGPi1_L_8_CommonFiltered,3,160666.54208,160859.62752,193.0854399999953,4,4.735762853516189,RankSurprise
microGPi1_L_8_CommonFiltered,3,210426.59328,210509.57824,82.98496000000159,3,4.235141005284355,RankSurprise
microGPi1_L_8_CommonFiltered,3,244961.73056,244984.46336,22.73279999999795,3,7.472190603103726,RankSurprise
microGPi1_L_8_CommonFiltered,3,256518.92224,257093.38624,574.4639999999781,6,4.817578396253317,RankSurprise
microGPi1_L_8_CommonFiltered,3,270163.5584,270800.81408,637.255680000002,6,4.384419343379221,RankSurprise
microGPi1_L_8_CommonFiltered,3,275176.77568,275362.77504,185.99935999995796,5,7.605674654451544,RankSurprise
microGPi1_L_8_CommonFiltered,3,293845.77024,293893.28384,47.51360000000568,3,5.66604239642357,RankSurprise
microGPi1_L_8_CommonFiltered,3,303919.26784,306280.69376,2361.425920000009,12,4.240615333269638,RankSurprise
microGPi1_L_8_CommonFiltered,3,311583.49824,311602.01216,18.513919999997597,3,7.658472561113778,RankSurprise
microGPi1_L_8_CommonFiltered,3,314104.2176,314416.00512,311.7875200000126,5,5.5951266251249905,RankSurprise
microGPi1_L_8_CommonFiltered,3,332422.92224,332723.52768,300.6054400000139,8,12.353924060682282,RankSurprise
microGPi1_L_8_CommonFiltered,3,353360.77312,353893.49888,532.7257600000012,5,3.7199046402483695,RankSurprise
microGPi1_L_8_CommonFiltered,3,355811.24608,356155.10528,343.85920000000624,5,5.1392613384225285,RankSurprise
microGPi1_L_8_CommonFiltered,3,383714.304,384593.22368,878.9196799999918,7,4.433365328251372,RankSurprise
microGPi1_L_8_CommonFiltered,3,406186.10688,406829.4656,643.3587200000184,6,4.187861387461093,RankSurprise
microGPi1_L_8_CommonFiltered,3,410559.20128,412628.00896,2068.807680000027,10,3.8522467922919255,RankSurprise
microGPi1_L_8_CommonFiltered,4,21182.30016,21495.27552,312.97536000000036,9,7.309113440182541,RankSurprise
microGPi1_L_8_CommonFiltered,4,22924.94336,22945.30048,20.357120000000577,3,5.22848658034407,RankSurprise
microGPi1_L_8_CommonFiltered,4,29223.28064,29251.21536,27.93471999999747,3,4.552476959828068,RankSurprise
microGPi1_L_8_CommonFiltered,4,38361.82528,38557.16352,195.3382400000046,5,3.5295341672079985,RankSurprise
microGPi1_L_8_CommonFiltered,4,89449.43104,89531.96544,82.5344000000041,4,4.423836336733871,RankSurprise
microGPi1_L_8_CommonFiltered,4,99288.18688,99697.2544,409.0675200000114,9,5.944515288691082,RankSurprise
microGPi1_L_8_CommonFiltered,4,102435.0208,102544.95744,109.9366399999999,4,3.5839089200124263,RankSurprise
microGPi1_L_8_CommonFiltered,4,103201.66912,103272.36608,70.69696000000113,4,4.858381797198657,RankSurprise
microGPi1_L_8_CommonFiltered,4,113039.07328,113220.608,181.534719999996,6,5.360470934688109,RankSurprise
microGPi1_L_8_CommonFiltered,4,114771.47648,115291.05408,519.5776000000042,8,4.302155719431686,RankSurprise
microGPi1_L_8_CommonFiltered,4,124019.38432,124115.968,96.5836799999961,4,3.9849359047525965,RankSurprise
microGPi1_L_8_CommonFiltered,4,125914.89024,126036.50048,121.61024000000907,5,5.247726911159752,RankSurprise
microGPi1_L_8_CommonFiltered,4,126515.11808,126607.68768,92.56960000000254,4,4.104952019409126,RankSurprise
microGPi1_L_8_CommonFiltered,4,127558.36928,128130.12992,571.7606400000077,10,4.998351517700898,RankSurprise
microGPi1_L_8_CommonFiltered,4,128890.96192,128916.11136,25.149439999993774,3,4.761924551742089,RankSurprise
microGPi1_L_8_CommonFiltered,4,129958.66624,130465.792,507.12575999999535,12,8.509415429364935,RankSurprise
microGPi1_L_8_CommonFiltered,4,140945.69472,141033.10336,87.40864000000875,4,4.23748904267152,RankSurprise
microGPi1_L_8_CommonFiltered,4,153789.27616,153806.47936,17.20319999998901,3,5.566501032536584,RankSurprise
microGPi1_L_8_CommonFiltered,4,154595.61472,154763.83744,168.22271999999066,5,3.897580731246194,RankSurprise
microGPi1_L_8_CommonFiltered,4,160175.39072,160264.84736,89.45664000001852,4,4.605460108292373,RankSurprise
microGPi1_L_8_CommonFiltered,4,166488.59648,166495.8464,7.249920000002021,3,7.6169389123421585,RankSurprise
microGPi1_L_8_CommonFiltered,4,167687.82336,167711.62112,23.797759999986738,3,4.8665240475967,RankSurprise
microGPi1_L_8_CommonFiltered,4,170326.6304,170410.51648,83.88607999999658,4,4.488616260293448,RankSurprise
microGPi1_L_8_CommonFiltered,4,183616.63488,183651.9424,35.307520000002114,4,6.910180344107818,RankSurprise
microGPi1_L_8_CommonFiltered,4,186772.72576,186801.152,28.42624000000069,3,4.514596903729908,RankSurprise
microGPi1_L_8_CommonFiltered,4,194175.30368,194258.24768,82.94399999998859,4,4.403876159699049,RankSurprise
microGPi1_L_8_CommonFiltered,4,199239.14752,199437.7216,198.57407999999123,6,5.0379726809860585,RankSurprise
microGPi1_L_8_CommonFiltered,4,200631.00928,200837.36576,206.35647999998764,6,4.683093842861072,RankSurprise
microGPi1_L_8_CommonFiltered,4,215095.7056,215106.80576,11.100160000001779,3,6.445248540786327,RankSurprise
microGPi1_L_8_CommonFiltered,4,215721.7792,215811.19488,89.41568000000552,4,4.203801816560784,RankSurprise
microGPi1_L_8_CommonFiltered,4,216625.72544,217392.20992,766.4844799999846,12,4.589717278042938,RankSurprise
microGPi1_L_8_CommonFiltered,4,220044.36992,220387.1232,342.75328000000445,9,6.762853265463981,RankSurprise
microGPi1_L_8_CommonFiltered,4,221357.58848,221638.49216,280.9036799999885,6,3.7451064864257346,RankSurprise
microGPi1_L_8_CommonFiltered,4,225007.45216,225233.83808,226.38592000000062,6,4.485843425802493,RankSurprise
microGPi1_L_8_CommonFiltered,4,229068.63616,229328.60928,259.97312000000966,8,6.973358103745387,RankSurprise
microGPi1_L_8_CommonFiltered,4,242300.19072,242344.79616,44.60543999998481,3,3.689953220346153,RankSurprise
microGPi1_L_8_CommonFiltered,4,242741.248,242790.6048,49.35680000000866,4,5.9060061202331475,RankSurprise
microGPi1_L_8_CommonFiltered,4,244624.75264,245053.15328,428.4006400000071,10,7.432343730111009,RankSurprise
microGPi1_L_8_CommonFiltered,4,251659.0592,252082.01216,422.9529600000242,9,5.224735430433514,RankSurprise
microGPi1_L_8_CommonFiltered,4,254049.77152,254163.84512,114.07360000000335,5,5.565569962263101,RankSurprise
microGPi1_L_8_CommonFiltered,4,255993.40544,256038.42048,45.01503999999841,3,3.6701755258675295,RankSurprise
microGPi1_L_8_CommonFiltered,4,258925.07648,258964.35712,39.28064000001177,4,6.697700951208503,RankSurprise
microGPi1_L_8_CommonFiltered,4,260294.81984,260492.00128,197.18143999998574,6,5.3170732327282835,RankSurprise
microGPi1_L_8_CommonFiltered,4,262329.1392,262741.97504,412.8358400000143,12,9.792353725375305,RankSurprise
microGPi1_L_8_CommonFiltered,4,266433.9456,267541.79072,1107.8451200000127,14,4.13664023083066,RankSurprise
microGPi1_L_8_CommonFiltered,4,279531.84768,280395.12064,863.272959999973,13,4.827352765204161,RankSurprise
microGPi1_L_8_CommonFiltered,4,281563.70944,281671.10656,107.39711999997962,5,5.618362674779043,RankSurprise
microGPi1_L_8_CommonFiltered,4,304908.77952,305157.69344,248.91392000002088,6,3.819683774750925,RankSurprise
microGPi1_L_8_CommonFiltered,4,308086.45632,308457.79968,371.34335999999894,7,3.6682336573113132,RankSurprise
microGPi1_L_8_CommonFiltered,4,309383.9872,310179.2256,795.2384000000311,13,5.524124978638289,RankSurprise
microGPi1_L_8_CommonFiltered,4,313130.8032,313672.62208,541.8188799999771,11,6.050782236184137,RankSurprise
microGPi1_L_8_CommonFiltered,4,314840.064,315005.78816,165.72415999998339,5,3.926933781231323,RankSurprise
microGPi1_L_8_CommonFiltered,4,315468.1856,315479.4496,11.263999999966472,3,6.386990621612961,RankSurprise
microGPi1_L_8_CommonFiltered,4,329545.27744,329646.73536,101.45792000001529,4,3.8101943217366596,RankSurprise
microGPi1_L_8_CommonFiltered,4,332002.54976,332030.07488,27.525119999947492,3,4.606744058734895,RankSurprise
microGPi1_L_8_CommonFiltered,4,333444.21888,334046.6176,602.3987199999974,10,5.421281113740021,RankSurprise
microGPi1_L_8_CommonFiltered,4,340212.69504,340593.82784,381.132799999963,8,5.21278233004788,RankSurprise
microGPi1_L_8_CommonFiltered,4,345921.16736,346089.472,168.30463999998756,6,5.926865794351599,RankSurprise
microGPi1_L_8_CommonFiltered,4,350310.1952,350641.07008,330.8748799999594,7,4.050954063839231,RankSurprise
microGPi1_L_8_CommonFiltered,4,353792.94208,354175.3856,382.4435199999716,11,8.686935569661694,RankSurprise
microGPi1_L_8_CommonFiltered,4,382838.33344,382866.67776,28.344319999974687,3,4.622523294672915,RankSurprise
microGPi1_L_8_CommonFiltered,4,384205.45536,385514.9056,1309.4502399999765,16,5.1361334421477185,RankSurprise
microGPi1_L_8_CommonFiltered,4,389073.18272,389091.20512,18.022400000016205,3,5.443384079091844,RankSurprise
microGPi1_L_8_CommonFiltered,4,389702.656,389804.6464,101.99040000000969,4,3.81673027720484,RankSurprise
microGPi1_L_8_CommonFiltered,4,391518.12608,391536.80384,18.677759999991395,3,5.4553602701385575,RankSurprise
microGPi1_L_8_CommonFiltered,4,392414.49472,392466.39104,51.89631999999983,4,5.796433990534275,RankSurprise
microGPi1_L_8_CommonFiltered,4,395041.9968,395213.45536,171.45855999999912,6,5.525042884490709,RankSurprise
microGPi1_L_8_CommonFiltered,4,398633.65632,398702.1824,68.52607999998145,4,4.947660262201708,RankSurprise
microGPi1_L_8_CommonFiltered,4,400043.17184,400283.15648,239.98463999998057,7,5.568433169883803,RankSurprise
microGPi1_L_8_CommonFiltered,4,406845.0304,406875.91424,30.883840000024065,4,7.291182120747926,RankSurprise
microGPi2_L_1_CommonFiltered,0,228.31104,266.81344,38.50240000000002,3,3.6839864804026092,RankSurprise
microGPi2_L_1_CommonFiltered,0,3906.23232,3984.54784,78.3155200000001,4,4.440921518916348,RankSurprise
microGPi2_L_1_CommonFiltered,0,35940.06528,36183.49056,243.42527999999584,8,7.61310603534207,RankSurprise
microGPi2_L_1_CommonFiltered,0,37310.83264,39060.11136,1749.278720000002,21,9.078862986985731,RankSurprise
microGPi2_L_1_CommonFiltered,0,45308.60032,45347.34848,38.74816000000283,3,3.8121774737312357,RankSurprise
microGPi2_L_1_CommonFiltered,0,51842.33472,52242.10432,399.7695999999996,7,4.73493151126083,RankSurprise
microGPi2_L_1_CommonFiltered,0,77091.18464,77117.8496,26.664959999994608,3,4.364043701661025,RankSurprise
microGPi2_L_1_CommonFiltered,0,93014.05696,94024.13056,1010.0736000000034,11,7.092864951909383,RankSurprise
microGPi2_L_1_CommonFiltered,0,101536.48128,101545.65632,9.175039999987348,3,6.417127603498345,RankSurprise
microGPi2_L_1_CommonFiltered,0,116468.736,116505.27232,36.53631999999925,4,6.352109543520495,RankSurprise
microGPi2_L_1_CommonFiltered,0,124712.50944,124801.4336,88.92416000000958,4,4.024143700416396,RankSurprise
microGPi2_L_1_CommonFiltered,0,130060.53376,130082.16064,21.626879999996163,3,4.824404531501106,RankSurprise
microGPi2_L_1_CommonFiltered,0,134241.28,134264.70912,23.429120000015246,3,4.658894263591417,RankSurprise
microGPi2_L_1_CommonFiltered,0,173244.98944,173314.53952,69.55007999998634,4,4.696716548293189,RankSurprise
microGPi2_L_1_CommonFiltered,0,203373.89568,204082.95424,709.058560000005,10,5.896679607354229,RankSurprise
microGPi2_L_1_CommonFiltered,0,215675.61728,215878.77888,203.16159999999218,5,3.78903099550363,RankSurprise
microGPi2_L_1_CommonFiltered,0,218844.48768,219010.99008,166.50239999999758,6,6.072554135796821,RankSurprise
microGPi2_L_1_CommonFiltered,0,275959.43936,276120.7808,161.34143999998923,7,8.242075314861985,RankSurprise
microGPi2_L_1_CommonFiltered,0,280176.10752,280573.21472,397.10719999996945,10,6.968387190237535,RankSurprise
microGPi2_L_1_CommonFiltered,0,297236.0704,297247.9488,11.878399999986868,3,5.899068675138835,RankSurprise
microGPi2_L_1_CommonFiltered,0,308264.87808,308668.04736,403.169280000031,10,7.2978703198640416,RankSurprise
microGPi2_L_1_CommonFiltered,0,309498.2656,309980.9792,482.7136000000173,11,8.896013304495426,RankSurprise
microGPi2_L_1_CommonFiltered,0,321861.46816,321903.37024,41.902080000028946,4,6.016993438102041,RankSurprise
microGPi2_L_1_CommonFiltered,0,322914.59072,322927.2064,12.615680000046268,3,5.769147394738411,RankSurprise
microGPi2_L_1_CommonFiltered,0,332070.42048,332507.79136,437.3708800000022,8,5.206489134889874,RankSurprise
microGPi2_L_1_CommonFiltered,0,356100.79232,358544.46592,2443.67359999998,27,11.314503832872878,RankSurprise
microGPi2_L_1_CommonFiltered,0,406545.94048,406912.57344,366.6329600000172,9,8.575176175901078,RankSurprise
microGPi2_L_1_CommonFiltered,0,408508.74368,408534.09792,25.354239999956917,3,4.506040281837599,RankSurprise
microGPi2_L_1_CommonFiltered,0,410354.44224,410678.72256,324.28032000001986,7,5.002776358997887,RankSurprise
microGPi2_L_1_CommonFiltered,0,411944.63232,412368.73216,424.09984000003897,18,21.222283380791996,RankSurprise
microGPi2_L_1_CommonFiltered,1,1750.6304,1815.51104,64.88064000000008,3,3.509220706418704,RankSurprise
microGPi2_L_1_CommonFiltered,1,3919.2576,4510.06464,590.8070399999997,7,4.2164292847972,RankSurprise
microGPi2_L_1_CommonFiltered,1,30899.48672,31196.7744,297.28767999999764,7,6.298820883314225,RankSurprise
microGPi2_L_1_CommonFiltered,1,37312.512,37639.3728,326.8607999999949,7,6.473742672314787,RankSurprise
microGPi2_L_1_CommonFiltered,1,43056.3328,43385.07776,328.74496000000363,12,15.457458569070518,RankSurprise
microGPi2_L_1_CommonFiltered,1,54399.3856,55522.67264,1123.2870399999956,14,8.34378906673657,RankSurprise
microGPi2_L_1_CommonFiltered,1,60142.592,60190.88384,48.29184000000532,3,3.9390944424041408,RankSurprise
microGPi2_L_1_CommonFiltered,1,61641.3184,61913.78432,272.46592000000237,5,3.8079441915564516,RankSurprise
microGPi2_L_1_CommonFiltered,1,63067.99616,63107.8912,39.89503999999579,3,4.362357773144973,RankSurprise
microGPi2_L_1_CommonFiltered,1,73961.34912,74216.32512,254.9759999999951,6,5.836461628332302,RankSurprise
microGPi2_L_1_CommonFiltered,1,83444.89984,83513.99936,69.0995200000034,4,5.709041712299232,RankSurprise
microGPi2_L_1_CommonFiltered,1,100173.04576,101777.16224,1604.1164800000115,12,3.6092296704256706,RankSurprise
microGPi2_L_1_CommonFiltered,1,114868.6336,114922.65984,54.02623999999196,3,3.7819444974355196,RankSurprise
microGPi2_L_1_CommonFiltered,1,127509.87264,127683.01056,173.13791999999376,5,4.934415233119719,RankSurprise
microGPi2_L_1_CommonFiltered,1,172625.01888,172746.46528,121.44640000001527,4,4.270879708221472,RankSurprise
microGPi2_L_1_CommonFiltered,1,176987.17696,177248.62464,261.44767999998294,6,6.287218850990222,RankSurprise
microGPi2_L_1_CommonFiltered,1,180645.10976,180668.12928,23.01952000000165,3,5.266344678984003,RankSurprise
microGPi2_L_1_CommonFiltered,1,215659.1104,215864.44288,205.33247999998275,5,4.468845702984435,RankSurprise
microGPi2_L_1_CommonFiltered,1,262236.65152,262388.61312,151.96159999998054,4,3.7697157396116623,RankSurprise
microGPi2_L_1_CommonFiltered,1,269134.88896,269224.01792,89.12896000000183,4,4.909149214059919,RankSurprise
microGPi2_L_1_CommonFiltered,1,295401.34912,296309.67808,908.3289599999553,8,3.697565225881284,RankSurprise
microGPi2_L_1_CommonFiltered,1,309596.52864,309668.2496,71.72096000000602,4,5.685325926765479,RankSurprise
microGPi2_L_1_CommonFiltered,1,328786.86208,330572.63616,1785.7740800000029,16,7.6797144402973965,RankSurprise
microGPi2_L_1_CommonFiltered,1,332353.98656,332669.3376,315.35104000003776,9,9.683413221987367,RankSurprise
microGPi2_L_1_CommonFiltered,1,343452.95872,343724.56448,271.60576000000583,8,9.229331638496788,RankSurprise
microGPi2_L_1_CommonFiltered,1,351935.44704,352101.86752,166.42048000002978,4,3.665517028797158,RankSurprise
microGPi2_L_1_CommonFiltered,1,358242.42688,358781.58336,539.1564800000051,7,3.9010902898836726,RankSurprise
microGPi2_L_1_CommonFiltered,1,374117.41696,374138.2656,20.84863999998197,3,5.443260937946457,RankSurprise
microGPi2_L_1_CommonFiltered,1,392472.73984,393681.7152,1208.9753599999822,12,7.08104766567325,RankSurprise
microGPi2_L_1_CommonFiltered,1,400516.17792,400559.22688,43.04895999998553,3,4.206938172636258,RankSurprise
microGPi2_L_1_CommonFiltered,1,405777.08032,406882.38592,1105.3055999999633,11,5.232125893954243,RankSurprise
microGPi2_L_1_CommonFiltered,1,411969.29024,412346.9824,377.69215999997687,12,13.826531390989192,RankSurprise
microGPi2_L_1_CommonFiltered,2,51249.47968,51342.45888,92.97920000000158,3,4.2932062416629275,RankSurprise
microGPi2_L_1_CommonFiltered,2,57902.44864,58737.58208,835.1334399999978,7,4.997667070093723,RankSurprise
microGPi2_L_1_CommonFiltered,2,64036.74112,64100.51584,63.77472000000125,4,7.624691885740258,RankSurprise
microGPi2_L_1_CommonFiltered,2,93909.85216,93984.19456,74.34240000000864,3,4.570252011359489,RankSurprise
microGPi2_L_1_CommonFiltered,2,98502.77888,98603.54048,100.761599999998,3,4.158536882906153,RankSurprise
microGPi2_L_1_CommonFiltered,2,114854.2976,114929.41824,75.12063999999373,3,4.333409615687119,RankSurprise
microGPi2_L_1_CommonFiltered,2,122324.74624,122645.05344,320.3072000000102,4,3.6800630937818326,RankSurprise
microGPi2_L_1_CommonFiltered,2,142321.29536,142634.22976,312.9343999999983,4,4.117928060802196,RankSurprise
microGPi2_L_1_CommonFiltered,2,148079.32928,148108.6976,29.36832000000868,3,5.834707946293126,RankSurprise
microGPi2_L_1_CommonFiltered,2,203645.58336,204332.60544,687.0220800000243,6,4.1550371074169705,RankSurprise
microGPi2_L_1_CommonFiltered,2,220020.5312,220048.384,27.852799999993294,3,5.9681071948804565,RankSurprise
microGPi2_L_1_CommonFiltered,2,240979.10784,241012.3264,33.218559999979334,3,5.554220984375883,RankSurprise
microGPi2_L_1_CommonFiltered,2,248867.10272,249060.31104,193.2083200000052,4,4.787365889606978,RankSurprise
microGPi2_L_1_CommonFiltered,2,251548.4672,251901.66528,353.19807999997283,6,7.007665330471646,RankSurprise
microGPi2_L_1_CommonFiltered,2,280252.74368,280427.19232,174.4486399999587,4,5.234240395130561,RankSurprise
microGPi2_L_1_CommonFiltered,2,307833.11872,309959.14752,2126.028799999971,14,8.51954436763931,RankSurprise
microGPi2_L_1_CommonFiltered,2,332414.976,332951.47008,536.4940799999749,7,6.91932643139166,RankSurprise
microGPi2_L_1_CommonFiltered,2,339254.0672,339337.46176,83.39455999998609,3,4.459108874289983,RankSurprise
microGPi2_L_1_CommonFiltered,2,343956.2752,344537.45664,581.1814400000148,6,5.316138851325206,RankSurprise
microGPi2_L_1_CommonFiltered,2,351577.2928,352234.25024,656.9574400000274,6,4.578134395324513,RankSurprise
microGPi2_L_1_CommonFiltered,2,356756.97152,356966.52288,209.5513599999831,4,4.555488012138664,RankSurprise
microGPi2_L_1_CommonFiltered,2,405810.3808,407452.8768,1642.4960000000428,11,6.070289100725512,RankSurprise
microGPi2_L_1_CommonFiltered,2,412173.55776,412301.63968,128.081920000026,4,5.834539074531051,RankSurprise
microGPi2_L_1_CommonFiltered,3,3670.26176,3927.08096,256.8191999999999,3,3.7404903734523174,RankSurprise
microGPi2_L_1_CommonFiltered,3,33965.99808,34170.2656,204.26752000000124,5,11.349885103849353,RankSurprise
microGPi2_L_1_CommonFiltered,3,72450.2528,73732.83328,1282.5804800000042,6,4.38937894720141,RankSurprise
microGPi2_L_1_CommonFiltered,3,131546.23488,132159.97952,613.7446399999899,5,6.004552610764144,RankSurprise
microGPi2_L_1_CommonFiltered,3,147885.13792,148313.45664,428.3187199999811,5,8.165329982078738,RankSurprise
microGPi2_L_1_CommonFiltered,3,160007.12704,160554.55744,547.430400000012,5,6.463527129117988,RankSurprise
microGPi2_L_1_CommonFiltered,3,162066.30912,163397.91872,1331.6095999999961,6,4.964419305492768,RankSurprise
microGPi2_L_1_CommonFiltered,3,210649.33376,213982.86336,3333.52959999998,11,4.81147472678356,RankSurprise
microGPi2_L_1_CommonFiltered,3,219864.4736,220906.9056,1042.4320000000007,5,3.5417077408838082,RankSurprise
microGPi2_L_1_CommonFiltered,3,226917.13024,227208.76544,291.6351999999897,3,3.841144526845735,RankSurprise
microGPi2_L_1_CommonFiltered,3,238669.78304,238924.96384,255.1808000000019,3,4.030483656298335,RankSurprise
microGPi2_L_1_CommonFiltered,3,242694.06208,243143.76192,449.6998399999866,4,5.079649651612836,RankSurprise
microGPi2_L_1_CommonFiltered,3,285950.5664,286174.0032,223.43679999996675,3,4.658589424083257,RankSurprise
microGPi2_L_1_CommonFiltered,3,355232.84992,355543.04,310.1900799999712,4,6.381331824861078,RankSurprise
microGPi2_L_2_CommonFiltered,0,2254.72512,4738.78528,2484.06016,13,8.90977918847501,RankSurprise
microGPi2_L_2_CommonFiltered,0,12547.6864,13822.27968,1274.5932799999991,7,5.240800896795025,RankSurprise
microGPi2_L_2_CommonFiltered,0,44294.7584,44438.36416,143.60575999999855,3,4.53499421522525,RankSurprise
microGPi2_L_2_CommonFiltered,0,55087.34976,55886.6432,799.2934400000013,6,5.560114057608228,RankSurprise
microGPi2_L_2_CommonFiltered,0,101608.07936,103886.88896,2278.809599999993,8,4.044043565644175,RankSurprise
microGPi2_L_2_CommonFiltered,0,114879.16032,115302.03136,422.8710399999982,4,4.206457393064891,RankSurprise
microGPi2_L_2_CommonFiltered,0,139107.49184,143612.5184,4505.026559999998,16,7.2186877986025975,RankSurprise
microGPi2_L_2_CommonFiltered,0,231770.9312,232103.5264,332.59520000001066,4,4.774194556609011,RankSurprise
microGPi2_L_2_CommonFiltered,0,291331.072,291495.15776,164.0857599999872,3,4.203184897486029,RankSurprise
microGPi2_L_2_CommonFiltered,0,304298.47552,304546.32448,247.8489600000321,4,5.783645281861784,RankSurprise
microGPi2_L_2_CommonFiltered,0,331829.53472,332322.44736,492.912639999995,6,8.016712637883067,RankSurprise
microGPi2_L_2_CommonFiltered,0,356841.75872,357710.72512,868.9664000000339,8,9.446766093923209,RankSurprise
microGPi2_L_2_CommonFiltered,0,363581.6448,364560.75264,979.1078400000115,6,5.224580324347947,RankSurprise
microGPi2_L_2_CommonFiltered,0,402171.4944,402342.0928,170.59839999995893,3,4.152865787296321,RankSurprise
microGPi2_L_2_CommonFiltered,2,19504.04608,19539.10784,35.061760000000504,3,5.281516082690553,RankSurprise
microGPi2_L_2_CommonFiltered,2,24239.39072,24363.74528,124.35455999999976,4,4.83746261958807,RankSurprise
microGPi2_L_2_CommonFiltered,2,34412.7488,34449.36704,36.61823999999615,3,5.165200305120118,RankSurprise
microGPi2_L_2_CommonFiltered,2,37903.44192,39924.5312,2021.0892800000001,13,4.831822412291625,RankSurprise
microGPi2_L_2_CommonFiltered,2,43105.93536,43296.64512,190.7097599999979,4,3.8857347755770384,RankSurprise
microGPi2_L_2_CommonFiltered,2,45621.16608,45627.96544,6.79935999999725,3,8.525371423034468,RankSurprise
microGPi2_L_2_CommonFiltered,2,53530.78784,53585.7152,54.9273600000015,3,4.328058910941124,RankSurprise
microGPi2_L_2_CommonFiltered,2,152300.66688,152672.4608,371.79391999999643,5,3.5498897266525766,RankSurprise
microGPi2_L_2_CommonFiltered,2,160815.02208,160852.21376,37.191680000018096,3,5.076785419128168,RankSurprise
microGPi2_L_2_CommonFiltered,2,164083.67104,164611.93216,528.2611200000101,6,4.426464705950538,RankSurprise
microGPi2_L_2_CommonFiltered,2,189186.90816,189263.17568,76.26751999999397,3,3.7067515788800574,RankSurprise
microGPi2_L_2_CommonFiltered,2,190811.25888,190969.36448,158.10559999998077,4,4.375007632232084,RankSurprise
microGPi2_L_2_CommonFiltered,2,204027.57632,204082.9952,55.418880000011995,3,4.35802243852234,RankSurprise
microGPi2_L_2_CommonFiltered,2,211514.9824,212282.28608,767.3036799999827,6,3.5830919866488333,RankSurprise
microGPi2_L_2_CommonFiltered,2,214732.75904,215927.07072,1194.3116799999843,13,8.111209169996691,RankSurprise
microGPi2_L_2_CommonFiltered,2,218236.3136,218378.56768,142.25408000001335,4,4.4885589465852505,RankSurprise
microGPi2_L_2_CommonFiltered,2,245743.49312,246323.24096,579.7478399999964,6,4.048142223080168,RankSurprise
microGPi2_L_2_CommonFiltered,2,248696.17664,251606.75328,2910.576640000014,19,6.920394078172403,RankSurprise
microGPi2_L_2_CommonFiltered,2,262741.07392,262951.03488,209.9609599999967,4,4.144123344233808,RankSurprise
microGPi2_L_2_CommonFiltered,2,269843.41504,270175.51872,332.10368000000017,5,3.7287817375423415,RankSurprise
microGPi2_L_2_CommonFiltered,2,275542.26176,276045.37344,503.1116799999727,8,7.780050440896308,RankSurprise
microGPi2_L_2_CommonFiltered,2,289750.71232,289820.30336,69.59104000002844,3,3.8773107950041314,RankSurprise
microGPi2_L_2_CommonFiltered,2,307535.54432,307543.04,7.495679999992717,3,8.525371423034468,RankSurprise
microGPi2_L_2_CommonFiltered,2,309853.26592,310073.30304,220.0371200000518,5,5.45597343115206,RankSurprise
microGPi2_L_2_CommonFiltered,2,312383.73376,312467.41504,83.68128000001889,3,3.5096998128874723,RankSurprise
microGPi2_L_2_CommonFiltered,2,324723.3024,324765.696,42.39360000001034,3,4.871471687816559,RankSurprise
microGPi2_L_2_CommonFiltered,2,328163.00032,328241.19296,78.19264000002295,3,3.7620041331976246,RankSurprise
microGPi2_L_2_CommonFiltered,2,332290.048,332452.00384,161.95584000000963,4,4.265598018656473,RankSurprise
microGPi2_L_2_CommonFiltered,2,337574.2976,337592.60672,18.3091199999908,3,6.778732389086882,RankSurprise
microGPi2_L_2_CommonFiltered,2,344863.744,344888.03328,24.28927999996813,3,6.209637857196915,RankSurprise
microGPi2_L_2_CommonFiltered,2,345989.03808,346550.19008,561.1519999999437,6,3.6685823371708204,RankSurprise
microGPi2_L_2_CommonFiltered,2,356171.12064,356179.51744,8.396800000045914,3,8.090918778053052,RankSurprise
microGPi2_L_2_CommonFiltered,2,380472.60672,380700.01664,227.4099200000055,4,3.654581135765305,RankSurprise
microGPi2_L_2_CommonFiltered,2,405787.97568,405816.1152,28.139520000026096,3,5.736826127913073,RankSurprise
microGPi2_L_2_CommonFiltered,2,406455.00928,406595.82976,140.82047999999486,7,11.964013895707353,RankSurprise
microGPi2_L_2_CommonFiltered,2,409391.9232,410026.88512,634.9619199999725,6,3.9350804324919975,RankSurprise
microGPi2_L_2_CommonFiltered,2,411103.27296,412425.54368,1322.2707200000295,11,5.69356532219724,RankSurprise
microGPi2_L_2_CommonFiltered,3,3566.34624,3623.89504,57.54880000000003,3,4.405173118035416,RankSurprise
microGPi2_L_2_CommonFiltered,3,7615.73376,7820.288,204.55423999999948,5,6.523075148042544,RankSurprise
microGPi2_L_2_CommonFiltered,3,10868.736,11097.7024,228.96639999999934,5,6.107786191126635,RankSurprise
microGPi2_L_2_CommonFiltered,3,24680.16128,26760.192,2080.030719999999,10,3.6858041120001204,RankSurprise
microGPi2_L_2_CommonFiltered,3,37310.91456,37418.72128,107.8067200000005,3,3.6946574313938267,RankSurprise
microGPi2_L_2_CommonFiltered,3,57875.82464,57975.56224,99.73760000000038,3,3.9494215114968814,RankSurprise
microGPi2_L_2_CommonFiltered,3,62464.98304,62479.7696,14.786560000000463,3,6.760329098038799,RankSurprise
microGPi2_L_2_CommonFiltered,3,116307.80416,117537.46432,1229.6601599999995,7,3.7090550772031863,RankSurprise
microGPi2_L_2_CommonFiltered,3,131120.57856,131184.35328,63.774720000015805,3,4.276685872297572,RankSurprise
microGPi2_L_2_CommonFiltered,3,134766.63296,135203.88096,437.2480000000214,6,5.443536289594455,RankSurprise
microGPi2_L_2_CommonFiltered,3,141760.83968,142822.52288,1061.6831999999995,7,4.201566990132667,RankSurprise
microGPi2_L_2_CommonFiltered,3,152091.07456,152274.78016,183.7055999999866,4,4.735744698588167,RankSurprise
microGPi2_L_2_CommonFiltered,3,155223.40864,155490.59072,267.1820799999987,4,3.7026980428132745,RankSurprise
microGPi2_L_2_CommonFiltered,3,160668.672,162561.67936,1893.0073600000178,12,5.736910956828307,RankSurprise
microGPi2_L_2_CommonFiltered,3,203240.40704,204005.7856,765.3785600000119,6,3.761068200473345,RankSurprise
microGPi2_L_2_CommonFiltered,3,216703.5904,216777.15456,73.564160000009,3,4.15595732641143,RankSurprise
microGPi2_L_2_CommonFiltered,3,224394.93632,225172.19328,777.2569599999988,8,6.097490510811929,RankSurprise
microGPi2_L_2_CommonFiltered,3,227143.31136,227706.22464,562.913280000008,5,3.652527652020634,RankSurprise
microGPi2_L_2_CommonFiltered,3,254543.50336,256539.89376,1996.3904000000039,10,4.285474188143626,RankSurprise
microGPi2_L_2_CommonFiltered,3,287085.40416,288455.22944,1369.8252800000482,9,3.8911204780250688,RankSurprise
microGPi2_L_2_CommonFiltered,3,295521.23904,295584.5632,63.3241599999601,3,4.386304633731033,RankSurprise
microGPi2_L_2_CommonFiltered,3,332325.23264,332374.30272,49.07007999997586,6,13.813810057803366,RankSurprise
microGPi2_L_2_CommonFiltered,3,333455.5648,334150.656,695.0912000000244,6,4.444025086545977,RankSurprise
microGPi2_L_2_CommonFiltered,3,345873.85856,346088.6528,214.79423999995925,4,4.367934334997521,RankSurprise
microGPi2_L_2_CommonFiltered,3,406383.04256,406586.94144,203.89888000005158,7,10.738211114630978,RankSurprise
microGPi2_L_2_CommonFiltered,3,406952.30464,410195.06688,3242.762240000011,15,4.602890320333936,RankSurprise
microGPi2_L_2_CommonFiltered,4,800.64512,807.85408,7.208959999999934,3,6.608880481990397,RankSurprise
microGPi2_L_2_CommonFiltered,4,2729.5744,3000.07424,270.49983999999995,9,6.781301859157783,RankSurprise
microGPi2_L_2_CommonFiltered,4,4711.8336,4790.272,78.4384,4,3.8438692988261316,RankSurprise
microGPi2_L_2_CommonFiltered,4,5535.90784,5713.1008,177.1929600000003,6,4.4620697727238365,RankSurprise
microGPi2_L_2_CommonFiltered,4,8144.36352,8175.73888,31.37536,3,3.7814800000674627,RankSurprise
microGPi2_L_2_CommonFiltered,4,12253.7984,12309.38112,55.582720000000336,4,4.862290647987045,RankSurprise
microGPi2_L_2_CommonFiltered,4,19403.3664,19515.92448,112.55808000000252,5,4.7947453935523825,RankSurprise
microGPi2_L_2_CommonFiltered,4,37218.59072,37658.4192,439.8284799999965,15,11.990562738371587,RankSurprise
microGPi2_L_2_CommonFiltered,4,38284.41088,38321.7664,37.35551999999734,4,5.757626172373907,RankSurprise
microGPi2_L_2_CommonFiltered,4,39531.39712,39601.52064,70.12352000000101,4,4.062192099650218,RankSurprise
microGPi2_L_2_CommonFiltered,4,42597.33504,42612.03968,14.704640000003565,3,5.288793679408187,RankSurprise
microGPi2_L_2_CommonFiltered,4,44772.10624,44836.864,64.75776000000042,4,4.395569842581146,RankSurprise
microGPi2_L_2_CommonFiltered,4,53381.98016,53574.4512,192.471040000004,7,5.495600866465453,RankSurprise
microGPi2_L_2_CommonFiltered,4,57170.5344,57174.05696,3.522560000004887,3,8.588590946628612,RankSurprise
microGPi2_L_2_CommonFiltered,4,57788.49792,57975.84896,187.35104000000138,6,4.395409336106989,RankSurprise
microGPi2_L_2_CommonFiltered,4,58977.85344,59566.61248,588.7590400000045,11,3.9551216684531676,RankSurprise
microGPi2_L_2_CommonFiltered,4,63182.39744,63266.4064,84.0089599999992,4,3.605197395022735,RankSurprise
microGPi2_L_2_CommonFiltered,4,70643.5072,70675.61984,32.11264000000665,3,3.766623837242328,RankSurprise
microGPi2_L_2_CommonFiltered,4,76920.832,76978.42176,57.58976000000257,4,4.716394687807803,RankSurprise
microGPi2_L_2_CommonFiltered,4,98905.7024,98930.97472,25.272320000003674,4,6.733206630552143,RankSurprise
microGPi2_L_2_CommonFiltered,4,101298.7904,101350.52288,51.732480000006035,4,4.8589702243497435,RankSurprise
microGPi2_L_2_CommonFiltered,4,110589.50144,110607.40096,17.899520000006305,3,4.679071071418585,RankSurprise
microGPi2_L_2_CommonFiltered,4,111466.9056,111604.3264,137.42080000000715,5,3.883852218246467,RankSurprise
microGPi2_L_2_CommonFiltered,4,112357.90848,112534.3232,176.41472000000067,9,9.582448216359134,RankSurprise
microGPi2_L_2_CommonFiltered,4,114589.57312,114984.46848,394.895359999995,10,5.7207435126566635,RankSurprise
microGPi2_L_2_CommonFiltered,4,116765.85984,116799.11936,33.259519999992335,3,3.62728167453367,RankSurprise
microGPi2_L_2_CommonFiltered,4,117514.40384,117606.56384,92.16000000000349,4,3.527551049869949,RankSurprise
microGPi2_L_2_CommonFiltered,4,130496.47104,130515.23072,18.759680000002845,4,7.891293068248789,RankSurprise
microGPi2_L_2_CommonFiltered,4,132050.37056,132483.35872,432.98815999997896,9,3.7749216933359806,RankSurprise
microGPi2_L_2_CommonFiltered,4,145091.50208,145116.3648,24.86272000000463,3,4.302298688860782,RankSurprise
microGPi2_L_2_CommonFiltered,4,155259.904,155271.12704,11.223039999982575,3,5.662170472964849,RankSurprise
microGPi2_L_2_CommonFiltered,4,178664.16128,178681.0368,16.875520000001416,3,4.987859879291381,RankSurprise
microGPi2_L_2_CommonFiltered,4,187922.75968,187964.49792,41.738240000006044,4,5.471695246340147,RankSurprise
microGPi2_L_2_CommonFiltered,4,192224.82944,192284.50816,59.67871999999625,4,4.485042618735243,RankSurprise
microGPi2_L_2_CommonFiltered,4,192773.20192,192779.79648,6.594559999997728,3,6.888025988540292,RankSurprise
microGPi2_L_2_CommonFiltered,4,193385.34912,193404.7232,19.37408000000869,3,4.543617074191193,RankSurprise
microGPi2_L_2_CommonFiltered,4,194162.15552,194490.28608,328.1305599999905,7,3.5555212957763187,RankSurprise
microGPi2_L_2_CommonFiltered,4,195008.59392,195146.87488,138.28095999997458,5,3.775205846605356,RankSurprise
microGPi2_L_2_CommonFiltered,4,203646.40256,204030.60736,384.2048000000068,9,4.911212075996876,RankSurprise
microGPi2_L_2_CommonFiltered,4,207902.76096,207938.9696,36.208639999997104,4,5.895054994206909,RankSurprise
microGPi2_L_2_CommonFiltered,4,211353.68192,211387.84256,34.160639999987325,3,3.5694544751891772,RankSurprise
microGPi2_L_2_CommonFiltered,4,212173.6192,212436.45952,262.8403200000175,8,6.25922468772437,RankSurprise
microGPi2_L_2_CommonFiltered,4,216093.81888,216112.08704,18.2681600000069,3,4.756461850421232,RankSurprise
microGPi2_L_2_CommonFiltered,4,222283.5712,222423.49056,139.91935999999987,5,3.832908119240802,RankSurprise
microGPi2_L_2_CommonFiltered,4,234782.96576,234986.86464,203.89888000002247,6,3.7890959464704705,RankSurprise
microGPi2_L_2_CommonFiltered,4,236290.2528,236558.7456,268.49280000000726,8,5.170317476619255,RankSurprise
microGPi2_L_2_CommonFiltered,4,244475.20768,244608.65536,133.44768000001204,6,5.689956621668763,RankSurprise
microGPi2_L_2_CommonFiltered,4,248110.65344,248128.06144,17.40799999999581,3,4.805619586972705,RankSurprise
microGPi2_L_2_CommonFiltered,4,249683.18976,249837.1584,153.9686399999773,9,10.609382826875624,RankSurprise
microGPi2_L_2_CommonFiltered,4,254361.84576,254386.5856,24.73983999999473,3,4.13979613548989,RankSurprise
microGPi2_L_2_CommonFiltered,4,275141.91872,275178.45504,36.536319999955595,3,3.630735909401757,RankSurprise
microGPi2_L_2_CommonFiltered,4,277908.52096,277929.69728,21.176320000027772,3,4.516516338766548,RankSurprise
microGPi2_L_2_CommonFiltered,4,285807.45216,285815.97184,8.51968000002671,3,6.220113020399932,RankSurprise
microGPi2_L_2_CommonFiltered,4,287630.17216,287959.61344,329.44127999997,8,4.720070912015882,RankSurprise
microGPi2_L_2_CommonFiltered,4,290842.91072,290923.23328,80.32256000000052,4,3.7575827097790615,RankSurprise
microGPi2_L_2_CommonFiltered,4,294114.7136,294158.86848,44.154879999987315,4,5.375558735030122,RankSurprise
microGPi2_L_2_CommonFiltered,4,297884.2624,297907.36384,23.101439999998547,3,4.268724710687334,RankSurprise
microGPi2_L_2_CommonFiltered,4,307091.33312,307239.28064,147.94751999998698,5,3.658648514377738,RankSurprise
microGPi2_L_2_CommonFiltered,4,309821.39904,309842.90304,21.504000000015367,3,4.452934713878758,RankSurprise
microGPi2_L_2_CommonFiltered,4,318590.93504,319760.26112,1169.3260799999698,21,6.601889224109918,RankSurprise
microGPi2_L_2_CommonFiltered,4,321987.46112,322004.13184,16.670719999994617,3,5.015304644554178,RankSurprise
microGPi2_L_2_CommonFiltered,4,322666.86464,322698.52672,31.66208000003826,3,3.7227062078477005,RankSurprise
microGPi2_L_2_CommonFiltered,4,323934.65856,323960.75008,26.091520000016317,4,6.925170339383499,RankSurprise
microGPi2_L_2_CommonFiltered,4,325481.39008,325518.7456,37.355520000041,3,3.599860487920406,RankSurprise
microGPi2_L_2_CommonFiltered,4,332277.30944,332697.43616,420.1267200000002,19,19.572360346352845,RankSurprise
microGPi2_L_2_CommonFiltered,4,342784.16384,342985.56416,201.4003200000152,7,5.521551085389685,RankSurprise
microGPi2_L_2_CommonFiltered,4,356163.50208,356211.05664,47.55456000001868,4,5.1115691453915275,RankSurprise
microGPi2_L_2_CommonFiltered,4,357481.10336,358024.88832,543.784960000019,12,6.292854017210263,RankSurprise
microGPi2_L_2_CommonFiltered,4,358999.32672,359080.87808,81.5513599999831,4,3.76218393947887,RankSurprise
microGPi2_L_2_CommonFiltered,4,360405.15584,360452.62848,47.47263999999268,4,5.126044458928902,RankSurprise
microGPi2_L_2_CommonFiltered,4,360834.08896,361127.7312,293.6422399999574,8,4.84436751920707,RankSurprise
microGPi2_L_2_CommonFiltered,4,361538.31424,361876.60288,338.2886400000425,9,5.364099911289708,RankSurprise
microGPi2_L_2_CommonFiltered,4,367395.92192,367415.5008,19.578879999986384,3,4.673240151107791,RankSurprise
microGPi2_L_2_CommonFiltered,4,367959.40864,368141.55776,182.1491200000164,7,5.940056383526947,RankSurprise
microGPi2_L_2_CommonFiltered,4,368744.98048,369686.60992,941.6294399999897,19,7.323693839368014,RankSurprise
microGPi2_L_2_CommonFiltered,4,370518.79424,371016.2944,497.50015999999596,13,7.590143549897749,RankSurprise
microGPi2_L_2_CommonFiltered,4,371958.74304,372081.82784,123.08480000001146,5,4.289186367208718,RankSurprise
microGPi2_L_2_CommonFiltered,4,374388.16256,374503.09632,114.93375999998534,5,4.467518864385838,RankSurprise
microGPi2_L_2_CommonFiltered,4,377590.1696,377818.39872,228.2291199999745,7,4.553042023636453,RankSurprise
microGPi2_L_2_CommonFiltered,4,381362.50368,381389.08672,26.58303999999771,3,4.189460150175094,RankSurprise
microGPi2_L_2_CommonFiltered,4,389148.50816,389182.6688,34.16063999995822,5,8.79227426294112,RankSurprise
microGPi2_L_2_CommonFiltered,4,406363.62752,406981.05856,617.4310399999958,20,15.39469267491023,RankSurprise
microGPi2_L_2_CommonFiltered,4,407242.67008,407677.3376,434.66752000001725,11,6.58222763657468,RankSurprise
microGPi2_L_2_CommonFiltered,4,408294.52288,408494.85824,200.3353599999682,10,10.587489357894919,RankSurprise
microGPi2_L_2_CommonFiltered,4,409185.15712,409299.3536,114.19647999998415,5,4.545169696572749,RankSurprise
microGPi2_L_2_CommonFiltered,4,410428.98944,411817.20576,1388.2163200000068,29,11.564751037984339,RankSurprise
microGPi2_L_2_CommonFiltered,4,412359.14752,412655.0016,295.85408000001917,8,4.610734482667413,RankSurprise
microGPi2_L_3_CommonFiltered,0,3029.8112,3048.448,18.636799999999766,3,4.6018818491710025,RankSurprise
microGPi2_L_3_CommonFiltered,0,4986.30656,5065.40032,79.09375999999975,4,3.523846356371301,RankSurprise
microGPi2_L_3_CommonFiltered,0,17617.26464,17634.42688,17.162239999997837,3,4.885240890723502,RankSurprise
microGPi2_L_3_CommonFiltered,0,21829.632,21945.42592,115.79392000000007,5,4.100869865866166,RankSurprise
microGPi2_L_3_CommonFiltered,0,31444.00896,31781.80608,337.79711999999927,9,5.2651728410364225,RankSurprise
microGPi2_L_3_CommonFiltered,0,35325.17376,35574.62016,249.44640000000072,8,5.380145407789682,RankSurprise
microGPi2_L_3_CommonFiltered,0,42091.76576,42111.75424,19.98847999999998,3,4.519075575673961,RankSurprise
microGPi2_L_3_CommonFiltered,0,43167.744,43255.3984,87.65439999999944,6,7.027942518036944,RankSurprise
microGPi2_L_3_CommonFiltered,0,48681.86112,48755.67104,73.80991999999969,5,5.7025134818286425,RankSurprise
microGPi2_L_3_CommonFiltered,0,58801.60256,58992.0256,190.4230400000015,7,5.00614515015213,RankSurprise
microGPi2_L_3_CommonFiltered,0,60333.2608,60357.38624,24.125440000003437,3,4.141377904753256,RankSurprise
microGPi2_L_3_CommonFiltered,0,61787.5456,62097.69472,310.14912000000186,9,5.25773620831482,RankSurprise
microGPi2_L_3_CommonFiltered,0,62455.15264,62466.58048,11.42783999999665,3,5.559405620371157,RankSurprise
microGPi2_L_3_CommonFiltered,0,63714.95936,64028.18048,313.221120000002,9,5.32497145630556,RankSurprise
microGPi2_L_3_CommonFiltered,0,64604.48768,64836.23936,231.75168000000122,7,4.676682559893728,RankSurprise
microGPi2_L_3_CommonFiltered,0,65770.2912,66040.75008,270.45887999999104,8,4.558440049397294,RankSurprise
microGPi2_L_3_CommonFiltered,0,70086.8608,70217.44128,130.58048000000417,6,5.53708335165841,RankSurprise
microGPi2_L_3_CommonFiltered,0,72691.3024,72765.68576,74.38335999999254,4,3.891479538083267,RankSurprise
microGPi2_L_3_CommonFiltered,0,97311.08864,97372.7744,61.685759999993024,6,8.760941742645763,RankSurprise
microGPi2_L_3_CommonFiltered,0,104655.17568,104771.7888,116.61311999999452,5,4.161664214027507,RankSurprise
microGPi2_L_3_CommonFiltered,0,111239.20896,111252.80768,13.5987199999945,3,5.281178911272804,RankSurprise
microGPi2_L_3_CommonFiltered,0,113440.31744,113463.66464,23.347200000003795,3,4.09573272093728,RankSurprise
microGPi2_L_3_CommonFiltered,0,116541.31712,116734.44352,193.12639999999374,6,4.6636642799698365,RankSurprise
microGPi2_L_3_CommonFiltered,0,118221.86496,118406.59456,184.72959999999148,8,7.098641985904342,RankSurprise
microGPi2_L_3_CommonFiltered,0,120607.744,120669.88032,62.13631999999052,4,4.289814001569248,RankSurprise
microGPi2_L_3_CommonFiltered,0,127469.03552,128052.26496,583.2294399999955,12,4.389983628597405,RankSurprise
microGPi2_L_3_CommonFiltered,0,128786.71872,128850.1248,63.40608000000066,4,4.163426254071261,RankSurprise
microGPi2_L_3_CommonFiltered,0,130471.60832,130542.96064,71.35232000000542,4,3.896004427534578,RankSurprise
microGPi2_L_3_CommonFiltered,0,134980.93568,135027.3024,46.36671999999089,4,5.049664742109712,RankSurprise
microGPi2_L_3_CommonFiltered,0,136688.64,136703.71328,15.073279999982333,3,4.965997397460471,RankSurprise
microGPi2_L_3_CommonFiltered,0,144653.88544,144683.86816,29.982719999999972,3,3.685459897806938,RankSurprise
microGPi2_L_3_CommonFiltered,0,146335.66208,146351.80032,16.138240000000224,3,4.81936652488236,RankSurprise
microGPi2_L_3_CommonFiltered,0,155513.40544,155559.3216,45.9161599999934,4,4.987128143342673,RankSurprise
microGPi2_L_3_CommonFiltered,0,159809.7408,160263.65952,453.91871999998693,13,7.642628988317358,RankSurprise
microGPi2_L_3_CommonFiltered,0,169875.61984,169906.9952,31.375360000005458,3,3.642483008189096,RankSurprise
microGPi2_L_3_CommonFiltered,0,171267.80928,171525.20192,257.3926400000055,7,4.839833815435283,RankSurprise
microGPi2_L_3_CommonFiltered,0,172036.13696,172060.0576,23.920639999996638,3,4.0998395028899335,RankSurprise
microGPi2_L_3_CommonFiltered,0,172746.58816,172805.7344,59.14623999997275,4,4.352425001313669,RankSurprise
microGPi2_L_3_CommonFiltered,0,173971.53792,173988.41344,16.875520000001416,3,4.716043481692678,RankSurprise
microGPi2_L_3_CommonFiltered,0,176828.37504,176872.07936,43.70431999998982,4,5.147701717793545,RankSurprise
microGPi2_L_3_CommonFiltered,0,180346.83904,180514.28352,167.44448000000557,7,6.147209233929383,RankSurprise
microGPi2_L_3_CommonFiltered,0,182473.48224,182739.72224,266.2399999999907,7,3.666456713266624,RankSurprise
microGPi2_L_3_CommonFiltered,0,190121.69728,190227.41504,105.71775999999954,5,4.418606149518187,RankSurprise
microGPi2_L_3_CommonFiltered,0,195453.70624,195499.6224,45.9161599999934,4,5.00673607179386,RankSurprise
microGPi2_L_3_CommonFiltered,0,197688.03328,198045.696,357.662719999993,8,3.61109857841671,RankSurprise
microGPi2_L_3_CommonFiltered,0,203096.59648,203549.24544,452.64895999999135,11,4.9452625908776735,RankSurprise
microGPi2_L_3_CommonFiltered,0,209662.44352,209695.49824,33.05471999998554,3,3.559204310956064,RankSurprise
microGPi2_L_3_CommonFiltered,0,213937.152,213954.68288,17.53088000000571,3,4.688265203782395,RankSurprise
microGPi2_L_3_CommonFiltered,0,216491.99104,216699.33056,207.33952000000863,7,4.645912861643027,RankSurprise
microGPi2_L_3_CommonFiltered,0,224918.44608,225184.11264,265.6665600000124,7,3.6385565390472503,RankSurprise
microGPi2_L_3_CommonFiltered,0,228084.20352,228090.42944,6.2259199999971315,3,6.958548123968898,RankSurprise
microGPi2_L_3_CommonFiltered,0,241412.54656,241457.39776,44.85120000000461,4,5.127153674405115,RankSurprise
microGPi2_L_3_CommonFiltered,0,242784.54272,242957.9264,173.383679999999,6,3.9618522313637956,RankSurprise
microGPi2_L_3_CommonFiltered,0,254030.27456,254118.54336,88.26880000001984,5,4.988027357990699,RankSurprise
microGPi2_L_3_CommonFiltered,0,255469.52704,255505.77664,36.249600000010105,4,5.750860147749773,RankSurprise
microGPi2_L_3_CommonFiltered,0,282516.23424,282550.4768,34.24255999998422,4,5.955139183205006,RankSurprise
microGPi2_L_3_CommonFiltered,0,285976.49408,286007.9104,31.41632000001846,3,3.6490350249957633,RankSurprise
microGPi2_L_3_CommonFiltered,0,287885.312,287929.9584,44.646400000026915,5,7.595777328413856,RankSurprise
microGPi2_L_3_CommonFiltered,0,288620.05248,288639.22176,19.169279999972787,3,4.655432667663559,RankSurprise
microGPi2_L_3_CommonFiltered,0,293014.15936,293121.59744,107.43807999999262,5,4.345784898841117,RankSurprise
microGPi2_L_3_CommonFiltered,0,298166.0672,298189.6192,23.552000000025146,3,4.275919015686712,RankSurprise
microGPi2_L_3_CommonFiltered,0,307706.4704,307710.5664,4.096000000019558,3,7.879787715520456,RankSurprise
microGPi2_L_3_CommonFiltered,0,310623.232,310937.88672,314.65471999999136,7,3.6147743203162968,RankSurprise
microGPi2_L_3_CommonFiltered,0,312475.72992,312492.48256,16.752639999962412,3,4.801771065644473,RankSurprise
microGPi2_L_3_CommonFiltered,0,315191.33696,315304.01792,112.68096000002697,5,4.087693379715368,RankSurprise
microGPi2_L_3_CommonFiltered,0,321864.94976,321881.82528,16.875520000001416,3,4.784329057783934,RankSurprise
microGPi2_L_3_CommonFiltered,0,321980.66176,321991.84384,11.182079999998678,4,9.215225619865915,RankSurprise
microGPi2_L_3_CommonFiltered,0,324474.42944,324735.63136,261.20192000002135,10,7.465286491586504,RankSurprise
microGPi2_L_3_CommonFiltered,0,328501.98528,328532.74624,30.76095999998506,3,3.6132616899004013,RankSurprise
microGPi2_L_3_CommonFiltered,0,330321.5104,330772.43904,450.92863999999827,16,12.216995369927938,RankSurprise
microGPi2_L_3_CommonFiltered,0,335419.71968,335499.38688,79.66720000002533,4,3.517852346610823,RankSurprise
microGPi2_L_3_CommonFiltered,0,337852.37504,337985.20832,132.83327999996254,6,5.072404082617808,RankSurprise
microGPi2_L_3_CommonFiltered,0,339230.76096,339404.26752,173.5065600000089,7,5.487134616677297,RankSurprise
microGPi2_L_3_CommonFiltered,0,340506.58304,340561.96096,55.377919999998994,5,6.870633063110159,RankSurprise
microGPi2_L_3_CommonFiltered,0,342858.50624,342875.9552,17.44896000000881,3,4.7442130173416235,RankSurprise
microGPi2_L_3_CommonFiltered,0,343417.69216,344048.2304,630.5382400000235,12,3.9168558591037774,RankSurprise
microGPi2_L_3_CommonFiltered,0,348244.7872,348308.97152,64.1843200000003,4,4.292396869987506,RankSurprise
microGPi2_L_3_CommonFiltered,0,351947.40736,352365.19936,417.79200000001583,12,7.121356428203775,RankSurprise
microGPi2_L_3_CommonFiltered,0,356725.22752,356992.8192,267.5916800000123,8,5.385107110302016,RankSurprise
microGPi2_L_3_CommonFiltered,0,358412.32896,358779.41248,367.0835199999856,8,3.762804349702418,RankSurprise
microGPi2_L_3_CommonFiltered,0,359612.98944,359841.1776,228.1881600000197,8,5.552758379234429,RankSurprise
microGPi2_L_3_CommonFiltered,0,362031.67744,362194.65728,162.97983999998542,6,4.252143333134768,RankSurprise
microGPi2_L_3_CommonFiltered,0,368836.93568,368975.0528,138.1171200000099,5,3.7629714703020127,RankSurprise
microGPi2_L_3_CommonFiltered,0,369666.62144,369687.10144,20.479999999981374,3,4.4153484693810565,RankSurprise
microGPi2_L_3_CommonFiltered,0,383919.80032,383979.19232,59.39199999999255,5,6.438841275388345,RankSurprise
microGPi2_L_3_CommonFiltered,0,386013.5936,386080.52224,66.92863999999827,5,5.991268743428222,RankSurprise
microGPi2_L_3_CommonFiltered,0,390932.56192,390954.27072,21.708799999963958,3,4.400959897426125,RankSurprise
microGPi2_L_3_CommonFiltered,0,392946.15552,393332.49024,386.3347200000426,11,6.357805384384734,RankSurprise
microGPi2_L_3_CommonFiltered,0,395716.07552,396148.3264,432.2508800000069,11,6.71168501916296,RankSurprise
microGPi2_L_3_CommonFiltered,0,400564.71552,400683.95008,119.23455999995349,5,4.1750870492713155,RankSurprise
microGPi2_L_3_CommonFiltered,0,404549.4272,404975.94368,426.51648000004934,16,12.152949960575922,RankSurprise
microGPi2_L_3_CommonFiltered,0,405484.1344,406092.1856,608.0512000000454,14,6.8912628452009494,RankSurprise
microGPi2_L_3_CommonFiltered,0,406487.08096,407131.79136,644.7103999999817,16,8.305193068598678,RankSurprise
microGPi2_L_3_CommonFiltered,0,409280.7168,409646.65344,365.936640000029,10,4.745325152180759,RankSurprise
microGPi2_L_3_CommonFiltered,0,410324.992,412191.9488,1866.9567999999854,38,12.62156656072709,RankSurprise
microGPi2_L_3_CommonFiltered,1,4907.4176,5261.39392,353.97632000000067,8,3.6961499244768024,RankSurprise
microGPi2_L_3_CommonFiltered,1,6824.87808,6837.28896,12.410879999999452,3,5.922449388985603,RankSurprise
microGPi2_L_3_CommonFiltered,1,13579.50976,13594.25536,14.745599999998376,3,5.442681964150177,RankSurprise
microGPi2_L_3_CommonFiltered,1,21058.43712,21327.79008,269.35296000000017,7,4.210996061013116,RankSurprise
microGPi2_L_3_CommonFiltered,1,38496.01024,39095.45984,599.4495999999999,13,5.797872709225152,RankSurprise
microGPi2_L_3_CommonFiltered,1,41995.83744,42040.19712,44.359679999994114,5,8.119704258705184,RankSurprise
microGPi2_L_3_CommonFiltered,1,43036.2624,43056.29184,20.02943999999843,3,4.754844228830544,RankSurprise
microGPi2_L_3_CommonFiltered,1,43619.57376,43681.95584,62.38208000000304,4,4.442299248515543,RankSurprise
microGPi2_L_3_CommonFiltered,1,45742.24384,45942.00576,199.7619199999972,7,5.289876239785296,RankSurprise
microGPi2_L_3_CommonFiltered,1,48493.7728,48543.04768,49.27488000000449,4,5.1022345306353465,RankSurprise
microGPi2_L_3_CommonFiltered,1,52746.6496,52846.26432,99.61472000000504,5,4.795798860464281,RankSurprise
microGPi2_L_3_CommonFiltered,1,54508.99456,55224.40192,715.4073599999974,13,4.172588590103347,RankSurprise
microGPi2_L_3_CommonFiltered,1,57667.21536,57700.43392,33.21856000000116,3,3.7014898884194967,RankSurprise
microGPi2_L_3_CommonFiltered,1,62271.03744,62330.18368,59.14624000000185,4,4.575654612511325,RankSurprise
microGPi2_L_3_CommonFiltered,1,64524.20608,65101.6192,577.4131199999974,12,5.591544368528946,RankSurprise
microGPi2_L_3_CommonFiltered,1,66115.1744,66236.74368,121.56927999999607,5,4.386605401128712,RankSurprise
microGPi2_L_3_CommonFiltered,1,74200.30976,74230.00576,29.695999999996275,3,3.9524904583939016,RankSurprise
microGPi2_L_3_CommonFiltered,1,79635.70176,79715.40992,79.70816000000923,4,4.000883315127954,RankSurprise
microGPi2_L_3_CommonFiltered,1,85726.49472,85746.97472,20.479999999995925,3,4.6765123855606365,RankSurprise
microGPi2_L_3_CommonFiltered,1,87283.5072,87301.24288,17.735680000012508,3,5.010122546908548,RankSurprise
microGPi2_L_3_CommonFiltered,1,93367.25504,93604.94592,237.69087999999465,6,3.568588350212759,RankSurprise
microGPi2_L_3_CommonFiltered,1,95425.24928,95557.0176,131.76832000000286,6,5.891057643054303,RankSurprise
microGPi2_L_3_CommonFiltered,1,95839.68256,96021.01248,181.32992000000377,6,4.163659998048245,RankSurprise
microGPi2_L_3_CommonFiltered,1,99096.20736,99528.74496,432.537599999996,15,12.336778749275583,RankSurprise
microGPi2_L_3_CommonFiltered,1,101275.2384,101374.73024,99.49184000000241,4,3.801263133520756,RankSurprise
microGPi2_L_3_CommonFiltered,1,104315.82208,104358.42048,42.598400000002584,4,5.6302977858397085,RankSurprise
microGPi2_L_3_CommonFiltered,1,105852.7232,105885.98272,33.25952000000689,3,3.7286319699709995,RankSurprise
microGPi2_L_3_CommonFiltered,1,109001.44128,109020.73344,19.29215999999724,3,4.854280123822724,RankSurprise
microGPi2_L_3_CommonFiltered,1,110123.04896,110152.25344,29.20448000000033,3,3.933478891215307,RankSurprise
microGPi2_L_3_CommonFiltered,1,116153.38496,116185.94816,32.563200000004144,3,3.766564169662951,RankSurprise
microGPi2_L_3_CommonFiltered,1,124654.63296,124686.49984,31.8668800000014,3,3.798143797430244,RankSurprise
microGPi2_L_3_CommonFiltered,1,125814.41536,125848.33024,33.91487999999663,3,3.6060769952532343,RankSurprise
microGPi2_L_3_CommonFiltered,1,129865.15456,130042.22464,177.07008000000496,8,7.971116437204948,RankSurprise
microGPi2_L_3_CommonFiltered,1,141467.81184,141494.14912,26.33727999997791,3,4.170228143629485,RankSurprise
microGPi2_L_3_CommonFiltered,1,144278.48704,144488.07936,209.5923199999961,6,4.83829251870641,RankSurprise
microGPi2_L_3_CommonFiltered,1,145981.19424,146007.53152,26.33727999997791,3,4.178766053193323,RankSurprise
microGPi2_L_3_CommonFiltered,1,156051.94752,156185.10848,133.16096000000834,5,3.836684113452101,RankSurprise
microGPi2_L_3_CommonFiltered,1,158693.13024,159316.3776,623.2473600000085,13,5.723352553251078,RankSurprise
microGPi2_L_3_CommonFiltered,1,174749.0816,174783.20128,34.11968000000343,3,3.684711254713788,RankSurprise
microGPi2_L_3_CommonFiltered,1,189386.83392,189564.7232,177.88928000000305,6,4.221788160217198,RankSurprise
microGPi2_L_3_CommonFiltered,1,190672.896,190678.2208,5.324800000002142,3,8.079216245362476,RankSurprise
microGPi2_L_3_CommonFiltered,1,193131.64288,193731.87072,600.2278400000068,13,5.1909834828620465,RankSurprise
microGPi2_L_3_CommonFiltered,1,195867.72992,195995.27936,127.5494399999734,5,3.9768287323098015,RankSurprise
microGPi2_L_3_CommonFiltered,1,197069.37344,197368.46336,299.08991999999853,9,6.047366189378596,RankSurprise
microGPi2_L_3_CommonFiltered,1,198455.62368,198713.38496,257.7612800000061,8,5.415690214709498,RankSurprise
microGPi2_L_3_CommonFiltered,1,209966.03904,210439.9872,473.9481599999999,10,4.05244473309027,RankSurprise
microGPi2_L_3_CommonFiltered,1,215913.0624,215934.60736,21.544959999999264,3,4.611729275941963,RankSurprise
microGPi2_L_3_CommonFiltered,1,218974.16704,219285.05344,310.8863999999885,10,7.102678629932451,RankSurprise
microGPi2_L_3_CommonFiltered,1,226431.30368,226711.71584,280.41215999997803,7,3.716538052134714,RankSurprise
microGPi2_L_3_CommonFiltered,1,228001.91488,228480.8192,478.90432000000146,10,4.843848567971873,RankSurprise
microGPi2_L_3_CommonFiltered,1,235353.98912,235505.58208,151.59295999997994,6,4.724247536828805,RankSurprise
microGPi2_L_3_CommonFiltered,1,242557.3376,242582.81472,25.47711999999592,3,4.243989301464602,RankSurprise
microGPi2_L_3_CommonFiltered,1,244467.3024,244599.35744,132.05504000000656,7,7.405202050972093,RankSurprise
microGPi2_L_3_CommonFiltered,1,246406.3488,246513.62304,107.27423999999883,6,6.482599852529823,RankSurprise
microGPi2_L_3_CommonFiltered,1,247123.27168,247192.86272,69.59103999999934,4,4.086535481254675,RankSurprise
microGPi2_L_3_CommonFiltered,1,256406.15936,256513.024,106.86464000001433,5,4.6938824801693535,RankSurprise
microGPi2_L_3_CommonFiltered,1,257313.21856,257427.98848,114.76991999999154,5,4.6503683009274255,RankSurprise
microGPi2_L_3_CommonFiltered,1,264308.9408,264683.84768,374.9068800000241,11,6.748850570259883,RankSurprise
microGPi2_L_3_CommonFiltered,1,269654.13888,269740.2368,86.09792000002926,5,5.3768427455735655,RankSurprise
microGPi2_L_3_CommonFiltered,1,276166.20544,276179.43552,13.230080000008456,3,5.746295426048592,RankSurprise
microGPi2_L_3_CommonFiltered,1,277294.77632,277676.15488,381.3785599999828,13,10.193952260937955,RankSurprise
microGPi2_L_3_CommonFiltered,1,280301.568,280417.85344,116.28543999994872,6,6.142366932200808,RankSurprise
microGPi2_L_3_CommonFiltered,1,294293.2992,294352.6912,59.39199999999255,4,4.472340481094623,RankSurprise
microGPi2_L_3_CommonFiltered,1,294972.17024,295022.67392,50.50367999996524,4,4.979497578856808,RankSurprise
microGPi2_L_3_CommonFiltered,1,297067.1104,297475.39968,408.28927999996813,14,10.844682866392851,RankSurprise
microGPi2_L_3_CommonFiltered,1,309950.42304,310361.7024,411.2793599999859,9,4.383188284314517,RankSurprise
microGPi2_L_3_CommonFiltered,1,319612.928,319659.25376,46.32575999997789,4,5.287284623211139,RankSurprise
microGPi2_L_3_CommonFiltered,1,324202.16832,325991.30112,1789.1328000000212,26,4.8088590854951585,RankSurprise
microGPi2_L_3_CommonFiltered,1,327629.08672,327667.22048,38.13375999999698,4,5.882901673521136,RankSurprise
microGPi2_L_3_CommonFiltered,1,329132.15488,329552.4864,420.331520000007,9,4.6322870437073504,RankSurprise
microGPi2_L_3_CommonFiltered,1,331052.76928,331542.77376,490.00448000000324,10,3.920949540581179,RankSurprise
microGPi2_L_3_CommonFiltered,1,332103.84384,332439.63392,335.7900800000061,12,9.678254490426363,RankSurprise
microGPi2_L_3_CommonFiltered,1,343244.55424,343299.03104,54.4767999999458,4,4.73612076861577,RankSurprise
microGPi2_L_3_CommonFiltered,1,343543.88992,343619.42016,75.53023999999277,5,5.8970916112280705,RankSurprise
microGPi2_L_3_CommonFiltered,1,345632.5632,345741.68064,109.1174400000018,5,4.6030431821719695,RankSurprise
microGPi2_L_3_CommonFiltered,1,349831.20896,349928.8576,97.64863999997033,5,4.995955706175163,RankSurprise
microGPi2_L_3_CommonFiltered,1,350164.00896,350787.50208,623.4931199999992,13,6.185141019758624,RankSurprise
microGPi2_L_3_CommonFiltered,1,354994.42176,355025.18272,30.76095999998506,3,3.85554688704382,RankSurprise
microGPi2_L_3_CommonFiltered,1,356172.22656,356196.9664,24.73983999999473,3,4.33902992843201,RankSurprise
microGPi2_L_3_CommonFiltered,1,356788.30592,356800.47104,12.165119999961462,4,9.917065019851268,RankSurprise
microGPi2_L_3_CommonFiltered,1,361812.33664,361836.58496,24.248320000013337,3,4.362340247281873,RankSurprise
microGPi2_L_3_CommonFiltered,1,363426.2016,363584.512,158.31040000001667,6,4.82507248834699,RankSurprise
microGPi2_L_3_CommonFiltered,1,364242.24768,364378.3168,136.0691200000001,7,7.150327603606982,RankSurprise
microGPi2_L_3_CommonFiltered,1,367255.42912,367279.43168,24.002559999993537,3,4.3764579725016315,RankSurprise
microGPi2_L_3_CommonFiltered,1,367963.66848,368124.39552,160.72704000002705,9,10.300464697563228,RankSurprise
microGPi2_L_3_CommonFiltered,1,374246.76864,374277.40672,30.638080000004265,3,3.8591898783223204,RankSurprise
microGPi2_L_3_CommonFiltered,1,391401.63584,391890.69824,489.06239999999525,13,7.289256937701798,RankSurprise
microGPi2_L_3_CommonFiltered,1,392222.39232,392539.01312,316.62080000003334,9,6.720488143707315,RankSurprise
microGPi2_L_3_CommonFiltered,1,393481.50272,393564.69248,83.1897600000375,4,3.689261573710514,RankSurprise
microGPi2_L_3_CommonFiltered,1,397445.69344,397464.86272,19.169279999972787,3,4.93380148785608,RankSurprise
microGPi2_L_3_CommonFiltered,1,398311.50592,398480.1792,168.67327999998815,7,5.984160087528079,RankSurprise
microGPi2_L_3_CommonFiltered,1,402749.39904,402893.70112,144.30207999999402,6,5.112307149256644,RankSurprise
microGPi2_L_3_CommonFiltered,1,404185.7024,404223.63136,37.928959999990184,4,5.9495218289774385,RankSurprise
microGPi2_L_3_CommonFiltered,1,406083.66592,406100.54144,16.875520000001416,3,5.186209638198516,RankSurprise
microGPi2_L_3_CommonFiltered,1,406592.3072,406601.9328,9.625600000028498,3,6.527016564783294,RankSurprise
microGPi2_L_3_CommonFiltered,1,408004.44416,408120.03328,115.58911999996053,5,4.667717209532107,RankSurprise
microGPi2_L_3_CommonFiltered,1,409922.92864,410467.1232,544.1945599999744,12,5.601793586889327,RankSurprise
microGPi2_L_3_CommonFiltered,1,412196.2496,412706.57024,510.3206399999908,12,6.381846967169059,RankSurprise
microGPi2_L_3_CommonFiltered,2,443.43296,678.54336,235.11040000000003,6,3.8727364740421573,RankSurprise
microGPi2_L_3_CommonFiltered,2,2472.05888,3119.104,647.0451199999998,14,7.162523817887676,RankSurprise
microGPi2_L_3_CommonFiltered,2,4710.93248,5168.3328,457.40031999999974,8,3.565025726041472,RankSurprise
microGPi2_L_3_CommonFiltered,2,9922.56,9948.93824,26.378240000000005,3,4.4934870468996415,RankSurprise
microGPi2_L_3_CommonFiltered,2,17812.43904,17854.01344,41.574399999997695,4,6.169389747812321,RankSurprise
microGPi2_L_3_CommonFiltered,2,30502.17472,30536.37632,34.201600000000326,3,3.918885387736415,RankSurprise
microGPi2_L_3_CommonFiltered,2,37742.46912,37768.23296,25.763839999999618,4,7.5524162731915006,RankSurprise
microGPi2_L_3_CommonFiltered,2,39126.09792,39911.58784,785.48992,17,8.901919804169863,RankSurprise
microGPi2_L_3_CommonFiltered,2,42142.06464,42652.59008,510.5254400000049,11,5.389014182413696,RankSurprise
microGPi2_L_3_CommonFiltered,2,43215.01184,43245.11744,30.105600000002596,3,4.167380122428424,RankSurprise
microGPi2_L_3_CommonFiltered,2,43664.384,43676.71296,12.328959999998915,3,6.116120462052129,RankSurprise
microGPi2_L_3_CommonFiltered,2,45973.83168,46036.74624,62.91455999999744,4,4.888849822265623,RankSurprise
microGPi2_L_3_CommonFiltered,2,54717.93152,54732.55424,14.62271999999939,3,5.741190857219374,RankSurprise
microGPi2_L_3_CommonFiltered,2,62763.4176,62905.5488,142.13119999999617,5,4.239676371679522,RankSurprise
microGPi2_L_3_CommonFiltered,2,65372.44672,65386.04544,13.598720000001776,3,5.907460125964192,RankSurprise
microGPi2_L_3_CommonFiltered,2,78960.06656,79137.05472,176.9881599999935,7,6.668961490906391,RankSurprise
microGPi2_L_3_CommonFiltered,2,95897.23136,96201.35936,304.127999999997,7,4.186255612796076,RankSurprise
microGPi2_L_3_CommonFiltered,2,103963.4432,104219.60704,256.16384000000835,7,5.002822490388669,RankSurprise
microGPi2_L_3_CommonFiltered,2,110169.25184,110208.77824,39.52640000000247,3,3.625365727618213,RankSurprise
microGPi2_L_3_CommonFiltered,2,112868.51584,112902.02112,33.505280000012135,3,3.9558807116712256,RankSurprise
microGPi2_L_3_CommonFiltered,2,113516.7488,113773.40416,256.6553600000043,6,3.557821264838522,RankSurprise
microGPi2_L_3_CommonFiltered,2,121708.62592,121802.71104,94.08511999998882,4,3.7609249147125574,RankSurprise
microGPi2_L_3_CommonFiltered,2,128951.99232,128978.08384,26.091520000001765,3,4.4934870468996415,RankSurprise
microGPi2_L_3_CommonFiltered,2,132622.29504,132651.25376,28.958719999995083,3,4.295938656022388,RankSurprise
microGPi2_L_3_CommonFiltered,2,158266.65472,158532.36224,265.7075199999963,9,8.195822092021029,RankSurprise
microGPi2_L_3_CommonFiltered,2,160461.70112,161622.17984,1160.4787199999846,15,4.097398174811589,RankSurprise
microGPi2_L_3_CommonFiltered,2,168497.27488,168594.51392,97.23903999998583,4,3.5990011681806955,RankSurprise
microGPi2_L_3_CommonFiltered,2,171105.0752,171587.33824,482.2630400000198,9,3.5749867984443275,RankSurprise
microGPi2_L_3_CommonFiltered,2,174836.5312,174842.63424,6.103040000016335,3,7.682113464763647,RankSurprise
microGPi2_L_3_CommonFiltered,2,175747.072,176238.05952,490.98752000002423,11,6.064421226419866,RankSurprise
microGPi2_L_3_CommonFiltered,2,186571.65312,187209.44128,637.7881599999964,13,6.425678406138124,RankSurprise
microGPi2_L_3_CommonFiltered,2,197737.63584,197753.6512,16.015359999990324,3,5.525346608386775,RankSurprise
microGPi2_L_3_CommonFiltered,2,198878.0032,199206.7072,328.7039999999979,7,3.6326553432923063,RankSurprise
microGPi2_L_3_CommonFiltered,2,201671.8848,201710.26432,38.37951999998768,4,6.339132449601397,RankSurprise
microGPi2_L_3_CommonFiltered,2,203639.6032,203653.03808,13.434879999986151,3,5.907460125964192,RankSurprise
microGPi2_L_3_CommonFiltered,2,205410.26304,205431.76704,21.504000000015367,3,4.868539939005339,RankSurprise
microGPi2_L_3_CommonFiltered,2,210188.57472,210209.71008,21.135359999985667,3,4.935962290242179,RankSurprise
microGPi2_L_3_CommonFiltered,2,215758.68416,215894.91712,136.2329599999939,5,4.197034551460831,RankSurprise
microGPi2_L_3_CommonFiltered,2,221558.86592,221589.58592,30.720000000001164,4,7.0541282842372475,RankSurprise
microGPi2_L_3_CommonFiltered,2,227695.86176,228030.21824,334.35647999998764,7,3.5637635234235807,RankSurprise
microGPi2_L_3_CommonFiltered,2,239144.22272,239182.76608,38.54336000001058,4,6.357902116868981,RankSurprise
microGPi2_L_3_CommonFiltered,2,244132.0448,244792.56576,660.5209599999944,13,5.7130728419967785,RankSurprise
microGPi2_L_3_CommonFiltered,2,246442.84416,246670.7456,227.9014399999869,6,3.827477493877972,RankSurprise
microGPi2_L_3_CommonFiltered,2,251615.35488,251928.41216,313.0572800000082,7,3.645586134058475,RankSurprise
microGPi2_L_3_CommonFiltered,2,252930.2528,252968.3456,38.092800000013085,3,3.697881297245301,RankSurprise
microGPi2_L_3_CommonFiltered,2,256740.5568,256765.952,25.395199999999022,3,4.561816838716846,RankSurprise
microGPi2_L_3_CommonFiltered,2,262427.4432,262559.744,132.30080000002636,5,4.387661782490525,RankSurprise
microGPi2_L_3_CommonFiltered,2,276485.48864,276529.84832,44.359679999994114,3,3.517543563055,RankSurprise
microGPi2_L_3_CommonFiltered,2,278901.02272,280557.52704,1656.5043200000073,20,4.120188096164776,RankSurprise
microGPi2_L_3_CommonFiltered,2,285556.49024,285593.06752,36.577279999968596,3,3.7773897618171137,RankSurprise
microGPi2_L_3_CommonFiltered,2,288997.62176,289034.69056,37.068800000008196,3,3.768870037460518,RankSurprise
microGPi2_L_3_CommonFiltered,2,292476.76416,292503.18336,26.41920000000391,4,7.5524162731915006,RankSurprise
microGPi2_L_3_CommonFiltered,2,297303.73632,297523.56864,219.8323199999868,6,4.060206050961735,RankSurprise
microGPi2_L_3_CommonFiltered,2,310596.03456,310757.33504,161.30047999997623,7,7.1073022131323,RankSurprise
microGPi2_L_3_CommonFiltered,2,321700.00384,322287.65696,587.6531199999736,10,4.54225716221415,RankSurprise
microGPi2_L_3_CommonFiltered,2,325228.09344,325312.06144,83.96799999999348,4,4.063539255985312,RankSurprise
microGPi2_L_3_CommonFiltered,2,326837.248,326990.06976,152.82175999996252,5,4.129275892970622,RankSurprise
microGPi2_L_3_CommonFiltered,2,328701.99296,328988.09856,286.1056000000099,10,8.894152249425682,RankSurprise
microGPi2_L_3_CommonFiltered,2,331404.82048,332316.09856,911.2780800000182,18,9.454794578294475,RankSurprise
microGPi2_L_3_CommonFiltered,2,340599.35744,340696.02304,96.66560000000754,5,5.833650802643053,RankSurprise
microGPi2_L_3_CommonFiltered,2,346171.43296,346195.7632,24.33023999998113,3,4.678923766284948,RankSurprise
microGPi2_L_3_CommonFiltered,2,346721.93536,346757.7344,35.79904000001261,3,3.807497892102651,RankSurprise
microGPi2_L_3_CommonFiltered,2,350461.46048,350970.30656,508.84607999998843,10,5.136380712058468,RankSurprise
microGPi2_L_3_CommonFiltered,2,352117.51424,352180.67456,63.16032000002451,6,9.854073194663862,RankSurprise
microGPi2_L_3_CommonFiltered,2,355769.344,356129.1776,359.83360000001267,9,6.431417326012064,RankSurprise
microGPi2_L_3_CommonFiltered,2,358183.64928,358626.9184,443.26912000001175,12,8.335470687950624,RankSurprise
microGPi2_L_3_CommonFiltered,2,375089.68448,375175.41376,85.72928000002867,5,6.131857236814827,RankSurprise
microGPi2_L_3_CommonFiltered,2,391929.0368,392066.70336,137.6665599999833,5,4.3409781838994626,RankSurprise
microGPi2_L_3_CommonFiltered,2,393558.71232,393846.90688,288.19456000003265,7,4.075417046013385,RankSurprise
microGPi2_L_3_CommonFiltered,2,398779.67872,398791.72096,12.042239999980666,3,6.258531162006557,RankSurprise
microGPi2_L_3_CommonFiltered,2,399361.59744,399669.98528,308.38784000003943,9,7.195083963467843,RankSurprise
microGPi2_L_3_CommonFiltered,2,402073.02656,402335.00672,261.98015999997733,7,4.5491504991450435,RankSurprise
microGPi2_L_3_CommonFiltered,2,405491.87584,405528.73984,36.8640000000014,3,3.7731253630306565,RankSurprise
microGPi2_L_3_CommonFiltered,2,405787.648,405849.2928,61.64480000000913,4,4.865861179030677,RankSurprise
microGPi2_L_3_CommonFiltered,2,407677.3376,407824.95744,147.61983999999939,6,5.807108617151748,RankSurprise
microGPi2_L_3_CommonFiltered,2,408805.7856,409600.36864,794.5830399999977,16,8.13277503814359,RankSurprise
microGPi2_L_3_CommonFiltered,2,411056.00512,411147.01824,91.0131200000178,6,8.131439398198758,RankSurprise
microGPi2_L_3_CommonFiltered,2,411584.83968,412651.56096,1066.721279999998,29,22.00756984642578,RankSurprise
microGPi2_L_3_CommonFiltered,3,2933.88288,2952.56064,18.677760000000035,3,4.5890203373290674,RankSurprise
microGPi2_L_3_CommonFiltered,3,10990.91968,11026.432,35.51231999999982,4,5.756201191296135,RankSurprise
microGPi2_L_3_CommonFiltered,3,22275.23584,22339.3792,64.14335999999821,4,4.039172866984529,RankSurprise
microGPi2_L_3_CommonFiltered,3,26715.42272,26724.63872,9.21600000000035,3,6.084028459531716,RankSurprise
microGPi2_L_3_CommonFiltered,3,28637.83936,28708.94592,71.10655999999653,4,4.138865626058056,RankSurprise
microGPi2_L_3_CommonFiltered,3,29510.28736,29680.47616,170.1887999999999,6,4.120447319926783,RankSurprise
microGPi2_L_3_CommonFiltered,3,38789.3248,38916.21888,126.89407999999821,8,8.898056157616374,RankSurprise
microGPi2_L_3_CommonFiltered,3,41018.65472,41249.1776,230.52288000000408,8,5.34796684145864,RankSurprise
microGPi2_L_3_CommonFiltered,3,42909.2864,43146.0352,236.7488000000012,9,6.760921673742736,RankSurprise
microGPi2_L_3_CommonFiltered,3,47260.4672,47324.7744,64.30720000000292,4,4.0136012179990175,RankSurprise
microGPi2_L_3_CommonFiltered,3,49970.33984,49986.23232,15.892480000002251,3,5.045009310110803,RankSurprise
microGPi2_L_3_CommonFiltered,3,52301.66016,52307.88608,6.2259199999971315,3,7.411278696111578,RankSurprise
microGPi2_L_3_CommonFiltered,3,55848.5504,55874.84672,26.296320000001288,3,3.9532854564746334,RankSurprise
microGPi2_L_3_CommonFiltered,3,60274.4832,60344.7296,70.24639999999636,4,3.7142326984561045,RankSurprise
microGPi2_L_3_CommonFiltered,3,61941.76,61951.26272,9.50271999999677,3,6.196103476269814,RankSurprise
microGPi2_L_3_CommonFiltered,3,63472.2304,63729.54112,257.3107200000013,9,6.083859240663622,RankSurprise
microGPi2_L_3_CommonFiltered,3,68090.6752,68193.93536,103.26016000000527,5,4.4604326408609545,RankSurprise
microGPi2_L_3_CommonFiltered,3,69300.8384,69502.7712,201.9328000000096,6,3.5443764868944694,RankSurprise
microGPi2_L_3_CommonFiltered,3,71442.80064,71450.33728,7.536640000005718,3,6.827981376572053,RankSurprise
microGPi2_L_3_CommonFiltered,3,80016.50688,80037.10976,20.602880000005825,3,4.401921854788336,RankSurprise
microGPi2_L_3_CommonFiltered,3,84654.73536,84692.91008,38.17471999999543,4,5.556126830235026,RankSurprise
microGPi2_L_3_CommonFiltered,3,85183.488,85210.56256,27.074560000008205,3,3.8330305606324995,RankSurprise
microGPi2_L_3_CommonFiltered,3,87623.96672,87887.62624,263.65952000000107,7,3.611757985913012,RankSurprise
microGPi2_L_3_CommonFiltered,3,95981.73184,96009.95328,28.221440000008442,3,3.763518733173255,RankSurprise
microGPi2_L_3_CommonFiltered,3,101127.41376,101201.5104,74.09664000000339,4,3.9974411109813595,RankSurprise
microGPi2_L_3_CommonFiltered,3,109135.99488,109156.43392,20.439039999997476,3,4.483468039535159,RankSurprise
microGPi2_L_3_CommonFiltered,3,110189.60896,110200.6272,11.01824000000488,3,5.753274608757499,RankSurprise
microGPi2_L_3_CommonFiltered,3,120053.5552,120081.32608,27.770879999996396,4,6.579513119704792,RankSurprise
microGPi2_L_3_CommonFiltered,3,128856.8832,129017.69216,160.8089600000094,6,4.458255744016856,RankSurprise
microGPi2_L_3_CommonFiltered,3,132915.03616,132936.04864,21.01248000000487,3,4.378557071190768,RankSurprise
microGPi2_L_3_CommonFiltered,3,140956.99968,140975.96416,18.964479999995092,3,4.65726854659718,RankSurprise
microGPi2_L_3_CommonFiltered,3,145324.68736,145335.45984,10.77247999998508,3,5.967592652355048,RankSurprise
microGPi2_L_3_CommonFiltered,3,155236.7616,155751.91552,515.1539200000116,15,9.454253074921928,RankSurprise
microGPi2_L_3_CommonFiltered,3,156023.3984,156031.63136,8.23295999999391,3,6.632334014242128,RankSurprise
microGPi2_L_3_CommonFiltered,3,157359.43168,157537.73056,178.29887999998755,6,4.037541797695069,RankSurprise
microGPi2_L_3_CommonFiltered,3,158879.08864,159853.3632,974.2745599999907,17,4.053655308874918,RankSurprise
microGPi2_L_3_CommonFiltered,3,160121.93792,160334.0288,212.09088000000338,10,9.186244793434156,RankSurprise
microGPi2_L_3_CommonFiltered,3,165641.58464,165861.04832,219.4636800000153,7,4.622967397192903,RankSurprise
microGPi2_L_3_CommonFiltered,3,170382.336,170578.1248,195.78879999998026,7,5.2214107859698515,RankSurprise
microGPi2_L_3_CommonFiltered,3,173224.5504,173847.7568,623.2063999999955,16,7.686650556987771,RankSurprise
microGPi2_L_3_CommonFiltered,3,175707.21792,176702.99648,995.7785600000061,20,6.451156555717765,RankSurprise
microGPi2_L_3_CommonFiltered,3,184266.83392,184274.65728,7.823360000009416,3,6.8438547257283435,RankSurprise
microGPi2_L_3_CommonFiltered,3,197977.94816,197993.75872,15.810560000012629,3,5.038536795605184,RankSurprise
microGPi2_L_3_CommonFiltered,3,198799.27808,198881.73056,82.4524800000072,4,3.597134606344767,RankSurprise
microGPi2_L_3_CommonFiltered,3,200450.99008,200528.6912,77.70112000001245,4,3.5910963602936867,RankSurprise
microGPi2_L_3_CommonFiltered,3,212933.50912,212962.304,28.794880000001285,3,3.696341925881967,RankSurprise
microGPi2_L_3_CommonFiltered,3,214467.95264,214575.3088,107.35615999999573,5,4.139091953125671,RankSurprise
microGPi2_L_3_CommonFiltered,3,219034.50112,219047.40352,12.902399999991758,4,9.375043429347606,RankSurprise
microGPi2_L_3_CommonFiltered,3,223534.12096,223657.5744,123.45344000001205,5,3.8853261746295296,RankSurprise
microGPi2_L_3_CommonFiltered,3,224318.79168,224549.56032,230.76863999999478,7,4.008510233159745,RankSurprise
microGPi2_L_3_CommonFiltered,3,226413.60896,226444.24704,30.63807999997516,3,3.6154246880553327,RankSurprise
microGPi2_L_3_CommonFiltered,3,246281.05216,246413.7216,132.66943999999785,5,3.5212862617538256,RankSurprise
microGPi2_L_3_CommonFiltered,3,248488.42752,248572.76416,84.33663999999408,5,5.146756763620093,RankSurprise
microGPi2_L_3_CommonFiltered,3,251690.22976,252753.05984,1062.8300800000143,23,7.806307905533037,RankSurprise
microGPi2_L_3_CommonFiltered,3,255790.12096,255811.01056,20.88959999999497,3,4.420812222263729,RankSurprise
microGPi2_L_3_CommonFiltered,3,261228.87168,261782.65088,553.7791999999899,12,5.268380228880514,RankSurprise
microGPi2_L_3_CommonFiltered,3,262504.28416,262696.05888,191.7747200000449,7,4.739606203141937,RankSurprise
microGPi2_L_3_CommonFiltered,3,271048.54016,271359.63136,311.0912000000244,8,4.026707122184542,RankSurprise
microGPi2_L_3_CommonFiltered,3,278161.65376,279117.08672,955.4329600000056,17,4.414194917234245,RankSurprise
microGPi2_L_3_CommonFiltered,3,280360.30464,280385.37216,25.06752000004053,4,6.764792253427519,RankSurprise
microGPi2_L_3_CommonFiltered,3,281691.25888,281968.31232,277.053440000047,8,4.939698151559166,RankSurprise
microGPi2_L_3_CommonFiltered,3,282559.20128,282572.26752,13.066240000014659,3,5.367951834043263,RankSurprise
microGPi2_L_3_CommonFiltered,3,282730.53696,282760.97024,30.433279999997467,3,3.696341925881967,RankSurprise
microGPi2_L_3_CommonFiltered,3,282976.33792,283416.90368,440.5657599999686,12,6.172030094803717,RankSurprise
microGPi2_L_3_CommonFiltered,3,298450.61632,298473.92256,23.306240000005346,3,4.158796995974425,RankSurprise
microGPi2_L_3_CommonFiltered,3,304237.9776,304244.36736,6.389759999990929,3,7.328363041176962,RankSurprise
microGPi2_L_3_CommonFiltered,3,310075.8016,310484.992,409.1904000000213,9,4.168055325101826,RankSurprise
microGPi2_L_3_CommonFiltered,3,310622.8224,310633.0624,10.239999999990687,3,6.116996487826087,RankSurprise
microGPi2_L_3_CommonFiltered,3,314201.2928,314501.85728,300.5644800000009,12,9.626637172683239,RankSurprise
microGPi2_L_3_CommonFiltered,3,315794.35008,316064.9728,270.62271999998484,8,4.358345396616002,RankSurprise
microGPi2_L_3_CommonFiltered,3,324472.70912,324500.60288,27.893760000006296,3,3.79797266848888,RankSurprise
microGPi2_L_3_CommonFiltered,3,327155.38432,327168.12288,12.738559999968857,3,5.501860623505033,RankSurprise
microGPi2_L_3_CommonFiltered,3,331299.34848,331310.61248,11.26400000002468,3,5.857564222054133,RankSurprise
microGPi2_L_3_CommonFiltered,3,332255.68256,332503.40864,247.7260799999931,9,6.8190325924614745,RankSurprise
microGPi2_L_3_CommonFiltered,3,338604.52352,338622.17728,17.65376000001561,3,4.733468380199087,RankSurprise
microGPi2_L_3_CommonFiltered,3,342715.84256,342991.33952,275.4969599999604,8,4.591577305317302,RankSurprise
microGPi2_L_3_CommonFiltered,3,343521.0752,343532.05248,10.977279999991879,3,5.90682809537501,RankSurprise
microGPi2_L_3_CommonFiltered,3,347257.61024,347288.33024,30.71999999997206,3,3.5376543454027836,RankSurprise
microGPi2_L_3_CommonFiltered,3,350929.75616,351098.01984,168.26368000003276,6,4.371189245926859,RankSurprise
microGPi2_L_3_CommonFiltered,3,351550.0544,351571.47648,21.422079999989364,3,4.406627745825748,RankSurprise
microGPi2_L_3_CommonFiltered,3,353711.63648,353804.0832,92.44672000000719,5,4.730976074116057,RankSurprise
microGPi2_L_3_CommonFiltered,3,356662.02624,356793.7536,131.72736000001896,7,7.3320714619987015,RankSurprise
microGPi2_L_3_CommonFiltered,3,358441.1648,358449.7664,8.601599999994505,3,6.441059846176058,RankSurprise
microGPi2_L_3_CommonFiltered,3,387275.1616,387404.51328,129.3516800000216,6,5.118285866603983,RankSurprise
microGPi2_L_3_CommonFiltered,3,390256.39424,390541.88544,285.4911999999895,11,8.363942360379749,RankSurprise
microGPi2_L_3_CommonFiltered,3,391970.77504,392559.28832,588.5132800000138,12,3.9520623042696417,RankSurprise
microGPi2_L_3_CommonFiltered,3,393306.19392,393688.30976,382.115839999984,13,8.62252597966088,RankSurprise
microGPi2_L_3_CommonFiltered,3,395272.43776,395373.11744,100.6796800000011,7,8.352625025781599,RankSurprise
microGPi2_L_3_CommonFiltered,3,400786.75968,400789.99552,3.235839999979362,3,9.105998849163878,RankSurprise
microGPi2_L_3_CommonFiltered,3,401277.7472,401293.68064,15.933439999993425,3,5.019243991632488,RankSurprise
microGPi2_L_3_CommonFiltered,3,401706.72128,402178.62144,471.90016000001924,10,4.134958502546239,RankSurprise
microGPi2_L_3_CommonFiltered,3,403993.8048,404546.56,552.7552000000142,11,3.7968569020335647,RankSurprise
microGPi2_L_3_CommonFiltered,3,405676.68736,405881.4464,204.75904000003356,7,5.0876449758115685,RankSurprise
microGPi2_L_3_CommonFiltered,3,406314.55744,406397.3376,82.7801600000239,6,7.283098718412795,RankSurprise
microGPi2_L_3_CommonFiltered,3,408772.44416,409664.22528,891.7811199999996,19,6.717871620236027,RankSurprise
microGPi2_L_3_CommonFiltered,3,410274.52928,410380.288,105.75871999998344,6,6.214877940184913,RankSurprise
microGPi2_L_3_CommonFiltered,3,411103.39584,411738.112,634.7161600000109,13,4.917171659468013,RankSurprise
microGPi2_L_3_CommonFiltered,3,412031.50848,412288.2048,256.6963199999882,14,14.680686512055118,RankSurprise
microGPi2_L_3_CommonFiltered,4,19729.44896,19773.8496,44.40063999999984,3,5.478953061938325,RankSurprise
microGPi2_L_3_CommonFiltered,4,39308.45184,42458.64448,3150.192640000001,14,4.285349465209828,RankSurprise
microGPi2_L_3_CommonFiltered,4,45841.03936,45892.23936,51.19999999999709,3,5.132749417866888,RankSurprise
microGPi2_L_3_CommonFiltered,4,90303.65184,90826.91584,523.2639999999956,5,3.877530748465098,RankSurprise
microGPi2_L_3_CommonFiltered,4,98198.97856,99351.9616,1152.983039999992,9,5.396227894169028,RankSurprise
microGPi2_L_3_CommonFiltered,4,132733.91104,132854.49728,120.58624000000418,3,3.6368928542354713,RankSurprise
microGPi2_L_3_CommonFiltered,4,161377.23904,161411.93216,34.69312000001082,3,6.017949562671012,RankSurprise
microGPi2_L_3_CommonFiltered,4,196159.40608,196902.17472,742.7686400000239,6,4.307712387277413,RankSurprise
microGPi2_L_3_CommonFiltered,4,260331.7248,260535.00928,203.28448000000208,4,4.650547987409485,RankSurprise
microGPi2_L_3_CommonFiltered,4,275519.85664,276654.53056,1134.673919999972,8,4.227350406901458,RankSurprise
microGPi2_L_3_CommonFiltered,4,310130.23744,310851.62496,721.3875199999893,7,5.085988775344855,RankSurprise
microGPi2_L_3_CommonFiltered,4,325647.27808,326905.69216,1258.4140799999586,8,4.816221711037233,RankSurprise
microGPi2_L_3_CommonFiltered,4,330395.93472,331850.752,1454.8172799999593,11,6.981467404597318,RankSurprise
microGPi2_L_3_CommonFiltered,4,343015.71072,343106.23232,90.52160000003641,3,3.9927819435168637,RankSurprise
microGPi2_L_3_CommonFiltered,4,345873.12128,345988.42368,115.30239999998594,3,3.7135803478834646,RankSurprise
microGPi2_L_3_CommonFiltered,4,350157.6192,352193.98656,2036.3673599999747,17,12.904370717141717,RankSurprise
microGPi2_L_3_CommonFiltered,4,354469.888,354756.73088,286.84288000001106,4,3.6347346491141153,RankSurprise
microGPi2_L_3_CommonFiltered,4,358011.94496,359118.15168,1106.2067200000165,9,5.706779340437907,RankSurprise
microGPi2_L_3_CommonFiltered,4,388120.61696,391828.52096,3707.9039999999804,26,15.684243032584114,RankSurprise
microGPi2_L_3_CommonFiltered,4,393033.89184,393165.94688,132.05504000000656,4,5.778717270393699,RankSurprise
microGPi2_L_3_CommonFiltered,4,404157.0304,404216.13568,59.105280000017956,3,4.955411016628677,RankSurprise
microGPi2_L_3_CommonFiltered,4,409385.12384,409511.07584,125.95199999999022,3,3.5630376094324063,RankSurprise
microGPi2_L_3_CommonFiltered,4,411628.25728,411653.3248,25.067519999982323,3,6.586534020589195,RankSurprise
microGPi2_L_4_CommonFiltered,0,4808.33536,5145.51808,337.1827199999998,8,6.564328570140105,RankSurprise
microGPi2_L_4_CommonFiltered,0,10475.1104,10519.3472,44.236800000000585,3,3.7563018880404346,RankSurprise
microGPi2_L_4_CommonFiltered,0,11115.35616,11262.89408,147.53792000000067,5,4.511776695994868,RankSurprise
microGPi2_L_4_CommonFiltered,0,11942.17472,12070.99392,128.8191999999999,6,7.1092663472558115,RankSurprise
microGPi2_L_4_CommonFiltered,0,15048.17152,15264.64512,216.47359999999935,6,4.747567464022267,RankSurprise
microGPi2_L_4_CommonFiltered,0,18092.19584,18126.2336,34.03775999999925,3,4.291690258731185,RankSurprise
microGPi2_L_4_CommonFiltered,0,22773.1456,22834.95424,61.808639999999286,4,5.289885831140165,RankSurprise
microGPi2_L_4_CommonFiltered,0,26265.14944,26354.15552,89.0060799999992,4,4.2701936873362065,RankSurprise
microGPi2_L_4_CommonFiltered,0,32175.7184,32220.07808,44.35967999999775,3,3.717132890797563,RankSurprise
microGPi2_L_4_CommonFiltered,0,41020.57984,42327.32672,1306.7468799999988,16,4.131641510897434,RankSurprise
microGPi2_L_4_CommonFiltered,0,52910.65344,53087.27296,176.6195200000002,5,3.927058238462621,RankSurprise
microGPi2_L_4_CommonFiltered,0,60659.95776,60684.12416,24.166400000001886,3,4.969813585238009,RankSurprise
microGPi2_L_4_CommonFiltered,0,62521.344,63219.54816,698.2041600000011,12,5.883999257039364,RankSurprise
microGPi2_L_4_CommonFiltered,0,64343.12192,64960.06144,616.9395199999999,12,7.722383360619344,RankSurprise
microGPi2_L_4_CommonFiltered,0,66158.91968,66246.16448,87.2448000000004,7,11.786712604826526,RankSurprise
microGPi2_L_4_CommonFiltered,0,69818.12224,69996.38016,178.25792000000365,5,3.8707372791597905,RankSurprise
microGPi2_L_4_CommonFiltered,0,82672.72192,83367.97696,695.2550400000036,12,6.2492162943351355,RankSurprise
microGPi2_L_4_CommonFiltered,0,83983.23712,84016.41472,33.17759999999544,3,4.357377785061237,RankSurprise
microGPi2_L_4_CommonFiltered,0,91864.30976,91994.07104,129.76127999999153,5,4.92973930795009,RankSurprise
microGPi2_L_4_CommonFiltered,0,95065.7024,95090.76992,25.067520000011427,3,4.87244875092002,RankSurprise
microGPi2_L_4_CommonFiltered,0,95943.8848,96364.78976,420.90495999999985,7,3.5240866112133826,RankSurprise
microGPi2_L_4_CommonFiltered,0,103100.78464,104316.02688,1215.2422400000069,19,7.957524612432339,RankSurprise
microGPi2_L_4_CommonFiltered,0,105445.62176,106940.86656,1495.2448000000004,23,8.109371664749737,RankSurprise
microGPi2_L_4_CommonFiltered,0,110150.53312,110176.78848,26.255360000010114,3,4.889802520630688,RankSurprise
microGPi2_L_4_CommonFiltered,0,111581.92128,111628.24704,46.325760000006994,3,3.636361705492499,RankSurprise
microGPi2_L_4_CommonFiltered,0,138005.79072,138047.11936,41.32864000002155,3,3.868148235320904,RankSurprise
microGPi2_L_4_CommonFiltered,0,141572.42368,141675.3152,102.89152000000468,4,3.9574103757606522,RankSurprise
microGPi2_L_4_CommonFiltered,0,143812.1984,143836.44672,24.248320000013337,3,5.034335652376848,RankSurprise
microGPi2_L_4_CommonFiltered,0,173314.21184,173355.8272,41.615359999996144,4,6.629716376718829,RankSurprise
microGPi2_L_4_CommonFiltered,0,187469.70112,187652.34176,182.6406399999978,6,5.852692777545549,RankSurprise
microGPi2_L_4_CommonFiltered,0,205541.5808,205885.80864,344.22784000000684,7,3.8627213232876545,RankSurprise
microGPi2_L_4_CommonFiltered,0,208785.57184,209083.10528,297.53343999999925,7,4.874215588265679,RankSurprise
microGPi2_L_4_CommonFiltered,0,220547.44064,220596.67456,49.233920000027865,3,3.5144276326995314,RankSurprise
microGPi2_L_4_CommonFiltered,0,226291.99872,226381.78304,89.78432000000612,7,11.703272185902485,RankSurprise
microGPi2_L_4_CommonFiltered,0,234123.55072,234405.64224,282.0915199999872,7,4.910374567585502,RankSurprise
microGPi2_L_4_CommonFiltered,0,235811.92192,236130.95936,319.0374400000146,7,4.382521197692284,RankSurprise
microGPi2_L_4_CommonFiltered,0,239032.48384,239117.84448,85.36063999999897,4,4.344363177166311,RankSurprise
microGPi2_L_4_CommonFiltered,0,239638.48704,240130.00704,491.5199999999895,10,5.680131415451388,RankSurprise
microGPi2_L_4_CommonFiltered,0,260824.30976,260974.01856,149.70879999999306,5,4.423244803485538,RankSurprise
microGPi2_L_4_CommonFiltered,0,277933.95712,278054.01088,120.05376000003889,4,3.567975264463051,RankSurprise
microGPi2_L_4_CommonFiltered,0,296610.11968,297700.18816,1090.0684800000163,16,6.109446308924756,RankSurprise
microGPi2_L_4_CommonFiltered,0,300783.2064,300807.49568,24.28927999996813,3,4.898536200599443,RankSurprise
microGPi2_L_4_CommonFiltered,0,301669.7856,301933.64992,263.8643199999933,5,3.5532070485414167,RankSurprise
microGPi2_L_4_CommonFiltered,0,308297.97376,308438.6304,140.65664000000106,5,4.883629248187578,RankSurprise
microGPi2_L_4_CommonFiltered,0,310179.55328,310305.50528,125.95199999999022,5,5.098897857545612,RankSurprise
microGPi2_L_4_CommonFiltered,0,317122.19136,317161.55392,39.36255999997957,3,4.037186434044161,RankSurprise
microGPi2_L_4_CommonFiltered,0,318604.12416,318642.50368,38.37952000001678,3,3.997748458219144,RankSurprise
microGPi2_L_4_CommonFiltered,0,325698.06848,326020.9152,322.84671999997227,8,6.03481883069858,RankSurprise
microGPi2_L_4_CommonFiltered,0,327513.41568,327639.20384,125.78815999999642,6,7.182072879687823,RankSurprise
microGPi2_L_4_CommonFiltered,0,328987.0336,329259.6224,272.5887999999686,6,4.21024848448048,RankSurprise
microGPi2_L_4_CommonFiltered,0,331168.5632,331430.37952,261.81632000004174,6,3.8925380076937626,RankSurprise
microGPi2_L_4_CommonFiltered,0,345546.3424,345823.60064,277.25823999999557,8,7.620911765506609,RankSurprise
microGPi2_L_4_CommonFiltered,0,346752.04096,346795.78624,43.74527999997372,4,6.45020819120753,RankSurprise
microGPi2_L_4_CommonFiltered,0,350526.464,351229.87008,703.4060800000443,13,6.8189586047981665,RankSurprise
microGPi2_L_4_CommonFiltered,0,355518.30016,355653.30432,135.00416000001132,5,4.844525034659078,RankSurprise
microGPi2_L_4_CommonFiltered,0,357088.33792,357108.49024,20.15231999999378,3,5.426333864146459,RankSurprise
microGPi2_L_4_CommonFiltered,0,358472.66304,358997.52448,524.8614400000079,14,10.80540790633961,RankSurprise
microGPi2_L_4_CommonFiltered,0,359752.04864,359934.32064,182.2719999999972,5,3.750540383292247,RankSurprise
microGPi2_L_4_CommonFiltered,0,364869.38624,364899.04128,29.655039999983273,3,4.517185461203637,RankSurprise
microGPi2_L_4_CommonFiltered,0,366307.65568,366520.60672,212.95103999995627,6,4.634849776022888,RankSurprise
microGPi2_L_4_CommonFiltered,0,367646.80192,368284.38528,637.5833599999896,11,5.453563595035039,RankSurprise
microGPi2_L_4_CommonFiltered,0,374648.09472,374944.9728,296.87807999999495,8,6.361226519431764,RankSurprise
microGPi2_L_4_CommonFiltered,0,377236.76672,377255.44448,18.677759999991395,3,5.694213309302059,RankSurprise
microGPi2_L_4_CommonFiltered,0,408462.82752,408564.81792,101.99040000000969,6,8.282716224442488,RankSurprise
microGPi2_L_4_CommonFiltered,0,410808.23808,411193.87648,385.6383999999962,8,5.012606368419848,RankSurprise
microGPi2_L_4_CommonFiltered,0,411868.69248,412473.18016,604.487679999962,12,7.561533144812044,RankSurprise
microGPi2_L_4_CommonFiltered,1,52142.65344,52956.44672,813.793279999998,9,8.689736790494418,RankSurprise
microGPi2_L_4_CommonFiltered,1,95768.08448,97262.46912,1494.3846399999893,9,5.066056950282287,RankSurprise
microGPi2_L_4_CommonFiltered,1,100775.60832,101449.07264,673.4643199999991,5,3.6301899855258704,RankSurprise
microGPi2_L_4_CommonFiltered,1,109765.18144,110956.91264,1191.7311999999947,7,3.8326152088560717,RankSurprise
microGPi2_L_4_CommonFiltered,1,149593.9072,150154.11712,560.209920000023,5,4.12585392152306,RankSurprise
microGPi2_L_4_CommonFiltered,1,174025.89184,174114.44736,88.55551999999443,5,9.969519577698449,RankSurprise
microGPi2_L_4_CommonFiltered,1,186684.78464,187758.3872,1073.6025599999994,7,4.787041810775591,RankSurprise
microGPi2_L_4_CommonFiltered,1,189264.24064,189284.63872,20.398079999984475,3,7.042327631596049,RankSurprise
microGPi2_L_4_CommonFiltered,1,226023.58784,226121.64608,98.05824000001303,3,4.048573598054162,RankSurprise
microGPi2_L_4_CommonFiltered,1,234255.64672,234620.84608,365.1993599999987,4,3.5842682002468287,RankSurprise
microGPi2_L_4_CommonFiltered,1,243033.45664,243140.97664,107.52000000001863,3,3.989744413512506,RankSurprise
microGPi2_L_4_CommonFiltered,1,264389.2224,264502.39488,113.17247999995016,3,3.9325963723095416,RankSurprise
microGPi2_L_4_CommonFiltered,1,291593.33888,291848.88832,255.5494400000316,4,4.585598575855904,RankSurprise
microGPi2_L_4_CommonFiltered,1,312965.20192,313584.35328,619.1513599999598,7,6.85893558096636,RankSurprise
microGPi2_L_4_CommonFiltered,1,329430.95808,331332.608,1901.6499199999962,10,5.383812081804204,RankSurprise
microGPi2_L_4_CommonFiltered,1,358290.67776,358533.36576,242.68800000002375,5,6.912643966420109,RankSurprise
microGPi2_L_4_CommonFiltered,1,367554.9696,368207.79008,652.8204799999949,5,3.5477973461287107,RankSurprise
microGPi2_L_4_CommonFiltered,1,387240.26368,387361.01376,120.75008000002708,3,3.9514648566139243,RankSurprise
microGPi2_L_4_CommonFiltered,1,393674.58816,393816.064,141.47584000002826,3,3.604268656629735,RankSurprise
microGPi2_L_4_CommonFiltered,1,411983.95392,412256.70656,272.7526400000206,5,6.62093542173271,RankSurprise
microGPi2_L_4_CommonFiltered,2,1837.13792,2008.064,170.92608000000018,4,4.738424721602989,RankSurprise
microGPi2_L_4_CommonFiltered,2,19351.3472,19443.0976,91.75040000000081,3,3.710347437675786,RankSurprise
microGPi2_L_4_CommonFiltered,2,31017.24672,31150.36672,133.12000000000262,6,10.023818101659103,RankSurprise
microGPi2_L_4_CommonFiltered,2,41504.48128,41557.36064,52.879359999999,3,4.614332125004314,RankSurprise
microGPi2_L_4_CommonFiltered,2,43144.6016,43567.67744,423.0758399999977,5,3.9632140088372694,RankSurprise
microGPi2_L_4_CommonFiltered,2,62157.29152,64309.61664,2152.3251200000013,12,5.464118992221581,RankSurprise
microGPi2_L_4_CommonFiltered,2,102586.368,102623.80544,37.43743999999424,3,5.128268775973231,RankSurprise
microGPi2_L_4_CommonFiltered,2,150083.09248,150390.29248,307.20000000001164,6,7.23416361229258,RankSurprise
microGPi2_L_4_CommonFiltered,2,161964.48256,161971.28192,6.799360000004526,3,8.373786531787854,RankSurprise
microGPi2_L_4_CommonFiltered,2,173253.4272,174027.44832,774.0211199999903,8,5.361067338496322,RankSurprise
microGPi2_L_4_CommonFiltered,2,182601.40032,182823.85408,222.45376000000397,4,3.8422228255988244,RankSurprise
microGPi2_L_4_CommonFiltered,2,191182.0288,192066.7648,884.7360000000044,6,3.6582476911618125,RankSurprise
microGPi2_L_4_CommonFiltered,2,203491.28704,203521.67936,30.39232000001357,4,9.010751785801169,RankSurprise
microGPi2_L_4_CommonFiltered,2,218154.51648,218280.22272,125.70623999999953,4,5.298758655563326,RankSurprise
microGPi2_L_4_CommonFiltered,2,271079.6288,271897.84576,818.2169599999906,9,6.52436960989293,RankSurprise
microGPi2_L_4_CommonFiltered,2,280466.26816,280557.48608,91.2179200000246,5,8.357720136100209,RankSurprise
microGPi2_L_4_CommonFiltered,2,308330.2912,308527.5136,197.22240000002785,4,4.513718888662609,RankSurprise
microGPi2_L_4_CommonFiltered,2,311788.42112,312234.51648,446.0953599999775,6,5.124547881211107,RankSurprise
microGPi2_L_4_CommonFiltered,2,329651.85536,331671.01952,2019.1641599999857,12,4.409720992158374,RankSurprise
microGPi2_L_4_CommonFiltered,2,340244.35712,340333.93664,89.57952000002842,3,3.648613553405065,RankSurprise
microGPi2_L_4_CommonFiltered,2,347743.10912,347839.0784,95.96928000001935,3,3.787034931323779,RankSurprise
microGPi2_L_4_CommonFiltered,2,358858.1376,359869.52192,1011.3843200000119,10,6.624276748023411,RankSurprise
microGPi2_L_4_CommonFiltered,2,372562.20672,373409.9968,847.7900800000061,7,4.9035208578026435,RankSurprise
microGPi2_L_4_CommonFiltered,2,393418.67008,394415.80032,997.1302399999695,9,6.144668581626137,RankSurprise
microGPi2_L_4_CommonFiltered,2,411787.264,412494.88896,707.6249599999865,10,9.750575291574911,RankSurprise
microGPi2_L_4_CommonFiltered,3,9857.024,10679.05024,822.026240000001,8,4.251084641988747,RankSurprise
microGPi2_L_4_CommonFiltered,3,24211.29216,24398.52032,187.22815999999875,4,3.7982604664976662,RankSurprise
microGPi2_L_4_CommonFiltered,3,30339.15392,30396.25216,57.09823999999935,3,4.3930300297991725,RankSurprise
microGPi2_L_4_CommonFiltered,3,33582.4896,33790.11584,207.62623999999778,4,3.5278986905665626,RankSurprise
microGPi2_L_4_CommonFiltered,3,42532.98688,42681.83552,148.8486400000038,4,4.4783881352829376,RankSurprise
microGPi2_L_4_CommonFiltered,3,60428.98432,60534.94784,105.96351999999752,4,5.422891689405638,RankSurprise
microGPi2_L_4_CommonFiltered,3,64152.53504,65374.37184,1221.8367999999973,10,3.850301648579767,RankSurprise
microGPi2_L_4_CommonFiltered,3,83494.33856,83764.67456,270.3359999999957,7,8.91306120706384,RankSurprise
microGPi2_L_4_CommonFiltered,3,91637.9648,91653.12,15.155199999993783,3,6.972467488492455,RankSurprise
microGPi2_L_4_CommonFiltered,3,92434.47296,92645.9904,211.517439999996,5,5.336651300452154,RankSurprise
microGPi2_L_4_CommonFiltered,3,96075.9808,96210.45248,134.47168000000238,5,6.994647889452235,RankSurprise
microGPi2_L_4_CommonFiltered,3,105268.75648,107667.29216,2398.535680000001,23,11.41443437649915,RankSurprise
microGPi2_L_4_CommonFiltered,3,109092.57728,109180.02688,87.4496000000072,4,6.008642530942673,RankSurprise
microGPi2_L_4_CommonFiltered,3,111667.07712,111929.58976,262.51264000000083,6,6.524857222076825,RankSurprise
microGPi2_L_4_CommonFiltered,3,143933.39904,144365.93664,432.53760000001057,9,9.267904751583808,RankSurprise
microGPi2_L_4_CommonFiltered,3,146382.6432,146577.89952,195.25632000001497,4,3.6985135419299304,RankSurprise
microGPi2_L_4_CommonFiltered,3,173500.416,175993.0368,2492.6208000000042,18,5.4400000972381335,RankSurprise
microGPi2_L_4_CommonFiltered,3,183136.78848,183169.35168,32.563200000004144,3,5.230229834003568,RankSurprise
microGPi2_L_4_CommonFiltered,3,186932.92032,187590.20544,657.2851199999859,7,4.212423964806743,RankSurprise
microGPi2_L_4_CommonFiltered,3,202576.77312,203162.29632,585.523199999996,7,4.51086440978741,RankSurprise
microGPi2_L_4_CommonFiltered,3,218198.87616,218268.672,69.79583999997703,3,4.004374318428125,RankSurprise
microGPi2_L_4_CommonFiltered,3,260437.36064,260635.15648,197.79584000000614,4,3.587014010082921,RankSurprise
microGPi2_L_4_CommonFiltered,3,297245.73696,297931.69408,685.9571199999773,10,7.399304515039285,RankSurprise
microGPi2_L_4_CommonFiltered,3,313433.41568,313701.45792,268.0422400000389,5,4.463512230912798,RankSurprise
microGPi2_L_4_CommonFiltered,3,321156.13696,322738.70848,1582.5715199999977,14,5.47411452284344,RankSurprise
microGPi2_L_4_CommonFiltered,3,324849.37728,325039.67744,190.30015999998432,4,3.814317630788139,RankSurprise
microGPi2_L_4_CommonFiltered,3,330337.4848,330544.70144,207.21663999999873,7,9.930818169637845,RankSurprise
microGPi2_L_4_CommonFiltered,3,341738.04544,341848.35072,110.30527999997139,4,5.386416851299668,RankSurprise
microGPi2_L_4_CommonFiltered,3,349053.00992,349740.52352,687.5136000000057,10,7.516054374068494,RankSurprise
microGPi2_L_4_CommonFiltered,3,356376.00256,356428.34944,52.34688000002643,4,7.586089799572719,RankSurprise
microGPi2_L_4_CommonFiltered,3,356976.51712,361394.87232,4418.355200000049,26,4.780303164574707,RankSurprise
microGPi2_L_4_CommonFiltered,3,366273.61792,366474.93632,201.3183999999892,5,5.541989744643988,RankSurprise
microGPi2_L_4_CommonFiltered,3,399061.15584,400290.89792,1229.7420799999963,11,4.749855898718501,RankSurprise
microGPi2_L_4_CommonFiltered,3,402881.86368,402927.28832,45.4246399999829,3,4.846581490125075,RankSurprise
microGPi2_L_4_CommonFiltered,3,411141.48864,412366.80704,1225.3183999999892,12,6.909911301495715,RankSurprise
microGPi2_L_4_CommonFiltered,4,622.26432,678.01088,55.746560000000045,3,4.612087619423749,RankSurprise
microGPi2_L_4_CommonFiltered,4,4147.36384,6143.7952,1996.4313599999996,13,5.644650636742115,RankSurprise
microGPi2_L_4_CommonFiltered,4,18804.20352,20446.98624,1642.7827199999992,11,4.99897213567412,RankSurprise
microGPi2_L_4_CommonFiltered,4,52504.576,52589.89568,85.31968000000052,3,3.838338447059357,RankSurprise
microGPi2_L_4_CommonFiltered,4,103099.392,104342.60992,1243.2179199999955,12,7.9426219095426465,RankSurprise
microGPi2_L_4_CommonFiltered,4,109104.78336,109215.58016,110.79679999999644,4,5.793394066061669,RankSurprise
microGPi2_L_4_CommonFiltered,4,140266.04544,141020.9792,754.9337600000144,7,4.414652314283437,RankSurprise
microGPi2_L_4_CommonFiltered,4,149496.46336,150282.07616,785.6128000000026,7,5.093329876444489,RankSurprise
microGPi2_L_4_CommonFiltered,4,173627.55584,174009.344,381.7881600000255,5,4.313710839025315,RankSurprise
microGPi2_L_4_CommonFiltered,4,252009.55392,252390.23616,380.68223999999464,5,4.224404417428147,RankSurprise
microGPi2_L_4_CommonFiltered,4,262286.62272,262528.98304,242.36032000003615,4,3.6108819253674405,RankSurprise
microGPi2_L_4_CommonFiltered,4,267413.2992,267640.46336,227.1641599999857,5,5.866566190223828,RankSurprise
microGPi2_L_4_CommonFiltered,4,280456.76544,280562.64704,105.88160000002244,4,5.87514461247495,RankSurprise
microGPi2_L_4_CommonFiltered,4,300922.01984,300938.81344,16.793599999975413,3,6.511229849690397,RankSurprise
microGPi2_L_4_CommonFiltered,4,301819.00288,301886.34112,67.33824000001187,3,4.438898546193066,RankSurprise
microGPi2_L_4_CommonFiltered,4,324216.09472,324245.42208,29.32735999999568,3,5.640495649418609,RankSurprise
microGPi2_L_4_CommonFiltered,4,329271.5008,330606.7968,1335.2960000000312,11,6.562877063174965,RankSurprise
microGPi2_L_4_CommonFiltered,4,351922.09408,352081.42848,159.33439999999246,4,5.11750824111807,RankSurprise
microGPi2_L_4_CommonFiltered,4,354329.92768,355103.98976,774.0620800000033,7,4.1075913507726725,RankSurprise
microGPi2_L_4_CommonFiltered,4,356811.07968,360263.10656,3452.0268799999612,28,16.704099801618955,RankSurprise
microGPi2_L_4_CommonFiltered,4,405777.57184,405848.55552,70.98368000000482,3,4.179911734568975,RankSurprise
microGPi2_L_4_CommonFiltered,4,406580.26496,406603.61216,23.347200000018347,3,6.3135079215694985,RankSurprise
microGPi2_L_5_CommonFiltered,0,8329.66656,8478.1056,148.4390400000011,4,3.5158994824725873,RankSurprise
microGPi2_L_5_CommonFiltered,0,19789.90592,19945.55392,155.6479999999974,6,7.031162390738764,RankSurprise
microGPi2_L_5_CommonFiltered,0,30084.79232,30526.70976,441.9174400000011,8,5.106034900648297,RankSurprise
microGPi2_L_5_CommonFiltered,0,40255.93856,40363.95008,108.01152000000002,5,6.521047563844835,RankSurprise
microGPi2_L_5_CommonFiltered,0,43775.01696,43967.93856,192.9216000000015,7,7.969641945371187,RankSurprise
microGPi2_L_5_CommonFiltered,0,45666.304,46273.16736,606.863360000003,9,4.9011291319358845,RankSurprise
microGPi2_L_5_CommonFiltered,0,57723.65824,58452.70528,729.0470400000049,9,3.6895345076089594,RankSurprise
microGPi2_L_5_CommonFiltered,0,59608.6784,59729.75616,121.07776000000013,5,6.088500371053694,RankSurprise
microGPi2_L_5_CommonFiltered,0,62631.97696,64538.2144,1906.2374399999972,20,5.9305900309758055,RankSurprise
microGPi2_L_5_CommonFiltered,0,72681.02144,72690.11456,9.093120000005001,3,7.444182868468991,RankSurprise
microGPi2_L_5_CommonFiltered,0,77754.12224,77882.24512,128.1228800000099,4,3.7355538582997063,RankSurprise
microGPi2_L_5_CommonFiltered,0,81844.59264,82186.89536,342.3027199999924,7,6.1731203846045615,RankSurprise
microGPi2_L_5_CommonFiltered,0,104093.04064,105355.59168,1262.5510399999912,15,6.189451698173289,RankSurprise
microGPi2_L_5_CommonFiltered,0,108652.58496,108907.80672,255.22176000000036,5,3.8411816090318887,RankSurprise
microGPi2_L_5_CommonFiltered,0,109459.456,109522.5344,63.07839999999851,4,5.87157016322363,RankSurprise
microGPi2_L_5_CommonFiltered,0,111361.6384,111720.69376,359.0553599999985,6,3.7012957787959477,RankSurprise
microGPi2_L_5_CommonFiltered,0,132281.22112,132285.60384,4.382719999994151,3,9.42554724788211,RankSurprise
microGPi2_L_5_CommonFiltered,0,138063.01184,138919.15776,856.1459200000099,10,4.161463903218531,RankSurprise
microGPi2_L_5_CommonFiltered,0,140298.81344,140326.13376,27.3203199999989,3,5.088256507049618,RankSurprise
microGPi2_L_5_CommonFiltered,0,156016.64,156250.15296,233.51295999999274,5,3.6373156914160703,RankSurprise
microGPi2_L_5_CommonFiltered,0,158291.31264,158594.4576,303.1449600000051,6,4.450576319983339,RankSurprise
microGPi2_L_5_CommonFiltered,0,166012.55936,166056.63232,44.07295999999042,3,4.106885605090538,RankSurprise
microGPi2_L_5_CommonFiltered,0,171166.96576,171581.89056,414.92480000000796,6,3.600819946964152,RankSurprise
microGPi2_L_5_CommonFiltered,0,174766.53056,174786.68288,20.15231999999378,3,5.782436212223754,RankSurprise
microGPi2_L_5_CommonFiltered,0,175946.5472,176053.00224,106.45504000000074,4,4.283266503242064,RankSurprise
microGPi2_L_5_CommonFiltered,0,184516.03456,184566.08768,50.05311999999685,3,3.889353290944115,RankSurprise
microGPi2_L_5_CommonFiltered,0,188906.86464,188946.35008,39.48543999998947,3,4.279277510964551,RankSurprise
microGPi2_L_5_CommonFiltered,0,218942.70976,218977.23904,34.52927999998792,4,7.966298502759695,RankSurprise
microGPi2_L_5_CommonFiltered,0,219572.51072,219611.42272,38.912000000011176,3,4.450811871100679,RankSurprise
microGPi2_L_5_CommonFiltered,0,234503.00416,234833.5104,330.5062399999879,6,4.052937972714931,RankSurprise
microGPi2_L_5_CommonFiltered,0,239648.3584,239717.7856,69.42720000000554,4,5.609266231572576,RankSurprise
microGPi2_L_5_CommonFiltered,0,264390.28736,264433.13152,42.84415999997873,3,4.121300128698053,RankSurprise
microGPi2_L_5_CommonFiltered,0,280667.46368,280724.35712,56.89344000001438,3,3.5962920806641065,RankSurprise
microGPi2_L_5_CommonFiltered,0,282732.58496,282748.96896,16.384000000020023,3,6.377272460540135,RankSurprise
microGPi2_L_5_CommonFiltered,0,296747.49952,297760.64512,1013.1455999999889,13,6.911920846219263,RankSurprise
microGPi2_L_5_CommonFiltered,0,306509.0048,307011.13344,502.1286400000099,7,4.273977583737307,RankSurprise
microGPi2_L_5_CommonFiltered,0,308097.96608,308426.91584,328.9497599999886,7,5.536125856082444,RankSurprise
microGPi2_L_5_CommonFiltered,0,318357.99552,318608.42496,250.42943999997806,6,5.1627970487865795,RankSurprise
microGPi2_L_5_CommonFiltered,0,331197.11232,331967.11936,770.0070399999968,10,4.228430666938848,RankSurprise
microGPi2_L_5_CommonFiltered,0,332915.22048,333223.85408,308.633600000001,7,5.648821185366363,RankSurprise
microGPi2_L_5_CommonFiltered,0,338328.3712,338361.91744,33.54623999999603,3,4.724588527619915,RankSurprise
microGPi2_L_5_CommonFiltered,0,340300.96384,340551.14752,250.18368000001647,5,3.725978414006889,RankSurprise
microGPi2_L_5_CommonFiltered,0,350607.07328,350624.3584,17.285120000015013,3,6.311330430400243,RankSurprise
microGPi2_L_5_CommonFiltered,0,351741.62432,352184.1152,442.49087999999756,8,5.205974313272354,RankSurprise
microGPi2_L_5_CommonFiltered,0,354847.1296,354951.61856,104.48895999998786,5,6.575511496043866,RankSurprise
microGPi2_L_5_CommonFiltered,0,358320.57856,360244.79744,1924.2188800000004,22,9.976349414176381,RankSurprise
microGPi2_L_5_CommonFiltered,0,361443.1232,361780.14208,337.0188800000469,7,4.999982178345585,RankSurprise
microGPi2_L_5_CommonFiltered,0,364120.39168,364215.13216,94.74047999997856,4,4.604834414231771,RankSurprise
microGPi2_L_5_CommonFiltered,0,367243.30496,367927.74656,684.4416000000201,11,7.453468981330821,RankSurprise
microGPi2_L_5_CommonFiltered,0,374947.06176,375068.50816,121.44640000001527,4,3.972570536110723,RankSurprise
microGPi2_L_5_CommonFiltered,0,389249.55648,389923.18464,673.6281599999638,11,6.421367461826448,RankSurprise
microGPi2_L_5_CommonFiltered,0,407901.34784,407998.70976,97.36191999999573,4,4.701208058358105,RankSurprise
microGPi2_L_5_CommonFiltered,0,410972.89728,411729.34656,756.4492800000007,11,5.777795614260034,RankSurprise
microGPi2_L_5_CommonFiltered,1,29670.35904,29682.31936,11.960320000001957,3,6.860926211438404,RankSurprise
microGPi2_L_5_CommonFiltered,1,42176.63488,42719.232,542.5971200000058,7,3.648271259418296,RankSurprise
microGPi2_L_5_CommonFiltered,1,53149.53216,53187.46112,37.92895999999746,3,4.398551604860058,RankSurprise
microGPi2_L_5_CommonFiltered,1,53888.8192,54097.14176,208.32256000000052,5,4.569481167811961,RankSurprise
microGPi2_L_5_CommonFiltered,1,56351.49824,56430.10048,78.60224000000017,4,5.66806349371884,RankSurprise
microGPi2_L_5_CommonFiltered,1,58949.05856,60176.1792,1227.120640000001,17,9.011336014200648,RankSurprise
microGPi2_L_5_CommonFiltered,1,74185.76896,74606.75584,420.98687999999675,8,6.038526808207655,RankSurprise
microGPi2_L_5_CommonFiltered,1,83252.34688,83506.25792,253.91104000000632,5,3.7924959595330243,RankSurprise
microGPi2_L_5_CommonFiltered,1,95748.42368,95837.184,88.76031999998668,4,5.375696265290614,RankSurprise
microGPi2_L_5_CommonFiltered,1,106226.19648,106293.08416,66.88767999999982,5,8.737697882197931,RankSurprise
microGPi2_L_5_CommonFiltered,1,107242.74176,107262.3616,19.619839999999385,3,5.845544576920018,RankSurprise
microGPi2_L_5_CommonFiltered,1,110156.14464,110293.52448,137.37983999999415,4,4.088706183489823,RankSurprise
microGPi2_L_5_CommonFiltered,1,111557.71392,111652.49536,94.78144000000611,6,10.382547582545964,RankSurprise
microGPi2_L_5_CommonFiltered,1,116077.9776,116601.11872,523.1411200000002,7,3.8387293306784276,RankSurprise
microGPi2_L_5_CommonFiltered,1,122223.86176,122352.39424,128.5324799999944,4,4.330773338198924,RankSurprise
microGPi2_L_5_CommonFiltered,1,143305.07264,143364.46464,59.39199999999255,3,3.693030446812669,RankSurprise
microGPi2_L_5_CommonFiltered,1,146048.0,146304.12288,256.1228800000099,5,3.7456922087439217,RankSurprise
microGPi2_L_5_CommonFiltered,1,173562.14272,174169.25184,607.1091200000083,9,5.525348924288128,RankSurprise
microGPi2_L_5_CommonFiltered,1,177956.864,178003.64032,46.77632000000449,3,4.092220265443551,RankSurprise
microGPi2_L_5_CommonFiltered,1,178620.78464,178684.80512,64.0204800000065,4,6.172809738275465,RankSurprise
microGPi2_L_5_CommonFiltered,1,180851.75296,180919.78752,68.03456000000006,3,3.525749930874042,RankSurprise
microGPi2_L_5_CommonFiltered,1,182019.60448,182089.76896,70.16447999997763,3,3.5983753230675415,RankSurprise
microGPi2_L_5_CommonFiltered,1,186820.8128,187059.85536,239.04255999997258,5,4.049417465215363,RankSurprise
microGPi2_L_5_CommonFiltered,1,205136.19968,205958.38976,822.1900800000003,11,5.527853267459761,RankSurprise
microGPi2_L_5_CommonFiltered,1,208374.66112,208671.29344,296.63232000000426,6,4.907894304296143,RankSurprise
microGPi2_L_5_CommonFiltered,1,227007.24224,227021.86496,14.622720000013942,3,6.798902009267545,RankSurprise
microGPi2_L_5_CommonFiltered,1,234302.09536,234333.47072,31.375360000005458,3,4.8854820276366855,RankSurprise
microGPi2_L_5_CommonFiltered,1,241042.67776,241220.15744,177.47968000001856,6,7.0794553833697265,RankSurprise
microGPi2_L_5_CommonFiltered,1,247034.01984,247059.49696,25.47711999999592,3,5.3897929703814835,RankSurprise
microGPi2_L_5_CommonFiltered,1,252406.66112,252565.17632,158.51519999999437,4,3.713216222319023,RankSurprise
microGPi2_L_5_CommonFiltered,1,262421.01248,262540.73856,119.7260800000513,6,8.91112296038397,RankSurprise
microGPi2_L_5_CommonFiltered,1,275388.2112,275528.86784,140.65664000000106,4,3.9213679066087828,RankSurprise
microGPi2_L_5_CommonFiltered,1,284397.568,284518.11328,120.54527999996208,4,4.475379929520461,RankSurprise
microGPi2_L_5_CommonFiltered,1,296286.53568,296307.0976,20.561920000007376,3,5.771115773168047,RankSurprise
microGPi2_L_5_CommonFiltered,1,307095.47008,307156.29568,60.82559999998193,3,3.9257720578058866,RankSurprise
microGPi2_L_5_CommonFiltered,1,307952.0256,308718.10048,766.0748800000292,14,10.556038981618787,RankSurprise
microGPi2_L_5_CommonFiltered,1,323391.36512,323456.2048,64.8396800000337,4,5.965829880710064,RankSurprise
microGPi2_L_5_CommonFiltered,1,326166.40512,326182.25664,15.851519999967422,3,6.488405259049593,RankSurprise
microGPi2_L_5_CommonFiltered,1,327501.824,327821.68064,319.8566399999545,6,4.531029177541074,RankSurprise
microGPi2_L_5_CommonFiltered,1,329301.48352,330584.064,1282.5804800000042,12,4.39506584541684,RankSurprise
microGPi2_L_5_CommonFiltered,1,349104.82432,349190.51264,85.68831999995746,4,5.319090602434109,RankSurprise
microGPi2_L_5_CommonFiltered,1,358363.29984,359149.19936,785.8995200000354,13,9.001219251829026,RankSurprise
microGPi2_L_5_CommonFiltered,1,359609.42592,360037.66272,428.2368000000133,9,7.564180910342732,RankSurprise
microGPi2_L_5_CommonFiltered,1,361158.41024,361202.03264,43.62239999999292,3,4.31745900443592,RankSurprise
microGPi2_L_5_CommonFiltered,1,363497.59488,364974.65344,1477.058560000034,15,4.661823694642771,RankSurprise
microGPi2_L_5_CommonFiltered,1,366294.016,366985.0112,690.9952000000048,10,5.79759111473606,RankSurprise
microGPi2_L_5_CommonFiltered,1,370513.5104,370661.00736,147.49695999996038,6,8.149773350705182,RankSurprise
microGPi2_L_5_CommonFiltered,1,405177.71264,405438.0544,260.34176000003936,5,3.7857760864231835,RankSurprise
microGPi2_L_5_CommonFiltered,1,408808.48896,409043.968,235.47904000000563,5,4.074597429934656,RankSurprise
microGPi2_L_5_CommonFiltered,1,410259.70176,410898.39104,638.6892799999914,8,4.1919506657698,RankSurprise
microGPi2_L_5_CommonFiltered,1,411666.18624,412257.0752,590.8889600000111,10,8.021269069683663,RankSurprise
microGPi2_L_5_CommonFiltered,4,34956.20608,36156.04736,1199.8412799999933,9,4.562804229503137,RankSurprise
microGPi2_L_5_CommonFiltered,4,52610.08896,56186.10176,3576.012799999997,19,5.0341227043919545,RankSurprise
microGPi2_L_5_CommonFiltered,4,93571.52256,94025.64608,454.1235200000083,6,4.9648881314089195,RankSurprise
microGPi2_L_5_CommonFiltered,4,99157.11488,99373.09696,215.9820800000016,4,4.0342105056233635,RankSurprise
microGPi2_L_5_CommonFiltered,4,132733.952,133184.26624,450.314240000007,5,3.633296645618465,RankSurprise
microGPi2_L_5_CommonFiltered,4,135394.05824,135492.89472,98.83647999999812,3,3.6732614825178267,RankSurprise
microGPi2_L_5_CommonFiltered,4,146063.68768,146112.06144,48.37375999998767,3,4.92052135937301,RankSurprise
microGPi2_L_5_CommonFiltered,4,167288.87296,167371.1616,82.2886399999843,3,3.9350001604775837,RankSurprise
microGPi2_L_5_CommonFiltered,4,173926.27712,175808.79872,1882.5215999999782,12,3.9932412467401726,RankSurprise
microGPi2_L_5_CommonFiltered,4,200632.48384,200952.79104,320.3072000000102,5,4.462406295631116,RankSurprise
microGPi2_L_5_CommonFiltered,4,220122.27584,220942.17216,819.8963199999998,12,12.433766822177653,RankSurprise
microGPi2_L_5_CommonFiltered,4,226753.16736,226849.34144,96.17407999999705,3,3.610263714234149,RankSurprise
microGPi2_L_5_CommonFiltered,4,228292.93568,229756.19072,1463.2550400000182,12,5.806879622021154,RankSurprise
microGPi2_L_5_CommonFiltered,4,250452.86912,250530.52928,77.66015999999945,3,3.971811361985516,RankSurprise
microGPi2_L_5_CommonFiltered,4,280125.44,280380.17024,254.73024000000441,7,9.77424569572706,RankSurprise
microGPi2_L_5_CommonFiltered,4,288842.752,288873.55392,30.801919999998063,3,5.658210315555744,RankSurprise
microGPi2_L_5_CommonFiltered,4,305160.192,305165.84448,5.6524800000479445,3,8.535009995906366,RankSurprise
microGPi2_L_5_CommonFiltered,4,306111.20128,306205.04064,93.83936000004178,3,3.662623084312772,RankSurprise
microGPi2_L_5_CommonFiltered,4,307689.59488,308708.67968,1019.0848000000115,9,4.964501889245588,RankSurprise
microGPi2_L_5_CommonFiltered,4,310953.94304,312045.07648,1091.133440000005,8,3.592581786403984,RankSurprise
microGPi2_L_5_CommonFiltered,4,330584.80128,330872.79104,287.98975999996765,6,6.802828649835199,RankSurprise
microGPi2_L_5_CommonFiltered,4,332656.27136,332754.41152,98.14016000000993,3,3.5193383857593705,RankSurprise
microGPi2_L_5_CommonFiltered,4,334478.78656,334491.2384,12.451839999994263,3,7.001945062256839,RankSurprise
microGPi2_L_5_CommonFiltered,4,339610.54208,339699.54816,89.00608000002103,3,3.875114910229028,RankSurprise
microGPi2_L_5_CommonFiltered,4,342548.76672,342738.98496,190.2182399999583,4,4.239015361427651,RankSurprise
microGPi2_L_5_CommonFiltered,4,346200.55552,346301.48096,100.9254400000209,3,3.5094860893163595,RankSurprise
microGPi2_L_5_CommonFiltered,4,357997.40416,360000.79872,2003.3945600000443,18,11.19471402663008,RankSurprise
microGPi2_L_5_CommonFiltered,4,398512.08704,398731.6736,219.586559999967,4,3.951601687022258,RankSurprise
microGPi2_L_5_CommonFiltered,4,408659.23072,411068.0064,2408.7756800000207,24,15.571106359570656,RankSurprise
microGPi2_L_6_CommonFiltered,0,23352.48384,23931.4944,579.0105599999988,12,5.700416218450701,RankSurprise
microGPi2_L_6_CommonFiltered,0,24468.19328,24505.99936,37.80608000000211,3,3.694831530143391,RankSurprise
microGPi2_L_6_CommonFiltered,0,27965.76768,29227.8272,1262.0595199999989,22,8.38159020214903,RankSurprise
microGPi2_L_6_CommonFiltered,0,34725.76512,35288.39168,562.6265600000042,10,4.610612761427187,RankSurprise
microGPi2_L_6_CommonFiltered,0,35788.02176,35910.8608,122.83903999999893,8,11.688504535619373,RankSurprise
microGPi2_L_6_CommonFiltered,0,47310.2336,49079.95136,1769.7177599999995,22,3.579796072214826,RankSurprise
microGPi2_L_6_CommonFiltered,0,50526.86336,50565.36576,38.50239999999758,3,3.772160878451862,RankSurprise
microGPi2_L_6_CommonFiltered,0,51401.07264,51698.81088,297.73823999999877,9,6.5748872525619735,RankSurprise
microGPi2_L_6_CommonFiltered,0,66972.01664,67087.27808,115.26144000000204,5,4.9381279060134595,RankSurprise
microGPi2_L_6_CommonFiltered,0,68508.91776,68520.87808,11.960319999998319,3,7.060606971946433,RankSurprise
microGPi2_L_6_CommonFiltered,0,69051.63776,69132.82048,81.18271999999706,4,4.006095441081321,RankSurprise
microGPi2_L_6_CommonFiltered,0,99679.47776,100195.69664,516.2188800000004,11,5.940472137275007,RankSurprise
microGPi2_L_6_CommonFiltered,0,113204.10112,113226.26048,22.159359999990556,3,5.004245358371005,RankSurprise
microGPi2_L_6_CommonFiltered,0,117938.74944,117956.608,17.858559999993304,3,5.694791142170084,RankSurprise
microGPi2_L_6_CommonFiltered,0,119621.91872,119770.76736,148.84863999999652,5,3.961368499837068,RankSurprise
microGPi2_L_6_CommonFiltered,0,122837.03296,122979.65568,142.6227199999994,6,5.9251031480052845,RankSurprise
microGPi2_L_6_CommonFiltered,0,124701.94176,124998.41024,296.4684799999959,8,5.542823631190968,RankSurprise
microGPi2_L_6_CommonFiltered,0,129212.25216,129264.47616,52.22400000000198,4,5.321392892721725,RankSurprise
microGPi2_L_6_CommonFiltered,0,152330.89536,152498.83136,167.93600000001607,6,5.065664897762439,RankSurprise
microGPi2_L_6_CommonFiltered,0,154432.9216,154530.77504,97.85344000000623,5,5.517270469893344,RankSurprise
microGPi2_L_6_CommonFiltered,0,155617.73056,155761.2544,143.52384000000893,5,3.953149314043113,RankSurprise
microGPi2_L_6_CommonFiltered,0,156374.13888,156412.19072,38.051840000000084,3,3.664717990373404,RankSurprise
microGPi2_L_6_CommonFiltered,0,157038.14144,157065.29792,27.156480000005104,3,4.4545907264209195,RankSurprise
microGPi2_L_6_CommonFiltered,0,163423.10912,163978.93632,555.8271999999997,14,8.62581919232954,RankSurprise
microGPi2_L_6_CommonFiltered,0,165110.53824,165276.38528,165.84703999999329,6,5.149801559204974,RankSurprise
microGPi2_L_6_CommonFiltered,0,169764.70016,169783.82848,19.12831999998889,3,5.498553326080705,RankSurprise
microGPi2_L_6_CommonFiltered,0,183023.77984,183096.03328,72.25344000000041,4,4.455604231935752,RankSurprise
microGPi2_L_6_CommonFiltered,0,199207.64928,199404.01152,196.36223999998765,6,4.319689879138212,RankSurprise
microGPi2_L_6_CommonFiltered,0,216249.7536,217443.328,1193.5744000000122,23,10.12510337110863,RankSurprise
microGPi2_L_6_CommonFiltered,0,220857.87648,221333.79072,475.9142399999837,11,6.206110416648526,RankSurprise
microGPi2_L_6_CommonFiltered,0,223298.7648,223667.69152,368.92671999998856,8,4.206407352208826,RankSurprise
microGPi2_L_6_CommonFiltered,0,224620.42112,224697.18016,76.75903999997536,4,4.132544142124598,RankSurprise
microGPi2_L_6_CommonFiltered,0,252115.43552,252745.85088,630.4153600000136,15,10.302547030434223,RankSurprise
microGPi2_L_6_CommonFiltered,0,254258.91328,254294.99904,36.085759999987204,4,6.5764315795653125,RankSurprise
microGPi2_L_6_CommonFiltered,0,254846.40256,256446.09536,1599.692800000019,25,9.104089613400667,RankSurprise
microGPi2_L_6_CommonFiltered,0,258596.08576,259352.24832,756.1625600000261,16,9.057141674108761,RankSurprise
microGPi2_L_6_CommonFiltered,0,261320.00768,262324.18304,1004.1753599999647,26,17.729032268406446,RankSurprise
microGPi2_L_6_CommonFiltered,0,264992.68608,268340.71552,3348.029440000013,46,10.61041466023935,RankSurprise
microGPi2_L_6_CommonFiltered,0,269350.21568,269436.19072,85.97503999999026,4,3.953493227285449,RankSurprise
microGPi2_L_6_CommonFiltered,0,270989.9264,271360.45056,370.52416000002995,8,3.994609288648656,RankSurprise
microGPi2_L_6_CommonFiltered,0,272404.80768,272848.4864,443.67871999996714,9,4.327522079138253,RankSurprise
microGPi2_L_6_CommonFiltered,0,273710.36672,273842.3808,132.01407999999356,5,4.31377975331759,RankSurprise
microGPi2_L_6_CommonFiltered,0,279783.95648,280017.79712,233.84064000000944,6,3.7558919087883362,RankSurprise
microGPi2_L_6_CommonFiltered,0,300094.95552,300120.4736,25.518080000008922,3,4.656705070461065,RankSurprise
microGPi2_L_6_CommonFiltered,0,309032.22272,309124.79232,92.56959999998799,6,7.878668462725436,RankSurprise
microGPi2_L_6_CommonFiltered,0,311334.78912,311449.55904,114.76992000004975,5,5.354710734736244,RankSurprise
microGPi2_L_6_CommonFiltered,0,311835.07456,311891.47648,56.40192000003299,4,5.218956844759251,RankSurprise
microGPi2_L_6_CommonFiltered,0,313672.4992,313747.49696,74.99775999999838,4,4.390560954120488,RankSurprise
microGPi2_L_6_CommonFiltered,0,342461.8496,342479.58528,17.735679999983404,3,5.38943435432566,RankSurprise
microGPi2_L_6_CommonFiltered,0,342928.42496,342961.52064,33.09568000002764,3,4.023889814510724,RankSurprise
microGPi2_L_6_CommonFiltered,0,344761.05728,345158.32832,397.27103999996325,9,4.986214443924089,RankSurprise
microGPi2_L_6_CommonFiltered,0,353116.03712,353132.25728,16.220160000026226,3,6.088516270405419,RankSurprise
microGPi2_L_6_CommonFiltered,0,399021.4656,399059.80416,38.33856000000378,4,6.609951655729539,RankSurprise
microGPi2_L_6_CommonFiltered,0,404672.14336,406279.7824,1607.6390400000382,23,7.106560392056559,RankSurprise
microGPi2_L_6_CommonFiltered,1,1353.89184,1958.87104,604.9792,7,5.827041923359094,RankSurprise
microGPi2_L_6_CommonFiltered,1,56951.72608,57087.5904,135.8643200000006,4,5.68820760212337,RankSurprise
microGPi2_L_6_CommonFiltered,1,59172.37248,59679.98976,507.6172799999986,5,4.038621481534186,RankSurprise
microGPi2_L_6_CommonFiltered,1,61176.09472,62515.6096,1339.5148800000024,8,3.6038057937827714,RankSurprise
microGPi2_L_6_CommonFiltered,1,71273.39008,71322.78784,49.39776000000711,3,4.994139448710062,RankSurprise
microGPi2_L_6_CommonFiltered,1,103797.22752,106237.25568,2440.0281600000017,13,4.476945981207892,RankSurprise
microGPi2_L_6_CommonFiltered,1,123933.24544,124003.9424,70.69696000000113,3,4.279543724742634,RankSurprise
microGPi2_L_6_CommonFiltered,1,158608.87552,159087.57504,478.69951999999466,5,3.7581637374270933,RankSurprise
microGPi2_L_6_CommonFiltered,1,176004.79232,176083.47648,78.68416000000434,3,4.314177273889008,RankSurprise
microGPi2_L_6_CommonFiltered,1,196436.54144,197016.7808,580.2393600000069,5,3.602678065426133,RankSurprise
microGPi2_L_6_CommonFiltered,1,202186.30144,202276.98688,90.68544000000111,3,3.84876080865018,RankSurprise
microGPi2_L_6_CommonFiltered,1,220400.68096,222138.69568,1738.0147200000065,11,5.382210091318601,RankSurprise
microGPi2_L_6_CommonFiltered,1,260371.00544,260472.70912,101.70368000000599,3,3.7807262506050385,RankSurprise
microGPi2_L_6_CommonFiltered,1,304300.76928,304412.18048,111.41119999997318,4,6.0025508465443735,RankSurprise
microGPi2_L_6_CommonFiltered,1,307917.2096,310400.4096,2483.2000000000116,18,10.580565312796132,RankSurprise
microGPi2_L_6_CommonFiltered,1,331289.27232,333848.3712,2559.098880000005,14,6.211435354665648,RankSurprise
microGPi2_L_6_CommonFiltered,1,349077.58592,349080.41216,2.8262400000239722,3,11.310401200858754,RankSurprise
microGPi2_L_6_CommonFiltered,1,349080.41216,350885.19168,1804.7795199999819,11,5.437753357558422,RankSurprise
microGPi2_L_6_CommonFiltered,1,355500.032,356309.68832,809.6563200000091,6,3.864682572708873,RankSurprise
microGPi2_L_6_CommonFiltered,1,358468.4032,358852.4032,384.0,5,4.608847756294352,RankSurprise
microGPi2_L_6_CommonFiltered,1,361798.61504,361877.62688,79.01183999999193,3,4.331721583539917,RankSurprise
microGPi2_L_6_CommonFiltered,1,374396.27264,375717.76512,1321.4924800000153,9,5.56413094066163,RankSurprise
microGPi2_L_6_CommonFiltered,1,390295.67488,390948.20864,652.5337600000203,6,4.095085815312957,RankSurprise
microGPi2_L_6_CommonFiltered,1,410901.42208,412223.61088,1322.1888000000035,13,11.98861201429214,RankSurprise
microGPi2_L_6_CommonFiltered,3,1876.5824,1888.50176,11.919360000000097,3,5.836929185870845,RankSurprise
microGPi2_L_6_CommonFiltered,3,15602.97472,15634.18624,31.211520000000746,4,5.864095078901752,RankSurprise
microGPi2_L_6_CommonFiltered,3,23074.97984,23361.57696,286.59711999999854,10,6.743534507324087,RankSurprise
microGPi2_L_6_CommonFiltered,3,23945.05216,25238.44608,1293.3939200000023,27,6.283267566125841,RankSurprise
microGPi2_L_6_CommonFiltered,3,27029.7088,27110.89152,81.1827200000007,5,4.682329194507098,RankSurprise
microGPi2_L_6_CommonFiltered,3,28337.02912,28362.9568,25.92768000000069,3,3.782202861015156,RankSurprise
microGPi2_L_6_CommonFiltered,3,28860.17024,28889.66144,29.49120000000039,4,6.247595648623339,RankSurprise
microGPi2_L_6_CommonFiltered,3,31217.50016,31344.88576,127.38560000000143,7,6.048588025756694,RankSurprise
microGPi2_L_6_CommonFiltered,3,34321.12128,35255.00928,933.887999999999,23,6.975523808732097,RankSurprise
microGPi2_L_6_CommonFiltered,3,35662.11072,35752.59136,90.48064000000159,5,4.584221520104972,RankSurprise
microGPi2_L_6_CommonFiltered,3,46489.76384,46494.1056,4.341760000002978,3,9.528755928306843,RankSurprise
microGPi2_L_6_CommonFiltered,3,47472.96768,47560.94976,87.98208000000159,5,4.2814598749728,RankSurprise
microGPi2_L_6_CommonFiltered,3,48238.34624,49178.70592,940.3596800000014,23,8.22542300666121,RankSurprise
microGPi2_L_6_CommonFiltered,3,50504.78592,50723.18464,218.3987199999974,7,3.8301573939584626,RankSurprise
microGPi2_L_6_CommonFiltered,3,54703.84128,55100.49792,396.65664000000106,13,7.18299256054105,RankSurprise
microGPi2_L_6_CommonFiltered,3,55853.42464,56093.696,240.2713600000061,8,4.096615330874736,RankSurprise
microGPi2_L_6_CommonFiltered,3,68290.60096,68464.76288,174.16191999999864,7,4.379695326485026,RankSurprise
microGPi2_L_6_CommonFiltered,3,72260.608,72745.7792,485.1712000000116,12,3.8006483745184685,RankSurprise
microGPi2_L_6_CommonFiltered,3,85393.03936,85400.7808,7.741439999997965,3,7.244401441414032,RankSurprise
microGPi2_L_6_CommonFiltered,3,86183.48544,86261.59616,78.11071999999695,5,4.8742586047989995,RankSurprise
microGPi2_L_6_CommonFiltered,3,87064.45312,87124.50048,60.04735999999684,5,5.912230980341601,RankSurprise
microGPi2_L_6_CommonFiltered,3,87964.2624,87989.73952,25.47711999999592,3,3.824854921083679,RankSurprise
microGPi2_L_6_CommonFiltered,3,89595.2896,89622.40512,27.115519999992102,3,3.731604896357789,RankSurprise
microGPi2_L_6_CommonFiltered,3,99805.71648,100562.65728,756.9407999999967,18,4.552396625243356,RankSurprise
microGPi2_L_6_CommonFiltered,3,112827.67872,113022.81216,195.13344000000507,9,7.465465431062885,RankSurprise
microGPi2_L_6_CommonFiltered,3,118004.69504,118122.496,117.80095999999321,6,5.197901762243809,RankSurprise
microGPi2_L_6_CommonFiltered,3,118949.84704,119245.74208,295.89504000000306,10,6.105779308350693,RankSurprise
microGPi2_L_6_CommonFiltered,3,122414.16192,123674.2144,1260.0524799999985,27,5.2147084413189875,RankSurprise
microGPi2_L_6_CommonFiltered,3,124846.03904,125130.79296,284.75392000000284,9,4.454418272010555,RankSurprise
microGPi2_L_6_CommonFiltered,3,127437.29152,127626.77248,189.48096000000078,11,11.28637202276807,RankSurprise
microGPi2_L_6_CommonFiltered,3,135059.90656,135153.95072,94.04415999999037,5,4.100816050061123,RankSurprise
microGPi2_L_6_CommonFiltered,3,135697.89952,135715.26656,17.367039999982808,3,4.837290600901625,RankSurprise
microGPi2_L_6_CommonFiltered,3,135875.95264,135981.2608,105.30815999998595,6,5.326998267269154,RankSurprise
microGPi2_L_6_CommonFiltered,3,156028.84608,156081.43872,52.59264000001713,4,4.202438692806702,RankSurprise
microGPi2_L_6_CommonFiltered,3,157489.60256,157509.59104,19.98847999999998,3,4.456957290490443,RankSurprise
microGPi2_L_6_CommonFiltered,3,162995.2,164408.9344,1413.7343999999866,37,12.384353198361053,RankSurprise
microGPi2_L_6_CommonFiltered,3,165150.9248,165892.87424,741.9494399999967,21,8.131813826272772,RankSurprise
microGPi2_L_6_CommonFiltered,3,166372.31104,167142.11328,769.80223999999,18,5.051256830945087,RankSurprise
microGPi2_L_6_CommonFiltered,3,167477.20704,167489.00352,11.79647999998997,3,5.940624599200747,RankSurprise
microGPi2_L_6_CommonFiltered,3,169499.72992,169546.5472,46.817279999988386,4,4.603033028665671,RankSurprise
microGPi2_L_6_CommonFiltered,3,169941.07392,170394.91072,453.83680000001914,14,6.520625742316427,RankSurprise
microGPi2_L_6_CommonFiltered,3,184681.02144,184684.17536,3.153919999982463,3,10.837088747957022,RankSurprise
microGPi2_L_6_CommonFiltered,3,203789.23008,203815.07584,25.845759999996517,3,3.803415193248755,RankSurprise
microGPi2_L_6_CommonFiltered,3,204021.39136,204157.05088,135.65951999998651,6,4.4909040642168385,RankSurprise
microGPi2_L_6_CommonFiltered,3,213962.91584,214129.0496,166.13375999999698,10,10.267889991916832,RankSurprise
microGPi2_L_6_CommonFiltered,3,215029.63712,215050.28096,20.643840000004275,3,4.386410481778261,RankSurprise
microGPi2_L_6_CommonFiltered,3,217167.29856,217275.35104,108.05248000001302,5,3.6812378238381953,RankSurprise
microGPi2_L_6_CommonFiltered,3,220745.1136,220793.07776,47.96415999997407,4,4.585840996857058,RankSurprise
microGPi2_L_6_CommonFiltered,3,221840.01536,222366.72,526.7046400000108,17,8.145009880747438,RankSurprise
microGPi2_L_6_CommonFiltered,3,224065.1264,224090.03008,24.903679999988526,3,3.8590172629551294,RankSurprise
microGPi2_L_6_CommonFiltered,3,225041.85856,225444.864,403.0054400000081,11,4.283346292820855,RankSurprise
microGPi2_L_6_CommonFiltered,3,228757.0944,228829.34784,72.25344000000041,5,5.042916011921459,RankSurprise
microGPi2_L_6_CommonFiltered,3,244159.97952,244187.50464,27.5251200000057,3,3.6368956179235727,RankSurprise
microGPi2_L_6_CommonFiltered,3,245239.97184,245711.33952,471.36767999999574,18,10.728863853686514,RankSurprise
microGPi2_L_6_CommonFiltered,3,246593.49504,247193.64096,600.1459199999808,19,8.970001095158317,RankSurprise
microGPi2_L_6_CommonFiltered,3,247564.57472,247721.94304,157.36832000000868,7,4.9532321833870165,RankSurprise
microGPi2_L_6_CommonFiltered,3,248192.04096,248306.31936,114.27839999998105,7,6.822455558129562,RankSurprise
microGPi2_L_6_CommonFiltered,3,248799.80544,249330.85184,531.046399999992,15,5.597553502908979,RankSurprise
microGPi2_L_6_CommonFiltered,3,250900.76672,251125.80096,225.03423999997904,8,4.906300749503495,RankSurprise
microGPi2_L_6_CommonFiltered,3,251636.36736,252146.85184,510.4844799999846,17,8.387544303777268,RankSurprise
microGPi2_L_6_CommonFiltered,3,254031.62624,254332.928,301.3017600000021,9,3.7409249516140233,RankSurprise
microGPi2_L_6_CommonFiltered,3,254785.90464,255722.65984,936.7552000000142,27,12.032932195400443,RankSurprise
microGPi2_L_6_CommonFiltered,3,256495.2064,256620.3392,125.13279999999213,6,4.745852036674382,RankSurprise
microGPi2_L_6_CommonFiltered,3,258190.41792,259647.93856,1457.5206400000025,37,10.007397880212503,RankSurprise
microGPi2_L_6_CommonFiltered,3,261510.30784,261662.67904,152.37119999999413,7,5.599530326266096,RankSurprise
microGPi2_L_6_CommonFiltered,3,261984.74752,263342.57152,1357.8239999999932,33,9.013210484112262,RankSurprise
microGPi2_L_6_CommonFiltered,3,264893.8496,264905.40032,11.550719999999274,3,5.922964354241609,RankSurprise
microGPi2_L_6_CommonFiltered,3,265735.70048,265747.00544,11.304959999979474,3,5.985469752807338,RankSurprise
microGPi2_L_6_CommonFiltered,3,266429.2352,266709.64736,280.41216000000713,10,5.558868556926366,RankSurprise
microGPi2_L_6_CommonFiltered,3,267619.57376,267956.51072,336.9369600000209,11,5.588181703036628,RankSurprise
microGPi2_L_6_CommonFiltered,3,269805.11744,269856.03072,50.91327999997884,4,4.330117581915687,RankSurprise
microGPi2_L_6_CommonFiltered,3,270222.1312,272407.1424,2185.011200000008,54,16.212432094661306,RankSurprise
microGPi2_L_6_CommonFiltered,3,275257.63072,275464.76544,207.13471999997273,7,3.6624458855577493,RankSurprise
microGPi2_L_6_CommonFiltered,3,275719.12704,275773.48096,54.35392000002321,4,4.111168800442854,RankSurprise
microGPi2_L_6_CommonFiltered,3,278496.17408,278567.1168,70.94271999999182,5,5.197625706257565,RankSurprise
microGPi2_L_6_CommonFiltered,3,279696.83456,279749.34528,52.51072000002023,4,4.178824967121564,RankSurprise
microGPi2_L_6_CommonFiltered,3,280177.41824,280203.38688,25.968639999977313,3,3.7942966311544755,RankSurprise
microGPi2_L_6_CommonFiltered,3,281493.79072,281619.98848,126.19776000001002,8,8.329780557896502,RankSurprise
microGPi2_L_6_CommonFiltered,3,282585.37472,282593.19808,7.823359999980312,3,7.367249433572702,RankSurprise
microGPi2_L_6_CommonFiltered,3,311046.10304,311607.99232,561.889280000003,16,5.688373250618818,RankSurprise
microGPi2_L_6_CommonFiltered,3,312291.49184,312380.53888,89.04704000003403,6,6.233950671399498,RankSurprise
microGPi2_L_6_CommonFiltered,3,312646.8608,312780.14464,133.28383999998914,7,5.753895302822498,RankSurprise
microGPi2_L_6_CommonFiltered,3,314176.7168,314399.41632,222.69952000002377,8,4.772340659286301,RankSurprise
microGPi2_L_6_CommonFiltered,3,315375.24736,315421.61408,46.3667200000491,4,4.600570983925898,RankSurprise
microGPi2_L_6_CommonFiltered,3,332898.42688,333195.91936,297.49248000001535,9,4.3289705987805265,RankSurprise
microGPi2_L_6_CommonFiltered,3,343300.38272,343348.59264,48.20991999999387,5,6.840324597526919,RankSurprise
microGPi2_L_6_CommonFiltered,3,344064.49152,344115.77344,51.281920000037644,4,4.289908476670419,RankSurprise
microGPi2_L_6_CommonFiltered,3,345817.21088,345984.0,166.78911999997217,7,4.6492586420156625,RankSurprise
microGPi2_L_6_CommonFiltered,3,353290.4448,353834.92608,544.4812800000072,17,7.731943091939968,RankSurprise
microGPi2_L_6_CommonFiltered,3,354656.62464,354706.0224,49.39776000002166,4,4.407570660771583,RankSurprise
microGPi2_L_6_CommonFiltered,3,359859.73248,359923.75296,64.0204800000065,4,3.5974890022190458,RankSurprise
microGPi2_L_6_CommonFiltered,3,383467.35616,383573.64736,106.29119999997783,6,5.368372861974279,RankSurprise
microGPi2_L_6_CommonFiltered,3,385288.88832,385379.9424,91.0540799999726,6,6.1255971250095556,RankSurprise
microGPi2_L_6_CommonFiltered,3,390788.5056,390793.33888,4.83328000002075,3,9.055911388059503,RankSurprise
microGPi2_L_6_CommonFiltered,3,391064.53504,391150.67392,86.13887999998406,5,4.458226819969866,RankSurprise
microGPi2_L_6_CommonFiltered,3,402112.18432,402123.3664,11.182079999998678,3,6.068815592529374,RankSurprise
microGPi2_L_6_CommonFiltered,3,404980.1216,405119.1808,139.05919999995967,8,7.335392588103414,RankSurprise
microGPi2_L_6_CommonFiltered,3,405364.57216,406409.87136,1045.2992000000086,23,5.566220293151757,RankSurprise
microGPi2_L_6_CommonFiltered,3,407016.36608,407028.36736,12.001279999967664,3,5.836929185870845,RankSurprise
microGPi2_L_6_CommonFiltered,3,411840.1024,411987.47648,147.3740800000378,7,5.168389884272392,RankSurprise
microGPi2_L_7_CommonFiltered,1,526.37696,839.72096,313.34399999999994,20,14.462048182689736,RankSurprise
microGPi2_L_7_CommonFiltered,1,1643.88864,1705.86112,61.97248000000013,5,4.661800629606855,RankSurprise
microGPi2_L_7_CommonFiltered,1,4451.08224,6408.23296,1957.1507200000005,65,17.955562594678444,RankSurprise
microGPi2_L_7_CommonFiltered,1,6605.2096,6982.08256,376.8729599999997,13,4.657405363693214,RankSurprise
microGPi2_L_7_CommonFiltered,1,7339.008,7448.94464,109.9366399999999,7,5.676770360121378,RankSurprise
microGPi2_L_7_CommonFiltered,1,11265.92512,11277.76256,11.837439999999333,3,4.647554522870221,RankSurprise
microGPi2_L_7_CommonFiltered,1,13477.19168,13610.55744,133.3657600000006,7,4.538795607731406,RankSurprise
microGPi2_L_7_CommonFiltered,1,15030.43584,15048.66304,18.227199999999357,4,6.331886404455606,RankSurprise
microGPi2_L_7_CommonFiltered,1,20231.70048,20257.91488,26.21440000000075,4,5.075929373313755,RankSurprise
microGPi2_L_7_CommonFiltered,1,37257.95328,37264.83456,6.881280000001425,3,6.21604668300264,RankSurprise
microGPi2_L_7_CommonFiltered,1,38624.95232,38639.2064,14.25408000000607,3,4.157079883359389,RankSurprise
microGPi2_L_7_CommonFiltered,1,40569.81504,41039.74912,469.9340799999991,23,13.327788610293856,RankSurprise
microGPi2_L_7_CommonFiltered,1,41999.11424,43216.85504,1217.7407999999996,44,13.977961116500172,RankSurprise
microGPi2_L_7_CommonFiltered,1,43820.2368,44501.03296,680.796159999998,25,11.333162279219342,RankSurprise
microGPi2_L_7_CommonFiltered,1,52881.89952,53444.36224,562.4627200000032,22,7.928556958291623,RankSurprise
microGPi2_L_7_CommonFiltered,1,54793.70752,55013.86752,220.15999999999622,11,7.055301761474856,RankSurprise
microGPi2_L_7_CommonFiltered,1,57000.42752,57017.83552,17.408000000003085,3,3.7612517801046934,RankSurprise
microGPi2_L_7_CommonFiltered,1,60826.29632,61056.53248,230.23616000000038,10,4.2848994600010215,RankSurprise
microGPi2_L_7_CommonFiltered,1,61991.64928,62081.39264,89.7433600000004,6,4.863567135711456,RankSurprise
microGPi2_L_7_CommonFiltered,1,63104.24576,63174.73792,70.4921600000016,6,5.53193075652041,RankSurprise
microGPi2_L_7_CommonFiltered,1,64010.11712,64058.32704,48.20991999999387,5,5.1173465296169915,RankSurprise
microGPi2_L_7_CommonFiltered,1,64668.59008,64679.40352,10.813439999998081,3,4.918390422896147,RankSurprise
microGPi2_L_7_CommonFiltered,1,65445.35552,65650.15552,204.8000000000029,9,4.080827418472273,RankSurprise
microGPi2_L_7_CommonFiltered,1,75141.65248,75158.85568,17.20319999998901,3,3.7165821259747975,RankSurprise
microGPi2_L_7_CommonFiltered,1,75638.45632,75644.14976,5.693440000002738,3,6.80300802774949,RankSurprise
microGPi2_L_7_CommonFiltered,1,76504.6784,76708.78208,204.10368000000017,14,11.188669823084261,RankSurprise
microGPi2_L_7_CommonFiltered,1,85529.31328,85553.43872,24.125440000003437,4,5.398325305272934,RankSurprise
microGPi2_L_7_CommonFiltered,1,92252.32384,92259.28704,6.963199999998324,3,5.831590750983818,RankSurprise
microGPi2_L_7_CommonFiltered,1,94239.3344,94245.888,6.553599999999278,3,6.435780550485694,RankSurprise
microGPi2_L_7_CommonFiltered,1,96200.00768,96245.39136,45.383679999999,4,3.5777081390909444,RankSurprise
microGPi2_L_7_CommonFiltered,1,104772.56704,105564.11904,791.5520000000106,23,4.765280756284243,RankSurprise
microGPi2_L_7_CommonFiltered,1,106032.78336,106996.69504,963.9116800000047,31,9.010693251963804,RankSurprise
microGPi2_L_7_CommonFiltered,1,107625.10336,107667.41504,42.31168000001344,5,5.702303750982548,RankSurprise
microGPi2_L_7_CommonFiltered,1,108537.73312,108567.47008,29.736959999994724,4,4.724036112900759,RankSurprise
microGPi2_L_7_CommonFiltered,1,110396.98944,111802.69568,1405.7062399999995,46,11.19506896027827,RankSurprise
microGPi2_L_7_CommonFiltered,1,112109.1584,112150.03648,40.87807999999495,5,5.855343218821265,RankSurprise
microGPi2_L_7_CommonFiltered,1,121489.8176,121797.0176,307.20000000001164,12,5.330402191047545,RankSurprise
microGPi2_L_7_CommonFiltered,1,133423.06304,133561.01632,137.953279999987,8,5.602624091775041,RankSurprise
microGPi2_L_7_CommonFiltered,1,138457.25184,138671.67744,214.42559999998775,10,4.613544821995673,RankSurprise
microGPi2_L_7_CommonFiltered,1,138813.72672,138872.29952,58.57279999999446,5,4.435402728285002,RankSurprise
microGPi2_L_7_CommonFiltered,1,143034.81856,143040.3072,5.488639999995939,3,6.663299502751018,RankSurprise
microGPi2_L_7_CommonFiltered,1,149942.6816,150063.63648,120.95487999997567,6,3.63242423417421,RankSurprise
microGPi2_L_7_CommonFiltered,1,151202.97984,151212.72832,9.74847999998019,3,5.194393059471103,RankSurprise
microGPi2_L_7_CommonFiltered,1,155870.90432,155889.90976,19.005440000008093,3,3.5090662549728524,RankSurprise
microGPi2_L_7_CommonFiltered,1,165604.9664,165634.94912,29.982719999999972,4,5.019691225358855,RankSurprise
microGPi2_L_7_CommonFiltered,1,174526.38208,174611.41504,85.03295999998227,6,4.981160761662103,RankSurprise
microGPi2_L_7_CommonFiltered,1,186427.31008,186494.85312,67.54304000001866,7,7.550240968053629,RankSurprise
microGPi2_L_7_CommonFiltered,1,187152.09728,187166.63808,14.540800000017043,3,4.173666026422653,RankSurprise
microGPi2_L_7_CommonFiltered,1,187509.18656,187584.75776,75.57120000000577,5,3.5907380131201485,RankSurprise
microGPi2_L_7_CommonFiltered,1,187821.75232,187872.58368,50.831360000011045,6,7.373382346863494,RankSurprise
microGPi2_L_7_CommonFiltered,1,188278.90688,188866.72384,587.8169599999965,20,5.6067262398365365,RankSurprise
microGPi2_L_7_CommonFiltered,1,200034.83648,200101.56032,66.72383999999147,7,7.5916145078499255,RankSurprise
microGPi2_L_7_CommonFiltered,1,206064.72192,206122.92608,58.20415999999386,6,6.32511063072716,RankSurprise
microGPi2_L_7_CommonFiltered,1,212020.51072,212032.7168,12.206080000003567,3,4.485440388278796,RankSurprise
microGPi2_L_7_CommonFiltered,1,214474.71104,214509.7728,35.06176000001142,5,6.545063819955377,RankSurprise
microGPi2_L_7_CommonFiltered,1,223617.4336,223626.07616,8.642560000007506,3,5.702314683929433,RankSurprise
microGPi2_L_7_CommonFiltered,1,231902.4128,231998.79168,96.37888000000385,6,4.055041997808778,RankSurprise
microGPi2_L_7_CommonFiltered,1,232879.7184,232971.4688,91.7503999999899,7,5.761580954294305,RankSurprise
microGPi2_L_7_CommonFiltered,1,233268.4288,234104.13568,835.7068800000125,30,9.61809998208039,RankSurprise
microGPi2_L_7_CommonFiltered,1,234637.5168,234660.90496,23.388160000002244,4,5.46220981175761,RankSurprise
microGPi2_L_7_CommonFiltered,1,239894.48704,240218.5216,324.03456000000006,14,6.525020944676581,RankSurprise
microGPi2_L_7_CommonFiltered,1,242020.51584,242121.80992,101.29407999999239,6,3.8505027496125233,RankSurprise
microGPi2_L_7_CommonFiltered,1,243220.60288,243278.80704,58.204160000022966,5,4.476971998623728,RankSurprise
microGPi2_L_7_CommonFiltered,1,250876.43648,250978.0992,101.66271999999299,7,5.287651358267446,RankSurprise
microGPi2_L_7_CommonFiltered,1,274500.608,274647.16288,146.5548800000106,8,4.749941382253715,RankSurprise
microGPi2_L_7_CommonFiltered,1,291533.86496,291851.14112,317.27616000000853,12,4.967538085988013,RankSurprise
microGPi2_L_7_CommonFiltered,1,293262.25408,293648.62976,386.3756799999974,15,4.936816987837044,RankSurprise
microGPi2_L_7_CommonFiltered,1,297886.35136,297899.74528,13.393920000002254,3,4.290842449988856,RankSurprise
microGPi2_L_7_CommonFiltered,1,298585.4976,298629.12,43.62239999999292,6,7.761865515707214,RankSurprise
microGPi2_L_7_CommonFiltered,1,299996.32384,300011.97056,15.646719999960624,3,4.00856893918159,RankSurprise
microGPi2_L_7_CommonFiltered,1,300514.38592,300646.76864,132.38272000005236,7,4.2236844452020454,RankSurprise
microGPi2_L_7_CommonFiltered,1,300877.08672,300881.96096,4.8742399999755435,3,7.21471553734243,RankSurprise
microGPi2_L_7_CommonFiltered,1,301326.7456,301455.7696,129.02399999997579,6,3.567670252719079,RankSurprise
microGPi2_L_7_CommonFiltered,1,302102.528,302116.70016,14.172160000016447,4,7.48750910247751,RankSurprise
microGPi2_L_7_CommonFiltered,1,302346.93632,302819.36896,472.43264000001363,14,3.672155946222454,RankSurprise
microGPi2_L_7_CommonFiltered,1,307572.1216,307605.01248,32.890879999962635,4,4.44075450818724,RankSurprise
microGPi2_L_7_CommonFiltered,1,309046.23104,309079.98208,33.75104000000283,4,4.364006119264033,RankSurprise
microGPi2_L_7_CommonFiltered,1,313075.38432,313082.92096,7.536640000005718,3,5.949464782590944,RankSurprise
microGPi2_L_7_CommonFiltered,1,316842.96704,318055.54688,1212.5798399999621,37,8.641645392785998,RankSurprise
microGPi2_L_7_CommonFiltered,1,318655.97952,318672.77312,16.79360000003362,3,3.7703066937747334,RankSurprise
microGPi2_L_7_CommonFiltered,1,319361.6384,319818.26048,456.622080000001,19,9.30928713314232,RankSurprise
microGPi2_L_7_CommonFiltered,1,320111.04256,321545.78944,1434.7468800000497,43,9.97765100379111,RankSurprise
microGPi2_L_7_CommonFiltered,1,322021.53984,323508.38784,1486.8479999999981,56,20.03697307626898,RankSurprise
microGPi2_L_7_CommonFiltered,1,323860.02944,324080.35328,220.3238399999682,9,3.66767073660456,RankSurprise
microGPi2_L_7_CommonFiltered,1,327251.59936,327257.74336,6.144000000029337,3,6.393225560911096,RankSurprise
microGPi2_L_7_CommonFiltered,1,327955.00544,327965.9008,10.895360000024084,3,4.808666428805038,RankSurprise
microGPi2_L_7_CommonFiltered,1,328306.93376,328315.61728,8.683520000020508,3,5.690427549882324,RankSurprise
microGPi2_L_7_CommonFiltered,1,329307.29984,329874.8416,567.5417599999928,30,17.6668803399567,RankSurprise
microGPi2_L_7_CommonFiltered,1,332341.32992,332348.78464,7.4547200000379235,3,6.118282514236746,RankSurprise
microGPi2_L_7_CommonFiltered,1,345570.9184,345595.4944,24.57600000000093,5,8.263591229059386,RankSurprise
microGPi2_L_7_CommonFiltered,1,350212.096,350256.61952,44.52351999998791,4,3.6719285472023557,RankSurprise
microGPi2_L_7_CommonFiltered,1,356160.96256,356636.2624,475.2998399999924,22,11.717361879357037,RankSurprise
microGPi2_L_7_CommonFiltered,1,358973.93152,359069.16352,95.23200000001816,8,7.12113286276899,RankSurprise
microGPi2_L_7_CommonFiltered,1,361462.62016,362511.40096,1048.7808000000077,43,17.078966620579802,RankSurprise
microGPi2_L_7_CommonFiltered,1,362776.04352,362786.28352,10.239999999990687,3,5.047333336004703,RankSurprise
microGPi2_L_7_CommonFiltered,1,363081.15456,363565.13792,483.9833600000129,24,14.028871622561285,RankSurprise
microGPi2_L_7_CommonFiltered,1,363772.80512,364549.3248,776.5196800000267,29,10.141443157613764,RankSurprise
microGPi2_L_7_CommonFiltered,1,364828.01664,365102.4896,274.4729599999846,13,7.321429241175032,RankSurprise
microGPi2_L_7_CommonFiltered,1,366252.93312,366398.91456,145.9814400000032,7,3.532296208763567,RankSurprise
microGPi2_L_7_CommonFiltered,1,366627.75808,367462.1952,834.4371200000169,28,8.122757123713454,RankSurprise
microGPi2_L_7_CommonFiltered,1,367710.24896,368329.9328,619.6838400000124,23,7.113013953321486,RankSurprise
microGPi2_L_7_CommonFiltered,1,368466.49344,368522.40384,55.91039999999339,5,4.7865419409544,RankSurprise
microGPi2_L_7_CommonFiltered,1,369018.71616,369710.57152,691.8553599999868,30,14.504188813802243,RankSurprise
microGPi2_L_7_CommonFiltered,1,370237.56288,370639.74912,402.18624000001,13,5.03267545610599,RankSurprise
microGPi2_L_7_CommonFiltered,1,371054.7968,371117.4656,62.66879999998491,5,4.265636734337338,RankSurprise
microGPi2_L_7_CommonFiltered,1,394504.35584,394516.11136,11.755520000006072,3,4.602335171134355,RankSurprise
microGPi2_L_7_CommonFiltered,1,402528.62464,402583.63392,55.0092799999984,5,4.753184236710577,RankSurprise
microGPi2_L_7_CommonFiltered,1,408377.83552,408696.4224,318.5868799999589,14,6.789523991874618,RankSurprise
microGPi2_L_7_CommonFiltered,1,409258.47552,409772.2368,513.7612800000352,18,6.111093085547236,RankSurprise
microGPi2_L_7_CommonFiltered,1,410281.73824,410312.62208,30.883840000024065,4,4.585535351091515,RankSurprise
microGPi2_L_7_CommonFiltered,1,410543.34976,410642.18624,98.83647999999812,7,5.458375113586034,RankSurprise
microGPi2_L_7_CommonFiltered,1,410905.64096,410992.51712,86.87615999998525,7,5.967806272803813,RankSurprise
microGPi2_L_7_CommonFiltered,1,411445.69856,411493.33504,47.63647999998648,6,7.379513557528455,RankSurprise
microGPi2_L_7_CommonFiltered,2,1264.0256,1506.75456,242.72896000000014,12,5.049434797020624,RankSurprise
microGPi2_L_7_CommonFiltered,2,4005.60128,4042.05568,36.45440000000008,4,3.5997008978046097,RankSurprise
microGPi2_L_7_CommonFiltered,2,4357.9392,4992.32768,634.3884800000005,28,10.128093970238215,RankSurprise
microGPi2_L_7_CommonFiltered,2,5125.98016,5165.01504,39.03488000000016,4,3.530492161462991,RankSurprise
microGPi2_L_7_CommonFiltered,2,5296.61952,5305.344,8.724479999999858,4,9.564258932758747,RankSurprise
microGPi2_L_7_CommonFiltered,2,5395.2512,5458.944,63.692800000000716,6,4.89591388479932,RankSurprise
microGPi2_L_7_CommonFiltered,2,6200.9344,7203.06176,1002.1273599999995,50,21.419219660313004,RankSurprise
microGPi2_L_7_CommonFiltered,2,8092.22144,8099.92192,7.700479999999516,3,5.676020316686342,RankSurprise
microGPi2_L_7_CommonFiltered,2,8193.80224,8973.18912,779.3868799999982,26,4.532913471436302,RankSurprise
microGPi2_L_7_CommonFiltered,2,15010.16064,15103.01696,92.85632000000078,9,8.460211272573828,RankSurprise
microGPi2_L_7_CommonFiltered,2,19664.6912,19712.94208,48.2508799999996,5,4.2615431844669835,RankSurprise
microGPi2_L_7_CommonFiltered,2,20146.01216,20302.60224,156.59008000000176,11,7.034775579452071,RankSurprise
microGPi2_L_7_CommonFiltered,2,40487.5264,40503.0912,15.564800000000105,3,3.634113846123192,RankSurprise
microGPi2_L_7_CommonFiltered,2,40793.16992,41036.47232,243.3024000000005,18,12.84421580664846,RankSurprise
microGPi2_L_7_CommonFiltered,2,41217.6384,41247.37536,29.736959999994724,4,4.539909049072328,RankSurprise
microGPi2_L_7_CommonFiltered,2,42513.98144,42719.60064,205.61919999999373,12,5.722396432428229,RankSurprise
microGPi2_L_7_CommonFiltered,2,43047.81312,43419.48416,371.6710400000011,13,4.162565159813167,RankSurprise
microGPi2_L_7_CommonFiltered,2,43928.08448,43995.62752,67.54304000000411,6,4.918130660668012,RankSurprise
microGPi2_L_7_CommonFiltered,2,44405.5552,45986.73408,1581.1788799999995,69,20.22170714623213,RankSurprise
microGPi2_L_7_CommonFiltered,2,51977.05216,51992.61696,15.564800000000105,3,3.730802948446909,RankSurprise
microGPi2_L_7_CommonFiltered,2,63477.02272,63675.02336,198.00063999999838,11,5.409719771739694,RankSurprise
microGPi2_L_7_CommonFiltered,2,64526.49984,64636.60032,110.10048000000097,8,5.829611166737689,RankSurprise
microGPi2_L_7_CommonFiltered,2,76435.2512,76671.67232,236.42111999999906,14,7.61419863008708,RankSurprise
microGPi2_L_7_CommonFiltered,2,83190.1696,83248.82432,58.65472000000591,7,7.312854121771451,RankSurprise
microGPi2_L_7_CommonFiltered,2,92408.95488,92556.00128,147.046399999992,9,4.871568407646697,RankSurprise
microGPi2_L_7_CommonFiltered,2,93139.47648,93151.55968,12.083200000008219,3,4.205636413665415,RankSurprise
microGPi2_L_7_CommonFiltered,2,94163.5584,94647.74656,484.18816000000515,18,5.043134399191066,RankSurprise
microGPi2_L_7_CommonFiltered,2,96344.18688,96434.83136,90.64448000000266,7,5.468974458939517,RankSurprise
microGPi2_L_7_CommonFiltered,2,96670.3104,96997.94944,327.63903999999457,13,3.839916273088596,RankSurprise
microGPi2_L_7_CommonFiltered,2,103319.18336,103337.53344,18.3500800000038,4,5.995077975346717,RankSurprise
microGPi2_L_7_CommonFiltered,2,103803.37152,103902.65856,99.28703999999561,6,4.320729165769351,RankSurprise
microGPi2_L_7_CommonFiltered,2,104780.8,105502.96576,722.1657600000035,36,13.38646314126905,RankSurprise
microGPi2_L_7_CommonFiltered,2,106301.89056,106316.88192,14.991359999999986,5,9.387683920514686,RankSurprise
microGPi2_L_7_CommonFiltered,2,106877.952,108024.75008,1146.7980799999932,41,9.63499514921132,RankSurprise
microGPi2_L_7_CommonFiltered,2,108595.15904,108917.06368,321.90464000000793,20,10.578498072587424,RankSurprise
microGPi2_L_7_CommonFiltered,2,109394.49344,109429.39136,34.89791999998852,4,3.6342451281093275,RankSurprise
microGPi2_L_7_CommonFiltered,2,110718.60736,112674.36544,1955.7580799999996,68,12.857526206190917,RankSurprise
microGPi2_L_7_CommonFiltered,2,120714.97728,120731.72992,16.752639999991516,3,3.523938079875803,RankSurprise
microGPi2_L_7_CommonFiltered,2,138381.76256,138842.23488,460.47232000000076,21,8.112448697692338,RankSurprise
microGPi2_L_7_CommonFiltered,2,142639.63648,142651.26912,11.632640000025276,3,4.291180501277447,RankSurprise
microGPi2_L_7_CommonFiltered,2,144139.264,144212.09088,72.8268800000078,5,3.698842347828016,RankSurprise
microGPi2_L_7_CommonFiltered,2,144380.64128,144419.26656,38.625279999978375,7,10.25754606817587,RankSurprise
microGPi2_L_7_CommonFiltered,2,147129.58976,147143.84384,14.254079999984242,3,3.750714623429749,RankSurprise
microGPi2_L_7_CommonFiltered,2,150032.67072,150053.888,21.21728000001167,5,8.21255522221053,RankSurprise
microGPi2_L_7_CommonFiltered,2,151657.30816,151670.5792,13.271040000021458,3,3.879272968627868,RankSurprise
microGPi2_L_7_CommonFiltered,2,166325.4528,166341.14048,15.687680000002729,3,3.663697066753368,RankSurprise
microGPi2_L_7_CommonFiltered,2,174493.9008,174597.9392,104.03839999999036,10,8.887661850390627,RankSurprise
microGPi2_L_7_CommonFiltered,2,187908.34176,188196.00384,287.66207999998005,15,8.513239483033916,RankSurprise
microGPi2_L_7_CommonFiltered,2,189361.19296,189397.07392,35.88096000000951,4,3.5799509885208174,RankSurprise
microGPi2_L_7_CommonFiltered,2,189526.95808,189565.37856,38.42048000000068,5,5.338587830136461,RankSurprise
microGPi2_L_7_CommonFiltered,2,190922.83392,190938.64448,15.810559999983525,3,3.623653568371383,RankSurprise
microGPi2_L_7_CommonFiltered,2,191459.328,191475.13856,15.810559999983525,3,3.646738825784581,RankSurprise
microGPi2_L_7_CommonFiltered,2,193750.09792,193900.70784,150.60991999998805,11,7.854059411362138,RankSurprise
microGPi2_L_7_CommonFiltered,2,200155.5456,200168.93952,13.393920000002254,3,3.900727294016079,RankSurprise
microGPi2_L_7_CommonFiltered,2,212258.24256,212534.55872,276.3161599999876,13,4.68784474199134,RankSurprise
microGPi2_L_7_CommonFiltered,2,228322.87744,228412.416,89.53855999998632,6,3.860338685727108,RankSurprise
microGPi2_L_7_CommonFiltered,2,232324.42368,232804.31104,479.88735999999335,27,13.825965337355875,RankSurprise
microGPi2_L_7_CommonFiltered,2,233289.85088,233628.0576,338.2067199999874,19,8.538861691694935,RankSurprise
microGPi2_L_7_CommonFiltered,2,234673.93024,234740.5312,66.60096000001067,7,6.451199149309277,RankSurprise
microGPi2_L_7_CommonFiltered,2,240090.3168,240289.01376,198.69696000000113,13,8.300492256223915,RankSurprise
microGPi2_L_7_CommonFiltered,2,244252.75392,244265.20576,12.451840000023367,3,4.23941626225537,RankSurprise
microGPi2_L_7_CommonFiltered,2,245977.78432,245982.24896,4.46463999999105,3,7.449805473246252,RankSurprise
microGPi2_L_7_CommonFiltered,2,247080.87808,247086.44864,5.570559999992838,3,6.684135548258995,RankSurprise
microGPi2_L_7_CommonFiltered,2,250832.19968,250837.77024,5.570560000021942,3,6.742819815765399,RankSurprise
microGPi2_L_7_CommonFiltered,2,293283.75808,293520.09728,236.3391999999876,14,7.810239174911817,RankSurprise
microGPi2_L_7_CommonFiltered,2,297840.8448,297856.49152,15.646719999960624,4,6.4336530109782615,RankSurprise
microGPi2_L_7_CommonFiltered,2,298474.37312,299776.65536,1302.2822399999714,43,7.078728492306837,RankSurprise
microGPi2_L_7_CommonFiltered,2,300037.28384,300138.12736,100.8435199999949,6,4.197189778671816,RankSurprise
microGPi2_L_7_CommonFiltered,2,300382.4128,300571.4432,189.03039999998873,14,10.500596796944444,RankSurprise
microGPi2_L_7_CommonFiltered,2,300956.95872,300991.77472,34.81599999999162,4,3.589151435025361,RankSurprise
microGPi2_L_7_CommonFiltered,2,301459.98848,301492.75648,32.76799999998184,5,6.620788343731025,RankSurprise
microGPi2_L_7_CommonFiltered,2,303013.10976,303112.47872,99.36895999999251,6,3.5610393679319166,RankSurprise
microGPi2_L_7_CommonFiltered,2,307358.84288,307405.57824,46.73535999999149,6,6.355716654525843,RankSurprise
microGPi2_L_7_CommonFiltered,2,317032.448,318159.872,1127.423999999999,37,7.468685516464151,RankSurprise
microGPi2_L_7_CommonFiltered,2,318780.78464,318832.55808,51.77343999996083,5,4.057033649649487,RankSurprise
microGPi2_L_7_CommonFiltered,2,319067.62752,319566.52032,498.89280000003055,27,12.453319722275664,RankSurprise
microGPi2_L_7_CommonFiltered,2,320811.29472,321011.712,200.4172799999942,10,4.241080583695641,RankSurprise
microGPi2_L_7_CommonFiltered,2,321313.95584,321654.5792,340.62335999996867,17,6.579177328340164,RankSurprise
microGPi2_L_7_CommonFiltered,2,321832.67328,321983.97952,151.30624000000535,8,4.140573873777145,RankSurprise
microGPi2_L_7_CommonFiltered,2,322352.37376,322428.47744,76.10368000000017,6,4.093425902131769,RankSurprise
microGPi2_L_7_CommonFiltered,2,322536.93952,322863.63648,326.696959999972,20,11.47031330353373,RankSurprise
microGPi2_L_7_CommonFiltered,2,323115.49952,324140.81024,1025.3107200000086,34,6.372053766074386,RankSurprise
microGPi2_L_7_CommonFiltered,2,324870.10304,325000.02816,129.92511999997078,7,3.9539757260358974,RankSurprise
microGPi2_L_7_CommonFiltered,2,327049.74848,327229.52192,179.77344000001904,10,5.0536433439778845,RankSurprise
microGPi2_L_7_CommonFiltered,2,327501.86496,328655.50336,1153.6383999999962,43,9.925249870924986,RankSurprise
microGPi2_L_7_CommonFiltered,2,328966.92224,330131.37408,1164.4518399999943,46,11.969159507807516,RankSurprise
microGPi2_L_7_CommonFiltered,2,330867.712,330950.08256,82.3705600000103,6,4.20147229632931,RankSurprise
microGPi2_L_7_CommonFiltered,2,344539.58656,344549.21216,9.62559999997029,3,4.609460784416813,RankSurprise
microGPi2_L_7_CommonFiltered,2,350142.17728,350148.77184,6.594559999997728,3,6.355965985387751,RankSurprise
microGPi2_L_7_CommonFiltered,2,356176.65024,356185.41568,8.765439999988303,3,5.607343900898234,RankSurprise
microGPi2_L_7_CommonFiltered,2,356547.66592,356966.64576,418.9798399999854,21,10.431033954917044,RankSurprise
microGPi2_L_7_CommonFiltered,2,360698.34752,362009.3952,1311.0476800000179,49,10.930738320200643,RankSurprise
microGPi2_L_7_CommonFiltered,2,362192.0768,362428.12928,236.05248000001302,13,6.780325412299179,RankSurprise
microGPi2_L_7_CommonFiltered,2,363184.9472,363550.18752,365.2403199999826,19,7.99564925875307,RankSurprise
microGPi2_L_7_CommonFiltered,2,364439.1424,364457.32864,18.186240000010002,5,8.99755304556135,RankSurprise
microGPi2_L_7_CommonFiltered,2,364884.33664,365429.67808,545.3414399999892,29,13.881112711636597,RankSurprise
microGPi2_L_7_CommonFiltered,2,366157.29152,366621.24544,463.9539199999999,27,16.158800393906873,RankSurprise
microGPi2_L_7_CommonFiltered,2,366752.23552,367261.94176,509.70624000002863,21,6.381609132703758,RankSurprise
microGPi2_L_7_CommonFiltered,2,368102.72768,369455.63648,1352.9087999999756,52,11.0263779769675,RankSurprise
microGPi2_L_7_CommonFiltered,2,369716.26496,370135.8592,419.5942400000058,18,5.742945840311027,RankSurprise
microGPi2_L_7_CommonFiltered,2,370523.9552,370645.8112,121.85599999997066,7,3.644316630472106,RankSurprise
microGPi2_L_7_CommonFiltered,2,377255.69024,377394.25792,138.56767999997828,11,9.07566246058499,RankSurprise
microGPi2_L_7_CommonFiltered,2,397363.44576,397384.25344,20.807680000027176,4,5.604775183416809,RankSurprise
microGPi2_L_7_CommonFiltered,2,399002.29632,399037.44,35.14367999997921,4,3.6249055596281003,RankSurprise
microGPi2_L_7_CommonFiltered,2,406608.73216,406706.50368,97.77152000000933,6,3.917547545921087,RankSurprise
microGPi2_L_7_CommonFiltered,2,409553.38752,409612.24704,58.859519999998156,7,7.260785987232531,RankSurprise
microGPi2_L_7_CommonFiltered,2,409979.00288,409992.64256,13.639680000022054,3,3.820857581299938,RankSurprise
microGPi2_L_7_CommonFiltered,2,410076.03712,410080.37888,4.34175999998115,3,7.4639901082382085,RankSurprise
microGPi2_L_7_CommonFiltered,2,410747.0848,411040.11264,293.0278399999952,16,7.977419056929304,RankSurprise
microGPi2_L_7_CommonFiltered,2,411316.224,411497.55392,181.32991999998922,11,5.379965879475352,RankSurprise
microGPi2_L_7_CommonFiltered,3,1762.59072,1865.35936,102.76864,7,6.188212900469625,RankSurprise
microGPi2_L_7_CommonFiltered,3,3244.2368,3568.88576,324.64896,13,7.254741854774583,RankSurprise
microGPi2_L_7_CommonFiltered,3,4156.12928,4884.35712,728.2278399999996,21,6.919094897918848,RankSurprise
microGPi2_L_7_CommonFiltered,3,5513.09312,5527.7568,14.663679999999658,3,4.397633854486157,RankSurprise
microGPi2_L_7_CommonFiltered,3,12042.97728,12053.01248,10.035200000000259,3,5.259569530278329,RankSurprise
microGPi2_L_7_CommonFiltered,3,21115.33056,21132.24704,16.916479999999865,3,4.13998553410744,RankSurprise
microGPi2_L_7_CommonFiltered,3,24153.33376,24233.65632,80.32255999999688,5,3.924230674455277,RankSurprise
microGPi2_L_7_CommonFiltered,3,26322.00192,26342.35904,20.357120000000577,4,6.320970921956899,RankSurprise
microGPi2_L_7_CommonFiltered,3,32753.50016,32769.39264,15.892479999998613,3,4.303939850743317,RankSurprise
microGPi2_L_7_CommonFiltered,3,34209.3824,34213.72416,4.341759999995702,3,7.273577295613082,RankSurprise
microGPi2_L_7_CommonFiltered,3,37350.48192,37526.36416,175.882239999999,7,4.2896695562327025,RankSurprise
microGPi2_L_7_CommonFiltered,3,38414.45888,38423.10144,8.64256000000023,3,5.697878323058696,RankSurprise
microGPi2_L_7_CommonFiltered,3,38755.04128,38875.79136,120.75008000000525,7,5.766342653113938,RankSurprise
microGPi2_L_7_CommonFiltered,3,40002.7648,40029.5936,26.828800000002957,5,8.3636669795793,RankSurprise
microGPi2_L_7_CommonFiltered,3,40291.81952,40725.87264,434.0531200000041,16,8.406144768386554,RankSurprise
microGPi2_L_7_CommonFiltered,3,41078.21056,41497.64096,419.43039999999746,12,3.594072074826772,RankSurprise
microGPi2_L_7_CommonFiltered,3,42749.09184,43241.71776,492.6259199999986,17,8.17663957237141,RankSurprise
microGPi2_L_7_CommonFiltered,3,45574.5536,46407.80288,833.2492800000036,20,4.289180957888979,RankSurprise
microGPi2_L_7_CommonFiltered,3,49692.63104,49852.70272,160.07168000000092,7,4.1488090712044245,RankSurprise
microGPi2_L_7_CommonFiltered,3,50050.74432,50107.84256,57.09823999999935,5,5.301921920574873,RankSurprise
microGPi2_L_7_CommonFiltered,3,60972.56448,61008.40448,35.83999999999651,4,4.730487804340903,RankSurprise
microGPi2_L_7_CommonFiltered,3,62299.38176,62309.25312,9.871360000004643,3,5.210964393262591,RankSurprise
microGPi2_L_7_CommonFiltered,3,63583.4368,63593.8816,10.444799999997485,4,8.623003021226804,RankSurprise
microGPi2_L_7_CommonFiltered,3,65791.3856,65833.61536,42.22976000000199,4,4.154273923243238,RankSurprise
microGPi2_L_7_CommonFiltered,3,66178.048,66434.94912,256.90112000000954,10,5.436681850059056,RankSurprise
microGPi2_L_7_CommonFiltered,3,71130.64448,71235.09248,104.44800000000396,8,7.945846490183368,RankSurprise
microGPi2_L_7_CommonFiltered,3,80086.34368,80098.9184,12.574719999989611,3,4.700879220652007,RankSurprise
microGPi2_L_7_CommonFiltered,3,85048.89344,85064.17152,15.278080000003683,3,4.234967459823565,RankSurprise
microGPi2_L_7_CommonFiltered,3,93558.41536,93568.94208,10.526719999994384,4,8.601078354565324,RankSurprise
microGPi2_L_7_CommonFiltered,3,94283.24352,94607.40096,324.1574399999954,12,5.713645316810642,RankSurprise
microGPi2_L_7_CommonFiltered,3,96239.86176,96259.8912,20.02943999999843,3,3.8019889030784757,RankSurprise
microGPi2_L_7_CommonFiltered,3,97214.99648,97296.13824,81.14175999999861,5,3.883334207736585,RankSurprise
microGPi2_L_7_CommonFiltered,3,102203.14624,102250.7008,47.55456000000413,4,3.9113483146637513,RankSurprise
microGPi2_L_7_CommonFiltered,3,102412.65664,102433.01376,20.357120000000577,3,3.821070748113055,RankSurprise
microGPi2_L_7_CommonFiltered,3,106521.14944,106538.3936,17.24416000000201,4,7.006620885268315,RankSurprise
microGPi2_L_7_CommonFiltered,3,107171.47136,107792.42496,620.953600000008,19,7.140429912364662,RankSurprise
microGPi2_L_7_CommonFiltered,3,107996.89728,108869.95968,873.0623999999953,26,8.695795354712324,RankSurprise
microGPi2_L_7_CommonFiltered,3,109233.93024,111039.2832,1805.3529600000038,44,10.587051941472339,RankSurprise
microGPi2_L_7_CommonFiltered,3,111857.90976,112559.88224,701.9724800000113,20,7.837299683832083,RankSurprise
microGPi2_L_7_CommonFiltered,3,113842.66752,114156.91264,314.2451199999923,10,3.8755691873365103,RankSurprise
microGPi2_L_7_CommonFiltered,3,116173.12768,116211.34336,38.21567999999388,4,4.46044909084414,RankSurprise
microGPi2_L_7_CommonFiltered,3,118435.38944,118474.46528,39.07584000000497,4,4.488048188460546,RankSurprise
microGPi2_L_7_CommonFiltered,3,122678.10816,122777.96864,99.86048000000301,7,6.637471623906237,RankSurprise
microGPi2_L_7_CommonFiltered,3,125612.19584,125861.31456,249.11871999999858,14,11.163800784723897,RankSurprise
microGPi2_L_7_CommonFiltered,3,129539.97312,129558.77376,18.800640000001295,3,3.957430909768272,RankSurprise
microGPi2_L_7_CommonFiltered,3,133383.24992,133692.17024,308.9203200000047,12,6.73019612448263,RankSurprise
microGPi2_L_7_CommonFiltered,3,136527.0528,136573.17376,46.120960000000196,4,3.9885925543522873,RankSurprise
microGPi2_L_7_CommonFiltered,3,138121.17504,138332.5696,211.3945599999861,8,4.145418885522159,RankSurprise
microGPi2_L_7_CommonFiltered,3,140262.03136,140269.9776,7.946240000019316,3,5.87050982727577,RankSurprise
microGPi2_L_7_CommonFiltered,3,141237.49376,141316.46464,78.97087999997893,5,4.125047460518903,RankSurprise
microGPi2_L_7_CommonFiltered,3,143683.13344,143820.30848,137.1750400000019,9,7.818244380933205,RankSurprise
microGPi2_L_7_CommonFiltered,3,150704.20992,150776.70912,72.49920000002021,5,4.982341646561611,RankSurprise
microGPi2_L_7_CommonFiltered,3,153845.67808,153860.21888,14.54079999998794,3,4.350238242048269,RankSurprise
microGPi2_L_7_CommonFiltered,3,156466.33984,156598.31296,131.97312000000966,6,3.6255328376953777,RankSurprise
microGPi2_L_7_CommonFiltered,3,156976.57856,156991.488,14.90944000001764,3,4.2887422004505,RankSurprise
microGPi2_L_7_CommonFiltered,3,168503.99232,168556.62592,52.633600000001024,4,3.8629357581211394,RankSurprise
microGPi2_L_7_CommonFiltered,3,172835.38944,172879.83104,44.44159999999101,4,4.144367473055549,RankSurprise
microGPi2_L_7_CommonFiltered,3,186792.22272,186832.03584,39.813120000006165,4,4.489897187446495,RankSurprise
microGPi2_L_7_CommonFiltered,3,187937.87392,188262.35904,324.48511999999755,13,7.63354617467182,RankSurprise
microGPi2_L_7_CommonFiltered,3,188879.58528,188973.54752,93.96223999999347,7,7.6067334774174995,RankSurprise
microGPi2_L_7_CommonFiltered,3,190405.2224,190632.38656,227.16416000001482,9,4.819880561241024,RankSurprise
microGPi2_L_7_CommonFiltered,3,200126.58688,200472.33024,345.7433600000222,12,5.810122790170982,RankSurprise
microGPi2_L_7_CommonFiltered,3,205964.57472,206053.376,88.80127999998513,5,3.616028269006083,RankSurprise
microGPi2_L_7_CommonFiltered,3,207876.17792,207925.08416,48.90624000001117,4,3.8034984401767318,RankSurprise
microGPi2_L_7_CommonFiltered,3,212295.10656,212520.01792,224.91136000002734,8,3.859240789948695,RankSurprise
microGPi2_L_7_CommonFiltered,3,216320.94208,216406.50752,85.56544000000576,5,3.7992576869958192,RankSurprise
microGPi2_L_7_CommonFiltered,3,219938.4064,219957.248,18.841599999985192,3,3.8745044256131695,RankSurprise
microGPi2_L_7_CommonFiltered,3,223994.18368,224016.9984,22.814720000023954,4,5.931891141513699,RankSurprise
microGPi2_L_7_CommonFiltered,3,230887.34208,230920.3968,33.05471999998554,5,7.275319941714201,RankSurprise
microGPi2_L_7_CommonFiltered,3,231564.24704,231695.89248,131.64544000002206,6,3.803555518573264,RankSurprise
microGPi2_L_7_CommonFiltered,3,231938.78528,232158.69952,219.9142399999837,12,8.843859427796255,RankSurprise
microGPi2_L_7_CommonFiltered,3,234119.12704,234537.04192,417.91487999999663,12,3.814781407149535,RankSurprise
microGPi2_L_7_CommonFiltered,3,234998.9888,235043.2256,44.23680000001332,4,4.053451406814929,RankSurprise
microGPi2_L_7_CommonFiltered,3,236131.61472,236150.12864,18.513919999997597,3,3.975472276710457,RankSurprise
microGPi2_L_7_CommonFiltered,3,238257.9712,238273.37216,15.400959999999031,3,4.2202830981293165,RankSurprise
microGPi2_L_7_CommonFiltered,3,248367.3088,248402.41152,35.102719999995315,4,4.770838122172176,RankSurprise
microGPi2_L_7_CommonFiltered,3,256183.05024,256208.24064,25.190399999992223,4,5.657675476112562,RankSurprise
microGPi2_L_7_CommonFiltered,3,258232.89344,258352.3328,119.43935999998939,6,4.195738169071396,RankSurprise
microGPi2_L_7_CommonFiltered,3,259990.85568,260006.17472,15.319040000002133,3,4.388064452154017,RankSurprise
microGPi2_L_7_CommonFiltered,3,272268.12416,272309.41184,41.28768000000855,4,4.282671924951394,RankSurprise
microGPi2_L_7_CommonFiltered,3,274393.45664,274564.05504,170.59840000001714,7,4.250323099281208,RankSurprise
microGPi2_L_7_CommonFiltered,3,279299.6864,279423.34464,123.65824000001885,6,4.244970481067133,RankSurprise
microGPi2_L_7_CommonFiltered,3,294168.90368,294239.47776,70.57407999999123,5,4.367426802052361,RankSurprise
microGPi2_L_7_CommonFiltered,3,296268.92288,296359.69024,90.767359999998,6,5.1894825735765195,RankSurprise
microGPi2_L_7_CommonFiltered,3,297650.87232,297923.1744,272.302079999994,10,4.962578573992212,RankSurprise
microGPi2_L_7_CommonFiltered,3,298985.51296,299190.6816,205.16863999998895,8,4.229465842127068,RankSurprise
microGPi2_L_7_CommonFiltered,3,300362.58816,301724.79488,1362.2067200000165,40,12.205320986506495,RankSurprise
microGPi2_L_7_CommonFiltered,3,302009.30304,302019.25632,9.953279999957886,5,13.299344746844152,RankSurprise
microGPi2_L_7_CommonFiltered,3,303175.0656,303178.71104,3.645440000051167,3,7.882907627301096,RankSurprise
microGPi2_L_7_CommonFiltered,3,303542.43584,303555.1744,12.738560000027064,4,8.044418795981873,RankSurprise
microGPi2_L_7_CommonFiltered,3,309022.43328,309033.5744,11.141119999985676,3,5.03194564685732,RankSurprise
microGPi2_L_7_CommonFiltered,3,314994.31936,315013.5296,19.210239999985788,4,6.614061240488109,RankSurprise
microGPi2_L_7_CommonFiltered,3,317347.4304,317958.30784,610.8774400000111,22,9.831403530230194,RankSurprise
microGPi2_L_7_CommonFiltered,3,319285.98528,319327.80544,41.82016000000294,4,4.291314975193647,RankSurprise
microGPi2_L_7_CommonFiltered,3,319633.57184,319646.35136,12.779519999981858,3,4.6603621468651095,RankSurprise
microGPi2_L_7_CommonFiltered,3,320758.5792,320801.46432,42.88512000004994,4,4.184191074804033,RankSurprise
microGPi2_L_7_CommonFiltered,3,321856.02048,322757.55008,901.5296000000089,27,9.541542485212993,RankSurprise
microGPi2_L_7_CommonFiltered,3,323307.15136,323322.0608,14.909439999959432,3,4.325412462266291,RankSurprise
microGPi2_L_7_CommonFiltered,3,324919.7056,324961.93536,42.22976000001654,4,4.286126157529758,RankSurprise
microGPi2_L_7_CommonFiltered,3,325418.51648,325537.34144,118.8249599999981,7,5.5167399806728525,RankSurprise
microGPi2_L_7_CommonFiltered,3,325914.58304,325981.51168,66.92863999999827,5,4.9697605447083895,RankSurprise
microGPi2_L_7_CommonFiltered,3,326859.20256,326881.6896,22.48703999997815,4,6.266976168036194,RankSurprise
microGPi2_L_7_CommonFiltered,3,328319.71328,328335.48288,15.769599999999627,3,4.313114184119572,RankSurprise
microGPi2_L_7_CommonFiltered,3,328667.79136,328714.07616,46.2848000000231,5,6.141742758312784,RankSurprise
microGPi2_L_7_CommonFiltered,3,331783.168,331831.05024,47.88224000000628,5,5.956667281092116,RankSurprise
microGPi2_L_7_CommonFiltered,3,332520.93952,332541.58336,20.64383999997517,5,9.269561191446492,RankSurprise
microGPi2_L_7_CommonFiltered,3,340514.07872,340538.04032,23.961599999980535,3,3.527373545656845,RankSurprise
microGPi2_L_7_CommonFiltered,3,343118.27456,343135.92832,17.65376000001561,3,4.098259382964342,RankSurprise
microGPi2_L_7_CommonFiltered,3,344466.30912,344479.1296,12.820479999994859,3,4.697161744251874,RankSurprise
microGPi2_L_7_CommonFiltered,3,355740.63104,356130.07872,389.44767999998294,14,6.938578159316568,RankSurprise
microGPi2_L_7_CommonFiltered,3,356515.10272,357452.1856,937.0828800000018,27,8.945396183835145,RankSurprise
microGPi2_L_7_CommonFiltered,3,357652.43904,357821.72672,169.28767999995034,8,5.508365693635407,RankSurprise
microGPi2_L_7_CommonFiltered,3,359367.59808,359413.06368,45.4655999999959,4,4.164213194432474,RankSurprise
microGPi2_L_7_CommonFiltered,3,361512.5504,362594.7136,1082.16320000001,29,8.19964395616492,RankSurprise
microGPi2_L_7_CommonFiltered,3,364366.56128,364486.00064,119.43935999996029,8,7.110466986191987,RankSurprise
microGPi2_L_7_CommonFiltered,3,365243.47392,365855.29344,611.8195199999609,21,9.051548841290904,RankSurprise
microGPi2_L_7_CommonFiltered,3,366879.98976,368134.67648,1254.6867199999979,30,6.94051470621608,RankSurprise
microGPi2_L_7_CommonFiltered,3,370848.23552,371094.24128,246.0057600000291,10,5.628254746186405,RankSurprise
microGPi2_L_7_CommonFiltered,3,371801.16992,371988.2752,187.10527999995975,8,5.658209206767756,RankSurprise
microGPi2_L_7_CommonFiltered,3,377404.70272,377421.66016,16.957440000027418,3,4.174004798045443,RankSurprise
microGPi2_L_7_CommonFiltered,3,380787.3024,380804.17792,16.875520000001416,3,4.13998553410744,RankSurprise
microGPi2_L_7_CommonFiltered,3,384557.38368,384621.60896,64.22527999995509,5,4.820282415330201,RankSurprise
microGPi2_L_7_CommonFiltered,3,394233.93792,394261.0944,27.156480000005104,4,5.434181778380552,RankSurprise
microGPi2_L_7_CommonFiltered,3,396833.21856,396845.4656,12.247039999987464,3,4.807877133053763,RankSurprise
microGPi2_L_7_CommonFiltered,3,400055.74656,400107.7248,51.978240000025835,4,3.598776651564364,RankSurprise
microGPi2_L_7_CommonFiltered,3,402757.632,402774.99904,17.367040000041015,3,3.978062951734552,RankSurprise
microGPi2_L_7_CommonFiltered,3,407323.19744,407454.84288,131.64543999999296,7,5.063504685394333,RankSurprise
microGPi2_L_7_CommonFiltered,3,408354.97984,408739.71712,384.7372800000012,12,4.28337816759126,RankSurprise
microGPi2_L_7_CommonFiltered,3,410228.61312,410309.79584,81.18271999998251,5,3.9631072188284655,RankSurprise
microGPi2_L_7_CommonFiltered,3,410637.02528,410677.4528,40.42752000002656,4,4.542137326892966,RankSurprise
microGPi2_L_7_CommonFiltered,3,411711.56992,411762.52416,50.95423999999184,5,5.69042033041622,RankSurprise
microGPi2_L_7_CommonFiltered,3,412701.65504,412712.38656,10.731520000030287,3,5.080837030724192,RankSurprise
microGPi2_L_7_CommonFiltered,4,4163.70688,4176.73216,13.025279999999839,3,5.0537863377493295,RankSurprise
microGPi2_L_7_CommonFiltered,4,4567.57248,5634.17088,1066.5983999999999,24,9.67463934828557,RankSurprise
microGPi2_L_7_CommonFiltered,4,6381.1584,7184.13824,802.97984,22,8.401879251060983,RankSurprise
microGPi2_L_7_CommonFiltered,4,8384.38912,8471.1424,86.75328000000081,5,3.8939532774728534,RankSurprise
microGPi2_L_7_CommonFiltered,4,11157.62688,11173.39648,15.769599999999627,3,4.741832923034913,RankSurprise
microGPi2_L_7_CommonFiltered,4,43688.87808,44530.15552,841.277439999998,25,11.18104344150483,RankSurprise
microGPi2_L_7_CommonFiltered,4,65105.46944,65117.184,11.714560000000347,3,5.386967293286471,RankSurprise
microGPi2_L_7_CommonFiltered,4,76039.29088,76320.89088,281.6000000000058,9,3.8291918764936765,RankSurprise
microGPi2_L_7_CommonFiltered,4,104785.3056,105444.27008,658.9644799999951,15,3.7922322635004777,RankSurprise
microGPi2_L_7_CommonFiltered,4,106329.53856,106534.54336,205.00479999999516,8,4.303579294449174,RankSurprise
microGPi2_L_7_CommonFiltered,4,106848.13312,106871.02976,22.8966400000063,4,6.427006943855801,RankSurprise
microGPi2_L_7_CommonFiltered,4,108542.48448,109992.91904,1450.4345599999942,25,4.496082358931135,RankSurprise
microGPi2_L_7_CommonFiltered,4,112050.70848,112468.25472,417.54623999999603,12,4.043082616098494,RankSurprise
microGPi2_L_7_CommonFiltered,4,120711.53664,120726.528,14.991359999999986,3,4.905934891350059,RankSurprise
microGPi2_L_7_CommonFiltered,4,149972.33664,149987.16416,14.827519999991637,3,4.86828651239408,RankSurprise
microGPi2_L_7_CommonFiltered,4,187738.19392,187807.25248,69.05856000000495,5,4.754510051730275,RankSurprise
microGPi2_L_7_CommonFiltered,4,228308.13184,228419.29728,111.16544000001159,6,4.417169037069947,RankSurprise
microGPi2_L_7_CommonFiltered,4,232165.53984,232331.83744,166.29759999999078,9,6.383746467742918,RankSurprise
microGPi2_L_7_CommonFiltered,4,240028.75392,240298.76224,270.00832000002265,11,6.636052410373489,RankSurprise
microGPi2_L_7_CommonFiltered,4,291400.62208,291498.84416,98.22207999997772,6,4.86320836528666,RankSurprise
microGPi2_L_7_CommonFiltered,4,293183.2832,293498.22464,314.94143999996595,12,6.521433223697624,RankSurprise
microGPi2_L_7_CommonFiltered,4,297829.94944,297844.57216,14.622719999984838,4,8.418345016436769,RankSurprise
microGPi2_L_7_CommonFiltered,4,300393.2672,301183.30368,790.0364800000098,22,9.018207527450436,RankSurprise
microGPi2_L_7_CommonFiltered,4,302177.73056,302370.11968,192.3891200000071,8,4.342014151049882,RankSurprise
microGPi2_L_7_CommonFiltered,4,316927.46752,319671.17312,2743.7055999999866,64,13.888357535300727,RankSurprise
microGPi2_L_7_CommonFiltered,4,320753.00864,320838.16448,85.15583999996306,5,3.8939532774728534,RankSurprise
microGPi2_L_7_CommonFiltered,4,321367.8592,321431.67488,63.8156799999997,5,4.806279588711167,RankSurprise
microGPi2_L_7_CommonFiltered,4,322615.00928,323169.32096,554.3116799999843,22,11.865060635181983,RankSurprise
microGPi2_L_7_CommonFiltered,4,329223.86432,329811.51744,587.6531200000318,15,4.316007201543204,RankSurprise
microGPi2_L_7_CommonFiltered,4,330140.91776,330195.02592,54.10816000000341,5,5.758789351378354,RankSurprise
microGPi2_L_7_CommonFiltered,4,356357.98016,356920.5248,562.5446400000365,16,7.268839267634336,RankSurprise
microGPi2_L_7_CommonFiltered,4,357256.76544,357349.21216,92.44672000000719,6,5.184336506628355,RankSurprise
microGPi2_L_7_CommonFiltered,4,360190.85312,364621.45536,4430.6022400000365,97,20.132301994582186,RankSurprise
microGPi2_L_7_CommonFiltered,4,364961.95584,365204.31616,242.36031999997795,12,7.982568859041746,RankSurprise
microGPi2_L_7_CommonFiltered,4,365862.66624,370654.49472,4791.828480000026,128,39.86950058329148,RankSurprise
microGPi2_L_7_CommonFiltered,4,377237.0944,377325.07648,87.98207999998704,5,3.676010887596682,RankSurprise
microGPi2_L_7_CommonFiltered,4,408482.32448,409204.08064,721.7561599999899,19,7.61424270670932,RankSurprise
microGPi2_L_8_CommonFiltered,0,28428.36992,28702.96576,274.59583999999813,4,4.426166775894192,RankSurprise
microGPi2_L_8_CommonFiltered,0,31407.80032,31563.40736,155.6070400000026,3,3.660933041749095,RankSurprise
microGPi2_L_8_CommonFiltered,0,58073.33376,62652.04736,4578.7135999999955,18,6.999752861440187,RankSurprise
microGPi2_L_8_CommonFiltered,0,71414.82496,71459.06176,44.236799999998766,3,6.088681277697146,RankSurprise
microGPi2_L_8_CommonFiltered,0,101375.42656,101487.94368,112.51711999998952,3,4.151654002219411,RankSurprise
microGPi2_L_8_CommonFiltered,0,178036.85888,178291.67104,254.8121599999722,5,7.0837630738083455,RankSurprise
microGPi2_L_8_CommonFiltered,0,200436.28544,200782.848,346.5625599999912,4,3.6997386161708903,RankSurprise
microGPi2_L_8_CommonFiltered,0,271226.92096,271329.97632,103.05535999999847,3,4.401988422581818,RankSurprise
microGPi2_L_8_CommonFiltered,0,280502.14912,281953.4848,1451.3356799999601,7,4.873091880040182,RankSurprise
microGPi2_L_8_CommonFiltered,0,319896.41216,320467.72224,571.3100799999665,6,5.851325306252686,RankSurprise
microGPi2_L_8_CommonFiltered,0,332359.0656,333147.87328,788.8076800000272,7,5.866267909778377,RankSurprise
microGPi2_L_8_CommonFiltered,0,341788.95872,341970.04288,181.08416000002762,4,5.789991073954944,RankSurprise
microGPi2_L_8_CommonFiltered,0,343369.1136,344069.81632,700.7027200000011,5,4.0715909864713105,RankSurprise
microGPi2_L_8_CommonFiltered,0,356694.26176,358581.37088,1887.1091199999792,15,12.300619672673381,RankSurprise
microGPi2_L_8_CommonFiltered,0,366532.97664,366838.04672,305.07007999997586,4,4.126565011864251,RankSurprise
microGPi2_L_8_CommonFiltered,0,391656.8576,391912.20224,255.3446400000248,4,4.5952280730958766,RankSurprise
microGPi2_L_8_CommonFiltered,0,403381.53472,403449.97888,68.44416000001365,3,5.268272317526273,RankSurprise
microGPi2_L_8_CommonFiltered,0,411532.24704,412997.46816,1465.221120000002,7,3.5184232498223533,RankSurprise
microGPi2_L_8_CommonFiltered,1,62181.90848,62250.3936,68.48512000000483,4,7.318583857241823,RankSurprise
microGPi2_L_8_CommonFiltered,1,83390.79168,83600.9984,210.20672000000195,4,4.472201764728929,RankSurprise
microGPi2_L_8_CommonFiltered,1,113868.92288,115489.1776,1620.2547199999972,9,3.888336798266962,RankSurprise
microGPi2_L_8_CommonFiltered,1,143547.10528,144060.49792,513.3926400000055,6,4.999633845664519,RankSurprise
microGPi2_L_8_CommonFiltered,1,147992.86272,149149.98272,1157.1199999999953,9,5.330805444742035,RankSurprise
microGPi2_L_8_CommonFiltered,1,196380.63104,196484.13696,103.50591999999597,3,3.9666229129292407,RankSurprise
microGPi2_L_8_CommonFiltered,1,249483.91936,253046.62016,3562.7007999999914,16,4.1570028196162845,RankSurprise
microGPi2_L_8_CommonFiltered,1,271225.93792,271435.85792,209.9199999999837,4,4.56381282638073,RankSurprise
microGPi2_L_8_CommonFiltered,1,274749.80864,274822.30784,72.49920000002021,4,7.347854239541938,RankSurprise
microGPi2_L_8_CommonFiltered,1,302237.9008,302908.78464,670.8838400000241,6,4.388485118646346,RankSurprise
microGPi2_L_8_CommonFiltered,1,307807.06816,309685.6576,1878.5894399999524,15,9.975849804196574,RankSurprise
microGPi2_L_8_CommonFiltered,1,315990.58944,316245.31968,254.73024000000441,4,4.131407359198313,RankSurprise
microGPi2_L_8_CommonFiltered,1,328681.0624,329139.97824,458.9158400000306,5,3.960625110813826,RankSurprise
microGPi2_L_8_CommonFiltered,1,332507.136,333514.30144,1007.1654400000116,11,9.132164033177837,RankSurprise
microGPi2_L_8_CommonFiltered,1,349044.20352,349083.2384,39.03487999999197,3,5.7640225550335575,RankSurprise
microGPi2_L_8_CommonFiltered,1,354398.08512,354502.00064,103.91551999998046,4,6.5971428616539995,RankSurprise
microGPi2_L_8_CommonFiltered,1,356032.96256,357078.95808,1045.9955199999968,7,4.038074194054813,RankSurprise
microGPi2_L_8_CommonFiltered,1,358074.69568,358929.98144,855.2857599999988,6,3.5438103253389244,RankSurprise
microGPi2_L_8_CommonFiltered,1,384413.2864,385166.70464,753.4182400000282,6,3.8130709335923565,RankSurprise
microGPi2_L_8_CommonFiltered,1,411466.30144,412228.1984,761.8969599999837,6,3.7504618688138662,RankSurprise
microGPi2_L_8_CommonFiltered,3,1821.20448,2072.1664,250.96191999999996,4,4.035024982332921,RankSurprise
microGPi2_L_8_CommonFiltered,3,51142.16448,51558.8096,416.64512000000104,6,6.277180464741132,RankSurprise
microGPi2_L_8_CommonFiltered,3,55353.26208,55466.22976,112.96768000000156,3,3.708574733441573,RankSurprise
microGPi2_L_8_CommonFiltered,3,62815.27296,64743.26016,1927.987199999996,11,4.8169051587332286,RankSurprise
microGPi2_L_8_CommonFiltered,3,73438.78144,74061.04576,622.2643199999875,6,4.551611772822383,RankSurprise
microGPi2_L_8_CommonFiltered,3,88358.21568,88447.42656,89.21088000001328,3,4.163981096405342,RankSurprise
microGPi2_L_8_CommonFiltered,3,93114.69568,93487.3088,372.6131199999945,5,4.863229482590569,RankSurprise
microGPi2_L_8_CommonFiltered,3,114901.6064,116690.00192,1788.395519999991,10,4.275091023717973,RankSurprise
microGPi2_L_8_CommonFiltered,3,169314.304,176047.63648,6733.332479999983,25,6.095059354847949,RankSurprise
microGPi2_L_8_CommonFiltered,3,197577.728,197698.92864,121.20063999999547,3,3.5817701359398306,RankSurprise
microGPi2_L_8_CommonFiltered,3,217388.93312,218092.17536,703.2422399999923,6,4.110957301710862,RankSurprise
microGPi2_L_8_CommonFiltered,3,220129.52576,222041.78432,1912.2585600000166,12,6.8033039634121115,RankSurprise
microGPi2_L_8_CommonFiltered,3,255512.1664,256240.18944,728.02304,6,4.075961579940931,RankSurprise
microGPi2_L_8_CommonFiltered,3,307936.91136,309072.85504,1135.9436799999676,7,4.447900775151549,RankSurprise
microGPi2_L_8_CommonFiltered,3,328506.32704,329050.07104,543.744000000006,5,3.8232158874297717,RankSurprise
microGPi2_L_8_CommonFiltered,3,330204.52864,333931.88864,3727.3600000000442,20,9.13944732253692,RankSurprise
microGPi2_L_8_CommonFiltered,3,337758.57664,337851.67872,93.10208000004059,3,4.092223077320066,RankSurprise
microGPi2_L_8_CommonFiltered,3,343907.49184,344087.42912,179.93728000001283,4,4.904890737341876,RankSurprise
microGPi2_L_8_CommonFiltered,3,355502.57152,357001.99424,1499.4227200000314,10,5.301858041762664,RankSurprise
microGPi2_L_8_CommonFiltered,3,359728.37376,359917.89568,189.52192000002833,6,9.603935466541554,RankSurprise
microGPi2_L_8_CommonFiltered,3,366640.25088,368237.89568,1597.6448000000091,9,4.432341042532743,RankSurprise
microGPi2_L_8_CommonFiltered,3,390285.39392,390554.58304,269.18911999999546,4,3.9150080888814998,RankSurprise
microGPi2_L_8_CommonFiltered,3,405092.39296,406460.78464,1368.3916800000006,8,4.178747852255125,RankSurprise
microGPi2_L_8_CommonFiltered,4,11972.44416,12693.42208,720.9779200000012,6,4.850672920746241,RankSurprise
microGPi2_L_8_CommonFiltered,4,26726.97344,27378.52416,651.5507199999993,6,5.678253920031452,RankSurprise
microGPi2_L_8_CommonFiltered,4,52259.06176,52415.61088,156.5491200000033,3,3.5166045196387383,RankSurprise
microGPi2_L_8_CommonFiltered,4,129766.48192,130063.44192,296.95999999999185,4,4.5125479467064284,RankSurprise
microGPi2_L_8_CommonFiltered,4,175172.97664,175257.76384,84.78719999999157,3,4.4930226494854875,RankSurprise
microGPi2_L_8_CommonFiltered,4,215709.4912,221889.29024,6179.799040000013,20,6.034740498536049,RankSurprise
microGPi2_L_8_CommonFiltered,4,249745.44896,249936.65024,191.2012799999793,4,5.562681076699818,RankSurprise
microGPi2_L_8_CommonFiltered,4,307831.15264,308533.94432,702.7916800000239,8,8.224250045294195,RankSurprise
microGPi2_L_8_CommonFiltered,4,310439.69024,310505.34912,65.65888000000268,3,4.730350835791654,RankSurprise
microGPi2_L_8_CommonFiltered,4,324290.06848,324370.51392,80.44543999998132,3,4.306211966386245,RankSurprise
microGPi2_L_8_CommonFiltered,4,331555.75808,332580.6592,1024.901119999995,11,10.514023798895758,RankSurprise
microGPi2_L_8_CommonFiltered,4,343153.13152,343783.91552,630.7839999999851,8,8.510593325425177,RankSurprise
microGPi2_L_8_CommonFiltered,4,358275.64544,359894.30272,1618.657279999985,10,6.535175389238711,RankSurprise
microGPi2_L_8_CommonFiltered,4,403884.032,409558.91712,5674.885119999992,17,4.683228361712655,RankSurprise
microGPi2_L_9_CommonFiltered,0,3756.27776,5394.71872,1638.44096,7,3.699997773071197,RankSurprise
microGPi2_L_9_CommonFiltered,0,18498.92864,19457.39264,958.4639999999999,6,3.6752365857940585,RankSurprise
microGPi2_L_9_CommonFiltered,0,69561.5488,69601.36192,39.81311999999161,3,5.2324584936100536,RankSurprise
microGPi2_L_9_CommonFiltered,0,144741.49888,145304.73984,563.2409599999955,5,3.7324602522249357,RankSurprise
microGPi2_L_9_CommonFiltered,0,149955.09248,150072.19712,117.10464000000502,4,5.698980801847002,RankSurprise
microGPi2_L_9_CommonFiltered,0,218191.95392,218206.16704,14.213120000000345,3,7.541558267625295,RankSurprise
microGPi2_L_9_CommonFiltered,0,218942.99648,219437.42464,494.4281600000104,5,3.8102169338313274,RankSurprise
microGPi2_L_9_CommonFiltered,0,220793.856,221719.67488,925.8188800000062,8,6.234409521900723,RankSurprise
microGPi2_L_9_CommonFiltered,0,239112.92928,239298.23232,185.30303999999887,4,4.695417800730237,RankSurprise
microGPi2_L_9_CommonFiltered,0,271712.8704,272065.86368,352.99327999999514,5,4.896052428457182,RankSurprise
microGPi2_L_9_CommonFiltered,0,278942.67904,279277.52704,334.84799999999814,4,3.6401228744902028,RankSurprise
microGPi2_L_9_CommonFiltered,0,280540.48768,280605.77792,65.29024000000209,3,4.616921915755034,RankSurprise
microGPi2_L_9_CommonFiltered,0,308184.8832,309980.03712,1795.1539200000116,14,9.088830930066678,RankSurprise
microGPi2_L_9_CommonFiltered,0,330369.10592,332711.85408,2342.7481600000174,14,8.331537411944947,RankSurprise
microGPi2_L_9_CommonFiltered,0,343430.3488,343539.34336,108.99456000002101,3,3.6165480666703367,RankSurprise
microGPi2_L_9_CommonFiltered,0,355768.15616,356461.32224,693.1660799999954,7,5.654420371951645,RankSurprise
microGPi2_L_9_CommonFiltered,0,405937.60256,407569.73568,1632.133119999955,10,5.494591937501863,RankSurprise
microGPi2_L_9_CommonFiltered,0,409485.43488,412203.74528,2718.3103999999585,13,5.339170749783312,RankSurprise
microGPi2_L_9_CommonFiltered,1,13846.07744,14002.74944,156.67200000000048,4,3.638529058080998,RankSurprise
microGPi2_L_9_CommonFiltered,1,37310.83264,37664.72704,353.8943999999974,6,4.8961958689687535,RankSurprise
microGPi2_L_9_CommonFiltered,1,43244.99456,43848.0896,603.0950400000002,6,3.5193591829657107,RankSurprise
microGPi2_L_9_CommonFiltered,1,49538.12992,49560.45312,22.323199999998906,3,5.548072137637297,RankSurprise
microGPi2_L_9_CommonFiltered,1,52118.9376,52170.9568,52.019200000002456,3,3.813252836940597,RankSurprise
microGPi2_L_9_CommonFiltered,1,62139.392,62182.85056,43.458559999999125,3,4.218390666368046,RankSurprise
microGPi2_L_9_CommonFiltered,1,88754.21696,88893.07136,138.85439999999653,4,4.082795161557094,RankSurprise
microGPi2_L_9_CommonFiltered,1,104088.82176,104123.26912,34.44735999999102,3,4.634878342273675,RankSurprise
microGPi2_L_9_CommonFiltered,1,115244.35968,116637.85984,1393.5001600000105,15,7.193934499196093,RankSurprise
microGPi2_L_9_CommonFiltered,1,154730.74176,155191.66464,460.92287999999826,8,5.509847152656765,RankSurprise
microGPi2_L_9_CommonFiltered,1,177995.48928,178164.20352,168.71424000000115,4,3.653491710185019,RankSurprise
microGPi2_L_9_CommonFiltered,1,220782.26432,220831.78496,49.52064000000246,4,6.6362660432016725,RankSurprise
microGPi2_L_9_CommonFiltered,1,221816.09472,221841.94048,25.845759999996517,3,5.178351348865263,RankSurprise
microGPi2_L_9_CommonFiltered,1,249352.11008,249416.66304,64.5529600000009,3,3.557414499260508,RankSurprise
microGPi2_L_9_CommonFiltered,1,262210.56,262589.35808,378.79807999997865,7,5.448409330448888,RankSurprise
microGPi2_L_9_CommonFiltered,1,269005.25056,269189.16096,183.9103999999934,6,7.155473581131879,RankSurprise
microGPi2_L_9_CommonFiltered,1,271026.95424,271226.55232,199.59808000002522,5,4.457476843110907,RankSurprise
microGPi2_L_9_CommonFiltered,1,303884.4928,303998.40256,113.90976000000956,5,6.433900021588741,RankSurprise
microGPi2_L_9_CommonFiltered,1,311391.8464,311555.60448,163.7580799999996,4,3.550287245340023,RankSurprise
microGPi2_L_9_CommonFiltered,1,315960.23808,316001.03424,40.79616000002716,3,4.347816809711492,RankSurprise
microGPi2_L_9_CommonFiltered,1,319343.16544,319961.37472,618.20928000001,8,4.021318565596895,RankSurprise
microGPi2_L_9_CommonFiltered,1,323685.376,323947.9296,262.5535999999847,5,3.58320343057418,RankSurprise
microGPi2_L_9_CommonFiltered,1,327731.73248,327784.28416,52.55167999997502,3,3.900413012382998,RankSurprise
microGPi2_L_9_CommonFiltered,1,328597.17632,328834.00704,236.830719999969,7,7.548684593675262,RankSurprise
microGPi2_L_9_CommonFiltered,1,332221.72672,334705.33632,2483.6096000000252,26,10.275469546056966,RankSurprise
microGPi2_L_9_CommonFiltered,1,336027.36128,336383.54944,356.1881599999615,6,3.9636701774711347,RankSurprise
microGPi2_L_9_CommonFiltered,1,352015.89248,352153.35424,137.4617600000347,4,3.914526369162857,RankSurprise
microGPi2_L_9_CommonFiltered,1,356032.79872,357196.02176,1163.2230399999535,18,11.071325362899765,RankSurprise
microGPi2_L_9_CommonFiltered,1,358020.9152,358809.8048,788.889599999995,12,8.016687992706078,RankSurprise
microGPi2_L_9_CommonFiltered,1,359749.91872,359831.7568,81.8380799999577,4,5.236395138509334,RankSurprise
microGPi2_L_9_CommonFiltered,1,364910.26432,364961.21856,50.95423999999184,3,3.8563581539650222,RankSurprise
microGPi2_L_9_CommonFiltered,1,373007.36,373223.50592,216.14592000003904,5,4.562483078180495,RankSurprise
microGPi2_L_9_CommonFiltered,1,392117.6576,392201.25696,83.59936000005109,5,7.588682835553591,RankSurprise
microGPi2_L_9_CommonFiltered,1,405095.26016,412809.29792,7714.037759999977,79,29.519279214729405,RankSurprise
microGPi2_L_9_CommonFiltered,3,19241.20576,20650.5984,1409.3926399999982,6,3.9746783224179203,RankSurprise
microGPi2_L_9_CommonFiltered,3,28554.07616,28584.5504,30.474239999999554,3,6.289121702581841,RankSurprise
microGPi2_L_9_CommonFiltered,3,37809.43872,37952.18432,142.745600000002,4,6.488807071954888,RankSurprise
microGPi2_L_9_CommonFiltered,3,71678.3616,72543.0272,864.665599999993,6,4.875355407867165,RankSurprise
microGPi2_L_9_CommonFiltered,3,258621.35808,258853.23264,231.87455999999656,4,4.977745694187917,RankSurprise
microGPi2_L_9_CommonFiltered,3,272564.26496,272930.36544,366.1004800000228,4,4.391454603708523,RankSurprise
microGPi2_L_9_CommonFiltered,3,318045.02016,318232.41216,187.39199999999255,3,3.631663287595691,RankSurprise
microGPi2_L_9_CommonFiltered,3,330534.99392,333153.93536,2618.941440000024,11,6.027753886133726,RankSurprise
microGPi2_L_9_CommonFiltered,3,342250.78272,343956.93056,1706.1478399999905,7,3.569456219944563,RankSurprise
microGPi2_L_9_CommonFiltered,3,355835.04384,360170.61888,4335.575040000025,16,8.15609339600837,RankSurprise
microGPi2_L_9_CommonFiltered,3,375175.49568,377090.90816,1915.412479999999,7,3.543507873709515,RankSurprise
microGPi2_L_9_CommonFiltered,3,393640.42752,393687.6544,47.22687999997288,3,5.547184357852464,RankSurprise
microGPi2_L_9_CommonFiltered,3,406580.34688,406952.5504,372.2035199999809,6,8.404885891376686,RankSurprise
microGPi2_L_9_CommonFiltered,3,411827.36384,412370.944,543.5801600000123,8,10.982372511064497,RankSurprise
microGPi2_L_10_CommonFiltered,0,10889.95328,10971.21792,81.26463999999942,5,5.374846761157425,RankSurprise
microGPi2_L_10_CommonFiltered,0,14405.18144,14437.7856,32.604159999998956,3,3.528278954839619,RankSurprise
microGPi2_L_10_CommonFiltered,0,14768.82432,14836.61312,67.78880000000026,4,3.994481576693822,RankSurprise
microGPi2_L_10_CommonFiltered,0,19078.84032,19207.12704,128.28672000000006,7,7.358658276329031,RankSurprise
microGPi2_L_10_CommonFiltered,0,22024.06912,22062.81728,38.74815999999919,4,5.547386330326489,RankSurprise
microGPi2_L_10_CommonFiltered,0,24132.52608,24165.33504,32.808960000002116,3,3.667399554844458,RankSurprise
microGPi2_L_10_CommonFiltered,0,28143.57504,28306.59584,163.02080000000205,6,4.0962039421733145,RankSurprise
microGPi2_L_10_CommonFiltered,0,34675.58912,34696.56064,20.97152000000642,3,4.403140659730875,RankSurprise
microGPi2_L_10_CommonFiltered,0,35049.30816,35064.54528,15.237119999997958,3,5.008371076186377,RankSurprise
microGPi2_L_10_CommonFiltered,0,46641.88928,46660.4032,18.513919999997597,3,4.64415431093151,RankSurprise
microGPi2_L_10_CommonFiltered,0,46914.7648,46960.80384,46.0390400000033,5,7.4483418640901,RankSurprise
microGPi2_L_10_CommonFiltered,0,48408.28928,48430.16192,21.87264000000141,3,4.321572287916004,RankSurprise
microGPi2_L_10_CommonFiltered,0,53929.7792,54741.11488,811.3356800000038,18,6.177689185765189,RankSurprise
microGPi2_L_10_CommonFiltered,0,66317.35296,66343.56736,26.214399999997113,3,3.9693805678667378,RankSurprise
microGPi2_L_10_CommonFiltered,0,66530.304,66536.8576,6.553599999999278,3,6.92864377525372,RankSurprise
microGPi2_L_10_CommonFiltered,0,68192.6656,68319.72352,127.05792000000656,6,5.414294895161333,RankSurprise
microGPi2_L_10_CommonFiltered,0,72103.69024,72162.79552,59.105280000003404,4,4.385309460906328,RankSurprise
microGPi2_L_10_CommonFiltered,0,73042.90304,73161.60512,118.7020799999882,5,3.8853759179545655,RankSurprise
microGPi2_L_10_CommonFiltered,0,73161.60512,73165.74208,4.136960000003455,3,8.046226822551612,RankSurprise
microGPi2_L_10_CommonFiltered,0,74642.55488,74669.2608,26.70592000000761,3,4.015607614684805,RankSurprise
microGPi2_L_10_CommonFiltered,0,83870.47424,83889.47968,19.005440000008093,3,4.614492717029373,RankSurprise
microGPi2_L_10_CommonFiltered,0,85071.872,86551.18336,1479.3113599999924,27,5.769974425729697,RankSurprise
microGPi2_L_10_CommonFiltered,0,87997.8496,88112.70144,114.851840000003,5,3.9855421409910505,RankSurprise
microGPi2_L_10_CommonFiltered,0,89993.4208,90187.85792,194.43711999998777,8,6.275374803091476,RankSurprise
microGPi2_L_10_CommonFiltered,0,97505.40288,97533.99296,28.59008000000904,3,3.865499595910096,RankSurprise
microGPi2_L_10_CommonFiltered,0,97657.81504,97670.63552,12.820479999994859,3,5.422272218637978,RankSurprise
microGPi2_L_10_CommonFiltered,0,98346.3936,98358.55872,12.165120000005118,4,9.198913554483163,RankSurprise
microGPi2_L_10_CommonFiltered,0,104050.11456,104335.52384,285.4092799999926,9,5.447406736495639,RankSurprise
microGPi2_L_10_CommonFiltered,0,108196.2496,108226.84672,30.597120000005816,3,3.7339836297467617,RankSurprise
microGPi2_L_10_CommonFiltered,0,111672.5248,111675.06432,2.539520000005723,3,9.748788524195101,RankSurprise
microGPi2_L_10_CommonFiltered,0,113159.33184,113305.6,146.2681600000069,8,8.161759076894608,RankSurprise
microGPi2_L_10_CommonFiltered,0,114904.59648,114925.60896,21.01248000000487,4,7.388136025062682,RankSurprise
microGPi2_L_10_CommonFiltered,0,119685.16096,120099.30752,414.1465600000083,9,3.620171402695547,RankSurprise
microGPi2_L_10_CommonFiltered,0,121140.55168,121174.13888,33.58719999999448,3,3.5827715106608373,RankSurprise
microGPi2_L_10_CommonFiltered,0,121998.62272,122032.57856,33.95583999999508,3,3.5233979255847085,RankSurprise
microGPi2_L_10_CommonFiltered,0,122684.37504,122717.02016,32.64512000000104,3,3.651743890942063,RankSurprise
microGPi2_L_10_CommonFiltered,0,123470.2336,123500.50304,30.269439999989117,3,3.7639978495652304,RankSurprise
microGPi2_L_10_CommonFiltered,0,129945.68192,129966.61248,20.93055999999342,3,4.410723614016364,RankSurprise
microGPi2_L_10_CommonFiltered,0,131310.42816,131340.98432,30.556159999978263,3,3.747570644794269,RankSurprise
microGPi2_L_10_CommonFiltered,0,136176.35328,136364.89216,188.53887999997823,6,3.9291977944891414,RankSurprise
microGPi2_L_10_CommonFiltered,0,143861.59616,144006.144,144.54784000001382,6,4.974486262935642,RankSurprise
microGPi2_L_10_CommonFiltered,0,145348.85376,145427.98848,79.13472000000183,4,3.541827743119466,RankSurprise
microGPi2_L_10_CommonFiltered,0,147738.50112,147927.61344,189.11231999998563,6,3.6999252757852665,RankSurprise
microGPi2_L_10_CommonFiltered,0,149320.4992,149370.6752,50.17600000000675,4,4.817694987889027,RankSurprise
microGPi2_L_10_CommonFiltered,0,150224.93696,150293.2992,68.36224000001675,5,5.918798930237795,RankSurprise
microGPi2_L_10_CommonFiltered,0,154743.808,154757.9392,14.131200000003446,3,5.235950973318534,RankSurprise
microGPi2_L_10_CommonFiltered,0,156334.08,156400.06656,65.98656000001938,5,6.153449135584129,RankSurprise
microGPi2_L_10_CommonFiltered,0,157347.75808,157722.58304,374.8249599999981,10,4.745510179474506,RankSurprise
microGPi2_L_10_CommonFiltered,0,163149.53728,163225.72288,76.18559999999707,4,3.629024425587236,RankSurprise
microGPi2_L_10_CommonFiltered,0,169879.87968,169968.55808,88.67839999997523,6,7.044247663942784,RankSurprise
microGPi2_L_10_CommonFiltered,0,170700.34944,171400.11008,699.7606400000222,17,7.099246134570162,RankSurprise
microGPi2_L_10_CommonFiltered,0,172540.80512,173335.06048,794.255359999981,17,5.461989911165189,RankSurprise
microGPi2_L_10_CommonFiltered,0,175259.68896,175349.02272,89.33376000000862,5,5.241736377379116,RankSurprise
microGPi2_L_10_CommonFiltered,0,176250.55232,176418.89792,168.34560000000056,6,3.949132694099781,RankSurprise
microGPi2_L_10_CommonFiltered,0,185431.57248,185451.88864,20.316159999987576,3,4.47244505937336,RankSurprise
microGPi2_L_10_CommonFiltered,0,187012.25984,187032.33024,20.07039999999688,3,4.528059422473879,RankSurprise
microGPi2_L_10_CommonFiltered,0,192119.48032,192324.52608,205.04576000000816,9,7.699275817939414,RankSurprise
microGPi2_L_10_CommonFiltered,0,209679.72864,209730.68288,50.954240000020945,5,7.092698166465276,RankSurprise
microGPi2_L_10_CommonFiltered,0,214040.3712,214080.26624,39.895040000003064,4,5.45563599662626,RankSurprise
microGPi2_L_10_CommonFiltered,0,214365.42976,214553.6,188.17024000000674,6,3.812540970869433,RankSurprise
microGPi2_L_10_CommonFiltered,0,217158.73792,217194.86464,36.126720000000205,5,8.444264159568707,RankSurprise
microGPi2_L_10_CommonFiltered,0,218328.71936,219207.96672,879.2473600000085,20,6.924676507427442,RankSurprise
microGPi2_L_10_CommonFiltered,0,219912.68352,219934.63808,21.95456000001286,3,4.354540095009307,RankSurprise
microGPi2_L_10_CommonFiltered,0,220543.71328,220573.4912,29.777919999993173,3,3.7421247573537233,RankSurprise
microGPi2_L_10_CommonFiltered,0,224185.50784,224322.7648,137.2569599999988,5,3.5067696620081144,RankSurprise
microGPi2_L_10_CommonFiltered,0,232225.71008,232231.3216,5.611520000005839,3,7.46209479853769,RankSurprise
microGPi2_L_10_CommonFiltered,0,239505.77664,239525.31456,19.537920000002487,3,4.572867860457459,RankSurprise
microGPi2_L_10_CommonFiltered,0,239924.26496,239941.50912,17.24416000000201,3,4.822645260785622,RankSurprise
microGPi2_L_10_CommonFiltered,0,242070.3232,242399.232,328.9087999999756,10,5.773792495797925,RankSurprise
microGPi2_L_10_CommonFiltered,0,243244.76928,243270.90176,26.132480000000214,3,4.075738763768802,RankSurprise
microGPi2_L_10_CommonFiltered,0,244194.7136,244228.34176,33.628160000022035,3,3.5777558320793528,RankSurprise
microGPi2_L_10_CommonFiltered,0,245115.98592,245140.2752,24.289279999997234,3,4.2120041707120865,RankSurprise
microGPi2_L_10_CommonFiltered,0,246716.416,246880.50176,164.0857600000163,6,4.079496232559338,RankSurprise
microGPi2_L_10_CommonFiltered,0,247264.58368,247327.3344,62.75071999998181,4,4.181565133767904,RankSurprise
microGPi2_L_10_CommonFiltered,0,248016.56832,248026.43968,9.871360000019195,3,6.002894560488828,RankSurprise
microGPi2_L_10_CommonFiltered,0,256711.31136,256872.52992,161.21856000000844,7,5.9324597935175865,RankSurprise
microGPi2_L_10_CommonFiltered,0,259650.60096,259707.16672,56.56575999999768,4,4.440630195958253,RankSurprise
microGPi2_L_10_CommonFiltered,0,262156.0832,262319.63648,163.5532799999928,6,4.578766758545261,RankSurprise
microGPi2_L_10_CommonFiltered,0,265832.73472,266130.6368,297.90207999997074,8,3.9193766003267307,RankSurprise
microGPi2_L_10_CommonFiltered,0,269240.03328,269435.12576,195.09248000005027,8,6.790581909764139,RankSurprise
microGPi2_L_10_CommonFiltered,0,271055.4624,271948.63616,893.173759999976,25,11.77727108490337,RankSurprise
microGPi2_L_10_CommonFiltered,0,272966.20544,273040.42496,74.21951999998419,4,3.6702678659951466,RankSurprise
microGPi2_L_10_CommonFiltered,0,277972.62336,278093.37344,120.75007999996888,5,3.9797502838268137,RankSurprise
microGPi2_L_10_CommonFiltered,0,278675.49696,278942.47424,266.9772799999919,8,4.330351500968029,RankSurprise
microGPi2_L_10_CommonFiltered,0,285200.67072,285212.34432,11.67359999998007,3,5.655871406714084,RankSurprise
microGPi2_L_10_CommonFiltered,0,288707.7888,288724.992,17.203200000047218,4,8.010614790905542,RankSurprise
microGPi2_L_10_CommonFiltered,0,293064.0896,293207.32672,143.23712000000523,6,4.7800968226011875,RankSurprise
microGPi2_L_10_CommonFiltered,0,307997.20448,308051.51744,54.31296000001021,4,4.556660751689016,RankSurprise
microGPi2_L_10_CommonFiltered,0,308278.14912,308452.59776,174.4486399999587,8,7.128428314630987,RankSurprise
microGPi2_L_10_CommonFiltered,0,310003.0976,310084.52608,81.42848000000231,4,3.5070172195084908,RankSurprise
microGPi2_L_10_CommonFiltered,0,311942.67648,311957.17632,14.499840000004042,3,5.1905588626637655,RankSurprise
microGPi2_L_10_CommonFiltered,0,316223.97952,316239.91296,15.933439999993425,4,8.330621788417368,RankSurprise
microGPi2_L_10_CommonFiltered,0,317451.38688,317483.6224,32.235519999987446,3,3.623356305772111,RankSurprise
microGPi2_L_10_CommonFiltered,0,324504.576,324587.19232,82.61631999997189,6,7.420691839275008,RankSurprise
microGPi2_L_10_CommonFiltered,0,332263.54688,332627.7632,364.2163200000068,12,7.928718617383467,RankSurprise
microGPi2_L_10_CommonFiltered,0,343498.62912,343542.9888,44.359679999994114,4,5.2127286583156796,RankSurprise
microGPi2_L_10_CommonFiltered,0,348242.90304,348494.56128,251.65824000001885,8,4.7496859521436745,RankSurprise
microGPi2_L_10_CommonFiltered,0,353073.19296,353217.08544,143.89247999998042,8,8.345140916147635,RankSurprise
microGPi2_L_10_CommonFiltered,0,356756.15232,357135.1552,379.00287999998545,10,5.092064299180543,RankSurprise
microGPi2_L_10_CommonFiltered,0,358485.89312,358633.34912,147.4560000000056,10,12.380243695197946,RankSurprise
microGPi2_L_10_CommonFiltered,0,359874.72384,360207.27808,332.55424000002677,9,4.456063419629727,RankSurprise
microGPi2_L_10_CommonFiltered,0,365686.82496,365762.27328,75.44832000002498,4,3.607799843070296,RankSurprise
microGPi2_L_10_CommonFiltered,0,375471.43168,375488.1024,16.670719999994617,3,4.874657720971877,RankSurprise
microGPi2_L_10_CommonFiltered,0,376453.48864,377063.26016,609.7715200000093,14,4.958968272982222,RankSurprise
microGPi2_L_10_CommonFiltered,0,383232.98304,383583.72352,350.74047999997856,14,11.336832982014409,RankSurprise
microGPi2_L_10_CommonFiltered,0,386016.99328,386136.30976,119.31647999997949,5,3.872677492616525,RankSurprise
microGPi2_L_10_CommonFiltered,0,391079.36256,392243.6096,1164.2470400000457,23,6.378144961655861,RankSurprise
microGPi2_L_10_CommonFiltered,0,393313.97632,394042.65472,728.6783999999752,15,4.213491051774722,RankSurprise
microGPi2_L_10_CommonFiltered,0,395381.5552,395394.53952,12.984319999988656,3,5.403463256371648,RankSurprise
microGPi2_L_10_CommonFiltered,0,400084.992,400210.5344,125.54239999997662,5,3.791796216741684,RankSurprise
microGPi2_L_10_CommonFiltered,0,401920.73728,401975.0912,54.35392000002321,5,6.8423301256525555,RankSurprise
microGPi2_L_10_CommonFiltered,0,406055.48544,406155.50976,100.0243199999677,5,4.655998620899879,RankSurprise
microGPi2_L_10_CommonFiltered,0,406516.20352,406650.14272,133.93920000002254,6,5.078511149807021,RankSurprise
microGPi2_L_10_CommonFiltered,0,406812.0576,406888.28416,76.22655999998096,6,7.760288692451425,RankSurprise
microGPi2_L_10_CommonFiltered,0,410313.9328,410367.87712,53.94432000000961,4,4.590331151365863,RankSurprise
microGPi2_L_10_CommonFiltered,0,410879.22176,411064.64768,185.42592000000877,7,5.020839720410119,RankSurprise
microGPi2_L_10_CommonFiltered,0,411364.84352,411605.89312,241.04960000002757,7,3.572629557288522,RankSurprise
microGPi2_L_10_CommonFiltered,0,411730.00192,412540.39552,810.3936000000103,27,17.512225846480774,RankSurprise
microGPi2_L_10_CommonFiltered,1,2948.83328,3279.4624,330.62912000000006,7,5.3477871817654545,RankSurprise
microGPi2_L_10_CommonFiltered,1,8726.15936,8769.08544,42.92608000000109,3,5.186057392476901,RankSurprise
microGPi2_L_10_CommonFiltered,1,15362.17088,15457.85344,95.6825600000011,4,5.629173570697915,RankSurprise
microGPi2_L_10_CommonFiltered,1,33954.32448,34385.18272,430.8582399999941,7,3.6792667366475666,RankSurprise
microGPi2_L_10_CommonFiltered,1,43286.81472,44892.11904,1605.3043199999956,22,8.552761847216194,RankSurprise
microGPi2_L_10_CommonFiltered,1,45487.47264,45547.39712,59.924480000001495,3,3.999573270724369,RankSurprise
microGPi2_L_10_CommonFiltered,1,45869.38368,45902.31552,32.931839999997464,3,5.786941953534935,RankSurprise
microGPi2_L_10_CommonFiltered,1,46425.4976,46471.33184,45.8342399999965,3,4.856772080467977,RankSurprise
microGPi2_L_10_CommonFiltered,1,76379.58656,77638.00064,1258.4140800000023,20,10.332657096480533,RankSurprise
microGPi2_L_10_CommonFiltered,1,80247.31648,80296.30464,48.988160000008065,3,4.309111660787474,RankSurprise
microGPi2_L_10_CommonFiltered,1,98061.18912,98157.24032,96.0512000000017,4,5.639395065439256,RankSurprise
microGPi2_L_10_CommonFiltered,1,103243.9808,104216.3712,972.3903999999893,15,7.504677921293891,RankSurprise
microGPi2_L_10_CommonFiltered,1,105772.07296,106040.81152,268.73855999999796,6,4.975557548851562,RankSurprise
microGPi2_L_10_CommonFiltered,1,109889.3312,110557.51168,668.1804799999954,13,8.889586913939947,RankSurprise
microGPi2_L_10_CommonFiltered,1,111276.6464,111419.92448,143.27808000000368,4,3.8641113769504614,RankSurprise
microGPi2_L_10_CommonFiltered,1,129687.01952,129713.93024,26.910719999999856,3,6.472016656528638,RankSurprise
microGPi2_L_10_CommonFiltered,1,139061.53472,139110.1952,48.66047999999137,3,4.774976011737415,RankSurprise
microGPi2_L_10_CommonFiltered,1,143832.8832,144155.11552,322.232319999981,6,3.751632376295544,RankSurprise
microGPi2_L_10_CommonFiltered,1,147746.77504,148037.8368,291.0617599999823,8,8.645453962549098,RankSurprise
microGPi2_L_10_CommonFiltered,1,148490.97728,148978.2784,487.3011200000183,8,4.059861092449092,RankSurprise
microGPi2_L_10_CommonFiltered,1,149734.76864,149846.8352,112.06656000000658,4,4.573467113651191,RankSurprise
microGPi2_L_10_CommonFiltered,1,161432.08448,161743.13472,311.0502400000114,6,3.9750415353514548,RankSurprise
microGPi2_L_10_CommonFiltered,1,182142.5664,182208.88064,66.31423999997787,4,6.938844689146663,RankSurprise
microGPi2_L_10_CommonFiltered,1,205294.592,205622.64064,328.0486399999936,7,5.59307685848257,RankSurprise
microGPi2_L_10_CommonFiltered,1,207625.91232,208275.0464,649.1340799999889,11,5.69148494343181,RankSurprise
microGPi2_L_10_CommonFiltered,1,232202.60864,232940.66688,738.058240000013,12,6.155888423272351,RankSurprise
microGPi2_L_10_CommonFiltered,1,233695.232,234770.80064,1075.5686400000122,17,8.299156876763467,RankSurprise
microGPi2_L_10_CommonFiltered,1,241674.11712,242235.47392,561.3567999999796,10,6.130343071841579,RankSurprise
microGPi2_L_10_CommonFiltered,1,244191.92832,244324.39296,132.46463999999105,4,4.183657521085266,RankSurprise
microGPi2_L_10_CommonFiltered,1,274221.09696,274261.97504,40.87807999999495,3,5.315433433109778,RankSurprise
microGPi2_L_10_CommonFiltered,1,293466.84928,293703.18848,236.3391999999876,6,5.52287748055798,RankSurprise
microGPi2_L_10_CommonFiltered,1,294239.39584,294269.7472,30.351359999971464,3,5.9637148581308566,RankSurprise
microGPi2_L_10_CommonFiltered,1,295176.35584,295280.10752,103.75168000004487,4,4.984332207728443,RankSurprise
microGPi2_L_10_CommonFiltered,1,296312.79104,296361.94304,49.15200000000186,3,4.7388738308014435,RankSurprise
microGPi2_L_10_CommonFiltered,1,298451.31264,299082.3424,631.0297600000049,11,6.641407181231509,RankSurprise
microGPi2_L_10_CommonFiltered,1,299919.85152,300214.0672,294.2156799999648,9,10.856521527097215,RankSurprise
microGPi2_L_10_CommonFiltered,1,300681.58464,301242.90048,561.3158399999957,9,4.63973242534416,RankSurprise
microGPi2_L_10_CommonFiltered,1,301973.05344,302159.33952,186.28607999999076,5,4.8894090542233215,RankSurprise
microGPi2_L_10_CommonFiltered,1,302159.33952,302170.23488,10.895360000024084,3,9.23638200414343,RankSurprise
microGPi2_L_10_CommonFiltered,1,302778.368,303117.06624,338.6982399999979,6,3.6757277031823867,RankSurprise
microGPi2_L_10_CommonFiltered,1,303492.66944,303988.69504,496.0255999999936,10,7.259850525744479,RankSurprise
microGPi2_L_10_CommonFiltered,1,320728.63744,321431.87968,703.2422399999923,11,5.567356192119521,RankSurprise
microGPi2_L_10_CommonFiltered,1,323360.11264,323572.81792,212.70527999999467,5,3.98610467219266,RankSurprise
microGPi2_L_10_CommonFiltered,1,327061.99552,327443.33312,381.33760000002803,7,4.315441644196247,RankSurprise
microGPi2_L_10_CommonFiltered,1,329155.54304,330535.3216,1379.778560000006,17,5.134702724361087,RankSurprise
microGPi2_L_10_CommonFiltered,1,331665.89952,331847.10656,181.20704000000842,6,7.120975986752079,RankSurprise
microGPi2_L_10_CommonFiltered,1,332124.5696,332361.5232,236.953600000008,5,3.789454826080366,RankSurprise
microGPi2_L_10_CommonFiltered,1,340345.77408,340408.60672,62.83263999997871,3,4.15904099873371,RankSurprise
microGPi2_L_10_CommonFiltered,1,341850.03008,342161.16224,311.1321599999792,6,3.784276416888786,RankSurprise
microGPi2_L_10_CommonFiltered,1,346406.912,347133.3376,726.4256000000169,11,5.679324910777058,RankSurprise
microGPi2_L_10_CommonFiltered,1,354604.35968,354714.74688,110.38719999999739,4,4.839725729342575,RankSurprise
microGPi2_L_10_CommonFiltered,1,360918.13888,362637.84448,1719.7056000000448,24,8.503857507582309,RankSurprise
microGPi2_L_10_CommonFiltered,1,365527.69536,365576.35584,48.66047999996226,3,4.528510006133633,RankSurprise
microGPi2_L_10_CommonFiltered,1,366710.33344,366769.60256,59.26912000001175,3,4.309111660787474,RankSurprise
microGPi2_L_10_CommonFiltered,1,367088.0256,367149.34272,61.31712000002153,4,7.362082741473262,RankSurprise
microGPi2_L_10_CommonFiltered,1,370265.78432,370321.57184,55.78752000001259,3,4.349929490801401,RankSurprise
microGPi2_L_10_CommonFiltered,1,371448.54528,371524.64896,76.10368000000017,4,6.326799224694323,RankSurprise
microGPi2_L_10_CommonFiltered,1,376244.71552,377048.14592,803.4303999999538,14,8.229124108090623,RankSurprise
microGPi2_L_10_CommonFiltered,1,377366.40512,377820.24192,453.83679999999003,9,6.625755368988104,RankSurprise
microGPi2_L_10_CommonFiltered,1,385847.82848,385968.25088,120.42239999998128,4,4.513074253966657,RankSurprise
microGPi2_L_10_CommonFiltered,1,391954.67776,392073.66656,118.9887999999919,4,4.616841405155,RankSurprise
microGPi2_L_10_CommonFiltered,1,396589.2608,396658.03264,68.77184000000125,3,3.593741526498441,RankSurprise
microGPi2_L_10_CommonFiltered,1,399858.64704,400586.26048,727.6134399999864,12,6.437289337593244,RankSurprise
microGPi2_L_10_CommonFiltered,1,401870.52032,402116.4032,245.8828799999901,6,5.3372224701201745,RankSurprise
microGPi2_L_10_CommonFiltered,1,404080.51712,404340.9408,260.42368000000715,6,4.726344379587136,RankSurprise
microGPi2_L_10_CommonFiltered,1,408354.69312,409381.4784,1026.785280000011,18,10.950627107424886,RankSurprise
microGPi2_L_10_CommonFiltered,1,410692.03456,410834.00192,141.96736000000965,4,3.8612798507547197,RankSurprise
microGPi2_L_10_CommonFiltered,1,412397.60896,413153.23904,755.6300800000317,11,4.780384189000561,RankSurprise
microGPi2_L_10_CommonFiltered,3,113.78688,767.71328,653.9264000000001,6,5.542804133559809,RankSurprise
microGPi2_L_10_CommonFiltered,3,3173.04832,5757.3376,2584.28928,15,9.300817600904418,RankSurprise
microGPi2_L_10_CommonFiltered,3,32543.37536,32816.82432,273.44896000000153,4,4.95867443268671,RankSurprise
microGPi2_L_10_CommonFiltered,3,42220.05248,42560.26624,340.21375999999873,4,4.214446412569767,RankSurprise
microGPi2_L_10_CommonFiltered,3,61882.40896,62074.2656,191.85663999999815,3,3.569758137340484,RankSurprise
microGPi2_L_10_CommonFiltered,3,94385.31584,94783.56992,398.2540799999988,4,3.7325728873238972,RankSurprise
microGPi2_L_10_CommonFiltered,3,111927.00928,112104.6528,177.6435199999978,5,9.288516164688506,RankSurprise
microGPi2_L_10_CommonFiltered,3,149708.22656,149784.41216,76.18559999999707,3,5.427475574360335,RankSurprise
microGPi2_L_10_CommonFiltered,3,209225.3184,209343.56992,118.25152000001981,3,4.586692394994326,RankSurprise
microGPi2_L_10_CommonFiltered,3,230535.49568,232358.87104,1823.3753600000055,10,5.485203801127157,RankSurprise
microGPi2_L_10_CommonFiltered,3,255960.18688,256150.60992,190.42303999999422,3,3.598432832040059,RankSurprise
microGPi2_L_10_CommonFiltered,3,292578.38592,292737.88416,159.49824000004446,3,3.927301891064536,RankSurprise
microGPi2_L_10_CommonFiltered,3,297104.83456,297843.87584,739.0412800000049,7,6.8966481293756985,RankSurprise
microGPi2_L_10_CommonFiltered,3,315941.19168,323460.25984,7519.068160000024,26,5.095050388558354,RankSurprise
microGPi2_L_10_CommonFiltered,3,331001.15968,332525.40416,1524.244479999994,9,5.266835741774929,RankSurprise
microGPi2_L_10_CommonFiltered,3,355841.92512,364698.25536,8856.330239999981,35,9.001388006383396,RankSurprise
microGPi2_L_10_CommonFiltered,3,369284.096,370026.53696,742.4409599999781,6,4.994433321595061,RankSurprise
microGPi2_L_10_CommonFiltered,3,373761.47456,375025.4592,1263.9846399999806,7,4.13815077109425,RankSurprise
microGPi2_L_10_CommonFiltered,3,379944.7552,380132.27008,187.51487999997335,3,3.598432832040059,RankSurprise
microGPi2_L_10_CommonFiltered,3,389357.7728,389518.49984,160.72704000002705,3,3.927301891064536,RankSurprise
microGPi2_L_10_CommonFiltered,3,408704.86016,409931.776,1226.9158400000306,8,4.965579811843828,RankSurprise
microGPi2_L_10_CommonFiltered,4,1867.776,2487.13216,619.35616,8,5.228228328822098,RankSurprise
microGPi2_L_10_CommonFiltered,4,26995.5072,27467.03872,471.53152000000046,8,5.491944245199923,RankSurprise
microGPi2_L_10_CommonFiltered,4,35639.13216,35704.66816,65.53600000000006,4,6.06748450740044,RankSurprise
microGPi2_L_10_CommonFiltered,4,41856.90112,42489.40544,632.50432,8,3.898209582310029,RankSurprise
microGPi2_L_10_CommonFiltered,4,52419.50208,53040.49664,620.9945599999992,11,7.909704936313744,RankSurprise
microGPi2_L_10_CommonFiltered,4,56461.84448,56572.55936,110.71487999999954,5,6.84583356174922,RankSurprise
microGPi2_L_10_CommonFiltered,4,58371.2768,58457.00608,85.72927999999956,5,7.880991980130432,RankSurprise
microGPi2_L_10_CommonFiltered,4,60133.45792,60189.36832,55.910400000000664,3,3.9728390397564617,RankSurprise
microGPi2_L_10_CommonFiltered,4,63067.99616,63176.21248,108.21631999999954,4,4.645306196377035,RankSurprise
microGPi2_L_10_CommonFiltered,4,76879.99488,76926.93504,46.940159999998286,5,9.977187004540934,RankSurprise
microGPi2_L_10_CommonFiltered,4,83645.19424,83669.56544,24.371200000008685,3,5.310526286313873,RankSurprise
microGPi2_L_10_CommonFiltered,4,101104.88576,101138.432,33.54623999999603,3,4.750496505410418,RankSurprise
microGPi2_L_10_CommonFiltered,4,105206.90688,105251.38944,44.482560000004014,3,4.367234952621212,RankSurprise
microGPi2_L_10_CommonFiltered,4,144688.70144,144693.16608,4.46463999999105,3,8.851485610351189,RankSurprise
microGPi2_L_10_CommonFiltered,4,151643.46368,151680.6144,37.150720000005094,3,4.549699071251606,RankSurprise
microGPi2_L_10_CommonFiltered,4,154645.25824,155073.45408,428.1958400000003,7,4.491485017961684,RankSurprise
microGPi2_L_10_CommonFiltered,4,171294.88384,171411.16928,116.28544000000693,5,6.692459270678643,RankSurprise
microGPi2_L_10_CommonFiltered,4,173574.9632,174961.41824,1386.4550400000007,14,5.2214128551965695,RankSurprise
microGPi2_L_10_CommonFiltered,4,219388.43648,219496.20224,107.76576000000932,4,4.658819778440506,RankSurprise
microGPi2_L_10_CommonFiltered,4,280132.07552,280218.13248,86.05695999995805,6,10.50699383181334,RankSurprise
microGPi2_L_10_CommonFiltered,4,296027.5456,297080.4224,1052.876799999969,10,3.803522341379121,RankSurprise
microGPi2_L_10_CommonFiltered,4,302671.83104,302829.73184,157.90080000000307,4,3.569217490738488,RankSurprise
microGPi2_L_10_CommonFiltered,4,308093.91104,310107.62752,2013.7164800000028,16,4.530611123198476,RankSurprise
microGPi2_L_10_CommonFiltered,4,315879.6288,315945.1648,65.53600000002189,4,5.971560786147439,RankSurprise
microGPi2_L_10_CommonFiltered,4,318458.59328,318519.62368,61.03040000004694,3,3.713059050894657,RankSurprise
microGPi2_L_10_CommonFiltered,4,328666.5216,328806.76864,140.24704000004567,7,10.670830935010727,RankSurprise
microGPi2_L_10_CommonFiltered,4,330344.81664,330452.29568,107.47904000000563,6,9.399443864994762,RankSurprise
microGPi2_L_10_CommonFiltered,4,332072.26368,332697.43616,625.1724800000084,10,6.478342922769138,RankSurprise
microGPi2_L_10_CommonFiltered,4,343196.4672,343508.09088,311.6236799999606,8,7.953662525058739,RankSurprise
microGPi2_L_10_CommonFiltered,4,350319.616,352029.24544,1709.629440000048,18,7.945215363349815,RankSurprise
microGPi2_L_10_CommonFiltered,4,356828.03712,356834.87744,6.8403200000175275,3,7.3892053422533746,RankSurprise
microGPi2_L_10_CommonFiltered,4,358492.7744,358967.7056,474.9311999999918,8,6.24844046779617,RankSurprise
microGPi2_L_10_CommonFiltered,4,366975.91808,367363.03104,387.11295999999857,8,6.552906242107609,RankSurprise
microGPi2_L_10_CommonFiltered,4,393302.54848,393333.5552,31.00672000000486,3,5.018505812263495,RankSurprise
microGPi2_L_10_CommonFiltered,4,405154.28352,405194.99776,40.714240000001155,3,4.4337235802057045,RankSurprise
microGPi2_L_10_CommonFiltered,4,406013.41952,406642.93376,629.5142399999895,12,11.877978637206619,RankSurprise
microGPi2_L_10_CommonFiltered,4,411224.51456,412408.50432,1183.9897600000259,18,12.414377021528768,RankSurprise
microVIM_L_1_CommonFiltered,0,5187.3792,7230.13632,2042.7571199999993,18,5.6676922821622275,RankSurprise
microVIM_L_1_CommonFiltered,0,14980.25984,14991.52384,11.263999999999214,4,10.684526242651557,RankSurprise
microVIM_L_1_CommonFiltered,0,22718.54592,22841.05728,122.51136000000042,4,4.13842825432749,RankSurprise
microVIM_L_1_CommonFiltered,0,35890.176,37310.58688,1420.410880000003,16,7.161237168491641,RankSurprise
microVIM_L_1_CommonFiltered,0,44328.50944,44837.19168,508.6822400000019,8,5.294716798086911,RankSurprise
microVIM_L_1_CommonFiltered,0,55109.46816,55140.80256,31.334399999999732,3,4.8194682476784845,RankSurprise
microVIM_L_1_CommonFiltered,0,60924.06784,61033.472,109.40415999999823,5,6.557362220826338,RankSurprise
microVIM_L_1_CommonFiltered,0,65104.81408,65120.21504,15.400960000006307,3,6.35259332989499,RankSurprise
microVIM_L_1_CommonFiltered,0,65528.13568,65551.31904,23.183360000002722,3,5.417532495338845,RankSurprise
microVIM_L_1_CommonFiltered,0,68424.78592,68443.38176,18.595840000009048,3,5.537228516610794,RankSurprise
microVIM_L_1_CommonFiltered,0,73859.19488,74022.87104,163.6761600000027,4,3.565930587842164,RankSurprise
microVIM_L_1_CommonFiltered,0,94200.29952,94245.6832,45.383679999999,3,4.04371230844413,RankSurprise
microVIM_L_1_CommonFiltered,0,97793.06496,97848.15616,55.0911999999953,3,3.7348133987270167,RankSurprise
microVIM_L_1_CommonFiltered,0,98532.22912,98569.70752,37.47839999999269,3,4.409192592445104,RankSurprise
microVIM_L_1_CommonFiltered,0,100205.93664,100318.53568,112.59904000000097,4,4.301770071948532,RankSurprise
microVIM_L_1_CommonFiltered,0,130622.58688,130757.75488,135.16799999999057,4,3.74489298397193,RankSurprise
microVIM_L_1_CommonFiltered,0,152969.87136,153214.40256,244.53119999999763,5,3.7829478646810806,RankSurprise
microVIM_L_1_CommonFiltered,0,193780.3264,194688.90112,908.5747200000042,11,5.323306492991418,RankSurprise
microVIM_L_1_CommonFiltered,0,203691.33568,203714.31424,22.97856000001775,3,5.273467928900377,RankSurprise
microVIM_L_1_CommonFiltered,0,214046.84288,214053.51936,6.676479999994626,3,7.598363262899387,RankSurprise
microVIM_L_1_CommonFiltered,0,216247.58272,216304.88576,57.30303999999887,3,3.65761059356562,RankSurprise
microVIM_L_1_CommonFiltered,0,220118.38464,220372.00896,253.62432000000263,8,8.596683488161588,RankSurprise
microVIM_L_1_CommonFiltered,0,222814.8224,222878.06464,63.24223999999231,4,5.892578139370887,RankSurprise
microVIM_L_1_CommonFiltered,0,232322.90816,232614.78912,291.8809600000095,5,3.6788126147094893,RankSurprise
microVIM_L_1_CommonFiltered,0,244729.73312,244868.42368,138.69056000001729,4,3.6562601160830077,RankSurprise
microVIM_L_1_CommonFiltered,0,248901.55008,249623.38816,721.8380800000159,13,9.56654615181637,RankSurprise
microVIM_L_1_CommonFiltered,0,254110.26944,254430.8224,320.5529600000009,8,7.685502129833039,RankSurprise
microVIM_L_1_CommonFiltered,0,266841.25184,266962.61632,121.36447999998927,4,4.0976805207202105,RankSurprise
microVIM_L_1_CommonFiltered,0,293432.68864,293486.592,53.90335999999661,4,6.381221388369461,RankSurprise
microVIM_L_1_CommonFiltered,0,298610.64704,299054.20288,443.55583999998635,6,3.5530379578156404,RankSurprise
microVIM_L_1_CommonFiltered,0,308799.56992,309052.04736,252.47744000004604,5,4.502424381387588,RankSurprise
microVIM_L_1_CommonFiltered,0,319571.64032,319590.97344,19.333119999966584,3,5.760721453592101,RankSurprise
microVIM_L_1_CommonFiltered,0,327581.20448,330366.976,2785.7715200000093,29,11.264432545126345,RankSurprise
microVIM_L_1_CommonFiltered,0,335035.55584,335147.78624,112.23040000000037,4,4.345407301134454,RankSurprise
microVIM_L_1_CommonFiltered,0,342477.57824,344957.00992,2479.4316799999797,30,13.884019503780022,RankSurprise
microVIM_L_1_CommonFiltered,0,366765.8752,370491.55584,3725.680639999977,30,7.115369529796527,RankSurprise
microVIM_L_1_CommonFiltered,0,392106.10688,392435.05664,328.9497600000468,6,3.9182790229353257,RankSurprise
microVIM_L_1_CommonFiltered,0,407114.42432,407902.0032,787.5788799999864,9,3.946006656642261,RankSurprise
microVIM_L_1_CommonFiltered,0,411258.10176,411955.69152,697.5897600000026,14,12.698793610335223,RankSurprise
microVIM_L_1_CommonFiltered,1,5113.61024,9616.91648,4503.30624,24,6.0308823629967,RankSurprise
microVIM_L_1_CommonFiltered,1,36313.74336,36891.2384,577.4950400000016,12,14.451739496197247,RankSurprise
microVIM_L_1_CommonFiltered,1,45750.64064,45780.5824,29.941760000001523,3,5.55369395560599,RankSurprise
microVIM_L_1_CommonFiltered,1,54984.25344,55872.38912,888.1356799999994,9,6.402389405607648,RankSurprise
microVIM_L_1_CommonFiltered,1,57646.94016,57724.928,77.9878400000016,3,3.651376234778448,RankSurprise
microVIM_L_1_CommonFiltered,1,74773.21728,74862.592,89.37472000000707,3,3.5240113570695897,RankSurprise
microVIM_L_1_CommonFiltered,1,97808.30208,99329.39264,1521.0905600000115,11,5.722368582820768,RankSurprise
microVIM_L_1_CommonFiltered,1,178687.22176,178752.1024,64.88064000001759,3,4.132211144860756,RankSurprise
microVIM_L_1_CommonFiltered,1,215101.0304,215466.76224,365.7318400000222,5,3.5851002103294043,RankSurprise
microVIM_L_1_CommonFiltered,1,227194.30656,227921.38752,727.080959999992,6,3.714500197678569,RankSurprise
microVIM_L_1_CommonFiltered,1,243825.70496,245227.64288,1401.9379199999967,10,4.345395881820523,RankSurprise
microVIM_L_1_CommonFiltered,1,248585.37984,248926.6176,341.23775999998907,6,5.432914785823819,RankSurprise
microVIM_L_1_CommonFiltered,1,254550.34368,255179.12064,628.7769600000174,8,6.050037530947824,RankSurprise
microVIM_L_1_CommonFiltered,1,257516.544,257560.61696,44.07296000001952,3,4.805167273182759,RankSurprise
microVIM_L_1_CommonFiltered,1,301707.34592,301792.4608,85.11488000000827,3,3.586680096807074,RankSurprise
microVIM_L_1_CommonFiltered,1,304223.19104,304974.39744,751.2063999999664,7,4.697453695591226,RankSurprise
microVIM_L_1_CommonFiltered,1,324592.88576,324631.51104,38.62528000003658,4,8.284094733713987,RankSurprise
microVIM_L_1_CommonFiltered,1,332494.35648,332502.05696,7.700479999999516,4,14.401591030385227,RankSurprise
microVIM_L_1_CommonFiltered,1,342907.86304,344073.33888,1165.47583999997,13,8.92446418210863,RankSurprise
microVIM_L_1_CommonFiltered,1,371792.4864,372802.51904,1010.0326399999904,9,4.82385878291098,RankSurprise
microVIM_L_1_CommonFiltered,1,393188.39296,393645.50656,457.1135999999824,6,4.707002199248676,RankSurprise
microVIM_L_1_CommonFiltered,1,397358.61248,397386.17856,27.566079999960493,3,5.640668750129592,RankSurprise
microVIM_L_1_CommonFiltered,1,406749.51168,407166.40256,416.89088000002084,8,8.027680244920766,RankSurprise
microVIM_L_1_CommonFiltered,1,409491.98848,409911.0912,419.1027200000244,7,6.163309224754341,RankSurprise
microVIM_L_1_CommonFiltered,1,411663.81056,411774.89408,111.08351999998558,4,5.167312210395377,RankSurprise
microVIM_L_1_CommonFiltered,2,647.53664,1092.03456,444.49792,10,6.844056308397219,RankSurprise
microVIM_L_1_CommonFiltered,2,5958.12352,7221.8624,1263.7388799999999,17,7.318219816402391,RankSurprise
microVIM_L_1_CommonFiltered,2,7640.18688,8244.30592,604.1190400000005,10,4.895879596286795,RankSurprise
microVIM_L_1_CommonFiltered,2,9069.9776,9388.89216,318.91455999999926,9,7.605353763318745,RankSurprise
microVIM_L_1_CommonFiltered,2,18132.29568,18218.63936,86.34368000000177,4,4.500479285551293,RankSurprise
microVIM_L_1_CommonFiltered,2,22994.78016,23113.40032,118.62016000000222,4,3.579647138536945,RankSurprise
microVIM_L_1_CommonFiltered,2,35803.46368,35949.32224,145.85856000000058,5,4.810825480952655,RankSurprise
microVIM_L_1_CommonFiltered,2,36324.1472,38259.54816,1935.400959999999,32,14.253918046709048,RankSurprise
microVIM_L_1_CommonFiltered,2,42848.8704,42950.0416,101.17119999999704,6,8.422347010956415,RankSurprise
microVIM_L_1_CommonFiltered,2,44024.6272,44057.96864,33.34143999999651,3,4.347876116994801,RankSurprise
microVIM_L_1_CommonFiltered,2,45687.23456,45720.86272,33.62816000000021,4,7.236658966561734,RankSurprise
microVIM_L_1_CommonFiltered,2,47643.15648,47682.43712,39.280640000004496,3,4.025869984271898,RankSurprise
microVIM_L_1_CommonFiltered,2,57674.38336,57722.14272,47.75936000000365,3,3.7538810064301966,RankSurprise
microVIM_L_1_CommonFiltered,2,58049.86368,58206.24896,156.38527999999496,7,8.451612788645413,RankSurprise
microVIM_L_1_CommonFiltered,2,61225.12384,61694.1568,469.0329599999968,8,3.8151922248063768,RankSurprise
microVIM_L_1_CommonFiltered,2,73369.43616,73594.71616,225.27999999999884,5,3.622755028007223,RankSurprise
microVIM_L_1_CommonFiltered,2,81800.68352,82783.4368,982.7532799999899,12,3.600851499125121,RankSurprise
microVIM_L_1_CommonFiltered,2,98016.95232,98049.67936,32.72703999999794,4,7.344198283395226,RankSurprise
microVIM_L_1_CommonFiltered,2,98516.70528,99222.97856,706.2732800000085,11,5.814164684780032,RankSurprise
microVIM_L_1_CommonFiltered,2,114913.11616,114957.76256,44.64639999999781,3,3.8239691682785644,RankSurprise
microVIM_L_1_CommonFiltered,2,119856.98816,120016.77312,159.7849600000045,5,4.537499450415819,RankSurprise
microVIM_L_1_CommonFiltered,2,130977.87392,131081.78944,103.91551999999501,4,3.9655608010754726,RankSurprise
microVIM_L_1_CommonFiltered,2,155870.53568,155889.62304,19.087360000004992,3,5.579860031836594,RankSurprise
microVIM_L_1_CommonFiltered,2,170283.78624,170980.43392,696.6476800000237,10,4.092902252602462,RankSurprise
microVIM_L_1_CommonFiltered,2,180016.08704,180859.04384,842.9567999999854,11,3.792188002445529,RankSurprise
microVIM_L_1_CommonFiltered,2,206308.92544,206423.12192,114.19648000001325,5,5.6609360612931425,RankSurprise
microVIM_L_1_CommonFiltered,2,213911.30624,213938.33984,27.033599999995204,3,4.802202566182638,RankSurprise
microVIM_L_1_CommonFiltered,2,218311.84384,218362.4704,50.62656000000425,3,3.5524527351742368,RankSurprise
microVIM_L_1_CommonFiltered,2,234380.61568,234568.74496,188.12928000002285,5,3.9623043235215967,RankSurprise
microVIM_L_1_CommonFiltered,2,248540.52864,248555.06944,14.54079999998794,3,5.847869338689671,RankSurprise
microVIM_L_1_CommonFiltered,2,248960.94208,248970.36288,9.420799999992596,3,6.7240218367539715,RankSurprise
microVIM_L_1_CommonFiltered,2,249198.30528,249311.96928,113.66399999998976,4,3.7169782974021857,RankSurprise
microVIM_L_1_CommonFiltered,2,252964.16768,253197.02528,232.85759999998845,7,6.146290594764767,RankSurprise
microVIM_L_1_CommonFiltered,2,254522.04032,254792.33536,270.29503999999724,11,13.34015298592176,RankSurprise
microVIM_L_1_CommonFiltered,2,259714.4576,259801.86624,87.40864000000875,4,4.492004692373619,RankSurprise
microVIM_L_1_CommonFiltered,2,281286.12352,281404.25216,118.1286399999517,5,5.57232471945451,RankSurprise
microVIM_L_1_CommonFiltered,2,283513.32352,283983.0528,469.72928000002867,8,5.231076651575048,RankSurprise
microVIM_L_1_CommonFiltered,2,306809.20064,307305.55392,496.35327999998117,11,7.490352738679659,RankSurprise
microVIM_L_1_CommonFiltered,2,318914.3552,318968.13568,53.780480000015814,5,8.504560614601573,RankSurprise
microVIM_L_1_CommonFiltered,2,326860.1856,326902.49728,42.311679999984335,3,3.913745987520894,RankSurprise
microVIM_L_1_CommonFiltered,2,328687.04256,328779.776,92.73344000003999,4,4.371739644896817,RankSurprise
microVIM_L_1_CommonFiltered,2,332483.9936,332524.50304,40.509439999994356,3,4.013767045204245,RankSurprise
microVIM_L_1_CommonFiltered,2,333336.20736,333341.85984,5.652479999989737,3,7.985716503238381,RankSurprise
microVIM_L_1_CommonFiltered,2,334876.95872,335149.17888,272.2201600000262,8,8.626236292468732,RankSurprise
microVIM_L_1_CommonFiltered,2,343089.31584,344020.1728,930.8569600000046,17,9.206861037286048,RankSurprise
microVIM_L_1_CommonFiltered,2,344409.94816,344570.71616,160.76799999998184,5,4.602462360966921,RankSurprise
microVIM_L_1_CommonFiltered,2,345445.49888,345491.78368,46.28479999996489,4,6.24691839718129,RankSurprise
microVIM_L_1_CommonFiltered,2,346610.15552,346927.88224,317.72672000003513,7,4.885107528778909,RankSurprise
microVIM_L_1_CommonFiltered,2,348908.9536,349016.43264,107.47904000000563,4,3.850630798942351,RankSurprise
microVIM_L_1_CommonFiltered,2,349779.80416,349951.09888,171.29472000000533,5,4.147919469206581,RankSurprise
microVIM_L_1_CommonFiltered,2,355427.328,355535.33952,108.01152000000002,4,3.867763927230712,RankSurprise
microVIM_L_1_CommonFiltered,2,362074.15296,362242.8672,168.71424000000115,5,4.6090170586345245,RankSurprise
microVIM_L_1_CommonFiltered,2,363637.47328,363689.1648,51.69152000005124,3,3.542894758298244,RankSurprise
microVIM_L_1_CommonFiltered,2,369096.00768,369174.77376,78.76608000003034,4,4.76189957507756,RankSurprise
microVIM_L_1_CommonFiltered,2,376418.83648,376456.72448,37.88799999997718,3,4.12542421304939,RankSurprise
microVIM_L_1_CommonFiltered,2,395259.61728,395293.2864,33.66911999997683,4,7.247241075892269,RankSurprise
microVIM_L_1_CommonFiltered,2,399728.39424,399780.61824,52.22399999998743,3,3.5239147552195593,RankSurprise
microVIM_L_1_CommonFiltered,2,406000.51712,406167.9616,167.44448000000557,6,6.187824068137942,RankSurprise
microVIM_L_1_CommonFiltered,2,408356.70016,408529.96096,173.2607999999891,5,4.3333733729891115,RankSurprise
microVIM_L_1_CommonFiltered,2,409789.07136,410173.89056,384.8192000000272,8,6.349411083171278,RankSurprise
microVIM_L_1_CommonFiltered,4,3485.45024,7524.63872,4039.18848,21,8.593977923613975,RankSurprise
microVIM_L_1_CommonFiltered,4,36171.5712,37541.80608,1370.2348800000036,16,15.37482228436517,RankSurprise
microVIM_L_1_CommonFiltered,4,40253.93152,40296.48896,42.557440000004135,3,5.543323875830239,RankSurprise
microVIM_L_1_CommonFiltered,4,47290.90048,47353.20064,62.300160000006144,3,4.813484428470371,RankSurprise
microVIM_L_1_CommonFiltered,4,54536.35584,55761.87904,1225.5232000000033,12,9.637384995637381,RankSurprise
microVIM_L_1_CommonFiltered,4,65031.53664,65057.46432,25.92768000000069,3,6.5773976433607775,RankSurprise
microVIM_L_1_CommonFiltered,4,114005.52448,114296.4224,290.89792000000307,4,3.9601808252763213,RankSurprise
microVIM_L_1_CommonFiltered,4,136753.68448,136826.34752,72.663040000014,3,4.5289719307798695,RankSurprise
microVIM_L_1_CommonFiltered,4,187549.12256,187664.71168,115.58912000001874,3,3.663524751886989,RankSurprise
microVIM_L_1_CommonFiltered,4,204623.42144,205093.39648,469.97503999999026,7,7.397190720106444,RankSurprise
microVIM_L_1_CommonFiltered,4,220450.89792,221229.21984,778.3219200000167,9,8.508782792620215,RankSurprise
microVIM_L_1_CommonFiltered,4,254101.79072,254873.92768,772.1369600000035,7,5.5729050497859545,RankSurprise
microVIM_L_1_CommonFiltered,4,256429.056,256669.45024,240.39423999999417,4,4.5455222767235455,RankSurprise
microVIM_L_1_CommonFiltered,4,262652.47744,263889.18272,1236.7052799999947,7,4.274247858833322,RankSurprise
microVIM_L_1_CommonFiltered,4,328473.3952,328816.10752,342.71231999999145,4,3.5221923877926713,RankSurprise
microVIM_L_1_CommonFiltered,4,332475.43296,332628.13184,152.69887999998173,4,5.499374152805563,RankSurprise
microVIM_L_1_CommonFiltered,4,343022.26432,343085.09696,62.83263999997871,3,4.788166620486081,RankSurprise
microVIM_L_1_CommonFiltered,4,411561.90208,411911.9872,350.08511999994516,6,7.686046483874364,RankSurprise
microVIM_L_2_CommonFiltered,0,10495.5904,10601.71776,106.12736000000041,5,5.759952527804309,RankSurprise
microVIM_L_2_CommonFiltered,0,12025.97888,12056.24832,30.26944000000003,3,4.344203925182221,RankSurprise
microVIM_L_2_CommonFiltered,0,36387.14368,37945.01632,1557.8726400000014,30,20.661974354251363,RankSurprise
microVIM_L_2_CommonFiltered,0,38832.37376,38937.64096,105.26719999999477,4,3.64915758742098,RankSurprise
microVIM_L_2_CommonFiltered,0,39509.1968,39684.34176,175.14496000000509,7,7.760537584142568,RankSurprise
microVIM_L_2_CommonFiltered,0,54982.69696,55205.4784,222.78143999999884,10,12.0221543996218,RankSurprise
microVIM_L_2_CommonFiltered,0,55987.73248,56465.65376,477.9212800000023,7,4.314679238665004,RankSurprise
microVIM_L_2_CommonFiltered,0,59032.73984,59477.56544,444.8255999999965,10,6.461322410725791,RankSurprise
microVIM_L_2_CommonFiltered,0,62126.12096,62159.58528,33.464319999999134,3,4.181322647862485,RankSurprise
microVIM_L_2_CommonFiltered,0,62718.60736,62729.17504,10.56768000000011,3,6.615546520834277,RankSurprise
microVIM_L_2_CommonFiltered,0,63724.66688,63757.35296,32.68607999999949,3,4.312138981331975,RankSurprise
microVIM_L_2_CommonFiltered,0,71562.81344,71586.11968,23.306240000005346,3,4.975567125819145,RankSurprise
microVIM_L_2_CommonFiltered,0,74365.62432,74437.95968,72.33535999999731,4,4.631851024347327,RankSurprise
microVIM_L_2_CommonFiltered,0,86559.00672,86603.3664,44.359679999994114,3,3.6256063053659897,RankSurprise
microVIM_L_2_CommonFiltered,0,90091.68384,90117.5296,25.845759999996517,3,4.687148676309052,RankSurprise
microVIM_L_2_CommonFiltered,0,97870.47936,97872.6912,2.2118400000035763,3,11.341669317240033,RankSurprise
microVIM_L_2_CommonFiltered,0,97872.6912,98965.46304,1092.7718400000012,15,5.656589070457531,RankSurprise
microVIM_L_2_CommonFiltered,0,114321.53088,114476.81024,155.27936000000045,5,4.450406181140988,RankSurprise
microVIM_L_2_CommonFiltered,0,116532.79744,117072.15872,539.3612800000119,12,8.425140387224813,RankSurprise
microVIM_L_2_CommonFiltered,0,130858.76224,131642.7776,784.0153600000049,11,5.23816960616821,RankSurprise
microVIM_L_2_CommonFiltered,0,136806.15424,136826.55232,20.398079999984475,3,5.185674471936034,RankSurprise
microVIM_L_2_CommonFiltered,0,150907.12576,151106.31424,199.18848000001162,5,3.5934254189647525,RankSurprise
microVIM_L_2_CommonFiltered,0,159211.3152,159440.896,229.5807999999961,6,4.484374030567674,RankSurprise
microVIM_L_2_CommonFiltered,0,203025.65376,203062.23104,36.5772800000268,3,3.9896861973113005,RankSurprise
microVIM_L_2_CommonFiltered,0,239932.416,239994.01984,61.603839999996126,4,5.170774011478105,RankSurprise
microVIM_L_2_CommonFiltered,0,244069.08928,244148.38784,79.29856000002474,6,9.563110539480952,RankSurprise
microVIM_L_2_CommonFiltered,0,247471.06304,247495.96672,24.903679999988526,3,4.826163290348106,RankSurprise
microVIM_L_2_CommonFiltered,0,308719.94368,310035.70176,1315.7580799999996,22,10.96985338180263,RankSurprise
microVIM_L_2_CommonFiltered,0,310974.30016,311003.05408,28.753919999988284,3,4.418286782372194,RankSurprise
microVIM_L_2_CommonFiltered,0,311811.35872,313326.1824,1514.8236799999722,21,7.822632026598187,RankSurprise
microVIM_L_2_CommonFiltered,0,325570.31424,326147.4816,577.1673600000213,11,6.648968018826183,RankSurprise
microVIM_L_2_CommonFiltered,0,326784.12288,327107.95264,323.82975999999326,7,4.443006978760529,RankSurprise
microVIM_L_2_CommonFiltered,0,328471.1424,328728.41216,257.2697599999956,7,5.652727490726676,RankSurprise
microVIM_L_2_CommonFiltered,0,329280.3072,330280.91904,1000.6118400000269,15,6.832569361227181,RankSurprise
microVIM_L_2_CommonFiltered,0,331415.01952,332680.3968,1265.3772800000152,19,9.472578436816178,RankSurprise
microVIM_L_2_CommonFiltered,0,336252.84608,336632.79104,379.94495999999344,7,4.319964412702043,RankSurprise
microVIM_L_2_CommonFiltered,0,338608.7424,338982.05184,373.3094399999827,7,3.74555114962884,RankSurprise
microVIM_L_2_CommonFiltered,0,339760.7424,339894.23104,133.48863999999594,5,5.182916068254617,RankSurprise
microVIM_L_2_CommonFiltered,0,340547.62496,341412.6592,865.0342400000081,12,5.03180112074585,RankSurprise
microVIM_L_2_CommonFiltered,0,342660.7104,343870.58688,1209.8764800000354,22,11.001679837344978,RankSurprise
microVIM_L_2_CommonFiltered,0,346146.16064,346345.30816,199.14751999999862,7,6.703581183499658,RankSurprise
microVIM_L_2_CommonFiltered,0,358232.84224,358276.3008,43.458559999999125,3,3.608752239794841,RankSurprise
microVIM_L_2_CommonFiltered,0,392374.72256,392440.09472,65.37215999996988,5,7.476028861463117,RankSurprise
microVIM_L_2_CommonFiltered,0,406230.50752,406667.50976,437.0022400000016,10,6.800051206383631,RankSurprise
microVIM_L_2_CommonFiltered,0,407703.47008,407731.6096,28.139520000026096,3,4.460661439051778,RankSurprise
microVIM_L_2_CommonFiltered,0,409689.86624,409863.94624,174.0800000000163,5,4.1738379114069595,RankSurprise
microVIM_L_2_CommonFiltered,1,63235.72736,63246.70464,10.97728000000643,3,8.846318779489728,RankSurprise
microVIM_L_2_CommonFiltered,1,149798.42048,149863.2192,64.79871999999159,3,5.748803811625795,RankSurprise
microVIM_L_2_CommonFiltered,1,161922.62144,162098.50368,175.88224000000628,3,3.935766943950455,RankSurprise
microVIM_L_2_CommonFiltered,1,195064.05376,195338.81344,274.7596799999883,4,5.44593615664585,RankSurprise
microVIM_L_2_CommonFiltered,1,215433.0112,215705.43616,272.4249600000039,4,5.393300527183669,RankSurprise
microVIM_L_2_CommonFiltered,1,264275.31264,264550.44096,275.1283199999598,4,5.419502899577694,RankSurprise
microVIM_L_2_CommonFiltered,1,294020.9152,295736.7296,1715.814400000032,7,4.478706437181095,RankSurprise
microVIM_L_2_CommonFiltered,1,312459.4688,313054.69952,595.2307200000505,5,5.251183615511874,RankSurprise
microVIM_L_2_CommonFiltered,1,325036.60544,325131.50976,94.90431999997236,6,15.057577236933874,RankSurprise
microVIM_L_2_CommonFiltered,1,329859.4816,332923.12576,3063.6441600000253,10,4.03212343585142,RankSurprise
microVIM_L_2_CommonFiltered,1,342109.92128,344278.54848,2168.627199999988,10,6.241755649411986,RankSurprise
microVIM_L_2_CommonFiltered,1,392278.79424,392407.53152,128.7372800000012,3,4.515585439203397,RankSurprise
microVIM_L_2_CommonFiltered,1,409625.27232,410846.78144,1221.5091200000024,7,6.089389327898481,RankSurprise
microVIM_L_2_CommonFiltered,2,31700.70528,31776.27648,75.57120000000214,3,4.3497552392302765,RankSurprise
microVIM_L_2_CommonFiltered,2,33944.04352,34013.83936,69.79583999999886,3,4.425595413445395,RankSurprise
microVIM_L_2_CommonFiltered,2,36315.3408,37864.89856,1549.5577600000033,8,3.5503200476942016,RankSurprise
microVIM_L_2_CommonFiltered,2,55049.25696,55243.53024,194.27328000000125,5,7.107394229890701,RankSurprise
microVIM_L_2_CommonFiltered,2,63564.30848,63742.3616,178.05311999999685,5,7.581532164155671,RankSurprise
microVIM_L_2_CommonFiltered,2,76140.70784,76245.68832,104.98047999999835,4,6.217840604960401,RankSurprise
microVIM_L_2_CommonFiltered,2,80220.40576,80292.2496,71.84384000000136,3,4.586490217748025,RankSurprise
microVIM_L_2_CommonFiltered,2,98267.38176,98376.66304,109.2812799999956,3,3.7035567211068283,RankSurprise
microVIM_L_2_CommonFiltered,2,116979.58912,117028.864,49.27487999999721,3,5.193540181725728,RankSurprise
microVIM_L_2_CommonFiltered,2,121419.3664,121906.50368,487.13727999999537,5,3.8221626475287707,RankSurprise
microVIM_L_2_CommonFiltered,2,151471.22688,151542.00576,70.77887999999803,3,4.4450134993024975,RankSurprise
microVIM_L_2_CommonFiltered,2,168511.73376,168828.55936,316.82560000001104,4,4.238044700146162,RankSurprise
microVIM_L_2_CommonFiltered,2,184264.54016,185620.80768,1356.267519999994,8,4.25859144654007,RankSurprise
microVIM_L_2_CommonFiltered,2,245841.75616,248979.74272,3137.9865600000194,16,6.173193178151432,RankSurprise
microVIM_L_2_CommonFiltered,2,281083.65824,281565.02016,481.36191999999573,5,3.900179611667973,RankSurprise
microVIM_L_2_CommonFiltered,2,287880.76544,287991.56224,110.79680000001099,3,3.6901337007746875,RankSurprise
microVIM_L_2_CommonFiltered,2,308754.14528,310073.83552,1319.6902400000254,8,4.013246971047243,RankSurprise
microVIM_L_2_CommonFiltered,2,311839.5392,312116.4288,276.88959999999497,4,3.9392404889646357,RankSurprise
microVIM_L_2_CommonFiltered,2,326740.1728,328591.60576,1851.4329600000056,11,5.222207286157231,RankSurprise
microVIM_L_2_CommonFiltered,2,329931.40736,330179.09248,247.6851199999801,4,4.032416279368373,RankSurprise
microVIM_L_2_CommonFiltered,2,333806.63296,337003.43808,3196.8051199999754,17,6.822002664321699,RankSurprise
microVIM_L_2_CommonFiltered,2,340754.432,343872.02048,3117.588480000035,26,16.849222178050415,RankSurprise
microVIM_L_2_CommonFiltered,2,351263.62112,351559.8848,296.26367999997456,4,3.5123831231552494,RankSurprise
microVIM_L_2_CommonFiltered,2,376021.68832,376489.00096,467.3126399999601,6,5.886438909876734,RankSurprise
microVIM_L_2_CommonFiltered,2,405877.59616,406501.9904,624.3942399999942,8,7.678651836086522,RankSurprise
microVIM_L_2_CommonFiltered,3,26460.44672,26499.39968,38.95295999999871,3,4.1636639236152995,RankSurprise
microVIM_L_2_CommonFiltered,3,36057.45664,38581.94432,2524.4876800000056,30,10.80531181690624,RankSurprise
microVIM_L_2_CommonFiltered,3,47846.4,47888.1792,41.77919999999722,3,4.034307902401258,RankSurprise
microVIM_L_2_CommonFiltered,3,56398.11072,56583.74144,185.63072000000102,6,5.646747378335121,RankSurprise
microVIM_L_2_CommonFiltered,3,57182.208,57732.75136,550.5433600000033,8,4.465807946227894,RankSurprise
microVIM_L_2_CommonFiltered,3,59489.8944,59727.74912,237.854720000003,5,3.5481571780276653,RankSurprise
microVIM_L_2_CommonFiltered,3,73100.04224,73151.03744,50.99520000000484,3,3.515045168016334,RankSurprise
microVIM_L_2_CommonFiltered,3,98950.38976,99357.32736,406.9375999999902,7,4.6197395965045365,RankSurprise
microVIM_L_2_CommonFiltered,3,102253.85472,102303.66208,49.807359999991604,3,3.8057120175620636,RankSurprise
microVIM_L_2_CommonFiltered,3,107228.40576,107254.29248,25.886720000009518,3,4.898129253505976,RankSurprise
microVIM_L_2_CommonFiltered,3,115300.84352,115393.37216,92.52864000000409,5,6.755429900200205,RankSurprise
microVIM_L_2_CommonFiltered,3,116454.6048,116547.01056,92.40575999999419,4,4.358899845055827,RankSurprise
microVIM_L_2_CommonFiltered,3,118827.37664,118914.53952,87.1628800000035,4,4.6805326269797085,RankSurprise
microVIM_L_2_CommonFiltered,3,145275.12576,145406.976,131.85023999999976,4,3.721804318850392,RankSurprise
microVIM_L_2_CommonFiltered,3,147542.67136,147599.9744,57.30303999999887,3,3.5344628471139874,RankSurprise
microVIM_L_2_CommonFiltered,3,156775.34208,156831.45728,56.115200000000186,3,3.5540708996611254,RankSurprise
microVIM_L_2_CommonFiltered,3,159950.31552,159995.24864,44.93312000000151,3,3.835731448542221,RankSurprise
microVIM_L_2_CommonFiltered,3,163932.69248,164023.82848,91.1359999999986,4,4.3423099034471555,RankSurprise
microVIM_L_2_CommonFiltered,3,177407.1808,177520.2304,113.04959999999846,4,3.789834548531392,RankSurprise
microVIM_L_2_CommonFiltered,3,178617.50784,178669.52704,52.01919999998063,3,3.7040564090934076,RankSurprise
microVIM_L_2_CommonFiltered,3,203658.69056,204630.58944,971.8988800000225,12,4.636277458337118,RankSurprise
microVIM_L_2_CommonFiltered,3,220770.22208,220806.43072,36.208639999997104,3,4.2547963345252455,RankSurprise
microVIM_L_2_CommonFiltered,3,221229.42464,221239.37792,9.95327999998699,3,7.06987474554121,RankSurprise
microVIM_L_2_CommonFiltered,3,244024.81152,244933.18144,908.3699199999974,13,7.599355099864784,RankSurprise
microVIM_L_2_CommonFiltered,3,248056.70912,249393.72544,1337.0163199999952,13,5.150120831937034,RankSurprise
microVIM_L_2_CommonFiltered,3,254110.26944,254153.68704,43.41759999998612,3,3.9285918014358163,RankSurprise
microVIM_L_2_CommonFiltered,3,254703.69792,254825.92256,122.22464000000036,4,3.744310084582125,RankSurprise
microVIM_L_2_CommonFiltered,3,278366.57664,278397.91104,31.334399999992456,3,4.545307878883234,RankSurprise
microVIM_L_2_CommonFiltered,3,286242.28352,286257.3568,15.073280000011437,3,6.214934588328438,RankSurprise
microVIM_L_2_CommonFiltered,3,305566.72,305604.48512,37.765120000054594,3,4.128342745166078,RankSurprise
microVIM_L_2_CommonFiltered,3,306936.09472,306983.03488,46.940159999998286,3,3.6689676817791916,RankSurprise
microVIM_L_2_CommonFiltered,3,309274.54208,309312.7168,38.174720000009984,3,4.093634552442749,RankSurprise
microVIM_L_2_CommonFiltered,3,309955.13344,309979.87328,24.73983999999473,4,8.37172268666094,RankSurprise
microVIM_L_2_CommonFiltered,3,311904.0512,312142.31552,238.2643200000166,10,12.599118159228253,RankSurprise
microVIM_L_2_CommonFiltered,3,325839.79008,326224.15872,384.3686400000006,9,7.159991522023087,RankSurprise
microVIM_L_2_CommonFiltered,3,328010.21952,328162.95936,152.73983999999473,5,4.964286280822254,RankSurprise
microVIM_L_2_CommonFiltered,3,329190.6048,329301.36064,110.7558400000562,4,4.287663462884222,RankSurprise
microVIM_L_2_CommonFiltered,3,332225.69984,333092.98688,867.2870399999665,17,12.83399879734521,RankSurprise
microVIM_L_2_CommonFiltered,3,337174.89664,337729.29024,554.3936000000103,8,3.721607626731044,RankSurprise
microVIM_L_2_CommonFiltered,3,340479.22176,343859.4048,3380.1830400000326,43,19.148259432387373,RankSurprise
microVIM_L_2_CommonFiltered,3,344550.89152,345201.17248,650.2809600000037,8,3.7579486609711092,RankSurprise
microVIM_L_2_CommonFiltered,3,353310.55616,353325.13792,14.581760000030044,3,6.316871615534744,RankSurprise
microVIM_L_2_CommonFiltered,3,357766.7584,358345.85088,579.0924799999921,7,3.922231078422454,RankSurprise
microVIM_L_2_CommonFiltered,3,394997.02272,395018.89536,21.872640000015963,3,5.218259326866635,RankSurprise
microVIM_L_2_CommonFiltered,3,405698.3552,406656.36864,958.0134400000097,19,14.076407907894959,RankSurprise
microVIM_L_2_CommonFiltered,3,409590.21056,409794.9696,204.75904000003356,6,5.522374103311613,RankSurprise
microVIM_L_2_CommonFiltered,3,412278.94784,412467.69152,188.74368000001414,6,6.090292633306952,RankSurprise
microVIM_L_2_CommonFiltered,4,22911.54944,22937.96864,26.419200000000274,3,5.063529845613864,RankSurprise
microVIM_L_2_CommonFiltered,4,25794.60096,25839.28832,44.6873599999999,3,3.9788749966623964,RankSurprise
microVIM_L_2_CommonFiltered,4,35914.01472,37047.296,1133.2812800000029,22,15.652918364002815,RankSurprise
microVIM_L_2_CommonFiltered,4,37762.74432,38267.00288,504.25856000000203,14,12.754899025502896,RankSurprise
microVIM_L_2_CommonFiltered,4,43196.86656,43287.59296,90.72639999999956,4,4.592992114292418,RankSurprise
microVIM_L_2_CommonFiltered,4,44988.12928,45603.84,615.7107199999955,8,4.110765106344127,RankSurprise
microVIM_L_2_CommonFiltered,4,46908.8256,47282.62656,373.8009600000005,7,4.588750506163155,RankSurprise
microVIM_L_2_CommonFiltered,4,54988.22656,55084.68736,96.46080000000075,4,4.4993968142306855,RankSurprise
microVIM_L_2_CommonFiltered,4,56063.50848,56412.07808,348.56960000000254,9,7.693063638163303,RankSurprise
microVIM_L_2_CommonFiltered,4,57510.05184,57816.6784,306.62655999999697,6,4.407827907034941,RankSurprise
microVIM_L_2_CommonFiltered,4,68887.552,69050.12224,162.57024000000092,5,4.530316985417876,RankSurprise
microVIM_L_2_CommonFiltered,4,86252.17536,86728.37632,476.20096000000194,8,4.086241067422485,RankSurprise
microVIM_L_2_CommonFiltered,4,98385.96096,98494.21824,108.25728000000527,4,4.066341633972019,RankSurprise
microVIM_L_2_CommonFiltered,4,115325.21472,115347.00544,21.79071999998996,3,5.456687453480345,RankSurprise
microVIM_L_2_CommonFiltered,4,115618.28352,115621.76512,3.481599999999162,3,9.764237458311019,RankSurprise
microVIM_L_2_CommonFiltered,4,116471.88992,116580.27008,108.38016000000061,8,13.87402716753877,RankSurprise
microVIM_L_2_CommonFiltered,4,116717.1584,116771.59424,54.435840000005555,3,3.5781831673068893,RankSurprise
microVIM_L_2_CommonFiltered,4,121520.7424,121693.7984,173.05599999999686,5,4.487845494469607,RankSurprise
microVIM_L_2_CommonFiltered,4,163831.27552,164097.59744,266.3219200000167,6,4.970742453341153,RankSurprise
microVIM_L_2_CommonFiltered,4,203622.93248,203736.96512,114.03264000001946,6,8.425729494380178,RankSurprise
microVIM_L_2_CommonFiltered,4,215359.0784,215517.92128,158.84288000001106,5,4.6444981046299745,RankSurprise
microVIM_L_2_CommonFiltered,4,222609.98144,222984.11008,374.1286400000099,8,5.834492870191181,RankSurprise
microVIM_L_2_CommonFiltered,4,241996.8,242132.25472,135.45472000000882,4,3.7792024174512413,RankSurprise
microVIM_L_2_CommonFiltered,4,243291.46368,244154.90048,863.436800000025,11,4.584011152529915,RankSurprise
microVIM_L_2_CommonFiltered,4,254140.94848,255238.92224,1097.9737600000226,15,6.919108974711221,RankSurprise
microVIM_L_2_CommonFiltered,4,256301.6704,256423.15776,121.48735999999917,4,3.691894566612131,RankSurprise
microVIM_L_2_CommonFiltered,4,279848.09984,279910.35904,62.25920000002952,4,5.927899215383572,RankSurprise
microVIM_L_2_CommonFiltered,4,304878.51008,305340.8256,462.31552000000374,7,3.5845529491310453,RankSurprise
microVIM_L_2_CommonFiltered,4,307154.86208,307566.592,411.7299200000125,8,6.902500903958964,RankSurprise
microVIM_L_2_CommonFiltered,4,308748.20608,309351.30112,603.0950400000438,11,6.768260693233429,RankSurprise
microVIM_L_2_CommonFiltered,4,312427.47904,312483.38944,55.91039999999339,3,3.514777149121617,RankSurprise
microVIM_L_2_CommonFiltered,4,324719.57504,324771.18464,51.60959999996703,3,3.6017475558176315,RankSurprise
microVIM_L_2_CommonFiltered,4,325975.4496,326027.14112,51.691519999993034,4,6.3616454325468546,RankSurprise
microVIM_L_2_CommonFiltered,4,328582.38976,328716.12416,133.73440000001574,4,3.5319580476215826,RankSurprise
microVIM_L_2_CommonFiltered,4,329743.64672,330222.7968,479.15007999999216,7,3.6947973139130865,RankSurprise
microVIM_L_2_CommonFiltered,4,332232.04864,333043.9168,811.8681600000127,16,11.471947321358531,RankSurprise
microVIM_L_2_CommonFiltered,4,333557.3504,333776.24064,218.8902399999788,5,3.5627577059189903,RankSurprise
microVIM_L_2_CommonFiltered,4,334886.83008,336052.224,1165.3939200000023,20,11.709377322105999,RankSurprise
microVIM_L_2_CommonFiltered,4,340435.31264,343765.93408,3330.621439999959,35,8.641494047628548,RankSurprise
microVIM_L_2_CommonFiltered,4,350850.62144,350962.97472,112.35327999998117,4,3.932022984745231,RankSurprise
microVIM_L_2_CommonFiltered,4,353278.7712,353504.41984,225.64863999997033,5,3.66149013466422,RankSurprise
microVIM_L_2_CommonFiltered,4,355215.44192,355323.98592,108.54399999999441,4,3.9962653555532732,RankSurprise
microVIM_L_2_CommonFiltered,4,364689.36704,364893.75744,204.39040000003297,6,5.393741012707373,RankSurprise
microVIM_L_2_CommonFiltered,4,392304.92672,392434.76992,129.84320000000298,5,5.714177694452019,RankSurprise
microVIM_L_2_CommonFiltered,4,395878.03136,395909.9392,31.90783999999985,3,4.673405622220487,RankSurprise
microVIM_L_2_CommonFiltered,4,396398.83776,396628.13184,229.2940799999633,5,3.553625275249111,RankSurprise
microVIM_L_2_CommonFiltered,4,405752.34048,406709.41184,957.0713600000017,12,5.942055288239004,RankSurprise
microVIM_L_2_CommonFiltered,4,410682.9824,411503.28832,820.3059200000134,12,6.522164337342757,RankSurprise
microVIM_L_3_CommonFiltered,0,2395.09504,4181.68832,1786.59328,16,4.783223714111175,RankSurprise
microVIM_L_3_CommonFiltered,0,10531.06176,10783.62112,252.5593599999993,6,6.958416492898316,RankSurprise
microVIM_L_3_CommonFiltered,0,20230.18496,20410.12224,179.93728000000192,5,7.012453485045807,RankSurprise
microVIM_L_3_CommonFiltered,0,63606.49728,63648.80896,42.31167999999889,3,5.777795150849368,RankSurprise
microVIM_L_3_CommonFiltered,0,64820.34688,64921.02656,100.6796800000011,3,3.6818334861196984,RankSurprise
microVIM_L_3_CommonFiltered,0,70803.53792,71342.53056,538.9926399999968,7,4.465140481159217,RankSurprise
microVIM_L_3_CommonFiltered,0,74235.78112,74834.20672,598.4256000000023,8,4.176788046726533,RankSurprise
microVIM_L_3_CommonFiltered,0,76070.5024,76206.98112,136.47871999999916,4,4.670814192927672,RankSurprise
microVIM_L_3_CommonFiltered,0,80902.144,80957.11232,54.96831999999995,3,4.942308894884004,RankSurprise
microVIM_L_3_CommonFiltered,0,91262.68928,93210.2144,1947.5251199999911,22,10.293536221839835,RankSurprise
microVIM_L_3_CommonFiltered,0,97916.80512,97955.14368,38.33855999998923,3,6.174452576176638,RankSurprise
microVIM_L_3_CommonFiltered,0,109880.36096,110021.79584,141.4348800000007,4,4.5935564673741,RankSurprise
microVIM_L_3_CommonFiltered,0,138346.94656,138434.02752,87.08095999999205,3,4.176001160526377,RankSurprise
microVIM_L_3_CommonFiltered,0,139541.62688,139575.17312,33.54623999999603,3,6.363791705629238,RankSurprise
microVIM_L_3_CommonFiltered,0,141750.6816,142948.06528,1197.383679999999,13,5.68922846317139,RankSurprise
microVIM_L_3_CommonFiltered,0,147692.21632,147864.69888,172.482560000004,4,4.156635362637875,RankSurprise
microVIM_L_3_CommonFiltered,0,149837.25056,149931.58144,94.33088000002317,4,6.776471285477921,RankSurprise
microVIM_L_3_CommonFiltered,0,157520.65024,157601.46432,80.81408000001102,3,4.450544914269505,RankSurprise
microVIM_L_3_CommonFiltered,0,161926.38976,162110.09536,183.7056000000157,5,6.106866845218516,RankSurprise
microVIM_L_3_CommonFiltered,0,183707.8528,184065.96608,358.1132800000196,8,9.268527877576936,RankSurprise
microVIM_L_3_CommonFiltered,0,185550.6432,186972.61056,1421.9673600000096,14,5.368527546588177,RankSurprise
microVIM_L_3_CommonFiltered,0,189998.65344,191649.09568,1650.442240000004,18,8.00500507240795,RankSurprise
microVIM_L_3_CommonFiltered,0,207306.87488,207478.00576,171.13088000001153,5,7.511372532112851,RankSurprise
microVIM_L_3_CommonFiltered,0,218867.67104,218964.54144,96.87040000001434,4,6.81620748213626,RankSurprise
microVIM_L_3_CommonFiltered,0,247285.06368,247447.30624,162.24256000001333,4,4.462965527745087,RankSurprise
microVIM_L_3_CommonFiltered,0,292030.54592,292573.26592,542.7199999999721,8,5.173052187403724,RankSurprise
microVIM_L_3_CommonFiltered,0,294172.63104,294228.7872,56.15616000001319,3,5.308351588826337,RankSurprise
microVIM_L_3_CommonFiltered,0,296638.70976,298028.97408,1390.2643200000166,15,6.701304297379215,RankSurprise
microVIM_L_3_CommonFiltered,0,317258.42432,317336.576,78.15168000000995,3,3.5805456889154677,RankSurprise
microVIM_L_3_CommonFiltered,0,322799.08352,323247.18592,448.1024000000325,6,3.6543893453233,RankSurprise
microVIM_L_3_CommonFiltered,0,326779.57632,328329.6256,1550.0492800000357,21,12.886489524042755,RankSurprise
microVIM_L_3_CommonFiltered,0,329844.57216,331842.19136,1997.6192000000156,26,14.254991413206245,RankSurprise
microVIM_L_3_CommonFiltered,0,371163.87328,372282.5728,1118.6995200000238,14,7.568768613963958,RankSurprise
microVIM_L_3_CommonFiltered,0,395816.22272,397039.90272,1223.679999999993,13,5.513322049327325,RankSurprise
microVIM_L_3_CommonFiltered,0,407546.59328,407628.75904,82.1657600000035,3,4.003165512242477,RankSurprise
microVIM_L_3_CommonFiltered,0,411341.78304,411511.07072,169.28768000000855,4,3.809396788872327,RankSurprise
microVIM_L_3_CommonFiltered,1,4788.26496,5058.92864,270.66367999999966,7,5.598590740366427,RankSurprise
microVIM_L_3_CommonFiltered,1,10784.23552,11172.41344,388.1779200000001,8,6.342924161838316,RankSurprise
microVIM_L_3_CommonFiltered,1,38121.39008,38217.07264,95.6825600000011,4,4.435754422748449,RankSurprise
microVIM_L_3_CommonFiltered,1,43779.39968,43854.35648,74.95679999999993,4,5.385945776198962,RankSurprise
microVIM_L_3_CommonFiltered,1,45191.168,45242.12224,50.95423999999912,3,3.9983607563908965,RankSurprise
microVIM_L_3_CommonFiltered,1,57327.04256,57378.85696,51.81439999999566,4,6.876617664931203,RankSurprise
microVIM_L_3_CommonFiltered,1,64316.70272,64440.56576,123.86303999999654,4,3.7553002408442815,RankSurprise
microVIM_L_3_CommonFiltered,1,66777.33376,66836.31616,58.982400000008056,4,6.268002996617614,RankSurprise
microVIM_L_3_CommonFiltered,1,69351.2192,69844.04992,492.8307199999981,8,4.6278553710812895,RankSurprise
microVIM_L_3_CommonFiltered,1,78034.69824,78160.56832,125.87008000000787,4,3.6016035918211244,RankSurprise
microVIM_L_3_CommonFiltered,1,89186.42688,89213.1328,26.70592000000761,3,5.612783460125302,RankSurprise
microVIM_L_3_CommonFiltered,1,90051.05152,90502.63552,451.58400000000256,8,5.337631805705894,RankSurprise
microVIM_L_3_CommonFiltered,1,126562.14016,126616.3712,54.23103999999876,3,3.668849518187196,RankSurprise
microVIM_L_3_CommonFiltered,1,131457.26976,131485.85984,28.590079999994487,3,5.13843604496172,RankSurprise
microVIM_L_3_CommonFiltered,1,134206.75072,134612.86912,406.11839999997756,7,3.543218056560264,RankSurprise
microVIM_L_3_CommonFiltered,1,140084.71552,140773.90848,689.1929600000149,9,3.681674580993336,RankSurprise
microVIM_L_3_CommonFiltered,1,145314.48832,145857.20832,542.7200000000012,12,8.473053861273133,RankSurprise
microVIM_L_3_CommonFiltered,1,154778.58304,155263.05792,484.4748799999943,13,11.916274039221841,RankSurprise
microVIM_L_3_CommonFiltered,1,171087.95392,171452.45696,364.5030400000105,10,9.594222586786758,RankSurprise
microVIM_L_3_CommonFiltered,1,175101.5424,175939.33824,837.7958400000061,14,7.202816477422418,RankSurprise
microVIM_L_3_CommonFiltered,1,197143.22432,197682.13504,538.9107199999853,9,4.589232720425216,RankSurprise
microVIM_L_3_CommonFiltered,1,199945.0112,199954.30912,9.297919999982696,3,7.870508288902819,RankSurprise
microVIM_L_3_CommonFiltered,1,209291.264,209827.18464,535.9206399999966,8,4.157516869218399,RankSurprise
microVIM_L_3_CommonFiltered,1,211207.9872,213737.10336,2529.116160000005,41,21.98789298011388,RankSurprise
microVIM_L_3_CommonFiltered,1,222417.26464,222628.29056,211.0259199999855,5,3.6998562787044236,RankSurprise
microVIM_L_3_CommonFiltered,1,224902.22592,225172.31616,270.09023999999044,6,4.133493890020982,RankSurprise
microVIM_L_3_CommonFiltered,1,235975.14752,236471.17312,496.0255999999936,8,4.558897356533319,RankSurprise
microVIM_L_3_CommonFiltered,1,242472.96,243181.64992,708.6899200000043,12,6.753456471270622,RankSurprise
microVIM_L_3_CommonFiltered,1,255077.53984,255256.65792,179.11807999998564,5,4.379935552769165,RankSurprise
microVIM_L_3_CommonFiltered,1,261802.22976,261817.63072,15.400959999999031,3,6.741359276374627,RankSurprise
microVIM_L_3_CommonFiltered,1,274754.9696,275273.3184,518.3487999999779,9,5.256830025924361,RankSurprise
microVIM_L_3_CommonFiltered,1,284329.65632,285382.49216,1052.8358400000143,13,4.496134760543208,RankSurprise
microVIM_L_3_CommonFiltered,1,287163.35104,287718.1952,554.8441600000369,11,8.016016302883049,RankSurprise
microVIM_L_3_CommonFiltered,1,324842.33216,325708.26752,865.9353600000031,14,7.396659454861668,RankSurprise
microVIM_L_3_CommonFiltered,1,329046.58944,329071.90272,25.313280000002123,3,5.7196806881364335,RankSurprise
microVIM_L_3_CommonFiltered,1,341018.99264,341647.85152,628.8588800000143,11,6.058796178391043,RankSurprise
microVIM_L_3_CommonFiltered,1,347904.53248,348080.9472,176.41472000000067,7,8.634414833653409,RankSurprise
microVIM_L_3_CommonFiltered,1,351919.7184,351968.29696,48.57855999999447,3,3.772769212679263,RankSurprise
microVIM_L_3_CommonFiltered,1,355974.3488,356135.56736,161.21856000000844,6,6.661540861504307,RankSurprise
microVIM_L_3_CommonFiltered,1,371465.91232,371513.83552,47.92320000001928,3,4.15706514300264,RankSurprise
microVIM_L_3_CommonFiltered,1,383884.45184,383912.63232,28.18047999998089,3,5.4972263506534755,RankSurprise
microVIM_L_3_CommonFiltered,1,386003.968,386058.4448,54.476800000004005,3,3.784656346726372,RankSurprise
microVIM_L_3_CommonFiltered,1,392296.36608,392313.89696,17.530879999976605,3,6.5188994857708185,RankSurprise
microVIM_L_3_CommonFiltered,1,399930.12224,400050.33984,120.21759999997448,4,3.7297370663949714,RankSurprise
microVIM_L_3_CommonFiltered,1,404554.67008,404904.26368,349.59359999996377,8,5.905732857429917,RankSurprise
microVIM_L_3_CommonFiltered,1,409318.07232,409458.23744,140.16512000001967,6,7.565762252488739,RankSurprise
microVIM_L_3_CommonFiltered,1,410942.91456,410958.72512,15.810560000012629,3,6.794344831774163,RankSurprise
microVIM_L_3_CommonFiltered,2,3838.81216,4507.4432,668.6310399999998,8,4.452088052712662,RankSurprise
microVIM_L_3_CommonFiltered,2,17971.89632,18058.24,86.34368000000177,4,6.15207251750045,RankSurprise
microVIM_L_3_CommonFiltered,2,31987.42528,32151.87968,164.4543999999987,4,3.9954967123185803,RankSurprise
microVIM_L_3_CommonFiltered,2,45813.59616,45933.85472,120.25856000000203,4,4.949591683789077,RankSurprise
microVIM_L_3_CommonFiltered,2,51718.18496,52532.0192,813.8342400000038,8,3.5146873831688494,RankSurprise
microVIM_L_3_CommonFiltered,2,64623.24736,64653.27104,30.02367999999842,3,5.8287637948763305,RankSurprise
microVIM_L_3_CommonFiltered,2,69595.9552,69624.50432,28.549119999996037,3,5.91526629189976,RankSurprise
microVIM_L_3_CommonFiltered,2,75469.74208,76885.03296,1415.2908800000005,12,3.940631375193985,RankSurprise
microVIM_L_3_CommonFiltered,2,92100.608,92162.70336,62.09536000000662,3,4.180019032935046,RankSurprise
microVIM_L_3_CommonFiltered,2,96404.11136,98523.66848,2119.5571199999977,20,8.473072885068067,RankSurprise
microVIM_L_3_CommonFiltered,2,103770.9312,103967.58016,196.64895999999135,4,3.5221861229332063,RankSurprise
microVIM_L_3_CommonFiltered,2,119699.98848,119820.98432,120.99584000000323,4,5.020183436626514,RankSurprise
microVIM_L_3_CommonFiltered,2,130147.04128,130342.66624,195.624960000001,4,3.548311143297987,RankSurprise
microVIM_L_3_CommonFiltered,2,133820.6208,133899.50976,78.88895999998203,3,3.7253946888688,RankSurprise
microVIM_L_3_CommonFiltered,2,140884.7872,141981.36832,1096.581120000017,10,3.9604861673042415,RankSurprise
microVIM_L_3_CommonFiltered,2,144604.52864,144675.38944,70.86079999999492,3,3.8238997989300376,RankSurprise
microVIM_L_3_CommonFiltered,2,162460.38528,162696.51968,236.13440000000992,6,6.762341217261515,RankSurprise
microVIM_L_3_CommonFiltered,2,179504.37376,181061.38624,1557.0124800000049,14,6.496665412204687,RankSurprise
microVIM_L_3_CommonFiltered,2,184768.67584,184949.63712,180.96127999998862,6,8.109230130288296,RankSurprise
microVIM_L_3_CommonFiltered,2,189454.7456,189685.02272,230.27712000001338,5,4.968180955171441,RankSurprise
microVIM_L_3_CommonFiltered,2,191267.51232,191549.44,281.9276799999934,8,10.198862748663835,RankSurprise
microVIM_L_3_CommonFiltered,2,192455.4752,192532.35712,76.88192000001436,3,3.681517096842388,RankSurprise
microVIM_L_3_CommonFiltered,2,207161.71264,207238.59456,76.88191999998526,3,3.7106616072659175,RankSurprise
microVIM_L_3_CommonFiltered,2,214288.34304,214352.52736,64.1843200000003,3,4.189321425597361,RankSurprise
microVIM_L_3_CommonFiltered,2,233996.04224,234696.54016,700.4979199999943,8,3.8815523687610614,RankSurprise
microVIM_L_3_CommonFiltered,2,244695.08096,244714.53696,19.456000000005588,3,6.655666357310251,RankSurprise
microVIM_L_3_CommonFiltered,2,278466.43712,278519.02976,52.59263999998802,3,4.579301741134895,RankSurprise
microVIM_L_3_CommonFiltered,2,296238.6944,296428.83072,190.13632000004873,5,5.665596185726777,RankSurprise
microVIM_L_3_CommonFiltered,2,316706.65216,316774.35904,67.70688000001246,3,3.977201243143888,RankSurprise
microVIM_L_3_CommonFiltered,2,325406.59712,326642.56512,1235.9679999999935,11,4.108547262056317,RankSurprise
microVIM_L_3_CommonFiltered,2,329506.32448,330831.99488,1325.6704000000027,14,6.52191978217916,RankSurprise
microVIM_L_3_CommonFiltered,2,331354.19392,331544.20736,190.01344000000972,5,5.683778087388898,RankSurprise
microVIM_L_3_CommonFiltered,2,346621.5424,348493.70112,1872.1587200000067,16,5.1574694517936095,RankSurprise
microVIM_L_3_CommonFiltered,2,349538.9184,350224.22016,685.3017600000021,9,6.190169865047872,RankSurprise
microVIM_L_3_CommonFiltered,2,352603.3408,353112.064,508.72320000000764,6,3.5211463261017935,RankSurprise
microVIM_L_3_CommonFiltered,2,354073.1904,354158.67392,85.48351999995066,3,3.562183092391127,RankSurprise
microVIM_L_3_CommonFiltered,2,356643.67616,356785.80736,142.13120000000345,4,4.54550988317893,RankSurprise
microVIM_L_3_CommonFiltered,2,357957.2224,358215.92576,258.70335999998497,7,8.439970135347863,RankSurprise
microVIM_L_3_CommonFiltered,2,361617.24416,361955.49184,338.2476799999713,6,4.990421716094396,RankSurprise
microVIM_L_3_CommonFiltered,2,366703.90272,368146.75968,1442.8569600000046,12,3.999282112136947,RankSurprise
microVIM_L_3_CommonFiltered,2,377253.72416,377327.616,73.89183999999659,3,3.732802130146661,RankSurprise
microVIM_L_3_CommonFiltered,2,392898.51904,393933.66016,1035.1411200000439,11,5.199004625492814,RankSurprise
microVIM_L_3_CommonFiltered,2,401560.82176,402175.7952,614.9734399999725,7,4.042625830846332,RankSurprise
microVIM_L_3_CommonFiltered,2,410516.60288,411056.3328,539.7299199999543,7,4.599343414113421,RankSurprise
microVIM_L_3_CommonFiltered,2,412074.63936,413059.85024,985.2108800000278,11,5.382374812732649,RankSurprise
microVIM_L_3_CommonFiltered,3,3356.8768,3389.19424,32.317439999999806,3,4.436516843395427,RankSurprise
microVIM_L_3_CommonFiltered,3,11714.47808,11931.56608,217.08799999999974,6,4.6081956187250555,RankSurprise
microVIM_L_3_CommonFiltered,3,16704.26624,16717.66016,13.393919999998616,3,6.451277423940299,RankSurprise
microVIM_L_3_CommonFiltered,3,18642.1248,19085.1072,442.98239999999714,10,6.261043950375014,RankSurprise
microVIM_L_3_CommonFiltered,3,19621.19168,19705.69216,84.50047999999879,4,4.410495421249156,RankSurprise
microVIM_L_3_CommonFiltered,3,32027.56608,32062.34112,34.775040000000445,3,4.248419028885824,RankSurprise
microVIM_L_3_CommonFiltered,3,38340.52608,38362.112,21.585919999997714,3,5.283207101136057,RankSurprise
microVIM_L_3_CommonFiltered,3,45708.86144,45952.6144,243.75295999999798,7,6.0187853893237735,RankSurprise
microVIM_L_3_CommonFiltered,3,52467.712,52522.72128,55.0092799999984,4,5.796765915920076,RankSurprise
microVIM_L_3_CommonFiltered,3,55031.35744,55351.25504,319.8975999999966,9,7.813920401056052,RankSurprise
microVIM_L_3_CommonFiltered,3,55963.52512,56005.87776,42.35264000000461,3,3.8435101030728696,RankSurprise
microVIM_L_3_CommonFiltered,3,60552.6016,60767.232,214.63040000000183,10,12.674713279574235,RankSurprise
microVIM_L_3_CommonFiltered,3,62254.16192,62524.2112,270.04927999999927,9,8.701259135111608,RankSurprise
microVIM_L_3_CommonFiltered,3,64621.48608,65218.06848,596.5823999999993,13,9.264690469831741,RankSurprise
microVIM_L_3_CommonFiltered,3,69537.25952,69672.96,135.70047999999952,5,4.878926946016229,RankSurprise
microVIM_L_3_CommonFiltered,3,81002.86464,81049.76384,46.89919999999984,3,3.6934947527969726,RankSurprise
microVIM_L_3_CommonFiltered,3,83961.52832,84036.608,75.07967999999528,4,4.8106035722285405,RankSurprise
microVIM_L_3_CommonFiltered,3,97414.06208,97873.26464,459.2025599999906,12,9.528658639006268,RankSurprise
microVIM_L_3_CommonFiltered,3,104238.36672,104432.92672,194.55999999999767,5,3.7973451159747817,RankSurprise
microVIM_L_3_CommonFiltered,3,110343.24992,110388.67456,45.42463999999745,3,3.7670962179931102,RankSurprise
microVIM_L_3_CommonFiltered,3,122655.82592,122762.0352,106.20927999999549,6,8.21309017837298,RankSurprise
microVIM_L_3_CommonFiltered,3,126903.37792,127093.39136,190.01343999999517,7,7.057257935444213,RankSurprise
microVIM_L_3_CommonFiltered,3,130336.60416,130814.7712,478.16704000000027,8,3.651807952023407,RankSurprise
microVIM_L_3_CommonFiltered,3,137278.2592,137421.37344,143.11423999999533,5,4.669765782330366,RankSurprise
microVIM_L_3_CommonFiltered,3,140229.38624,140273.62304,44.23680000001332,4,6.445996231615759,RankSurprise
microVIM_L_3_CommonFiltered,3,145524.1216,145569.42336,45.301759999973,3,3.697750078367111,RankSurprise
microVIM_L_3_CommonFiltered,3,146112.06144,146227.4048,115.34335999999894,4,3.598100891408116,RankSurprise
microVIM_L_3_CommonFiltered,3,148190.12608,148379.40224,189.27616000000853,5,3.6113153090374155,RankSurprise
microVIM_L_3_CommonFiltered,3,158687.72352,158763.2128,75.48928000000888,5,7.133748325710215,RankSurprise
microVIM_L_3_CommonFiltered,3,173911.12192,173936.4352,25.313280000002123,3,4.914644551879505,RankSurprise
microVIM_L_3_CommonFiltered,3,185957.49888,186873.4464,915.947519999987,17,9.44675963883573,RankSurprise
microVIM_L_3_CommonFiltered,3,188971.13088,189113.46688,142.33599999998114,5,4.667012855608959,RankSurprise
microVIM_L_3_CommonFiltered,3,193924.87424,194105.344,180.46976000000723,5,3.9027915327519587,RankSurprise
microVIM_L_3_CommonFiltered,3,201651.52768,201845.9648,194.43711999998777,5,3.61977868463385,RankSurprise
microVIM_L_3_CommonFiltered,3,215707.11552,215731.03616,23.920639999996638,3,5.060754726710886,RankSurprise
microVIM_L_3_CommonFiltered,3,226969.8048,227085.1072,115.30239999998594,4,3.5773932924424727,RankSurprise
microVIM_L_3_CommonFiltered,3,235057.39776,235226.35776,168.96000000002095,6,6.100263372302237,RankSurprise
microVIM_L_3_CommonFiltered,3,244070.35904,244555.73504,485.3759999999893,10,5.894218539458497,RankSurprise
microVIM_L_3_CommonFiltered,3,247205.84704,247216.9472,11.100160000001779,3,6.9684374579516035,RankSurprise
microVIM_L_3_CommonFiltered,3,249342.19776,249411.50208,69.30431999999564,4,5.205089970836607,RankSurprise
microVIM_L_3_CommonFiltered,3,254346.24,254837.1456,490.90559999999823,8,3.946647761454274,RankSurprise
microVIM_L_3_CommonFiltered,3,263159.52128,263187.0464,27.5251200000057,3,4.7208238012456345,RankSurprise
microVIM_L_3_CommonFiltered,3,291251.07712,291475.00544,223.92832000000635,6,4.569462648202667,RankSurprise
microVIM_L_3_CommonFiltered,3,298222.22336,298504.64256,282.4192000000039,6,3.825214334166659,RankSurprise
microVIM_L_3_CommonFiltered,3,299771.65824,300042.6496,270.99135999998543,6,3.887963805663846,RankSurprise
microVIM_L_3_CommonFiltered,3,302842.6752,302863.52384,20.84863999998197,3,5.330828668550808,RankSurprise
microVIM_L_3_CommonFiltered,3,310153.33888,310242.5088,89.16992000001483,4,4.585779074197074,RankSurprise
microVIM_L_3_CommonFiltered,3,324685.66016,324831.47776,145.8175999999512,5,4.6807964749505935,RankSurprise
microVIM_L_3_CommonFiltered,3,325674.1888,326157.02528,482.8364799999981,15,13.64846010353669,RankSurprise
microVIM_L_3_CommonFiltered,3,327478.39488,329435.42272,1957.0278399999952,35,15.830780561207058,RankSurprise
microVIM_L_3_CommonFiltered,3,332923.2896,333036.21632,112.92671999998856,4,3.6241880254616063,RankSurprise
microVIM_L_3_CommonFiltered,3,343232.1024,343639.32672,407.22432000003755,10,7.177232703479856,RankSurprise
microVIM_L_3_CommonFiltered,3,344920.02304,344965.44768,45.4246399999829,3,3.689248461915522,RankSurprise
microVIM_L_3_CommonFiltered,3,351919.63648,352003.03104,83.39455999998609,4,4.532110329048923,RankSurprise
microVIM_L_3_CommonFiltered,3,357145.23136,357191.02464,45.793280000041705,3,3.771511236202228,RankSurprise
microVIM_L_3_CommonFiltered,3,358173.61408,358385.58208,211.96799999999348,8,8.315900727648113,RankSurprise
microVIM_L_3_CommonFiltered,3,366807.2448,367465.59488,658.3500800000038,11,5.05125377707638,RankSurprise
microVIM_L_3_CommonFiltered,3,371436.3392,371781.79584,345.4566399999894,7,4.354373573045406,RankSurprise
microVIM_L_3_CommonFiltered,3,372752.71168,372916.55168,163.8399999999674,5,4.224573134587629,RankSurprise
microVIM_L_3_CommonFiltered,3,374615.49056,374651.904,36.4134399999748,3,4.155251324459146,RankSurprise
microVIM_L_3_CommonFiltered,3,379088.11776,379293.9008,205.78304000000935,5,3.5965473546379236,RankSurprise
microVIM_L_3_CommonFiltered,3,391573.95456,391613.35808,39.40351999999257,4,6.7346135985135085,RankSurprise
microVIM_L_3_CommonFiltered,3,393551.54432,393737.25696,185.71264000004157,5,3.6538124037089617,RankSurprise
microVIM_L_3_CommonFiltered,3,394160.70144,394361.77408,201.0726400000276,7,6.848356760851594,RankSurprise
microVIM_L_3_CommonFiltered,3,412372.21376,412409.0368,36.823039999988396,3,4.123378083714636,RankSurprise
microVIM_L_3_CommonFiltered,4,31112.43776,31268.08576,155.64800000000105,4,3.96814267416579,RankSurprise
microVIM_L_3_CommonFiltered,4,39564.82048,39701.62688,136.8064000000013,4,4.34560396526776,RankSurprise
microVIM_L_3_CommonFiltered,4,57177.088,57230.25408,53.16607999999542,3,4.376081863808189,RankSurprise
microVIM_L_3_CommonFiltered,4,63023.67744,63148.032,124.35455999999976,4,4.7646115932970226,RankSurprise
microVIM_L_3_CommonFiltered,4,65947.07456,66023.66976,76.59520000001066,3,3.590369244416836,RankSurprise
microVIM_L_3_CommonFiltered,4,68775.85408,68851.13856,75.28448000000208,4,6.112325582310422,RankSurprise
microVIM_L_3_CommonFiltered,4,72778.09664,72903.80288,125.70623999999953,4,4.638806628172979,RankSurprise
microVIM_L_3_CommonFiltered,4,75889.0496,76277.67808,388.6284799999994,7,5.854579331248018,RankSurprise
microVIM_L_3_CommonFiltered,4,90858.86464,90995.83488,136.9702399999951,5,6.557197588636043,RankSurprise
microVIM_L_3_CommonFiltered,4,99321.20064,99333.40672,12.206080000003567,3,7.204682746062199,RankSurprise
microVIM_L_3_CommonFiltered,4,140299.10016,140463.14496,164.0448000000033,4,3.7772990050631634,RankSurprise
microVIM_L_3_CommonFiltered,4,141946.59328,141989.51936,42.92608000000473,3,4.678546021764603,RankSurprise
microVIM_L_3_CommonFiltered,4,145176.90368,145336.48384,159.58016000001226,5,6.011523289274585,RankSurprise
microVIM_L_3_CommonFiltered,4,153863.45472,153871.68768,8.23295999999391,3,7.773267203980382,RankSurprise
microVIM_L_3_CommonFiltered,4,154264.49408,155081.3184,816.8243199999852,9,4.408545432198044,RankSurprise
microVIM_L_3_CommonFiltered,4,157363.85536,157425.17248,61.31712000002153,3,4.035812108919973,RankSurprise
microVIM_L_3_CommonFiltered,4,159973.5808,160241.13152,267.5507199999993,7,7.677959899249245,RankSurprise
microVIM_L_3_CommonFiltered,4,171379.75296,171413.0944,33.341439999989234,3,5.240357200263462,RankSurprise
microVIM_L_3_CommonFiltered,4,172808.88832,173269.97504,461.08671999999206,7,4.66153586624338,RankSurprise
microVIM_L_3_CommonFiltered,4,175356.84608,175750.144,393.2979200000118,8,7.205494916747972,RankSurprise
microVIM_L_3_CommonFiltered,4,181874.81088,182087.43424,212.62335999999777,5,4.902167709109559,RankSurprise
microVIM_L_3_CommonFiltered,4,182898.72896,184218.37824,1319.6492799999833,12,5.018826821953937,RankSurprise
microVIM_L_3_CommonFiltered,4,187396.79232,187659.14112,262.3487999999779,5,4.19536956629323,RankSurprise
microVIM_L_3_CommonFiltered,4,188418.70336,188861.52192,442.81855999998515,6,3.97527909991517,RankSurprise
microVIM_L_3_CommonFiltered,4,198452.06016,198603.1616,151.10143999999855,4,4.007812745949035,RankSurprise
microVIM_L_3_CommonFiltered,4,210299.04384,210687.71328,388.66943999999785,7,5.931142977397783,RankSurprise
microVIM_L_3_CommonFiltered,4,213076.62336,213112.75008,36.126720000000205,3,5.149774390906234,RankSurprise
microVIM_L_3_CommonFiltered,4,214242.0992,214406.10304,164.0038399999903,4,3.7958462343264863,RankSurprise
microVIM_L_3_CommonFiltered,4,224642.99008,224822.55872,179.56864000001224,5,5.435246066795628,RankSurprise
microVIM_L_3_CommonFiltered,4,239213.11744,239370.07616,156.95871999999508,4,3.9632205969603618,RankSurprise
microVIM_L_3_CommonFiltered,4,240770.78528,240947.6096,176.82431999998516,4,3.6952268910165564,RankSurprise
microVIM_L_3_CommonFiltered,4,242430.32064,243386.90048,956.5798400000203,12,8.206873988684167,RankSurprise
microVIM_L_3_CommonFiltered,4,257605.46816,257671.82336,66.35520000001998,3,3.8120251259481783,RankSurprise
microVIM_L_3_CommonFiltered,4,273239.40864,273630.98624,391.5776000000187,7,5.549752151061144,RankSurprise
microVIM_L_3_CommonFiltered,4,277433.1392,277467.5456,34.40640000003623,3,5.287235061670646,RankSurprise
microVIM_L_3_CommonFiltered,4,282832.97792,282891.34592,58.368000000016764,3,4.035812108919973,RankSurprise
microVIM_L_3_CommonFiltered,4,285418.12736,285427.54816,9.4208000000217,3,7.376851931392135,RankSurprise
microVIM_L_3_CommonFiltered,4,316313.14944,316381.42976,68.28032000001986,4,6.386202098648553,RankSurprise
microVIM_L_3_CommonFiltered,4,326134.70208,326183.44448,48.742399999988265,3,4.587361398349751,RankSurprise
microVIM_L_3_CommonFiltered,4,329447.38304,329776.25088,328.8678400000208,5,3.968216625143004,RankSurprise
microVIM_L_3_CommonFiltered,4,331684.16768,331714.88768,30.71999999997206,3,5.451939929176596,RankSurprise
microVIM_L_3_CommonFiltered,4,337751.61344,337818.624,67.01056000002427,3,3.8501943623656523,RankSurprise
microVIM_L_3_CommonFiltered,4,343116.67712,343150.51008,33.832959999970626,3,5.179515126908051,RankSurprise
microVIM_L_3_CommonFiltered,4,358235.91424,358267.2896,31.375360000005458,4,8.816291447897168,RankSurprise
microVIM_L_3_CommonFiltered,4,359968.03072,360031.15008,63.11936000001151,3,3.8969802993346594,RankSurprise
microVIM_L_3_CommonFiltered,4,361102.78656,361175.69536,72.9088000000338,4,6.042670201043197,RankSurprise
microVIM_L_3_CommonFiltered,4,376188.06784,376297.79968,109.7318400000222,4,4.984466487817631,RankSurprise
microVIM_L_3_CommonFiltered,4,377723.6992,377788.70272,65.00352000002749,3,3.9048854788417735,RankSurprise
microVIM_L_3_CommonFiltered,4,389650.88256,389823.77472,172.8921599999885,4,3.6197231655536477,RankSurprise
microVIM_L_3_CommonFiltered,4,393207.31648,393842.40128,635.0848000000115,8,4.687373748149016,RankSurprise
microVIM_L_3_CommonFiltered,4,397280.4608,397333.87264,53.41184000001522,3,4.212528293856092,RankSurprise
microVIM_L_3_CommonFiltered,4,408578.8672,408923.62752,344.76032000000123,6,4.619444687234005,RankSurprise
microVIM_L_4_CommonFiltered,0,1360.60928,1918.23872,557.6294400000002,11,4.737443456412293,RankSurprise
microVIM_L_4_CommonFiltered,0,8876.40064,9104.7936,228.39296000000104,7,4.530597967592528,RankSurprise
microVIM_L_4_CommonFiltered,0,20375.63392,20390.42048,14.786560000000463,3,5.6141984148291915,RankSurprise
microVIM_L_4_CommonFiltered,0,30884.6592,31122.55488,237.89568000000145,6,3.8598192260496496,RankSurprise
microVIM_L_4_CommonFiltered,0,51133.15328,51601.6128,468.459520000004,9,3.7768524054306796,RankSurprise
microVIM_L_4_CommonFiltered,0,58914.36544,58982.27712,67.91167999999743,4,4.469690232879895,RankSurprise
microVIM_L_4_CommonFiltered,0,62329.73312,63225.40544,895.6723200000051,17,6.924656047062296,RankSurprise
microVIM_L_4_CommonFiltered,0,63791.47264,63894.07744,102.60480000000098,5,4.808489109601421,RankSurprise
microVIM_L_4_CommonFiltered,0,64832.59392,64853.23776,20.643840000004275,3,4.801297754625564,RankSurprise
microVIM_L_4_CommonFiltered,0,72109.17888,72199.00416,89.82527999999002,4,3.6205130117465814,RankSurprise
microVIM_L_4_CommonFiltered,0,75857.1008,75883.3152,26.214399999997113,3,4.224949841811869,RankSurprise
microVIM_L_4_CommonFiltered,0,80393.99424,80418.11968,24.125440000003437,3,4.529818497362752,RankSurprise
microVIM_L_4_CommonFiltered,0,90889.29792,90893.1072,3.8092800000013085,3,8.857027480719884,RankSurprise
microVIM_L_4_CommonFiltered,0,92627.5584,92698.74688,71.18848000001162,4,4.198218922881026,RankSurprise
microVIM_L_4_CommonFiltered,0,93645.4144,94568.69376,923.2793600000005,17,7.674970814333076,RankSurprise
microVIM_L_4_CommonFiltered,0,96943.18592,97101.49632,158.31040000000212,7,6.484786836793104,RankSurprise
microVIM_L_4_CommonFiltered,0,101947.76064,101962.01472,14.254080000013346,3,5.590737533486413,RankSurprise
microVIM_L_4_CommonFiltered,0,102797.63968,102823.15776,25.518080000008922,3,4.442556088788892,RankSurprise
microVIM_L_4_CommonFiltered,0,103848.46848,104690.23744,841.7689600000012,18,8.181724490995405,RankSurprise
microVIM_L_4_CommonFiltered,0,110011.06432,110080.6144,69.55008000000089,4,4.329123845697556,RankSurprise
microVIM_L_4_CommonFiltered,0,110476.77952,110659.7888,183.0092799999984,7,6.140762482620193,RankSurprise
microVIM_L_4_CommonFiltered,0,111718.07232,111805.39904,87.3267199999973,5,5.5593410219160795,RankSurprise
microVIM_L_4_CommonFiltered,0,127217.4592,127301.34528,83.88607999999658,4,3.668155329834107,RankSurprise
microVIM_L_4_CommonFiltered,0,133175.0912,133265.94048,90.8492799999949,4,3.8217379697716964,RankSurprise
microVIM_L_4_CommonFiltered,0,142514.05312,142538.58816,24.535040000017034,3,4.516143190446778,RankSurprise
microVIM_L_4_CommonFiltered,0,143251.00544,143415.78752,164.7820800000045,9,10.372247052555457,RankSurprise
microVIM_L_4_CommonFiltered,0,147682.63168,148209.17248,526.540800000017,11,5.7758678429399115,RankSurprise
microVIM_L_4_CommonFiltered,0,148594.44224,148847.69792,253.25568000000203,9,7.25563148868011,RankSurprise
microVIM_L_4_CommonFiltered,0,149257.05216,149317.67296,60.62080000000424,4,4.776356818877922,RankSurprise
microVIM_L_4_CommonFiltered,0,152309.51424,152329.8304,20.31616000001668,3,4.762385874087462,RankSurprise
microVIM_L_4_CommonFiltered,0,158827.43808,158850.33472,22.896640000020852,4,7.787761729480852,RankSurprise
microVIM_L_4_CommonFiltered,0,159386.66496,159424.43008,37.76511999999639,3,3.546961221682764,RankSurprise
microVIM_L_4_CommonFiltered,0,173212.91776,173331.29216,118.3744000000006,7,8.222297715954404,RankSurprise
microVIM_L_4_CommonFiltered,0,185585.0496,185594.6752,9.625599999999395,3,6.659604863973174,RankSurprise
microVIM_L_4_CommonFiltered,0,188225.78176,188330.96704,105.18527999997605,6,6.930763805232971,RankSurprise
microVIM_L_4_CommonFiltered,0,188881.79712,188962.85696,81.05984000000171,4,3.800997132929048,RankSurprise
microVIM_L_4_CommonFiltered,0,190851.39968,191133.20448,281.8047999999835,9,7.279460081479543,RankSurprise
microVIM_L_4_CommonFiltered,0,218160.16896,218455.90016,295.73119999998016,8,5.455025740552429,RankSurprise
microVIM_L_4_CommonFiltered,0,245412.98688,245429.20704,16.220159999997122,3,5.339037849175451,RankSurprise
microVIM_L_4_CommonFiltered,0,246620.61056,246646.5792,25.968640000006417,3,4.272642222508976,RankSurprise
microVIM_L_4_CommonFiltered,0,254980.58752,255009.5872,28.999680000008084,4,7.023916013812865,RankSurprise
microVIM_L_4_CommonFiltered,0,259512.7296,259545.98912,33.25952000002144,3,3.792257419084132,RankSurprise
microVIM_L_4_CommonFiltered,0,285756.74368,285805.24032,48.496639999968465,5,7.842368370746296,RankSurprise
microVIM_L_4_CommonFiltered,0,290239.11936,290304.77824,65.65888000000268,5,6.66826179766646,RankSurprise
microVIM_L_4_CommonFiltered,0,290717.32736,290895.70816,178.38079999998445,6,4.328171773356431,RankSurprise
microVIM_L_4_CommonFiltered,0,295071.62112,295841.50528,769.8841599999578,17,9.370260877644396,RankSurprise
microVIM_L_4_CommonFiltered,0,298584.96512,298609.82784,24.862719999975525,3,4.516143190446778,RankSurprise
microVIM_L_4_CommonFiltered,0,299228.7744,299577.50784,348.7334399999818,12,9.648737685190788,RankSurprise
microVIM_L_4_CommonFiltered,0,301216.5632,301244.98944,28.42624000000069,3,4.121626798622186,RankSurprise
microVIM_L_4_CommonFiltered,0,317932.99456,318045.22496,112.23040000000037,5,4.784328958535475,RankSurprise
microVIM_L_4_CommonFiltered,0,327360.02048,327384.84224,24.82176000002073,3,4.46900282739745,RankSurprise
microVIM_L_4_CommonFiltered,0,328593.65376,328956.5184,362.86463999998523,7,3.6021427655503584,RankSurprise
microVIM_L_4_CommonFiltered,0,330535.85408,330580.62336,44.76928000000771,5,8.272084268161525,RankSurprise
microVIM_L_4_CommonFiltered,0,332042.24,332310.15936,267.91935999999987,7,3.7990583571914045,RankSurprise
microVIM_L_4_CommonFiltered,0,337646.67392,337734.94272,88.26880000001984,4,3.6568771144208547,RankSurprise
microVIM_L_4_CommonFiltered,0,342088.45824,342245.90848,157.45023999997647,5,3.7061394506767193,RankSurprise
microVIM_L_4_CommonFiltered,0,346380.32896,346506.89536,126.56640000001062,5,4.342913979875018,RankSurprise
microVIM_L_4_CommonFiltered,0,347243.7248,348061.81888,818.0940799999516,15,5.286462233684906,RankSurprise
microVIM_L_4_CommonFiltered,0,352286.96576,352520.76544,233.79967999999644,8,6.292615397884408,RankSurprise
microVIM_L_4_CommonFiltered,0,355807.19104,356041.56416,234.37312000000384,8,5.9485980302528,RankSurprise
microVIM_L_4_CommonFiltered,0,357990.8096,358058.72128,67.91168000001926,5,6.493705495897899,RankSurprise
microVIM_L_4_CommonFiltered,0,359402.25024,360181.3504,779.1001599999727,15,6.249021778656067,RankSurprise
microVIM_L_4_CommonFiltered,0,370868.4288,371025.75616,157.32735999999568,10,13.115552694287274,RankSurprise
microVIM_L_4_CommonFiltered,0,371431.05536,371510.72256,79.66720000002533,4,3.9492876316495327,RankSurprise
microVIM_L_4_CommonFiltered,0,372608.57344,373344.91136,736.33792000002,13,4.598875670625654,RankSurprise
microVIM_L_4_CommonFiltered,0,377026.27328,377544.33536,518.0620800000033,9,3.9554923526312167,RankSurprise
microVIM_L_4_CommonFiltered,0,390526.81216,390630.15424,103.34208000003127,5,4.909721580835932,RankSurprise
microVIM_L_4_CommonFiltered,0,392424.48896,392581.65248,157.16352000000188,9,11.170237696727433,RankSurprise
microVIM_L_4_CommonFiltered,0,393295.70816,393830.44096,534.732799999998,15,10.392861659240243,RankSurprise
microVIM_L_4_CommonFiltered,0,396100.608,396315.97568,215.36767999996664,6,4.073037741983237,RankSurprise
microVIM_L_4_CommonFiltered,0,400726.09792,400752.06656,25.96864000003552,3,4.278684536964937,RankSurprise
microVIM_L_4_CommonFiltered,0,412910.592,412921.856,11.26400000002468,3,6.215299922548747,RankSurprise
microVIM_L_4_CommonFiltered,2,3101.73696,3446.41536,344.6783999999998,4,4.141302803920889,RankSurprise
microVIM_L_4_CommonFiltered,2,52643.10272,52869.77536,226.67263999999705,4,5.27200426743782,RankSurprise
microVIM_L_4_CommonFiltered,2,55329.95584,55477.00224,147.04639999999927,3,3.765252974352059,RankSurprise
microVIM_L_4_CommonFiltered,2,91356.03712,92466.25792,1110.22080000001,6,4.283982062580167,RankSurprise
microVIM_L_4_CommonFiltered,2,167715.79904,168245.82144,530.0223999999871,5,4.766964946804698,RankSurprise
microVIM_L_4_CommonFiltered,2,195244.48256,196956.9792,1712.4966399999976,8,4.154297035519529,RankSurprise
microVIM_L_4_CommonFiltered,2,239458.87744,239496.72448,37.847039999993285,3,6.225431091364336,RankSurprise
microVIM_L_4_CommonFiltered,2,268362.3424,269450.93632,1088.5939199999557,6,3.773176445773048,RankSurprise
microVIM_L_4_CommonFiltered,2,280067.03104,280518.8608,451.82976000005146,4,3.773490762609594,RankSurprise
microVIM_L_4_CommonFiltered,2,328973.23008,332891.09504,3917.864959999977,21,12.525318335791876,RankSurprise
microVIM_L_4_CommonFiltered,2,345455.94368,345709.60896,253.66527999995742,5,7.279005003432275,RankSurprise
microVIM_L_4_CommonFiltered,2,348185.92768,350688.33792,2502.4102399999974,10,4.639170303964699,RankSurprise
microVIM_L_4_CommonFiltered,2,352156.99968,352527.52384,370.52415999997174,4,4.098135929518811,RankSurprise
microVIM_L_4_CommonFiltered,2,390551.87968,390715.8016,163.9219199999934,5,8.644727629618217,RankSurprise
microVIM_L_4_CommonFiltered,2,392051.75296,393515.6224,1463.8694399999804,7,3.746399847069212,RankSurprise
microVIM_L_4_CommonFiltered,4,1361.46944,2219.45856,857.98912,13,4.5065264294861045,RankSurprise
microVIM_L_4_CommonFiltered,4,19166.12608,19409.01888,242.89280000000144,9,7.199130196888651,RankSurprise
microVIM_L_4_CommonFiltered,4,30883.71712,30981.7344,98.01728000000003,5,4.92317126456976,RankSurprise
microVIM_L_4_CommonFiltered,4,45875.6096,45982.39232,106.7827199999956,5,4.568416340999171,RankSurprise
microVIM_L_4_CommonFiltered,4,51444.736,51464.72448,19.98847999999998,4,8.662907821664781,RankSurprise
microVIM_L_4_CommonFiltered,4,54333.93152,54358.34368,24.412159999999858,3,4.628185957883478,RankSurprise
microVIM_L_4_CommonFiltered,4,55791.32928,55877.0176,85.68832000000111,5,5.59360018564179,RankSurprise
microVIM_L_4_CommonFiltered,4,58038.8864,58073.62048,34.73407999999472,3,3.753829773954184,RankSurprise
microVIM_L_4_CommonFiltered,4,62259.8144,64010.97728,1751.1628799999962,31,10.45163786293272,RankSurprise
microVIM_L_4_CommonFiltered,4,65569.09568,65585.27488,16.179199999998673,3,5.785571358859277,RankSurprise
microVIM_L_4_CommonFiltered,4,66241.00352,66293.22752,52.22400000000198,4,5.210986195833236,RankSurprise
microVIM_L_4_CommonFiltered,4,71302.63552,71316.72576,14.090240000004997,3,6.010977688452169,RankSurprise
microVIM_L_4_CommonFiltered,4,74532.00384,75333.50912,801.5052799999976,13,4.3523766961642085,RankSurprise
microVIM_L_4_CommonFiltered,4,93167.0016,93336.7808,169.77919999998994,7,6.663876834380069,RankSurprise
microVIM_L_4_CommonFiltered,4,93827.52256,93860.74112,33.21856000000844,3,3.8706855958213744,RankSurprise
microVIM_L_4_CommonFiltered,4,97466.53184,97657.89696,191.3651200000022,8,7.152163694030686,RankSurprise
microVIM_L_4_CommonFiltered,4,103358.464,104240.70144,882.2374399999972,14,4.689552088181187,RankSurprise
microVIM_L_4_CommonFiltered,4,105736.84736,106238.32064,501.4732800000056,10,4.641194059088527,RankSurprise
microVIM_L_4_CommonFiltered,4,108877.04576,108903.26016,26.214400000011665,3,4.572722965027985,RankSurprise
microVIM_L_4_CommonFiltered,4,110584.54528,110666.67008,82.1247999999905,4,3.7007095935110783,RankSurprise
microVIM_L_4_CommonFiltered,4,111089.664,111468.58496,378.92095999998855,9,4.196213055997294,RankSurprise
microVIM_L_4_CommonFiltered,4,121516.68736,121547.3664,30.679040000002715,4,7.098546728079082,RankSurprise
microVIM_L_4_CommonFiltered,4,136695.84896,136725.99552,30.14655999999377,3,4.089177102396373,RankSurprise
microVIM_L_4_CommonFiltered,4,140123.09504,144116.98176,3993.8867200000095,48,6.097605512407549,RankSurprise
microVIM_L_4_CommonFiltered,4,149153.87392,149284.864,130.99007999998867,5,4.3228907265940855,RankSurprise
microVIM_L_4_CommonFiltered,4,157585.65376,157614.98112,29.327360000024782,3,4.239666184224252,RankSurprise
microVIM_L_4_CommonFiltered,4,162096.3328,162403.81952,307.48671999998624,6,4.061741627904103,RankSurprise
microVIM_L_4_CommonFiltered,4,173663.6416,173879.13216,215.49056000000564,8,6.466447956312469,RankSurprise
microVIM_L_4_CommonFiltered,4,181669.10976,181682.33984,13.230080000008456,3,6.612249932043746,RankSurprise
microVIM_L_4_CommonFiltered,4,185883.8528,186411.13088,527.2780800000182,15,9.694390716808785,RankSurprise
microVIM_L_4_CommonFiltered,4,188193.42336,188621.70112,428.2777600000263,9,3.795045537455771,RankSurprise
microVIM_L_4_CommonFiltered,4,189470.88384,190500.6592,1029.7753599999996,18,9.055293458471928,RankSurprise
microVIM_L_4_CommonFiltered,4,193928.8064,193957.19168,28.385279999987688,3,4.257108192084791,RankSurprise
microVIM_L_4_CommonFiltered,4,205740.4416,205867.66336,127.22176000001491,6,5.602256476303516,RankSurprise
microVIM_L_4_CommonFiltered,4,207771.8528,207823.54432,51.691519999993034,4,5.257426825893791,RankSurprise
microVIM_L_4_CommonFiltered,4,218158.36672,218343.34208,184.97536000001128,7,5.890609555641611,RankSurprise
microVIM_L_4_CommonFiltered,4,219945.28768,220112.15872,166.87103999999817,6,4.283139689075809,RankSurprise
microVIM_L_4_CommonFiltered,4,230897.13152,231039.46752,142.33600000001024,6,5.052372164989393,RankSurprise
microVIM_L_4_CommonFiltered,4,253205.58592,253243.22816,37.64223999998649,3,3.5469714809853166,RankSurprise
microVIM_L_4_CommonFiltered,4,272309.82144,272323.21536,13.393919999944046,3,6.66994757479943,RankSurprise
microVIM_L_4_CommonFiltered,4,276700.9792,276759.79776,58.818559999985155,4,4.750509166539761,RankSurprise
microVIM_L_4_CommonFiltered,4,290274.75456,290344.96,70.20544000004884,4,4.11526405240523,RankSurprise
microVIM_L_4_CommonFiltered,4,290626.31424,291520.63488,894.320640000049,19,11.333960049404833,RankSurprise
microVIM_L_4_CommonFiltered,4,295690.73152,295758.39744,67.66591999999946,5,6.719835863095131,RankSurprise
microVIM_L_4_CommonFiltered,4,298507.50976,298557.68576,50.176000000035856,4,5.309355824230909,RankSurprise
microVIM_L_4_CommonFiltered,4,299145.87136,299503.86176,357.9904000000097,9,5.785666489786377,RankSurprise
microVIM_L_4_CommonFiltered,4,303029.32992,303616.2048,586.8748800000176,11,3.8278469014496244,RankSurprise
microVIM_L_4_CommonFiltered,4,308409.50784,308492.4928,82.9849600000307,4,3.681274067882999,RankSurprise
microVIM_L_4_CommonFiltered,4,317492.46976,317526.2208,33.75104000000283,3,3.8231208611195484,RankSurprise
microVIM_L_4_CommonFiltered,4,324108.12416,324232.06912,123.94495999999344,5,3.891646932273595,RankSurprise
microVIM_L_4_CommonFiltered,4,326528.69632,326583.95136,55.2550400000182,5,7.5421569485557,RankSurprise
microVIM_L_4_CommonFiltered,4,327300.99712,328542.8224,1241.82527999999,17,5.5798026771784714,RankSurprise
microVIM_L_4_CommonFiltered,4,330965.1968,331260.06784,294.8710399999982,7,3.9076562879928223,RankSurprise
microVIM_L_4_CommonFiltered,4,332786.0736,332878.88896,92.81536000000779,5,5.164434855989473,RankSurprise
microVIM_L_4_CommonFiltered,4,339374.4896,339794.49344,420.0038400000194,12,7.801034177808946,RankSurprise
microVIM_L_4_CommonFiltered,4,340166.49216,340299.65312,133.16095999995014,5,3.6789037426678988,RankSurprise
microVIM_L_4_CommonFiltered,4,348547.35872,348771.45088,224.09216000000015,7,4.56891253057665,RankSurprise
microVIM_L_4_CommonFiltered,4,356772.12672,357169.80736,397.68063999997685,12,8.104556218714949,RankSurprise
microVIM_L_4_CommonFiltered,4,358563.38944,358580.30592,16.916480000014417,4,9.843142721960941,RankSurprise
microVIM_L_4_CommonFiltered,4,359475.44576,359728.78336,253.33760000002803,10,8.562093135226279,RankSurprise
microVIM_L_4_CommonFiltered,4,365442.58048,365558.90688,116.32640000001993,7,8.99070864692817,RankSurprise
microVIM_L_4_CommonFiltered,4,370604.52352,371661.53728,1057.0137600000016,23,13.161930589576176,RankSurprise
microVIM_L_4_CommonFiltered,4,372651.86816,372754.92352,103.05535999999847,6,6.902813445181451,RankSurprise
microVIM_L_4_CommonFiltered,4,390898.72896,390938.99264,40.263680000032764,4,6.106467088438336,RankSurprise
microVIM_L_4_CommonFiltered,4,392554.45504,392645.26336,90.80832000001101,5,5.383486039078534,RankSurprise
microVIM_L_4_CommonFiltered,4,394142.1056,394244.3008,102.19520000001648,6,6.914078952704649,RankSurprise
microVIM_L_4_CommonFiltered,4,394633.66656,394655.90784,22.24128000001656,3,4.939419707679585,RankSurprise
microVIM_L_4_CommonFiltered,4,397076.52096,397609.7792,533.2582399999956,9,4.478429670291066,RankSurprise
microVIM_L_4_CommonFiltered,4,398670.60224,398699.02848,28.42624000000069,3,4.10534972663454,RankSurprise
microVIM_L_4_CommonFiltered,4,405859.98336,405900.288,40.30463999998756,4,6.106467088438336,RankSurprise
microVIM_L_4_CommonFiltered,4,412111.91296,412153.52832,41.615359999996144,4,6.020746733011933,RankSurprise
microVIM_L_5_CommonFiltered,0,38662.9632,38854.28736,191.32416000000376,6,5.585947706867628,RankSurprise
microVIM_L_5_CommonFiltered,0,67638.02624,67906.92864,268.90239999999176,6,4.646438992863386,RankSurprise
microVIM_L_5_CommonFiltered,0,69388.57472,69498.38848,109.81375999999,4,4.096317110198839,RankSurprise
microVIM_L_5_CommonFiltered,0,117226.00448,117251.64544,25.640959999989718,3,4.592539805642268,RankSurprise
microVIM_L_5_CommonFiltered,0,204231.80288,204271.0016,39.19871999998577,3,3.558212244265615,RankSurprise
microVIM_L_5_CommonFiltered,0,219943.936,220433.16224,489.22624000001815,11,11.612586579312076,RankSurprise
microVIM_L_5_CommonFiltered,0,221585.48992,221962.11712,376.6272000000172,9,7.828538734429653,RankSurprise
microVIM_L_5_CommonFiltered,0,255049.728,255381.05344,331.325439999986,6,3.733634771156996,RankSurprise
microVIM_L_5_CommonFiltered,0,284123.58656,284164.87424,41.28767999995034,3,3.5083649434736657,RankSurprise
microVIM_L_5_CommonFiltered,0,308065.81248,308688.11776,622.3052799999714,28,34.372314191741154,RankSurprise
microVIM_L_5_CommonFiltered,0,309506.99008,310070.55872,563.568639999954,10,6.729065557458106,RankSurprise
microVIM_L_5_CommonFiltered,0,311642.07104,311667.95776,25.886720000009518,3,4.46942077668346,RankSurprise
microVIM_L_5_CommonFiltered,0,313293.16864,313853.3376,560.1689600000391,12,9.760255868626658,RankSurprise
microVIM_L_5_CommonFiltered,0,332315.81184,332970.88512,655.0732800000114,8,3.7492819175066625,RankSurprise
microVIM_L_5_CommonFiltered,0,334040.30976,334140.37504,100.06528000003891,4,4.155335830024242,RankSurprise
microVIM_L_5_CommonFiltered,0,336896.2048,337128.8576,232.65279999998165,5,3.9061435799605313,RankSurprise
microVIM_L_5_CommonFiltered,0,344720.34304,345766.95296,1046.6099200000172,13,5.3597681658172265,RankSurprise
microVIM_L_5_CommonFiltered,0,388838.07232,388882.71872,44.646400000026915,4,5.914749410914265,RankSurprise
microVIM_L_5_CommonFiltered,0,390354.28864,391613.19424,1258.9055999999982,11,4.292088136925913,RankSurprise
microVIM_L_5_CommonFiltered,0,412094.0544,412150.08768,56.033279999974184,4,5.21686934379985,RankSurprise
microVIM_L_5_CommonFiltered,1,38702.20288,38803.37408,101.17120000000432,4,4.127286684630441,RankSurprise
microVIM_L_5_CommonFiltered,1,51185.62304,51340.20608,154.58304000000498,5,4.621027045834754,RankSurprise
microVIM_L_5_CommonFiltered,1,52473.2416,52476.1088,2.8672000000005937,3,8.905883464786982,RankSurprise
microVIM_L_5_CommonFiltered,1,55664.31232,55682.08896,17.77664000000368,3,5.77038924885783,RankSurprise
microVIM_L_5_CommonFiltered,1,58527.744,59166.63808,638.8940799999982,11,8.582287915755932,RankSurprise
microVIM_L_5_CommonFiltered,1,67562.16832,68263.89504,701.726720000006,13,7.924004107315203,RankSurprise
microVIM_L_5_CommonFiltered,1,99080.11008,99672.71936,592.6092800000042,8,5.791007786819445,RankSurprise
microVIM_L_5_CommonFiltered,1,122462.16704,122487.15264,24.985599999999977,3,4.9167230669304764,RankSurprise
microVIM_L_5_CommonFiltered,1,125953.72032,126079.01696,125.29664000000048,6,7.515066875052717,RankSurprise
microVIM_L_5_CommonFiltered,1,182898.56512,183014.97344,116.40831999998773,4,3.912396898453231,RankSurprise
microVIM_L_5_CommonFiltered,1,219949.62944,222016.43008,2066.8006400000013,19,4.146573490541509,RankSurprise
microVIM_L_5_CommonFiltered,1,244166.656,244798.83264,632.1766400000197,11,7.430219331863277,RankSurprise
microVIM_L_5_CommonFiltered,1,248067.35872,248111.43168,44.07296000001952,3,3.732805434571782,RankSurprise
microVIM_L_5_CommonFiltered,1,255320.10496,257473.24928,2153.144319999992,19,4.822727027233589,RankSurprise
microVIM_L_5_CommonFiltered,1,262936.24832,263150.63296,214.38464000000386,5,4.0621193978768275,RankSurprise
microVIM_L_5_CommonFiltered,1,280479.58016,280607.62112,128.040960000013,5,5.210017716884284,RankSurprise
microVIM_L_5_CommonFiltered,1,308093.62432,308996.5056,902.8812799999723,24,20.0395512551829,RankSurprise
microVIM_L_5_CommonFiltered,1,312965.57056,314499.19488,1533.6243200000026,15,3.978591904164445,RankSurprise
microVIM_L_5_CommonFiltered,1,316259.49184,316284.06784,24.57600000000093,3,4.935591551234859,RankSurprise
microVIM_L_5_CommonFiltered,1,332734.79168,332888.96512,154.1734399999841,8,10.581521723745773,RankSurprise
microVIM_L_5_CommonFiltered,1,343313.08032,345685.64736,2372.5670399999944,27,10.309039700636394,RankSurprise
microVIM_L_5_CommonFiltered,1,382793.9328,382915.33824,121.40544000000227,4,3.5729035537242453,RankSurprise
microVIM_L_5_CommonFiltered,1,388559.0528,388889.55904,330.506240000017,6,4.383802444708841,RankSurprise
microVIM_L_5_CommonFiltered,1,391484.04736,392734.63808,1250.5907199999783,18,9.945460562585627,RankSurprise
microVIM_L_5_CommonFiltered,1,403217.44896,403617.87392,400.4249599999748,7,3.9510318905866977,RankSurprise
microVIM_L_5_CommonFiltered,1,405218.9184,405338.7264,119.80799999996088,4,3.647907677423163,RankSurprise
microVIM_L_5_CommonFiltered,1,406895.0016,407001.7024,106.70079999999143,4,3.912396898453231,RankSurprise
microVIM_L_5_CommonFiltered,3,34515.3536,38328.85248,3813.498879999999,24,9.66111539404206,RankSurprise
microVIM_L_5_CommonFiltered,3,49993.35936,52643.10272,2649.7433600000004,20,6.664986729708193,RankSurprise
microVIM_L_5_CommonFiltered,3,71106.84672,71259.58656,152.73983999999473,5,5.336596467979287,RankSurprise
microVIM_L_5_CommonFiltered,3,117084.20096,117197.90592,113.70496000000276,4,4.735744698588167,RankSurprise
microVIM_L_5_CommonFiltered,3,122828.5952,123042.48832,213.8931200000079,5,4.430823423546457,RankSurprise
microVIM_L_5_CommonFiltered,3,145176.04352,145204.38784,28.34432000000379,3,5.211397443214331,RankSurprise
microVIM_L_5_CommonFiltered,3,155829.0432,155936.03072,106.98752000002423,5,6.619967148828735,RankSurprise
microVIM_L_5_CommonFiltered,3,209743.09376,209791.05792,47.964160000003176,3,4.189714003041585,RankSurprise
microVIM_L_5_CommonFiltered,3,218210.34496,218227.3024,16.957439999998314,3,6.64086397619943,RankSurprise
microVIM_L_5_CommonFiltered,3,219768.2176,222291.43552,2523.2179199999955,30,16.342613186685973,RankSurprise
microVIM_L_5_CommonFiltered,3,229194.42432,229383.12704,188.70272000000114,5,5.196755918346774,RankSurprise
microVIM_L_5_CommonFiltered,3,262238.208,262339.54304,101.3350400000345,5,7.175173696718151,RankSurprise
microVIM_L_5_CommonFiltered,3,268683.38688,269501.35808,817.9711999999708,13,9.710698030367123,RankSurprise
microVIM_L_5_CommonFiltered,3,310091.32544,311609.30304,1517.977600000042,10,4.707802652491831,RankSurprise
microVIM_L_5_CommonFiltered,3,332144.06656,332835.55328,691.4867199999862,12,8.233137372992166,RankSurprise
microVIM_L_5_CommonFiltered,3,344985.72288,345417.76896,432.0460800000001,9,7.34637447024463,RankSurprise
microVIM_L_5_CommonFiltered,3,357911.42912,358041.14944,129.72032000002218,4,4.1651529156986555,RankSurprise
microVIM_L_5_CommonFiltered,3,390102.17984,390329.87648,227.6966399999801,5,4.134100652542468,RankSurprise
microVIM_L_5_CommonFiltered,3,391843.06176,392352.60416,509.5423999999766,10,7.832425581703436,RankSurprise
microVIM_L_5_CommonFiltered,3,404976.88576,405229.64992,252.76416000002064,5,4.059540854059684,RankSurprise
microVIM_L_5_CommonFiltered,3,412034.49856,412124.65152,90.15296000003582,6,10.214423238959128,RankSurprise
microVIM_L_5_CommonFiltered,4,28565.95456,29154.05824,588.1036800000002,6,4.049091087039645,RankSurprise
microVIM_L_5_CommonFiltered,4,35947.7248,36012.4416,64.71679999999469,3,3.742806424665197,RankSurprise
microVIM_L_5_CommonFiltered,4,51504.29184,51641.30304,137.01120000000083,5,6.47065893299645,RankSurprise
microVIM_L_5_CommonFiltered,4,99133.68576,99485.40928,351.7235200000141,5,4.134594175754028,RankSurprise
microVIM_L_5_CommonFiltered,4,173541.41696,173606.95296,65.53599999999278,4,6.74986814625551,RankSurprise
microVIM_L_5_CommonFiltered,4,212689.34656,212735.54944,46.202879999997094,4,7.304710655438274,RankSurprise
microVIM_L_5_CommonFiltered,4,214567.15776,214585.26208,18.104319999984,3,6.058009981618454,RankSurprise
microVIM_L_5_CommonFiltered,4,219670.97856,222160.56832,2489.5897600000026,20,10.065765862712079,RankSurprise
microVIM_L_5_CommonFiltered,4,254200.46336,254299.50464,99.04128000000492,4,5.155582038842013,RankSurprise
microVIM_L_5_CommonFiltered,4,262255.94368,262392.66816,136.7244799999753,4,4.57444268460409,RankSurprise
microVIM_L_5_CommonFiltered,4,280044.78976,280261.67296,216.88319999998203,7,9.228720529390067,RankSurprise
microVIM_L_5_CommonFiltered,4,308054.75328,308460.42112,405.66784000000916,6,5.016573331749591,RankSurprise
microVIM_L_5_CommonFiltered,4,331997.75744,333157.7856,1160.028159999987,11,7.387632502359024,RankSurprise
microVIM_L_5_CommonFiltered,4,345241.64096,345725.37856,483.7375999999931,6,4.301962666617735,RankSurprise
microVIM_L_5_CommonFiltered,4,391174.02112,392061.82912,887.8080000000191,10,6.407338221577417,RankSurprise
microVIM_L_6_CommonFiltered,0,93635.21536,94041.53856,406.3231999999989,5,4.33845823690508,RankSurprise
microVIM_L_6_CommonFiltered,0,97855.65184,98114.9696,259.3177599999908,5,4.702350524259529,RankSurprise
microVIM_L_6_CommonFiltered,0,115437.28128,115735.7568,298.47552000000724,4,3.778688821061209,RankSurprise
microVIM_L_6_CommonFiltered,0,150164.80768,150361.98912,197.18144000001485,4,3.778688821061209,RankSurprise
microVIM_L_6_CommonFiltered,0,200675.24608,201882.70592,1207.459839999996,6,3.6518963850614354,RankSurprise
microVIM_L_6_CommonFiltered,0,271039.11936,271061.11488,21.99551999999676,3,5.5552673699210064,RankSurprise
microVIM_L_6_CommonFiltered,0,308047.6672,310336.79872,2289.1315199999954,16,6.901164905719371,RankSurprise
microVIM_L_6_CommonFiltered,0,330353.74592,330550.76352,197.01759999996284,6,7.48428109231245,RankSurprise
microVIM_L_6_CommonFiltered,0,332287.1808,333223.5264,936.3456000000006,11,8.381787314117133,RankSurprise
microVIM_L_6_CommonFiltered,0,344201.66656,344229.15072,27.4841599999927,3,5.25083448704441,RankSurprise
microVIM_L_6_CommonFiltered,0,358879.39584,359731.03616,851.6403200000059,8,5.128996459479463,RankSurprise
microVIM_L_6_CommonFiltered,0,364742.0416,364917.22752,175.1859200000181,4,3.849615167536548,RankSurprise
microVIM_L_6_CommonFiltered,0,391084.97408,393631.62112,2546.6470400000107,14,7.055200366520208,RankSurprise
microVIM_L_6_CommonFiltered,0,404596.40832,412715.33568,8118.927360000031,34,10.196326612320718,RankSurprise
microVIM_L_6_CommonFiltered,1,58264.7808,60544.6144,2279.833599999998,12,6.594193406826354,RankSurprise
microVIM_L_6_CommonFiltered,1,61915.01312,62365.24544,450.2323199999955,6,6.607068002598702,RankSurprise
microVIM_L_6_CommonFiltered,1,83205.81632,83377.11104,171.29472000000533,5,7.391151755675132,RankSurprise
microVIM_L_6_CommonFiltered,1,173323.50976,174008.07424,684.5644800000009,8,6.762084808156164,RankSurprise
microVIM_L_6_CommonFiltered,1,219253.51424,220086.59968,833.0854400000244,7,4.533359879396576,RankSurprise
microVIM_L_6_CommonFiltered,1,255243.14112,255334.1952,91.0540800000017,3,3.883098793315952,RankSurprise
microVIM_L_6_CommonFiltered,1,308034.92864,308499.456,464.5273600000073,10,13.192362753352057,RankSurprise
microVIM_L_6_CommonFiltered,1,329217.14688,333021.96224,3804.815360000008,18,9.013275633567181,RankSurprise
microVIM_L_6_CommonFiltered,1,410412.56448,412279.3984,1866.8339200000046,18,15.23840506903969,RankSurprise
microVIM_L_6_CommonFiltered,2,19819.84768,20032.06144,212.21376000000237,5,3.7054715472540636,RankSurprise
microVIM_L_6_CommonFiltered,2,35580.96896,35597.18912,16.220160000004398,3,5.265051565255794,RankSurprise
microVIM_L_6_CommonFiltered,2,52079.04256,52906.3936,827.3510400000014,9,4.127102919139692,RankSurprise
microVIM_L_6_CommonFiltered,2,59079.63904,59174.21568,94.57663999999932,5,6.3609304750191455,RankSurprise
microVIM_L_6_CommonFiltered,2,63806.01344,63884.57472,78.56127999999444,6,9.34806854693943,RankSurprise
microVIM_L_6_CommonFiltered,2,70823.15776,71364.8128,541.6550399999978,6,3.540119575544706,RankSurprise
microVIM_L_6_CommonFiltered,2,96067.91168,96106.496,38.58431999999448,3,3.937411432387785,RankSurprise
microVIM_L_6_CommonFiltered,2,100841.92256,101208.63744,366.71487999999954,6,4.85518918232302,RankSurprise
microVIM_L_6_CommonFiltered,2,115529.3184,117305.99936,1776.6809599999979,19,10.33808771019335,RankSurprise
microVIM_L_6_CommonFiltered,2,155242.25024,155282.80064,40.55040000000736,3,3.8378040706737515,RankSurprise
microVIM_L_6_CommonFiltered,2,173498.08128,173853.4912,355.4099199999764,8,6.594581988374204,RankSurprise
microVIM_L_6_CommonFiltered,2,222131.32288,222140.98944,9.666560000012396,3,6.331402991705682,RankSurprise
microVIM_L_6_CommonFiltered,2,229316.93568,229372.64128,55.70560000001569,4,5.480310818229121,RankSurprise
microVIM_L_6_CommonFiltered,2,241004.21632,241099.32544,95.10911999997916,4,4.218268447950706,RankSurprise
microVIM_L_6_CommonFiltered,2,308073.30816,310202.28608,2128.9779199999757,20,7.7952686247324525,RankSurprise
microVIM_L_6_CommonFiltered,2,332209.68448,333278.65856,1068.9740800000145,15,8.617623072525182,RankSurprise
microVIM_L_6_CommonFiltered,2,357985.19808,359759.38048,1774.1823999999906,16,8.374113209991105,RankSurprise
microVIM_L_6_CommonFiltered,2,373220.18816,373426.3808,206.19263999996474,5,3.7054715472540636,RankSurprise
microVIM_L_6_CommonFiltered,2,404880.26112,406317.8752,1437.6140800000285,14,5.627771051601655,RankSurprise
microVIM_L_6_CommonFiltered,2,411678.02368,412206.73536,528.7116800000076,22,27.57716832856842,RankSurprise
microVIM_L_6_CommonFiltered,3,52083.95776,52472.95488,388.99712,5,3.521067921197158,RankSurprise
microVIM_L_6_CommonFiltered,3,61939.17952,61990.95296,51.773440000004484,3,4.318823237957492,RankSurprise
microVIM_L_6_CommonFiltered,3,65881.45664,65944.7808,63.324159999989206,3,3.909742942140076,RankSurprise
microVIM_L_6_CommonFiltered,3,93591.18336,93815.76704,224.58368000001065,7,8.445952643711664,RankSurprise
microVIM_L_6_CommonFiltered,3,115540.04992,116499.49696,959.4470399999991,7,4.1139326996296495,RankSurprise
microVIM_L_6_CommonFiltered,3,251943.40352,252139.35616,195.95264000000316,5,5.6390737285905175,RankSurprise
microVIM_L_6_CommonFiltered,3,260851.67104,260912.5376,60.86656000002404,3,3.909742942140076,RankSurprise
microVIM_L_6_CommonFiltered,3,330522.58304,330622.27968,99.6966399999801,5,7.81600579337087,RankSurprise
microVIM_L_6_CommonFiltered,3,332818.59584,333130.05568,311.4598399999668,7,7.15464231650693,RankSurprise
microVIM_L_6_CommonFiltered,3,358760.448,358903.11168,142.66367999999784,4,4.401575664727554,RankSurprise
microVIM_L_6_CommonFiltered,3,389754.79808,391042.00704,1287.2089600000181,7,4.132030960097216,RankSurprise
microVIM_L_6_CommonFiltered,3,405920.19456,406142.73024,222.53568000002997,5,5.37396068370067,RankSurprise
microVIM_L_6_CommonFiltered,3,408780.22656,410690.02752,1909.8009600000223,11,4.7340712366146995,RankSurprise
microVIM_L_6_CommonFiltered,3,411504.64,412387.86048,883.2204799999599,22,24.948708936983124,RankSurprise
microVIM_L_7_CommonFiltered,0,5141.87264,8548.63872,3406.7660800000012,23,7.334589506326374,RankSurprise
microVIM_L_7_CommonFiltered,0,42068.74624,45233.64352,3164.8972799999974,30,13.309480201457728,RankSurprise
microVIM_L_7_CommonFiltered,0,52243.90656,52701.26592,457.3593599999949,8,5.7218341105259825,RankSurprise
microVIM_L_7_CommonFiltered,0,99256.81152,99314.4832,57.67167999999947,3,3.9696980816407343,RankSurprise
microVIM_L_7_CommonFiltered,0,169930.58816,169961.59488,31.006719999975758,3,5.784988048278983,RankSurprise
microVIM_L_7_CommonFiltered,0,297230.58176,297358.66368,128.081920000026,4,4.097747697940562,RankSurprise
microVIM_L_7_CommonFiltered,0,318731.71456,323977.91232,5246.19776000001,31,10.55058355040734,RankSurprise
microVIM_L_7_CommonFiltered,0,330489.69216,330539.49952,49.80736000003526,3,4.140539955227945,RankSurprise
microVIM_L_7_CommonFiltered,0,362752.04096,365201.89952,2449.858559999964,24,11.013595247298374,RankSurprise
microVIM_L_7_CommonFiltered,0,368829.8496,368882.2784,52.428799999994226,3,3.9696980816407343,RankSurprise
microVIM_L_7_CommonFiltered,0,393449.14432,393694.74048,245.5961599999573,5,3.876568087542008,RankSurprise
microVIM_L_7_CommonFiltered,0,410690.47808,412076.2368,1385.7587200000416,12,5.958167832493481,RankSurprise
microVIM_L_7_CommonFiltered,1,41077.06368,41344.45056,267.3868799999982,5,6.142992940032762,RankSurprise
microVIM_L_7_CommonFiltered,1,69268.76672,69298.91328,30.14655999999377,3,6.000249376663714,RankSurprise
microVIM_L_7_CommonFiltered,1,71041.18784,71258.5216,217.33375999999407,4,3.8226330820501317,RankSurprise
microVIM_L_7_CommonFiltered,1,76372.29568,76584.26368,211.96800000000803,5,5.861879553796474,RankSurprise
microVIM_L_7_CommonFiltered,1,98141.26592,98283.15136,141.8854399999982,4,4.985314511165475,RankSurprise
microVIM_L_7_CommonFiltered,1,114955.264,115935.51872,980.2547199999972,9,6.6129132870103415,RankSurprise
microVIM_L_7_CommonFiltered,1,176199.43424,176295.89504,96.46080000000075,3,3.618371695662452,RankSurprise
microVIM_L_7_CommonFiltered,1,203039.37536,203112.448,73.0726399999985,4,7.047160290954931,RankSurprise
microVIM_L_7_CommonFiltered,1,307957.39136,310531.76832,2574.376959999965,18,9.699139309881096,RankSurprise
microVIM_L_7_CommonFiltered,1,318877.94176,319871.50848,993.5667200000025,8,5.295625798946266,RankSurprise
microVIM_L_7_CommonFiltered,1,330136.65792,332921.36448,2784.7065599999623,13,5.779592750860824,RankSurprise
microVIM_L_7_CommonFiltered,1,337797.20192,337875.3536,78.15167999995174,3,4.049309879203399,RankSurprise
microVIM_L_7_CommonFiltered,1,344010.58816,344868.78208,858.1939199999906,9,7.554520549327699,RankSurprise
microVIM_L_7_CommonFiltered,1,356226.08896,356878.82752,652.7385599999689,6,3.533644831902939,RankSurprise
microVIM_L_7_CommonFiltered,1,367717.1712,367841.36192,124.19072000001324,4,5.383384476053758,RankSurprise
microVIM_L_7_CommonFiltered,1,410810.04032,412332.35968,1522.3193600000232,13,9.129463335634822,RankSurprise
microVIM_L_7_CommonFiltered,2,4743.41376,4986.4704,243.0566399999998,4,4.164157511831158,RankSurprise
microVIM_L_7_CommonFiltered,2,42348.01152,45888.59392,3540.5823999999993,15,7.113056185596496,RankSurprise
microVIM_L_7_CommonFiltered,2,51811.65568,51955.95776,144.30207999999402,3,3.548870640245889,RankSurprise
microVIM_L_7_CommonFiltered,2,66056.43776,66106.44992,50.0121599999984,3,5.125926422936132,RankSurprise
microVIM_L_7_CommonFiltered,2,78759.15776,79012.61824,253.46047999999428,4,5.105166045878164,RankSurprise
microVIM_L_7_CommonFiltered,2,83639.9104,83720.3968,80.48640000000887,3,4.415154535190345,RankSurprise
microVIM_L_7_CommonFiltered,2,102444.11392,103154.56512,710.4511999999959,5,3.5879107854758807,RankSurprise
microVIM_L_7_CommonFiltered,2,115693.69088,115773.35808,79.66720000001078,3,4.072412685555538,RankSurprise
microVIM_L_7_CommonFiltered,2,117452.88192,117906.2272,453.3452799999941,5,4.643187169761429,RankSurprise
microVIM_L_7_CommonFiltered,2,219962.368,221904.97792,1942.6099200000172,9,4.275519065683528,RankSurprise
microVIM_L_7_CommonFiltered,2,310147.60448,310443.45856,295.85408000001917,4,3.8193591731720566,RankSurprise
microVIM_L_7_CommonFiltered,2,350513.52064,351349.18656,835.6659199999995,6,4.477574572031051,RankSurprise
microVIM_L_7_CommonFiltered,2,362157.91616,370620.08832,8462.172159999958,20,4.4445101663975715,RankSurprise
microVIM_L_7_CommonFiltered,2,394883.60448,395052.97408,169.36960000003455,3,3.52477308866683,RankSurprise
microVIM_L_7_CommonFiltered,2,398391.13216,398439.05536,47.92320000001928,3,5.179993644206407,RankSurprise
microVIM_L_7_CommonFiltered,2,405317.09952,411623.09632,6305.996800000023,24,11.8096806660143,RankSurprise
microVIM_L_7_CommonFiltered,3,44253.88032,44283.45344,29.573120000000927,3,6.413958442083932,RankSurprise
microVIM_L_7_CommonFiltered,3,71157.47328,71169.10592,11.632639999996172,3,7.404357146111809,RankSurprise
microVIM_L_7_CommonFiltered,3,96103.79264,96281.10848,177.31583999999566,4,5.558536110074989,RankSurprise
microVIM_L_7_CommonFiltered,3,105211.33056,105512.59136,301.26080000000366,4,4.226685377949128,RankSurprise
microVIM_L_7_CommonFiltered,3,183546.55232,183916.9536,370.40128000002005,4,4.264661582805342,RankSurprise
microVIM_L_7_CommonFiltered,3,309571.87072,310332.08832,760.2175999999745,8,8.05274281845333,RankSurprise
microVIM_L_7_CommonFiltered,3,316977.72544,317240.07424,262.3487999999779,4,4.544873440992983,RankSurprise
microVIM_L_7_CommonFiltered,3,329910.96832,331580.90752,1669.9392000000225,8,4.273082151969497,RankSurprise
microVIM_L_7_CommonFiltered,3,350537.03168,351353.69216,816.6604799999623,6,4.943574300772703,RankSurprise
microVIM_L_7_CommonFiltered,3,407878.94272,412736.9216,4857.97888000001,22,12.229656529237694,RankSurprise
microVIM_L_7_CommonFiltered,4,1090.19136,1180.34432,90.1529599999999,3,3.5099817206695345,RankSurprise
microVIM_L_7_CommonFiltered,4,2690.29376,2884.32128,194.0275200000001,4,4.125436265593635,RankSurprise
microVIM_L_7_CommonFiltered,4,33620.62336,33790.64832,170.02496000000247,4,4.0152394183231905,RankSurprise
microVIM_L_7_CommonFiltered,4,60293.98016,60656.8448,362.8646399999998,6,5.245342370831608,RankSurprise
microVIM_L_7_CommonFiltered,4,62868.52096,63387.97568,519.4547200000015,6,4.212570071703129,RankSurprise
microVIM_L_7_CommonFiltered,4,83217.36704,83277.74208,60.37503999999899,3,4.395792830438028,RankSurprise
microVIM_L_7_CommonFiltered,4,91819.08992,91899.94496,80.85503999999491,4,6.505173147530169,RankSurprise
microVIM_L_7_CommonFiltered,4,105061.86752,105312.62464,250.75711999999476,5,6.255766099790829,RankSurprise
microVIM_L_7_CommonFiltered,4,130208.44032,130648.43264,439.99232000000484,5,3.8171237160767397,RankSurprise
microVIM_L_7_CommonFiltered,4,173553.21344,173590.60992,37.39647999999579,3,5.314065723516176,RankSurprise
microVIM_L_7_CommonFiltered,4,182186.06592,182254.14144,68.07552000001306,3,4.032801244888594,RankSurprise
microVIM_L_7_CommonFiltered,4,196469.59616,196995.35872,525.7625600000028,7,5.868416288917095,RankSurprise
microVIM_L_7_CommonFiltered,4,218994.23744,219282.2272,287.98975999999675,6,6.638308807636424,RankSurprise
microVIM_L_7_CommonFiltered,4,292115.8656,292695.73632,579.8707200000063,6,4.240487359752208,RankSurprise
microVIM_L_7_CommonFiltered,4,296600.00256,297880.41216,1280.4096000000136,12,6.900312189081716,RankSurprise
microVIM_L_7_CommonFiltered,4,308420.77184,308486.71744,65.94559999997728,4,6.967645602819118,RankSurprise
microVIM_L_7_CommonFiltered,4,309651.57888,309830.16448,178.58559999999125,5,6.0200155069018635,RankSurprise
microVIM_L_7_CommonFiltered,4,315877.49888,315975.8848,98.38591999997152,4,5.8043074915461155,RankSurprise
microVIM_L_7_CommonFiltered,4,321908.44928,321986.1504,77.70111999998335,3,3.7834477217032028,RankSurprise
microVIM_L_7_CommonFiltered,4,323861.83168,323946.9056,85.07391999999527,3,3.5749231756061786,RankSurprise
microVIM_L_7_CommonFiltered,4,332770.67264,332952.90368,182.2310399999842,5,6.637687395772044,RankSurprise
microVIM_L_7_CommonFiltered,4,336950.19008,337007.2064,57.01632000005338,3,4.29868408899779,RankSurprise
microVIM_L_7_CommonFiltered,4,356982.74304,357193.68704,210.9440000000177,4,3.724839376148573,RankSurprise
microVIM_L_7_CommonFiltered,4,361724.5184,362015.1296,290.6111999999848,4,3.509537796680398,RankSurprise
microVIM_L_7_CommonFiltered,4,370479.55456,370587.32032,107.76575999998022,4,5.403705009309908,RankSurprise
microVIM_L_7_CommonFiltered,4,391941.28384,392120.81152,179.52767999999924,4,4.239835791546646,RankSurprise
microVIM_L_7_CommonFiltered,4,410356.9408,410527.29344,170.35263999999734,7,11.236487142041788,RankSurprise
microVIM_L_7_CommonFiltered,4,411248.72192,412364.47232,1115.750400000019,9,3.8960322312372284,RankSurprise
microVIM_L_8_CommonFiltered,0,30972.43648,31018.14784,45.71136000000115,3,3.89523705862573,RankSurprise
microVIM_L_8_CommonFiltered,0,51703.3984,53025.05472,1321.6563200000019,18,10.886536111278103,RankSurprise
microVIM_L_8_CommonFiltered,0,65808.75264,65870.19264,61.439999999987776,4,5.895966080334134,RankSurprise
microVIM_L_8_CommonFiltered,0,74230.12864,74286.24384,56.115200000000186,3,3.638654704371536,RankSurprise
microVIM_L_8_CommonFiltered,0,104113.7664,104237.01504,123.24864000000525,4,4.263929948159888,RankSurprise
microVIM_L_8_CommonFiltered,0,115645.27616,118197.57568,2552.2995200000005,20,7.501423307771509,RankSurprise
microVIM_L_8_CommonFiltered,0,219989.07392,221876.59264,1887.5187199999928,20,11.951125327960394,RankSurprise
microVIM_L_8_CommonFiltered,0,254884.20864,255225.2416,341.03296000001137,6,4.864785165108991,RankSurprise
microVIM_L_8_CommonFiltered,0,279938.58048,280972.0832,1033.5027199999895,10,5.5735481047211355,RankSurprise
microVIM_L_8_CommonFiltered,0,309501.82912,310589.80864,1087.9795199999935,20,16.21424475008367,RankSurprise
microVIM_L_8_CommonFiltered,0,330370.53952,330422.76352,52.22399999998743,3,3.61207594675205,RankSurprise
microVIM_L_8_CommonFiltered,0,332372.62336,333124.608,751.9846399999806,10,7.172085763200608,RankSurprise
microVIM_L_8_CommonFiltered,0,390201.05728,390370.42688,169.36959999997634,6,7.9845485187242815,RankSurprise
microVIM_L_8_CommonFiltered,0,392541.71648,392581.65248,39.93599999998696,3,4.086621068519676,RankSurprise
microVIM_L_8_CommonFiltered,0,410381.1072,411030.36416,649.2569599999697,9,5.888451873579762,RankSurprise
microVIM_L_8_CommonFiltered,0,411564.15488,412428.53376,864.378880000033,26,30.209508151744874,RankSurprise
microVIM_L_8_CommonFiltered,3,42900.15232,42949.4272,49.27487999999721,4,5.40726293377617,RankSurprise
microVIM_L_8_CommonFiltered,3,52246.56896,52705.28,458.71104000000196,9,4.035270814230972,RankSurprise
microVIM_L_8_CommonFiltered,3,58083.36896,58642.59584,559.226880000002,12,7.553302445119444,RankSurprise
microVIM_L_8_CommonFiltered,3,63802.32704,63954.86208,152.53504000000248,5,4.048696142471577,RankSurprise
microVIM_L_8_CommonFiltered,3,65855.8976,66158.34624,302.44864000000234,9,7.764579506095854,RankSurprise
microVIM_L_8_CommonFiltered,3,94046.16704,94081.26976,35.102719999995315,4,6.450215360440229,RankSurprise
microVIM_L_8_CommonFiltered,3,99179.47904,99493.0688,313.589759999988,7,4.507879177515347,RankSurprise
microVIM_L_8_CommonFiltered,3,115590.144,115911.8848,321.7407999999996,9,6.59248060589757,RankSurprise
microVIM_L_8_CommonFiltered,3,150181.888,150211.42016,29.532160000002477,3,4.094939976699777,RankSurprise
microVIM_L_8_CommonFiltered,3,203026.18624,203039.37536,13.189119999995455,3,6.024350046053703,RankSurprise
microVIM_L_8_CommonFiltered,3,214591.61088,214603.89888,12.288000000000466,3,5.708716290732475,RankSurprise
microVIM_L_8_CommonFiltered,3,219665.6128,220645.29408,979.6812799999898,14,5.011071741608398,RankSurprise
microVIM_L_8_CommonFiltered,3,244860.14976,245360.92672,500.7769599999883,10,5.3436411563616435,RankSurprise
microVIM_L_8_CommonFiltered,3,254881.30048,255305.1136,423.81312000000617,8,5.153701131646455,RankSurprise
microVIM_L_8_CommonFiltered,3,308043.61216,310270.93504,2227.3228799999924,38,18.289793178819014,RankSurprise
microVIM_L_8_CommonFiltered,3,330348.29824,330622.32064,274.0224000000162,9,7.515450761906738,RankSurprise
microVIM_L_8_CommonFiltered,3,332324.12672,333398.71232,1074.5855999999912,22,16.11779583097529,RankSurprise
microVIM_L_8_CommonFiltered,3,390218.42432,390244.5568,26.132480000029318,3,4.257743552526414,RankSurprise
microVIM_L_8_CommonFiltered,3,392473.6,392558.3872,84.78720000002068,4,3.9543949590015828,RankSurprise
microVIM_L_8_CommonFiltered,3,404873.99424,406475.776,1601.7817599999835,24,11.746831978360685,RankSurprise
microVIM_L_8_CommonFiltered,3,409222.10304,410898.75968,1676.656640000001,15,4.239099549676946,RankSurprise
microVIM_L_8_CommonFiltered,3,411812.94592,412184.33024,371.38431999995373,19,24.01013885200711,RankSurprise
microVIM_L_9_CommonFiltered,0,7038.93504,7306.56768,267.6326399999998,4,3.8583244013578764,RankSurprise
microVIM_L_9_CommonFiltered,0,43222.79424,43340.71808,117.92383999999583,3,3.6934368779122106,RankSurprise
microVIM_L_9_CommonFiltered,0,71056.05632,71297.55648,241.50015999999596,4,4.203116410980758,RankSurprise
microVIM_L_9_CommonFiltered,0,95276.11392,95732.3264,456.21248000000196,6,5.758286990677313,RankSurprise
microVIM_L_9_CommonFiltered,0,105788.8256,106345.18528,556.3596800000087,5,3.861697732434724,RankSurprise
microVIM_L_9_CommonFiltered,0,115225.96864,117355.19232,2129.2236799999955,11,4.000659542591899,RankSurprise
microVIM_L_9_CommonFiltered,0,140183.92064,140579.55328,395.6326399999962,5,4.551017092865813,RankSurprise
microVIM_L_9_CommonFiltered,0,154905.92768,154941.27616,35.348480000015115,3,6.065369389463044,RankSurprise
microVIM_L_9_CommonFiltered,0,201641.61536,203551.58016,1909.964800000016,10,4.008366226332034,RankSurprise
microVIM_L_9_CommonFiltered,0,219225.00608,219343.74912,118.7430400000012,3,3.680616189483148,RankSurprise
microVIM_L_9_CommonFiltered,0,260674.3552,261094.52288,420.1676800000132,5,4.262391532094444,RankSurprise
microVIM_L_9_CommonFiltered,0,292329.22624,293069.29152,740.0652800000389,9,8.224800942064322,RankSurprise
microVIM_L_9_CommonFiltered,0,296656.73216,297435.62752,778.8953599999659,7,4.834316508241322,RankSurprise
microVIM_L_9_CommonFiltered,0,299991.20384,300329.20576,338.0019200000097,5,5.096138858352084,RankSurprise
microVIM_L_9_CommonFiltered,0,309262.336,309471.15008,208.8140799999819,4,4.6037137336406,RankSurprise
microVIM_L_9_CommonFiltered,0,325825.78176,328682.41408,2856.6323200000334,14,4.722319127337602,RankSurprise
microVIM_L_9_CommonFiltered,0,332827.56608,332941.9264,114.36031999997795,4,6.244370660914122,RankSurprise
microVIM_L_9_CommonFiltered,0,335191.16288,335233.72032,42.557440000004135,3,5.392370640663602,RankSurprise
microVIM_L_9_CommonFiltered,0,350509.99808,350817.28,307.28192000003764,4,3.627440113359601,RankSurprise
microVIM_L_9_CommonFiltered,0,357610.74176,357818.04032,207.29855999996653,4,4.738569159410311,RankSurprise
microVIM_L_9_CommonFiltered,0,392945.95072,393215.01696,269.06623999995645,4,3.910199179938928,RankSurprise
microVIM_L_9_CommonFiltered,0,396757.77024,398468.21888,1710.448640000017,11,6.363588541545556,RankSurprise
microVIM_L_9_CommonFiltered,0,402576.22016,402966.1184,389.89823999995133,6,6.600695598294891,RankSurprise
microVIM_L_9_CommonFiltered,0,404071.424,404145.02912,73.605120000022,3,4.546624671955463,RankSurprise
microVIM_L_9_CommonFiltered,0,408790.05696,412724.59264,3934.5356799999718,20,7.313429314335381,RankSurprise
microVIM_L_9_CommonFiltered,1,7029.59616,7165.37856,135.78240000000005,5,4.129904934853844,RankSurprise
microVIM_L_9_CommonFiltered,1,8328.06912,8345.43616,17.36703999999918,3,5.3024756454387365,RankSurprise
microVIM_L_9_CommonFiltered,1,14940.16,15082.86464,142.70463999999993,5,3.98016165332535,RankSurprise
microVIM_L_9_CommonFiltered,1,22629.66272,22816.1536,186.4908800000012,5,3.7655601526975815,RankSurprise
microVIM_L_9_CommonFiltered,1,37068.75904,38558.84288,1490.0838399999993,29,12.098609209857358,RankSurprise
microVIM_L_9_CommonFiltered,1,39193.43616,39788.42112,594.9849600000016,14,8.571457355125329,RankSurprise
microVIM_L_9_CommonFiltered,1,41192.2432,41235.90656,43.66336000000592,5,8.821909339218504,RankSurprise
microVIM_L_9_CommonFiltered,1,47515.15648,47694.52032,179.36384000000544,5,3.684725270987471,RankSurprise
microVIM_L_9_CommonFiltered,1,49749.56544,49772.29824,22.73279999999795,3,4.767779179728198,RankSurprise
microVIM_L_9_CommonFiltered,1,54385.95072,54481.46944,95.51872000000003,5,5.4448723010538345,RankSurprise
microVIM_L_9_CommonFiltered,1,55552.6144,56285.47072,732.856319999999,13,5.7395512799710175,RankSurprise
microVIM_L_9_CommonFiltered,1,57593.32352,58699.9808,1106.6572799999994,25,13.203121129187734,RankSurprise
microVIM_L_9_CommonFiltered,1,59022.49984,59738.03008,715.53024,23,18.60784590705236,RankSurprise
microVIM_L_9_CommonFiltered,1,60449.3824,60748.02176,298.63936000000103,9,7.040699469089048,RankSurprise
microVIM_L_9_CommonFiltered,1,71970.03776,71993.9584,23.920639999996638,3,4.592762002316761,RankSurprise
microVIM_L_9_CommonFiltered,1,76582.0928,76606.99648,24.903680000003078,3,4.607387344890446,RankSurprise
microVIM_L_9_CommonFiltered,1,89031.35232,89128.30464,96.95231999999669,4,3.5402273385981786,RankSurprise
microVIM_L_9_CommonFiltered,1,92365.86496,92398.3872,32.52223999999114,4,6.769952388320373,RankSurprise
microVIM_L_9_CommonFiltered,1,98247.22944,98485.82144,238.5920000000042,6,4.0292500867081795,RankSurprise
microVIM_L_9_CommonFiltered,1,104660.25472,104697.11872,36.8640000000014,3,3.7636974258794424,RankSurprise
microVIM_L_9_CommonFiltered,1,114128.85504,114388.50048,259.6454400000075,7,4.752214057319437,RankSurprise
microVIM_L_9_CommonFiltered,1,115113.94304,115192.2176,78.2745600000053,5,6.430340924506012,RankSurprise
microVIM_L_9_CommonFiltered,1,115978.19904,117199.01184,1220.8127999999997,30,19.51882614219917,RankSurprise
microVIM_L_9_CommonFiltered,1,140227.70688,140376.10496,148.39807999998447,6,5.4252467071370845,RankSurprise
microVIM_L_9_CommonFiltered,1,147935.55968,148230.51264,294.9529599999951,6,3.715290456422121,RankSurprise
microVIM_L_9_CommonFiltered,1,152811.64288,153204.57216,392.9292800000112,8,4.384736833988195,RankSurprise
microVIM_L_9_CommonFiltered,1,179504.70144,179588.17792,83.47647999998298,4,3.8977578629601553,RankSurprise
microVIM_L_9_CommonFiltered,1,181899.14112,181917.73696,18.5958400000236,3,5.162066244316453,RankSurprise
microVIM_L_9_CommonFiltered,1,203063.17312,203152.26112,89.08800000001793,5,5.89709133094966,RankSurprise
microVIM_L_9_CommonFiltered,1,214474.01472,214685.53216,211.517439999996,6,4.31309353525425,RankSurprise
microVIM_L_9_CommonFiltered,1,215590.78912,216024.18688,433.39775999999256,9,4.807652660775522,RankSurprise
microVIM_L_9_CommonFiltered,1,219619.45088,219879.05536,259.60448000000906,7,4.487325666523011,RankSurprise
microVIM_L_9_CommonFiltered,1,231122.28864,231147.39712,25.108479999995325,3,4.528240070566959,RankSurprise
microVIM_L_9_CommonFiltered,1,244095.75424,244116.8896,21.135359999985667,3,4.916301637448001,RankSurprise
microVIM_L_9_CommonFiltered,1,249902.24384,249936.19968,33.955839999980526,5,9.86500300991062,RankSurprise
microVIM_L_9_CommonFiltered,1,253987.30752,254027.12064,39.813120000006165,3,3.5975116870364943,RankSurprise
microVIM_L_9_CommonFiltered,1,278116.352,278152.56064,36.208639999968,3,3.8074948613270756,RankSurprise
microVIM_L_9_CommonFiltered,1,285599.49824,285770.3424,170.84416000003694,6,5.164217952013566,RankSurprise
microVIM_L_9_CommonFiltered,1,286973.25568,287268.00384,294.7481600000174,9,7.244409262306161,RankSurprise
microVIM_L_9_CommonFiltered,1,305400.87296,307738.91072,2338.0377599999774,37,11.814619294598439,RankSurprise
microVIM_L_9_CommonFiltered,1,309509.81632,309595.50464,85.68832000001566,4,3.8081066151182625,RankSurprise
microVIM_L_9_CommonFiltered,1,310132.98176,310604.63616,471.65439999999944,11,8.189175465273886,RankSurprise
microVIM_L_9_CommonFiltered,1,318787.91168,318964.40832,176.49663999996847,6,4.594281743303706,RankSurprise
microVIM_L_9_CommonFiltered,1,325271.71584,325284.4544,12.738559999968857,3,5.990025394807226,RankSurprise
microVIM_L_9_CommonFiltered,1,331927.38816,331975.18848,47.80032000003848,4,5.57268744283034,RankSurprise
microVIM_L_9_CommonFiltered,1,332315.56608,335837.10208,3521.5359999999637,57,17.068391703992727,RankSurprise
microVIM_L_9_CommonFiltered,1,336563.24096,336583.43424,20.193279999948572,3,5.021821122981372,RankSurprise
microVIM_L_9_CommonFiltered,1,339512.19712,339628.48256,116.28543999994872,5,4.6849432225269965,RankSurprise
microVIM_L_9_CommonFiltered,1,342932.97152,343024.51712,91.54559999995399,4,3.587958836623738,RankSurprise
microVIM_L_9_CommonFiltered,1,343676.19072,343863.62368,187.43296000000555,8,7.90067956644801,RankSurprise
microVIM_L_9_CommonFiltered,1,350674.98496,350712.66816,37.68320000002859,3,3.7255555720931675,RankSurprise
microVIM_L_9_CommonFiltered,1,392031.10912,393189.70368,1158.5945599999977,18,5.808413918582959,RankSurprise
microVIM_L_9_CommonFiltered,1,395133.1328,395261.25568,128.1228799999808,5,4.354440001115307,RankSurprise
microVIM_L_9_CommonFiltered,1,396781.81376,396922.63424,140.82047999999486,5,4.033733909910058,RankSurprise
microVIM_L_9_CommonFiltered,1,398145.04448,398643.97824,498.93376000004355,10,5.221156993253779,RankSurprise
microVIM_L_9_CommonFiltered,1,399397.64224,399472.80384,75.16159999999218,4,4.20826604177039,RankSurprise
microVIM_L_9_CommonFiltered,1,405542.912,405603.20512,60.29311999998754,4,4.862942592630862,RankSurprise
microVIM_L_9_CommonFiltered,1,408929.4848,409452.83072,523.3459200000507,11,6.342567960927653,RankSurprise
microVIM_L_9_CommonFiltered,1,410158.12096,411310.98112,1152.8601600000402,26,15.331392003524138,RankSurprise
microVIM_L_9_CommonFiltered,1,411986.08384,412201.49248,215.40864000003785,11,12.781132841378046,RankSurprise
microVIM_L_9_CommonFiltered,3,3718.144,4073.02144,354.8774400000002,6,4.6370057373091935,RankSurprise
microVIM_L_9_CommonFiltered,3,5574.53312,5981.5936,407.0604800000001,7,5.781911542472475,RankSurprise
microVIM_L_9_CommonFiltered,3,41091.80928,41634.28352,542.4742399999959,7,4.770226320047113,RankSurprise
microVIM_L_9_CommonFiltered,3,60703.744,61247.8976,544.1535999999978,9,7.213304087076944,RankSurprise
microVIM_L_9_CommonFiltered,3,65870.2336,66410.00448,539.7708799999964,7,5.229695240063736,RankSurprise
microVIM_L_9_CommonFiltered,3,68190.49472,68250.58304,60.08831999999529,3,4.195029241111941,RankSurprise
microVIM_L_9_CommonFiltered,3,88682.78272,89684.5824,1001.7996799999964,9,3.821218655126997,RankSurprise
microVIM_L_9_CommonFiltered,3,93548.38016,93835.264,286.88383999999496,5,4.114856524462258,RankSurprise
microVIM_L_9_CommonFiltered,3,97514.78272,97703.97696,189.19423999999708,5,5.486106993695188,RankSurprise
microVIM_L_9_CommonFiltered,3,107609.66144,107779.35872,169.6972800000076,4,4.030938369168869,RankSurprise
microVIM_L_9_CommonFiltered,3,113427.41504,113485.70112,58.28607999999076,3,4.216477322004952,RankSurprise
microVIM_L_9_CommonFiltered,3,119185.32608,119472.128,286.80191999999806,5,3.9363369039161284,RankSurprise
microVIM_L_9_CommonFiltered,3,137953.11616,140609.536,2656.4198399999877,18,3.987401937855207,RankSurprise
microVIM_L_9_CommonFiltered,3,162936.38144,163009.41312,73.0316800000146,3,3.7391625016267085,RankSurprise
microVIM_L_9_CommonFiltered,3,186662.74816,187005.1328,342.38464000000386,7,6.471891510931803,RankSurprise
microVIM_L_9_CommonFiltered,3,204244.21376,204315.60704,71.39327999998932,3,3.71384559519349,RankSurprise
microVIM_L_9_CommonFiltered,3,208931.38944,209299.57888,368.18943999998737,6,4.477844642307184,RankSurprise
microVIM_L_9_CommonFiltered,3,243552.82944,243790.68416,237.854720000003,5,4.709286776089488,RankSurprise
microVIM_L_9_CommonFiltered,3,270149.632,270215.49568,65.86368000000948,3,3.9731380381141967,RankSurprise
microVIM_L_9_CommonFiltered,3,276753.77664,276952.02304,198.24640000000363,5,5.29298760967124,RankSurprise
microVIM_L_9_CommonFiltered,3,288386.00704,288431.80032,45.7932799999835,3,4.7022394566675665,RankSurprise
microVIM_L_9_CommonFiltered,3,292568.80128,293177.5488,608.7475199999753,8,5.190667342259593,RankSurprise
microVIM_L_9_CommonFiltered,3,296383.11936,296439.23456,56.115200000000186,3,4.315946093184497,RankSurprise
microVIM_L_9_CommonFiltered,3,308150.02624,308431.99488,281.9686400000355,6,6.331965186254976,RankSurprise
microVIM_L_9_CommonFiltered,3,315261.91104,315750.15424,488.24320000002626,6,3.5859137318578305,RankSurprise
microVIM_L_9_CommonFiltered,3,318448.2304,318829.03552,380.80511999997543,6,4.5259408477588,RankSurprise
microVIM_L_9_CommonFiltered,3,324174.80704,325210.76736,1035.9603200000129,9,3.50835167333904,RankSurprise
microVIM_L_9_CommonFiltered,3,328351.62112,328504.1152,152.49407999997493,4,4.102088134324276,RankSurprise
microVIM_L_9_CommonFiltered,3,331537.53088,332655.49312,1117.9622400000226,12,6.585579911286701,RankSurprise
microVIM_L_9_CommonFiltered,3,342298.74688,342377.96352,79.21663999999873,3,3.5297149097126876,RankSurprise
microVIM_L_9_CommonFiltered,3,343455.25248,343679.5904,224.33791999996174,5,4.869973587205344,RankSurprise
microVIM_L_9_CommonFiltered,3,347851.85792,348681.99424,830.1363200000487,8,4.817450626247152,RankSurprise
microVIM_L_9_CommonFiltered,3,349317.03808,349340.0576,23.019519999972545,3,5.962065572253202,RankSurprise
microVIM_L_9_CommonFiltered,3,353061.888,353105.83808,43.950080000038724,3,4.859465242407136,RankSurprise
microVIM_L_9_CommonFiltered,3,362504.43776,362540.27776,35.84000000002561,3,5.216693130789043,RankSurprise
microVIM_L_9_CommonFiltered,3,395997.02016,396076.31872,79.29855999996653,4,6.169565485077399,RankSurprise
microVIM_L_9_CommonFiltered,3,400314.40896,400429.13792,114.72896000003675,4,5.087604051311537,RankSurprise
microVIM_L_9_CommonFiltered,3,409371.648,409506.65216,135.00416000001132,5,6.810953107187295,RankSurprise
microVIM_L_9_CommonFiltered,3,412026.22464,412057.55904,31.334400000050664,3,5.442289117967125,RankSurprise
microVIM_L_9_CommonFiltered,4,13095.56736,13153.4848,57.91744000000108,3,3.543079432124154,RankSurprise
microVIM_L_9_CommonFiltered,4,15944.04864,16725.31968,781.2710399999996,12,6.249568208981324,RankSurprise
microVIM_L_9_CommonFiltered,4,17411.93216,17464.1152,52.18303999999989,3,3.744931561440586,RankSurprise
microVIM_L_9_CommonFiltered,4,33611.24352,34896.56832,1285.3247999999949,21,11.26674003924539,RankSurprise
microVIM_L_9_CommonFiltered,4,41079.97184,41115.15648,35.18463999999949,4,7.548154057089615,RankSurprise
microVIM_L_9_CommonFiltered,4,43187.24096,43272.68352,85.44255999999586,5,7.023703667253891,RankSurprise
microVIM_L_9_CommonFiltered,4,46628.90496,46667.32544,38.42048000000068,3,4.327896726932309,RankSurprise
microVIM_L_9_CommonFiltered,4,49456.57856,49972.14208,515.5635199999961,8,3.668117763809759,RankSurprise
microVIM_L_9_CommonFiltered,4,52443.66848,52473.20064,29.532160000002477,3,4.773339591435446,RankSurprise
microVIM_L_9_CommonFiltered,4,54367.80544,55061.25824,693.4528000000064,11,5.170417962907655,RankSurprise
microVIM_L_9_CommonFiltered,4,56043.84768,56198.06208,154.2144000000044,6,6.942890224327201,RankSurprise
microVIM_L_9_CommonFiltered,4,59132.35456,59453.2352,320.88064000000304,6,3.8396844685030804,RankSurprise
microVIM_L_9_CommonFiltered,4,61449.29792,63247.89248,1798.594560000005,23,8.757773005467023,RankSurprise
microVIM_L_9_CommonFiltered,4,69602.5088,69636.21888,33.71008000000438,3,4.739795680763544,RankSurprise
microVIM_L_9_CommonFiltered,4,76766.24896,76854.51776,88.26880000000529,4,4.8105271441097415,RankSurprise
microVIM_L_9_CommonFiltered,4,81871.54432,82499.42016,627.8758399999933,9,3.773439470246495,RankSurprise
microVIM_L_9_CommonFiltered,4,86549.13536,86677.01248,127.87712000000465,4,3.656427096291729,RankSurprise
microVIM_L_9_CommonFiltered,4,96869.7856,96913.6128,43.82719999999972,3,4.06210271176081,RankSurprise
microVIM_L_9_CommonFiltered,4,99033.98912,99229.9008,195.9116800000047,5,3.9962831584313427,RankSurprise
microVIM_L_9_CommonFiltered,4,108077.83424,108315.0336,237.1993599999987,5,3.521105603833714,RankSurprise
microVIM_L_9_CommonFiltered,4,113325.17888,113333.6576,8.478719999999157,3,7.533349531468369,RankSurprise
microVIM_L_9_CommonFiltered,4,116318.74048,116360.68352,41.94304000001284,4,7.09051760731451,RankSurprise
microVIM_L_9_CommonFiltered,4,125832.72448,125941.84192,109.1174400000018,4,4.084785314732237,RankSurprise
microVIM_L_9_CommonFiltered,4,130246.77888,130355.2,108.42111999999906,4,4.141998068315118,RankSurprise
microVIM_L_9_CommonFiltered,4,131692.42112,131737.27232,44.851199999975506,3,3.997957135619288,RankSurprise
microVIM_L_9_CommonFiltered,4,136808.8576,136863.00672,54.14912000001641,3,3.6656149737504276,RankSurprise
microVIM_L_9_CommonFiltered,4,148870.9632,148911.104,40.14079999999376,3,4.301005489549302,RankSurprise
microVIM_L_9_CommonFiltered,4,158015.11936,158293.48352,278.36415999999736,6,4.170359847111266,RankSurprise
microVIM_L_9_CommonFiltered,4,162137.94816,162239.44704,101.49887999999919,4,4.409932436244727,RankSurprise
microVIM_L_9_CommonFiltered,4,168338.26816,168569.81504,231.54687999997986,7,6.8508394695010395,RankSurprise
microVIM_L_9_CommonFiltered,4,180472.54528,180509.77792,37.23264000000199,3,4.432087265093195,RankSurprise
microVIM_L_9_CommonFiltered,4,181293.30176,181350.4,57.098239999992074,3,3.566068221349589,RankSurprise
microVIM_L_9_CommonFiltered,4,183015.34208,183072.07168,56.72959999999148,3,3.6034089134398144,RankSurprise
microVIM_L_9_CommonFiltered,4,193583.39072,193642.7008,59.31007999999565,3,3.51583720511883,RankSurprise
microVIM_L_9_CommonFiltered,4,198056.87808,198102.016,45.13792000000831,3,4.015248345507105,RankSurprise
microVIM_L_9_CommonFiltered,4,202943.8976,203168.768,224.87040000001434,5,3.6774614601856364,RankSurprise
microVIM_L_9_CommonFiltered,4,215503.83104,215921.37728,417.54623999999603,9,7.120251973776372,RankSurprise
microVIM_L_9_CommonFiltered,4,240014.99136,240063.36512,48.37375999998767,3,3.9136748356945983,RankSurprise
microVIM_L_9_CommonFiltered,4,244822.87616,244833.81248,10.936319999978878,3,7.030692775456174,RankSurprise
microVIM_L_9_CommonFiltered,4,248892.33408,248983.79776,91.4636799999862,4,4.6098706935318425,RankSurprise
microVIM_L_9_CommonFiltered,4,255107.56352,255442.78016,335.21663999999873,9,8.088047381169734,RankSurprise
microVIM_L_9_CommonFiltered,4,274673.95072,274907.42272,233.47199999995064,7,6.684067374232242,RankSurprise
microVIM_L_9_CommonFiltered,4,276333.48608,276543.44704,209.9609599999967,5,3.737707372981337,RankSurprise
microVIM_L_9_CommonFiltered,4,296813.40416,297186.95936,373.5552000000025,9,7.2632945600829055,RankSurprise
microVIM_L_9_CommonFiltered,4,308067.69664,308684.67712,616.9804800000275,10,4.913426824496852,RankSurprise
microVIM_L_9_CommonFiltered,4,309034.22976,309738.25024,704.0204800000065,9,3.7111090372992526,RankSurprise
microVIM_L_9_CommonFiltered,4,311631.91296,312077.9264,446.0134400000097,9,6.1436549674658565,RankSurprise
microVIM_L_9_CommonFiltered,4,330903.22432,330932.4288,29.204480000014883,3,5.006265873402654,RankSurprise
microVIM_L_9_CommonFiltered,4,332069.76512,332129.8944,60.12927999999374,4,5.8773337074005205,RankSurprise
microVIM_L_9_CommonFiltered,4,343497.35936,343999.32416,501.9648000000161,7,3.7379466899048963,RankSurprise
microVIM_L_9_CommonFiltered,4,346360.09472,346460.32384,100.22912000003271,4,4.382427300526899,RankSurprise
microVIM_L_9_CommonFiltered,4,347335.84384,348440.00256,1104.1587200000067,15,5.828547753098574,RankSurprise
microVIM_L_9_CommonFiltered,4,357046.0672,357194.3424,148.27520000003278,5,5.024348037148524,RankSurprise
microVIM_L_9_CommonFiltered,4,369684.84864,369701.64224,16.79360000003362,3,6.155423420018995,RankSurprise
microVIM_L_9_CommonFiltered,4,390089.3184,390606.848,517.5296000000089,8,4.194067228539706,RankSurprise
microVIM_L_9_CommonFiltered,4,392602.33728,392676.88448,74.54720000002999,4,5.278247791106342,RankSurprise
microVIM_L_9_CommonFiltered,4,394310.656,394473.39008,162.73407999996562,5,4.699483108218363,RankSurprise
microVIM_L_9_CommonFiltered,4,396435.8656,396951.71584,515.8502399999998,9,5.137093080817225,RankSurprise
microVIM_L_9_CommonFiltered,4,397385.19552,397415.424,30.228479999990668,3,4.94083912126664,RankSurprise
microVIM_L_9_CommonFiltered,4,403840.90112,403905.57696,64.67583999998169,4,5.6125458149350465,RankSurprise
microVIM_L_9_CommonFiltered,4,406288.05632,406579.24096,291.1846400000504,6,4.378632739833761,RankSurprise
microVIM_L_9_CommonFiltered,4,407261.3888,410602.53696,3341.1481599999825,39,12.03372658465242,RankSurprise
microVIM_L_9_CommonFiltered,4,412085.49376,412152.91392,67.42016000003787,5,8.229449767649196,RankSurprise
microVIM_L_9_CommonFiltered,4,412821.74976,412855.82848,34.078720000048634,3,4.542005402828268,RankSurprise
microCMCL_L_2_CommonFiltered,1,22769.09056,22956.89216,187.80159999999887,8,8.1264838266203,RankSurprise
microCMCL_L_2_CommonFiltered,1,24889.05728,25099.6736,210.61631999999736,8,7.231869689684152,RankSurprise
microCMCL_L_2_CommonFiltered,1,30567.46496,30937.9072,370.4422400000003,12,9.851070484052546,RankSurprise
microCMCL_L_2_CommonFiltered,1,52294.98368,52343.31648,48.33280000000377,4,5.823704289978146,RankSurprise
microCMCL_L_2_CommonFiltered,1,54171.56608,54707.93728,536.3712000000014,13,9.480545333714497,RankSurprise
microCMCL_L_2_CommonFiltered,1,61910.8352,61914.97216,4.136959999996179,3,10.430486230005648,RankSurprise
microCMCL_L_2_CommonFiltered,1,66541.69088,66750.83264,209.1417599999986,6,3.888715522823915,RankSurprise
microCMCL_L_2_CommonFiltered,1,73699.16416,73896.59136,197.42720000000554,8,7.8510071683340446,RankSurprise
microCMCL_L_2_CommonFiltered,1,77833.70752,78054.56384,220.85632000000624,6,3.9223919797461044,RankSurprise
microCMCL_L_2_CommonFiltered,1,98529.6896,99227.648,697.9584000000032,17,9.574068749739094,RankSurprise
microCMCL_L_2_CommonFiltered,1,100895.00672,101996.70784,1101.701119999998,18,7.146356680434354,RankSurprise
microCMCL_L_2_CommonFiltered,1,112992.70656,113528.29952,535.5929599999945,10,3.8810232789817447,RankSurprise
microCMCL_L_2_CommonFiltered,1,122306.80576,122333.7984,26.992639999996754,3,4.631669095590949,RankSurprise
microCMCL_L_2_CommonFiltered,1,128577.98656,128979.59936,401.61279999998806,10,5.369700068558091,RankSurprise
microCMCL_L_2_CommonFiltered,1,171706.65472,171814.7072,108.05248000001302,6,7.4840522428914795,RankSurprise
microCMCL_L_2_CommonFiltered,1,179691.47904,179704.25856,12.779519999981858,3,6.5094133890575865,RankSurprise
microCMCL_L_2_CommonFiltered,1,183235.21536,183737.09824,501.8828799999901,10,3.8745555994678216,RankSurprise
microCMCL_L_2_CommonFiltered,1,197029.84704,197398.3232,368.4761600000202,15,14.962699035112752,RankSurprise
microCMCL_L_2_CommonFiltered,1,197688.27904,197829.67296,141.39392000000225,5,4.046891165289399,RankSurprise
microCMCL_L_2_CommonFiltered,1,198873.088,199449.68192,576.5939200000139,15,9.103236774715652,RankSurprise
microCMCL_L_2_CommonFiltered,1,202549.08416,202582.13888,33.05472000001464,3,4.182232370195079,RankSurprise
microCMCL_L_2_CommonFiltered,1,225598.99648,225677.43488,78.43839999998454,5,6.570672854836598,RankSurprise
microCMCL_L_2_CommonFiltered,1,234750.19776,234886.59456,136.3967999999877,5,4.109277816659294,RankSurprise
microCMCL_L_2_CommonFiltered,1,242943.22176,243452.47744,509.25568000000203,13,7.7252632815817215,RankSurprise
microCMCL_L_2_CommonFiltered,1,244592.64,244805.91872,213.27871999997296,10,11.144477138256079,RankSurprise
microCMCL_L_2_CommonFiltered,1,260152.68864,260339.75296,187.06432000000495,6,4.45794334665891,RankSurprise
microCMCL_L_2_CommonFiltered,1,272267.83744,272942.12096,674.2835199999972,11,3.751623455107821,RankSurprise
microCMCL_L_2_CommonFiltered,1,273686.40512,273732.28032,45.8752000000095,4,5.98824860628665,RankSurprise
microCMCL_L_2_CommonFiltered,1,277696.34816,278258.2784,561.930240000016,13,7.193379305196807,RankSurprise
microCMCL_L_2_CommonFiltered,1,284234.50624,284424.88832,190.38208000001032,6,4.794825813797424,RankSurprise
microCMCL_L_2_CommonFiltered,1,289458.3808,289526.21056,67.82975999999326,4,4.698566592151433,RankSurprise
microCMCL_L_2_CommonFiltered,1,295916.21632,296014.76608,98.54975999996532,4,3.509318734168531,RankSurprise
microCMCL_L_2_CommonFiltered,1,311033.28256,311073.42336,40.14079999999376,3,3.7401409704899624,RankSurprise
microCMCL_L_2_CommonFiltered,1,315418.37824,315754.25024,335.87200000003213,7,4.590223139789022,RankSurprise
microCMCL_L_2_CommonFiltered,1,341875.01568,342069.73952,194.72383999999147,7,6.108136376268027,RankSurprise
microCMCL_L_2_CommonFiltered,1,351999.3856,352264.92928,265.5436800000025,8,5.801458895787654,RankSurprise
microCMCL_L_2_CommonFiltered,1,354666.94656,354691.35872,24.412160000007134,3,4.830180524486833,RankSurprise
microCMCL_L_2_CommonFiltered,1,371178.0864,371375.67744,197.59104000002844,7,5.943802297693146,RankSurprise
microCMCL_L_2_CommonFiltered,1,387289.00608,387566.83776,277.83168000000296,8,5.3189128794672875,RankSurprise
microCMCL_L_2_CommonFiltered,1,395510.5792,395612.3648,101.78560000000289,6,7.689209901172596,RankSurprise
microCMCL_L_2_CommonFiltered,1,398539.1616,398746.8288,207.66720000002533,7,5.549864819209246,RankSurprise
microCMCL_L_2_CommonFiltered,1,399695.29856,400932.6592,1237.3606399999699,21,9.403654749534459,RankSurprise
microCMCL_L_2_CommonFiltered,1,402201.8048,402301.50144,99.69664000003831,4,3.528862799351586,RankSurprise
microCMCL_L_2_CommonFiltered,1,402742.10816,403078.26688,336.1587200000067,10,7.6941817614656705,RankSurprise
microCMCL_L_2_CommonFiltered,1,404216.832,404404.59264,187.76063999999315,6,4.45794334665891,RankSurprise
microCMCL_L_2_CommonFiltered,2,8947.67104,9020.94848,73.27743999999984,4,4.238871384964089,RankSurprise
microCMCL_L_2_CommonFiltered,2,22752.4608,22791.94624,39.48544000000038,3,3.5879125520688575,RankSurprise
microCMCL_L_2_CommonFiltered,2,24080.30208,24101.84704,21.544959999999264,3,4.910010084189887,RankSurprise
microCMCL_L_2_CommonFiltered,2,24786.08384,24834.12992,48.046080000000075,5,8.34392428380849,RankSurprise
microCMCL_L_2_CommonFiltered,2,35305.55392,35458.70336,153.14944000000105,5,3.6171724452368466,RankSurprise
microCMCL_L_2_CommonFiltered,2,72870.5024,72948.1216,77.619200000001,4,4.034285886965822,RankSurprise
microCMCL_L_2_CommonFiltered,2,73351.53664,73405.48096,53.94431999999506,4,5.184381609340271,RankSurprise
microCMCL_L_2_CommonFiltered,2,73790.75072,73887.45728,96.706560000006,5,5.3668289928487845,RankSurprise
microCMCL_L_2_CommonFiltered,2,80264.192,80305.80736,41.615360000010696,4,6.123803964589246,RankSurprise
microCMCL_L_2_CommonFiltered,2,82638.4384,82981.19168,342.75328000000445,9,5.778145700313183,RankSurprise
microCMCL_L_2_CommonFiltered,2,84487.45472,84527.02208,39.56736000000092,3,3.583418162481017,RankSurprise
microCMCL_L_2_CommonFiltered,2,88891.02336,88923.91424,32.89087999999174,3,3.962931814457864,RankSurprise
microCMCL_L_2_CommonFiltered,2,90694.36928,91128.54528,434.17600000000675,10,5.561097206012418,RankSurprise
microCMCL_L_2_CommonFiltered,2,94478.99136,94645.08416,166.09279999999853,7,6.527099991874014,RankSurprise
microCMCL_L_2_CommonFiltered,2,103409.74592,103613.27616,203.53023999999277,6,3.8897316173844163,RankSurprise
microCMCL_L_2_CommonFiltered,2,114383.2576,114832.95744,449.69984000000113,15,12.724373285659404,RankSurprise
microCMCL_L_2_CommonFiltered,2,119770.15296,120187.37152,417.2185599999939,9,4.695288229062606,RankSurprise
microCMCL_L_2_CommonFiltered,2,122052.8128,122328.14592,275.3331199999957,7,4.050692996635637,RankSurprise
microCMCL_L_2_CommonFiltered,2,125850.09152,125932.17536,82.08383999999205,4,4.0815842039739,RankSurprise
microCMCL_L_2_CommonFiltered,2,126323.34336,126362.8288,39.48544000000402,3,3.547822073142939,RankSurprise
microCMCL_L_2_CommonFiltered,2,131110.54336,131258.40896,147.86559999999008,5,3.928986839771323,RankSurprise
microCMCL_L_2_CommonFiltered,2,131610.50112,131753.82016,143.31904000000213,6,5.561334422215204,RankSurprise
microCMCL_L_2_CommonFiltered,2,132422.00064,132451.90144,29.90079999997397,3,4.211088832970876,RankSurprise
microCMCL_L_2_CommonFiltered,2,134557.12256,134777.73312,220.610560000001,6,3.802403859272812,RankSurprise
microCMCL_L_2_CommonFiltered,2,143878.7584,144047.80032,169.04192000001785,6,5.118305410022707,RankSurprise
microCMCL_L_2_CommonFiltered,2,159502.37696,159605.30944,102.93248000001768,6,7.498376650793027,RankSurprise
microCMCL_L_2_CommonFiltered,2,160285.04064,160319.61088,34.57024000000092,4,6.480519536546328,RankSurprise
microCMCL_L_2_CommonFiltered,2,172842.35264,172879.74912,37.39647999999579,3,3.628823122229605,RankSurprise
microCMCL_L_2_CommonFiltered,2,175285.20704,175565.53728,280.33023999998113,8,5.791482791279974,RankSurprise
microCMCL_L_2_CommonFiltered,2,176703.03744,176734.08512,31.047680000017863,3,4.057393997603359,RankSurprise
microCMCL_L_2_CommonFiltered,2,182913.39264,183064.04352,150.65088000000105,5,3.610092794290779,RankSurprise
microCMCL_L_2_CommonFiltered,2,183538.56512,183575.7568,37.19167999998899,3,3.6989238517075265,RankSurprise
microCMCL_L_2_CommonFiltered,2,195897.79456,196214.45632,316.66175999998813,9,5.798609690562903,RankSurprise
microCMCL_L_2_CommonFiltered,2,197094.27712,198557.61408,1463.336959999986,25,8.023721747765157,RankSurprise
microCMCL_L_2_CommonFiltered,2,208035.30752,208165.02784,129.72031999999308,6,6.013547255274204,RankSurprise
microCMCL_L_2_CommonFiltered,2,210316.82048,211554.46784,1237.6473600000027,22,7.782831045103687,RankSurprise
microCMCL_L_2_CommonFiltered,2,218963.06688,219034.99264,71.92576000001281,4,4.311514230324146,RankSurprise
microCMCL_L_2_CommonFiltered,2,226029.568,226505.5232,475.9551999999967,9,4.311934563573082,RankSurprise
microCMCL_L_2_CommonFiltered,2,227814.97344,227952.39424,137.4207999999926,5,3.9238831682209394,RankSurprise
microCMCL_L_2_CommonFiltered,2,235438.20288,235498.37312,60.17024000000674,5,7.444422978833703,RankSurprise
microCMCL_L_2_CommonFiltered,2,236576.11264,236675.31776,99.20511999999871,6,7.337216514787649,RankSurprise
microCMCL_L_2_CommonFiltered,2,237501.27616,237581.47584,80.19967999999062,4,3.9581648081564786,RankSurprise
microCMCL_L_2_CommonFiltered,2,239702.016,239706.97216,4.956160000001546,3,8.48066359081129,RankSurprise
microCMCL_L_2_CommonFiltered,2,241607.02464,241625.62048,18.5958400000236,3,5.180189122060209,RankSurprise
microCMCL_L_2_CommonFiltered,2,243017.80992,243241.24672,223.43679999999586,10,10.4295890743119,RankSurprise
microCMCL_L_2_CommonFiltered,2,244672.83968,244705.23904,32.39935999998124,3,3.946715479786741,RankSurprise
microCMCL_L_2_CommonFiltered,2,253655.49056,254182.97344,527.4828799999959,12,6.099669640895784,RankSurprise
microCMCL_L_2_CommonFiltered,2,255139.38944,255853.9776,714.5881600000139,15,7.678235025280355,RankSurprise
microCMCL_L_2_CommonFiltered,2,263497.5232,263727.5136,229.99040000000969,6,5.273312185023222,RankSurprise
microCMCL_L_2_CommonFiltered,2,269827.35872,269838.21312,10.854399999952875,4,10.216237397919034,RankSurprise
microCMCL_L_2_CommonFiltered,2,278086.16448,278189.056,102.89152000000468,6,7.142807286678469,RankSurprise
microCMCL_L_2_CommonFiltered,2,284334.24384,284521.39008,187.14623999997275,7,5.782255074206401,RankSurprise
microCMCL_L_2_CommonFiltered,2,288586.01472,288766.93504,180.92032000003383,6,4.719178854686714,RankSurprise
microCMCL_L_2_CommonFiltered,2,293761.47456,293795.30752,33.832959999970626,3,3.962931814457864,RankSurprise
microCMCL_L_2_CommonFiltered,2,293944.97536,293964.67712,19.701760000025388,4,8.397775931005523,RankSurprise
microCMCL_L_2_CommonFiltered,2,298559.16032,298596.51584,37.35551999998279,3,3.633420831478233,RankSurprise
microCMCL_L_2_CommonFiltered,2,303840.74752,304008.06912,167.32160000002477,6,4.854072060176442,RankSurprise
microCMCL_L_2_CommonFiltered,2,332192.64512,332228.03456,35.38943999999901,3,3.836739945007599,RankSurprise
microCMCL_L_2_CommonFiltered,2,341896.56064,342218.9568,322.3961600000039,8,4.462918142999799,RankSurprise
microCMCL_L_2_CommonFiltered,2,345423.6672,345561.74336,138.0761599999969,6,5.658001056771212,RankSurprise
microCMCL_L_2_CommonFiltered,2,352626.8928,352823.5008,196.60800000000745,6,4.0147739049906646,RankSurprise
microCMCL_L_2_CommonFiltered,2,354484.51072,354498.31424,13.803519999957643,3,5.821471032538412,RankSurprise
microCMCL_L_2_CommonFiltered,2,355100.30336,355174.48192,74.17855999997118,4,4.167946029712841,RankSurprise
microCMCL_L_2_CommonFiltered,2,371224.00256,371243.37664,19.374079999979585,3,5.082845732473787,RankSurprise
microCMCL_L_2_CommonFiltered,2,385816.08448,385853.11232,37.027839999995194,3,3.7568290662203587,RankSurprise
microCMCL_L_2_CommonFiltered,2,401874.04288,404371.00544,2496.9625599999563,33,6.048441366940534,RankSurprise
microCMCL_L_2_CommonFiltered,2,404640.60416,405404.22144,763.6172800000058,17,8.467779175687227,RankSurprise
microCMCL_L_2_CommonFiltered,3,14843.2896,14880.52224,37.232640000000174,4,4.4773316204427225,RankSurprise
microCMCL_L_2_CommonFiltered,3,22155.10016,22717.8496,562.7494399999996,17,4.682461531335785,RankSurprise
microCMCL_L_2_CommonFiltered,3,24259.05152,24317.952,58.90048000000024,5,5.350427955930829,RankSurprise
microCMCL_L_2_CommonFiltered,3,25223.12704,25245.36832,22.241280000002007,3,3.580053083526069,RankSurprise
microCMCL_L_2_CommonFiltered,3,30267.63776,30303.68256,36.04479999999967,4,4.525100038491825,RankSurprise
microCMCL_L_2_CommonFiltered,3,33088.75776,33199.26784,110.51008000000002,7,5.893549969770654,RankSurprise
microCMCL_L_2_CommonFiltered,3,33576.46848,33803.6736,227.20511999999871,8,3.577243234293783,RankSurprise
microCMCL_L_2_CommonFiltered,3,38319.84128,38371.08224,51.240960000002815,6,7.6736752615683415,RankSurprise
microCMCL_L_2_CommonFiltered,3,38792.47872,38828.68736,36.20864000000438,4,4.588572102717404,RankSurprise
microCMCL_L_2_CommonFiltered,3,45997.95712,46008.1152,10.158080000001064,3,5.162204774008069,RankSurprise
microCMCL_L_2_CommonFiltered,3,54420.64384,54625.15712,204.5132800000065,8,3.919840758691,RankSurprise
microCMCL_L_2_CommonFiltered,3,60226.23232,60276.98176,50.749439999999595,7,10.174545659884437,RankSurprise
microCMCL_L_2_CommonFiltered,3,61871.75936,61920.58368,48.82432000000699,7,10.351852635527692,RankSurprise
microCMCL_L_2_CommonFiltered,3,62181.08928,62230.77376,49.684479999996256,5,5.756765484094924,RankSurprise
microCMCL_L_2_CommonFiltered,3,63234.4576,63282.7904,48.332799999996496,4,3.7265949914218695,RankSurprise
microCMCL_L_2_CommonFiltered,3,63822.47936,63947.03872,124.55935999999929,6,3.729477343286496,RankSurprise
microCMCL_L_2_CommonFiltered,3,75285.54496,75553.34144,267.7964800000045,11,6.597758405543598,RankSurprise
microCMCL_L_2_CommonFiltered,3,76151.88992,76223.0784,71.18847999999707,6,6.244643461728643,RankSurprise
microCMCL_L_2_CommonFiltered,3,81722.1632,81734.656,12.492800000007264,3,4.721692099475282,RankSurprise
microCMCL_L_2_CommonFiltered,3,82074.0096,82405.62176,331.6121599999897,12,5.908890313181973,RankSurprise
microCMCL_L_2_CommonFiltered,3,83403.5712,83415.16288,11.591679999997723,3,4.812030140749046,RankSurprise
microCMCL_L_2_CommonFiltered,3,87508.21376,87675.53536,167.32159999999567,7,3.565987075006241,RankSurprise
microCMCL_L_2_CommonFiltered,3,89775.80032,90001.89952,226.09920000001148,8,3.572761291913933,RankSurprise
microCMCL_L_2_CommonFiltered,3,90808.36096,90812.8256,4.46463999999105,3,7.1743084020013494,RankSurprise
microCMCL_L_2_CommonFiltered,3,93305.69216,93373.68576,67.99359999998705,6,6.316505536230686,RankSurprise
microCMCL_L_2_CommonFiltered,3,97455.47264,97470.58688,15.114239999995334,3,4.305493120932477,RankSurprise
microCMCL_L_2_CommonFiltered,3,101139.49696,101214.45376,74.95679999999993,6,6.111252779884381,RankSurprise
microCMCL_L_2_CommonFiltered,3,101438.6688,101722.48064,283.81183999999485,13,7.235569756608927,RankSurprise
microCMCL_L_2_CommonFiltered,3,103071.45728,103077.10976,5.652480000004289,3,6.540655957666933,RankSurprise
microCMCL_L_2_CommonFiltered,3,103491.46112,103604.18304,112.72191999999632,7,5.704376321915932,RankSurprise
microCMCL_L_2_CommonFiltered,3,104390.08256,104503.37792,113.29536000000371,6,4.043516882750877,RankSurprise
microCMCL_L_2_CommonFiltered,3,108337.27488,108360.78592,23.511039999997593,4,5.90055913514211,RankSurprise
microCMCL_L_2_CommonFiltered,3,114876.6208,115021.70112,145.08031999999366,7,5.165289546438485,RankSurprise
microCMCL_L_2_CommonFiltered,3,119802.38848,119806.68928,4.3008000000118045,3,7.1600224447538725,RankSurprise
microCMCL_L_2_CommonFiltered,3,126183.87456,126278.0416,94.16704000000027,6,5.385886096976364,RankSurprise
microCMCL_L_2_CommonFiltered,3,133198.80704,133212.3648,13.557759999996051,3,4.521725282412012,RankSurprise
microCMCL_L_2_CommonFiltered,3,149367.68512,149616.51712,248.83199999999488,9,4.0993274829548545,RankSurprise
microCMCL_L_2_CommonFiltered,3,150313.65632,150317.79328,4.136960000003455,3,7.450613167411346,RankSurprise
microCMCL_L_2_CommonFiltered,3,154369.92512,154446.2336,76.30848000000697,5,4.16675167688577,RankSurprise
microCMCL_L_2_CommonFiltered,3,155924.48,156071.56736,147.0873599999759,7,5.124287181728299,RankSurprise
microCMCL_L_2_CommonFiltered,3,158882.89792,159163.5968,280.69888000001083,11,4.8360066606098835,RankSurprise
microCMCL_L_2_CommonFiltered,3,159300.1984,159403.66336,103.46496000001207,7,6.8153170226570765,RankSurprise
microCMCL_L_2_CommonFiltered,3,162246.57408,162265.78432,19.210240000014892,3,3.814282796249648,RankSurprise
microCMCL_L_2_CommonFiltered,3,168432.2304,168740.33152,308.10112000000663,11,5.056761397291399,RankSurprise
microCMCL_L_2_CommonFiltered,3,173588.02944,173684.69504,96.66559999997844,6,5.025974607611481,RankSurprise
microCMCL_L_2_CommonFiltered,3,174924.3904,174940.11904,15.728639999986626,3,4.22843160806528,RankSurprise
microCMCL_L_2_CommonFiltered,3,175503.27808,175554.64192,51.36384000000544,4,3.555119719010456,RankSurprise
microCMCL_L_2_CommonFiltered,3,175856.0256,176114.60608,258.5804800000042,9,3.624535933138277,RankSurprise
microCMCL_L_2_CommonFiltered,3,176580.89472,176783.36,202.46527999997488,9,4.839375213307403,RankSurprise
microCMCL_L_2_CommonFiltered,3,177798.18496,177927.9872,129.80223999998998,7,4.813918180030798,RankSurprise
microCMCL_L_2_CommonFiltered,3,179180.21632,179252.67456,72.45824000000721,6,6.310794511681074,RankSurprise
microCMCL_L_2_CommonFiltered,3,180333.44512,180411.35104,77.90592000001925,6,5.749861962534702,RankSurprise
microCMCL_L_2_CommonFiltered,3,180749.7216,180761.84576,12.124160000006668,3,4.820850452426079,RankSurprise
microCMCL_L_2_CommonFiltered,3,183073.46432,183456.11264,382.6483200000075,13,4.652433928917522,RankSurprise
microCMCL_L_2_CommonFiltered,3,185762.07872,185869.14816,107.06944000002113,6,4.101803347695117,RankSurprise
microCMCL_L_2_CommonFiltered,3,191550.01344,191588.84352,38.83007999998517,5,6.588063618059781,RankSurprise
microCMCL_L_2_CommonFiltered,3,193637.21216,193661.62432,24.412160000007134,5,8.545427105753443,RankSurprise
microCMCL_L_2_CommonFiltered,3,197418.06592,197555.77344,137.7075199999963,11,11.75597363037456,RankSurprise
microCMCL_L_2_CommonFiltered,3,199002.27584,199195.77088,193.49504000000888,8,3.9131192744437078,RankSurprise
microCMCL_L_2_CommonFiltered,3,199722.06592,199729.9712,7.905280000006314,3,5.741943766652842,RankSurprise
microCMCL_L_2_CommonFiltered,3,200833.14688,200838.88128,5.734400000015739,3,6.50956704011427,RankSurprise
microCMCL_L_2_CommonFiltered,3,201862.5536,202113.18784,250.63423999998486,11,6.298890600538035,RankSurprise
microCMCL_L_2_CommonFiltered,3,202819.21536,203033.1904,213.97503999999026,10,6.215528125594793,RankSurprise
microCMCL_L_2_CommonFiltered,3,215767.04,216005.09952,238.0595199999807,9,4.03169759583788,RankSurprise
microCMCL_L_2_CommonFiltered,3,217520.78336,217788.49792,267.71455999999307,9,3.7083939121494356,RankSurprise
microCMCL_L_2_CommonFiltered,3,219499.7248,219595.24352,95.51871999999275,6,4.627346054677774,RankSurprise
microCMCL_L_2_CommonFiltered,3,226391.8592,226398.49472,6.635519999981625,4,10.358669693227949,RankSurprise
microCMCL_L_2_CommonFiltered,3,227521.90464,227538.41152,16.50688000000082,3,4.135316818824391,RankSurprise
microCMCL_L_2_CommonFiltered,3,235035.36128,235170.93888,135.57759999998962,7,4.759274837594846,RankSurprise
microCMCL_L_2_CommonFiltered,3,238995.0464,239035.63776,40.59136000002036,4,4.183170539191817,RankSurprise
microCMCL_L_2_CommonFiltered,3,242037.30944,242389.48352,352.17407999999705,12,4.27622350811792,RankSurprise
microCMCL_L_2_CommonFiltered,3,242998.23104,243324.88704,326.6559999999881,15,8.641404768899998,RankSurprise
microCMCL_L_2_CommonFiltered,3,244537.1392,244699.66848,162.52927999998792,12,11.24758825401561,RankSurprise
microCMCL_L_2_CommonFiltered,3,246347.03872,246359.77728,12.73855999999796,3,4.615218536964752,RankSurprise
microCMCL_L_2_CommonFiltered,3,253656.71936,254140.66176,483.9423999999999,16,7.6104896173697645,RankSurprise
microCMCL_L_2_CommonFiltered,3,257049.72288,257060.00384,10.280960000003688,3,5.085074265799674,RankSurprise
microCMCL_L_2_CommonFiltered,3,259101.53216,259144.25344,42.72127999999793,4,4.060555089319262,RankSurprise
microCMCL_L_2_CommonFiltered,3,262381.9776,262490.15296,108.17535999999382,9,9.366591546121,RankSurprise
microCMCL_L_2_CommonFiltered,3,264224.5632,264695.84896,471.28575999999885,18,7.872149474857971,RankSurprise
microCMCL_L_2_CommonFiltered,3,273600.59392,273607.14752,6.553599999984726,3,6.118532811580602,RankSurprise
microCMCL_L_2_CommonFiltered,3,275114.14784,275135.16032,21.012480000033975,3,3.6305973080306178,RankSurprise
microCMCL_L_2_CommonFiltered,3,275885.91616,276162.92864,277.01247999997577,10,4.581809109733693,RankSurprise
microCMCL_L_2_CommonFiltered,3,276656.3328,276659.97824,3.645440000051167,3,7.8103314276158144,RankSurprise
microCMCL_L_2_CommonFiltered,3,279059.94752,279135.72352,75.77600000001257,5,4.3625950188636295,RankSurprise
microCMCL_L_2_CommonFiltered,3,285425.62304,285461.01248,35.38943999999901,4,4.5949937983943165,RankSurprise
microCMCL_L_2_CommonFiltered,3,287646.67904,287692.75904,46.07999999995809,4,3.8544133657994344,RankSurprise
microCMCL_L_2_CommonFiltered,3,288609.32096,288648.72448,39.40351999999257,5,6.502122766714763,RankSurprise
microCMCL_L_2_CommonFiltered,3,289405.87008,289694.96576,289.09567999996943,11,4.781492352047383,RankSurprise
microCMCL_L_2_CommonFiltered,3,290362.81856,290393.53856,30.720000000030268,4,5.020178445079949,RankSurprise
microCMCL_L_2_CommonFiltered,3,291818.45504,291976.56064,158.10560000000987,8,5.276993938101974,RankSurprise
microCMCL_L_2_CommonFiltered,3,293768.47872,293895.45472,126.975999999966,10,10.267811735392149,RankSurprise
microCMCL_L_2_CommonFiltered,3,299126.33344,299328.88064,202.54719999997178,9,4.972273222891667,RankSurprise
microCMCL_L_2_CommonFiltered,3,301750.84544,301910.016,159.17055999999866,8,5.020263721465837,RankSurprise
microCMCL_L_2_CommonFiltered,3,324923.10528,325155.55328,232.44799999997485,8,3.9217628003490286,RankSurprise
microCMCL_L_2_CommonFiltered,3,326497.32096,326625.15712,127.8361600000062,8,6.629034553681721,RankSurprise
microCMCL_L_2_CommonFiltered,3,330603.47904,330619.53536,16.05631999997422,3,4.173322736904845,RankSurprise
microCMCL_L_2_CommonFiltered,3,331039.98976,332000.33792,960.3481599999941,24,5.675654608758855,RankSurprise
microCMCL_L_2_CommonFiltered,3,332276.16256,332370.65728,94.49471999995876,9,10.314745611396857,RankSurprise
microCMCL_L_2_CommonFiltered,3,333700.7104,333752.85248,52.14208000001963,4,3.56726548666224,RankSurprise
microCMCL_L_2_CommonFiltered,3,339186.40128,339214.7456,28.344320000032894,4,5.326673285147486,RankSurprise
microCMCL_L_2_CommonFiltered,3,340480.08192,340747.18208,267.1001599999727,11,6.127856620935254,RankSurprise
microCMCL_L_2_CommonFiltered,3,346609.95072,346941.35808,331.40735999995377,13,6.759659984435187,RankSurprise
microCMCL_L_2_CommonFiltered,3,352128.04096,352243.17952,115.13855999999214,6,4.481402670541791,RankSurprise
microCMCL_L_2_CommonFiltered,3,352577.49504,352706.47808,128.98303999996278,9,7.953492066071585,RankSurprise
microCMCL_L_2_CommonFiltered,3,355935.232,356010.47552,75.24351999995997,6,5.931700227031683,RankSurprise
microCMCL_L_2_CommonFiltered,3,358105.86624,358113.93536,8.069120000000112,3,5.6395320183362685,RankSurprise
microCMCL_L_2_CommonFiltered,3,367068.40576,367081.8816,13.475840000028256,3,4.525534810828679,RankSurprise
microCMCL_L_2_CommonFiltered,3,372282.1632,372740.7104,458.5471999999718,14,5.147636134193565,RankSurprise
microCMCL_L_2_CommonFiltered,3,386421.02272,386457.23136,36.208639999968,5,6.840693530657383,RankSurprise
microCMCL_L_2_CommonFiltered,3,387407.38048,387551.51872,144.13824000000022,7,4.399363882761228,RankSurprise
microCMCL_L_2_CommonFiltered,3,388866.99008,388877.27104,10.280960000003688,3,5.095188083542288,RankSurprise
microCMCL_L_2_CommonFiltered,3,389144.94464,389196.1856,51.24096000002464,4,3.658392199935655,RankSurprise
microCMCL_L_2_CommonFiltered,3,389241.856,389261.47584,19.619839999999385,6,12.777499617667857,RankSurprise
microCMCL_L_2_CommonFiltered,3,391062.81472,391081.41056,18.595839999965392,4,6.623444073370642,RankSurprise
microCMCL_L_2_CommonFiltered,3,392004.85376,392560.92672,556.0729599999613,17,5.720182338725977,RankSurprise
microCMCL_L_2_CommonFiltered,3,392793.16992,392919.77728,126.60735999996541,7,5.2873533516062174,RankSurprise
microCMCL_L_2_CommonFiltered,3,395221.68832,395240.36608,18.677759999991395,4,6.536240590537677,RankSurprise
microCMCL_L_2_CommonFiltered,3,397695.54944,397970.59584,275.0464000000502,10,4.439841811111545,RankSurprise
microCMCL_L_2_CommonFiltered,3,398296.71936,398307.90144,11.182079999998678,3,4.874605155382193,RankSurprise
microCMCL_L_2_CommonFiltered,3,398817.4848,398833.41824,15.933440000051633,3,4.1701278460083255,RankSurprise
microCMCL_L_2_CommonFiltered,3,398967.35744,398988.16512,20.807680000027176,3,3.6650173469647687,RankSurprise
microCMCL_L_2_CommonFiltered,3,399667.07712,399758.86848,91.791360000032,5,3.7121796579143513,RankSurprise
microCMCL_L_2_CommonFiltered,3,400604.28288,400699.88352,95.60063999996055,7,6.453475073260742,RankSurprise
microCMCL_L_2_CommonFiltered,3,401584.3328,401899.64288,315.31008000002475,11,4.029644654077061,RankSurprise
microCMCL_L_2_CommonFiltered,3,404609.31072,404670.70976,61.39903999998933,5,4.94476184501643,RankSurprise
microCMCL_L_2_CommonFiltered,3,405208.2688,405225.84064,17.571839999989606,3,4.028421087573468,RankSurprise
microCMCL_L_2_CommonFiltered,3,406189.62944,406212.4032,22.773760000010952,3,3.5215008723983683,RankSurprise
microCMCL_L_2_CommonFiltered,4,9643.2128,9705.18528,61.97248000000036,4,4.812175418776452,RankSurprise
microCMCL_L_2_CommonFiltered,4,11883.60192,11913.70752,30.105600000000777,3,4.085173542217397,RankSurprise
microCMCL_L_2_CommonFiltered,4,22972.416,23134.74048,162.3244799999993,5,3.6241450522214436,RankSurprise
microCMCL_L_2_CommonFiltered,4,35217.57184,35301.49888,83.92704000000231,5,5.914272233823596,RankSurprise
microCMCL_L_2_CommonFiltered,4,51932.48768,52178.00192,245.51424000000407,8,6.345798171439855,RankSurprise
microCMCL_L_2_CommonFiltered,4,63258.33728,63276.48256,18.145279999997,3,4.991394356453437,RankSurprise
microCMCL_L_2_CommonFiltered,4,66935.52128,67028.992,93.47071999999753,4,3.6947627515107406,RankSurprise
microCMCL_L_2_CommonFiltered,4,68193.93536,68508.95872,315.02335999999195,7,3.80857653573426,RankSurprise
microCMCL_L_2_CommonFiltered,4,69928.30464,70013.5424,85.23776000000362,5,5.975723345200411,RankSurprise
microCMCL_L_2_CommonFiltered,4,76712.7552,76993.41312,280.65791999999783,8,5.699035727932451,RankSurprise
microCMCL_L_2_CommonFiltered,4,81552.46592,81621.6064,69.14048000000184,4,4.533430217937699,RankSurprise
microCMCL_L_2_CommonFiltered,4,82676.9408,83201.59744,524.6566400000011,10,4.375368493935744,RankSurprise
microCMCL_L_2_CommonFiltered,4,92025.89696,92145.95072,120.05375999999524,6,6.4891230551579255,RankSurprise
microCMCL_L_2_CommonFiltered,4,95655.56736,96511.50848,855.9411200000031,13,3.9350401758009887,RankSurprise
microCMCL_L_2_CommonFiltered,4,98160.39424,98300.76416,140.36992000001192,6,5.888209782921351,RankSurprise
microCMCL_L_2_CommonFiltered,4,101045.6576,101225.92256,180.26496000000043,6,4.860133435365071,RankSurprise
microCMCL_L_2_CommonFiltered,4,102438.0928,102549.58592,111.49311999999918,5,4.9803678411341075,RankSurprise
microCMCL_L_2_CommonFiltered,4,113882.03008,113921.2288,39.19872000000032,3,3.558227573129116,RankSurprise
microCMCL_L_2_CommonFiltered,4,117325.45536,117595.42272,269.9673599999951,6,3.606990818185053,RankSurprise
microCMCL_L_2_CommonFiltered,4,118675.82464,118730.01472,54.19008000000031,4,5.084715182052644,RankSurprise
microCMCL_L_2_CommonFiltered,4,122338.95936,122548.10112,209.14176000001316,7,6.13326679646936,RankSurprise
microCMCL_L_2_CommonFiltered,4,131708.47744,131728.87552,20.39808000001358,4,7.9616541941459715,RankSurprise
microCMCL_L_2_CommonFiltered,4,139431.23968,139467.5712,36.331520000007,3,3.7885138738278386,RankSurprise
microCMCL_L_2_CommonFiltered,4,143092.89984,143583.8464,490.94656000001123,11,6.099250425911162,RankSurprise
microCMCL_L_2_CommonFiltered,4,153673.19552,153727.71328,54.5177599999879,4,5.199266707733646,RankSurprise
microCMCL_L_2_CommonFiltered,4,154689.00352,154713.00608,24.002559999993537,3,4.52949664739088,RankSurprise
microCMCL_L_2_CommonFiltered,4,158882.32448,160739.90144,1857.5769599999767,24,4.552614038173036,RankSurprise
microCMCL_L_2_CommonFiltered,4,163693.1584,163755.17184,62.01344000000972,4,4.788584182379761,RankSurprise
microCMCL_L_2_CommonFiltered,4,168226.2016,168257.86368,31.662080000009155,3,4.05913146345606,RankSurprise
microCMCL_L_2_CommonFiltered,4,173329.12128,174071.11168,741.9904000000097,11,3.8061162464550393,RankSurprise
microCMCL_L_2_CommonFiltered,4,176287.98976,177069.2608,781.2710399999924,15,6.934049797101423,RankSurprise
microCMCL_L_2_CommonFiltered,4,181424.7424,181452.96384,28.221440000022994,3,4.095686068147815,RankSurprise
microCMCL_L_2_CommonFiltered,4,193453.83424,193490.69824,36.8640000000014,4,6.279576689932245,RankSurprise
microCMCL_L_2_CommonFiltered,4,196284.78464,196579.40992,294.6252800000075,7,4.315105171625494,RankSurprise
microCMCL_L_2_CommonFiltered,4,196990.03392,197315.42016,325.38624000002164,7,3.8422058024746457,RankSurprise
microCMCL_L_2_CommonFiltered,4,204198.13376,204323.34848,125.21471999998903,5,4.72042220765735,RankSurprise
microCMCL_L_2_CommonFiltered,4,205194.32192,205227.25376,32.93184000000474,3,4.05913146345606,RankSurprise
microCMCL_L_2_CommonFiltered,4,209709.62944,210086.25664,376.6272000000172,8,4.982119101119077,RankSurprise
microCMCL_L_2_CommonFiltered,4,226988.2368,227087.5648,99.32799999997951,4,3.9978776834562453,RankSurprise
microCMCL_L_2_CommonFiltered,4,228613.7344,228619.96032,6.225920000026235,3,7.378868991598111,RankSurprise
microCMCL_L_2_CommonFiltered,4,238149.59104,238226.30912,76.71807999999146,4,4.458825948447075,RankSurprise
microCMCL_L_2_CommonFiltered,4,241300.15232,241561.23136,261.07904000001145,7,4.52804292682421,RankSurprise
microCMCL_L_2_CommonFiltered,4,243161.37472,243280.6912,119.3164800000086,6,7.129826441916769,RankSurprise
microCMCL_L_2_CommonFiltered,4,244497.408,244888.41216,391.0041600000113,9,5.300164187700704,RankSurprise
microCMCL_L_2_CommonFiltered,4,254003.56864,254140.08832,136.5196799999976,5,4.384294798278663,RankSurprise
microCMCL_L_2_CommonFiltered,4,255136.39936,255146.55744,10.158079999993788,3,6.277176175572464,RankSurprise
microCMCL_L_2_CommonFiltered,4,255549.8496,255601.78688,51.937280000012834,4,5.217284806995995,RankSurprise
microCMCL_L_2_CommonFiltered,4,256763.45344,257221.50912,458.0556799999904,9,4.7356909602012704,RankSurprise
microCMCL_L_2_CommonFiltered,4,259695.37024,259724.65664,29.28640000001178,3,4.15994873972717,RankSurprise
microCMCL_L_2_CommonFiltered,4,260728.17664,260790.39488,62.21824000001652,4,4.8200805708386945,RankSurprise
microCMCL_L_2_CommonFiltered,4,262299.77088,262662.30784,362.53695999999763,8,4.40420269790575,RankSurprise
microCMCL_L_2_CommonFiltered,4,264079.85152,264280.4736,200.622080000001,5,3.6219956693413025,RankSurprise
microCMCL_L_2_CommonFiltered,4,272918.7328,272956.86656,38.13375999999698,3,3.7349989089583744,RankSurprise
microCMCL_L_2_CommonFiltered,4,273990.57408,274309.07904,318.5049599999911,7,4.8910010304217915,RankSurprise
microCMCL_L_2_CommonFiltered,4,275016.17152,275265.49504,249.32352000003448,8,7.04990968049045,RankSurprise
microCMCL_L_2_CommonFiltered,4,297937.01888,298249.54368,312.5248000000138,7,3.576246225757546,RankSurprise
microCMCL_L_2_CommonFiltered,4,304616.28416,304709.632,93.34784000000218,4,3.7029334374013843,RankSurprise
microCMCL_L_2_CommonFiltered,4,308788.26496,308805.4272,17.16223999997601,3,5.199826733345084,RankSurprise
microCMCL_L_2_CommonFiltered,4,314116.13696,314242.41664,126.27968000003602,6,6.911910415898063,RankSurprise
microCMCL_L_2_CommonFiltered,4,316620.67712,316815.85152,195.17440000001807,8,7.775872193943705,RankSurprise
microCMCL_L_2_CommonFiltered,4,327825.32608,327840.11264,14.786559999978635,3,5.442845177982459,RankSurprise
microCMCL_L_2_CommonFiltered,4,331088.6912,331182.4896,93.79839999997057,4,3.868318704250445,RankSurprise
microCMCL_L_2_CommonFiltered,4,332029.78816,332407.68512,377.89695999998366,8,4.462175983540884,RankSurprise
microCMCL_L_2_CommonFiltered,4,339818.2912,339840.86016,22.568960000004154,3,4.644006357702295,RankSurprise
microCMCL_L_2_CommonFiltered,4,351938.68288,351970.0992,31.41632000001846,3,3.919249031894662,RankSurprise
microCMCL_L_2_CommonFiltered,4,353057.46432,353133.11744,75.65311999997357,5,6.378502876286934,RankSurprise
microCMCL_L_2_CommonFiltered,4,354546.8928,354587.52512,40.63232000003336,3,3.590715630622654,RankSurprise
microCMCL_L_2_CommonFiltered,4,355924.91008,356093.50144,168.59136000002036,5,3.626295590684677,RankSurprise
microCMCL_L_2_CommonFiltered,4,358597.14048,358630.35904,33.21856000000844,3,4.0080430340090025,RankSurprise
microCMCL_L_2_CommonFiltered,4,386055.70048,386328.69888,272.9983999999822,7,4.878008664323792,RankSurprise
microCMCL_L_2_CommonFiltered,4,388326.11328,388503.3472,177.23392000002787,5,3.509700119530695,RankSurprise
microCMCL_L_2_CommonFiltered,4,389323.24352,389612.544,289.30047999997623,7,4.332690209271757,RankSurprise
microCMCL_L_2_CommonFiltered,4,390037.13536,390347.20256,310.0671999999904,7,4.463465555068782,RankSurprise
microCMCL_L_2_CommonFiltered,4,392102.21568,392265.97376,163.7580799999996,5,4.125084501171425,RankSurprise
microCMCL_L_2_CommonFiltered,4,397135.58528,397207.01952,71.43423999997322,5,6.51787482964928,RankSurprise
microCMCL_L_2_CommonFiltered,4,402704.54784,402776.22784,71.67999999999302,4,4.427412020494785,RankSurprise
microCMCL_L_2_CommonFiltered,4,403908.52608,405313.65888,1405.1328000000212,22,7.339903107632062,RankSurprise
microCMCL_L_2_CommonFiltered,4,406185.08288,406285.312,100.2291199999745,5,5.353318693635188,RankSurprise
microCMCL_L_3_CommonFiltered,0,53082.80832,53356.17536,273.36704000000464,4,4.691384863722639,RankSurprise
microCMCL_L_3_CommonFiltered,0,71049.91232,71473.52064,423.60831999999937,4,3.6688868132574335,RankSurprise
microCMCL_L_3_CommonFiltered,0,73591.15264,73753.88672,162.73407999999472,3,3.7205110203694627,RankSurprise
microCMCL_L_3_CommonFiltered,0,81714.7904,81913.28256,198.49216000000888,4,5.711318841291172,RankSurprise
microCMCL_L_3_CommonFiltered,0,93132.14464,93706.93632,574.7916799999948,5,4.25853968492871,RankSurprise
microCMCL_L_3_CommonFiltered,0,183997.19424,184710.18496,712.9907200000016,5,3.601719871804846,RankSurprise
microCMCL_L_3_CommonFiltered,0,200985.6,201068.05248,82.4524800000072,3,4.982486952086912,RankSurprise
microCMCL_L_3_CommonFiltered,0,235864.76032,236024.38144,159.62111999999615,3,3.7356628253900652,RankSurprise
microCMCL_L_3_CommonFiltered,0,238604.36992,238809.86624,205.49632000000565,4,5.585171096678522,RankSurprise
microCMCL_L_3_CommonFiltered,0,248273.7152,248362.27072,88.55551999999443,3,4.926536511013142,RankSurprise
microCMCL_L_3_CommonFiltered,0,260601.6512,260732.23168,130.58048000000417,3,4.120182961824224,RankSurprise
microCMCL_L_3_CommonFiltered,0,287934.01344,288042.72128,108.70783999998821,3,4.550417138044796,RankSurprise
microCMCL_L_3_CommonFiltered,0,305049.96864,307872.44032,2822.471680000017,12,5.173255360030614,RankSurprise
microCMCL_L_3_CommonFiltered,0,308935.14752,309103.28832,168.14079999999376,3,3.6610262596134096,RankSurprise
microCMCL_L_3_CommonFiltered,0,313038.52032,313159.14752,120.62719999998808,3,4.354602901206368,RankSurprise
microCMCL_L_3_CommonFiltered,0,321472.67584,323419.7504,1947.0745600000373,10,4.988537209162896,RankSurprise
microCMCL_L_3_CommonFiltered,0,342967.74656,343326.18752,358.4409599999781,4,3.9113467255223533,RankSurprise
microCMCL_L_3_CommonFiltered,0,356492.0832,357098.82368,606.7404799999786,7,7.747427400217518,RankSurprise
microCMCL_L_3_CommonFiltered,0,379052.35968,379476.04992,423.69024000002537,4,3.8217871790075257,RankSurprise
microCMCL_L_3_CommonFiltered,0,392344.28928,395099.7504,2755.4611199999927,12,5.098540682929114,RankSurprise
microCMCL_L_3_CommonFiltered,0,405865.39008,411807.37536,5941.985280000023,24,7.983930213068538,RankSurprise
microCMCL_L_3_CommonFiltered,2,59802.29632,59906.82624,104.52992000000086,3,4.349831620352109,RankSurprise
microCMCL_L_3_CommonFiltered,2,64691.32288,64783.52384,92.20096000000194,3,4.327608483567399,RankSurprise
microCMCL_L_3_CommonFiltered,2,84933.67296,85088.74752,155.0745600000082,3,3.642060310036305,RankSurprise
microCMCL_L_3_CommonFiltered,2,126989.88544,128019.2512,1029.3657600000006,6,3.6184224753681526,RankSurprise
microCMCL_L_3_CommonFiltered,2,131174.4,132124.42624,950.0262400000065,7,4.9697549322669285,RankSurprise
microCMCL_L_3_CommonFiltered,2,140015.8208,140091.35104,75.53024000002188,3,4.914077335847441,RankSurprise
microCMCL_L_3_CommonFiltered,2,143731.22048,143782.37952,51.15903999999864,3,5.575256351395996,RankSurprise
microCMCL_L_3_CommonFiltered,2,217870.5408,218264.7808,394.2400000000198,5,5.1820746968780504,RankSurprise
microCMCL_L_3_CommonFiltered,2,242912.21504,242927.73888,15.523839999979828,3,8.288421653164978,RankSurprise
microCMCL_L_3_CommonFiltered,2,245596.28288,247347.8144,1751.5315199999895,8,4.493442015353087,RankSurprise
microCMCL_L_3_CommonFiltered,2,252840.09984,253711.60576,871.505919999996,6,3.879521666288033,RankSurprise
microCMCL_L_3_CommonFiltered,2,256727.77728,257052.13952,324.36223999998765,4,3.8982657194388466,RankSurprise
microCMCL_L_3_CommonFiltered,2,260479.42656,260805.09952,325.67295999999624,4,4.13567993235338,RankSurprise
microCMCL_L_3_CommonFiltered,2,267418.4192,267532.04224,113.62303999997675,3,4.059157773043506,RankSurprise
microCMCL_L_3_CommonFiltered,2,275661.824,275699.54816,37.724159999983385,3,6.4385545531296415,RankSurprise
microCMCL_L_3_CommonFiltered,2,305655.72608,305930.77248,275.046399999992,4,4.605991042863856,RankSurprise
microCMCL_L_3_CommonFiltered,2,308893.65504,309616.35328,722.6982399999979,6,4.787507858957753,RankSurprise
microCMCL_L_3_CommonFiltered,2,330897.32608,333035.76576,2138.439679999952,11,5.3211136887398816,RankSurprise
microCMCL_L_3_CommonFiltered,2,379669.95456,380042.24,372.28544000000693,5,5.451705177859001,RankSurprise
microCMCL_L_3_CommonFiltered,2,393416.58112,393552.77312,136.19200000003912,3,3.788469542837319,RankSurprise
microCMCL_L_3_CommonFiltered,2,403437.48608,403533.94688,96.46080000000075,4,7.22699743511375,RankSurprise
microCMCL_L_3_CommonFiltered,2,407338.35264,412247.94112,4909.588479999977,19,6.403502055453643,RankSurprise
microCMCL_L_4_CommonFiltered,2,63561.23648,63584.8704,23.633920000000217,3,4.45238166397378,RankSurprise
microCMCL_L_4_CommonFiltered,2,64669.98272,64715.32544,45.342720000000554,4,5.472303156999434,RankSurprise
microCMCL_L_4_CommonFiltered,2,65828.4544,65858.84672,30.392319999999017,3,3.9633273919237446,RankSurprise
microCMCL_L_4_CommonFiltered,2,82958.29504,83059.0976,100.80255999999645,5,4.945179624683217,RankSurprise
microCMCL_L_4_CommonFiltered,2,85077.31968,85493.02272,415.70303999999305,9,4.597587136965511,RankSurprise
microCMCL_L_4_CommonFiltered,2,90432.06144,90959.6672,527.6057599999913,10,4.172921600674641,RankSurprise
microCMCL_L_4_CommonFiltered,2,93748.10112,93829.24288,81.14175999999861,5,5.756546131444473,RankSurprise
microCMCL_L_4_CommonFiltered,2,104412.20096,104505.05728,92.85631999999168,4,3.8600701300574727,RankSurprise
microCMCL_L_4_CommonFiltered,2,112049.88928,112128.04096,78.1516799999954,4,3.8077511978135234,RankSurprise
microCMCL_L_4_CommonFiltered,2,122753.92512,122870.9888,117.06368000000657,5,4.268520574128424,RankSurprise
microCMCL_L_4_CommonFiltered,2,132986.22464,133256.3968,270.17215999998734,7,4.1047050456682905,RankSurprise
microCMCL_L_4_CommonFiltered,2,141981.45024,142034.98496,53.534719999996014,5,7.46160575900776,RankSurprise
microCMCL_L_4_CommonFiltered,2,143942.53312,143973.70368,31.17055999999866,3,3.8656334207641443,RankSurprise
microCMCL_L_4_CommonFiltered,2,155103.92832,155129.15968,25.231360000005225,3,4.334178621146394,RankSurprise
microCMCL_L_4_CommonFiltered,2,155831.86944,156059.07456,227.20511999999871,7,5.336201415543404,RankSurprise
microCMCL_L_4_CommonFiltered,2,162047.05792,162070.69184,23.633920000022044,3,4.4402419932857065,RankSurprise
microCMCL_L_4_CommonFiltered,2,164351.26272,164922.5728,571.3100799999957,12,6.086759446821204,RankSurprise
microCMCL_L_4_CommonFiltered,2,169778.176,169818.39872,40.22271999999066,5,8.68992166839864,RankSurprise
microCMCL_L_4_CommonFiltered,2,170312.45824,170335.35488,22.89663999999175,3,4.53313817071075,RankSurprise
microCMCL_L_4_CommonFiltered,2,176462.6432,176811.29472,348.651520000014,8,4.194315767545266,RankSurprise
microCMCL_L_4_CommonFiltered,2,178346.22976,178492.2112,145.9814400000032,5,3.9428136600281967,RankSurprise
microCMCL_L_4_CommonFiltered,2,188877.94688,188891.7504,13.803519999986747,3,5.717611749985252,RankSurprise
microCMCL_L_4_CommonFiltered,2,203853.4144,203984.03584,130.62143999998807,5,4.15539625677814,RankSurprise
microCMCL_L_4_CommonFiltered,2,204734.2592,204765.67552,31.416319999989355,3,3.8520586906459364,RankSurprise
microCMCL_L_4_CommonFiltered,2,217100.65664,217124.94592,24.289279999997234,3,4.380624928229572,RankSurprise
microCMCL_L_4_CommonFiltered,2,218241.88416,220536.54528,2294.6611200000043,33,7.31713917082189,RankSurprise
microCMCL_L_4_CommonFiltered,2,221831.12704,222292.5824,461.45536000002176,13,8.537644399392375,RankSurprise
microCMCL_L_4_CommonFiltered,2,222933.44256,223031.45984,98.01728000000003,5,4.994634832818406,RankSurprise
microCMCL_L_4_CommonFiltered,2,235826.176,235861.77024,35.59424000000581,3,3.598286584952188,RankSurprise
microCMCL_L_4_CommonFiltered,2,243157.56544,243179.64288,22.077439999993658,3,4.684526611837946,RankSurprise
microCMCL_L_4_CommonFiltered,2,245108.16256,245314.47808,206.31552000000374,7,5.193089547649217,RankSurprise
microCMCL_L_4_CommonFiltered,2,249619.53792,250169.05728,549.5193600000057,14,9.083190198703194,RankSurprise
microCMCL_L_4_CommonFiltered,2,253985.5872,254212.62848,227.04128000000492,8,6.351287591167933,RankSurprise
microCMCL_L_4_CommonFiltered,2,258837.13536,259166.90432,329.7689600000158,12,10.533202091056788,RankSurprise
microCMCL_L_4_CommonFiltered,2,262048.23552,262650.79808,602.5625599999912,12,5.6008134551043955,RankSurprise
microCMCL_L_4_CommonFiltered,2,263970.6112,263985.3568,14.745600000023842,3,5.542155522916179,RankSurprise
microCMCL_L_4_CommonFiltered,2,264187.45344,264207.85152,20.39808000001358,3,4.754099054541944,RankSurprise
microCMCL_L_4_CommonFiltered,2,271360.4096,271573.56544,213.15583999996306,6,3.62743985645065,RankSurprise
microCMCL_L_4_CommonFiltered,2,276223.09888,276258.32448,35.225600000005215,3,3.6793514627540915,RankSurprise
microCMCL_L_4_CommonFiltered,2,279029.1456,279119.0528,89.90720000001602,6,7.617038998861432,RankSurprise
microCMCL_L_4_CommonFiltered,2,279495.72096,279578.66496,82.9440000000177,4,3.79141721020191,RankSurprise
microCMCL_L_4_CommonFiltered,2,280042.94656,280058.38848,15.441920000012033,3,5.459881167704268,RankSurprise
microCMCL_L_4_CommonFiltered,2,280552.8576,280624.70144,71.84383999998681,4,4.016875510170404,RankSurprise
microCMCL_L_4_CommonFiltered,2,281031.72096,281058.54976,26.82880000001751,4,7.249010676612723,RankSurprise
microCMCL_L_4_CommonFiltered,2,289577.94304,289666.37568,88.43264000001363,4,3.622507080421041,RankSurprise
microCMCL_L_4_CommonFiltered,2,291282.82112,291417.37472,134.55360000004293,6,6.373667173666021,RankSurprise
microCMCL_L_4_CommonFiltered,2,296155.05408,296221.696,66.64192000002367,4,4.2009454253254255,RankSurprise
microCMCL_L_4_CommonFiltered,2,304645.07904,305293.27104,648.1920000000391,14,8.206158173948078,RankSurprise
microCMCL_L_4_CommonFiltered,2,306408.69376,306448.67072,39.97695999999996,4,5.90636466024295,RankSurprise
microCMCL_L_4_CommonFiltered,2,306876.2112,306889.728,13.51679999998305,3,5.729106129410987,RankSurprise
microCMCL_L_4_CommonFiltered,2,309143.1424,309200.60928,57.46687999996357,5,7.138723297522276,RankSurprise
microCMCL_L_4_CommonFiltered,2,309978.07104,310497.23904,519.1680000000051,13,7.594203824228551,RankSurprise
microCMCL_L_4_CommonFiltered,2,312758.76352,312845.68064,86.91711999999825,4,3.5640553939945683,RankSurprise
microCMCL_L_4_CommonFiltered,2,323363.6352,323380.30592,16.670719999994617,3,5.222635199808138,RankSurprise
microCMCL_L_4_CommonFiltered,2,326461.97248,327907.45088,1445.4784000000218,21,5.403160008613784,RankSurprise
microCMCL_L_4_CommonFiltered,2,329476.01408,329561.04704,85.03295999998227,4,3.764389985750377,RankSurprise
microCMCL_L_4_CommonFiltered,2,330350.05952,330399.90784,49.84831999999005,4,5.173864059215763,RankSurprise
microCMCL_L_4_CommonFiltered,2,331562.76224,331807.70304,244.94079999998212,7,4.45477379713195,RankSurprise
microCMCL_L_4_CommonFiltered,2,332217.91744,332286.7712,68.85376000002725,6,8.854943485764437,RankSurprise
microCMCL_L_4_CommonFiltered,2,336153.64096,337457.93024,1304.2892800000263,26,10.801858764269172,RankSurprise
microCMCL_L_4_CommonFiltered,2,340328.12032,340884.2752,556.1548799999873,15,10.803739595078321,RankSurprise
microCMCL_L_4_CommonFiltered,2,343320.53504,343445.87264,125.33760000002803,6,5.928250561514659,RankSurprise
microCMCL_L_4_CommonFiltered,2,343978.27072,344107.90912,129.6384000000544,5,3.9994718538390934,RankSurprise
microCMCL_L_4_CommonFiltered,2,344734.67904,344845.84448,111.16544000001159,7,8.584998518581457,RankSurprise
microCMCL_L_4_CommonFiltered,2,346335.10912,346659.06176,323.95264000003226,7,3.6535331951653567,RankSurprise
microCMCL_L_4_CommonFiltered,2,347353.00608,347379.99872,26.9926399999531,3,4.15323303939002,RankSurprise
microCMCL_L_4_CommonFiltered,2,349006.52032,349611.99104,605.470719999983,10,3.811393714361596,RankSurprise
microCMCL_L_4_CommonFiltered,2,350493.04064,350555.79136,62.75071999995271,4,4.578510568703997,RankSurprise
microCMCL_L_4_CommonFiltered,2,351643.60704,352000.2048,356.5977600000333,8,3.9871590100235665,RankSurprise
microCMCL_L_4_CommonFiltered,2,353407.26272,353484.02176,76.75903999997536,4,4.005190970000239,RankSurprise
microCMCL_L_4_CommonFiltered,2,356044.55424,356077.11744,32.56319999997504,4,6.57442388425201,RankSurprise
microCMCL_L_4_CommonFiltered,2,356976.27136,356999.70048,23.429119999986142,3,4.464595470859335,RankSurprise
microCMCL_L_4_CommonFiltered,2,358150.3488,358436.37248,286.0236800000421,8,5.924820663157963,RankSurprise
microCMCL_L_4_CommonFiltered,2,369972.18304,370007.40864,35.225600000005215,3,3.5745942808544022,RankSurprise
microCMCL_L_4_CommonFiltered,2,408722.14528,408757.98528,35.84000000002561,4,6.1764039618747155,RankSurprise
microCMCL_L_4_CommonFiltered,4,19780.07552,19825.78688,45.71136000000115,3,4.460758466570889,RankSurprise
microCMCL_L_4_CommonFiltered,4,63006.59712,63201.15712,194.56000000000495,4,3.6261148643378185,RankSurprise
microCMCL_L_4_CommonFiltered,4,79820.43136,80049.02912,228.5977600000042,5,5.0260230024954105,RankSurprise
microCMCL_L_4_CommonFiltered,4,92041.95328,92286.23872,244.28543999999238,5,4.800854750479029,RankSurprise
microCMCL_L_4_CommonFiltered,4,117343.80544,117382.79936,38.993920000008075,3,4.76598864687004,RankSurprise
microCMCL_L_4_CommonFiltered,4,119761.75616,119909.9904,148.23423999999068,5,6.4523043116501135,RankSurprise
microCMCL_L_4_CommonFiltered,4,124121.98912,124161.06496,39.07584000000497,3,4.824175338435554,RankSurprise
microCMCL_L_4_CommonFiltered,4,129799.61856,129935.31904,135.70047999999952,5,6.679193083216028,RankSurprise
microCMCL_L_4_CommonFiltered,4,154676.0192,154687.52896,11.509759999986272,3,7.190863317622359,RankSurprise
microCMCL_L_4_CommonFiltered,4,158137.67168,158792.66304,654.9913600000145,7,4.143701007923606,RankSurprise
microCMCL_L_4_CommonFiltered,4,161454.24384,161529.36448,75.12063999997918,3,3.7703036901326,RankSurprise
microCMCL_L_4_CommonFiltered,4,172025.40544,172205.91616,180.51071999999112,5,5.718068942649598,RankSurprise
microCMCL_L_4_CommonFiltered,4,200837.69344,201055.72352,218.03007999999681,5,5.061817524327235,RankSurprise
microCMCL_L_4_CommonFiltered,4,206660.64896,206843.12576,182.476800000004,4,3.6888350457279557,RankSurprise
microCMCL_L_4_CommonFiltered,4,251161.43616,252717.75232,1556.3161599999876,12,3.9980635231410004,RankSurprise
microCMCL_L_4_CommonFiltered,4,254799.0528,254830.22336,31.17055999999866,3,5.214075930002608,RankSurprise
microCMCL_L_4_CommonFiltered,4,269653.93408,269796.06528,142.13120000000345,5,6.546729840826053,RankSurprise
microCMCL_L_4_CommonFiltered,4,271209.55392,271315.88608,106.33216000004904,4,5.263871580162558,RankSurprise
microCMCL_L_4_CommonFiltered,4,290257.14176,290968.90368,711.7619199999608,7,3.928069287725619,RankSurprise
microCMCL_L_4_CommonFiltered,4,291743.04768,291888.90624,145.8585599999642,4,4.44806671786634,RankSurprise
microCMCL_L_4_CommonFiltered,4,305129.96352,305325.54752,195.58400000003166,4,3.6888350457279557,RankSurprise
microCMCL_L_4_CommonFiltered,4,306207.744,306790.23616,582.4921599999652,7,4.180551240309333,RankSurprise
microCMCL_L_4_CommonFiltered,4,320009.0112,320026.4192,17.40799999999581,3,6.4702229964822155,RankSurprise
microCMCL_L_4_CommonFiltered,4,325883.2896,325921.3824,38.09279999998398,3,4.85391607443737,RankSurprise
microCMCL_L_4_CommonFiltered,4,328358.58432,328388.44416,29.859839999990072,3,5.287144941023909,RankSurprise
microCMCL_L_4_CommonFiltered,4,331800.45312,333098.10688,1297.6537599999574,12,5.330639926489112,RankSurprise
microCMCL_L_4_CommonFiltered,4,338344.71424,338371.46112,26.746879999991506,3,5.5662107271867765,RankSurprise
microCMCL_L_4_CommonFiltered,4,343239.59808,343309.63968,70.04159999999683,5,9.046562645178078,RankSurprise
microCMCL_L_4_CommonFiltered,4,345343.50848,346139.68896,796.1804799999809,8,4.140398721981507,RankSurprise
microCMCL_L_4_CommonFiltered,4,349776.24064,349792.82944,16.588800000026822,3,6.573702044040337,RankSurprise
microCMCL_L_4_CommonFiltered,4,350717.00992,350725.40672,8.396800000045914,3,7.679861538343829,RankSurprise
microCMCL_L_4_CommonFiltered,4,352170.31168,352545.1776,374.8659200000111,5,3.763289207234571,RankSurprise
microCMCL_L_4_CommonFiltered,4,355458.08896,357079.77728,1621.6883199999575,17,9.585702811496667,RankSurprise
microCMCL_L_4_CommonFiltered,4,372715.3152,372793.46688,78.15168000000995,3,3.5872229759668297,RankSurprise
microCMCL_L_4_CommonFiltered,4,391969.91488,392435.42528,465.5104000000283,7,5.29822289321387,RankSurprise
microCMCL_L_4_CommonFiltered,4,411784.97024,411858.65728,73.68703999998979,3,3.710213056449293,RankSurprise
microCMCL_L_4_CommonFiltered,4,412594.21696,412630.91712,36.7001600000076,3,4.977509358356256,RankSurprise
microCMCL_L_5_CommonFiltered,1,22670.90944,23517.71648,846.8070399999997,21,10.954959035979059,RankSurprise
microCMCL_L_5_CommonFiltered,1,37301.00224,37311.488,10.485759999995935,4,8.684516186002519,RankSurprise
microCMCL_L_5_CommonFiltered,1,40882.87232,40938.12736,55.25503999999637,4,3.909129809812022,RankSurprise
microCMCL_L_5_CommonFiltered,1,41318.64576,41434.80832,116.16255999999703,6,5.366212526011914,RankSurprise
microCMCL_L_5_CommonFiltered,1,57579.60192,57745.73568,166.13375999999698,6,3.5966433699990756,RankSurprise
microCMCL_L_5_CommonFiltered,1,58440.62208,58444.43136,3.8092800000013085,3,8.670146701719972,RankSurprise
microCMCL_L_5_CommonFiltered,1,60245.31968,60600.81152,355.4918400000024,10,5.686552977544479,RankSurprise
microCMCL_L_5_CommonFiltered,1,61614.94016,61697.55648,82.616320000001,5,5.166048029847193,RankSurprise
microCMCL_L_5_CommonFiltered,1,61946.38848,62673.63328,727.2448000000004,30,23.577178560455987,RankSurprise
microCMCL_L_5_CommonFiltered,1,70967.74656,70985.19552,17.44895999999426,3,4.238099133490527,RankSurprise
microCMCL_L_5_CommonFiltered,1,84338.97472,84542.95552,203.98080000000482,13,14.51662626618823,RankSurprise
microCMCL_L_5_CommonFiltered,1,91840.59392,91852.92288,12.328959999998915,3,4.837017638761489,RankSurprise
microCMCL_L_5_CommonFiltered,1,93727.00672,93792.01024,65.00351999999839,5,5.483982808665463,RankSurprise
microCMCL_L_5_CommonFiltered,1,99428.63872,99533.49632,104.857600000003,5,4.134261216650398,RankSurprise
microCMCL_L_5_CommonFiltered,1,104949.02272,104971.264,22.241280000002007,3,3.861782361104641,RankSurprise
microCMCL_L_5_CommonFiltered,1,112852.82816,112924.672,71.84384000000136,6,7.097474605136874,RankSurprise
microCMCL_L_5_CommonFiltered,1,117314.19136,117325.45536,11.264000000010128,3,5.080706630502688,RankSurprise
microCMCL_L_5_CommonFiltered,1,120013.824,120047.616,33.79200000000128,4,5.260184249242258,RankSurprise
microCMCL_L_5_CommonFiltered,1,123023.52384,123040.07168,16.54783999999927,3,4.391726056374573,RankSurprise
microCMCL_L_5_CommonFiltered,1,133169.31584,133237.63712,68.32128000000375,4,3.8151959264974664,RankSurprise
microCMCL_L_5_CommonFiltered,1,140760.80128,141398.17984,637.3785599999828,12,4.173158462224479,RankSurprise
microCMCL_L_5_CommonFiltered,1,150940.63104,150975.03744,34.40639999997802,4,5.272184297242674,RankSurprise
microCMCL_L_5_CommonFiltered,1,155990.46656,156050.06336,59.59679999999935,6,7.762997092702562,RankSurprise
microCMCL_L_5_CommonFiltered,1,174570.33216,174748.71296,178.38080000001355,6,3.93533193733526,RankSurprise
microCMCL_L_5_CommonFiltered,1,176303.67744,176500.65408,196.97664000000805,6,3.8697504349113387,RankSurprise
microCMCL_L_5_CommonFiltered,1,192222.53568,192234.65984,12.124160000006668,3,4.928871113294191,RankSurprise
microCMCL_L_5_CommonFiltered,1,198630.44096,198662.67648,32.235519999987446,4,5.401170747650326,RankSurprise
microCMCL_L_5_CommonFiltered,1,203007.34464,203241.84064,234.49600000001374,11,9.222959596032572,RankSurprise
microCMCL_L_5_CommonFiltered,1,213841.59232,213864.48896,22.89663999999175,3,3.6803711451882624,RankSurprise
microCMCL_L_5_CommonFiltered,1,216325.5296,216422.97344,97.44383999999263,5,4.1727384981574325,RankSurprise
microCMCL_L_5_CommonFiltered,1,218352.59904,218358.70208,6.103039999987232,3,6.384251843166306,RankSurprise
microCMCL_L_5_CommonFiltered,1,219586.10944,219704.23808,118.12864000000991,6,5.345100580701732,RankSurprise
microCMCL_L_5_CommonFiltered,1,221899.9808,222047.96928,147.98847999999998,6,4.885816024165784,RankSurprise
microCMCL_L_5_CommonFiltered,1,225305.76384,225447.40352,141.63967999999295,6,4.232255874333122,RankSurprise
microCMCL_L_5_CommonFiltered,1,228186.43968,228299.12064,112.68095999999787,7,7.031155217002123,RankSurprise
microCMCL_L_5_CommonFiltered,1,237027.04128,237234.42176,207.38047999999253,7,4.60738460363472,RankSurprise
microCMCL_L_5_CommonFiltered,1,251288.41216,251340.75904,52.34687999999733,4,4.147350421228051,RankSurprise
microCMCL_L_5_CommonFiltered,1,251983.54432,252325.10976,341.56544000000576,13,8.759358187153321,RankSurprise
microCMCL_L_5_CommonFiltered,1,253929.63584,254200.34048,270.70464000001084,14,14.350481623605395,RankSurprise
microCMCL_L_5_CommonFiltered,1,254736.13824,254830.91968,94.78143999999156,5,4.218101516485067,RankSurprise
microCMCL_L_5_CommonFiltered,1,262307.4304,262311.60832,4.177919999987353,3,7.9873982283809255,RankSurprise
microCMCL_L_5_CommonFiltered,1,278821.80608,278897.74592,75.93984000000637,5,5.266419350640678,RankSurprise
microCMCL_L_5_CommonFiltered,1,293124.17792,293134.70464,10.526720000023488,3,5.03613619502598,RankSurprise
microCMCL_L_5_CommonFiltered,1,304735.51872,304949.08416,213.56544000003487,6,3.723582019568918,RankSurprise
microCMCL_L_5_CommonFiltered,1,315153.57184,315178.72128,25.149440000008326,3,3.658117743209951,RankSurprise
microCMCL_L_5_CommonFiltered,1,330007.06048,330337.77152,330.7110400000238,10,6.3514826161351365,RankSurprise
microCMCL_L_5_CommonFiltered,1,332340.0192,332639.35488,299.33568000001833,16,15.167725035710891,RankSurprise
microCMCL_L_5_CommonFiltered,1,340479.67232,340518.17472,38.50239999999758,4,5.114098544570346,RankSurprise
microCMCL_L_5_CommonFiltered,1,342442.92608,342460.98944,18.063359999971,3,4.187001293490626,RankSurprise
microCMCL_L_5_CommonFiltered,1,345077.71904,345219.85024,142.13120000000345,9,9.813399692683475,RankSurprise
microCMCL_L_5_CommonFiltered,1,355675.5456,356140.40064,464.8550399999949,12,5.75025399126226,RankSurprise
microCMCL_L_5_CommonFiltered,1,359025.21344,359068.22144,43.007999999972526,4,4.815749260317226,RankSurprise
microCMCL_L_5_CommonFiltered,1,359922.81088,360018.37056,95.55968000000576,5,4.254108336407132,RankSurprise
microCMCL_L_5_CommonFiltered,1,361707.43808,361855.13984,147.7017600000254,5,4.027210273968084,RankSurprise
microCMCL_L_5_CommonFiltered,1,372542.70976,372561.38752,18.677759999991395,3,4.10233230227565,RankSurprise
microCMCL_L_5_CommonFiltered,1,393441.56672,393647.14496,205.57824000000255,7,4.4691999186818485,RankSurprise
microCMCL_L_5_CommonFiltered,1,405359.69792,405521.32608,161.62816000002204,8,6.834351047875948,RankSurprise
microCMCL_L_5_CommonFiltered,1,406162.59584,406330.04032,167.44447999994736,6,3.7059470360794546,RankSurprise
microCMCL_L_5_CommonFiltered,1,406812.42624,406867.02592,54.5996799999848,6,8.665504371378596,RankSurprise
microCMCL_L_6_CommonFiltered,3,19721.78944,20555.81696,834.0275199999996,6,4.118415665864511,RankSurprise
microCMCL_L_6_CommonFiltered,3,37004.57472,39275.9296,2271.3548800000062,8,3.8748577337341388,RankSurprise
microCMCL_L_6_CommonFiltered,3,51564.17536,58579.72224,7015.546880000002,19,5.0963254778781035,RankSurprise
microCMCL_L_6_CommonFiltered,3,93606.05184,94572.58496,966.5331199999928,5,3.5700705798948924,RankSurprise
microCMCL_L_6_CommonFiltered,3,98625.82272,98637.90592,12.083200000008219,3,7.149923377188686,RankSurprise
microCMCL_L_6_CommonFiltered,3,253946.88,255668.67456,1721.7945600000094,10,7.591842727451565,RankSurprise
microCMCL_L_6_CommonFiltered,3,288752.39424,289289.4208,537.0265600000275,5,4.023616061219407,RankSurprise
microCMCL_L_6_CommonFiltered,3,296010.05568,296117.49376,107.43807999999262,3,3.956023538390662,RankSurprise
microCMCL_L_6_CommonFiltered,3,307995.0336,310379.23328,2384.1996799999615,11,6.272880145514104,RankSurprise
microCMCL_L_6_CommonFiltered,3,329125.51936,333019.5456,3894.0262400000356,13,5.0099919700672935,RankSurprise
microCMCL_L_6_CommonFiltered,3,384984.10496,385062.74816,78.64319999999134,3,4.206361975963604,RankSurprise
microCMCL_L_6_CommonFiltered,3,391213.056,393899.13088,2686.074880000029,11,5.250113459075504,RankSurprise
microCMCL_L_6_CommonFiltered,3,408095.29344,408124.17024,28.876800000027288,4,8.631868982236263,RankSurprise
microCMCL_L_6_CommonFiltered,3,409335.72608,410407.19872,1071.4726399999927,6,4.051833128265843,RankSurprise
microCMCL_L_6_CommonFiltered,4,8346.95168,8397.66016,50.70847999999933,3,3.898363696076128,RankSurprise
microCMCL_L_6_CommonFiltered,4,36912.66048,37752.38144,839.7209599999987,9,4.570462784563227,RankSurprise
microCMCL_L_6_CommonFiltered,4,58074.97216,58180.23936,105.26720000000205,4,4.864215908819602,RankSurprise
microCMCL_L_6_CommonFiltered,4,61996.2368,62105.3952,109.15840000000026,5,6.616614164056809,RankSurprise
microCMCL_L_6_CommonFiltered,4,62528.43008,62540.75904,12.328959999998915,4,11.456854624076247,RankSurprise
microCMCL_L_6_CommonFiltered,4,69459.84512,69641.216,181.37088000000222,4,3.7251924338317934,RankSurprise
microCMCL_L_6_CommonFiltered,4,93751.5008,93799.66976,48.168960000009974,3,3.910786216074685,RankSurprise
microCMCL_L_6_CommonFiltered,4,153431.16288,154956.30848,1525.145600000018,11,4.6469873101085435,RankSurprise
microCMCL_L_6_CommonFiltered,4,159530.31168,159636.76672,106.45504000000074,4,4.585868666537774,RankSurprise
microCMCL_L_6_CommonFiltered,4,203026.88256,203190.19008,163.3075200000021,4,3.5995922424636753,RankSurprise
microCMCL_L_6_CommonFiltered,4,247085.21984,247105.98656,20.76671999998507,3,5.419142942470334,RankSurprise
microCMCL_L_6_CommonFiltered,4,253969.36704,254830.91968,861.5526399999799,12,8.839684343001595,RankSurprise
microCMCL_L_6_CommonFiltered,4,263176.8064,263201.21856,24.412160000007134,3,5.241804541232122,RankSurprise
microCMCL_L_6_CommonFiltered,4,267440.61952,267980.67712,540.0576000000001,10,8.326126981995342,RankSurprise
microCMCL_L_6_CommonFiltered,4,304505.89696,305040.22016,534.3232000000426,6,4.1285640166189825,RankSurprise
microCMCL_L_6_CommonFiltered,4,307977.29792,310500.67968,2523.3817600000184,22,8.80642668849898,RankSurprise
microCMCL_L_6_CommonFiltered,4,330169.79456,330652.54912,482.7545599999721,8,7.749357141587703,RankSurprise
microCMCL_L_6_CommonFiltered,4,332282.96192,332309.21728,26.255360000010114,3,5.101391212082628,RankSurprise
microCMCL_L_6_CommonFiltered,4,350103.3472,350126.03904,22.69183999998495,3,5.217706989653063,RankSurprise
microCMCL_L_6_CommonFiltered,4,355770.08128,355817.18528,47.103999999992084,5,9.539329824050078,RankSurprise
microCMCL_L_6_CommonFiltered,4,358490.89024,359063.26528,572.3750400000135,10,7.86909079690713,RankSurprise
microCMCL_L_6_CommonFiltered,4,361665.9456,361707.43808,41.49248000001535,3,4.324632622636242,RankSurprise
microCMCL_L_6_CommonFiltered,4,392423.79264,393789.39904,1365.6063999999897,12,4.487590032440304,RankSurprise
microCMCL_L_6_CommonFiltered,4,401555.0464,401623.20384,68.15743999998085,3,3.6538715563747584,RankSurprise
microCMCL_L_6_CommonFiltered,4,403114.68032,403154.45248,39.772159999993164,3,4.264249817903634,RankSurprise
microCMCL_L_6_CommonFiltered,4,406651.57632,406838.14912,186.57280000002356,6,6.8586675494203035,RankSurprise
microCMCL_L_6_CommonFiltered,4,410057.15456,410291.07712,233.92255999997724,7,8.707583709279419,RankSurprise
microCMCL_L_6_CommonFiltered,4,412501.89312,412997.4272,495.534079999954,8,5.695904905757462,RankSurprise
microCMCL_L_8_CommonFiltered,4,37949.76768,40572.27264,2622.5049600000057,14,3.7246964709976647,RankSurprise
microCMCL_L_8_CommonFiltered,4,45295.4112,45372.29312,76.88191999999981,3,3.7895905141001904,RankSurprise
microCMCL_L_8_CommonFiltered,4,54830.24384,54908.27264,78.02880000000005,3,3.749048122545547,RankSurprise
microCMCL_L_8_CommonFiltered,4,60735.24224,60865.3312,130.08896000000095,4,4.869334663543707,RankSurprise
microCMCL_L_8_CommonFiltered,4,62329.93792,66132.992,3803.0540800000017,24,9.252134001039787,RankSurprise
microCMCL_L_8_CommonFiltered,4,84920.23808,85002.19904,81.96096000001126,3,3.6832520032543865,RankSurprise
microCMCL_L_8_CommonFiltered,4,96115.42528,96278.85568,163.43039999999746,4,4.2464109987460255,RankSurprise
microCMCL_L_8_CommonFiltered,4,97804.65664,97994.21952,189.56287999999768,4,4.046017202780256,RankSurprise
microCMCL_L_8_CommonFiltered,4,104492.48256,104723.57888,231.09631999999692,4,3.681405162644161,RankSurprise
microCMCL_L_8_CommonFiltered,4,155605.93408,155914.56768,308.633600000001,4,3.6167123154941905,RankSurprise
microCMCL_L_8_CommonFiltered,4,202912.23552,204217.26208,1305.0265599999984,9,3.6226855113597796,RankSurprise
microCMCL_L_8_CommonFiltered,4,221250.10944,222053.74464,803.6351999999897,7,3.5333245922196417,RankSurprise
microCMCL_L_8_CommonFiltered,4,243767.74656,245293.58848,1525.8419200000062,11,5.065650159046499,RankSurprise
microCMCL_L_8_CommonFiltered,4,266177.9456,267553.01376,1375.0681600000244,9,3.7904978085719088,RankSurprise
microCMCL_L_8_CommonFiltered,4,303906.52928,304113.29536,206.76607999997213,4,3.781137848807809,RankSurprise
microCMCL_L_8_CommonFiltered,4,308551.35232,309604.9664,1053.6140799999703,10,7.077558252918936,RankSurprise
microCMCL_L_8_CommonFiltered,4,331814.17472,333479.23968,1665.0649599999888,15,8.058388192778166,RankSurprise
microCMCL_L_8_CommonFiltered,4,353425.408,353451.08992,25.68192000000272,3,5.804353762470866,RankSurprise
microCMCL_L_8_CommonFiltered,4,355660.88192,356070.76864,409.8867200000095,12,16.5545971767283,RankSurprise
microCMCL_L_8_CommonFiltered,4,356580.10624,356777.5744,197.46815999998944,4,3.8843004406670865,RankSurprise
microCMCL_L_8_CommonFiltered,4,368806.33856,368862.65856,56.320000000006985,3,4.390150613233899,RankSurprise
microCMCL_L_8_CommonFiltered,4,374193.31584,374427.19744,233.88160000002244,4,3.648884359750177,RankSurprise
microCMCL_L_8_CommonFiltered,4,401079.99232,401127.54688,47.554559999960475,3,4.666458048716718,RankSurprise
microCMCL_L_8_CommonFiltered,4,409666.80576,410893.43488,1226.6291199999978,13,9.587386353950182,RankSurprise
microCMCL_L_9_CommonFiltered,0,20104.31488,20186.80832,82.49343999999837,4,6.077034604570763,RankSurprise
microCMCL_L_9_CommonFiltered,0,37670.05184,38006.1696,336.117760000001,6,5.391068390905112,RankSurprise
microCMCL_L_9_CommonFiltered,0,72614.42048,72746.31168,131.8911999999982,5,6.9254586681024115,RankSurprise
microCMCL_L_9_CommonFiltered,0,79584.62464,79639.38816,54.7635200000077,3,4.330918540548627,RankSurprise
microCMCL_L_9_CommonFiltered,0,112145.03936,112253.62432,108.58496000000741,4,5.242016739331348,RankSurprise
microCMCL_L_9_CommonFiltered,0,154530.03776,157119.56992,2589.5321600000025,19,7.129592245671236,RankSurprise
microCMCL_L_9_CommonFiltered,0,171009.024,171514.14272,505.1187199999986,8,7.7853118040610605,RankSurprise
microCMCL_L_9_CommonFiltered,0,226319.68768,227045.82656,726.138879999984,10,7.147899611395782,RankSurprise
microCMCL_L_9_CommonFiltered,0,234615.84896,234659.6352,43.78623999998672,3,4.792736585207923,RankSurprise
microCMCL_L_9_CommonFiltered,0,248362.31168,248564.28544,201.9737599999935,8,12.090591588982093,RankSurprise
microCMCL_L_9_CommonFiltered,0,249782.4768,249936.896,154.4192000000039,6,9.269641712231923,RankSurprise
microCMCL_L_9_CommonFiltered,0,251714.68288,251990.79424,276.1113599999808,5,4.3962430575881015,RankSurprise
microCMCL_L_9_CommonFiltered,0,260542.95552,260797.56288,254.60736000002362,5,4.626478370589748,RankSurprise
microCMCL_L_9_CommonFiltered,0,279735.00928,280915.43552,1180.4262400000007,11,5.288036728472453,RankSurprise
microCMCL_L_9_CommonFiltered,0,288389.5296,288609.32096,219.7913599999738,5,5.1748139413851035,RankSurprise
microCMCL_L_9_CommonFiltered,0,293919.25248,294001.29536,82.0428799999645,3,3.5639907239462616,RankSurprise
microCMCL_L_9_CommonFiltered,0,308408.32,310022.02112,1613.7011199999833,17,9.588541189200756,RankSurprise
microCMCL_L_9_CommonFiltered,0,314052.4032,314133.9136,81.51040000002831,3,3.659932931791534,RankSurprise
microCMCL_L_9_CommonFiltered,0,331112.48896,331152.7936,40.30463999998756,3,5.031557103163632,RankSurprise
microCMCL_L_9_CommonFiltered,0,340550.73792,340923.06432,372.32640000001993,7,6.58260751310695,RankSurprise
microCMCL_L_9_CommonFiltered,0,351833.98912,351868.1088,34.11968000000343,3,5.051165574552007,RankSurprise
microCMCL_L_9_CommonFiltered,0,355686.48192,356111.19616,424.71424000000115,6,4.259072966374229,RankSurprise
microCMCL_L_9_CommonFiltered,0,358711.05024,358991.29856,280.24832000001334,5,4.77657804679577,RankSurprise
microCMCL_L_9_CommonFiltered,0,379927.71584,380001.28,73.564160000009,3,3.740144686883273,RankSurprise
microCMCL_L_9_CommonFiltered,0,387505.3568,387651.87072,146.5139199999976,4,4.3842514672544155,RankSurprise
microCMCL_L_9_CommonFiltered,0,393325.19936,393875.16928,549.969919999945,7,4.387939287194555,RankSurprise
microCMCL_L_9_CommonFiltered,0,397307.2896,397778.00192,470.71231999999145,7,5.380009042050196,RankSurprise
microCMCL_L_9_CommonFiltered,0,406008.34048,406480.56832,472.22784000000684,8,6.8227129743161825,RankSurprise
microCMCL_L_9_CommonFiltered,1,58263.71584,59905.80224,1642.0864000000001,9,5.521655854669554,RankSurprise
microCMCL_L_9_CommonFiltered,1,63188.7872,64715.44832,1526.6611200000043,7,4.280254716948379,RankSurprise
microCMCL_L_9_CommonFiltered,1,115584.4096,115692.99456,108.58496000000741,3,4.750381733130816,RankSurprise
microCMCL_L_9_CommonFiltered,1,117416.30464,117782.77376,366.4691199999943,4,4.045768113663765,RankSurprise
microCMCL_L_9_CommonFiltered,1,129777.74592,130319.40096,541.6550399999978,5,4.610993800589654,RankSurprise
microCMCL_L_9_CommonFiltered,1,149887.50848,150246.23616,358.7276800000109,4,4.045768113663765,RankSurprise
microCMCL_L_9_CommonFiltered,1,153904.08704,154031.55456,127.4675199999765,3,4.255085910982952,RankSurprise
microCMCL_L_9_CommonFiltered,1,156345.09824,157131.48928,786.3910400000168,7,6.625119937333324,RankSurprise
microCMCL_L_9_CommonFiltered,1,206508.6464,206594.33472,85.68832000001566,3,4.99632419940983,RankSurprise
microCMCL_L_9_CommonFiltered,1,222101.34016,222131.24096,29.900800000003073,3,6.055877052241355,RankSurprise
microCMCL_L_9_CommonFiltered,1,254823.79264,257168.34304,2344.5504000000074,12,8.009758905091758,RankSurprise
microCMCL_L_9_CommonFiltered,1,261999.73888,262157.43488,157.69600000002538,4,6.030022046357711,RankSurprise
microCMCL_L_9_CommonFiltered,1,301728.64512,301888.512,159.86687999998685,3,3.7553101234035466,RankSurprise
microCMCL_L_9_CommonFiltered,1,308730.22464,310554.54208,1824.3174400000134,8,4.139794664634787,RankSurprise
microCMCL_L_9_CommonFiltered,1,311852.8512,312000.1024,147.2511999999988,3,3.8584284856556827,RankSurprise
microCMCL_L_9_CommonFiltered,1,330210.87744,334338.08896,4127.211520000012,15,6.31559907718439,RankSurprise
microCMCL_L_9_CommonFiltered,1,405185.45408,405990.35904,804.9049600000144,5,3.5754283534649858,RankSurprise
microCMCL_L_9_CommonFiltered,3,30784.34816,31144.91904,360.5708799999993,5,3.630169360822073,RankSurprise
microCMCL_L_9_CommonFiltered,3,40382.2592,40400.56832,18.309119999998074,3,5.854490616023405,RankSurprise
microCMCL_L_9_CommonFiltered,3,52025.01632,52523.70432,498.68799999999464,6,3.8109685280344765,RankSurprise
microCMCL_L_9_CommonFiltered,3,59726.19264,60651.02848,924.8358399999997,8,3.5315448703334145,RankSurprise
microCMCL_L_9_CommonFiltered,3,62641.02912,62811.42272,170.39360000000306,5,5.52706217404085,RankSurprise
microCMCL_L_9_CommonFiltered,3,63950.848,64815.9232,865.0751999999993,10,5.784126576672594,RankSurprise
microCMCL_L_9_CommonFiltered,3,65484.10368,65646.91968,162.81600000000617,5,5.733253530022022,RankSurprise
microCMCL_L_9_CommonFiltered,3,74310.81984,74628.95616,318.13632000000507,5,3.5871066669363714,RankSurprise
microCMCL_L_9_CommonFiltered,3,96365.03552,96451.33824,86.3027199999924,4,5.332574094211132,RankSurprise
microCMCL_L_9_CommonFiltered,3,140692.72576,141837.68064,1144.9548800000048,9,4.636159878904224,RankSurprise
microCMCL_L_9_CommonFiltered,3,152119.7056,152188.96896,69.26336000001174,3,3.774043543841552,RankSurprise
microCMCL_L_9_CommonFiltered,3,154142.18752,156032.94208,1890.7545600000012,13,4.253900550000159,RankSurprise
microCMCL_L_9_CommonFiltered,3,175355.0848,175903.98976,548.9049599999853,7,4.239934886882441,RankSurprise
microCMCL_L_9_CommonFiltered,3,187817.12384,188473.58976,656.4659200000169,7,4.844213361505177,RankSurprise
microCMCL_L_9_CommonFiltered,3,215679.50848,216024.10496,344.59648000000743,5,3.5918685806966195,RankSurprise
microCMCL_L_9_CommonFiltered,3,218088.40704,218255.40096,166.99392000000807,4,3.7480948795046487,RankSurprise
microCMCL_L_9_CommonFiltered,3,221489.64352,221526.4256,36.782079999975394,3,4.749460335008406,RankSurprise
microCMCL_L_9_CommonFiltered,3,248418.01728,248524.3904,106.37312000000384,4,4.976892309162174,RankSurprise
microCMCL_L_9_CommonFiltered,3,259463.94624,259546.3168,82.3705600000103,4,5.5388053533664525,RankSurprise
microCMCL_L_9_CommonFiltered,3,261393.28512,261778.67776,385.3926400000055,6,4.455084992048716,RankSurprise
microCMCL_L_9_CommonFiltered,3,280980.43904,281470.44352,490.00447999994503,6,3.754133173189798,RankSurprise
microCMCL_L_9_CommonFiltered,3,305147.86304,305207.21408,59.35103999997955,3,4.041824461976036,RankSurprise
microCMCL_L_9_CommonFiltered,3,306985.04192,307116.97408,131.93216000002576,4,4.379114940101601,RankSurprise
microCMCL_L_9_CommonFiltered,3,307971.31776,309717.44256,1746.1247999999905,15,6.064372915197373,RankSurprise
microCMCL_L_9_CommonFiltered,3,311658.16832,311684.25984,26.091520000016317,3,5.3330176515481895,RankSurprise
microCMCL_L_9_CommonFiltered,3,316724.06016,316785.50016,61.44000000000233,3,3.9964963789812398,RankSurprise
microCMCL_L_9_CommonFiltered,3,331178.27072,331628.46208,450.1913600000553,7,5.2061358804772855,RankSurprise
microCMCL_L_9_CommonFiltered,3,343361.7408,343414.33344,52.59263999998802,4,6.738411094036207,RankSurprise
microCMCL_L_9_CommonFiltered,3,348263.30112,348311.63392,48.33279999997467,3,4.324505377452878,RankSurprise
microCMCL_L_9_CommonFiltered,3,352323.95264,352338.65728,14.70464000001084,3,6.26217145673311,RankSurprise
microCMCL_L_9_CommonFiltered,3,354517.1968,356543.93856,2026.7417600000044,16,6.585547813620818,RankSurprise
microCMCL_L_9_CommonFiltered,3,404236.73856,404537.63072,300.8921599999885,5,3.6639860490140137,RankSurprise
microCMCL_L_9_CommonFiltered,3,405613.03552,406391.07072,778.0352000000421,9,5.118262875796767,RankSurprise
microCMCL_L_9_CommonFiltered,3,410236.55936,412238.27456,2001.715199999977,15,5.973754068593298,RankSurprise
microCMCL_L_9_CommonFiltered,4,1694.88384,1731.62496,36.74112000000014,3,4.786937722404248,RankSurprise
microCMCL_L_9_CommonFiltered,4,10324.13184,10709.52448,385.39264000000003,6,3.848366465411218,RankSurprise
microCMCL_L_9_CommonFiltered,4,29603.6352,30059.06944,455.4342399999987,6,3.5295910471648826,RankSurprise
microCMCL_L_9_CommonFiltered,4,35260.25216,35620.12672,359.87456000000384,7,5.768105934842996,RankSurprise
microCMCL_L_9_CommonFiltered,4,46241.25952,46535.18848,293.92895999999746,6,4.8475985037220894,RankSurprise
microCMCL_L_9_CommonFiltered,4,60937.4208,60968.96,31.539199999999255,3,5.110724799498145,RankSurprise
microCMCL_L_9_CommonFiltered,4,63029.12512,63072.21504,43.089920000005804,4,7.561375700994692,RankSurprise
microCMCL_L_9_CommonFiltered,4,71753.15456,72329.17504,576.0204800000065,9,6.230821671357626,RankSurprise
microCMCL_L_9_CommonFiltered,4,77653.64736,77720.45312,66.80576000000292,3,3.606616279645664,RankSurprise
microCMCL_L_9_CommonFiltered,4,104021.27872,104066.21184,44.93312000000151,3,4.242048452704411,RankSurprise
microCMCL_L_9_CommonFiltered,4,108972.31872,109025.36192,53.04320000000007,3,3.9783743711981856,RankSurprise
microCMCL_L_9_CommonFiltered,4,115707.20768,115769.01632,61.80863999998837,4,6.376571291170816,RankSurprise
microCMCL_L_9_CommonFiltered,4,130154.78272,130218.10688,63.32416000000376,3,3.7202375601182194,RankSurprise
microCMCL_L_9_CommonFiltered,4,141299.87584,141366.31296,66.43712000001688,3,3.5444751243079313,RankSurprise
microCMCL_L_9_CommonFiltered,4,151668.44928,152296.73472,628.2854400000069,8,5.580250965914133,RankSurprise
microCMCL_L_9_CommonFiltered,4,155576.40192,155818.1888,241.78687999999966,5,4.465913935429274,RankSurprise
microCMCL_L_9_CommonFiltered,4,165343.88736,165471.68256,127.7951999999932,4,4.190965465043025,RankSurprise
microCMCL_L_9_CommonFiltered,4,173869.09696,173936.47616,67.37919999999576,3,3.5830865060169383,RankSurprise
microCMCL_L_9_CommonFiltered,4,197265.69472,197316.03456,50.33984000000055,4,6.9955897624964205,RankSurprise
microCMCL_L_9_CommonFiltered,4,210339.26656,210399.4368,60.17024000000674,3,3.8230443889558767,RankSurprise
microCMCL_L_9_CommonFiltered,4,221554.64704,221884.49792,329.8508799999836,8,8.064561189276839,RankSurprise
microCMCL_L_9_CommonFiltered,4,243561.71776,243669.48352,107.76576000000932,4,4.668795836890894,RankSurprise
microCMCL_L_9_CommonFiltered,4,249773.6704,249858.90816,85.23775999998907,4,5.425827730130994,RankSurprise
microCMCL_L_9_CommonFiltered,4,251179.17184,252314.09152,1134.9196799999918,10,4.340088561661207,RankSurprise
microCMCL_L_9_CommonFiltered,4,254905.9584,255196.11904,290.1606399999873,5,3.513421421420773,RankSurprise
microCMCL_L_9_CommonFiltered,4,255556.56704,255623.49568,66.92863999999827,4,6.086018651437961,RankSurprise
microCMCL_L_9_CommonFiltered,4,258819.03104,258925.9776,106.94656000001123,5,7.009315705504537,RankSurprise
microCMCL_L_9_CommonFiltered,4,265109.17632,265347.93216,238.755839999998,5,3.997318219096737,RankSurprise
microCMCL_L_9_CommonFiltered,4,267200.43008,267756.46208,556.0320000000065,8,5.092574707973926,RankSurprise
microCMCL_L_9_CommonFiltered,4,268742.57408,268888.92416,146.3500800000038,4,3.768213021944277,RankSurprise
microCMCL_L_9_CommonFiltered,4,280011.12064,280806.93248,795.8118400000385,8,3.9524737517370045,RankSurprise
microCMCL_L_9_CommonFiltered,4,293852.32384,293907.53792,55.21407999994699,3,3.9221642741670966,RankSurprise
microCMCL_L_9_CommonFiltered,4,304776.31488,304805.39648,29.08159999997588,3,5.213753768284883,RankSurprise
microCMCL_L_9_CommonFiltered,4,332391.17824,333404.16,1012.9817599999951,10,4.684345966240641,RankSurprise
microCMCL_L_9_CommonFiltered,4,336599.4496,337872.40448,1272.9548800000339,14,7.789634202001861,RankSurprise
microCMCL_L_9_CommonFiltered,4,338408.40704,338462.02368,53.61663999996381,3,4.0558663589487285,RankSurprise
microCMCL_L_9_CommonFiltered,4,352904.27392,353222.32832,318.0543999999645,5,3.8078552049870886,RankSurprise
microCMCL_L_9_CommonFiltered,4,355659.93984,355765.248,105.30816000001505,4,4.62593780316147,RankSurprise
microCMCL_L_9_CommonFiltered,4,360082.26816,360141.94688,59.67872000002535,3,3.7795642101597107,RankSurprise
microCMCL_L_9_CommonFiltered,4,385181.61408,385229.08672,47.47263999999268,3,4.178042535184604,RankSurprise
microCMCL_L_9_CommonFiltered,4,403383.33696,403826.76992,443.43296000000555,6,3.6442486622154755,RankSurprise
microCMCL_L_9_CommonFiltered,4,405918.5152,406302.55616,384.0409599999548,6,4.606970928698879,RankSurprise
microCMCL_L_10_CommonFiltered,0,34112.02048,34220.89216,108.87168000000383,6,9.018431084306606,RankSurprise
microCMCL_L_10_CommonFiltered,0,40228.82304,40294.68672,65.86367999999493,4,6.032887701623588,RankSurprise
microCMCL_L_10_CommonFiltered,0,64177.7664,64347.29984,169.53343999999925,6,6.912934837177957,RankSurprise
microCMCL_L_10_CommonFiltered,0,88545.81248,88676.27008,130.45760000000882,4,3.901773195256041,RankSurprise
microCMCL_L_10_CommonFiltered,0,103703.30624,103757.49632,54.19008000000031,3,3.7021612045404346,RankSurprise
microCMCL_L_10_CommonFiltered,0,108858.65472,109424.2304,565.5756799999945,7,3.8674093407269066,RankSurprise
microCMCL_L_10_CommonFiltered,0,111289.83552,111468.9536,179.1180800000002,18,43.44198476552749,RankSurprise
microCMCL_L_10_CommonFiltered,0,174386.05312,174536.45824,150.40512000001036,4,3.6655840036357006,RankSurprise
microCMCL_L_10_CommonFiltered,0,186040.77056,191123.12832,5082.357759999984,25,3.5609348579035265,RankSurprise
microCMCL_L_10_CommonFiltered,0,205653.93408,205904.2816,250.34751999998116,5,4.191536443229449,RankSurprise
microCMCL_L_10_CommonFiltered,0,212237.14816,212256.03072,18.882559999998193,3,6.624975864180655,RankSurprise
microCMCL_L_10_CommonFiltered,0,230647.15264,230980.85376,333.70112000001245,6,4.1390185527170615,RankSurprise
microCMCL_L_10_CommonFiltered,0,234125.312,234278.13376,152.82175999999163,4,3.526883539606075,RankSurprise
microCMCL_L_10_CommonFiltered,0,274464.768,274573.14816,108.38016000000061,7,12.03422899271775,RankSurprise
microCMCL_L_10_CommonFiltered,0,293141.34016,293264.83456,123.49439999996684,4,4.091979304108278,RankSurprise
microCMCL_L_10_CommonFiltered,0,327742.2592,328613.35552,871.0963200000115,12,6.815750023118508,RankSurprise
microCMCL_L_10_CommonFiltered,0,352390.38976,352508.96896,118.57920000003651,4,4.124886691519411,RankSurprise
microCMCL_L_10_CommonFiltered,0,355751.60832,355854.9504,103.34207999997307,4,4.550801913575167,RankSurprise
microCMCL_L_10_CommonFiltered,0,358839.82848,362315.03872,3475.210239999986,25,9.098645098012524,RankSurprise
microCMCL_L_10_CommonFiltered,0,407874.60096,408123.96544,249.36447999998927,5,3.700622391129759,RankSurprise
microCMCL_L_10_CommonFiltered,1,2255.29856,2295.07072,39.772159999999985,4,3.8323881714658796,RankSurprise
microCMCL_L_10_CommonFiltered,1,9420.55424,9460.03968,39.48544000000038,4,3.750458496563674,RankSurprise
microCMCL_L_10_CommonFiltered,1,11073.61792,11169.21856,95.60063999999875,6,4.068976245057227,RankSurprise
microCMCL_L_10_CommonFiltered,1,14602.11712,14617.64096,15.523839999999836,3,3.9397605486155296,RankSurprise
microCMCL_L_10_CommonFiltered,1,15155.69152,15200.0512,44.35967999999957,5,5.368146398801624,RankSurprise
microCMCL_L_10_CommonFiltered,1,26242.08896,26256.95744,14.868479999997362,3,4.029780086922889,RankSurprise
microCMCL_L_10_CommonFiltered,1,31107.23584,31117.84448,10.608639999998559,3,4.815635975807831,RankSurprise
microCMCL_L_10_CommonFiltered,1,31980.66688,32017.32608,36.659199999998236,4,3.9917895727167405,RankSurprise
microCMCL_L_10_CommonFiltered,1,32765.70624,32968.25344,202.54720000000088,14,10.639502569342357,RankSurprise
microCMCL_L_10_CommonFiltered,1,38657.31072,38669.59872,12.288000000000466,3,4.478503489299326,RankSurprise
microCMCL_L_10_CommonFiltered,1,38940.09856,39262.04416,321.9455999999991,17,8.349384204699241,RankSurprise
microCMCL_L_10_CommonFiltered,1,39849.00096,39890.90304,41.90207999999984,4,3.544121374285382,RankSurprise
microCMCL_L_10_CommonFiltered,1,43821.71136,43827.97824,6.266879999995581,3,6.190163021010564,RankSurprise
microCMCL_L_10_CommonFiltered,1,45251.09248,45255.18848,4.09599999999773,3,8.060925431867757,RankSurprise
microCMCL_L_10_CommonFiltered,1,45418.25024,45485.09696,66.84672000000137,5,3.677037390788737,RankSurprise
microCMCL_L_10_CommonFiltered,1,46686.98624,46698.25024,11.264000000002852,3,4.686149087228586,RankSurprise
microCMCL_L_10_CommonFiltered,1,47456.54272,47538.05312,81.51039999999921,7,6.168434085176451,RankSurprise
microCMCL_L_10_CommonFiltered,1,51868.13952,51871.04768,2.908160000006319,3,8.949781392807717,RankSurprise
microCMCL_L_10_CommonFiltered,1,52271.75936,52367.23712,95.47776000000158,6,3.5454995540240963,RankSurprise
microCMCL_L_10_CommonFiltered,1,52641.46432,52973.11744,331.6531200000027,14,4.420764568877728,RankSurprise
microCMCL_L_10_CommonFiltered,1,53846.2208,53924.16768,77.94687999999587,6,4.647565127486179,RankSurprise
microCMCL_L_10_CommonFiltered,1,60035.4816,60173.80352,138.32192000000214,9,6.230912321137934,RankSurprise
microCMCL_L_10_CommonFiltered,1,60658.688,60676.87424,18.18623999999545,3,3.57695204883459,RankSurprise
microCMCL_L_10_CommonFiltered,1,60937.09312,60987.392,50.2988800000021,5,4.874563263004969,RankSurprise
microCMCL_L_10_CommonFiltered,1,62504.18176,62767.7184,263.53663999999844,12,4.24504681843682,RankSurprise
microCMCL_L_10_CommonFiltered,1,63195.21792,63208.77568,13.557759999996051,3,4.240599538591949,RankSurprise
microCMCL_L_10_CommonFiltered,1,63493.28384,63505.24416,11.960320000005595,3,4.539250585484931,RankSurprise
microCMCL_L_10_CommonFiltered,1,63801.63072,63838.12608,36.4953600000008,5,6.246458399858,RankSurprise
microCMCL_L_10_CommonFiltered,1,65204.224,65709.42464,505.2006399999955,20,5.380481119256119,RankSurprise
microCMCL_L_10_CommonFiltered,1,65836.19584,65852.74368,16.54783999999927,3,3.7866536412816743,RankSurprise
microCMCL_L_10_CommonFiltered,1,66573.06624,67027.47648,454.41023999999743,18,4.530617488586952,RankSurprise
microCMCL_L_10_CommonFiltered,1,69381.44768,69390.90944,9.461760000005597,3,5.111951612969008,RankSurprise
microCMCL_L_10_CommonFiltered,1,69984.41984,70072.7296,88.30976000000373,11,13.925470223453797,RankSurprise
microCMCL_L_10_CommonFiltered,1,70516.44928,70732.5952,216.14591999999539,12,5.993361722992346,RankSurprise
microCMCL_L_10_CommonFiltered,1,71894.95808,72004.28032,109.3222400000086,7,4.386048643905924,RankSurprise
microCMCL_L_10_CommonFiltered,1,72567.43936,72794.43968,227.00031999999192,11,4.498214934881171,RankSurprise
microCMCL_L_10_CommonFiltered,1,73468.5184,73482.97728,14.458880000005593,3,4.0781695538125735,RankSurprise
microCMCL_L_10_CommonFiltered,1,73725.78816,73731.15392,5.365760000000591,3,6.731914151493585,RankSurprise
microCMCL_L_10_CommonFiltered,1,75112.89856,75178.1888,65.29024000000209,5,3.7999467300884398,RankSurprise
microCMCL_L_10_CommonFiltered,1,76110.88896,76119.61344,8.724480000004405,3,5.293315973027582,RankSurprise
microCMCL_L_10_CommonFiltered,1,76813.23008,77065.54368,252.3136000000086,13,6.673269472261366,RankSurprise
microCMCL_L_10_CommonFiltered,1,77165.11744,77643.44832,478.33087999999407,28,16.653352966915946,RankSurprise
microCMCL_L_10_CommonFiltered,1,77789.55264,77959.7824,170.229760000002,15,14.006567586787641,RankSurprise
microCMCL_L_10_CommonFiltered,1,80664.24832,80805.64224,141.39392000000225,11,9.018014433646094,RankSurprise
microCMCL_L_10_CommonFiltered,1,82955.91936,83039.76448,83.84511999999813,6,4.228970024271115,RankSurprise
microCMCL_L_10_CommonFiltered,1,87097.09824,87127.20384,30.10559999999532,4,4.615429722037547,RankSurprise
microCMCL_L_10_CommonFiltered,1,88275.51744,88393.03168,117.51424000000407,15,19.490583589173774,RankSurprise
microCMCL_L_10_CommonFiltered,1,88789.85216,88832.90112,43.04896000000008,5,5.455690024906797,RankSurprise
microCMCL_L_10_CommonFiltered,1,90841.86624,90972.5696,130.70335999999952,8,4.939825963098349,RankSurprise
microCMCL_L_10_CommonFiltered,1,93693.00992,93982.06464,289.0547200000001,13,4.886756555561425,RankSurprise
microCMCL_L_10_CommonFiltered,1,94450.23744,94591.91808,141.68064000000595,9,5.651846715755556,RankSurprise
microCMCL_L_10_CommonFiltered,1,97939.08736,98001.55136,62.463999999992666,5,3.8763420466485776,RankSurprise
microCMCL_L_10_CommonFiltered,1,98578.30912,98589.16352,10.85439999999653,3,4.774102992729796,RankSurprise
microCMCL_L_10_CommonFiltered,1,98992.70144,99009.00352,16.30207999999402,3,3.8846652353848423,RankSurprise
microCMCL_L_10_CommonFiltered,1,99311.49312,99529.07264,217.57951999999932,11,5.147795741929238,RankSurprise
microCMCL_L_10_CommonFiltered,1,102693.2736,102712.07424,18.800640000001295,3,3.526757703823913,RankSurprise
microCMCL_L_10_CommonFiltered,1,104691.0976,104708.38272,17.28512000000046,3,3.7067351984103496,RankSurprise
microCMCL_L_10_CommonFiltered,1,107064.44288,107080.704,16.26111999999557,3,3.8374701979690986,RankSurprise
microCMCL_L_10_CommonFiltered,1,111532.15488,111820.75904,288.6041600000026,12,4.245983261286862,RankSurprise
microCMCL_L_10_CommonFiltered,1,114357.20704,114402.22208,45.01504000001296,7,9.914825573198726,RankSurprise
microCMCL_L_10_CommonFiltered,1,118861.0048,118901.5552,40.55040000000736,5,5.744367941764796,RankSurprise
microCMCL_L_10_CommonFiltered,1,119405.93664,119429.85728,23.920639999996638,4,5.349086103655694,RankSurprise
microCMCL_L_10_CommonFiltered,1,121287.68,121422.68416,135.00416000001132,10,7.583551856508894,RankSurprise
microCMCL_L_10_CommonFiltered,1,121885.85984,121888.19456,2.3347199999989243,3,10.637598877791259,RankSurprise
microCMCL_L_10_CommonFiltered,1,123891.9168,123907.03104,15.114239999995334,3,3.9825337863529366,RankSurprise
microCMCL_L_10_CommonFiltered,1,124132.9664,124137.0624,4.095999999990454,3,8.101195702236085,RankSurprise
microCMCL_L_10_CommonFiltered,1,125146.80832,125160.69376,13.885439999998198,3,4.266342474565326,RankSurprise
microCMCL_L_10_CommonFiltered,1,126889.82016,127137.792,247.97183999999834,13,5.9298653945722455,RankSurprise
microCMCL_L_10_CommonFiltered,1,127217.62304,127232.0,14.376959999994142,3,4.15584923705884,RankSurprise
microCMCL_L_10_CommonFiltered,1,132970.33216,132986.55232,16.220159999997122,3,3.835862480581003,RankSurprise
microCMCL_L_10_CommonFiltered,1,136191.50848,136311.97184,120.46336000002339,8,5.217263853014348,RankSurprise
microCMCL_L_10_CommonFiltered,1,139349.8112,139819.8272,470.01600000000326,17,3.6536611827164247,RankSurprise
microCMCL_L_10_CommonFiltered,1,141139.59936,141162.0864,22.487040000007255,4,5.554308835595727,RankSurprise
microCMCL_L_10_CommonFiltered,1,141693.66528,141866.92608,173.2608000000182,10,5.531604983820269,RankSurprise
microCMCL_L_10_CommonFiltered,1,144482.46784,144495.73888,13.271039999992354,3,4.314756348583808,RankSurprise
microCMCL_L_10_CommonFiltered,1,144594.82112,144611.328,16.50688000000082,3,3.8023955589131937,RankSurprise
microCMCL_L_10_CommonFiltered,1,145677.5168,145822.96576,145.4489599999797,10,6.8270377194832506,RankSurprise
microCMCL_L_10_CommonFiltered,1,147584.86016,147638.272,53.411839999986114,5,4.598557738280309,RankSurprise
microCMCL_L_10_CommonFiltered,1,154002.0224,154024.91904,22.896640000020852,4,5.507283188714176,RankSurprise
microCMCL_L_10_CommonFiltered,1,158174.65856,158187.47904,12.820479999994859,3,4.37276146544218,RankSurprise
microCMCL_L_10_CommonFiltered,1,158290.24768,158320.4352,30.18752000000677,7,12.784478352023989,RankSurprise
microCMCL_L_10_CommonFiltered,1,159618.70336,159633.16224,14.45887999999104,3,4.085438986305839,RankSurprise
microCMCL_L_10_CommonFiltered,1,159985.09056,160134.06208,148.97151999999187,11,8.51899861926115,RankSurprise
microCMCL_L_10_CommonFiltered,1,160807.15776,160962.92864,155.7708799999964,9,5.617469802601767,RankSurprise
microCMCL_L_10_CommonFiltered,1,168538.9312,168565.18656,26.255360000010114,4,5.1127434265668406,RankSurprise
microCMCL_L_10_CommonFiltered,1,171527.00416,171532.24704,5.2428799999761395,3,6.8882997829008605,RankSurprise
microCMCL_L_10_CommonFiltered,1,172437.7088,172507.46368,69.75487999999314,5,3.659675596387604,RankSurprise
microCMCL_L_10_CommonFiltered,1,173154.05824,173431.31648,277.25823999999557,12,4.874304906547511,RankSurprise
microCMCL_L_10_CommonFiltered,1,174278.69696,174292.00896,13.312000000005355,3,4.320891324323062,RankSurprise
microCMCL_L_10_CommonFiltered,1,174710.86592,174746.91072,36.044800000003306,4,4.0539515911074275,RankSurprise
microCMCL_L_10_CommonFiltered,1,176375.6032,176379.86304,4.259839999984251,3,7.823143410805601,RankSurprise
microCMCL_L_10_CommonFiltered,1,177938.75968,177977.22112,38.46144000001368,4,3.835356020233057,RankSurprise
microCMCL_L_10_CommonFiltered,1,178956.94336,179099.07456,142.13120000000345,8,4.32772632445609,RankSurprise
microCMCL_L_10_CommonFiltered,1,179782.08256,179798.95808,16.875520000001416,3,3.7929355476894138,RankSurprise
microCMCL_L_10_CommonFiltered,1,181343.92832,181441.69984,97.77151999998023,6,3.542921146053998,RankSurprise
microCMCL_L_10_CommonFiltered,1,184692.3264,184707.072,14.745599999994738,3,4.081800967269794,RankSurprise
microCMCL_L_10_CommonFiltered,1,186244.7104,186266.66496,21.954559999983758,4,5.674289043416806,RankSurprise
microCMCL_L_10_CommonFiltered,1,187343.95392,187462.36928,118.4153600000136,8,5.341357654627019,RankSurprise
microCMCL_L_10_CommonFiltered,1,188744.41728,188847.22688,102.80960000000778,9,8.18516403330722,RankSurprise
microCMCL_L_10_CommonFiltered,1,191850.82368,191855.65696,4.833279999991646,3,7.208343543333948,RankSurprise
microCMCL_L_10_CommonFiltered,1,193546.28096,193691.81184,145.5308800000057,8,4.448786975394906,RankSurprise
microCMCL_L_10_CommonFiltered,1,196449.6896,196665.344,215.65439999999944,10,4.032287247446527,RankSurprise
microCMCL_L_10_CommonFiltered,1,196756.15232,196842.74176,86.58944000001065,6,4.052399805535741,RankSurprise
microCMCL_L_10_CommonFiltered,1,211835.0848,212324.06528,488.98047999999835,18,4.171776404680059,RankSurprise
microCMCL_L_10_CommonFiltered,1,213477.70368,213505.92512,28.22143999999389,4,4.802121342033235,RankSurprise
microCMCL_L_10_CommonFiltered,1,218257.28512,218272.80896,15.523840000008931,3,3.9601775735150664,RankSurprise
microCMCL_L_10_CommonFiltered,1,218791.28064,219098.80832,307.52767999999924,23,17.895732041985042,RankSurprise
microCMCL_L_10_CommonFiltered,1,226845.98272,226866.54464,20.561920000007376,4,5.826054191397894,RankSurprise
microCMCL_L_10_CommonFiltered,1,227712.69632,227749.0688,36.372480000020005,4,4.003281839136211,RankSurprise
microCMCL_L_10_CommonFiltered,1,228093.5424,228130.24256,36.7001600000076,5,6.1372317379291275,RankSurprise
microCMCL_L_10_CommonFiltered,1,229015.7568,229035.04896,19.292159999982687,3,3.5295134744801278,RankSurprise
microCMCL_L_10_CommonFiltered,1,229644.04224,229661.40928,17.367039999982808,3,3.7142823782523475,RankSurprise
microCMCL_L_10_CommonFiltered,1,231143.13728,231177.91232,34.77504000000772,4,4.200109187096373,RankSurprise
microCMCL_L_10_CommonFiltered,1,232579.2768,232595.78368,16.50688000000082,3,3.8326509177515007,RankSurprise
microCMCL_L_10_CommonFiltered,1,235807.86688,236048.22016,240.35328000001027,11,4.247474904628293,RankSurprise
microCMCL_L_10_CommonFiltered,1,236436.6848,236450.2016,13.516800000012154,4,7.300166617576121,RankSurprise
microCMCL_L_10_CommonFiltered,1,237442.00704,237742.2848,300.2777599999972,17,8.785684677415171,RankSurprise
microCMCL_L_10_CommonFiltered,1,239899.48416,240085.4016,185.91744000001927,11,6.926221518100639,RankSurprise
microCMCL_L_10_CommonFiltered,1,240873.0624,240914.0224,40.95999999999185,4,3.587547949439873,RankSurprise
microCMCL_L_10_CommonFiltered,1,241720.23808,241736.86784,16.629759999981616,3,3.797659960067376,RankSurprise
microCMCL_L_10_CommonFiltered,1,243901.27616,243922.1248,20.84863999998197,4,5.791658900874065,RankSurprise
microCMCL_L_10_CommonFiltered,1,246454.80448,246958.73536,503.9308799999999,21,5.9372712583030385,RankSurprise
microCMCL_L_10_CommonFiltered,1,247295.42656,247325.4912,30.06463999999687,4,4.639919656968935,RankSurprise
microCMCL_L_10_CommonFiltered,1,251416.1664,251435.4176,19.25119999999879,4,6.1185262185348535,RankSurprise
microCMCL_L_10_CommonFiltered,1,253592.82176,253688.50432,95.68256000001566,6,3.5474343493293343,RankSurprise
microCMCL_L_10_CommonFiltered,1,256292.57728,256608.62464,316.04735999999684,19,10.925934105265313,RankSurprise
microCMCL_L_10_CommonFiltered,1,256964.85376,257168.62976,203.77600000001257,12,6.7607883974278264,RankSurprise
microCMCL_L_10_CommonFiltered,1,257923.2768,258161.17248,237.895680000016,11,4.148972321618962,RankSurprise
microCMCL_L_10_CommonFiltered,1,259151.0528,259168.17408,17.12127999999211,3,3.749371002658707,RankSurprise
microCMCL_L_10_CommonFiltered,1,260898.03776,260916.59264,18.554879999981495,3,3.5968174150819383,RankSurprise
microCMCL_L_10_CommonFiltered,1,263084.76928,263114.05568,29.286399999982677,4,4.751995987586032,RankSurprise
microCMCL_L_10_CommonFiltered,1,263919.77984,263934.93504,15.15520000003744,3,4.020946148575735,RankSurprise
microCMCL_L_10_CommonFiltered,1,264189.1328,264287.0272,97.89439999999013,6,3.5635906759092264,RankSurprise
microCMCL_L_10_CommonFiltered,1,266182.57408,266359.68512,177.11103999998886,10,5.276826000315408,RankSurprise
microCMCL_L_10_CommonFiltered,1,266839.28576,266844.93824,5.652479999989737,3,6.4755631038820045,RankSurprise
microCMCL_L_10_CommonFiltered,1,269548.09344,269636.89472,88.80127999995602,6,4.31932371575398,RankSurprise
microCMCL_L_10_CommonFiltered,1,269797.82656,269989.23264,191.4060799999861,10,4.9796223728472055,RankSurprise
microCMCL_L_10_CommonFiltered,1,272920.45312,272988.9792,68.52607999998145,6,5.294855422584355,RankSurprise
microCMCL_L_10_CommonFiltered,1,273553.57184,273601.9456,48.37375999998767,7,9.5129310167126,RankSurprise
microCMCL_L_10_CommonFiltered,1,274663.95648,274688.04096,24.08448000001954,4,5.313235588491555,RankSurprise
microCMCL_L_10_CommonFiltered,1,278609.01888,278983.35232,374.3334400000167,15,4.1051870822075855,RankSurprise
microCMCL_L_10_CommonFiltered,1,279124.54144,279142.6048,18.063359999971,3,3.6111287481047647,RankSurprise
microCMCL_L_10_CommonFiltered,1,282350.71488,282438.4512,87.73632000002544,7,5.653397033565788,RankSurprise
microCMCL_L_10_CommonFiltered,1,285636.8128,286144.1024,507.28959999996005,22,8.26471464809789,RankSurprise
microCMCL_L_10_CommonFiltered,1,290510.2336,290518.46656,8.23295999999391,3,5.537435052195352,RankSurprise
microCMCL_L_10_CommonFiltered,1,292520.42752,292537.26208,16.834559999988414,3,3.758626708946233,RankSurprise
microCMCL_L_10_CommonFiltered,1,294814.9248,294886.76864,71.84384000004502,8,9.032779699774679,RankSurprise
microCMCL_L_10_CommonFiltered,1,299108.7616,299183.47264,74.71103999996558,6,4.97458855100097,RankSurprise
microCMCL_L_10_CommonFiltered,1,299938.07872,300201.04192,262.9631999999983,13,5.565017999007111,RankSurprise
microCMCL_L_10_CommonFiltered,1,300669.58336,300699.81184,30.228479999990668,4,4.596235796270591,RankSurprise
microCMCL_L_10_CommonFiltered,1,303973.04832,304158.72,185.67167999997037,9,3.6770322069931503,RankSurprise
microCMCL_L_10_CommonFiltered,1,310284.41088,310388.81792,104.40704000002006,7,4.57967715737288,RankSurprise
microCMCL_L_10_CommonFiltered,1,310571.29472,310724.68992,153.39519999996992,9,5.06698612170918,RankSurprise
microCMCL_L_10_CommonFiltered,1,314625.67936,314631.3728,5.693440000002738,3,6.4815872184853855,RankSurprise
microCMCL_L_10_CommonFiltered,1,326430.72,326448.00512,17.285120000015013,3,3.6842630487240715,RankSurprise
microCMCL_L_10_CommonFiltered,1,328686.3872,328728.12544,41.73823999997694,4,3.595760882832593,RankSurprise
microCMCL_L_10_CommonFiltered,1,328985.06752,329157.14048,172.07296000001952,9,4.175303805786053,RankSurprise
microCMCL_L_10_CommonFiltered,1,331459.584,331682.16064,222.57664000004297,11,5.084979152212628,RankSurprise
microCMCL_L_10_CommonFiltered,1,331806.9248,332315.60704,508.68223999999464,28,15.092935791534964,RankSurprise
microCMCL_L_10_CommonFiltered,1,338212.78208,338338.07872,125.29664000001503,7,3.697920567818284,RankSurprise
microCMCL_L_10_CommonFiltered,1,338554.38848,338699.01824,144.62975999998162,8,4.114679883213254,RankSurprise
microCMCL_L_10_CommonFiltered,1,339727.60576,339762.83136,35.225600000005215,5,6.341042669601865,RankSurprise
microCMCL_L_10_CommonFiltered,1,340910.44864,341232.92672,322.47807999997167,18,9.402219289739833,RankSurprise
microCMCL_L_10_CommonFiltered,1,341604.27008,341623.52128,19.25119999999879,6,12.558640304438669,RankSurprise
microCMCL_L_10_CommonFiltered,1,346194.16576,346321.38752,127.2217599999858,7,3.887131312907003,RankSurprise
microCMCL_L_10_CommonFiltered,1,348786.72896,348859.06432,72.33536000002641,6,4.965065562528338,RankSurprise
microCMCL_L_10_CommonFiltered,1,349100.76928,349252.11648,151.34720000001835,8,4.776623698739725,RankSurprise
microCMCL_L_10_CommonFiltered,1,349988.74112,350040.63744,51.89631999999983,5,4.659019546372971,RankSurprise
microCMCL_L_10_CommonFiltered,1,350546.98496,350753.42336,206.43840000004275,10,4.7526588687546925,RankSurprise
microCMCL_L_10_CommonFiltered,1,353776.55808,353862.49216,85.93408000003546,6,4.1431816214086785,RankSurprise
microCMCL_L_10_CommonFiltered,1,354644.992,354663.0144,18.022399999957997,3,3.6111287481047647,RankSurprise
microCMCL_L_10_CommonFiltered,1,354825.95328,354916.10624,90.15295999997761,8,7.342058241408558,RankSurprise
microCMCL_L_10_CommonFiltered,1,355342.9504,355509.53472,166.58432000002358,9,4.466667898080994,RankSurprise
microCMCL_L_10_CommonFiltered,1,355783.02464,356328.2432,545.2185600000084,30,15.951277993711269,RankSurprise
microCMCL_L_10_CommonFiltered,1,357554.42176,357821.8496,267.4278400000185,12,4.285916313869399,RankSurprise
microCMCL_L_10_CommonFiltered,1,360762.69568,360777.80992,15.114240000024438,3,4.0068925087681695,RankSurprise
microCMCL_L_10_CommonFiltered,1,361721.6512,361762.69312,41.04191999998875,4,3.63809287621433,RankSurprise
microCMCL_L_10_CommonFiltered,1,364432.34304,364442.29632,9.953280000016093,3,4.956903162940334,RankSurprise
microCMCL_L_10_CommonFiltered,1,370229.73952,370264.30976,34.57023999997182,5,6.422860337263504,RankSurprise
microCMCL_L_10_CommonFiltered,1,373481.472,373570.39616,88.92415999999503,11,13.847136970519644,RankSurprise
microCMCL_L_10_CommonFiltered,1,373951.6928,374082.43712,130.74431999999797,8,4.727404156112429,RankSurprise
microCMCL_L_10_CommonFiltered,1,376409.62048,376589.59872,179.97824000002583,9,4.20533822869408,RankSurprise
microCMCL_L_10_CommonFiltered,1,377539.46112,377647.59552,108.13439999998081,7,4.435709422108958,RankSurprise
microCMCL_L_10_CommonFiltered,1,378712.22784,378831.38048,119.1526399999857,9,6.946751947679873,RankSurprise
microCMCL_L_10_CommonFiltered,1,381599.29344,381606.2976,7.004160000011325,3,5.872570092272316,RankSurprise
microCMCL_L_10_CommonFiltered,1,386817.88416,387122.54464,304.66047999996226,14,5.653239678727565,RankSurprise
microCMCL_L_10_CommonFiltered,1,387578.0608,387936.99328,358.9324800000177,14,4.201667515359216,RankSurprise
microCMCL_L_10_CommonFiltered,1,391410.44224,391511.49056,101.0483200000017,7,5.1636778313208795,RankSurprise
microCMCL_L_10_CommonFiltered,1,392461.35296,392518.0416,56.68864000000758,5,4.418825444114507,RankSurprise
microCMCL_L_10_CommonFiltered,1,392906.87488,392975.27808,68.40320000000065,5,3.5219734574601667,RankSurprise
microCMCL_L_10_CommonFiltered,1,397076.6848,397199.44192,122.75712000002386,9,6.7556878716545725,RankSurprise
microCMCL_L_10_CommonFiltered,1,398571.1104,398766.20288,195.09247999999207,9,3.653852948259377,RankSurprise
microCMCL_L_10_CommonFiltered,1,399355.16672,399537.31584,182.1491200000164,13,9.675124069105609,RankSurprise
microCMCL_L_10_CommonFiltered,1,399770.13248,400190.21824,420.0857600000454,20,8.276063885213187,RankSurprise
microCMCL_L_10_CommonFiltered,1,400934.87104,400993.4848,58.613759999978356,5,4.1682197256011655,RankSurprise
microCMCL_L_10_CommonFiltered,1,406265.28256,406275.60448,10.321919999958482,3,4.868795274893797,RankSurprise
microCMCL_L_10_CommonFiltered,1,406854.57408,406864.32256,9.748480000009295,3,5.0198104538319335,RankSurprise
microCMCL_L_10_CommonFiltered,1,407751.14752,407783.424,32.27648000000045,4,4.386877150202697,RankSurprise
microCMCL_L_10_CommonFiltered,2,13330.8416,13516.71808,185.8764800000008,10,16.83451871012238,RankSurprise
microCMCL_L_10_CommonFiltered,2,18910.69952,18994.87232,84.17280000000028,5,8.141602088789416,RankSurprise
microCMCL_L_10_CommonFiltered,2,98435.15392,98564.42368,129.26976000001014,4,3.9170297261339027,RankSurprise
microCMCL_L_10_CommonFiltered,2,147754.84416,149622.70208,1867.8579199999804,11,4.15502760931262,RankSurprise
microCMCL_L_10_CommonFiltered,2,176644.83328,176677.4784,32.64512000000104,3,5.407471530698297,RankSurprise
microCMCL_L_10_CommonFiltered,2,182365.7984,182402.00704,36.208639999997104,3,4.892954294050389,RankSurprise
microCMCL_L_10_CommonFiltered,2,200696.25856,201223.90528,527.6467200000188,12,11.205895936823929,RankSurprise
microCMCL_L_10_CommonFiltered,2,206343.45472,208586.17856,2242.7238399999915,11,3.9668120079277394,RankSurprise
microCMCL_L_10_CommonFiltered,2,237956.25984,238020.93568,64.67583999998169,3,3.5169164330976876,RankSurprise
microCMCL_L_10_CommonFiltered,2,243789.37344,243830.33344,40.95999999999185,3,4.623290727101285,RankSurprise
microCMCL_L_10_CommonFiltered,2,290308.5056,292289.24928,1980.7436800000141,12,3.7327738354721287,RankSurprise
microCMCL_L_10_CommonFiltered,2,297474.21184,297631.744,157.53216000000248,4,3.5145068978040577,RankSurprise
microCMCL_L_10_CommonFiltered,2,339266.39616,341836.63616,2570.2399999999907,15,4.38137627909832,RankSurprise
microCMCL_L_10_CommonFiltered,2,347695.7184,347757.32224,61.603839999996126,5,9.915031908460943,RankSurprise
microCMCL_L_10_CommonFiltered,2,371206.144,371221.58592,15.441920000012033,3,6.821164866006302,RankSurprise
microCMCL_L_10_CommonFiltered,2,407404.3392,407515.42272,111.08351999998558,4,4.276160732465733,RankSurprise
microCMCL_L_10_CommonFiltered,2,412705.3824,413042.81088,337.4284800000023,8,7.46134814571931,RankSurprise
microCMCL_L_10_CommonFiltered,3,1920.65536,2249.15456,328.4992,11,7.912800028987406,RankSurprise
microCMCL_L_10_CommonFiltered,3,3080.27392,3155.80416,75.53024000000005,4,3.8669294204320472,RankSurprise
microCMCL_L_10_CommonFiltered,3,46235.48416,46333.66528,98.1811200000011,7,10.772444427094797,RankSurprise
microCMCL_L_10_CommonFiltered,3,51906.92864,52000.1536,93.22495999999956,5,5.293259226887617,RankSurprise
microCMCL_L_10_CommonFiltered,3,52447.232,52571.50464,124.27263999999559,5,3.6569138636205096,RankSurprise
microCMCL_L_10_CommonFiltered,3,60326.37952,61693.25568,1366.8761599999998,28,8.47212041432973,RankSurprise
microCMCL_L_10_CommonFiltered,3,62424.18688,62512.66048,88.47359999999753,5,5.394489203560443,RankSurprise
microCMCL_L_10_CommonFiltered,3,66330.50112,66368.9216,38.42048000000068,3,3.5422409999142594,RankSurprise
microCMCL_L_10_CommonFiltered,3,70788.9152,70828.07296,39.15776000000187,3,3.763299349268525,RankSurprise
microCMCL_L_10_CommonFiltered,3,78671.83104,78753.75104,81.91999999999825,4,3.5180109745859305,RankSurprise
microCMCL_L_10_CommonFiltered,3,87602.74944,87686.22592,83.47647999999754,6,8.444492824620873,RankSurprise
microCMCL_L_10_CommonFiltered,3,95436.10368,95480.75008,44.64639999999781,4,6.684907550770703,RankSurprise
microCMCL_L_10_CommonFiltered,3,106196.29568,106221.85472,25.55904000000737,3,5.31741634112678,RankSurprise
microCMCL_L_10_CommonFiltered,3,111391.41632,111398.0928,6.676479999994626,3,11.114486750206538,RankSurprise
microCMCL_L_10_CommonFiltered,3,126708.57216,126860.0832,151.5110399999976,8,9.017622739895806,RankSurprise
microCMCL_L_10_CommonFiltered,3,132654.65344,132690.61632,35.96288000000641,3,3.8813814639824873,RankSurprise
microCMCL_L_10_CommonFiltered,3,136710.47168,137323.39712,612.9254400000209,15,5.266301864580088,RankSurprise
microCMCL_L_10_CommonFiltered,3,137919.93856,138112.73728,192.7987199999916,7,4.908445683548245,RankSurprise
microCMCL_L_10_CommonFiltered,3,138990.34624,139084.55424,94.20799999998417,5,5.092037865609257,RankSurprise
microCMCL_L_10_CommonFiltered,3,141380.32128,142022.16448,641.843200000003,14,3.594166060240043,RankSurprise
microCMCL_L_10_CommonFiltered,3,144451.91168,144680.7552,228.843520000024,7,3.867807731525939,RankSurprise
microCMCL_L_10_CommonFiltered,3,156070.17472,156125.75744,55.58271999997669,4,5.512519600734077,RankSurprise
microCMCL_L_10_CommonFiltered,3,160978.82112,161277.3376,298.51647999999113,9,4.391936521316373,RankSurprise
microCMCL_L_10_CommonFiltered,3,171654.06208,171682.44736,28.385279999987688,3,4.724144400289914,RankSurprise
microCMCL_L_10_CommonFiltered,3,173197.63968,173373.07136,175.43168000000878,6,4.213718617959374,RankSurprise
microCMCL_L_10_CommonFiltered,3,174853.20192,174883.71712,30.515199999994365,3,4.211241626702286,RankSurprise
microCMCL_L_10_CommonFiltered,3,181227.02848,181790.76096,563.732480000006,17,9.003095763257097,RankSurprise
microCMCL_L_10_CommonFiltered,3,184838.92224,184986.0096,147.0873599999759,9,11.683182481440404,RankSurprise
microCMCL_L_10_CommonFiltered,3,188470.6816,188509.06112,38.37951999998768,3,3.8397132343482845,RankSurprise
microCMCL_L_10_CommonFiltered,3,193002.74176,193255.6288,252.88704000000143,8,4.427767862740794,RankSurprise
microCMCL_L_10_CommonFiltered,3,201666.92864,202158.94016,492.01152,17,11.150823026447677,RankSurprise
microCMCL_L_10_CommonFiltered,3,210679.68512,210696.31488,16.629759999981616,3,6.679889228523319,RankSurprise
microCMCL_L_10_CommonFiltered,3,227210.73152,227241.65632,30.924800000007963,3,4.4700461872278865,RankSurprise
microCMCL_L_10_CommonFiltered,3,238556.52864,238662.16448,105.63584000000264,6,7.132289847344282,RankSurprise
microCMCL_L_10_CommonFiltered,3,240659.29216,240797.2864,137.99424,8,9.890436626970029,RankSurprise
microCMCL_L_10_CommonFiltered,3,264132.15744,264163.77856,31.621120000025257,3,4.488973820380362,RankSurprise
microCMCL_L_10_CommonFiltered,3,275955.38432,276154.69568,199.31135999999242,7,4.627670296431619,RankSurprise
microCMCL_L_10_CommonFiltered,3,277132.24704,277245.7472,113.50015999999596,5,4.146159443408159,RankSurprise
microCMCL_L_10_CommonFiltered,3,287598.67392,287671.9104,73.2364800000214,4,4.0247068706315865,RankSurprise
microCMCL_L_10_CommonFiltered,3,291392.22528,291416.064,23.83871999999974,3,5.446174454998644,RankSurprise
microCMCL_L_10_CommonFiltered,3,295040.69632,295357.80864,317.11232000001473,10,5.763748021365394,RankSurprise
microCMCL_L_10_CommonFiltered,3,297584.39424,297656.85248,72.45824000000721,4,4.0853150338170074,RankSurprise
microCMCL_L_10_CommonFiltered,3,299216.36352,299436.2368,219.8732799999998,10,9.526783052096864,RankSurprise
microCMCL_L_10_CommonFiltered,3,325552.41472,325822.2592,269.84447999997064,10,7.586495054654139,RankSurprise
microCMCL_L_10_CommonFiltered,3,328884.92032,329095.94624,211.0259200000437,11,12.321272064761628,RankSurprise
microCMCL_L_10_CommonFiltered,3,331722.5472,331789.23008,66.68288000003668,6,10.548921576590296,RankSurprise
microCMCL_L_10_CommonFiltered,3,346499.072,346661.35552,162.28351999999722,8,8.351099569444447,RankSurprise
microCMCL_L_10_CommonFiltered,3,348163.80928,348608.47104,444.66175999998813,13,6.856692374660244,RankSurprise
microCMCL_L_10_CommonFiltered,3,350207.22176,350616.24832,409.02656000002753,16,13.003370437694326,RankSurprise
microCMCL_L_10_CommonFiltered,3,355221.34016,355950.14144,728.801279999956,15,4.087605615742926,RankSurprise
microCMCL_L_10_CommonFiltered,3,371947.39712,372052.1728,104.77568000002066,5,4.667683588809638,RankSurprise
microCMCL_L_10_CommonFiltered,3,374210.47808,374278.88128,68.40320000000065,6,10.541408393239514,RankSurprise
microCMCL_L_10_CommonFiltered,3,374757.53984,375012.47488,254.9350400000112,9,6.189033002922488,RankSurprise
microCMCL_L_10_CommonFiltered,3,378892.86144,379432.30464,539.4431999999797,13,4.9727530180522415,RankSurprise
microCMCL_L_10_CommonFiltered,3,379973.59104,379994.112,20.520959999994375,4,10.757743428846002,RankSurprise
microCMCL_L_10_CommonFiltered,3,381595.27936,381888.22528,292.9459200000274,9,5.374019370587095,RankSurprise
microCMCL_L_10_CommonFiltered,3,392559.65696,393209.20064,649.5436800000025,18,9.981632134016632,RankSurprise
microCMCL_L_10_CommonFiltered,3,394174.13632,396063.70304,1889.5667200000025,51,22.69450071681505,RankSurprise
microCMCL_L_10_CommonFiltered,3,398870.44608,399242.0352,371.58911999996053,10,4.4639142418217865,RankSurprise
microCMCL_L_10_CommonFiltered,3,399496.3968,399527.60832,31.21152000001166,3,4.681814646213436,RankSurprise
microCMCL_L_10_CommonFiltered,3,407297.80224,407408.92672,111.12447999999858,5,4.246654972466608,RankSurprise
microCMCL_L_10_CommonFiltered,3,412210.46272,412307.57888,97.11615999997593,8,14.094438204244213,RankSurprise
microCMCL_L_10_CommonFiltered,3,412456.26368,412681.66656,225.40288000000874,7,3.764817508207187,RankSurprise
microCMCL_L_10_CommonFiltered,4,2365.60384,2421.22752,55.623679999999695,5,4.80922392966378,RankSurprise
microCMCL_L_10_CommonFiltered,4,9190.44096,9339.53536,149.09439999999995,7,3.973999475078958,RankSurprise
microCMCL_L_10_CommonFiltered,4,10009.72288,10148.08576,138.3628800000006,7,3.6174386640286706,RankSurprise
microCMCL_L_10_CommonFiltered,4,13045.71904,13452.9024,407.1833600000009,14,4.480070049464462,RankSurprise
microCMCL_L_10_CommonFiltered,4,26160.37376,26171.67872,11.304960000001302,3,4.879837380380904,RankSurprise
microCMCL_L_10_CommonFiltered,4,32070.08256,32243.75296,173.6704000000027,10,6.1102580631247845,RankSurprise
microCMCL_L_10_CommonFiltered,4,33675.63264,33714.70848,39.0758399999977,4,3.954337647912034,RankSurprise
microCMCL_L_10_CommonFiltered,4,38627.49184,38636.29824,8.806399999994028,3,5.631096746447863,RankSurprise
microCMCL_L_10_CommonFiltered,4,52215.48032,52310.95808,95.4777599999943,7,6.072914471939775,RankSurprise
microCMCL_L_10_CommonFiltered,4,52753.8176,52778.27072,24.453119999998307,4,5.544138011504671,RankSurprise
microCMCL_L_10_CommonFiltered,4,53609.92256,53692.6208,82.6982399999979,6,4.902931232242864,RankSurprise
microCMCL_L_10_CommonFiltered,4,59084.14464,59225.41568,141.27103999999963,10,7.985244863776425,RankSurprise
microCMCL_L_10_CommonFiltered,4,62768.29184,62781.39904,13.107199999998556,3,4.717467360123221,RankSurprise
microCMCL_L_10_CommonFiltered,4,65345.24928,65507.1232,161.87391999999818,9,6.324042548833372,RankSurprise
microCMCL_L_10_CommonFiltered,4,66315.0592,66334.18752,19.12832000000344,3,3.7118967477201235,RankSurprise
microCMCL_L_10_CommonFiltered,4,66799.94368,66867.8144,67.87072000000626,8,10.109887243185966,RankSurprise
microCMCL_L_10_CommonFiltered,4,72522.9568,73435.58656,912.6297599999962,41,16.36367776602703,RankSurprise
microCMCL_L_10_CommonFiltered,4,73829.86752,73924.36224,94.49472000000242,8,7.468975441657735,RankSurprise
microCMCL_L_10_CommonFiltered,4,76839.36256,76853.73952,14.376960000008694,3,4.442254444333754,RankSurprise
microCMCL_L_10_CommonFiltered,4,78442.53696,78481.28512,38.74816000000283,4,3.9595565544283033,RankSurprise
microCMCL_L_10_CommonFiltered,4,79580.07808,79600.27136,20.193279999992228,3,3.5621334988895423,RankSurprise
microCMCL_L_10_CommonFiltered,4,82040.70912,82052.13696,11.427840000003926,3,4.954351338134545,RankSurprise
microCMCL_L_10_CommonFiltered,4,87389.75744,87906.87744,517.1199999999953,29,17.03726385292404,RankSurprise
microCMCL_L_10_CommonFiltered,4,89185.40288,89198.592,13.189120000010007,4,8.082101457634238,RankSurprise
microCMCL_L_10_CommonFiltered,4,90004.52096,90198.71232,194.19136000001163,15,13.2181090047345,RankSurprise
microCMCL_L_10_CommonFiltered,4,90930.70848,91335.92576,405.2172799999971,16,6.842321091227631,RankSurprise
microCMCL_L_10_CommonFiltered,4,91697.68448,91908.54656,210.86208000000624,9,4.451676961274245,RankSurprise
microCMCL_L_10_CommonFiltered,4,92109.78304,92173.84448,64.06144000000495,5,4.25618518641614,RankSurprise
microCMCL_L_10_CommonFiltered,4,94807.40864,95002.74688,195.33824000001187,15,13.134917229653952,RankSurprise
microCMCL_L_10_CommonFiltered,4,95388.63104,95426.10944,37.47840000000724,5,6.294080884749555,RankSurprise
microCMCL_L_10_CommonFiltered,4,122029.62944,122038.6816,9.052159999992,3,5.644452425956848,RankSurprise
microCMCL_L_10_CommonFiltered,4,125112.5248,125118.99648,6.4716800000023795,3,6.410663512966936,RankSurprise
microCMCL_L_10_CommonFiltered,4,131154.69824,131580.23168,425.53343999999925,18,7.639301966152854,RankSurprise
microCMCL_L_10_CommonFiltered,4,140939.14112,141007.38048,68.23936000000685,5,3.749547240346917,RankSurprise
microCMCL_L_10_CommonFiltered,4,143411.11808,143579.21792,168.09984000000986,8,4.650559872783979,RankSurprise
microCMCL_L_10_CommonFiltered,4,145408.53248,145572.74112,164.2086399999971,12,9.884616981493275,RankSurprise
microCMCL_L_10_CommonFiltered,4,146066.35008,146136.35072,70.00063999998383,7,7.794087324715875,RankSurprise
microCMCL_L_10_CommonFiltered,4,147226.8288,147273.728,46.89920000001439,7,10.339188393894396,RankSurprise
microCMCL_L_10_CommonFiltered,4,147832.17664,147958.70208,126.52543999999762,8,5.6231751896269335,RankSurprise
microCMCL_L_10_CommonFiltered,4,150445.91616,150474.09664,28.180480000009993,4,5.100303555158369,RankSurprise
microCMCL_L_10_CommonFiltered,4,150880.99328,150948.37248,67.37919999999576,9,12.571285328946054,RankSurprise
microCMCL_L_10_CommonFiltered,4,154954.17856,154976.95232,22.773760000010952,4,6.072264724273179,RankSurprise
microCMCL_L_10_CommonFiltered,4,157643.44832,157656.63744,13.189119999995455,4,8.082101457634238,RankSurprise
microCMCL_L_10_CommonFiltered,4,159607.27552,159620.42368,13.148160000011558,3,4.5056926536053155,RankSurprise
microCMCL_L_10_CommonFiltered,4,160007.49568,160017.69472,10.19904000000679,3,5.387043760862282,RankSurprise
microCMCL_L_10_CommonFiltered,4,160329.76896,160416.64512,86.87616000001435,7,6.105632795627331,RankSurprise
microCMCL_L_10_CommonFiltered,4,160621.568,160639.09888,17.53088000000571,4,7.109274087196724,RankSurprise
microCMCL_L_10_CommonFiltered,4,172871.55712,172991.40608,119.84895999997389,7,4.292891048033796,RankSurprise
microCMCL_L_10_CommonFiltered,4,176784.87552,176842.58816,57.71264000001247,7,8.789265466216925,RankSurprise
microCMCL_L_10_CommonFiltered,4,178475.37664,178522.56256,47.18591999998898,5,5.279826677543625,RankSurprise
microCMCL_L_10_CommonFiltered,4,178969.3952,179144.704,175.30879999999888,8,3.6886571426604844,RankSurprise
microCMCL_L_10_CommonFiltered,4,179647.8976,179673.00608,25.108479999995325,4,5.414122399645567,RankSurprise
microCMCL_L_10_CommonFiltered,4,181051.88352,181070.76608,18.882559999998193,3,3.758320514745092,RankSurprise
microCMCL_L_10_CommonFiltered,4,182698.88512,182760.98048,62.09536000000662,5,4.251760406451865,RankSurprise
microCMCL_L_10_CommonFiltered,4,188584.71424,188605.07136,20.357120000000577,3,3.5107587944120464,RankSurprise
microCMCL_L_10_CommonFiltered,4,191395.55328,191550.34112,154.7878400000045,9,5.6173266428873205,RankSurprise
microCMCL_L_10_CommonFiltered,4,192692.30592,192770.99008,78.68415999997524,5,3.812447807824217,RankSurprise
microCMCL_L_10_CommonFiltered,4,194144.54272,194220.76928,76.22656000001007,5,4.030955348961573,RankSurprise
microCMCL_L_10_CommonFiltered,4,195813.376,195989.21728,175.84128000002238,10,6.41004166670815,RankSurprise
microCMCL_L_10_CommonFiltered,4,196921.46688,196958.4128,36.945919999998296,4,4.179872178314657,RankSurprise
microCMCL_L_10_CommonFiltered,4,197368.34048,197380.38272,12.042239999980666,3,4.606783265076347,RankSurprise
microCMCL_L_10_CommonFiltered,4,199921.33632,199961.43616,40.09984000000986,4,3.949127804628432,RankSurprise
microCMCL_L_10_CommonFiltered,4,200245.0432,200258.39616,13.352960000018356,3,4.70486226247314,RankSurprise
microCMCL_L_10_CommonFiltered,4,200914.16576,201053.67552,139.50975999998627,11,11.266342265499171,RankSurprise
microCMCL_L_10_CommonFiltered,4,201531.88352,201554.37056,22.487040000007255,4,5.845165744148282,RankSurprise
microCMCL_L_10_CommonFiltered,4,202857.71776,202871.808,14.090239999990445,3,4.29364487644783,RankSurprise
microCMCL_L_10_CommonFiltered,4,207217.09056,207233.51552,16.424959999974817,3,4.0439202957206515,RankSurprise
microCMCL_L_10_CommonFiltered,4,210184.6016,210217.90208,33.30048000000534,4,4.450290191316441,RankSurprise
microCMCL_L_10_CommonFiltered,4,211949.81376,211987.456,37.64224000001559,4,4.0839819996819635,RankSurprise
microCMCL_L_10_CommonFiltered,4,214599.68,214619.62752,19.947520000016084,3,3.6075900173082704,RankSurprise
microCMCL_L_10_CommonFiltered,4,218491.94496,218699.9808,208.03583999999682,11,6.732239512942485,RankSurprise
microCMCL_L_10_CommonFiltered,4,219031.42912,219051.78624,20.357120000000577,5,9.350371591178106,RankSurprise
microCMCL_L_10_CommonFiltered,4,219693.056,219787.50976,94.45375999997486,9,9.54720897145561,RankSurprise
microCMCL_L_10_CommonFiltered,4,224956.17024,224995.81952,39.649279999983264,4,4.019347527286726,RankSurprise
microCMCL_L_10_CommonFiltered,4,229677.30176,229692.08832,14.78656000000774,3,4.16808746774711,RankSurprise
microCMCL_L_10_CommonFiltered,4,234859.19232,235046.62528,187.43296000000555,8,3.956492671344571,RankSurprise
microCMCL_L_10_CommonFiltered,4,235968.9216,236035.072,66.15039999998407,6,5.954899327599705,RankSurprise
microCMCL_L_10_CommonFiltered,4,237034.86464,237049.856,14.991359999985434,3,4.16488746501644,RankSurprise
microCMCL_L_10_CommonFiltered,4,238367.08864,238478.62272,111.53408000001218,8,6.111635024842705,RankSurprise
microCMCL_L_10_CommonFiltered,4,239728.64,239780.49536,51.85535999998683,5,4.910473459878812,RankSurprise
microCMCL_L_10_CommonFiltered,4,241446.83008,241479.10656,32.27647999997134,5,7.398815976996399,RankSurprise
microCMCL_L_10_CommonFiltered,4,260791.00928,260882.88256,91.8732799999998,7,6.040373788268447,RankSurprise
microCMCL_L_10_CommonFiltered,4,267205.55008,267365.21216,159.66207999998005,8,3.9158381405080527,RankSurprise
microCMCL_L_10_CommonFiltered,4,273709.34272,273772.42112,63.07839999999851,5,3.997616029556319,RankSurprise
microCMCL_L_10_CommonFiltered,4,274904.39168,274946.99008,42.598400000017136,4,3.7203660701406207,RankSurprise
microCMCL_L_10_CommonFiltered,4,275697.70496,275784.58112,86.87615999998525,11,15.151016259626488,RankSurprise
microCMCL_L_10_CommonFiltered,4,276215.11168,276389.51936,174.4076800000039,10,6.421012482714771,RankSurprise
microCMCL_L_10_CommonFiltered,4,276635.89376,276684.8,48.90623999998206,4,3.7059313963984977,RankSurprise
microCMCL_L_10_CommonFiltered,4,277106.2784,277165.34272,59.064320000004955,5,4.245868303485441,RankSurprise
microCMCL_L_10_CommonFiltered,4,277571.13344,277582.72512,11.591680000012275,3,4.879837380380904,RankSurprise
microCMCL_L_10_CommonFiltered,4,278052.29056,278150.43072,98.14016000000993,8,7.2881604431620355,RankSurprise
microCMCL_L_10_CommonFiltered,4,278703.59552,278722.19136,18.5958400000236,3,3.803177295805364,RankSurprise
microCMCL_L_10_CommonFiltered,4,284502.50752,284522.78272,20.275200000032783,3,3.5269625921776555,RankSurprise
microCMCL_L_10_CommonFiltered,4,287294.54592,287321.088,26.542079999984708,5,7.85439806840785,RankSurprise
microCMCL_L_10_CommonFiltered,4,290911.39584,290929.2544,17.8585599999642,3,3.9100520860143373,RankSurprise
microCMCL_L_10_CommonFiltered,4,292393.24672,292570.64448,177.39776000002166,11,7.256367202017858,RankSurprise
microCMCL_L_10_CommonFiltered,4,294537.17504,294549.95456,12.779519999981858,4,8.18713006817174,RankSurprise
microCMCL_L_10_CommonFiltered,4,303956.66432,304051.2,94.53568000002997,5,3.718464029836017,RankSurprise
microCMCL_L_10_CommonFiltered,4,309267.12832,309283.6352,16.50688000000082,3,4.114371725242309,RankSurprise
microCMCL_L_10_CommonFiltered,4,310400.65536,310474.67008,74.0147200000356,5,3.6812245907392445,RankSurprise
microCMCL_L_10_CommonFiltered,4,316010.16832,316051.41504,41.24671999999555,4,3.7332554587196114,RankSurprise
microCMCL_L_10_CommonFiltered,4,324797.68576,324854.3744,56.68863999994937,7,8.801495398923223,RankSurprise
microCMCL_L_10_CommonFiltered,4,326413.68064,326428.83584,15.15520000003744,3,4.338474372818633,RankSurprise
microCMCL_L_10_CommonFiltered,4,332584.67328,332706.16064,121.48736000002827,8,5.9479335108368145,RankSurprise
microCMCL_L_10_CommonFiltered,4,338555.74016,338731.70432,175.96416000003228,13,10.68511479897435,RankSurprise
microCMCL_L_10_CommonFiltered,4,340055.36768,340306.1248,250.75711999996565,14,8.0170223808828,RankSurprise
microCMCL_L_10_CommonFiltered,4,341153.3824,341196.96384,43.58143999997992,5,5.599124061997053,RankSurprise
microCMCL_L_10_CommonFiltered,4,341826.92864,341934.57152,107.64287999999942,9,8.155097003574587,RankSurprise
microCMCL_L_10_CommonFiltered,4,348244.74624,348324.53632,79.79008000000613,8,8.825395666434154,RankSurprise
microCMCL_L_10_CommonFiltered,4,351920.00512,352119.56224,199.55712000001222,11,6.448865883384841,RankSurprise
microCMCL_L_10_CommonFiltered,4,352674.97984,352982.38464,307.40480000001844,15,8.163238792687695,RankSurprise
microCMCL_L_10_CommonFiltered,4,354835.74272,354881.90464,46.1619200000423,8,13.648665174677134,RankSurprise
microCMCL_L_10_CommonFiltered,4,355712.0,355740.672,28.67200000002049,5,7.54722554115698,RankSurprise
microCMCL_L_10_CommonFiltered,4,357083.05408,357203.80416,120.75008000002708,7,4.101799102461172,RankSurprise
microCMCL_L_10_CommonFiltered,4,358045.94176,358131.26144,85.31967999995686,7,6.162140149080968,RankSurprise
microCMCL_L_10_CommonFiltered,4,371145.44128,371349.58592,204.14463999995496,12,8.398006645855862,RankSurprise
microCMCL_L_10_CommonFiltered,4,371756.31872,371775.24224,18.923520000011194,3,3.7453165622648346,RankSurprise
microCMCL_L_10_CommonFiltered,4,372745.46176,372939.5712,194.10944000002928,10,4.987201953639742,RankSurprise
microCMCL_L_10_CommonFiltered,4,373856.99328,373927.89504,70.90175999997882,5,3.8111272397881386,RankSurprise
microCMCL_L_10_CommonFiltered,4,376197.3248,376498.33984,301.0150399999693,16,9.901175953714635,RankSurprise
microCMCL_L_10_CommonFiltered,4,378693.14048,378911.744,218.6035200000042,9,4.627206721559437,RankSurprise
microCMCL_L_10_CommonFiltered,4,379783.29088,379856.4864,73.1955200000084,6,5.125517765721973,RankSurprise
microCMCL_L_10_CommonFiltered,4,380874.79296,380951.47008,76.67712000000756,6,4.8914104879072084,RankSurprise
microCMCL_L_10_CommonFiltered,4,381959.9872,382003.8144,43.82719999999972,4,3.5500521515310837,RankSurprise
microCMCL_L_10_CommonFiltered,4,388094.11584,388169.5232,75.40736000001198,6,5.076019827452562,RankSurprise
microCMCL_L_10_CommonFiltered,4,394814.62784,395206.2464,391.6185600000317,17,7.32452203345753,RankSurprise
microCMCL_L_10_CommonFiltered,4,398944.74752,398983.53664,38.78912000003038,4,3.937006573325185,RankSurprise
microCMCL_L_10_CommonFiltered,4,407660.42112,407703.1424,42.72127999999793,5,5.885801208172783,RankSurprise
