Electrode,Cluster,onset_start_ms,onset_end_ms,onset_duration_ms,span_start_ms,span_end_ms,span_duration_ms,Num_Spikes,RS,Method
microGPi_L_1-2+,4,15994.6752,17053.94176,1059.2665600000018,15994.6752,17053.94176,1059.2665600000018,6,3.5684349062558662,RankSurprise
microGPi_L_1-2+,4,43773.82912,44974.73536,1200.9062399999966,43773.82912,44974.73536,1200.9062399999966,7,3.7892979608759174,RankSurprise
microGPi_L_1-2+,4,82421.22752,88026.112,5604.884479999993,82421.22752,88026.112,5604.884479999993,27,11.981939321455936,RankSurprise
microGPi_L_1-2+,4,98166.90688,99654.49216,1487.5852799999993,98166.90688,99654.49216,1487.5852799999993,13,10.485658728397185,RankSurprise
microGPi_L_1-2+,4,104566.82496,105612.61568,1045.7907200000045,104566.82496,105612.61568,1045.7907200000045,8,5.593522143078299,RankSurprise
microGPi_L_1-2+,4,124512.37888,124840.83712,328.45823999999266,124512.37888,124840.83712,328.45823999999266,4,3.8370592842769398,RankSurprise
microGPi_L_1-2+,4,148841.34912,149794.44736,953.0982399999921,148841.34912,149794.44736,953.0982399999921,6,4.069036485719489,RankSurprise
microGPi_L_1-2+,4,180904.50944,182772.5312,1868.0217600000033,180904.50944,182772.5312,1868.0217600000033,10,4.650284409939351,RankSurprise
microGPi_L_1-2+,4,187067.22816,190003.8144,2936.586240000004,187067.22816,190003.8144,2936.586240000004,17,9.142812033174568,RankSurprise
microGPi_L_1-2+,4,307262.21824,307479.63392,217.41567999997642,307262.21824,307479.63392,217.41567999997642,4,5.1337848943772855,RankSurprise
microGPi_L_1-2+,4,341850.84928,342388.98176,538.1324799999711,341850.84928,342388.98176,538.1324799999711,5,4.416262322111127,RankSurprise
microGPi_L_1-3+,0,13834.89536,13941.1456,106.2502399999994,13834.89536,13941.1456,106.2502399999994,3,3.608013784128877,RankSurprise
microGPi_L_1-3+,0,42084.47488,42483.26144,398.78656000000046,42084.47488,42483.26144,398.78656000000046,5,3.841965132039867,RankSurprise
microGPi_L_1-3+,0,55734.8864,56662.4256,927.5391999999993,55734.8864,56662.4256,927.5391999999993,8,4.68410184436775,RankSurprise
microGPi_L_1-3+,0,63570.98496,63607.11168,36.126720000000205,63570.98496,63607.11168,36.126720000000205,3,5.2883932853503435,RankSurprise
microGPi_L_1-3+,0,83528.66304,87117.70112,3589.0380799999984,83528.66304,87117.70112,3589.0380799999984,19,4.191461368430938,RankSurprise
microGPi_L_1-3+,0,91920.7936,92534.66112,613.8675199999998,91920.7936,92534.66112,613.8675199999998,6,3.790224504471076,RankSurprise
microGPi_L_1-3+,0,93969.12128,94074.51136,105.3900799999974,93969.12128,94074.51136,105.3900799999974,4,5.654874680690739,RankSurprise
microGPi_L_1-3+,0,97940.60288,101315.05152,3374.448639999988,97940.60288,101315.05152,3374.448639999988,21,6.4733138388691085,RankSurprise
microGPi_L_1-3+,0,102502.72768,102599.59808,96.87039999999979,102502.72768,102599.59808,96.87039999999979,3,3.6295774920093553,RankSurprise
microGPi_L_1-3+,0,103795.46624,103888.97792,93.51168000001053,103795.46624,103888.97792,93.51168000001053,3,3.8229112828766514,RankSurprise
microGPi_L_1-3+,0,107789.27104,107833.67168,44.40063999999256,107789.27104,107833.67168,44.40063999999256,3,5.144613659788574,RankSurprise
microGPi_L_1-3+,0,134284.16512,135666.4832,1382.3180799999973,134284.16512,135666.4832,1382.3180799999973,10,4.289792290308849,RankSurprise
microGPi_L_1-3+,0,144390.47168,144404.35712,13.88544000001275,144390.47168,144404.35712,13.88544000001275,3,7.229684488549363,RankSurprise
microGPi_L_1-3+,0,156403.95776,156839.64928,435.69152000002214,156403.95776,156839.64928,435.69152000002214,5,3.847864854167053,RankSurprise
microGPi_L_1-3+,0,158121.24672,159261.85984,1140.6131199999945,158121.24672,159261.85984,1140.6131199999945,8,3.9138679211527063,RankSurprise
microGPi_L_1-3+,0,163085.47584,164373.99552,1288.5196799999976,163085.47584,164373.99552,1288.5196799999976,11,6.461504788448552,RankSurprise
microGPi_L_1-3+,0,177506.18112,183432.84736,5926.6662400000205,177506.18112,183432.84736,5926.6662400000205,38,14.01069539566355,RankSurprise
microGPi_L_1-3+,0,195095.22432,195164.65152,69.42720000000554,195095.22432,195164.65152,69.42720000000554,3,4.448663674590991,RankSurprise
microGPi_L_1-3+,0,202154.76224,202253.68064,98.91839999999502,202154.76224,202253.68064,98.91839999999502,4,5.851209268676866,RankSurprise
microGPi_L_1-3+,0,206902.43584,207004.30336,101.86751999999979,206902.43584,207004.30336,101.86751999999979,4,6.030369933575541,RankSurprise
microGPi_L_1-3+,0,214632.77568,214828.35968,195.58400000000256,214632.77568,214828.35968,195.58400000000256,5,6.495503838695161,RankSurprise
microGPi_L_1-3+,0,216209.77664,217024.47104,814.6944000000076,216209.77664,217024.47104,814.6944000000076,7,3.817638337490341,RankSurprise
microGPi_L_1-3+,0,220491.9808,220625.87904,133.89824000000954,220491.9808,220625.87904,133.89824000000954,4,5.155795768333817,RankSurprise
microGPi_L_1-3+,0,245303.45984,245335.6544,32.19456000000355,245303.45984,245335.6544,32.19456000000355,3,5.525523078639294,RankSurprise
microGPi_L_1-3+,0,361848.34048,361993.54368,145.203199999989,361848.34048,361993.54368,145.203199999989,4,5.065221991322062,RankSurprise
microGPi_L_1-3+,0,366295.20384,367514.17344,1218.9696000000113,366295.20384,367514.17344,1218.9696000000113,9,4.7456185727131865,RankSurprise
microGPi_L_1-3+,1,14091.63264,14352.9984,261.3657600000006,14091.63264,14352.9984,261.3657600000006,6,4.643733829416715,RankSurprise
microGPi_L_1-3+,1,15468.78976,15509.17632,40.38656000000083,15468.78976,15509.17632,40.38656000000083,3,4.175287982581535,RankSurprise
microGPi_L_1-3+,1,45782.4256,45899.48928,117.0636799999993,45782.4256,45899.48928,117.0636799999993,4,4.041447376700759,RankSurprise
microGPi_L_1-3+,1,54290.88256,54385.58208,94.69952000000194,54290.88256,54385.58208,94.69952000000194,4,4.464561735481393,RankSurprise
microGPi_L_1-3+,1,55582.59712,56089.76384,507.1667200000011,55582.59712,56089.76384,507.1667200000011,11,8.09683214829566,RankSurprise
microGPi_L_1-3+,1,64321.536,64393.09312,71.55711999999767,64321.536,64393.09312,71.55711999999767,4,5.372770409326456,RankSurprise
microGPi_L_1-3+,1,65119.232,65300.6848,181.45279999999912,65119.232,65300.6848,181.45279999999912,6,6.136869997446752,RankSurprise
microGPi_L_1-3+,1,66426.88,66498.31424,71.43424000000232,66426.88,66498.31424,71.43424000000232,4,5.304514943684477,RankSurprise
microGPi_L_1-3+,1,71925.3504,72092.71296,167.36256000000867,71925.3504,72092.71296,167.36256000000867,5,4.548624428811827,RankSurprise
microGPi_L_1-3+,1,78698.0864,78791.14752,93.06111999999848,78698.0864,78791.14752,93.06111999999848,4,4.520725713447128,RankSurprise
microGPi_L_1-3+,1,84354.41664,86424.04352,2069.6268800000107,84354.41664,86424.04352,2069.6268800000107,30,14.51490295279992,RankSurprise
microGPi_L_1-3+,1,87319.9616,87532.70784,212.74624000000767,87319.9616,87532.70784,212.74624000000767,5,3.943010557307634,RankSurprise
microGPi_L_1-3+,1,88110.8992,88121.50784,10.608640000005835,88110.8992,88121.50784,10.608640000005835,3,6.745167592346007,RankSurprise
microGPi_L_1-3+,1,88591.36,89087.7952,496.4351999999926,88591.36,89087.7952,496.4351999999926,7,3.752315960381206,RankSurprise
microGPi_L_1-3+,1,91894.33344,92234.38336,340.04992000000493,91894.33344,92234.38336,340.04992000000493,6,4.073888693485313,RankSurprise
microGPi_L_1-3+,1,92900.63872,92979.93728,79.29855999999563,92900.63872,92979.93728,79.29855999999563,4,4.973744657287039,RankSurprise
microGPi_L_1-3+,1,95217.33632,96069.87776,852.5414400000009,95217.33632,96069.87776,852.5414400000009,11,4.244637921211568,RankSurprise
microGPi_L_1-3+,1,97633.73056,99599.31904,1965.5884800000058,97633.73056,99599.31904,1965.5884800000058,25,9.749788445743938,RankSurprise
microGPi_L_1-3+,1,100243.12832,100549.26336,306.13503999999375,100243.12832,100549.26336,306.13503999999375,6,3.750258429191733,RankSurprise
microGPi_L_1-3+,1,101614.592,101807.06304,192.47103999998944,101614.592,101807.06304,192.47103999998944,7,7.735909397998206,RankSurprise
microGPi_L_1-3+,1,104443.00288,104795.99616,352.99327999999514,104443.00288,104795.99616,352.99327999999514,6,3.537474021536152,RankSurprise
microGPi_L_1-3+,1,110696.69376,111306.99776,610.3040000000037,110696.69376,111306.99776,610.3040000000037,10,5.381733204950598,RankSurprise
microGPi_L_1-3+,1,115240.09984,115487.86688,247.7670400000061,115240.09984,115487.86688,247.7670400000061,6,4.7213510059219175,RankSurprise
microGPi_L_1-3+,1,117328.40448,117545.984,217.57951999999932,117328.40448,117545.984,217.57951999999932,5,3.9614792455737664,RankSurprise
microGPi_L_1-3+,1,126988.45184,127751.5776,763.1257600000099,126988.45184,127751.5776,763.1257600000099,10,4.315419298701732,RankSurprise
microGPi_L_1-3+,1,129624.6784,130108.08832,483.40991999999096,129624.6784,130108.08832,483.40991999999096,10,7.039868313293607,RankSurprise
microGPi_L_1-3+,1,133025.54624,133152.27648,126.73024000000441,133025.54624,133152.27648,126.73024000000441,4,3.7390881131959475,RankSurprise
microGPi_L_1-3+,1,140624.896,140669.09184,44.19584000000032,140624.896,140669.09184,44.19584000000032,3,3.97580947592623,RankSurprise
microGPi_L_1-3+,1,163338.52672,163363.30752,24.78080000000773,163338.52672,163363.30752,24.78080000000773,3,5.130548321169909,RankSurprise
microGPi_L_1-3+,1,178536.32512,178564.46464,28.139519999996992,178536.32512,178564.46464,28.139519999996992,3,4.828084163213495,RankSurprise
microGPi_L_1-3+,1,179128.5248,179146.3424,17.817599999980303,179128.5248,179146.3424,17.817599999980303,3,5.921184035016408,RankSurprise
microGPi_L_1-3+,1,180607.1808,182342.0416,1734.860799999995,180607.1808,182342.0416,1734.860799999995,23,8.976389624293438,RankSurprise
microGPi_L_1-3+,1,183716.74112,183806.93504,90.19392000001972,183716.74112,183806.93504,90.19392000001972,4,4.549206987562954,RankSurprise
microGPi_L_1-3+,1,185467.82208,185850.71616,382.8940799999982,185467.82208,185850.71616,382.8940799999982,8,5.503202850038334,RankSurprise
microGPi_L_1-3+,1,189150.28992,191926.84544,2776.5555199999944,189150.28992,191926.84544,2776.5555199999944,31,9.28161256099222,RankSurprise
microGPi_L_1-3+,1,195649.04448,195750.33856,101.29407999999239,195649.04448,195750.33856,101.29407999999239,4,4.534932551284925,RankSurprise
microGPi_L_1-3+,1,197598.98624,197642.11712,43.13088000001153,197598.98624,197642.11712,43.13088000001153,3,4.008813615080946,RankSurprise
microGPi_L_1-3+,1,199980.68736,200034.5088,53.82143999999971,199980.68736,200034.5088,53.82143999999971,3,3.5954067048072265,RankSurprise
microGPi_L_1-3+,1,201202.8928,201251.84,48.947199999995064,201202.8928,201251.84,48.947199999995064,3,3.818495324648433,RankSurprise
microGPi_L_1-3+,1,201901.71136,202031.14496,129.4336000000185,201901.71136,202031.14496,129.4336000000185,4,3.593411045818801,RankSurprise
microGPi_L_1-3+,1,203387.24864,203912.76544,525.516799999983,203387.24864,203912.76544,525.516799999983,8,4.163487879277462,RankSurprise
microGPi_L_1-3+,1,204652.25728,205385.44128,733.1840000000084,204652.25728,205385.44128,733.1840000000084,13,7.801765970735419,RankSurprise
microGPi_L_1-3+,1,209231.21664,209320.09984,88.88320000001113,209231.21664,209320.09984,88.88320000001113,4,4.6708783774243265,RankSurprise
microGPi_L_1-3+,1,211139.1744,211196.3136,57.139200000005076,211139.1744,211196.3136,57.139200000005076,3,3.5367357266388897,RankSurprise
microGPi_L_1-3+,1,248487.1168,248709.77536,222.65856000001077,248487.1168,248709.77536,222.65856000001077,5,3.804180982677252,RankSurprise
microGPi_L_1-3+,1,259335.41376,260110.58176,775.1680000000051,259335.41376,260110.58176,775.1680000000051,10,4.445906383584421,RankSurprise
microGPi_L_1-3+,1,262803.41504,263873.41312,1069.9980799999903,262803.41504,263873.41312,1069.9980799999903,15,6.021951310087993,RankSurprise
microGPi_L_1-3+,1,265517.50656,265608.11008,90.60352000000421,265517.50656,265608.11008,90.60352000000421,4,4.646146123273748,RankSurprise
microGPi_L_1-3+,1,287452.40576,287484.84608,32.440319999994244,287452.40576,287484.84608,32.440319999994244,3,4.664530593261398,RankSurprise
microGPi_L_1-3+,1,304250.96192,304288.3584,37.396480000054,304250.96192,304288.3584,37.396480000054,3,4.3648243278428165,RankSurprise
microGPi_L_1-3+,1,305218.56,305247.10912,28.549119999981485,305218.56,305247.10912,28.549119999981485,3,4.828084163213495,RankSurprise
microGPi_L_1-3+,1,308743.70048,308775.5264,31.82591999997385,308743.70048,308775.5264,31.82591999997385,3,4.701827914104586,RankSurprise
microGPi_L_1-3+,1,309358.26432,309405.04064,46.77632000000449,309358.26432,309405.04064,46.77632000000449,3,3.8489837907895765,RankSurprise
microGPi_L_1-3+,1,318574.05952,318639.104,65.04447999998229,318574.05952,318639.104,65.04447999998229,4,5.6076737025474905,RankSurprise
microGPi_L_1-3+,1,347408.384,347439.63648,31.252479999966454,347408.384,347439.63648,31.252479999966454,3,4.778576381503397,RankSurprise
microGPi_L_1-3+,1,368718.2336,368884.736,166.50239999999758,368718.2336,368884.736,166.50239999999758,6,6.6756848681742085,RankSurprise
microGPi_L_1-3+,1,373379.35872,373823.97952,444.62079999997513,373379.35872,373823.97952,444.62079999997513,7,3.708830364571374,RankSurprise
microGPi_L_2-3+,2,2885.09952,3472.54784,587.44832,2885.09952,3472.54784,587.44832,9,6.423879522086767,RankSurprise
microGPi_L_2-3+,2,5322.3424,5442.56,120.21759999999995,5322.3424,5442.56,120.21759999999995,4,4.693769543924983,RankSurprise
microGPi_L_2-3+,2,11845.8368,13837.84448,1992.0076800000006,11845.8368,13837.84448,1992.0076800000006,17,5.936182009765805,RankSurprise
microGPi_L_2-3+,2,26264.61696,27012.95616,748.3392000000022,26264.61696,27012.95616,748.3392000000022,8,4.098839021641542,RankSurprise
microGPi_L_2-3+,2,33967.18592,34014.4128,47.22687999999471,33967.18592,34014.4128,47.22687999999471,3,4.397806010123157,RankSurprise
microGPi_L_2-3+,2,40858.86976,40923.87328,65.00351999999839,40858.86976,40923.87328,65.00351999999839,3,3.59292218958732,RankSurprise
microGPi_L_2-3+,2,42975.92832,43152.13824,176.20992000000115,42975.92832,43152.13824,176.20992000000115,4,3.7732935896944646,RankSurprise
microGPi_L_2-3+,2,46864.67072,46985.91232,121.2416000000012,46864.67072,46985.91232,121.2416000000012,4,4.708769637676273,RankSurprise
microGPi_L_2-3+,2,55433.78944,55644.3648,210.57536000000255,55433.78944,55644.3648,210.57536000000255,5,4.8447191368220714,RankSurprise
microGPi_L_2-3+,2,61294.34624,65417.91232,4123.566080000004,61294.34624,65417.91232,4123.566080000004,25,3.571103364370581,RankSurprise
microGPi_L_2-3+,2,84374.1184,87438.99136,3064.8729599999933,84374.1184,87438.99136,3064.8729599999933,24,6.648744196353507,RankSurprise
microGPi_L_2-3+,2,92143.94368,92754.78016,610.8364799999981,92143.94368,92754.78016,610.8364799999981,7,4.207195397285555,RankSurprise
microGPi_L_2-3+,2,93756.45696,94179.98336,423.52640000000247,93756.45696,94179.98336,423.52640000000247,8,7.009839042161891,RankSurprise
microGPi_L_2-3+,2,97984.18432,98457.06752,472.8831999999966,97984.18432,98457.06752,472.8831999999966,10,9.694861471074939,RankSurprise
microGPi_L_2-3+,2,99515.06432,101940.55168,2425.487359999999,99515.06432,101940.55168,2425.487359999999,23,9.497312002713588,RankSurprise
microGPi_L_2-3+,2,156441.68192,156466.95424,25.272319999989122,156441.68192,156466.95424,25.272319999989122,3,5.672494339247489,RankSurprise
microGPi_L_2-3+,2,161686.15936,161714.29888,28.139519999996992,161686.15936,161714.29888,28.139519999996992,3,5.317388023081383,RankSurprise
microGPi_L_2-3+,2,163983.40096,164037.55008,54.149119999987306,163983.40096,164037.55008,54.149119999987306,3,4.24656991624744,RankSurprise
microGPi_L_2-3+,2,178268.93824,178572.73856,303.8003200000094,178268.93824,178572.73856,303.8003200000094,5,3.824788636181065,RankSurprise
microGPi_L_2-3+,2,180553.15456,182069.0432,1515.8886399999901,180553.15456,182069.0432,1515.8886399999901,17,9.517865729811419,RankSurprise
microGPi_L_2-3+,2,184918.016,184949.3504,31.334399999992456,184918.016,184949.3504,31.334399999992456,4,8.713857263547593,RankSurprise
microGPi_L_2-3+,2,187524.01408,187682.73408,158.72000000000116,187524.01408,187682.73408,158.72000000000116,4,3.984207139238368,RankSurprise
microGPi_L_2-3+,2,188729.71264,191523.4304,2793.7177599999995,188729.71264,191523.4304,2793.7177599999995,30,14.432349105045137,RankSurprise
microGPi_L_2-3+,2,200431.86176,200605.2864,173.424640000012,200431.86176,200605.2864,173.424640000012,5,5.679484325001237,RankSurprise
microGPi_L_2-3+,2,208569.09824,211132.66176,2563.563519999996,208569.09824,211132.66176,2563.563519999996,23,9.29929901630729,RankSurprise
microGPi_L_2-3+,2,215914.20928,216324.95616,410.7468799999915,215914.20928,216324.95616,410.7468799999915,8,7.629543856945345,RankSurprise
microGPi_L_2-3+,2,234748.7232,234881.59744,132.87424000000465,234748.7232,234881.59744,132.87424000000465,4,4.361272892187749,RankSurprise
microGPi_L_2-3+,2,261081.37472,261280.3584,198.98368000000482,261081.37472,261280.3584,198.98368000000482,4,3.7898530067384932,RankSurprise
microGPi_L_2-3+,2,263249.75616,263526.72768,276.971520000021,263249.75616,263526.72768,276.971520000021,8,9.590975595990606,RankSurprise
microGPi_L_2-3+,2,267728.85504,267878.07232,149.21727999998257,267728.85504,267878.07232,149.21727999998257,4,4.061978400477017,RankSurprise
microGPi_L_2-3+,2,280190.27968,280469.58592,279.30624000000535,280190.27968,280469.58592,279.30624000000535,5,4.039943822790214,RankSurprise
microGPi_L_2-3+,2,358577.39776,358657.4336,80.03583999996772,358577.39776,358657.4336,80.03583999996772,3,3.61731283654235,RankSurprise
microGPi_L_2-3+,4,11119.24736,14133.248,3014.00064,11119.24736,14133.248,3014.00064,15,5.112095260131808,RankSurprise
microGPi_L_2-3+,4,34360.15616,34977.87392,617.7177599999995,34360.15616,34977.87392,617.7177599999995,8,8.119590853645873,RankSurprise
microGPi_L_2-3+,4,62709.84192,62779.43296,69.59103999999934,62709.84192,62779.43296,69.59103999999934,3,4.530792216281013,RankSurprise
microGPi_L_2-3+,4,84698.39872,89435.5456,4737.14688,84698.39872,89435.5456,4737.14688,28,11.71095981394863,RankSurprise
microGPi_L_2-3+,4,92908.87168,94134.8864,1226.0147200000065,92908.87168,94134.8864,1226.0147200000065,11,8.001941162228555,RankSurprise
microGPi_L_2-3+,4,95213.93664,95511.1424,297.2057599999971,95213.93664,95511.1424,297.2057599999971,5,5.56770997688675,RankSurprise
microGPi_L_2-3+,4,98236.78464,101469.92128,3233.136639999997,98236.78464,101469.92128,3233.136639999997,20,9.739827247102767,RankSurprise
microGPi_L_2-3+,4,114268.9792,114965.74976,696.7705600000045,114268.9792,114965.74976,696.7705600000045,7,5.414510895394118,RankSurprise
microGPi_L_2-3+,4,123944.91904,124230.4512,285.5321600000025,123944.91904,124230.4512,285.5321600000025,4,3.8477547714763496,RankSurprise
microGPi_L_2-3+,4,137517.38368,137618.75968,101.37599999998929,137517.38368,137618.75968,101.37599999998929,3,3.84868724591675,RankSurprise
microGPi_L_2-3+,4,162047.50848,163378.54464,1331.0361600000178,162047.50848,163378.54464,1331.0361600000178,10,5.853783837214528,RankSurprise
microGPi_L_2-3+,4,166559.66208,166796.04224,236.38016000000061,166559.66208,166796.04224,236.38016000000061,5,6.545360587679848,RankSurprise
microGPi_L_2-3+,4,178604.35968,178961.03936,356.6796800000011,178604.35968,178961.03936,356.6796800000011,5,4.935643573049681,RankSurprise
microGPi_L_2-3+,4,180685.45536,181425.43872,739.9833600000129,180685.45536,181425.43872,739.9833600000129,6,3.892209788376148,RankSurprise
microGPi_L_2-3+,4,183732.59264,183922.64704,190.05440000002272,183732.59264,183922.64704,190.05440000002272,6,9.794825760883377,RankSurprise
microGPi_L_2-3+,4,189090.93888,189853.65504,762.7161600000109,189090.93888,189853.65504,762.7161600000109,7,5.156755892675499,RankSurprise
microGPi_L_2-3+,4,214451.11808,215121.46944,670.3513600000006,214451.11808,215121.46944,670.3513600000006,6,4.366217637222476,RankSurprise
microGPi_L_2-3+,4,237517.04576,237628.416,111.37023999998928,237517.04576,237628.416,111.37023999998928,3,3.818497563531606,RankSurprise
microGPi_L_2-3+,4,239541.00224,239875.03104,334.02880000000005,239541.00224,239875.03104,334.02880000000005,4,3.675240233670369,RankSurprise
microGPi_L_2-3+,4,263095.58272,263303.9872,208.40447999996832,263095.58272,263303.9872,208.40447999996832,4,4.573796920573816,RankSurprise
microGPi_L_2-3+,4,353558.28224,353630.28992,72.00768000003882,353558.28224,353630.28992,72.00768000003882,3,4.447008034530317,RankSurprise
microGPi_L_4-5+,0,44673.39264,44684.16512,10.772479999999632,44673.39264,44684.16512,10.772479999999632,11,10.53702849611404,RankSurprise
microGPi_L_4-5+,0,58354.85184,58357.47328,2.6214399999953457,58354.85184,58357.47328,2.6214399999953457,4,5.264621882082897,RankSurprise
microGPi_L_4-5+,0,84774.66624,84776.30464,1.6383999999961816,84774.66624,84776.30464,1.6383999999961816,3,4.069094573377756,RankSurprise
microGPi_L_4-5+,0,84796.53888,84799.16032,2.6214400000026217,84796.53888,84799.16032,2.6214400000026217,4,6.189091600556694,RankSurprise
microGPi_L_4-5+,0,85631.91808,85633.92512,2.0070399999967776,85631.91808,85633.92512,2.0070399999967776,3,4.416916461889324,RankSurprise
microGPi_L_4-5+,0,89903.26784,89905.23392,1.9660799999983283,89903.26784,89905.23392,1.9660799999983283,3,3.740766857697949,RankSurprise
microGPi_L_4-5+,0,95517.98272,95519.9488,1.9660799999983283,95517.98272,95519.9488,1.9660799999983283,3,4.308190828081184,RankSurprise
microGPi_L_4-5+,0,95971.81952,95976.28416,4.46463999999105,95971.81952,95976.28416,4.46463999999105,5,4.408284355892846,RankSurprise
microGPi_L_4-5+,0,178552.38144,178554.88,2.4985600000072736,178552.38144,178554.88,2.4985600000072736,4,5.950690779059249,RankSurprise
microGPi_L_4-5+,0,182335.6928,182362.56256,26.869760000001406,182335.6928,182362.56256,26.869760000001406,6,4.566757362369751,RankSurprise
microGPi_L_4-5+,0,191157.53472,191166.58688,9.052159999992,191157.53472,191166.58688,9.052159999992,7,3.930986818444189,RankSurprise
microGPi_L_4-5+,0,191173.2224,191176.25344,3.031040000001667,191173.2224,191176.25344,3.031040000001667,4,6.035206205197566,RankSurprise
microGPi_L_4-5+,0,202829.86496,202831.29856,1.433599999989383,202829.86496,202831.29856,1.433599999989383,3,4.783809295211249,RankSurprise
microGPi_L_4-5+,0,225022.11584,225024.36864,2.2527999999874737,225022.11584,225024.36864,2.2527999999874737,3,3.529246146211733,RankSurprise
microGPi_L_4-5+,0,229162.72128,229166.2848,3.5635199999960605,229162.72128,229166.2848,3.5635199999960605,5,6.492752039898537,RankSurprise
microGPi_L_4-5+,0,248267.28448,248271.58528,4.300799999997253,248267.28448,248271.58528,4.300799999997253,5,5.473366070420081,RankSurprise
microGPi_L_4-5+,0,260190.04416,260199.71072,9.666560000012396,260190.04416,260199.71072,9.666560000012396,9,6.593886917922305,RankSurprise
microGPi_L_4-5+,0,260246.3232,260248.28928,1.9660799999837764,260246.3232,260248.28928,1.9660799999837764,3,4.555705095311817,RankSurprise
microGPi_L_4-5+,0,260286.99648,260291.46112,4.46463999999105,260286.99648,260291.46112,4.46463999999105,5,4.436720694213566,RankSurprise
microGPi_L_4-5+,0,280309.02272,280310.49728,1.4745600000023842,280309.02272,280310.49728,1.4745600000023842,3,5.483826869818179,RankSurprise
microGPi_L_4-5+,0,286446.91968,286457.32352,10.403839999984484,286446.91968,286457.32352,10.403839999984484,8,3.9938224833004354,RankSurprise
microGPi_L_4-5+,0,313034.42432,313040.0768,5.652479999989737,313034.42432,313040.0768,5.652479999989737,6,4.866249080336644,RankSurprise
microGPi_L_4-5+,0,314108.55936,314113.10592,4.546559999987949,314108.55936,314113.10592,4.546559999987949,5,4.214696906467847,RankSurprise
microGPi_L_4-5+,0,326066.09408,326067.32288,1.2287999999825843,326066.09408,326067.32288,1.2287999999825843,3,6.323653915846153,RankSurprise
microGPi_L_4-5+,0,331790.29504,331791.52384,1.2287999999825843,331790.29504,331791.52384,1.2287999999825843,3,6.570177915804427,RankSurprise
microGPi_L_4-5+,0,360084.52096,360090.2144,5.693440000002738,360084.52096,360090.2144,5.693440000002738,6,5.027554428002542,RankSurprise
microGPi_L_4-5+,1,46755.92192,46758.42048,2.4985599999999977,46755.92192,46758.42048,2.4985599999999977,4,6.224160063493061,RankSurprise
microGPi_L_4-5+,1,58345.10336,58346.33216,1.2287999999971362,58345.10336,58346.33216,1.2287999999971362,3,6.269177449243419,RankSurprise
microGPi_L_4-5+,1,64750.34624,64763.86304,13.516799999997602,64750.34624,64763.86304,13.516799999997602,11,4.152749435487061,RankSurprise
microGPi_L_4-5+,1,84797.39904,84798.91456,1.5155200000008335,84797.39904,84798.91456,1.5155200000008335,3,3.8852318359537605,RankSurprise
microGPi_L_4-5+,1,182834.46272,182837.16608,2.7033599999849685,182834.46272,182837.16608,2.7033599999849685,4,5.197787783471192,RankSurprise
microGPi_L_4-5+,1,202828.43136,202830.68416,2.2528000000165775,202828.43136,202830.68416,2.2528000000165775,4,7.864134699787243,RankSurprise
microGPi_L_4-5+,1,212354.90816,212358.43072,3.522560000012163,212354.90816,212358.43072,3.522560000012163,4,3.791230468803011,RankSurprise
microGPi_L_4-5+,1,225022.68928,225028.42368,5.734400000015739,225022.68928,225028.42368,5.734400000015739,5,3.5491244893718488,RankSurprise
microGPi_L_4-5+,1,260193.11616,260251.36128,58.245120000006864,260193.11616,260251.36128,58.245120000006864,15,7.496100506218811,RankSurprise
microGPi_L_4-5+,1,280302.75584,280304.14848,1.3926399999763817,280302.75584,280304.14848,1.3926399999763817,3,5.3471886962546264,RankSurprise
microGPi_L_4-5+,1,286444.1344,286445.52704,1.3926400000345893,286444.1344,286445.52704,1.3926400000345893,3,4.588083547902883,RankSurprise
microGPi_L_4-5+,1,355771.47392,355786.01472,14.540799999958836,355771.47392,355786.01472,14.540799999958836,11,3.5091214655611975,RankSurprise
microGPi_L_4-5+,1,371917.94688,371927.28576,9.338879999995697,371917.94688,371927.28576,9.338879999995697,8,3.9936789968625637,RankSurprise
microGPi_L_4-5+,1,376017.83808,376022.87616,5.038079999969341,376017.83808,376022.87616,5.038079999969341,6,6.814918739626712,RankSurprise
microGPi_L_4-5+,4,44675.19488,44683.63264,8.437760000000708,44675.19488,44683.63264,8.437760000000708,8,7.44619443647345,RankSurprise
microGPi_L_4-5+,4,53154.6112,53157.76512,3.153919999997015,53154.6112,53157.76512,3.153919999997015,4,5.013584597867812,RankSurprise
microGPi_L_4-5+,4,83262.42304,83264.3072,1.8841600000014296,83262.42304,83264.3072,1.8841600000014296,4,8.16701219568333,RankSurprise
microGPi_L_4-5+,4,85628.76416,85629.952,1.1878399999986868,85628.76416,85629.952,1.1878399999986868,3,5.988382880570574,RankSurprise
microGPi_L_4-5+,4,92583.3216,92588.89216,5.57056000000739,92583.3216,92588.89216,5.57056000000739,6,3.67339900955022,RankSurprise
microGPi_L_4-5+,4,182376.8576,182378.00448,1.1468800000147894,182376.8576,182378.00448,1.1468800000147894,3,5.988382880570574,RankSurprise
microGPi_L_4-5+,4,182427.60704,182428.95872,1.3516799999924842,182427.60704,182428.95872,1.3516799999924842,3,5.3836466573546815,RankSurprise
microGPi_L_4-5+,4,191171.54304,191172.8128,1.2697600000246894,191171.54304,191172.8128,1.2697600000246894,3,5.2168511710896475,RankSurprise
microGPi_L_4-5+,4,225029.3248,225030.43072,1.1059200000017881,225029.3248,225030.43072,1.1059200000017881,3,5.837313867280724,RankSurprise
microGPi_L_4-5+,4,286457.97888,286461.00992,3.0310399999725632,286457.97888,286461.00992,3.0310399999725632,4,4.847527385560117,RankSurprise
microGPi_L_4-5+,4,316517.94944,316524.70784,6.758399999991525,316517.94944,316524.70784,6.758399999991525,7,4.487510623026588,RankSurprise
microGPi_L_4-5+,4,322476.60544,322485.6576,9.052159999962896,322476.60544,322485.6576,9.052159999962896,9,6.398705895491361,RankSurprise
microGPi_L_4-5+,4,323310.3872,323318.25152,7.864319999993313,323310.3872,323318.25152,7.864319999993313,8,5.754878768217795,RankSurprise
microGPi_L_4-5+,4,325645.18912,325653.05344,7.864319999993313,325645.18912,325653.05344,7.864319999993313,7,3.9042957304060324,RankSurprise
microGPi_L_4-5+,4,331792.05632,331794.18624,2.1299200000357814,331792.05632,331794.18624,2.1299200000357814,4,7.217746546904284,RankSurprise
microGPi_L_5-6+,2,17543.90528,17545.8304,1.925119999999879,17543.90528,17545.8304,1.925119999999879,3,3.9256589100091652,RankSurprise
microGPi_L_5-6+,2,44674.70336,44681.87136,7.167999999997846,44674.70336,44681.87136,7.167999999997846,7,5.144079657262836,RankSurprise
microGPi_L_5-6+,2,63793.64352,63795.97824,2.3347199999989243,63793.64352,63795.97824,2.3347199999989243,4,6.539851486941245,RankSurprise
microGPi_L_5-6+,2,82443.71456,82447.19616,3.4816000000137137,82443.71456,82447.19616,3.4816000000137137,4,4.215860742673513,RankSurprise
microGPi_L_5-6+,2,82972.38528,82977.95584,5.570559999992838,82972.38528,82977.95584,5.570559999992838,6,5.69912656864458,RankSurprise
microGPi_L_5-6+,2,83260.70272,83268.44416,7.741439999997965,83260.70272,83268.44416,7.741439999997965,6,4.067054033039846,RankSurprise
microGPi_L_5-6+,2,84796.90752,84799.44704,2.539520000005723,84796.90752,84799.44704,2.539520000005723,4,6.269383511405373,RankSurprise
microGPi_L_5-6+,2,85630.64832,85635.39968,4.751360000009299,85630.64832,85635.39968,4.751360000009299,5,4.201641495685344,RankSurprise
microGPi_L_5-6+,2,92580.33152,92588.27776,7.946239999990212,92580.33152,92588.27776,7.946239999990212,6,3.758910166566607,RankSurprise
microGPi_L_5-6+,2,95971.81952,95975.05536,3.235839999993914,95971.81952,95975.05536,3.235839999993914,4,3.7126870833120833,RankSurprise
microGPi_L_5-6+,2,182386.52416,182389.63712,3.1129599999985658,182386.52416,182389.63712,3.1129599999985658,4,5.399846039090329,RankSurprise
microGPi_L_5-6+,2,191157.41184,191177.40032,19.98847999999998,191157.41184,191177.40032,19.98847999999998,12,5.966440677306666,RankSurprise
microGPi_L_5-6+,2,202827.776,202830.15168,2.3756799999973737,202827.776,202830.15168,2.3756799999973737,4,7.57779321864593,RankSurprise
microGPi_L_5-6+,2,248267.28448,248269.12768,1.8432000000029802,248267.28448,248269.12768,1.8432000000029802,3,4.852090358267763,RankSurprise
microGPi_L_5-6+,2,260190.16704,260200.73472,10.567680000007385,260190.16704,260200.73472,10.567680000007385,10,7.960097408289428,RankSurprise
microGPi_L_5-6+,2,260287.03744,260291.66592,4.628480000013951,260287.03744,260291.66592,4.628480000013951,5,4.900015277156864,RankSurprise
microGPi_L_5-6+,2,280294.11328,280307.54816,13.434880000015255,280294.11328,280307.54816,13.434880000015255,11,3.679833893236316,RankSurprise
microGPi_L_5-6+,2,313031.2704,313038.06976,6.799360000004526,313031.2704,313038.06976,6.799360000004526,6,3.5070635976846893,RankSurprise
microGPi_L_5-6+,2,314109.78816,314111.83616,2.048000000009779,314109.78816,314111.83616,2.048000000009779,4,8.855035451226078,RankSurprise
microGPi_L_5-6+,2,316516.1472,316520.48896,4.34175999998115,316516.1472,316520.48896,4.34175999998115,5,5.209771217908539,RankSurprise
microGPi_L_5-6+,2,331790.29504,331791.5648,1.2697599999955855,331790.29504,331791.5648,1.2697599999955855,3,6.5573193353435375,RankSurprise
microGPi_L_5-6+,2,355772.17024,355789.0048,16.834559999988414,355772.17024,355789.0048,16.834559999988414,13,3.8597787337780542,RankSurprise
microGPi_L_5-6+,4,44677.77536,44679.00416,1.2287999999971362,44677.77536,44679.00416,1.2287999999971362,3,5.012268106673432,RankSurprise
microGPi_L_5-6+,4,53150.06464,53158.17472,8.110080000005837,53150.06464,53158.17472,8.110080000005837,9,6.395541416572323,RankSurprise
microGPi_L_5-6+,4,82445.47584,82448.62976,3.153919999997015,82445.47584,82448.62976,3.153919999997015,4,3.828799050918981,RankSurprise
microGPi_L_5-6+,4,83262.42304,83264.3072,1.8841600000014296,83262.42304,83264.3072,1.8841600000014296,4,8.462052421125394,RankSurprise
microGPi_L_5-6+,4,85628.02688,85629.99296,1.9660799999983283,85628.02688,85629.99296,1.9660799999983283,4,8.022065900243508,RankSurprise
microGPi_L_5-6+,4,191160.5248,191183.79008,23.265279999992345,191160.5248,191183.79008,23.265279999992345,14,3.8899978373321296,RankSurprise
microGPi_L_5-6+,4,225029.44768,225030.51264,1.0649599999887869,225029.44768,225030.51264,1.0649599999887869,3,5.715219287329998,RankSurprise
microGPi_L_5-6+,4,313037.45536,313040.60928,3.1539199999533594,313037.45536,313040.60928,3.1539199999533594,4,3.9316685118117576,RankSurprise
microGPi_L_5-6+,4,323310.42816,323318.21056,7.782399999967311,323310.42816,323318.21056,7.782399999967311,8,4.563128978736991,RankSurprise
microGPi_L_5-6+,4,325645.23008,325654.20032,8.970239999995101,325645.23008,325654.20032,8.970239999995101,8,3.590459309993002,RankSurprise
microGPi_L_5-6+,4,353747.06688,353751.40864,4.34175999998115,353747.06688,353751.40864,4.34175999998115,5,4.6080524158131375,RankSurprise
microGPi_R_4-5+,0,7403.47904,7712.27648,308.7974400000003,7403.47904,7712.27648,308.7974400000003,7,7.030631275341634,RankSurprise
microGPi_R_4-5+,0,8784.36352,8986.99264,202.6291199999996,8784.36352,8986.99264,202.6291199999996,5,5.023841292340919,RankSurprise
microGPi_R_4-5+,0,21879.11168,21938.05312,58.94143999999869,21879.11168,21938.05312,58.94143999999869,3,3.9869750629633494,RankSurprise
microGPi_R_4-5+,0,40602.86976,40647.84384,44.97407999999996,40602.86976,40647.84384,44.97407999999996,3,4.511328019209884,RankSurprise
microGPi_R_4-5+,0,50318.78656,51089.2032,770.4166400000031,50318.78656,51089.2032,770.4166400000031,10,5.525412165620406,RankSurprise
microGPi_R_4-5+,0,81276.19072,81528.4224,252.23167999999714,81276.19072,81528.4224,252.23167999999714,6,6.062309838707165,RankSurprise
microGPi_R_4-5+,0,84784.08704,84806.41024,22.323199999998906,84784.08704,84806.41024,22.323199999998906,3,5.922363289266535,RankSurprise
microGPi_R_4-5+,0,98817.4336,99047.87456,230.44095999999263,98817.4336,99047.87456,230.44095999999263,5,4.653328105414904,RankSurprise
microGPi_R_4-5+,0,106251.14112,106774.36416,523.2230399999971,106251.14112,106774.36416,523.2230399999971,7,4.089254874668445,RankSurprise
microGPi_R_4-5+,0,113209.05728,113264.4352,55.377920000013546,113209.05728,113264.4352,55.377920000013546,3,4.1360642456187975,RankSurprise
microGPi_R_4-5+,0,114038.86592,114213.19168,174.325760000007,114038.86592,114213.19168,174.325760000007,4,3.5074322634056756,RankSurprise
microGPi_R_4-5+,0,114780.85632,114830.86848,50.0121599999984,114780.85632,114830.86848,50.0121599999984,3,4.288358345660043,RankSurprise
microGPi_R_4-5+,0,125830.92224,125899.5712,68.6489600000059,125830.92224,125899.5712,68.6489600000059,3,3.6857064615351156,RankSurprise
microGPi_R_4-5+,0,131408.85504,131872.60416,463.7491199999931,131408.85504,131872.60416,463.7491199999931,8,6.389445303339881,RankSurprise
microGPi_R_4-5+,0,135285.63712,136835.93216,1550.2950399999972,135285.63712,136835.93216,1550.2950399999972,15,5.387629568781373,RankSurprise
microGPi_R_4-5+,0,143098.22464,143148.19584,49.97119999999995,143098.22464,143148.19584,49.97119999999995,3,4.350863744225773,RankSurprise
microGPi_R_4-5+,0,160771.72736,160893.62432,121.89696000001277,160771.72736,160893.62432,121.89696000001277,4,4.563665669267877,RankSurprise
microGPi_R_4-5+,0,167207.03488,167478.10816,271.07328000001144,167207.03488,167478.10816,271.07328000001144,6,5.3292913453478405,RankSurprise
microGPi_R_4-5+,0,170457.12896,170709.1968,252.06784000000334,170457.12896,170709.1968,252.06784000000334,5,4.073908949163538,RankSurprise
microGPi_R_4-5+,0,177572.74112,177589.8624,17.121280000021216,177572.74112,177589.8624,17.121280000021216,3,6.521100785355408,RankSurprise
microGPi_R_4-5+,0,188546.17088,189223.60832,677.4374400000088,188546.17088,189223.60832,677.4374400000088,8,3.9679063084797015,RankSurprise
microGPi_R_4-5+,0,200172.70784,200251.26912,78.56128000002354,200172.70784,200251.26912,78.56128000002354,4,5.782818772804607,RankSurprise
microGPi_R_4-5+,0,203518.5664,203520.8192,2.2527999999874737,203518.5664,203520.8192,2.2527999999874737,3,10.259852069509517,RankSurprise
microGPi_R_4-5+,0,209302.60992,209664.73728,362.12736000001314,209302.60992,209664.73728,362.12736000001314,7,5.559060428627086,RankSurprise
microGPi_R_4-5+,0,218217.14432,218274.69312,57.54880000001867,218217.14432,218274.69312,57.54880000001867,3,4.1606548225986515,RankSurprise
microGPi_R_4-5+,0,220842.55744,221728.93184,886.3744000000006,220842.55744,221728.93184,886.3744000000006,12,7.372380608158177,RankSurprise
microGPi_R_4-5+,0,226605.21984,226627.62496,22.405119999981252,226605.21984,226627.62496,22.405119999981252,3,6.045482318225343,RankSurprise
microGPi_R_4-5+,0,230237.47072,230370.304,132.83327999999165,230237.47072,230370.304,132.83327999999165,4,4.536268157643004,RankSurprise
microGPi_R_4-5+,0,238750.59712,238911.93856,161.34144000001834,238750.59712,238911.93856,161.34144000001834,4,3.869018928650391,RankSurprise
microGPi_R_4-5+,0,253107.56864,253434.22464,326.6559999999881,253107.56864,253434.22464,326.6559999999881,5,3.6001449894822954,RankSurprise
microGPi_R_4-5+,0,257098.50624,257915.04384,816.5376000000106,257098.50624,257915.04384,816.5376000000106,10,5.07147033009501,RankSurprise
microGPi_R_4-5+,0,260038.98368,260806.41024,767.4265599999926,260038.98368,260806.41024,767.4265599999926,9,4.136372774329962,RankSurprise
microGPi_R_4-5+,0,261228.21632,261388.24704,160.03071999998065,261228.21632,261388.24704,160.03071999998065,5,5.762846177355506,RankSurprise
microGPi_R_4-5+,0,264373.0432,264444.27264,71.22943999996642,264373.0432,264444.27264,71.22943999996642,3,3.541442962258298,RankSurprise
microGPi_R_4-5+,0,267810.6112,267872.17408,61.56288000004133,267810.6112,267872.17408,61.56288000004133,3,3.765319181432007,RankSurprise
microGPi_R_4-5+,0,268032.32768,268043.75552,11.427840000018477,268032.32768,268043.75552,11.427840000018477,3,7.259584640790134,RankSurprise
microGPi_R_4-5+,0,274487.62368,274779.09504,291.4713599999668,274487.62368,274779.09504,291.4713599999668,6,5.026167860111741,RankSurprise
microGPi_R_4-5+,0,275906.84672,276206.83776,299.9910400000517,275906.84672,276206.83776,299.9910400000517,6,5.122584383148862,RankSurprise
microGPi_R_4-5+,0,278895.616,279003.5456,107.92960000003222,278895.616,279003.5456,107.92960000003222,4,4.852350480050429,RankSurprise
microGPi_R_4-5+,0,287113.4208,287675.47392,562.0531199999969,287113.4208,287675.47392,562.0531199999969,7,3.5136043069037783,RankSurprise
microGPi_R_4-5+,0,288558.4896,288580.8128,22.32320000004256,288558.4896,288580.8128,22.32320000004256,3,6.110005908529997,RankSurprise
microGPi_R_4-5+,0,301021.7984,302099.00544,1077.2070399999502,301021.7984,302099.00544,1077.2070399999502,11,4.141392865793572,RankSurprise
microGPi_R_4-5+,0,306957.23008,307294.69952,337.4694400000153,306957.23008,307294.69952,337.4694400000153,7,6.090602330344683,RankSurprise
microGPi_R_4-5+,0,316839.56736,317230.53056,390.9631999999983,316839.56736,317230.53056,390.9631999999983,9,9.045203048543051,RankSurprise
microGPi_R_4-5+,0,318990.9504,319065.86624,74.91584000003058,318990.9504,319065.86624,74.91584000003058,4,5.996890753316141,RankSurprise
microGPi_R_4-5+,0,327968.80896,328020.91008,52.10112000000663,327968.80896,328020.91008,52.10112000000663,3,4.236294423172485,RankSurprise
microGPi_R_4-5+,0,335940.32128,336006.9632,66.64192000002367,335940.32128,336006.9632,66.64192000002367,3,3.647057815647482,RankSurprise
microGPi_R_4-5+,0,344212.39808,344253.39904,41.00095999997575,344212.39808,344253.39904,41.00095999997575,3,4.740150273753265,RankSurprise
microGPi_R_4-5+,0,354138.112,354226.54464,88.43263999995543,354138.112,354226.54464,88.43263999995543,4,5.51421718930586,RankSurprise
microGPi_R_4-5+,0,360038.4,360062.81216,24.412159999948926,360038.4,360062.81216,24.412159999948926,3,5.844302742796991,RankSurprise
microGPi_R_4-5+,4,7593.08288,7597.95712,4.8742400000001,7593.08288,7597.95712,4.8742400000001,3,8.462422461872471,RankSurprise
microGPi_R_4-5+,4,10272.80896,10303.488,30.679039999999077,10272.80896,10303.488,30.679039999999077,3,5.347941435542138,RankSurprise
microGPi_R_4-5+,4,10791.97696,11108.43392,316.4569599999995,10791.97696,11108.43392,316.4569599999995,5,3.7347426200822476,RankSurprise
microGPi_R_4-5+,4,13049.93792,13129.35936,79.42144000000008,13049.93792,13129.35936,79.42144000000008,3,3.6052255409676164,RankSurprise
microGPi_R_4-5+,4,19243.54048,19257.18016,13.639680000000226,19243.54048,19257.18016,13.639680000000226,3,6.707567549579867,RankSurprise
microGPi_R_4-5+,4,22133.06368,22487.2448,354.1811200000011,22133.06368,22487.2448,354.1811200000011,5,3.7589484735944865,RankSurprise
microGPi_R_4-5+,4,25089.76128,25162.50624,72.74495999999999,25089.76128,25162.50624,72.74495999999999,3,3.8188680328760647,RankSurprise
microGPi_R_4-5+,4,32743.17824,33733.8368,990.6585599999962,32743.17824,33733.8368,990.6585599999962,10,4.423673292547398,RankSurprise
microGPi_R_4-5+,4,34250.42432,35299.98336,1049.55904,34250.42432,35299.98336,1049.55904,11,6.16634322743722,RankSurprise
microGPi_R_4-5+,4,40186.96192,40600.04352,413.0815999999977,40186.96192,40600.04352,413.0815999999977,6,4.19429470321308,RankSurprise
microGPi_R_4-5+,4,57141.00224,57507.47136,366.46912000000157,57141.00224,57507.47136,366.46912000000157,6,5.098828021142346,RankSurprise
microGPi_R_4-5+,4,80149.34016,82188.41088,2039.0707199999888,80149.34016,82188.41088,2039.0707199999888,14,3.6110992614455433,RankSurprise
microGPi_R_4-5+,4,82188.41088,82233.79456,45.383679999999,82188.41088,82233.79456,45.383679999999,4,7.785760734030072,RankSurprise
microGPi_R_4-5+,4,84496.5888,85314.27328,817.6844799999963,84496.5888,85314.27328,817.6844799999963,8,3.6407416269402795,RankSurprise
microGPi_R_4-5+,4,90388.8896,90431.2832,42.39360000001034,90388.8896,90431.2832,42.39360000001034,3,4.899854152409571,RankSurprise
microGPi_R_4-5+,4,91515.61728,91528.64256,13.025279999987106,91515.61728,91528.64256,13.025279999987106,3,6.672476229768597,RankSurprise
microGPi_R_4-5+,4,93284.59776,93299.01568,14.417919999992591,93284.59776,93299.01568,14.417919999992591,3,6.637990053697427,RankSurprise
microGPi_R_4-5+,4,97314.65216,97709.4656,394.8134399999981,97314.65216,97709.4656,394.8134399999981,7,6.088109475289732,RankSurprise
microGPi_R_4-5+,4,106031.34976,106754.048,722.6982399999979,106031.34976,106754.048,722.6982399999979,9,5.30638888621204,RankSurprise
microGPi_R_4-5+,4,126660.11648,126807.77728,147.66079999999783,126660.11648,126807.77728,147.66079999999783,5,6.505328359929457,RankSurprise
microGPi_R_4-5+,4,151873.82272,151882.30144,8.478720000013709,151873.82272,151882.30144,8.478720000013709,3,7.5274664357789565,RankSurprise
microGPi_R_4-5+,4,200369.152,200675.81952,306.66751999998814,200369.152,200675.81952,306.66751999998814,6,5.406026914067986,RankSurprise
microGPi_R_4-5+,4,214444.07296,214648.0128,203.93984000000637,214444.07296,214648.0128,203.93984000000637,5,5.28189333478711,RankSurprise
microGPi_R_4-5+,4,225355.24352,225488.11776,132.87424000000465,225355.24352,225488.11776,132.87424000000465,4,4.683072991079175,RankSurprise
microGPi_R_4-5+,4,247909.86752,247981.58848,71.72096000000602,247909.86752,247981.58848,71.72096000000602,3,3.769380761672476,RankSurprise
microGPi_R_4-5+,4,256728.064,257198.73536,470.67135999997845,256728.064,257198.73536,470.67135999997845,6,3.835288153346981,RankSurprise
microGPi_R_4-5+,4,265473.35168,266448.03584,974.6841600000043,265473.35168,266448.03584,974.6841600000043,9,3.7643975492798645,RankSurprise
microGPi_R_4-5+,4,278856.62208,278886.56384,29.941760000016075,278856.62208,278886.56384,29.941760000016075,3,5.575680472026885,RankSurprise
microGPi_R_4-5+,4,280564.24448,280621.58848,57.34399999998277,280564.24448,280621.58848,57.34399999998277,4,6.976400790325275,RankSurprise
microGPi_R_4-5+,4,290332.83584,290558.73024,225.89439999999013,290332.83584,290558.73024,225.89439999999013,5,4.8874844469779575,RankSurprise
microGPi_R_4-5+,4,304894.60736,304967.63904,73.0316799999564,304894.60736,304967.63904,73.0316799999564,4,6.5118318407802676,RankSurprise
microGPi_R_4-5+,4,318049.81248,318111.98976,62.17728000000352,318049.81248,318111.98976,62.17728000000352,3,4.030054072337737,RankSurprise
microGPi_R_4-5+,4,331651.85024,332025.15968,373.3094399999827,331651.85024,332025.15968,373.3094399999827,6,4.902545073824449,RankSurprise
microGPi_R_4-5+,4,340058.43968,340469.3504,410.9107199999853,340058.43968,340469.3504,410.9107199999853,6,4.0678345967588045,RankSurprise
microGPi_R_4-5+,4,364469.8624,364481.29024,11.427840000018477,364469.8624,364481.29024,11.427840000018477,3,6.570752081754154,RankSurprise
microGPi_R_4-5+,4,370984.50944,371061.71904,77.20960000000196,370984.50944,371061.71904,77.20960000000196,3,3.6507684698113447,RankSurprise
microGPi_R_4-6+,1,19243.54048,19352.12544,108.58496000000014,19243.54048,19352.12544,108.58496000000014,5,9.613008186561984,RankSurprise
microGPi_R_4-6+,1,27838.58688,28169.0112,330.4243200000019,27838.58688,28169.0112,330.4243200000019,4,3.5463416098288825,RankSurprise
microGPi_R_4-6+,1,40186.96192,40305.41824,118.4563199999975,40186.96192,40305.41824,118.4563199999975,3,3.7286248962051545,RankSurprise
microGPi_R_4-6+,1,57447.26016,57507.51232,60.25216000000364,57447.26016,57507.51232,60.25216000000364,3,5.042692247703595,RankSurprise
microGPi_R_4-6+,1,87951.93344,88213.46304,261.52960000000894,87951.93344,88213.46304,261.52960000000894,4,4.4839980410591025,RankSurprise
microGPi_R_4-6+,1,89878.28224,91828.51072,1950.2284800000052,89878.28224,91828.51072,1950.2284800000052,13,8.443376150922706,RankSurprise
microGPi_R_4-6+,1,101169.68448,101397.95456,228.27008000000205,101169.68448,101397.95456,228.27008000000205,4,4.516548372986652,RankSurprise
microGPi_R_4-6+,1,106168.32,106657.01376,488.69375999999465,106168.32,106657.01376,488.69375999999465,5,4.130466075071343,RankSurprise
microGPi_R_4-6+,1,128272.87552,128404.60288,131.7273600000044,128272.87552,128404.60288,131.7273600000044,3,3.649925372078087,RankSurprise
microGPi_R_4-6+,1,133697.98656,133972.7872,274.8006400000013,133697.98656,133972.7872,274.8006400000013,4,4.451797099317336,RankSurprise
microGPi_R_4-6+,1,140789.67808,140920.2176,130.53951999999117,140789.67808,140920.2176,130.53951999999117,3,3.525273233989747,RankSurprise
microGPi_R_4-6+,1,142274.88768,143584.54272,1309.6550399999833,142274.88768,143584.54272,1309.6550399999833,8,4.205415717452833,RankSurprise
microGPi_R_4-6+,1,146356.79744,146516.62336,159.82592000000295,146356.79744,146516.62336,159.82592000000295,5,8.03527388337551,RankSurprise
microGPi_R_4-6+,1,169781.8624,171230.94528,1449.0828800000018,169781.8624,171230.94528,1449.0828800000018,8,4.059008301098571,RankSurprise
microGPi_R_4-6+,1,196681.19552,196786.54464,105.34911999999895,196681.19552,196786.54464,105.34911999999895,3,4.000474722590138,RankSurprise
microGPi_R_4-6+,1,214378.16832,214581.37088,203.20256000000518,214378.16832,214581.37088,203.20256000000518,4,4.962685822926225,RankSurprise
microGPi_R_4-6+,1,220286.03392,220522.45504,236.42112000001362,220286.03392,220522.45504,236.42112000001362,4,4.4839980410591025,RankSurprise
microGPi_R_4-6+,1,222663.31136,222757.64224,94.33087999999407,222663.31136,222757.64224,94.33087999999407,3,4.279620229140033,RankSurprise
microGPi_R_4-6+,1,229067.28448,229212.44672,145.1622400000051,229067.28448,229212.44672,145.1622400000051,3,3.561859960207723,RankSurprise
microGPi_R_4-6+,1,241245.67552,242099.44576,853.7702400000126,241245.67552,242099.44576,853.7702400000126,8,6.529793502310865,RankSurprise
microGPi_R_4-6+,1,261336.55552,261460.66432,124.10880000001634,261336.55552,261460.66432,124.10880000001634,3,3.8814788779589726,RankSurprise
microGPi_R_4-6+,1,264277.27872,264390.41024,113.13151999999536,264277.27872,264390.41024,113.13151999999536,3,3.8670901405068747,RankSurprise
microGPi_R_4-6+,1,290321.98144,291182.592,860.610560000001,290321.98144,291182.592,860.610560000001,6,3.7349863713921367,RankSurprise
microGPi_R_4-6+,1,302737.2032,302828.42112,91.2179200000246,302737.2032,302828.42112,91.2179200000246,3,4.21034793698345,RankSurprise
microGPi_R_4-6+,1,305405.91104,305661.58336,255.6723200000124,305405.91104,305661.58336,255.6723200000124,5,6.236285988692579,RankSurprise
microGPi_R_4-6+,1,308529.93024,309720.39168,1190.4614399999846,308529.93024,309720.39168,1190.4614399999846,7,3.9985492016250093,RankSurprise
microGPi_R_4-6+,1,372153.7536,372458.94656,305.19296000001486,372153.7536,372458.94656,305.19296000001486,4,4.033901058199049,RankSurprise
microGPi_R_4-6+,2,8803.9424,11888.06656,3084.1241599999994,8803.9424,11888.06656,3084.1241599999994,14,5.594533802116516,RankSurprise
microGPi_R_4-6+,2,16559.96416,17016.91392,456.9497599999995,16559.96416,17016.91392,456.9497599999995,5,4.9661298354476955,RankSurprise
microGPi_R_4-6+,2,34250.46528,35300.02432,1049.55904,34250.46528,35300.02432,1049.55904,7,5.2172619238498035,RankSurprise
microGPi_R_4-6+,2,48370.44224,48715.12064,344.67840000000433,48370.44224,48715.12064,344.67840000000433,4,3.909018419122294,RankSurprise
microGPi_R_4-6+,2,79865.11872,83992.49408,4127.3753600000055,79865.11872,83992.49408,4127.3753600000055,15,4.690669418478649,RankSurprise
microGPi_R_4-6+,2,106031.34976,106199.81824,168.4684799999959,106031.34976,106199.81824,168.4684799999959,3,3.5722950760620193,RankSurprise
microGPi_R_4-6+,2,111450.89024,111577.37472,126.48448000001372,111450.89024,111577.37472,126.48448000001372,3,4.145156090747463,RankSurprise
microGPi_R_4-6+,2,128622.7968,129622.91712,1000.1203200000018,128622.7968,129622.91712,1000.1203200000018,6,3.786761927834459,RankSurprise
microGPi_R_4-6+,2,187775.05792,189186.94912,1411.8912000000128,187775.05792,189186.94912,1411.8912000000128,7,3.988603988923573,RankSurprise
microGPi_R_4-6+,2,214513.00864,214648.0128,135.00416000001132,214513.00864,214648.0128,135.00416000001132,3,4.009178198296171,RankSurprise
microGPi_R_4-6+,2,265852.14976,266011.81184,159.66207999998005,265852.14976,266011.81184,159.66207999998005,3,3.680850482616364,RankSurprise
microGPi_R_4-6+,2,280564.24448,280644.68992,80.44543999998132,280564.24448,280644.68992,80.44543999998132,3,5.075177015433519,RankSurprise
microGPi_R_4-6+,2,286660.4032,286820.18816,159.78496000001905,286660.4032,286820.18816,159.78496000001905,3,3.696850823962805,RankSurprise
microGPi_R_4-6+,2,300664.46336,300798.3616,133.89824000000954,300664.46336,300798.3616,133.89824000000954,3,4.009178198296171,RankSurprise
microGPi_R_4-6+,2,304894.60736,304967.63904,73.0316799999564,304894.60736,304967.63904,73.0316799999564,3,5.277043168300445,RankSurprise
microGPi_R_4-6+,2,312234.27072,313982.64832,1748.377600000007,312234.27072,313982.64832,1748.377600000007,11,7.009959821341078,RankSurprise
microGPi_R_4-6+,2,317275.79136,318111.98976,836.1984000000521,317275.79136,318111.98976,836.1984000000521,6,4.375624151337232,RankSurprise
microGPi_R_4-6+,2,331651.80928,332025.20064,373.3913600000087,331651.80928,332025.20064,373.3913600000087,4,3.6789386899945633,RankSurprise
microGPi_R_4-6+,4,5061.632,5396.2752,334.64320000000043,5061.632,5396.2752,334.64320000000043,6,4.337295532158152,RankSurprise
microGPi_R_4-6+,4,5877.26848,6418.51392,541.2454400000006,5877.26848,6418.51392,541.2454400000006,8,4.97323126638103,RankSurprise
microGPi_R_4-6+,4,18216.30464,18282.61888,66.31424000000334,18216.30464,18282.61888,66.31424000000334,3,3.578922392207536,RankSurprise
microGPi_R_4-6+,4,22945.50528,22990.06976,44.564479999997275,22945.50528,22990.06976,44.564479999997275,3,4.342387867245014,RankSurprise
microGPi_R_4-6+,4,51037.96224,51089.16224,51.19999999999709,51037.96224,51089.16224,51.19999999999709,3,4.086549529564925,RankSurprise
microGPi_R_4-6+,4,59019.96032,59165.20448,145.244160000002,59019.96032,59165.20448,145.244160000002,5,5.723388871657431,RankSurprise
microGPi_R_4-6+,4,61668.47488,61697.51552,29.040639999999257,61668.47488,61697.51552,29.040639999999257,3,5.164013372578092,RankSurprise
microGPi_R_4-6+,4,76403.46624,76451.2256,47.75936000001093,76403.46624,76451.2256,47.75936000001093,3,4.194475920507932,RankSurprise
microGPi_R_4-6+,4,81167.7696,81485.37344,317.6038399999961,81167.7696,81485.37344,317.6038399999961,6,4.698875490452841,RankSurprise
microGPi_R_4-6+,4,96959.65184,97193.24672,233.59487999998964,96959.65184,97193.24672,233.59487999998964,5,4.076480106992978,RankSurprise
microGPi_R_4-6+,4,98817.4336,99047.87456,230.44095999999263,98817.4336,99047.87456,230.44095999999263,5,4.285008090195721,RankSurprise
microGPi_R_4-6+,4,106190.76608,106774.36416,583.5980799999961,106190.76608,106774.36416,583.5980799999961,8,4.246831185876529,RankSurprise
microGPi_R_4-6+,4,114008.92416,114213.19168,204.26752000000852,114008.92416,114213.19168,204.26752000000852,5,4.482074175415999,RankSurprise
microGPi_R_4-6+,4,131776.26624,131872.60416,96.33791999999085,131776.26624,131872.60416,96.33791999999085,4,4.994160148249872,RankSurprise
microGPi_R_4-6+,4,138481.09056,138542.4896,61.39903999998933,138481.09056,138542.4896,61.39903999998933,3,3.717532377823087,RankSurprise
microGPi_R_4-6+,4,143098.22464,143231.50848,133.28383999998914,143098.22464,143231.50848,133.28383999998914,5,6.076400174447588,RankSurprise
microGPi_R_4-6+,4,160771.72736,160893.66528,121.93791999999667,160771.72736,160893.66528,121.93791999999667,4,4.234886676370699,RankSurprise
microGPi_R_4-6+,4,167207.03488,167478.0672,271.03231999999844,167207.03488,167478.0672,271.03231999999844,6,4.916376324975573,RankSurprise
microGPi_R_4-6+,4,170457.16992,170709.1968,252.02688000001945,170457.16992,170709.1968,252.02688000001945,5,3.6614138481664718,RankSurprise
microGPi_R_4-6+,4,177523.01568,177875.43552,352.41983999998774,177523.01568,177875.43552,352.41983999998774,6,4.685380201801249,RankSurprise
microGPi_R_4-6+,4,182852.8128,182994.3296,141.51679999998305,182852.8128,182994.3296,141.51679999998305,4,3.765786523750755,RankSurprise
microGPi_R_4-6+,4,188546.17088,189021.30688,475.1359999999986,188546.17088,189021.30688,475.1359999999986,8,5.492275502010224,RankSurprise
microGPi_R_4-6+,4,199563.264,199580.672,17.40799999999581,199563.264,199580.672,17.40799999999581,3,5.997592695232969,RankSurprise
microGPi_R_4-6+,4,200172.70784,200251.26912,78.56128000002354,200172.70784,200251.26912,78.56128000002354,4,5.502970116743775,RankSurprise
microGPi_R_4-6+,4,212492.94336,212718.22336,225.27999999999884,212492.94336,212718.22336,225.27999999999884,5,4.104126031172967,RankSurprise
microGPi_R_4-6+,4,220842.55744,222173.55264,1330.9952000000048,220842.55744,222173.55264,1330.9952000000048,17,8.592966277188795,RankSurprise
microGPi_R_4-6+,4,226605.21984,226627.62496,22.405119999981252,226605.21984,226627.62496,22.405119999981252,3,5.608699193839536,RankSurprise
microGPi_R_4-6+,4,230237.47072,230370.304,132.83327999999165,230237.47072,230370.304,132.83327999999165,4,4.17036795919601,RankSurprise
microGPi_R_4-6+,4,233804.22656,233852.14976,47.923199999990175,233804.22656,233852.14976,47.923199999990175,3,4.210380639752845,RankSurprise
microGPi_R_4-6+,4,238384.04608,239325.71648,941.6704000000027,238384.04608,239325.71648,941.6704000000027,14,8.97592788165406,RankSurprise
microGPi_R_4-6+,4,249907.6096,250024.22272,116.61311999999452,249907.6096,250024.22272,116.61311999999452,4,4.239548689476514,RankSurprise
microGPi_R_4-6+,4,250656.07168,250707.72224,51.650560000009136,250656.07168,250707.72224,51.650560000009136,3,4.034694595173844,RankSurprise
microGPi_R_4-6+,4,262126.51008,263089.9712,963.4611200000218,262126.51008,263089.9712,963.4611200000218,12,5.467155798619679,RankSurprise
microGPi_R_4-6+,4,267868.52864,268090.90048,222.37184000003617,267868.52864,268090.90048,222.37184000003617,7,8.450137976354391,RankSurprise
microGPi_R_4-6+,4,275906.84672,276206.83776,299.9910400000517,275906.84672,276206.83776,299.9910400000517,6,4.628428244512457,RankSurprise
microGPi_R_4-6+,4,278528.36864,279003.5456,475.1769600000116,278528.36864,279003.5456,475.1769600000116,7,4.873660421311113,RankSurprise
microGPi_R_4-6+,4,292868.79232,293307.55584,438.7635199999786,292868.79232,293307.55584,438.7635199999786,7,4.679207743880449,RankSurprise
microGPi_R_4-6+,4,300505.2928,301607.7312,1102.4383999999845,300505.2928,301607.7312,1102.4383999999845,12,4.430308540899586,RankSurprise
microGPi_R_4-6+,4,316932.83328,317436.60032,503.7670400000061,316932.83328,317436.60032,503.7670400000061,10,7.956329946907101,RankSurprise
microGPi_R_4-6+,4,318990.9504,319065.86624,74.91584000003058,318990.9504,319065.86624,74.91584000003058,4,5.604184927618888,RankSurprise
microGPi_R_4-6+,4,334026.3424,334490.91072,464.5683199999621,334026.3424,334490.91072,464.5683199999621,7,4.115648856558914,RankSurprise
microGPi_R_4-6+,4,341438.0544,341672.46848,234.41407999995863,341438.0544,341672.46848,234.41407999995863,6,5.607782294446515,RankSurprise
microGPi_R_4-6+,4,343646.37184,344426.94656,780.5747200000333,343646.37184,344426.94656,780.5747200000333,10,5.028857549109878,RankSurprise
microGPi_R_4-6+,4,358903.15264,359024.51712,121.36447999998927,358903.15264,359024.51712,121.36447999998927,4,4.211684667562398,RankSurprise
microGPi_R_4-6+,4,365167.45216,365189.36576,21.913600000028964,365167.45216,365189.36576,21.913600000028964,3,5.657482906416876,RankSurprise
microGPi_R_5-6+,4,95924.38784,99257.91744,3333.529600000009,95924.38784,99257.91744,3333.529600000009,15,4.207729587037484,RankSurprise
microGPi_R_5-6+,4,133346.83648,133755.53536,408.69888000001083,133346.83648,133755.53536,408.69888000001083,5,3.6283221570430726,RankSurprise
microGPi_R_5-6+,4,156738.39616,157078.7328,340.3366399999941,156738.39616,157078.7328,340.3366399999941,5,4.299530278174757,RankSurprise
microGPi_R_5-6+,4,161725.68576,162888.2944,1162.6086400000204,161725.68576,162888.2944,1162.6086400000204,12,9.146853956991322,RankSurprise
microGPi_R_5-6+,4,170587.05408,171526.26688,939.2128000000084,170587.05408,171526.26688,939.2128000000084,8,4.653884032560292,RankSurprise
microGPi_R_5-6+,4,182161.32608,182820.37248,659.046399999992,182161.32608,182820.37248,659.046399999992,7,5.224972720208511,RankSurprise
microGPi_R_5-6+,4,184063.05792,185043.31264,980.2547199999972,184063.05792,185043.31264,980.2547199999972,7,3.5163540799467667,RankSurprise
microGPi_R_5-6+,4,192300.52352,192520.23296,219.709440000006,192300.52352,192520.23296,219.709440000006,4,4.545053705315933,RankSurprise
microGPi_R_5-6+,4,201603.072,202435.13344,832.0614400000195,201603.072,202435.13344,832.0614400000195,9,6.540773094884831,RankSurprise
microGPi_R_5-6+,4,251570.91328,251634.15552,63.24223999999231,251570.91328,251634.15552,63.24223999999231,3,4.404003864284997,RankSurprise
microGPi_R_5-6+,4,260754.2272,261529.47712,775.249920000002,260754.2272,261529.47712,775.249920000002,11,9.412553125375315,RankSurprise
microGPi_R_5-6+,4,273663.26272,273744.65024,81.38751999998931,273663.26272,273744.65024,81.38751999998931,3,3.6469906686901865,RankSurprise
microGPi_R_5-6+,4,279636.70528,280597.05344,960.3481599999941,279636.70528,280597.05344,960.3481599999941,12,9.684197478045176,RankSurprise
microGPi_R_5-6+,4,302569.51296,302652.94848,83.43551999999909,302569.51296,302652.94848,83.43551999999909,3,3.864155437118974,RankSurprise
microGPi_R_5-6+,4,316097.90464,317091.59424,993.6895999999833,316097.90464,317091.59424,993.6895999999833,9,6.464070513300621,RankSurprise
microGPi_R_5-6+,4,318205.7472,318224.384,18.6368000000366,318205.7472,318224.384,18.6368000000366,3,5.316071468291897,RankSurprise
microGPi_R_5-6+,4,332316.75392,332360.33536,43.58144000003813,332316.75392,332360.33536,43.58144000003813,3,4.156989504480183,RankSurprise
microGPi_R_5-6+,4,354498.10944,357249.59744,2751.488000000012,354498.10944,357249.59744,2751.488000000012,19,8.242625146461213,RankSurprise
microGPi_R_5-6+,4,361026.60096,361670.94272,644.3417599999812,361026.60096,361670.94272,644.3417599999812,6,3.570966279748065,RankSurprise
microGPi_R_5-6+,4,370600.05888,371467.38688,867.3279999999795,370600.05888,371467.38688,867.3279999999795,12,10.911716009206227,RankSurprise
microGPi_R_7-8+,4,16914.14528,17372.07808,457.9327999999987,16914.14528,17372.07808,457.9327999999987,6,3.7828205363610032,RankSurprise
microGPi_R_7-8+,4,35975.24992,36023.54176,48.29183999999805,35975.24992,36023.54176,48.29183999999805,4,5.703748344889608,RankSurprise
microGPi_R_7-8+,4,43236.51584,43278.45888,41.94303999999829,43236.51584,43278.45888,41.94303999999829,3,3.5898755697889104,RankSurprise
microGPi_R_7-8+,4,84723.13856,85973.64736,1250.508799999996,84723.13856,85973.64736,1250.508799999996,20,13.76548628760981,RankSurprise
microGPi_R_7-8+,4,87616.18432,87660.66688,44.482560000004014,87616.18432,87660.66688,44.482560000004014,3,4.095625792378151,RankSurprise
microGPi_R_7-8+,4,92033.39264,92355.66592,322.273279999994,92033.39264,92355.66592,322.273279999994,5,3.573408906091025,RankSurprise
microGPi_R_7-8+,4,94765.01504,95924.10112,1159.0860800000082,94765.01504,95924.10112,1159.0860800000082,11,4.816272910525181,RankSurprise
microGPi_R_7-8+,4,99446.784,99604.39808,157.61407999999938,99446.784,99604.39808,157.61407999999938,6,7.466974478446197,RankSurprise
microGPi_R_7-8+,4,123277.96736,123281.77664,3.8092800000013085,123277.96736,123281.77664,3.8092800000013085,4,9.441132107306608,RankSurprise
microGPi_R_7-8+,4,131497.32864,131622.7072,125.37856000001193,131497.32864,131622.7072,125.37856000001193,4,4.148700616640024,RankSurprise
microGPi_R_7-8+,4,133390.9504,133600.70656,209.7561599999899,133390.9504,133600.70656,209.7561599999899,5,4.785863651684718,RankSurprise
microGPi_R_7-8+,4,150491.3408,150927.81056,436.4697600000072,150491.3408,150927.81056,436.4697600000072,8,6.44058830636466,RankSurprise
microGPi_R_7-8+,4,156201.28768,160528.13824,4326.850559999992,156201.28768,160528.13824,4326.850559999992,28,5.168159585053611,RankSurprise
microGPi_R_7-8+,4,178046.52544,179257.22112,1210.6956800000044,178046.52544,179257.22112,1210.6956800000044,15,8.752253347609381,RankSurprise
microGPi_R_7-8+,4,180483.35872,180496.91648,13.557760000025155,180483.35872,180496.91648,13.557760000025155,3,5.048324296028971,RankSurprise
microGPi_R_7-8+,4,181730.34496,183987.15904,2256.814080000011,181730.34496,183987.15904,2256.814080000011,23,9.989546078826068,RankSurprise
microGPi_R_7-8+,4,186340.9664,186359.07072,18.104319999984,186340.9664,186359.07072,18.104319999984,3,4.515775160769703,RankSurprise
microGPi_R_7-8+,4,191401.49248,192265.58464,864.0921600000001,191401.49248,192265.58464,864.0921600000001,14,9.76751724024036,RankSurprise
microGPi_R_7-8+,4,200645.50912,200718.82752,73.3183999999892,200645.50912,200718.82752,73.3183999999892,3,3.656364197373403,RankSurprise
microGPi_R_7-8+,4,201431.8592,201604.42368,172.5644800000009,201431.8592,201604.42368,172.5644800000009,4,3.5543566255555312,RankSurprise
microGPi_R_7-8+,4,204815.36,204866.64192,51.28192000000854,204815.36,204866.64192,51.28192000000854,4,5.4723379773152345,RankSurprise
microGPi_R_7-8+,4,206550.2208,206999.9616,449.7407999999996,206550.2208,206999.9616,449.7407999999996,6,3.7568338439471427,RankSurprise
microGPi_R_7-8+,4,264622.77632,264639.65184,16.875520000001416,264622.77632,264639.65184,16.875520000001416,3,4.481438920975897,RankSurprise
microGPi_R_7-8+,4,309295.9232,309298.25792,2.3347199999843724,309295.9232,309298.25792,2.3347199999843724,3,6.932588894133742,RankSurprise
microGPi_R_7-8+,4,327187.16928,327236.03456,48.86528000002727,327187.16928,327236.03456,48.86528000002727,3,3.895456641864044,RankSurprise
microGPi_R_7-8+,4,362056.704,362104.99584,48.29183999996167,362056.704,362104.99584,48.29183999996167,3,3.7963642179821946,RankSurprise
microGPi_R_9-10+,0,7721.08288,9053.83936,1332.75648,7721.08288,9053.83936,1332.75648,7,5.897891474162291,RankSurprise
microGPi_R_9-10+,0,20199.13728,20341.1456,142.00832000000082,20199.13728,20341.1456,142.00832000000082,3,4.676304553684013,RankSurprise
microGPi_R_9-10+,0,92814.37696,96173.13792,3358.7609599999996,92814.37696,96173.13792,3358.7609599999996,11,5.566674308066801,RankSurprise
microGPi_R_9-10+,0,113199.47264,116721.78688,3522.3142399999924,113199.47264,116721.78688,3522.3142399999924,11,5.158715887963047,RankSurprise
microGPi_R_9-10+,0,119885.6192,119946.97728,61.35808000000543,119885.6192,119946.97728,61.35808000000543,3,5.892111815656952,RankSurprise
microGPi_R_9-10+,0,165928.01792,166363.25888,435.24095999999554,165928.01792,166363.25888,435.24095999999554,4,4.540677319654554,RankSurprise
microGPi_R_9-10+,0,193949.04064,194171.2896,222.24895999999717,193949.04064,194171.2896,222.24895999999717,3,3.8985999850960056,RankSurprise
microGPi_R_9-10+,0,233120.93184,233936.6912,815.7593599999964,233120.93184,233936.6912,815.7593599999964,6,6.456428842481142,RankSurprise
microGPi_R_9-10+,0,246236.93824,247548.5184,1311.5801600000123,246236.93824,247548.5184,1311.5801600000123,8,7.522276358555647,RankSurprise
microGPi_R_9-10+,0,254601.70752,255953.42848,1351.720960000006,254601.70752,255953.42848,1351.720960000006,6,4.473288590849383,RankSurprise
microGPi_R_9-10+,0,269579.8784,270123.8272,543.9488000000129,269579.8784,270123.8272,543.9488000000129,4,4.10731201577649,RankSurprise
microGPi_R_9-10+,0,310533.03808,311685.98016,1152.9420799999498,310533.03808,311685.98016,1152.9420799999498,5,3.5339913020749876,RankSurprise
microGPi_R_9-10+,0,314215.34208,316174.29504,1958.9529600000242,314215.34208,316174.29504,1958.9529600000242,7,3.8705610718049415,RankSurprise
microGPi_R_9-10+,0,325275.19744,325557.49376,282.2963199999649,325275.19744,325557.49376,282.2963199999649,3,3.5541800076261385,RankSurprise
microGPi_R_9-10+,0,340734.27968,340868.75136,134.47168000001693,340734.27968,340868.75136,134.47168000001693,3,4.637083840530732,RankSurprise
microPPN_L_1-2+,0,13556.49024,13566.27968,9.789440000000468,13556.49024,13566.27968,9.789440000000468,3,5.036600569419475,RankSurprise
microPPN_L_1-2+,0,87091.56864,87102.09536,10.526720000008936,87091.56864,87102.09536,10.526720000008936,3,4.679372681037568,RankSurprise
microPPN_L_1-2+,0,95254.9376,95265.75104,10.813439999998081,95254.9376,95265.75104,10.813439999998081,3,4.4413269017657075,RankSurprise
microPPN_L_1-2+,0,96048.70144,96075.03872,26.33727999999246,96048.70144,96075.03872,26.33727999999246,5,6.405105090569851,RankSurprise
microPPN_L_1-2+,0,98804.65408,98827.264,22.609920000002603,98804.65408,98827.264,22.609920000002603,4,4.376516672943676,RankSurprise
microPPN_L_1-2+,0,99502.73536,99573.1456,70.41023999999743,99502.73536,99573.1456,70.41023999999743,6,3.7700307078966935,RankSurprise
microPPN_L_1-2+,0,105701.376,105732.25984,30.88383999999496,105701.376,105732.25984,30.88383999999496,5,5.477267653410291,RankSurprise
microPPN_L_1-2+,0,133815.62368,133830.73792,15.114240000024438,133815.62368,133830.73792,15.114240000024438,4,6.75055653747842,RankSurprise
microPPN_L_1-2+,0,159924.59264,159960.51456,35.92192000002251,159924.59264,159960.51456,35.92192000002251,5,4.742582037960982,RankSurprise
microPPN_L_1-2+,0,163266.92864,163284.41856,17.489919999992708,163266.92864,163284.41856,17.489919999992708,5,10.67450041493198,RankSurprise
microPPN_L_1-2+,0,180468.44928,180480.69632,12.247039999987464,180468.44928,180480.69632,12.247039999987464,3,3.8908650681543815,RankSurprise
microPPN_L_1-2+,0,201881.64096,201947.3408,65.69984000001568,201881.64096,201947.3408,65.69984000001568,6,4.550064149382024,RankSurprise
microPPN_L_1-2+,0,203504.51712,203525.9392,21.422079999989364,203504.51712,203525.9392,21.422079999989364,4,4.671093999378474,RankSurprise
microPPN_L_1-2+,0,205339.40224,205392.03584,52.633600000001024,205339.40224,205392.03584,52.633600000001024,5,3.7359906587643223,RankSurprise
microPPN_L_1-2+,0,206681.9072,206708.61312,26.70592000000761,206681.9072,206708.61312,26.70592000000761,5,5.99958334577077,RankSurprise
microPPN_L_1-2+,0,207325.55264,207339.15136,13.598719999979949,207325.55264,207339.15136,13.598719999979949,3,3.7552190786956334,RankSurprise
microPPN_L_1-2+,0,208225.97632,208246.12864,20.152320000022883,208225.97632,208246.12864,20.152320000022883,6,14.661203731658947,RankSurprise
microPPN_L_1-2+,0,210215.07584,210242.06848,26.992639999982202,210215.07584,210242.06848,26.992639999982202,4,4.988941385254325,RankSurprise
microPPN_L_1-2+,0,210695.12704,210819.76832,124.64128000001074,210695.12704,210819.76832,124.64128000001074,9,5.510298350404937,RankSurprise
microPPN_L_1-2+,0,213253.89824,213284.2496,30.351360000000568,213253.89824,213284.2496,30.351360000000568,7,11.976080528779725,RankSurprise
microPPN_L_1-2+,0,215592.59136,215605.0432,12.451839999994263,215592.59136,215605.0432,12.451839999994263,3,3.9313730416326447,RankSurprise
microPPN_L_1-2+,0,216718.25408,216743.64928,25.395199999999022,216718.25408,216743.64928,25.395199999999022,4,3.9669417667377864,RankSurprise
microPPN_L_1-2+,0,217327.49312,217336.05376,8.560640000010608,217327.49312,217336.05376,8.560640000010608,3,6.088139898009517,RankSurprise
microPPN_L_1-2+,0,218379.96032,218424.9344,44.974079999985406,218379.96032,218424.9344,44.974079999985406,6,5.900685224202547,RankSurprise
microPPN_L_1-2+,0,222614.528,222641.52064,26.992640000011306,222614.528,222641.52064,26.992640000011306,4,3.8379553163301345,RankSurprise
microPPN_L_1-2+,0,225349.71392,225389.32224,39.60831999999937,225349.71392,225389.32224,39.60831999999937,5,4.284453634927001,RankSurprise
microPPN_L_1-2+,0,225861.34528,225900.91264,39.567359999986365,225861.34528,225900.91264,39.567359999986365,5,4.3927881962005735,RankSurprise
microPPN_L_1-2+,0,226850.77504,226865.152,14.376959999994142,226850.77504,226865.152,14.376959999994142,3,3.6547408053674495,RankSurprise
microPPN_L_1-2+,0,228813.49632,228827.29984,13.803519999986747,228813.49632,228827.29984,13.803519999986747,3,3.525384784153408,RankSurprise
microPPN_L_1-2+,0,229497.61024,229512.6016,14.991359999985434,229497.61024,229512.6016,14.991359999985434,4,6.6567972106709075,RankSurprise
microPPN_L_1-2+,0,235347.06688,235356.48768,9.420799999992596,235347.06688,235356.48768,9.420799999992596,3,5.242393929301379,RankSurprise
microPPN_L_1-2+,0,237639.14752,237664.54272,25.395199999999022,237639.14752,237664.54272,25.395199999999022,5,6.4141960622711025,RankSurprise
microPPN_L_1-2+,0,244177.92,244199.09632,21.176319999998668,244177.92,244199.09632,21.176319999998668,4,4.910562031068142,RankSurprise
microPPN_L_1-2+,0,247148.544,247216.98816,68.44416000001365,247148.544,247216.98816,68.44416000001365,6,5.4645723157229895,RankSurprise
microPPN_L_1-2+,0,252670.07488,252691.08736,21.01248000000487,252670.07488,252691.08736,21.01248000000487,5,8.210470862819403,RankSurprise
microPPN_L_1-2+,0,256946.21696,256961.69984,15.48287999999593,256946.21696,256961.69984,15.48287999999593,4,6.6567972106709075,RankSurprise
microPPN_L_1-2+,0,262233.74336,262284.61568,50.87231999996584,262233.74336,262284.61568,50.87231999996584,5,3.509557465677066,RankSurprise
microPPN_L_1-2+,0,262694.33856,262701.58848,7.249919999972917,262694.33856,262701.58848,7.249919999972917,3,8.542316006706479,RankSurprise
microPPN_L_1-2+,0,265432.76032,265445.49888,12.738560000027064,265432.76032,265445.49888,12.738560000027064,3,3.851161286540906,RankSurprise
microPPN_L_1-2+,0,342859.776,343027.17952,167.40351999999257,342859.776,343027.17952,167.40351999999257,6,4.250121250677198,RankSurprise
microPPN_L_1-2+,0,347269.3248,347299.67616,30.351359999971464,347269.3248,347299.67616,30.351359999971464,4,3.702770493827572,RankSurprise
microPPN_L_1-2+,0,361252.0448,361279.6928,27.648000000044703,361252.0448,361279.6928,27.648000000044703,5,5.99958334577077,RankSurprise
microPPN_L_1-2+,0,372059.05408,372071.91552,12.86144000000786,372059.05408,372071.91552,12.86144000000786,3,3.593332177238805,RankSurprise
microPPN_L_1-2+,0,372768.84992,372776.87808,8.02815999998711,372768.84992,372776.87808,8.02815999998711,3,6.4861700276301635,RankSurprise
microPPN_L_1-2+,1,13584.1792,13614.94016,30.760959999999614,13584.1792,13614.94016,30.760959999999614,3,5.740819845249178,RankSurprise
microPPN_L_1-2+,1,56030.49472,56105.73824,75.24351999999635,56030.49472,56105.73824,75.24351999999635,3,4.371332602445669,RankSurprise
microPPN_L_1-2+,1,83616.44032,87287.23456,3670.794240000003,83616.44032,87287.23456,3670.794240000003,19,9.539660050188893,RankSurprise
microPPN_L_1-2+,1,100339.95776,100429.49632,89.53856000000087,100339.95776,100429.49632,89.53856000000087,5,10.144325761350402,RankSurprise
microPPN_L_1-2+,1,180939.03872,181073.42848,134.38975999999093,180939.03872,181073.42848,134.38975999999093,5,8.291172365527132,RankSurprise
microPPN_L_1-2+,1,188798.1568,188803.072,4.915199999988545,188798.1568,188803.072,4.915199999988545,3,9.108115675235652,RankSurprise
microPPN_L_1-2+,1,203513.73312,205772.71808,2258.9849600000016,203513.73312,205772.71808,2258.9849600000016,10,4.1257441048224575,RankSurprise
microPPN_L_1-2+,1,208880.18944,222771.15904,13890.969600000011,208880.18944,222771.15904,13890.969600000011,44,7.175582596883147,RankSurprise
microPPN_L_1-2+,1,227204.13696,228207.69792,1003.5609600000025,227204.13696,228207.69792,1003.5609600000025,8,5.791743967500596,RankSurprise
microPPN_L_1-2+,1,250579.43552,251520.90112,941.4655999999959,250579.43552,251520.90112,941.4655999999959,8,6.283034132012951,RankSurprise
microPPN_L_1-2+,1,263101.93152,263373.37344,271.44192000001203,263101.93152,263373.37344,271.44192000001203,5,6.005438860949415,RankSurprise
microPPN_L_1-2+,1,310239.68256,310407.9872,168.30463999998756,310239.68256,310407.9872,168.30463999998756,4,5.229559533365062,RankSurprise
microPPN_L_1-2+,4,14136.03328,14386.3808,250.34752000000117,14136.03328,14386.3808,250.34752000000117,6,3.899560012957854,RankSurprise
microPPN_L_1-2+,4,56142.06976,56302.83776,160.76800000000367,56142.06976,56302.83776,160.76800000000367,7,6.079487258899634,RankSurprise
microPPN_L_1-2+,4,62998.9376,63047.43424,48.496640000004845,62998.9376,63047.43424,48.496640000004845,4,4.5850430314495405,RankSurprise
microPPN_L_1-2+,4,84737.47456,85027.2256,289.75104000000283,84737.47456,85027.2256,289.75104000000283,7,3.8321298922375577,RankSurprise
microPPN_L_1-2+,4,85967.91296,86822.2976,854.3846400000039,85967.91296,86822.2976,854.3846400000039,16,7.520438659059019,RankSurprise
microPPN_L_1-2+,4,91037.73696,91047.03488,9.2979200000118,91037.73696,91047.03488,9.2979200000118,3,6.233193074782854,RankSurprise
microPPN_L_1-2+,4,95338.57792,96514.29376,1175.7158400000044,95338.57792,96514.29376,1175.7158400000044,21,9.818109543312941,RankSurprise
microPPN_L_1-2+,4,97894.76864,100580.02432,2685.255680000002,97894.76864,100580.02432,2685.255680000002,34,9.559418895391063,RankSurprise
microPPN_L_1-2+,4,136196.58752,136219.72992,23.14240000001155,136196.58752,136219.72992,23.14240000001155,4,6.548354030976867,RankSurprise
microPPN_L_1-2+,4,159746.53952,160140.98432,394.4447999999975,159746.53952,160140.98432,394.4447999999975,9,5.022956534158804,RankSurprise
microPPN_L_1-2+,4,179098.70592,179118.98112,20.27520000000368,179098.70592,179118.98112,20.27520000000368,3,3.8599878201406916,RankSurprise
microPPN_L_1-2+,4,188980.96128,189075.456,94.49472000001697,188980.96128,189075.456,94.49472000001697,4,3.512385317397431,RankSurprise
microPPN_L_1-2+,4,202542.36672,202575.70816,33.34144000001834,202542.36672,202575.70816,33.34144000001834,6,11.12098051998025,RankSurprise
microPPN_L_1-2+,4,204703.62112,205075.74272,372.12160000001313,204703.62112,205075.74272,372.12160000001313,10,6.117963230210967,RankSurprise
microPPN_L_1-2+,4,209045.01248,212952.6784,3907.6659199999995,209045.01248,212952.6784,3907.6659199999995,48,13.452407147039663,RankSurprise
microPPN_L_1-2+,4,215050.73152,215098.69568,47.964160000003176,215050.73152,215098.69568,47.964160000003176,4,4.381574632398475,RankSurprise
microPPN_L_1-2+,4,216169.6768,216192.24576,22.568960000004154,216169.6768,216192.24576,22.568960000004154,3,3.7217208227703367,RankSurprise
microPPN_L_1-2+,4,221409.6896,221428.1216,18.4320000000007,221409.6896,221428.1216,18.4320000000007,5,11.336654781419735,RankSurprise
microPPN_L_1-2+,4,231392.50176,231407.37024,14.868479999975534,231392.50176,231407.37024,14.868479999975534,4,8.304168276799809,RankSurprise
microPPN_L_1-2+,4,232413.22496,232429.89568,16.670719999994617,232413.22496,232429.89568,16.670719999994617,3,4.322129657057708,RankSurprise
microPPN_L_1-2+,4,237643.93984,237854.43328,210.4934399999911,237643.93984,237854.43328,210.4934399999911,6,3.9466892498181725,RankSurprise
microPPN_L_1-2+,4,237854.43328,237868.35968,13.926399999996647,237854.43328,237868.35968,13.926399999996647,4,8.990726307398122,RankSurprise
microPPN_L_1-2+,4,245493.39136,245510.43072,17.039359999995213,245493.39136,245510.43072,17.039359999995213,3,4.188746029487017,RankSurprise
microPPN_L_1-2+,4,247561.17504,247641.98912,80.81408000001102,247561.17504,247641.98912,80.81408000001102,6,6.595009362855222,RankSurprise
microPPN_L_1-2+,4,251290.2144,251352.84224,62.627840000001015,251290.2144,251352.84224,62.627840000001015,4,4.47523495503652,RankSurprise
microPPN_L_1-2+,4,252028.76416,252057.1904,28.42624000000069,252028.76416,252057.1904,28.42624000000069,5,8.706012058589927,RankSurprise
microPPN_L_1-2+,4,255978.2912,256747.9296,769.6383999999962,255978.2912,256747.9296,769.6383999999962,10,3.9249266307949933,RankSurprise
microPPN_L_1-2+,4,257330.95424,257385.55392,54.599680000013905,257330.95424,257385.55392,54.599680000013905,4,4.578471266286307,RankSurprise
microPPN_L_1-2+,4,257901.568,258764.92288,863.354879999999,257901.568,258764.92288,863.354879999999,18,8.07159693640929,RankSurprise
microPPN_L_1-2+,4,261310.09536,261974.95808,664.8627200000046,261310.09536,261974.95808,664.8627200000046,17,10.386231882408623,RankSurprise
microPPN_L_1-2+,4,276703.51872,276721.8688,18.3500800000038,276703.51872,276721.8688,18.3500800000038,3,4.290549834872888,RankSurprise
microPPN_L_1-2+,4,283208.62208,283219.51744,10.895360000024084,283208.62208,283219.51744,10.895360000024084,3,5.72442435952404,RankSurprise
microPPN_L_1-2+,4,302677.8112,302735.27808,57.466880000021774,302677.8112,302735.27808,57.466880000021774,4,4.357084632479566,RankSurprise
microPPN_L_1-2+,4,303410.83136,303434.42432,23.59295999997994,303410.83136,303434.42432,23.59295999997994,4,6.202041857640911,RankSurprise
microPPN_L_1-2+,4,304548.4544,304566.92736,18.472959999984596,304548.4544,304566.92736,18.472959999984596,4,7.1029312321460445,RankSurprise
microPPN_L_1-2+,4,344167.91552,344193.6384,25.72288000001572,344167.91552,344193.6384,25.72288000001572,5,9.188355563126716,RankSurprise
microPPN_L_1-2+,4,360789.6064,360806.93248,17.326080000028014,360789.6064,360806.93248,17.326080000028014,3,4.228847875514775,RankSurprise
microPPN_L_1-2+,4,362726.27712,362751.3856,25.108479999995325,362726.27712,362751.3856,25.108479999995325,4,6.586571567741522,RankSurprise
microPPN_L_1-2+,4,363740.65152,363882.25024,141.59872000000905,363740.65152,363882.25024,141.59872000000905,5,4.149625510185764,RankSurprise
microPPN_L_1-2+,4,372780.72832,372793.99936,13.271040000021458,372780.72832,372793.99936,13.271040000021458,3,5.012129706774633,RankSurprise
microPPN_L_1-3+,0,10944.96256,10990.75584,45.79327999999987,10944.96256,10990.75584,45.79327999999987,3,4.1369091369460556,RankSurprise
microPPN_L_1-3+,0,16810.76224,16860.69248,49.930240000001504,16810.76224,16860.69248,49.930240000001504,3,4.075554054907222,RankSurprise
microPPN_L_1-3+,0,35819.56096,35865.3952,45.8342399999965,35819.56096,35865.3952,45.8342399999965,3,4.099870688533384,RankSurprise
microPPN_L_1-3+,0,55363.33824,55676.43648,313.09823999999935,55363.33824,55676.43648,313.09823999999935,5,3.573354174603857,RankSurprise
microPPN_L_1-3+,0,83453.87008,85396.52096,1942.650880000001,83453.87008,85396.52096,1942.650880000001,26,15.547042460870257,RankSurprise
microPPN_L_1-3+,0,85979.83232,86650.10176,670.2694400000037,85979.83232,86650.10176,670.2694400000037,10,7.318061245613401,RankSurprise
microPPN_L_1-3+,0,92096.67584,92266.20928,169.53343999999925,92096.67584,92266.20928,169.53343999999925,5,5.142707287719766,RankSurprise
microPPN_L_1-3+,0,98289.664,98765.94688,476.28287999999884,98289.664,98765.94688,476.28287999999884,8,5.136548931043686,RankSurprise
microPPN_L_1-3+,0,125805.24032,125881.67168,76.43136000000231,125805.24032,125881.67168,76.43136000000231,4,5.603998158763925,RankSurprise
microPPN_L_1-3+,0,130310.06208,130341.64224,31.580159999997704,130310.06208,130341.64224,31.580159999997704,3,4.920008207810982,RankSurprise
microPPN_L_1-3+,0,131418.76736,131462.22592,43.458559999999125,131418.76736,131462.22592,43.458559999999125,3,4.2260967933582805,RankSurprise
microPPN_L_1-3+,0,140258.67264,140315.15648,56.48384000000078,140258.67264,140315.15648,56.48384000000078,3,3.858195734477036,RankSurprise
microPPN_L_1-3+,0,178091.25376,178742.4768,651.2230400000117,178091.25376,178742.4768,651.2230400000117,12,9.412683574878184,RankSurprise
microPPN_L_1-3+,0,180048.65024,181277.53216,1228.8819200000144,180048.65024,181277.53216,1228.8819200000144,12,3.9246854440439796,RankSurprise
microPPN_L_1-3+,0,205696.12288,215139.1232,9443.000319999992,205696.12288,215139.1232,9443.000319999992,69,12.220263988352322,RankSurprise
microPPN_L_1-3+,0,217367.10144,222242.93888,4875.837440000003,217367.10144,222242.93888,4875.837440000003,33,5.197774734048231,RankSurprise
microPPN_L_1-3+,0,226023.34208,226176.49152,153.14944000000833,226023.34208,226176.49152,153.14944000000833,4,3.5126635719806423,RankSurprise
microPPN_L_1-3+,0,229517.06624,229557.53472,40.46848000001046,229517.06624,229557.53472,40.46848000001046,3,4.50529838899168,RankSurprise
microPPN_L_1-3+,0,233154.3552,234043.8016,889.4464000000153,233154.3552,234043.8016,889.4464000000153,11,5.028654362665471,RankSurprise
microPPN_L_1-3+,0,237556.1216,237682.0736,125.95199999999022,237556.1216,237682.0736,125.95199999999022,5,6.128260690255576,RankSurprise
microPPN_L_1-3+,0,247219.48672,248185.69216,966.2054400000197,247219.48672,248185.69216,966.2054400000197,11,5.895927371555997,RankSurprise
microPPN_L_1-3+,0,249665.29024,249727.75424,62.46400000000722,249665.29024,249727.75424,62.46400000000722,3,3.604045534482065,RankSurprise
microPPN_L_1-3+,0,253467.648,253677.11744,209.4694400000153,253467.648,253677.11744,209.4694400000153,6,6.011567742451668,RankSurprise
microPPN_L_1-3+,0,254700.58496,254976.04096,275.4560000000056,254700.58496,254976.04096,275.4560000000056,6,5.3903540463071735,RankSurprise
microPPN_L_1-3+,0,256673.5872,257488.32256,814.7353599999915,256673.5872,257488.32256,814.7353599999915,11,5.518838294130993,RankSurprise
microPPN_L_1-3+,0,259652.608,260269.21984,616.6118399999978,259652.608,260269.21984,616.6118399999978,9,5.011926749294806,RankSurprise
microPPN_L_1-3+,0,261435.35104,263333.02784,1897.6767999999865,261435.35104,263333.02784,1897.6767999999865,18,6.498545467476205,RankSurprise
microPPN_L_1-3+,0,282373.07904,282534.95296,161.87392000004184,282373.07904,282534.95296,161.87392000004184,4,3.621327655724045,RankSurprise
microPPN_L_1-3+,0,309337.04704,309666.24256,329.1955200000084,309337.04704,309666.24256,329.1955200000084,6,4.1116562557144425,RankSurprise
microPPN_L_1-3+,3,16850.82112,17533.78816,682.9670399999995,16850.82112,17533.78816,682.9670399999995,5,4.112546173486713,RankSurprise
microPPN_L_1-3+,3,85148.63104,85505.26976,356.63872000000265,85148.63104,85505.26976,356.63872000000265,5,6.10301945434621,RankSurprise
microPPN_L_1-3+,3,94728.8064,95545.344,816.537599999996,94728.8064,95545.344,816.537599999996,7,6.925326149405876,RankSurprise
microPPN_L_1-3+,3,99254.64064,100684.8,1430.159360000005,99254.64064,100684.8,1430.159360000005,8,5.277373522824813,RankSurprise
microPPN_L_1-3+,3,104260.56704,105180.61056,920.0435200000065,104260.56704,105180.61056,920.0435200000065,6,4.87449320515875,RankSurprise
microPPN_L_1-3+,3,178107.22816,178319.23712,212.00896000000648,178107.22816,178319.23712,212.00896000000648,5,8.067650531949305,RankSurprise
microPPN_L_1-3+,3,180914.13504,181116.35456,202.2195200000133,180914.13504,181116.35456,202.2195200000133,4,5.6868470432130955,RankSurprise
microPPN_L_1-3+,3,211258.12224,219067.22816,7809.105920000002,211258.12224,219067.22816,7809.105920000002,29,11.755424412814666,RankSurprise
microPPN_L_1-3+,3,251431.936,251553.91488,121.97888000000967,251431.936,251553.91488,121.97888000000967,3,4.064281786853586,RankSurprise
microPPN_L_1-3+,3,252065.46432,252077.38368,11.91935999999987,252065.46432,252077.38368,11.91935999999987,3,8.659882521825526,RankSurprise
microPPN_L_1-3+,3,260876.45184,263135.76448,2259.3126400000183,260876.45184,263135.76448,2259.3126400000183,14,11.37280085971627,RankSurprise
microPPN_L_1-3+,3,362021.888,362229.88288,207.99488000001293,362021.888,362229.88288,207.99488000001293,4,5.7506840560791765,RankSurprise
microPPN_L_2-3+,1,11989.93408,12226.27328,236.33919999999853,11989.93408,12226.27328,236.33919999999853,6,4.404117964488434,RankSurprise
microPPN_L_2-3+,1,13931.88864,15798.84544,1866.9568,13931.88864,15798.84544,1866.9568,17,4.39498930070601,RankSurprise
microPPN_L_2-3+,1,51807.72352,52063.51872,255.79520000000048,51807.72352,52063.51872,255.79520000000048,6,3.6603811374024318,RankSurprise
microPPN_L_2-3+,1,55555.97312,56302.87872,746.9055999999982,55555.97312,56302.87872,746.9055999999982,9,3.6249241024961765,RankSurprise
microPPN_L_2-3+,1,86024.23296,86152.51968,128.2867200000037,86024.23296,86152.51968,128.2867200000037,5,4.6467763502302475,RankSurprise
microPPN_L_2-3+,1,86796.53376,87118.60224,322.0684799999872,86796.53376,87118.60224,322.0684799999872,9,7.943793020595697,RankSurprise
microPPN_L_2-3+,1,91037.81888,91051.58144,13.762559999988298,91037.81888,91051.58144,13.762559999988298,3,4.733368319578206,RankSurprise
microPPN_L_2-3+,1,95780.29056,95841.93536,61.64480000000913,95780.29056,95841.93536,61.64480000000913,5,6.578193538275681,RankSurprise
microPPN_L_2-3+,1,99527.10656,100568.30976,1041.2032000000036,99527.10656,100568.30976,1041.2032000000036,14,8.357558814071657,RankSurprise
microPPN_L_2-3+,1,129558.20032,129605.71392,47.51359999999113,129558.20032,129605.71392,47.51359999999113,6,9.082580081292669,RankSurprise
microPPN_L_2-3+,1,188675.4816,188707.51232,32.03072000000975,188675.4816,188707.51232,32.03072000000975,4,5.211302384626414,RankSurprise
microPPN_L_2-3+,1,188976.70144,188988.25216,11.550719999999274,188976.70144,188988.25216,11.550719999999274,5,15.754519962370189,RankSurprise
microPPN_L_2-3+,1,189860.70016,189876.4288,15.728639999986626,189860.70016,189876.4288,15.728639999986626,3,4.2920195522470035,RankSurprise
microPPN_L_2-3+,1,204206.57152,204820.97152,614.3999999999942,204206.57152,204820.97152,614.3999999999942,10,5.338869973646215,RankSurprise
microPPN_L_2-3+,1,209534.44352,209566.1056,31.662080000009155,209534.44352,209566.1056,31.662080000009155,4,5.41243756401084,RankSurprise
microPPN_L_2-3+,1,216169.63584,216180.85888,11.223040000011679,216169.63584,216180.85888,11.223040000011679,3,5.436181357164381,RankSurprise
microPPN_L_2-3+,1,231858.83136,233553.96096,1695.1295999999857,231858.83136,233553.96096,1695.1295999999857,15,3.7041686308609605,RankSurprise
microPPN_L_2-3+,1,240989.83936,241062.99392,73.1545599999954,240989.83936,241062.99392,73.1545599999954,5,6.179803348593712,RankSurprise
microPPN_L_2-3+,1,245493.39136,245514.52672,21.135359999985667,245493.39136,245514.52672,21.135359999985667,4,6.510764047983683,RankSurprise
microPPN_L_2-3+,1,247088.37376,248168.07936,1079.7056000000157,247088.37376,248168.07936,1079.7056000000157,16,8.329241696500148,RankSurprise
microPPN_L_2-3+,1,248702.93504,250630.92224,1927.9872000000032,248702.93504,250630.92224,1927.9872000000032,15,4.18602222750576,RankSurprise
microPPN_L_2-3+,1,252002.79552,252057.1904,54.394879999978,252002.79552,252057.1904,54.394879999978,4,4.6866010067900845,RankSurprise
microPPN_L_2-3+,1,253136.40448,253157.70368,21.299200000008568,253136.40448,253157.70368,21.299200000008568,3,3.9196870699899886,RankSurprise
microPPN_L_2-3+,1,256626.60608,258145.73056,1519.1244799999986,256626.60608,258145.73056,1519.1244799999986,17,9.12998594916817,RankSurprise
microPPN_L_2-3+,1,259340.0832,259355.97568,15.892480000009527,259340.0832,259355.97568,15.892480000009527,3,4.500544098344028,RankSurprise
microPPN_L_2-3+,1,262280.31488,262292.48,12.165119999961462,262280.31488,262292.48,12.165119999961462,3,5.093086579782675,RankSurprise
microPPN_L_2-3+,1,263106.64192,263129.7024,23.060479999985546,263106.64192,263129.7024,23.060479999985546,3,4.115246647651082,RankSurprise
microPPN_L_2-3+,1,281690.35776,281705.34912,14.991360000043642,281690.35776,281705.34912,14.991360000043642,3,4.45706355416821,RankSurprise
microPPN_L_2-3+,1,283197.56288,283212.14464,14.581760000030044,283197.56288,283212.14464,14.581760000030044,3,4.852049333150459,RankSurprise
microPPN_L_2-3+,1,301162.496,301430.21056,267.71455999999307,301162.496,301430.21056,267.71455999999307,6,3.9275893987528185,RankSurprise
microPPN_L_2-3+,1,304548.4544,304559.18592,10.731520000030287,304548.4544,304559.18592,10.731520000030287,3,5.556704120561884,RankSurprise
microPPN_L_2-3+,1,326293.79072,326313.53344,19.74272000003839,326293.79072,326313.53344,19.74272000003839,3,3.865629330223669,RankSurprise
microPPN_L_2-3+,1,344440.4224,344453.69344,13.271040000021458,344440.4224,344453.69344,13.271040000021458,3,4.817415784004085,RankSurprise
microPPN_L_2-3+,1,346098.64704,346168.23808,69.59103999997023,346098.64704,346168.23808,69.59103999997023,4,4.109697614936195,RankSurprise
microPPN_L_2-3+,1,349185.88416,349682.81088,496.92671999998856,349185.88416,349682.81088,496.92671999998856,7,5.28015435846205,RankSurprise
microPPN_L_2-3+,1,360789.52448,362411.90912,1622.3846400000039,360789.52448,362411.90912,1622.3846400000039,14,3.800462659988123,RankSurprise
microPPN_L_2-3+,1,362726.27712,362746.10176,19.824640000006184,362726.27712,362746.10176,19.824640000006184,4,7.200012911492985,RankSurprise
microPPN_L_2-3+,3,13556.49024,13566.3616,9.871360000001005,13556.49024,13566.3616,9.871360000001005,3,4.53049471498176,RankSurprise
microPPN_L_2-3+,3,14373.72416,14386.3808,12.656640000001062,14373.72416,14386.3808,12.656640000001062,3,3.735019671166256,RankSurprise
microPPN_L_2-3+,3,15066.97216,15091.67104,24.698879999999917,15066.97216,15091.67104,24.698879999999917,4,4.020193071961081,RankSurprise
microPPN_L_2-3+,3,87091.56864,87110.08256,18.513919999997597,87091.56864,87110.08256,18.513919999997597,4,4.942895105743773,RankSurprise
microPPN_L_2-3+,3,96048.70144,96083.43552,34.73407999999472,96048.70144,96083.43552,34.73407999999472,7,10.767307896244702,RankSurprise
microPPN_L_2-3+,3,98804.65408,98827.264,22.609920000002603,98804.65408,98827.264,22.609920000002603,4,4.026309298978518,RankSurprise
microPPN_L_2-3+,3,105701.33504,105743.68768,42.352639999997336,105701.33504,105743.68768,42.352639999997336,7,7.566015393462706,RankSurprise
microPPN_L_2-3+,3,133116.928,133134.45888,17.530879999976605,133116.928,133134.45888,17.530879999976605,4,5.458449023829576,RankSurprise
microPPN_L_2-3+,3,133819.67872,133830.73792,11.059200000017881,133819.67872,133830.73792,11.059200000017881,3,3.96008246718268,RankSurprise
microPPN_L_2-3+,3,159924.59264,159964.89728,40.30464000001666,159924.59264,159964.89728,40.30464000001666,5,4.032538404316323,RankSurprise
microPPN_L_2-3+,3,161553.32608,161587.44576,34.11968000000343,161553.32608,161587.44576,34.11968000000343,5,5.024110330784982,RankSurprise
microPPN_L_2-3+,3,163270.41024,163292.20096,21.79071999998996,163270.41024,163292.20096,21.79071999998996,5,8.086771825474642,RankSurprise
microPPN_L_2-3+,3,180468.44928,180480.69632,12.247039999987464,180468.44928,180480.69632,12.247039999987464,3,3.5814254040092113,RankSurprise
microPPN_L_2-3+,3,201881.68192,201906.7904,25.108479999995325,201881.68192,201906.7904,25.108479999995325,4,3.6961782422376785,RankSurprise
microPPN_L_2-3+,3,203504.47616,203525.9392,21.463040000002366,203504.47616,203525.9392,21.463040000002366,5,7.222053460291132,RankSurprise
microPPN_L_2-3+,3,204271.86176,204290.29376,18.4320000000007,204271.86176,204290.29376,18.4320000000007,4,5.419232499894065,RankSurprise
microPPN_L_2-3+,3,206681.94816,206708.65408,26.70592000000761,206681.94816,206708.65408,26.70592000000761,5,5.43157187355866,RankSurprise
microPPN_L_2-3+,3,208225.97632,208242.52416,16.54784000001382,208225.97632,208242.52416,16.54784000001382,5,10.547911176750052,RankSurprise
microPPN_L_2-3+,3,209221.632,209234.7392,13.107199999998556,209221.632,209234.7392,13.107199999998556,4,7.80615126645538,RankSurprise
microPPN_L_2-3+,3,210238.79168,210246.0416,7.249920000002021,210238.79168,210246.0416,7.249920000002021,3,7.432788072697438,RankSurprise
microPPN_L_2-3+,3,210695.168,210813.00992,117.84192000000621,210695.168,210813.00992,117.84192000000621,10,7.163055540473409,RankSurprise
microPPN_L_2-3+,3,213253.89824,213284.20864,30.310399999987567,213253.89824,213284.20864,30.310399999987567,7,10.94518856315436,RankSurprise
microPPN_L_2-3+,3,215592.59136,215605.00224,12.410880000010366,215592.59136,215605.00224,12.410880000010366,4,8.272221446993338,RankSurprise
microPPN_L_2-3+,3,216718.29504,216737.54624,19.25119999999879,216718.29504,216737.54624,19.25119999999879,4,4.627643244319007,RankSurprise
microPPN_L_2-3+,3,217327.49312,217336.05376,8.560640000010608,217327.49312,217336.05376,8.560640000010608,3,5.674656519899138,RankSurprise
microPPN_L_2-3+,3,218379.91936,218418.74944,38.83008000001428,218379.91936,218418.74944,38.83008000001428,6,6.317177963122873,RankSurprise
microPPN_L_2-3+,3,222614.528,222653.97248,39.44448000000557,222614.528,222653.97248,39.44448000000557,6,6.079495950484571,RankSurprise
microPPN_L_2-3+,3,225349.71392,225381.82656,32.112639999977546,225349.71392,225381.82656,32.112639999977546,6,6.917621924993902,RankSurprise
microPPN_L_2-3+,3,225861.38624,225900.91264,39.52640000000247,225861.38624,225900.91264,39.52640000000247,5,4.149406337152499,RankSurprise
microPPN_L_2-3+,3,228813.53728,228832.33792,18.800640000001295,228813.53728,228832.33792,18.800640000001295,4,5.010125161687412,RankSurprise
microPPN_L_2-3+,3,231326.22848,231407.4112,81.18272000001161,231326.22848,231407.4112,81.18272000001161,7,7.0665464326153895,RankSurprise
microPPN_L_2-3+,3,235347.10784,235360.91136,13.803519999986747,235347.10784,235360.91136,13.803519999986747,4,7.081104029448515,RankSurprise
microPPN_L_2-3+,3,237646.39744,237652.82816,6.43072000000393,237646.39744,237652.82816,6.43072000000393,3,9.871174706850546,RankSurprise
microPPN_L_2-3+,3,237809.78688,237868.31872,58.53184000001056,237809.78688,237868.31872,58.53184000001056,6,4.391769234836905,RankSurprise
microPPN_L_2-3+,3,238572.66688,238581.39136,8.724480000004405,238572.66688,238581.39136,8.724480000004405,3,5.605681888432615,RankSurprise
microPPN_L_2-3+,3,244177.87904,244186.112,8.23295999999391,244177.87904,244186.112,8.23295999999391,3,6.032309076585591,RankSurprise
microPPN_L_2-3+,3,252670.03392,252686.58176,16.54784000001382,252670.03392,252686.58176,16.54784000001382,4,5.409507950002066,RankSurprise
microPPN_L_2-3+,3,256946.21696,256957.11232,10.89535999999498,256946.21696,256957.11232,10.89535999999498,3,3.9900832172239333,RankSurprise
microPPN_L_2-3+,3,262233.74336,262298.58304,64.83967999997549,262233.74336,262298.58304,64.83967999997549,7,4.602131707038185,RankSurprise
microPPN_L_2-3+,3,302718.03392,302735.27808,17.24416000000201,302718.03392,302735.27808,17.24416000000201,4,5.351813469031782,RankSurprise
microPPN_L_2-3+,3,324227.072,324234.6496,7.57760000001872,324227.072,324234.6496,7.57760000001872,3,7.489946486537386,RankSurprise
microPPN_L_2-3+,3,344156.89728,344201.50272,44.605440000013914,344156.89728,344201.50272,44.605440000013914,5,3.7724347458109087,RankSurprise
microPPN_L_2-3+,3,344788.1728,344799.31392,11.141119999985676,344788.1728,344799.31392,11.141119999985676,3,3.853776632261525,RankSurprise
microPPN_L_2-3+,3,361261.54752,361273.83552,12.288000000000466,361261.54752,361273.83552,12.288000000000466,3,3.589655903145726,RankSurprise
microPPN_L_2-3+,3,372035.74784,372071.91552,36.167679999955,372035.74784,372071.91552,36.167679999955,5,4.489599073416187,RankSurprise
microPPN_L_2-3+,3,372768.84992,372785.07008,16.22015999996802,372768.84992,372785.07008,16.22015999996802,5,11.154366310794554,RankSurprise
microPPN_L_4-5+,2,29240.56576,29293.93664,53.37087999999858,29240.56576,29293.93664,53.37087999999858,3,5.167947132274476,RankSurprise
microPPN_L_4-5+,2,45287.58784,45316.79232,29.20448000000033,45287.58784,45316.79232,29.20448000000033,3,6.120802533243796,RankSurprise
microPPN_L_4-5+,2,49488.2816,52407.17312,2918.8915199999974,49488.2816,52407.17312,2918.8915199999974,14,6.666152378744747,RankSurprise
microPPN_L_4-5+,2,54715.8016,57227.63264,2511.8310400000046,54715.8016,57227.63264,2511.8310400000046,17,12.544493321863026,RankSurprise
microPPN_L_4-5+,2,81474.43712,81774.34624,299.9091199999966,81474.43712,81774.34624,299.9091199999966,4,4.221206731569758,RankSurprise
microPPN_L_4-5+,2,112046.94016,112179.85536,132.9152000000031,112046.94016,112179.85536,132.9152000000031,3,3.6492024147668953,RankSurprise
microPPN_L_4-5+,2,156569.8048,157806.71488,1236.9100800000015,156569.8048,157806.71488,1236.9100800000015,7,4.032471635958939,RankSurprise
microPPN_L_4-5+,2,166038.28224,166354.28864,316.00640000001295,166038.28224,166354.28864,316.00640000001295,5,5.897119488199756,RankSurprise
microPPN_L_4-5+,2,170528.84992,170550.96832,22.11840000000666,170528.84992,170550.96832,22.11840000000666,3,6.575747698615331,RankSurprise
microPPN_L_4-5+,2,184036.63872,184209.94048,173.3017600000021,184036.63872,184209.94048,173.3017600000021,4,5.506605196989902,RankSurprise
microPPN_L_4-5+,2,192329.85088,194540.66688,2210.8159999999916,192329.85088,194540.66688,2210.8159999999916,11,6.446346947618758,RankSurprise
microPPN_L_4-5+,2,352067.29728,355116.93312,3049.6358400000026,352067.29728,355116.93312,3049.6358400000026,11,4.0289543254621,RankSurprise
microPPN_L_4-5+,2,359430.88128,360764.17024,1333.2889600000344,359430.88128,360764.17024,1333.2889600000344,8,5.184494744466887,RankSurprise
microPPN_L_4-5+,3,13245.72672,13964.82048,719.0937599999997,13245.72672,13964.82048,719.0937599999997,5,4.34341409841781,RankSurprise
microPPN_L_4-5+,3,26634.36288,31051.12064,4416.75776,26634.36288,31051.12064,4416.75776,19,10.3623202826423,RankSurprise
microPPN_L_4-5+,3,45224.26368,45397.77024,173.50656000000163,45224.26368,45397.77024,173.50656000000163,3,3.903889313010115,RankSurprise
microPPN_L_4-5+,3,55290.63424,59606.016,4315.381760000004,55290.63424,59606.016,4315.381760000004,14,5.28968685635582,RankSurprise
microPPN_L_4-5+,3,61438.48448,61608.1408,169.65632000000187,61438.48448,61608.1408,169.65632000000187,3,3.850192393540036,RankSurprise
microPPN_L_4-5+,3,70875.05408,72812.25728,1937.2032000000036,70875.05408,72812.25728,1937.2032000000036,10,6.6907277022218805,RankSurprise
microPPN_L_4-5+,3,79981.93664,82761.97376,2780.0371199999936,79981.93664,82761.97376,2780.0371199999936,9,4.578662281541649,RankSurprise
microPPN_L_4-5+,3,99485.20448,99667.88608,182.68159999999625,99485.20448,99667.88608,182.68159999999625,3,3.772257168206064,RankSurprise
microPPN_L_4-5+,3,132645.51936,132830.28992,184.77056000000448,132645.51936,132830.28992,184.77056000000448,3,3.772257168206064,RankSurprise
microPPN_L_4-5+,3,184608.60416,186811.1872,2202.5830399999977,184608.60416,186811.1872,2202.5830399999977,8,3.847915104645991,RankSurprise
microPPN_L_4-5+,3,281940.33664,282144.39936,204.06271999998717,281940.33664,282144.39936,204.06271999998717,3,3.5324406631523306,RankSurprise
microPPN_L_4-6+,1,18553.89696,19764.8384,1210.9414400000023,18553.89696,19764.8384,1210.9414400000023,8,4.57919639966148,RankSurprise
microPPN_L_4-6+,1,21993.96352,23406.1824,1412.2188800000004,21993.96352,23406.1824,1412.2188800000004,11,7.318508416572624,RankSurprise
microPPN_L_4-6+,1,41659.02336,43940.70016,2281.676800000001,41659.02336,43940.70016,2281.676800000001,11,4.393660631640639,RankSurprise
microPPN_L_4-6+,1,51234.52928,52520.87808,1286.3487999999998,51234.52928,52520.87808,1286.3487999999998,12,9.404324103391291,RankSurprise
microPPN_L_4-6+,1,61726.3104,62656.43008,930.1196799999962,61726.3104,62656.43008,930.1196799999962,8,6.348701683747643,RankSurprise
microPPN_L_4-6+,1,75976.41728,76066.89792,90.48064000000886,75976.41728,76066.89792,90.48064000000886,4,6.765295503299697,RankSurprise
microPPN_L_4-6+,1,81767.6288,81931.63264,164.0038399999903,81767.6288,81931.63264,164.0038399999903,4,5.279285264690186,RankSurprise
microPPN_L_4-6+,1,88170.25024,89301.97504,1131.7248000000109,88170.25024,89301.97504,1131.7248000000109,9,5.976860174213989,RankSurprise
microPPN_L_4-6+,1,97567.21152,98331.52512,764.3136000000086,97567.21152,98331.52512,764.3136000000086,7,5.857402311544712,RankSurprise
microPPN_L_4-6+,1,102523.57632,102846.62784,323.05152000000817,102523.57632,102846.62784,323.05152000000817,5,5.386519607795929,RankSurprise
microPPN_L_4-6+,1,128044.68736,128861.7984,817.1110400000034,128044.68736,128861.7984,817.1110400000034,6,3.8414931512030774,RankSurprise
microPPN_L_4-6+,1,165949.27616,166748.44672,799.1705599999987,165949.27616,166748.44672,799.1705599999987,6,4.089588018200107,RankSurprise
microPPN_L_4-6+,1,171445.53472,171525.85728,80.32256000000052,171445.53472,171525.85728,80.32256000000052,3,4.273435235340324,RankSurprise
microPPN_L_4-6+,1,189909.03296,194343.89504,4434.862079999992,189909.03296,194343.89504,4434.862079999992,18,4.686260953935806,RankSurprise
microPPN_L_4-6+,1,246845.19424,247158.29248,313.0982399999921,246845.19424,247158.29248,313.0982399999921,4,3.842037767113311,RankSurprise
microPPN_L_4-6+,1,258215.936,258385.79712,169.86112000001594,258215.936,258385.79712,169.86112000001594,4,4.996192314803935,RankSurprise
microPPN_L_4-6+,1,263707.0336,264881.27488,1174.2412799999584,263707.0336,264881.27488,1174.2412799999584,9,5.750467184299854,RankSurprise
microPPN_L_4-6+,1,267893.26848,271307.1616,3413.8931199999643,267893.26848,271307.1616,3413.8931199999643,15,4.192979365044719,RankSurprise
microPPN_L_4-6+,1,368032.68608,368136.92928,104.24319999996806,368032.68608,368136.92928,104.24319999996806,3,3.9498547484754436,RankSurprise
microPPN_L_4-6+,1,377159.84384,377234.80064,74.95679999998538,377159.84384,377234.80064,74.95679999998538,3,4.478748966651933,RankSurprise
microPPN_L_4-6+,2,1156.95616,1249.8944,92.93823999999995,1156.95616,1249.8944,92.93823999999995,3,3.971811361985516,RankSurprise
microPPN_L_4-6+,2,18239.36512,19571.63008,1332.2649600000004,18239.36512,19571.63008,1332.2649600000004,12,7.071411310089619,RankSurprise
microPPN_L_4-6+,2,24262.69696,24490.22976,227.53279999999722,24262.69696,24490.22976,227.53279999999722,4,4.0114542944655724,RankSurprise
microPPN_L_4-6+,2,26349.19936,26611.63008,262.4307200000003,26349.19936,26611.63008,262.4307200000003,5,5.449718430834768,RankSurprise
microPPN_L_4-6+,2,48531.0464,49669.44768,1138.4012799999982,48531.0464,49669.44768,1138.4012799999982,8,3.538928472889151,RankSurprise
microPPN_L_4-6+,2,51716.17792,52688.6912,972.5132799999992,51716.17792,52688.6912,972.5132799999992,8,5.004066765720659,RankSurprise
microPPN_L_4-6+,2,56752.04608,57132.6464,380.60031999999774,56752.04608,57132.6464,380.60031999999774,5,4.101400828321108,RankSurprise
microPPN_L_4-6+,2,60624.73216,60882.24768,257.51552000000083,60624.73216,60882.24768,257.51552000000083,4,3.622215146873735,RankSurprise
microPPN_L_4-6+,2,76674.99008,76713.20576,38.21567999999388,76674.99008,76713.20576,38.21567999999388,3,5.658210315555744,RankSurprise
microPPN_L_4-6+,2,79035.14624,79100.35456,65.20832000000519,79035.14624,79100.35456,65.20832000000519,3,4.625047936298243,RankSurprise
microPPN_L_4-6+,2,80922.74688,82646.58944,1723.84255999999,80922.74688,82646.58944,1723.84255999999,11,4.108166216711706,RankSurprise
microPPN_L_4-6+,2,87610.85952,89516.4416,1905.5820800000074,87610.85952,89516.4416,1905.5820800000074,13,4.904175556975121,RankSurprise
microPPN_L_4-6+,2,93932.17536,94455.6032,523.4278400000039,93932.17536,94455.6032,523.4278400000039,7,6.164824771596462,RankSurprise
microPPN_L_4-6+,2,99513.71264,99531.61216,17.899520000006305,99513.71264,99531.61216,17.899520000006305,3,7.1179439761197205,RankSurprise
microPPN_L_4-6+,2,120452.5056,120657.05984,204.55423999999766,120452.5056,120657.05984,204.55423999999766,4,4.3049524134203665,RankSurprise
microPPN_L_4-6+,2,122516.6848,123020.77952,504.0947199999937,122516.6848,123020.77952,504.0947199999937,7,6.699450481719282,RankSurprise
microPPN_L_4-6+,2,133360.39424,133389.1072,28.712960000004387,133360.39424,133389.1072,28.712960000004387,3,6.144494830405617,RankSurprise
microPPN_L_4-6+,2,135050.4448,136379.06432,1328.6195200000075,135050.4448,136379.06432,1328.6195200000075,9,4.013199049671214,RankSurprise
microPPN_L_4-6+,2,149252.58752,149324.96384,72.37632000001031,149252.58752,149324.96384,72.37632000001031,3,4.428969393921074,RankSurprise
microPPN_L_4-6+,2,165287.7312,167830.97856,2543.2473599999794,165287.7312,167830.97856,2543.2473599999794,14,3.906304315353461,RankSurprise
microPPN_L_4-6+,2,169856.32768,172997.71392,3141.3862400000216,169856.32768,172997.71392,3141.3862400000216,18,5.454335549336393,RankSurprise
microPPN_L_4-6+,2,174012.66176,174099.8656,87.20384000000195,174012.66176,174099.8656,87.20384000000195,3,4.086493619963651,RankSurprise
microPPN_L_4-6+,2,179081.33888,179177.8816,96.54271999999764,179081.33888,179177.8816,96.54271999999764,3,3.8869493678760296,RankSurprise
microPPN_L_4-6+,2,181577.97376,182913.6384,1335.6646400000027,181577.97376,182913.6384,1335.6646400000027,11,6.211398127397057,RankSurprise
microPPN_L_4-6+,2,185342.5664,185365.66784,23.101439999998547,185342.5664,185365.66784,23.101439999998547,3,6.595422312590539,RankSurprise
microPPN_L_4-6+,2,191169.9456,192702.62784,1532.6822399999946,191169.9456,192702.62784,1532.6822399999946,12,5.672771082814937,RankSurprise
microPPN_L_4-6+,2,204584.09984,204694.65088,110.55103999999119,204584.09984,204694.65088,110.55103999999119,3,3.5896978444080982,RankSurprise
microPPN_L_4-6+,2,283322.32704,283582.42304,260.09600000001956,283322.32704,283582.42304,260.09600000001956,5,5.676607202400682,RankSurprise
microPPN_L_4-6+,2,319236.83328,319445.8112,208.9779199999757,319236.83328,319445.8112,208.9779199999757,4,4.182485824916842,RankSurprise
microPPN_L_4-6+,2,323649.20832,323722.07616,72.8678400000208,323649.20832,323722.07616,72.8678400000208,4,7.4307575343619945,RankSurprise
microPPN_L_4-6+,2,371346.80064,371905.61792,558.8172800000175,371346.80064,371905.61792,558.8172800000175,6,4.051443503474954,RankSurprise
microPPN_L_5-6+,3,852.33664,4416.26624,3563.9296,852.33664,4416.26624,3563.9296,19,9.09946719471995,RankSurprise
microPPN_L_5-6+,3,9044.25472,9299.72224,255.46751999999833,9044.25472,9299.72224,255.46751999999833,5,6.4934825705074495,RankSurprise
microPPN_L_5-6+,3,14246.99392,14283.85792,36.86399999999958,14246.99392,14283.85792,36.86399999999958,3,5.640487624283887,RankSurprise
microPPN_L_5-6+,3,18614.10816,19497.41056,883.3024000000005,18614.10816,19497.41056,883.3024000000005,9,8.241077558613702,RankSurprise
microPPN_L_5-6+,3,34798.10048,38431.82592,3633.725440000002,34798.10048,38431.82592,3633.725440000002,15,4.817314077362214,RankSurprise
microPPN_L_5-6+,3,53037.4656,54663.70048,1626.2348799999963,53037.4656,54663.70048,1626.2348799999963,12,8.006088653553265,RankSurprise
microPPN_L_5-6+,3,73246.26944,75910.67648,2664.407039999991,73246.26944,75910.67648,2664.407039999991,13,5.162524650544986,RankSurprise
microPPN_L_5-6+,3,81075.73248,81314.89792,239.16543999999703,81075.73248,81314.89792,239.16543999999703,7,10.570174786898725,RankSurprise
microPPN_L_5-6+,3,90186.752,90507.10016,320.34816000000865,90186.752,90507.10016,320.34816000000865,4,3.6946922660224786,RankSurprise
microPPN_L_5-6+,3,173309.25568,173355.2128,45.9571200000064,173309.25568,173355.2128,45.9571200000064,3,5.059457741844648,RankSurprise
microPPN_L_5-6+,3,180523.78624,180927.24224,403.4560000000056,180523.78624,180927.24224,403.4560000000056,5,4.828445185246768,RankSurprise
microPPN_L_5-6+,3,186693.46816,186977.36192,283.8937600000063,186693.46816,186977.36192,283.8937600000063,4,4.046705759854902,RankSurprise
microPPN_L_5-6+,3,200990.5152,201111.71584,121.20063999999547,200990.5152,201111.71584,121.20063999999547,3,3.785453057965034,RankSurprise
microPPN_L_5-6+,3,205685.67808,205874.9952,189.31711999999243,205685.67808,205874.9952,189.31711999999243,4,4.674269735844771,RankSurprise
microPPN_L_5-6+,3,267054.61248,267746.26304,691.65055999998,267054.61248,267746.26304,691.65055999998,6,4.656660230712152,RankSurprise
microPPN_L_5-6+,3,325980.3648,326026.24,45.8752000000095,325980.3648,326026.24,45.8752000000095,3,5.093359293520329,RankSurprise
microPPN_L_5-6+,3,344137.56416,344355.06176,217.49760000000242,344137.56416,344355.06176,217.49760000000242,4,4.659454650059629,RankSurprise
microPPN_L_5-6+,3,370182.9632,370308.66944,125.70624000002863,370182.9632,370308.66944,125.70624000002863,3,3.5194970796911793,RankSurprise
microPPN_L_5-6+,4,469.89312,745.39008,275.49696,469.89312,745.39008,275.49696,4,3.9506154103411433,RankSurprise
microPPN_L_5-6+,4,5569.9456,5681.5616,111.61599999999999,5569.9456,5681.5616,111.61599999999999,3,3.9251475741275765,RankSurprise
microPPN_L_5-6+,4,14223.03232,14369.75104,146.71871999999894,14223.03232,14369.75104,146.71871999999894,4,6.041617774422054,RankSurprise
microPPN_L_5-6+,4,17944.00256,21223.2192,3279.2166399999987,17944.00256,21223.2192,3279.2166399999987,15,4.236149554703898,RankSurprise
microPPN_L_5-6+,4,38884.27008,38973.44,89.16992000000027,38884.27008,38973.44,89.16992000000027,3,4.509941015560646,RankSurprise
microPPN_L_5-6+,4,42359.64416,47373.06624,5013.422079999997,42359.64416,47373.06624,5013.422079999997,21,5.1710917942813355,RankSurprise
microPPN_L_5-6+,4,52091.16672,52605.46048,514.2937600000005,52091.16672,52605.46048,514.2937600000005,7,8.09278784987194,RankSurprise
microPPN_L_5-6+,4,56439.35744,58141.696,1702.3385600000038,56439.35744,58141.696,1702.3385600000038,10,5.651133089598634,RankSurprise
microPPN_L_5-6+,4,60806.18496,61937.82784,1131.6428799999994,60806.18496,61937.82784,1131.6428799999994,11,8.917743335884447,RankSurprise
microPPN_L_5-6+,4,68353.26976,68396.032,42.762240000010934,68353.26976,68396.032,42.762240000010934,3,6.361692395416677,RankSurprise
microPPN_L_5-6+,4,69079.73632,69652.15232,572.4159999999974,69079.73632,69652.15232,572.4159999999974,5,3.953891220149167,RankSurprise
microPPN_L_5-6+,4,134768.0256,134866.41152,98.38592000000062,134768.0256,134866.41152,98.38592000000062,3,4.272969462639145,RankSurprise
microPPN_L_5-6+,4,139517.09184,139676.54912,159.45728000000236,139517.09184,139676.54912,159.45728000000236,4,5.652570785952149,RankSurprise
microPPN_L_5-6+,4,167589.23264,168544.95232,955.7196800000092,167589.23264,168544.95232,955.7196800000092,8,6.063912453788437,RankSurprise
microPPN_L_5-6+,4,178339.06176,178457.27232,118.2105599999777,178339.06176,178457.27232,118.2105599999777,3,3.8514049355967988,RankSurprise
microPPN_L_5-6+,4,192123.4944,193041.69472,918.2003200000036,192123.4944,193041.69472,918.2003200000036,7,4.414319597153377,RankSurprise
microPPN_L_5-6+,4,234420.46976,234763.91936,343.44959999999264,234420.46976,234763.91936,343.44959999999264,4,3.5328256396446953,RankSurprise
microPPN_L_5-6+,4,255731.75296,255827.7632,96.01023999997415,255731.75296,255827.7632,96.01023999997415,4,7.424152942707167,RankSurprise
microPPN_L_5-6+,4,263343.80032,265370.70592,2026.9055999999982,263343.80032,265370.70592,2026.9055999999982,10,4.127978588941645,RankSurprise
microPPN_L_5-6+,4,340443.70944,340945.46944,501.7600000000093,340443.70944,340945.46944,501.7600000000093,5,3.99029671273491,RankSurprise
microPPN_L_7-8+,1,11951.47264,16269.9264,4318.45376,11951.47264,16269.9264,4318.45376,11,4.820340083392704,RankSurprise
microPPN_L_7-8+,1,64059.35104,65226.42432,1167.0732799999969,64059.35104,65226.42432,1167.0732799999969,5,3.835070216897879,RankSurprise
microPPN_L_7-8+,1,132411.8016,134551.51104,2139.709440000006,132411.8016,134551.51104,2139.709440000006,7,3.8202083418881756,RankSurprise
microPPN_L_7-8+,1,155963.43296,156860.49792,897.0649599999888,155963.43296,156860.49792,897.0649599999888,5,5.045127672654107,RankSurprise
microPPN_L_7-8+,1,203822.73536,204031.87712,209.1417599999986,203822.73536,204031.87712,209.1417599999986,3,4.601452926122516,RankSurprise
microPPN_L_7-8+,1,207039.97952,212105.58464,5065.605119999993,207039.97952,212105.58464,5065.605119999993,12,4.988348261721528,RankSurprise
microPPN_L_7-8+,1,346257.8176,347195.43296,937.6153599999961,346257.8176,347195.43296,937.6153599999961,5,4.7449775269756564,RankSurprise
microPPN_L_7-8+,1,351327.31392,351604.08064,276.7667200000142,351327.31392,351604.08064,276.7667200000142,3,4.07843971716464,RankSurprise
microPPN_L_7-8+,1,370672.47616,376326.43072,5653.954559999984,370672.47616,376326.43072,5653.954559999984,13,3.7761118580053545,RankSurprise
microPPN_L_9-10+,1,12225.00352,12304.50688,79.50336000000061,12225.00352,12304.50688,79.50336000000061,4,7.964620075609048,RankSurprise
microPPN_L_9-10+,1,16538.8288,17822.55616,1283.7273600000008,16538.8288,17822.55616,1283.7273600000008,7,4.593319279399668,RankSurprise
microPPN_L_9-10+,1,87945.09312,88346.70592,401.61279999998806,87945.09312,88346.70592,401.61279999998806,4,3.9216542856744567,RankSurprise
microPPN_L_9-10+,1,90372.5056,90409.7792,37.27360000000044,90372.5056,90409.7792,37.27360000000044,3,6.068425588244111,RankSurprise
microPPN_L_9-10+,1,99711.05792,100778.76224,1067.7043199999898,99711.05792,100778.76224,1067.7043199999898,8,6.6590930919575,RankSurprise
microPPN_L_9-10+,1,178612.55168,181693.0304,3080.4787199999846,178612.55168,181693.0304,3080.4787199999846,10,3.570970535763852,RankSurprise
microPPN_L_9-10+,1,207218.0736,208347.87328,1129.7996799999964,207218.0736,208347.87328,1129.7996799999964,8,6.511874566597836,RankSurprise
microPPN_L_9-10+,1,226616.60672,226773.6064,156.99967999997898,226616.60672,226773.6064,156.99967999997898,3,3.7138807563193534,RankSurprise
microPPN_L_9-10+,1,250742.12864,251478.17984,736.0511999999871,250742.12864,251478.17984,736.0511999999871,5,4.306655314789534,RankSurprise
microPPN_L_9-10+,1,256763.00288,257369.66144,606.6585600000108,256763.00288,257369.66144,606.6585600000108,8,10.038889595771138,RankSurprise
microPPN_L_9-10+,1,265498.33728,265639.03488,140.69760000001406,265498.33728,265639.03488,140.69760000001406,3,3.870830709107695,RankSurprise
microPPN_L_9-10+,1,342218.83392,343584.1536,1365.319680000015,342218.83392,343584.1536,1365.319680000015,6,4.100976979658246,RankSurprise
microPPN_L_9-10+,1,353448.22272,353533.87008,85.64736000000266,353448.22272,353533.87008,85.64736000000266,3,4.874503119771676,RankSurprise
microPPN_R_1-2+,0,83096.33024,83304.73472,208.40447999999742,83096.33024,83304.73472,208.40447999999742,7,5.303901196775765,RankSurprise
microPPN_R_1-2+,0,91426.32448,92259.69664,833.372159999999,91426.32448,92259.69664,833.372159999999,14,5.940296277309875,RankSurprise
microPPN_R_1-2+,0,94191.77984,94252.31872,60.53887999999279,94191.77984,94252.31872,60.53887999999279,4,4.8559796708450484,RankSurprise
microPPN_R_1-2+,0,95217.2544,95780.16768,562.9132799999934,95217.2544,95780.16768,562.9132799999934,9,3.637751024970429,RankSurprise
microPPN_R_1-2+,0,98431.63136,98673.29536,241.6640000000043,98431.63136,98673.29536,241.6640000000043,8,6.695466782362383,RankSurprise
microPPN_R_1-2+,0,99834.96192,99865.31328,30.351360000000568,99834.96192,99865.31328,30.351360000000568,3,3.7504011870504623,RankSurprise
microPPN_R_1-2+,0,133710.6432,133736.57088,25.92768000002252,133710.6432,133736.57088,25.92768000002252,3,3.944625177065557,RankSurprise
microPPN_R_1-2+,0,179993.92768,181017.55904,1023.6313599999994,179993.92768,181017.55904,1023.6313599999994,17,6.28140167505826,RankSurprise
microPPN_R_1-2+,0,189763.01056,189999.22688,236.21632000000682,189763.01056,189999.22688,236.21632000000682,7,4.9275222519604815,RankSurprise
microPPN_R_1-2+,0,207588.51584,208330.17856,741.662719999993,207588.51584,208330.17856,741.662719999993,14,6.399709654904957,RankSurprise
microPPN_R_1-2+,0,211469.5168,211564.01152,94.49471999998786,211469.5168,211564.01152,94.49471999998786,4,3.5752578489229023,RankSurprise
microPPN_R_1-2+,0,211940.88448,217489.48992,5548.605439999985,211940.88448,217489.48992,5548.605439999985,75,19.967662394155717,RankSurprise
microPPN_R_1-2+,0,219879.50592,220710.13376,830.627840000001,219879.50592,220710.13376,830.627840000001,12,4.3210780415495424,RankSurprise
microPPN_R_1-2+,0,223955.51744,224001.8432,46.325760000006994,223955.51744,224001.8432,46.325760000006994,4,5.220963848556316,RankSurprise
microPPN_R_1-2+,0,225497.9072,225529.69216,31.784960000019055,225497.9072,225529.69216,31.784960000019055,4,6.219920913632237,RankSurprise
microPPN_R_1-2+,0,232350.14656,233404.2112,1054.0646399999969,232350.14656,233404.2112,1054.0646399999969,16,5.660199349557249,RankSurprise
microPPN_R_1-2+,0,235549.57312,235681.25952,131.68640000000596,235549.57312,235681.25952,131.68640000000596,8,9.806121188905706,RankSurprise
microPPN_R_1-2+,0,251202.31424,253821.37856,2619.064320000005,251202.31424,253821.37856,2619.064320000005,34,9.891643939052242,RankSurprise
microPPN_R_1-2+,0,255322.80832,258515.39456,3192.586239999975,255322.80832,258515.39456,3192.586239999975,39,9.915758324974894,RankSurprise
microPPN_R_1-2+,0,258897.92,259421.67552,523.755519999977,258897.92,259421.67552,523.755519999977,10,5.090394872510082,RankSurprise
microPPN_R_1-2+,0,309604.88448,309780.19328,175.30879999999888,309604.88448,309780.19328,175.30879999999888,6,4.837918678929107,RankSurprise
microPPN_R_1-2+,0,344856.1664,344864.93184,8.765439999988303,344856.1664,344864.93184,8.765439999988303,3,5.514783115331216,RankSurprise
microPPN_R_1-2+,0,354060.41088,354079.90784,19.49696000001859,354060.41088,354079.90784,19.49696000001859,3,4.503069976504872,RankSurprise
microPPN_R_1-3+,0,12983.54176,13869.34272,885.8009600000005,12983.54176,13869.34272,885.8009600000005,11,6.365977049608871,RankSurprise
microPPN_R_1-3+,0,82915.20512,83304.77568,389.5705600000074,82915.20512,83304.77568,389.5705600000074,7,5.429168677460572,RankSurprise
microPPN_R_1-3+,0,86130.85184,86289.24416,158.39231999999902,86130.85184,86289.24416,158.39231999999902,5,5.654516666031178,RankSurprise
microPPN_R_1-3+,0,91605.03296,91752.40704,147.3740800000087,91605.03296,91752.40704,147.3740800000087,4,3.8371315517862,RankSurprise
microPPN_R_1-3+,0,94104.04352,94334.85312,230.80959999999322,94104.04352,94334.85312,230.80959999999322,5,4.283355237678265,RankSurprise
microPPN_R_1-3+,0,98034.97472,98988.89216,953.9174400000047,98034.97472,98988.89216,953.9174400000047,13,8.67628704767892,RankSurprise
microPPN_R_1-3+,0,180191.0272,181450.50624,1259.4790399999765,180191.0272,181450.50624,1259.4790399999765,17,10.332122421341042,RankSurprise
microPPN_R_1-3+,0,187410.6368,192447.0784,5036.441599999991,187410.6368,192447.0784,5036.441599999991,35,6.437026573713181,RankSurprise
microPPN_R_1-3+,0,201136.49664,201164.92288,28.42624000000069,201136.49664,201164.92288,28.42624000000069,3,5.315028921087819,RankSurprise
microPPN_R_1-3+,0,203063.9104,207161.9584,4098.04800000001,203063.9104,207161.9584,4098.04800000001,31,7.5932618373758185,RankSurprise
microPPN_R_1-3+,0,216846.70464,216849.89952,3.1948799999954645,216846.70464,216849.89952,3.1948799999954645,3,8.598443267093593,RankSurprise
microPPN_R_1-3+,0,216849.89952,217344.94208,495.0425600000017,216849.89952,217344.94208,495.0425600000017,7,4.241232824421104,RankSurprise
microPPN_R_1-3+,0,225463.86944,226672.06656,1208.197119999997,225463.86944,226672.06656,1208.197119999997,15,7.786477577362286,RankSurprise
microPPN_R_1-3+,0,228818.90304,229397.62688,578.7238399999915,228818.90304,229397.62688,578.7238399999915,8,5.52141300380743,RankSurprise
microPPN_R_1-3+,0,232764.94848,232984.94464,219.9961600000097,232764.94848,232984.94464,219.9961600000097,7,8.437650000212884,RankSurprise
microPPN_R_1-3+,0,239931.31008,239933.27616,1.9660800000128802,239931.31008,239933.27616,1.9660800000128802,3,9.933444333825932,RankSurprise
microPPN_R_1-3+,0,243483.2384,243714.58048,231.34208000000217,243483.2384,243714.58048,231.34208000000217,5,4.218180529526133,RankSurprise
microPPN_R_1-3+,0,248880.90624,249000.96,120.05375999998068,248880.90624,249000.96,120.05375999998068,4,4.4652688191688945,RankSurprise
microPPN_R_1-3+,0,250983.58784,252041.70752,1058.1196800000034,250983.58784,252041.70752,1058.1196800000034,15,9.531352103070232,RankSurprise
microPPN_R_1-3+,0,253546.0864,253738.63936,192.5529600000009,253546.0864,253738.63936,192.5529600000009,6,6.791519236351434,RankSurprise
microPPN_R_1-3+,0,255521.1776,256274.14528,752.9676800000016,255521.1776,256274.14528,752.9676800000016,13,9.852806402934135,RankSurprise
microPPN_R_1-3+,0,258658.46784,259477.79072,819.3228799999924,258658.46784,259477.79072,819.3228799999924,9,4.228117406299204,RankSurprise
microPPN_R_1-3+,0,262482.41152,262754.9184,272.5068800000008,262482.41152,262754.9184,272.5068800000008,5,3.6655780808575074,RankSurprise
microPPN_R_1-3+,0,309577.15456,309780.23424,203.07968000002438,309577.15456,309780.23424,203.07968000002438,5,4.668157741285292,RankSurprise
microPPN_R_1-3+,0,320484.27008,320622.51008,138.2399999999907,320484.27008,320622.51008,138.2399999999907,4,4.067522602523159,RankSurprise
microPPN_R_1-3+,0,344730.624,346235.12576,1504.5017600000137,344730.624,346235.12576,1504.5017600000137,14,5.705176366220001,RankSurprise
microPPN_R_1-3+,0,361344.6144,362116.87424,772.2598399999551,361344.6144,362116.87424,772.2598399999551,12,7.81934128878568,RankSurprise
microPPN_R_1-3+,4,31034.9824,31166.79168,131.80927999999767,31034.9824,31166.79168,131.80927999999767,3,4.053522567701846,RankSurprise
microPPN_R_1-3+,4,99598.29504,100351.42656,753.1315200000099,99598.29504,100351.42656,753.1315200000099,8,8.444681424776647,RankSurprise
microPPN_R_1-3+,4,136485.2736,136754.9952,269.72160000001895,136485.2736,136754.9952,269.72160000001895,4,4.625179727217297,RankSurprise
microPPN_R_1-3+,4,199358.17728,200775.39328,1417.2159999999858,199358.17728,200775.39328,1417.2159999999858,7,4.808174190575256,RankSurprise
microPPN_R_1-3+,4,212796.90752,212953.62048,156.7129600000044,212796.90752,212953.62048,156.7129600000044,4,6.211778719167134,RankSurprise
microPPN_R_1-3+,4,222800.19968,223397.23264,597.0329600000114,222800.19968,223397.23264,597.0329600000114,7,7.71506103302854,RankSurprise
microPPN_R_1-3+,4,229547.17184,230777.36448,1230.1926399999938,229547.17184,230777.36448,1230.1926399999938,7,4.104907675846932,RankSurprise
microPPN_R_1-3+,4,233908.67456,239305.89184,5397.217279999983,233908.67456,239305.89184,5397.217279999983,20,6.4456705311607925,RankSurprise
microPPN_R_1-3+,4,248106.84416,259187.42528,11080.581119999988,248106.84416,259187.42528,11080.581119999988,43,15.68803116541356,RankSurprise
microPPN_R_1-3+,4,330452.41856,330778.99264,326.5740799999912,330452.41856,330778.99264,326.5740799999912,4,4.087146261952068,RankSurprise
microPPN_R_2-3+,3,35431.46496,35488.11264,56.647680000001856,35431.46496,35488.11264,56.647680000001856,3,4.192363957970775,RankSurprise
microPPN_R_2-3+,3,53773.35296,54011.65824,238.3052800000005,53773.35296,54011.65824,238.3052800000005,5,4.792392860206903,RankSurprise
microPPN_R_2-3+,3,81153.024,81384.52992,231.50591999999597,81153.024,81384.52992,231.50591999999597,7,8.79172394079103,RankSurprise
microPPN_R_2-3+,3,83277.45536,83399.22944,121.77407999998832,83277.45536,83399.22944,121.77407999998832,4,4.860671670887356,RankSurprise
microPPN_R_2-3+,3,90985.63584,92479.85664,1494.2207999999955,90985.63584,92479.85664,1494.2207999999955,12,4.238088700666142,RankSurprise
microPPN_R_2-3+,3,114428.80512,114498.9696,70.16447999999218,114428.80512,114498.9696,70.16447999999218,3,3.830816310219408,RankSurprise
microPPN_R_2-3+,3,125601.792,126941.02016,1339.2281599999988,125601.792,126941.02016,1339.2281599999988,13,6.4060087539027055,RankSurprise
microPPN_R_2-3+,3,150916.83328,150921.33888,4.505600000004051,150916.83328,150921.33888,4.505600000004051,4,13.797911861477406,RankSurprise
microPPN_R_2-3+,3,162559.01696,162606.40768,47.39071999999578,162559.01696,162606.40768,47.39071999999578,3,4.514130047202292,RankSurprise
microPPN_R_2-3+,3,179000.27904,179185.33632,185.05728000000818,179000.27904,179185.33632,185.05728000000818,6,7.679303648408943,RankSurprise
microPPN_R_2-3+,3,179791.50336,181450.42432,1658.9209599999886,179791.50336,181450.42432,1658.9209599999886,13,4.254906111721732,RankSurprise
microPPN_R_2-3+,3,192617.59488,193044.76672,427.17184000002453,192617.59488,193044.76672,427.17184000002453,6,4.349770060432827,RankSurprise
microPPN_R_2-3+,3,201076.1216,201975.6032,899.4815999999992,201076.1216,201975.6032,899.4815999999992,9,4.705315614102469,RankSurprise
microPPN_R_2-3+,3,204135.54688,208242.85184,4107.3049599999795,204135.54688,208242.85184,4107.3049599999795,33,9.500037162969152,RankSurprise
microPPN_R_2-3+,3,216660.21376,216715.14112,54.927359999972396,216660.21376,216715.14112,54.927359999972396,3,4.242523819812348,RankSurprise
microPPN_R_2-3+,3,222238.9248,223417.26208,1178.337279999978,222238.9248,223417.26208,1178.337279999978,10,4.35195294982432,RankSurprise
microPPN_R_2-3+,3,226491.392,227313.21344,821.8214399999997,226491.392,227313.21344,821.8214399999997,8,3.5859605231359843,RankSurprise
microPPN_R_2-3+,3,228411.84256,228876.04224,464.1996800000197,228411.84256,228876.04224,464.1996800000197,6,3.7914725846733015,RankSurprise
microPPN_R_2-3+,3,232087.9616,234711.90016,2623.9385599999805,232087.9616,234711.90016,2623.9385599999805,24,10.303247391107696,RankSurprise
microPPN_R_2-3+,3,236772.59776,238420.21376,1647.616000000009,236772.59776,238420.21376,1647.616000000009,13,3.87270575528664,RankSurprise
microPPN_R_2-3+,3,250073.62048,262472.58112,12398.960639999976,250073.62048,262472.58112,12398.960639999976,89,18.863854025404304,RankSurprise
microPPN_R_2-3+,3,263182.5408,263250.20672,67.66591999999946,263182.5408,263250.20672,67.66591999999946,3,3.9369427477372145,RankSurprise
microPPN_R_2-3+,3,309577.64608,309622.08768,44.44160000002012,309577.64608,309622.08768,44.44160000002012,3,4.649521989906333,RankSurprise
microPPN_R_2-3+,3,323667.68128,323670.6304,2.9491200000047684,323667.68128,323670.6304,2.9491200000047684,3,9.157357971110827,RankSurprise
microPPN_R_2-3+,3,334005.41184,334322.85184,317.4400000000023,334005.41184,334322.85184,317.4400000000023,5,3.7436770388870606,RankSurprise
microPPN_R_2-3+,3,344864.27648,344950.3744,86.09791999997105,344864.27648,344950.3744,86.09791999997105,3,3.5070690117517778,RankSurprise
microPPN_R_2-3+,3,353572.49536,353647.16544,74.67008000001078,353572.49536,353647.16544,74.67008000001078,3,3.681492326521493,RankSurprise
microPPN_R_2-3+,3,354068.0704,354080.80896,12.738559999968857,354068.0704,354080.80896,12.738559999968857,6,18.010910017002427,RankSurprise
microPPN_R_4-5+,0,97.81248,912.01536,814.20288,97.81248,912.01536,814.20288,8,4.778151151823336,RankSurprise
microPPN_R_4-5+,0,18216.71424,21637.12,3420.405759999998,18216.71424,21637.12,3420.405759999998,22,7.030500853297338,RankSurprise
microPPN_R_4-5+,0,28589.58848,30175.06816,1585.4796800000004,28589.58848,30175.06816,1585.4796800000004,13,5.502475330425758,RankSurprise
microPPN_R_4-5+,0,33087.8976,33246.08512,158.18752000000677,33087.8976,33246.08512,158.18752000000677,5,6.118140463005837,RankSurprise
microPPN_R_4-5+,0,42029.71136,43389.05088,1359.3395200000014,42029.71136,43389.05088,1359.3395200000014,11,4.429678390754309,RankSurprise
microPPN_R_4-5+,0,51148.34944,51860.02944,711.6800000000003,51148.34944,51860.02944,711.6800000000003,10,7.549434248611795,RankSurprise
microPPN_R_4-5+,0,55230.99648,55323.11552,92.11903999999777,55230.99648,55323.11552,92.11903999999777,5,7.644617819876046,RankSurprise
microPPN_R_4-5+,0,61335.71584,61619.73248,284.01664000000164,61335.71584,61619.73248,284.01664000000164,6,5.746959622947152,RankSurprise
microPPN_R_4-5+,0,82438.144,82442.40384,4.259839999998803,82438.144,82442.40384,4.259839999998803,4,14.77817865463802,RankSurprise
microPPN_R_4-5+,0,84276.14208,85186.72384,910.5817600000009,84276.14208,85186.72384,910.5817600000009,16,13.88044907425658,RankSurprise
microPPN_R_4-5+,0,86438.62528,86573.95712,135.33184000001347,86438.62528,86573.95712,135.33184000001347,5,6.623214730577271,RankSurprise
microPPN_R_4-5+,0,99018.87488,99950.91968,932.0448000000033,99018.87488,99950.91968,932.0448000000033,10,6.628157143916204,RankSurprise
microPPN_R_4-5+,0,124111.70816,124572.30336,460.59520000001066,124111.70816,124572.30336,460.59520000001066,6,4.10844602145708,RankSurprise
microPPN_R_4-5+,0,161381.21216,162844.99968,1463.7875200000126,161381.21216,162844.99968,1463.7875200000126,10,3.6400597765592893,RankSurprise
microPPN_R_4-5+,0,176798.39232,177108.25472,309.8623999999836,176798.39232,177108.25472,309.8623999999836,7,7.210551431854292,RankSurprise
microPPN_R_4-5+,0,178072.90368,178332.95872,260.05504000000656,178072.90368,178332.95872,260.05504000000656,6,5.9264251939575345,RankSurprise
microPPN_R_4-5+,0,182343.0656,182392.87296,49.807360000006156,182343.0656,182392.87296,49.807360000006156,3,4.146115354529671,RankSurprise
microPPN_R_4-5+,0,192802.52928,192851.68128,49.15200000000186,192802.52928,192851.68128,49.15200000000186,4,7.050349901523553,RankSurprise
microPPN_R_4-5+,0,194605.50656,195148.43136,542.9247999999789,194605.50656,195148.43136,542.9247999999789,6,3.8121518258316893,RankSurprise
microPPN_R_4-5+,0,205690.4704,207261.57312,1571.1027199999953,205690.4704,207261.57312,1571.1027199999953,10,3.529650498992006,RankSurprise
microPPN_R_4-5+,0,233248.03072,233552.6912,304.66047999999137,233248.03072,233552.6912,304.66047999999137,5,3.8725771628238768,RankSurprise
microPPN_R_4-5+,0,259945.14432,260525.91616,580.7718400000012,259945.14432,260525.91616,580.7718400000012,7,5.576712078220652,RankSurprise
microPPN_R_4-5+,0,292124.91776,292175.29856,50.380800000042655,292124.91776,292175.29856,50.380800000042655,4,6.982419891155562,RankSurprise
microPPN_R_4-5+,0,323851.14112,324036.73088,185.58976000000257,323851.14112,324036.73088,185.58976000000257,4,3.769767458867136,RankSurprise
microPPN_R_4-6+,3,13035.19232,13117.72672,82.53440000000046,13035.19232,13117.72672,82.53440000000046,4,4.71737750280905,RankSurprise
microPPN_R_4-6+,3,16493.89568,17329.52064,835.6249599999974,16493.89568,17329.52064,835.6249599999974,11,4.549893645966965,RankSurprise
microPPN_R_4-6+,3,28293.81632,28383.80544,89.98911999999837,28293.81632,28383.80544,89.98911999999837,4,4.471337357121687,RankSurprise
microPPN_R_4-6+,3,55140.59776,55317.66784,177.07008000000496,55140.59776,55317.66784,177.07008000000496,7,7.980694925281789,RankSurprise
microPPN_R_4-6+,3,73152.06144,73175.40864,23.347199999989243,73152.06144,73175.40864,23.347199999989243,4,8.212004873934228,RankSurprise
microPPN_R_4-6+,3,77324.36992,77330.51392,6.144000000000233,77324.36992,77330.51392,6.144000000000233,3,7.639344945113128,RankSurprise
microPPN_R_4-6+,3,83167.72352,85510.88128,2343.157760000002,83167.72352,85510.88128,2343.157760000002,45,26.26920083936759,RankSurprise
microPPN_R_4-6+,3,86196.26496,86793.0112,596.7462399999931,86196.26496,86793.0112,596.7462399999931,13,10.02932152333305,RankSurprise
microPPN_R_4-6+,3,87984.5376,88428.21632,443.6787200000108,87984.5376,88428.21632,443.6787200000108,7,3.6232189048828918,RankSurprise
microPPN_R_4-6+,3,95270.54336,95962.19392,691.6505600000091,95270.54336,95962.19392,691.6505600000091,10,4.914351683193716,RankSurprise
microPPN_R_4-6+,3,99220.0704,99481.8048,261.7344000000012,99220.0704,99481.8048,261.7344000000012,7,6.713709714191133,RankSurprise
microPPN_R_4-6+,3,119882.83392,119927.88992,45.05599999999686,119882.83392,119927.88992,45.05599999999686,3,3.877674174730217,RankSurprise
microPPN_R_4-6+,3,131536.73216,131577.32352,40.591359999991255,131536.73216,131577.32352,40.591359999991255,3,3.966758091321818,RankSurprise
microPPN_R_4-6+,3,161332.06016,162844.99968,1512.9395200000145,161332.06016,162844.99968,1512.9395200000145,23,13.37463045970724,RankSurprise
microPPN_R_4-6+,3,166352.97792,166869.68832,516.7103999999817,166352.97792,166869.68832,516.7103999999817,8,3.8395233459903553,RankSurprise
microPPN_R_4-6+,3,167955.08736,168002.43712,47.34975999998278,167955.08736,168002.43712,47.34975999998278,3,3.6888541310911833,RankSurprise
microPPN_R_4-6+,3,175133.32736,175175.31136,41.98399999999674,175133.32736,175175.31136,41.98399999999674,3,3.966758091321818,RankSurprise
microPPN_R_4-6+,3,178072.94464,178598.5024,525.557759999996,178072.94464,178598.5024,525.557759999996,11,7.7980669104329685,RankSurprise
microPPN_R_4-6+,3,180826.64448,181185.37216,358.7276800000109,180826.64448,181185.37216,358.7276800000109,13,14.19179342017478,RankSurprise
microPPN_R_4-6+,3,187256.99584,187305.20576,48.209920000022976,187256.99584,187305.20576,48.209920000022976,3,3.76974778378721,RankSurprise
microPPN_R_4-6+,3,188800.04096,189557.80096,757.7599999999802,188800.04096,189557.80096,757.7599999999802,12,7.018247290450148,RankSurprise
microPPN_R_4-6+,3,192302.6944,192839.4752,536.7807999999786,192302.6944,192839.4752,536.7807999999786,8,4.361902126314553,RankSurprise
microPPN_R_4-6+,3,202582.4256,203905.55648,1323.1308800000115,202582.4256,203905.55648,1323.1308800000115,13,4.037644172708589,RankSurprise
microPPN_R_4-6+,3,206829.19936,206984.51968,155.3203199999989,206829.19936,206984.51968,155.3203199999989,6,6.715100215001549,RankSurprise
microPPN_R_4-6+,3,211036.32384,213228.58496,2192.26112000001,211036.32384,213228.58496,2192.26112000001,30,15.188592939868327,RankSurprise
microPPN_R_4-6+,3,215184.87552,215298.8672,113.99168000000645,215184.87552,215298.8672,113.99168000000645,4,3.8495254356359467,RankSurprise
microPPN_R_4-6+,3,217870.41792,217959.0144,88.59647999997833,217870.41792,217959.0144,88.59647999997833,4,4.477248704384742,RankSurprise
microPPN_R_4-6+,3,251568.00512,251753.6768,185.67167999999947,251568.00512,251753.6768,185.67167999999947,5,3.960555442737018,RankSurprise
microPPN_R_4-6+,3,255255.71584,255582.65856,326.9427200000209,255255.71584,255582.65856,326.9427200000209,7,4.840805902112701,RankSurprise
microPPN_R_4-6+,3,259354.99264,259376.70144,21.70879999999306,259354.99264,259376.70144,21.70879999999306,4,8.5144294508326,RankSurprise
microPPN_R_4-6+,3,261372.06784,262118.56384,746.4959999999846,261372.06784,262118.56384,746.4959999999846,20,18.943220456690817,RankSurprise
microPPN_R_4-6+,3,263110.4512,263302.79936,192.3481599999941,263110.4512,263302.79936,192.3481599999941,6,5.646999425467406,RankSurprise
microPPN_R_4-6+,3,284366.47936,284399.37024,32.89088000002084,284366.47936,284399.37024,32.89088000002084,3,4.369021991536636,RankSurprise
microPPN_R_4-6+,3,312298.7008,312322.53952,23.83871999999974,312298.7008,312322.53952,23.83871999999974,3,4.980152386840249,RankSurprise
microPPN_R_4-6+,3,317196.61568,317273.2928,76.67712000000756,317196.61568,317273.2928,76.67712000000756,4,5.241355463884219,RankSurprise
microPPN_R_4-6+,3,321726.2592,321768.69376,42.43456000002334,321726.2592,321768.69376,42.43456000002334,3,4.059995731524172,RankSurprise
microPPN_R_4-6+,3,353666.29376,354272.95232,606.6585600000108,353666.29376,354272.95232,606.6585600000108,8,3.9771775255071753,RankSurprise
microPPN_R_4-6+,3,372023.54176,372787.4048,763.8630400000256,372023.54176,372787.4048,763.8630400000256,10,3.6664174753391676,RankSurprise
microPPN_R_4-6+,3,373309.35808,373406.02368,96.66560000000754,373309.35808,373406.02368,96.66560000000754,4,4.344150365195468,RankSurprise
microVoSTN_L_1-2+,1,431.67744,806.83008,375.15263999999996,431.67744,806.83008,375.15263999999996,12,7.459577382726949,RankSurprise
microVoSTN_L_1-2+,1,3823.616,3849.09312,25.477120000000014,3823.616,3849.09312,25.477120000000014,3,4.129304976608072,RankSurprise
microVoSTN_L_1-2+,1,4398.12096,4533.73952,135.6185599999999,4398.12096,4533.73952,135.6185599999999,5,3.600204441256377,RankSurprise
microVoSTN_L_1-2+,1,5356.9536,5425.23392,68.28031999999985,5356.9536,5425.23392,68.28031999999985,4,4.095640185499192,RankSurprise
microVoSTN_L_1-2+,1,20828.5696,20878.90944,50.33984000000055,20828.5696,20878.90944,50.33984000000055,4,4.93389695728559,RankSurprise
microVoSTN_L_1-2+,1,23830.3232,23892.21376,61.89055999999982,23830.3232,23892.21376,61.89055999999982,6,9.532899808492239,RankSurprise
microVoSTN_L_1-2+,1,32589.78304,32675.18464,85.40160000000105,32589.78304,32675.18464,85.40160000000105,5,5.184622319861269,RankSurprise
microVoSTN_L_1-2+,1,37232.8448,37843.39456,610.5497600000017,37232.8448,37843.39456,610.5497600000017,13,4.719438997342912,RankSurprise
microVoSTN_L_1-2+,1,39323.4432,39523.328,199.8847999999998,39323.4432,39523.328,199.8847999999998,6,3.7159137249243663,RankSurprise
microVoSTN_L_1-2+,1,47328.01024,47389.12256,61.11232000000018,47328.01024,47389.12256,61.11232000000018,4,4.433258263637111,RankSurprise
microVoSTN_L_1-2+,1,47640.7808,47653.35552,12.574719999996887,47640.7808,47653.35552,12.574719999996887,3,5.798905681080852,RankSurprise
microVoSTN_L_1-2+,1,48971.40736,49671.45472,700.0473600000041,48971.40736,49671.45472,700.0473600000041,17,9.596032231636537,RankSurprise
microVoSTN_L_1-2+,1,63509.54496,63616.94208,107.39712000000145,63509.54496,63616.94208,107.39712000000145,7,8.564965055041576,RankSurprise
microVoSTN_L_1-2+,1,68541.8496,68574.86336,33.01376000000164,68541.8496,68574.86336,33.01376000000164,5,9.411636996326198,RankSurprise
microVoSTN_L_1-2+,1,72674.0992,73138.91328,464.81407999999647,72674.0992,73138.91328,464.81407999999647,14,8.933091345594338,RankSurprise
microVoSTN_L_1-2+,1,73751.51104,74229.47328,477.962240000008,73751.51104,74229.47328,477.962240000008,11,4.711976585498607,RankSurprise
microVoSTN_L_1-2+,1,78390.80448,78560.0512,169.24671999999555,78390.80448,78560.0512,169.24671999999555,6,4.262531439736306,RankSurprise
microVoSTN_L_1-2+,1,79353.4464,79734.08768,380.6412799999962,79353.4464,79734.08768,380.6412799999962,12,7.507384591487993,RankSurprise
microVoSTN_L_1-2+,1,82169.2416,82196.35712,27.115520000006654,82169.2416,82196.35712,27.115520000006654,3,4.008708568972745,RankSurprise
microVoSTN_L_1-2+,1,89193.84064,89257.53344,63.692800000004354,89193.84064,89257.53344,63.692800000004354,6,9.306616392573908,RankSurprise
microVoSTN_L_1-2+,1,90541.42464,90559.32416,17.899520000006305,90541.42464,90559.32416,17.899520000006305,3,5.041538907786613,RankSurprise
microVoSTN_L_1-2+,1,105151.2832,107036.4672,1885.1839999999938,105151.2832,107036.4672,1885.1839999999938,28,4.081005961894134,RankSurprise
microVoSTN_L_1-2+,1,114634.87488,114665.10336,30.228479999990668,114634.87488,114665.10336,30.228479999990668,3,3.8792395829530406,RankSurprise
microVoSTN_L_1-2+,1,115964.88704,116223.63136,258.74431999999797,115964.88704,116223.63136,258.74431999999797,13,13.345519696484768,RankSurprise
microVoSTN_L_1-2+,1,117143.26528,117245.99296,102.72767999999633,117143.26528,117245.99296,102.72767999999633,6,6.641628754834329,RankSurprise
microVoSTN_L_1-2+,1,117874.15552,117926.01088,51.85536000000138,117874.15552,117926.01088,51.85536000000138,4,4.752223258696109,RankSurprise
microVoSTN_L_1-2+,1,118698.06592,118764.544,66.47808000000077,118698.06592,118764.544,66.47808000000077,5,6.275729989079597,RankSurprise
microVoSTN_L_1-2+,1,122150.33856,122562.27328,411.9347199999902,122150.33856,122562.27328,411.9347199999902,11,5.34594367203645,RankSurprise
microVoSTN_L_1-2+,1,142495.3344,142510.08,14.745599999994738,142495.3344,142510.08,14.745599999994738,3,5.478218586397681,RankSurprise
microVoSTN_L_1-2+,1,146573.39392,146585.10848,11.714559999993071,146573.39392,146585.10848,11.714559999993071,3,5.958566016719081,RankSurprise
microVoSTN_L_1-2+,1,148726.86592,148798.99648,72.13055999999051,148726.86592,148798.99648,72.13055999999051,5,5.944277240055161,RankSurprise
microVoSTN_L_1-2+,1,153880.90368,153907.03616,26.132480000000214,153880.90368,153907.03616,26.132480000000214,3,4.116030575350733,RankSurprise
microVoSTN_L_1-2+,1,157780.86912,157795.04128,14.172160000016447,157780.86912,157795.04128,14.172160000016447,3,5.594844137650492,RankSurprise
microVoSTN_L_1-2+,1,168996.29056,169077.06368,80.77311999999802,168996.29056,169077.06368,80.77311999999802,6,7.835127683996291,RankSurprise
microVoSTN_L_1-2+,1,175905.87392,175912.38656,6.512640000000829,175905.87392,175912.38656,6.512640000000829,3,7.728466692134637,RankSurprise
microVoSTN_L_1-2+,1,179564.29824,179590.92224,26.62400000001071,179564.29824,179590.92224,26.62400000001071,3,4.147142352241483,RankSurprise
microVoSTN_L_1-2+,1,179888.61952,179908.15744,19.537920000002487,179888.61952,179908.15744,19.537920000002487,3,4.810257779951328,RankSurprise
microVoSTN_L_1-2+,1,197394.30912,197532.71296,138.4038400000136,197394.30912,197532.71296,138.4038400000136,6,5.0511956702183625,RankSurprise
microVoSTN_L_1-2+,1,199215.02208,199222.64064,7.618560000002617,199215.02208,199222.64064,7.618560000002617,3,7.252848225004572,RankSurprise
microVoSTN_L_1-2+,1,204242.3296,204324.70016,82.3705600000103,204242.3296,204324.70016,82.3705600000103,4,4.001842893550997,RankSurprise
microVoSTN_L_1-2+,1,209326.16192,209357.4144,31.252479999995558,209326.16192,209357.4144,31.252479999995558,3,3.8061544604706494,RankSurprise
microVoSTN_L_1-2+,1,219038.26944,219312.00512,273.7356799999834,219038.26944,219312.00512,273.7356799999834,8,4.749413007806026,RankSurprise
microVoSTN_L_1-2+,1,241052.34432,241071.43168,19.087360000004992,241052.34432,241071.43168,19.087360000004992,3,4.7609485397256,RankSurprise
microVoSTN_L_1-2+,1,246366.57664,246429.24544,62.66879999998491,246366.57664,246429.24544,62.66879999998491,4,4.322920443685202,RankSurprise
microVoSTN_L_1-2+,1,255029.4528,255107.97312,78.52032000001054,255029.4528,255107.97312,78.52032000001054,4,3.7209080738807536,RankSurprise
microVoSTN_L_1-2+,1,260698.97216,260726.21056,27.238400000002002,260698.97216,260726.21056,27.238400000002002,3,4.1072296704097795,RankSurprise
microVoSTN_L_1-2+,1,263951.9744,263972.61824,20.64383999997517,263951.9744,263972.61824,20.64383999997517,3,4.677478714646572,RankSurprise
microVoSTN_L_1-2+,1,269878.64064,269896.0896,17.44896000000881,269878.64064,269896.0896,17.44896000000881,3,5.09838127899714,RankSurprise
microVoSTN_L_1-2+,1,275307.19232,275327.50848,20.316160000045784,275307.19232,275327.50848,20.316160000045784,3,4.718778207086846,RankSurprise
microVoSTN_L_1-2+,1,277014.40512,277075.59936,61.19423999998253,277014.40512,277075.59936,61.19423999998253,4,4.529899184997326,RankSurprise
microVoSTN_L_1-2+,1,278053.02784,278382.34624,329.3183999999892,278053.02784,278382.34624,329.3183999999892,10,5.915758282529661,RankSurprise
microVoSTN_L_1-2+,1,279416.38144,279436.9024,20.520959999994375,279416.38144,279436.9024,20.520959999994375,3,4.569497728716465,RankSurprise
microVoSTN_L_1-2+,1,280018.16576,280125.15328,106.98752000002423,280018.16576,280125.15328,106.98752000002423,5,4.897879279732468,RankSurprise
microVoSTN_L_1-2+,1,283517.00992,283544.49408,27.4841599999927,283517.00992,283544.49408,27.4841599999927,3,4.004533197562266,RankSurprise
microVoSTN_L_1-2+,1,285245.56288,285357.2608,111.69792000000598,285245.56288,285357.2608,111.69792000000598,5,4.321885811828778,RankSurprise
microVoSTN_L_1-2+,1,287915.90912,287994.10176,78.19263999996474,287915.90912,287994.10176,78.19263999996474,5,5.568099999425371,RankSurprise
microVoSTN_L_1-2+,1,291029.23776,291288.59648,259.35872000001837,291029.23776,291288.59648,259.35872000001837,8,4.934678697775063,RankSurprise
microVoSTN_L_1-2+,1,299342.4384,299357.06112,14.622720000043046,299342.4384,299357.06112,14.622720000043046,3,5.495724252439272,RankSurprise
microVoSTN_L_1-2+,1,303788.19584,303823.54432,35.34847999998601,303788.19584,303823.54432,35.34847999998601,3,3.605088262066248,RankSurprise
microVoSTN_L_1-2+,1,306052.25984,306130.04288,77.78304000000935,306052.25984,306130.04288,77.78304000000935,4,3.642398891414448,RankSurprise
microVoSTN_L_1-2+,1,314557.35808,314631.3728,74.0147200000356,314557.35808,314631.3728,74.0147200000356,5,5.791372391743753,RankSurprise
microVoSTN_L_1-2+,1,316837.51936,317077.05344,239.53408000001218,316837.51936,317077.05344,239.53408000001218,7,3.98375582133665,RankSurprise
microVoSTN_L_1-2+,1,318095.7696,318571.88864,476.1190400000196,318095.7696,318571.88864,476.1190400000196,14,8.07313419047975,RankSurprise
microVoSTN_L_1-2+,1,322588.4672,322777.53856,189.07136000000173,322588.4672,322777.53856,189.07136000000173,6,3.59609048693562,RankSurprise
microVoSTN_L_1-2+,1,325419.95008,325516.16512,96.21504000003915,325419.95008,325516.16512,96.21504000003915,5,4.9347799278786795,RankSurprise
microVoSTN_L_1-2+,1,327188.43904,327350.80448,162.36543999996502,327188.43904,327350.80448,162.36543999996502,7,6.160518682553494,RankSurprise
microVoSTN_L_1-2+,1,328024.92416,328056.70912,31.784960000019055,328024.92416,328056.70912,31.784960000019055,3,3.5779461805147452,RankSurprise
microVoSTN_L_1-2+,1,331616.91136,331729.26464,112.35327999998117,331616.91136,331729.26464,112.35327999998117,5,4.27760490142974,RankSurprise
microVoSTN_L_1-2+,1,334550.67136,334762.51648,211.84512000001268,334550.67136,334762.51648,211.84512000001268,7,4.9763633469772826,RankSurprise
microVoSTN_L_1-2+,1,335238.84032,335302.61504,63.7747199999867,335238.84032,335302.61504,63.7747199999867,5,6.551084704556249,RankSurprise
microVoSTN_L_1-2+,1,336210.65728,337032.64256,821.9852800000226,336210.65728,337032.64256,821.9852800000226,20,10.07118793668784,RankSurprise
microVoSTN_L_1-2+,1,340946.3296,341064.99072,118.6611200000043,340946.3296,341064.99072,118.6611200000043,5,3.9943006004071293,RankSurprise
microVoSTN_L_1-2+,1,341785.8048,341803.49952,17.69472000002861,341785.8048,341803.49952,17.69472000002861,3,5.105601526970629,RankSurprise
microVoSTN_L_1-2+,1,342721.41312,342785.06496,63.651840000005905,342721.41312,342785.06496,63.651840000005905,4,4.227240299378106,RankSurprise
microVoSTN_L_1-2+,1,348439.47008,348558.04928,118.5791999999783,348439.47008,348558.04928,118.5791999999783,5,4.0119217795560935,RankSurprise
microVoSTN_L_1-2+,1,352373.88288,352402.96448,29.081600000034086,352373.88288,352402.96448,29.081600000034086,3,3.9348539460535594,RankSurprise
microVoSTN_L_1-2+,1,355531.65312,355577.07776,45.42464000004111,355531.65312,355577.07776,45.42464000004111,4,5.310749151971553,RankSurprise
microVoSTN_L_1-2+,1,356434.98496,356625.6128,190.62784000003012,356434.98496,356625.6128,190.62784000003012,7,4.996451926373131,RankSurprise
microVoSTN_L_1-2+,1,357500.39552,357523.0464,22.65087999997195,357500.39552,357523.0464,22.65087999997195,3,4.404948447215393,RankSurprise
microVoSTN_L_1-2+,1,365319.33184,365343.62112,24.289280000026338,365319.33184,365343.62112,24.289280000026338,3,4.224777771259491,RankSurprise
microVoSTN_L_1-2+,1,368594.78016,368623.69792,28.91775999998208,368594.78016,368623.69792,28.91775999998208,4,6.831668224667986,RankSurprise
microVoSTN_L_1-2+,1,369341.27616,369631.51872,290.2425599999842,369341.27616,369631.51872,290.2425599999842,7,3.714203033110885,RankSurprise
microVoSTN_L_1-2+,1,370661.94944,370922.86464,260.91519999998854,370661.94944,370922.86464,260.91519999998854,8,4.64566844969721,RankSurprise
microVoSTN_L_1-2+,1,375593.984,376370.42176,776.4377600000007,375593.984,376370.42176,776.4377600000007,17,7.150829611365442,RankSurprise
microVoSTN_L_1-2+,1,376773.38624,376788.04992,14.66367999999784,376773.38624,376788.04992,14.66367999999784,3,5.224817860536895,RankSurprise
microVoSTN_L_1-2+,2,753.0496,785.85856,32.808959999999956,753.0496,785.85856,32.808959999999956,3,4.0557379103874,RankSurprise
microVoSTN_L_1-2+,2,11450.32704,11815.5264,365.1993600000005,11450.32704,11815.5264,365.1993600000005,10,6.565716566752645,RankSurprise
microVoSTN_L_1-2+,2,15387.07456,15553.04448,165.96992000000137,15387.07456,15553.04448,165.96992000000137,6,4.550988685787942,RankSurprise
microVoSTN_L_1-2+,2,22375.6288,22436.864,61.235200000002806,22375.6288,22436.864,61.235200000002806,4,4.964756640416621,RankSurprise
microVoSTN_L_1-2+,2,24489.5744,24526.11072,36.53631999999925,24489.5744,24526.11072,36.53631999999925,3,3.7026704026596793,RankSurprise
microVoSTN_L_1-2+,2,32773.07904,32849.3056,76.22656000000279,32773.07904,32849.3056,76.22656000000279,4,4.403203926939685,RankSurprise
microVoSTN_L_1-2+,2,39237.71392,39376.40448,138.69055999999546,39237.71392,39376.40448,138.69055999999546,6,5.397448195966753,RankSurprise
microVoSTN_L_1-2+,2,40619.13088,40648.82688,29.69600000000355,40619.13088,40648.82688,29.69600000000355,3,3.9654660827309893,RankSurprise
microVoSTN_L_1-2+,2,43726.60224,44102.2464,375.64416000000347,43726.60224,44102.2464,375.64416000000347,8,3.77856157928636,RankSurprise
microVoSTN_L_1-2+,2,48758.45632,48805.15072,46.694400000000314,48758.45632,48805.15072,46.694400000000314,4,5.729325375110573,RankSurprise
microVoSTN_L_1-2+,2,51788.92288,51864.08448,75.16159999999945,51788.92288,51864.08448,75.16159999999945,4,3.9041948974619984,RankSurprise
microVoSTN_L_1-2+,2,67507.48672,67531.32544,23.83871999999974,67507.48672,67531.32544,23.83871999999974,3,4.886706630773276,RankSurprise
microVoSTN_L_1-2+,2,68422.2464,68445.02016,22.7737599999964,68422.2464,68445.02016,22.7737599999964,4,9.657835966002768,RankSurprise
microVoSTN_L_1-2+,2,70788.58752,70910.73024,122.14272000000346,70788.58752,70910.73024,122.14272000000346,5,4.1545098609787345,RankSurprise
microVoSTN_L_1-2+,2,73961.8816,74087.6288,125.74720000001253,73961.8816,74087.6288,125.74720000001253,5,4.3780432308059964,RankSurprise
microVoSTN_L_1-2+,2,75094.79424,75119.73888,24.944640000001527,75094.79424,75119.73888,24.944640000001527,3,4.641623735179715,RankSurprise
microVoSTN_L_1-2+,2,79672.48384,79726.42816,53.94431999999506,79672.48384,79726.42816,53.94431999999506,4,5.134842823371368,RankSurprise
microVoSTN_L_1-2+,2,80887.76704,81084.70272,196.93567999999505,80887.76704,81084.70272,196.93567999999505,6,3.613231591361994,RankSurprise
microVoSTN_L_1-2+,2,82928.0256,82971.07456,43.04896000000008,82928.0256,82971.07456,43.04896000000008,4,6.050733873467458,RankSurprise
microVoSTN_L_1-2+,2,90557.6448,90940.37504,382.7302400000044,90557.6448,90940.37504,382.7302400000044,9,3.88555615141089,RankSurprise
microVoSTN_L_1-2+,2,104055.56224,104090.33728,34.77504000000772,104055.56224,104090.33728,34.77504000000772,3,3.756149567237543,RankSurprise
microVoSTN_L_1-2+,2,104471.30624,104482.48832,11.182079999998678,104471.30624,104482.48832,11.182079999998678,3,7.821546695342716,RankSurprise
microVoSTN_L_1-2+,2,105582.42816,105698.22208,115.79392000001098,105582.42816,105698.22208,115.79392000001098,5,4.245285343751618,RankSurprise
microVoSTN_L_1-2+,2,111825.5104,112097.28,271.7695999999996,111825.5104,112097.28,271.7695999999996,7,3.8354942108394554,RankSurprise
microVoSTN_L_1-2+,2,115644.66176,115723.59168,78.92991999999504,115644.66176,115723.59168,78.92991999999504,5,5.90867746793349,RankSurprise
microVoSTN_L_1-2+,2,120474.54208,120540.65152,66.10944000000018,120474.54208,120540.65152,66.10944000000018,4,4.3095323529061105,RankSurprise
microVoSTN_L_1-2+,2,125871.26784,126106.70592,235.43807999999262,125871.26784,126106.70592,235.43807999999262,8,5.84405738719078,RankSurprise
microVoSTN_L_1-2+,2,128221.30688,128291.26656,69.95967999999993,128221.30688,128291.26656,69.95967999999993,4,4.328580046389323,RankSurprise
microVoSTN_L_1-2+,2,128836.32128,128977.5104,141.18911999999546,128836.32128,128977.5104,141.18911999999546,5,3.603838999187257,RankSurprise
microVoSTN_L_1-2+,2,129376.54272,129462.59968,86.05696000000171,129376.54272,129462.59968,86.05696000000171,4,3.8548400625908883,RankSurprise
microVoSTN_L_1-2+,2,131623.60832,131645.68576,22.077439999993658,131623.60832,131645.68576,22.077439999993658,3,5.158773051452519,RankSurprise
microVoSTN_L_1-2+,2,132219.78112,132287.81568,68.03456000000006,132219.78112,132287.81568,68.03456000000006,4,4.471131397501058,RankSurprise
microVoSTN_L_1-2+,2,135487.52896,135582.59712,95.06815999999526,135487.52896,135582.59712,95.06815999999526,5,5.212253165610122,RankSurprise
microVoSTN_L_1-2+,2,139785.50272,139879.75168,94.24895999999717,139785.50272,139879.75168,94.24895999999717,5,5.2044660078511065,RankSurprise
microVoSTN_L_1-2+,2,140369.83808,140396.83072,26.992640000011306,140369.83808,140396.83072,26.992640000011306,3,4.286849631350787,RankSurprise
microVoSTN_L_1-2+,2,144128.86016,144940.76928,811.9091199999966,144128.86016,144940.76928,811.9091199999966,15,4.586741519522486,RankSurprise
microVoSTN_L_1-2+,2,147437.9776,147829.1456,391.167999999976,147437.9776,147829.1456,391.167999999976,10,5.319254270259714,RankSurprise
microVoSTN_L_1-2+,2,150715.92448,151123.10784,407.18336000002455,150715.92448,151123.10784,407.18336000002455,12,7.275294461476293,RankSurprise
microVoSTN_L_1-2+,2,158750.76096,158804.91008,54.149119999987306,158750.76096,158804.91008,54.149119999987306,4,5.170771430867493,RankSurprise
microVoSTN_L_1-2+,2,160439.66464,160520.02816,80.36351999998442,160439.66464,160520.02816,80.36351999998442,5,5.8351402988340695,RankSurprise
microVoSTN_L_1-2+,2,163940.51584,164011.17184,70.65599999998813,163940.51584,164011.17184,70.65599999998813,4,4.2477851737348296,RankSurprise
microVoSTN_L_1-2+,2,179268.28032,179322.6752,54.394880000007106,179268.28032,179322.6752,54.394880000007106,4,5.120591001693896,RankSurprise
microVoSTN_L_1-2+,2,186833.1008,186844.32384,11.223040000011679,186833.1008,186844.32384,11.223040000011679,3,7.270447172438784,RankSurprise
microVoSTN_L_1-2+,2,187856.40448,187925.74976,69.34528000000864,187856.40448,187925.74976,69.34528000000864,5,6.4901308548570675,RankSurprise
microVoSTN_L_1-2+,2,191060.41856,191129.06752,68.64896000002045,191060.41856,191129.06752,68.64896000002045,4,4.242475435063248,RankSurprise
microVoSTN_L_1-2+,2,198501.5808,198589.15328,87.57248000000254,198501.5808,198589.15328,87.57248000000254,4,3.5366612313178862,RankSurprise
microVoSTN_L_1-2+,2,209281.18784,209307.2384,26.050560000003316,209281.18784,209307.2384,26.050560000003316,3,4.669952877557838,RankSurprise
microVoSTN_L_1-2+,2,227204.99712,227247.34976,42.352639999997336,227204.99712,227247.34976,42.352639999997336,4,5.99789014302165,RankSurprise
microVoSTN_L_1-2+,2,228042.21952,228247.01952,204.79999999998836,228042.21952,228247.01952,204.79999999998836,6,4.104161607301304,RankSurprise
microVoSTN_L_1-2+,2,232413.83936,232497.7664,83.92703999998048,232413.83936,232497.7664,83.92703999998048,4,3.7449879302423703,RankSurprise
microVoSTN_L_1-2+,2,234101.02272,234155.58144,54.5587200000009,234101.02272,234155.58144,54.5587200000009,4,5.127708449431751,RankSurprise
microVoSTN_L_1-2+,2,235548.672,235587.25632,38.58431999999448,235548.672,235587.25632,38.58431999999448,3,3.623349603217058,RankSurprise
microVoSTN_L_1-2+,2,244878.7456,245218.87744,340.1318400000164,244878.7456,245218.87744,340.1318400000164,8,3.6022226398298955,RankSurprise
microVoSTN_L_1-2+,2,250179.87072,250416.86528,236.9945599999919,250179.87072,250416.86528,236.9945599999919,8,6.072335323125423,RankSurprise
microVoSTN_L_1-2+,2,252058.99264,252170.73152,111.73887999998988,252058.99264,252170.73152,111.73887999998988,5,4.714505338204454,RankSurprise
microVoSTN_L_1-2+,2,254745.84576,254783.6928,37.847039999993285,254745.84576,254783.6928,37.847039999993285,3,3.5765638114070057,RankSurprise
microVoSTN_L_1-2+,2,260472.58624,260492.288,19.701759999996284,260472.58624,260492.288,19.701759999996284,3,5.41493759585982,RankSurprise
microVoSTN_L_1-2+,2,270897.80736,270930.3296,32.52224000002025,270897.80736,270930.3296,32.52224000002025,3,3.859972780177829,RankSurprise
microVoSTN_L_1-2+,2,276165.55008,276197.53984,31.989759999967646,276165.55008,276197.53984,31.989759999967646,4,6.870477307342803,RankSurprise
microVoSTN_L_1-2+,2,279596.35968,280093.36832,497.00864000001457,279596.35968,280093.36832,497.00864000001457,11,4.637127609982769,RankSurprise
microVoSTN_L_1-2+,2,283686.5024,283706.61376,20.111359999980778,283686.5024,283706.61376,20.111359999980778,3,5.728077293452211,RankSurprise
microVoSTN_L_1-2+,2,285410.22208,285458.2272,48.00512000004528,285410.22208,285458.2272,48.00512000004528,4,5.527285246130198,RankSurprise
microVoSTN_L_1-2+,2,287254.24128,287332.51584,78.27455999999074,287254.24128,287332.51584,78.27455999999074,4,3.866517777655897,RankSurprise
microVoSTN_L_1-2+,2,288197.75488,288223.27296,25.518079999950714,288197.75488,288223.27296,25.518079999950714,3,4.500452271773886,RankSurprise
microVoSTN_L_1-2+,2,290055.24992,290207.3344,152.08448000001954,290055.24992,290207.3344,152.08448000001954,5,3.550320708868309,RankSurprise
microVoSTN_L_1-2+,2,292992.73728,293037.09696,44.359679999994114,292992.73728,293037.09696,44.359679999994114,4,5.64771679552646,RankSurprise
microVoSTN_L_1-2+,2,295095.54176,295210.22976,114.68800000002375,295095.54176,295210.22976,114.68800000002375,5,4.411932775558565,RankSurprise
microVoSTN_L_1-2+,2,296756.75648,297040.4864,283.7299200000125,296756.75648,297040.4864,283.7299200000125,8,4.751315836661162,RankSurprise
microVoSTN_L_1-2+,2,299422.39232,299773.70624,351.31392000004416,299422.39232,299773.70624,351.31392000004416,9,4.592183242724398,RankSurprise
microVoSTN_L_1-2+,2,301285.7856,301315.4816,29.695999999996275,301285.7856,301315.4816,29.695999999996275,3,4.268092140997348,RankSurprise
microVoSTN_L_1-2+,2,301743.75936,301824.2048,80.44543999998132,301743.75936,301824.2048,80.44543999998132,4,3.9041948974619984,RankSurprise
microVoSTN_L_1-2+,2,302442.78272,302463.30368,20.520959999994375,302442.78272,302463.30368,20.520959999994375,4,10.053834117785536,RankSurprise
microVoSTN_L_1-2+,2,303249.8176,303385.14944,135.33183999999892,303249.8176,303385.14944,135.33183999999892,5,3.770640763355093,RankSurprise
microVoSTN_L_1-2+,2,304992.09216,305096.2944,104.20224000001326,304992.09216,305096.2944,104.20224000001326,5,4.819101696420621,RankSurprise
microVoSTN_L_1-2+,2,306603.99104,306707.6608,103.66976000001887,306603.99104,306707.6608,103.66976000001887,5,4.716800233072796,RankSurprise
microVoSTN_L_1-2+,2,308715.64288,308819.10784,103.46496000001207,308715.64288,308819.10784,103.46496000001207,5,4.909608723672655,RankSurprise
microVoSTN_L_1-2+,2,313390.73536,314218.04544,827.3100800000248,313390.73536,314218.04544,827.3100800000248,16,5.077765717206125,RankSurprise
microVoSTN_L_1-2+,2,316447.62112,316692.43904,244.81792000000132,316447.62112,316692.43904,244.81792000000132,7,4.421940272640409,RankSurprise
microVoSTN_L_1-2+,2,320384.16384,320409.10848,24.944640000001527,320384.16384,320409.10848,24.944640000001527,3,4.619245835568728,RankSurprise
microVoSTN_L_1-2+,2,320898.62144,320969.64608,71.02463999995962,320898.62144,320969.64608,71.02463999995962,4,4.064817268765292,RankSurprise
microVoSTN_L_1-2+,2,322792.40704,322795.84768,3.4406399999861605,322792.40704,322795.84768,3.4406399999861605,3,11.041564724789694,RankSurprise
microVoSTN_L_1-2+,2,325311.2832,325343.27296,31.989759999967646,325311.2832,325343.27296,31.989759999967646,3,4.124047723027372,RankSurprise
microVoSTN_L_1-2+,2,328938.496,328964.5056,26.009599999990314,328938.496,328964.5056,26.009599999990314,3,4.68139785353026,RankSurprise
microVoSTN_L_1-2+,2,330771.00544,330786.89792,15.892480000038631,330771.00544,330786.89792,15.892480000038631,3,6.788860665177163,RankSurprise
microVoSTN_L_1-2+,2,331531.59168,331793.44896,261.85727999999654,331531.59168,331793.44896,261.85727999999654,7,4.660006139796744,RankSurprise
microVoSTN_L_1-2+,2,332188.09856,332410.92096,222.82240000000456,332188.09856,332410.92096,222.82240000000456,8,6.072335323125423,RankSurprise
microVoSTN_L_1-2+,2,332703.17056,332779.84768,76.67712000000756,332703.17056,332779.84768,76.67712000000756,4,3.951966627722637,RankSurprise
microVoSTN_L_1-2+,2,333403.9552,333433.856,29.900800000003073,333403.9552,333433.856,29.900800000003073,3,4.172401785000542,RankSurprise
microVoSTN_L_1-2+,2,333608.42752,333630.21824,21.79071999998996,333608.42752,333630.21824,21.79071999998996,3,5.059285087258784,RankSurprise
microVoSTN_L_1-2+,2,335054.0288,335523.38944,469.36064000002807,335054.0288,335523.38944,469.36064000002807,10,3.6872850643626918,RankSurprise
microVoSTN_L_1-2+,2,336369.4592,336389.07904,19.619839999999385,336369.4592,336389.07904,19.619839999999385,3,5.456780309346419,RankSurprise
microVoSTN_L_1-2+,2,340215.02976,340356.5056,141.47583999997005,340215.02976,340356.5056,141.47583999997005,5,3.5127697524727957,RankSurprise
microVoSTN_L_1-2+,2,343159.35744,343198.96576,39.60831999999937,343159.35744,343198.96576,39.60831999999937,4,6.61422334598344,RankSurprise
microVoSTN_L_1-2+,2,343706.70592,343738.1632,31.45728000003146,343706.70592,343738.1632,31.45728000003146,3,4.194773410908697,RankSurprise
microVoSTN_L_1-2+,2,343963.4432,344027.3408,63.897600000025705,343963.4432,344027.3408,63.897600000025705,6,10.407149449157195,RankSurprise
microVoSTN_L_1-2+,2,347065.63072,347096.2688,30.638080000004265,347065.63072,347096.2688,30.638080000004265,3,4.1283955559634755,RankSurprise
microVoSTN_L_1-2+,2,360326.47168,360468.97152,142.49984000000404,360326.47168,360468.97152,142.49984000000404,5,3.656321723967789,RankSurprise
microVoSTN_L_1-2+,2,365118.17728,365135.13472,16.95743999996921,365118.17728,365135.13472,16.95743999996921,3,6.456014325671253,RankSurprise
microVoSTN_L_1-2+,2,367023.26784,367086.67392,63.406079999986105,367023.26784,367086.67392,63.406079999986105,4,4.482603693806613,RankSurprise
microVoSTN_L_1-2+,2,368202.752,368883.3024,680.5504000000074,368202.752,368883.3024,680.5504000000074,13,4.523721974459112,RankSurprise
microVoSTN_L_1-2+,2,374238.45376,374307.47136,69.01760000002105,374238.45376,374307.47136,69.01760000002105,4,4.253104326851464,RankSurprise
microVoSTN_L_1-2+,2,375060.8896,375094.59968,33.71007999998983,375060.8896,375094.59968,33.71007999998983,3,3.9296798043374963,RankSurprise
microVoSTN_L_1-2+,3,21951.16032,22071.33696,120.1766400000015,21951.16032,22071.33696,120.1766400000015,3,4.798804579218535,RankSurprise
microVoSTN_L_1-2+,3,33613.33248,33662.27968,48.94720000000234,33613.33248,33662.27968,48.94720000000234,3,5.820652851674807,RankSurprise
microVoSTN_L_1-2+,3,50817.67936,51332.34176,514.6624000000011,50817.67936,51332.34176,514.6624000000011,4,3.713296109285272,RankSurprise
microVoSTN_L_1-2+,3,66600.50944,78069.76,11469.25056,66600.50944,78069.76,11469.25056,26,4.476589735118075,RankSurprise
microVoSTN_L_1-2+,3,81213.44,81271.84896,58.40896000000066,81213.44,81271.84896,58.40896000000066,3,5.620430084551613,RankSurprise
microVoSTN_L_1-2+,3,88060.68224,88083.78368,23.101439999998547,88060.68224,88083.78368,23.101439999998547,3,6.579981939116054,RankSurprise
microVoSTN_L_1-2+,3,102679.10144,102872.71936,193.61792000000423,102679.10144,102872.71936,193.61792000000423,4,5.967020909423718,RankSurprise
microVoSTN_L_1-2+,3,109699.39968,109786.97216,87.57248000000254,109699.39968,109786.97216,87.57248000000254,3,4.757131882817967,RankSurprise
microVoSTN_L_1-2+,3,179611.15648,180534.02624,922.8697600000014,179611.15648,180534.02624,922.8697600000014,5,3.617577364166504,RankSurprise
microVoSTN_L_1-2+,3,281895.56736,283456.47104,1560.9036799999885,281895.56736,283456.47104,1560.9036799999885,7,4.557977355916255,RankSurprise
microVoSTN_L_1-2+,3,334894.6944,336863.35488,1968.6604800000205,334894.6944,336863.35488,1968.6604800000205,14,13.145841232621597,RankSurprise
microVoSTN_L_1-2+,3,374079.20128,376850.51392,2771.3126400000183,374079.20128,376850.51392,2771.3126400000183,20,19.0639294126339,RankSurprise
microVoSTN_L_1-2+,4,9354.52672,11718.81984,2364.2931200000003,9354.52672,11718.81984,2364.2931200000003,9,5.711766539083064,RankSurprise
microVoSTN_L_1-2+,4,31300.48512,32268.288,967.8028799999993,31300.48512,32268.288,967.8028799999993,6,6.117530084557494,RankSurprise
microVoSTN_L_1-2+,4,40631.05024,41111.83872,480.7884800000029,40631.05024,41111.83872,480.7884800000029,4,4.605542713087477,RankSurprise
microVoSTN_L_1-2+,4,73914.08128,76491.65312,2577.571840000004,73914.08128,76491.65312,2577.571840000004,10,7.10721178542012,RankSurprise
microVoSTN_L_1-2+,4,78439.50592,80563.36384,2123.8579200000095,78439.50592,80563.36384,2123.8579200000095,7,3.7748903081122394,RankSurprise
microVoSTN_L_1-2+,4,114828.36992,116218.22464,1389.854720000003,114828.36992,116218.22464,1389.854720000003,6,4.43819731756134,RankSurprise
microVoSTN_L_1-2+,4,120280.96512,120800.4608,519.4956800000073,120280.96512,120800.4608,519.4956800000073,4,4.457965363587903,RankSurprise
microVoSTN_L_1-2+,4,243741.696,244009.94304,268.24704000001657,243741.696,244009.94304,268.24704000001657,3,3.825184773621185,RankSurprise
microVoSTN_L_1-2+,4,287424.38912,287963.91424,539.5251200000057,287424.38912,287963.91424,539.5251200000057,4,4.204931983444112,RankSurprise
microVoSTN_L_1-2+,4,294118.4,294905.93792,787.5379199999734,294118.4,294905.93792,787.5379199999734,6,7.111400173613731,RankSurprise
microVoSTN_L_1-2+,4,340233.13408,340822.58944,589.4553600000218,340233.13408,340822.58944,589.4553600000218,5,6.2370906351241935,RankSurprise
microVoSTN_L_1-2+,4,373601.64864,376918.50752,3316.858879999956,373601.64864,376918.50752,3316.858879999956,9,4.376421099291509,RankSurprise
microVoSTN_L_1-3+,0,10959.91296,11468.34944,508.4364800000003,10959.91296,11468.34944,508.4364800000003,15,8.576651959636623,RankSurprise
microVoSTN_L_1-3+,0,15513.84576,15652.33152,138.48575999999957,15513.84576,15652.33152,138.48575999999957,5,3.6174001214486324,RankSurprise
microVoSTN_L_1-3+,0,20952.59648,20982.94784,30.351360000000568,20952.59648,20982.94784,30.351360000000568,3,4.026515946621263,RankSurprise
microVoSTN_L_1-3+,0,28132.43392,28391.50592,259.0720000000001,28132.43392,28391.50592,259.0720000000001,8,4.640053484656022,RankSurprise
microVoSTN_L_1-3+,0,30051.04128,30151.51616,100.47487999999794,30051.04128,30151.51616,100.47487999999794,5,4.7221496292463065,RankSurprise
microVoSTN_L_1-3+,0,30820.92544,30992.67072,171.74527999999918,30820.92544,30992.67072,171.74527999999918,6,4.216670524412139,RankSurprise
microVoSTN_L_1-3+,0,31733.63712,31916.4416,182.80447999999888,31733.63712,31916.4416,182.80447999999888,6,3.824878430647548,RankSurprise
microVoSTN_L_1-3+,0,32779.14112,32849.26464,70.12352000000101,32779.14112,32849.26464,70.12352000000101,4,4.032907116484946,RankSurprise
microVoSTN_L_1-3+,0,33883.83232,33960.42752,76.59519999999611,33883.83232,33960.42752,76.59519999999611,4,3.8367885940746476,RankSurprise
microVoSTN_L_1-3+,0,34410.41408,34965.46304,555.0489600000001,34410.41408,34965.46304,555.0489600000001,15,8.116059532376084,RankSurprise
microVoSTN_L_1-3+,0,37118.81216,37272.24832,153.43615999999747,37118.81216,37272.24832,153.43615999999747,6,5.106340936647584,RankSurprise
microVoSTN_L_1-3+,0,38552.49408,38575.63648,23.142400000004272,38552.49408,38575.63648,23.142400000004272,3,5.028560867230157,RankSurprise
microVoSTN_L_1-3+,0,38910.68928,38921.29792,10.608639999998559,38910.68928,38921.29792,10.608639999998559,3,7.431120327588632,RankSurprise
microVoSTN_L_1-3+,0,40620.4416,40644.03456,23.592960000001767,40620.4416,40644.03456,23.592960000001767,3,4.908650845526967,RankSurprise
microVoSTN_L_1-3+,0,47420.17024,47437.94688,17.77664000000368,47420.17024,47437.94688,17.77664000000368,3,5.965322836858261,RankSurprise
microVoSTN_L_1-3+,0,48742.1952,48819.6096,77.41440000000148,48742.1952,48819.6096,77.41440000000148,6,8.621910251480777,RankSurprise
microVoSTN_L_1-3+,0,49140.89984,49167.19616,26.296320000001288,49140.89984,49167.19616,26.296320000001288,3,4.495094881865338,RankSurprise
microVoSTN_L_1-3+,0,65039.93344,65096.0896,56.156159999998636,65039.93344,65096.0896,56.156159999998636,4,4.857706878132138,RankSurprise
microVoSTN_L_1-3+,0,70788.58752,70860.14464,71.55711999999767,70788.58752,70860.14464,71.55711999999767,4,3.9907847225296216,RankSurprise
microVoSTN_L_1-3+,0,72684.25728,73309.47072,625.2134399999923,72684.25728,73309.47072,625.2134399999923,12,3.880607690923535,RankSurprise
microVoSTN_L_1-3+,0,74399.41632,74418.66752,19.25119999999879,74399.41632,74418.66752,19.25119999999879,3,5.094682772482825,RankSurprise
microVoSTN_L_1-3+,0,75094.79424,75194.28608,99.49184000000241,75094.79424,75194.28608,99.49184000000241,5,5.193418847134499,RankSurprise
microVoSTN_L_1-3+,0,75677.77792,75790.29504,112.51712000000407,75677.77792,75790.29504,112.51712000000407,6,6.3521584592690985,RankSurprise
microVoSTN_L_1-3+,0,76491.65312,76690.80064,199.14751999999862,76491.65312,76690.80064,199.14751999999862,8,7.450211303605138,RankSurprise
microVoSTN_L_1-3+,0,78835.58912,78849.14688,13.557759999996051,78835.58912,78849.14688,13.557759999996051,3,6.986986078321314,RankSurprise
microVoSTN_L_1-3+,0,79564.43136,79691.65312,127.22176000000036,79564.43136,79691.65312,127.22176000000036,6,5.444792962783843,RankSurprise
microVoSTN_L_1-3+,0,81059.84,81096.00768,36.167679999998654,81059.84,81096.00768,36.167679999998654,3,3.6569524814519756,RankSurprise
microVoSTN_L_1-3+,0,89900.97408,89965.85472,64.88064000000304,89900.97408,89965.85472,64.88064000000304,4,4.371856587356621,RankSurprise
microVoSTN_L_1-3+,0,91901.66528,91935.49824,33.83295999999973,91901.66528,91935.49824,33.83295999999973,3,3.7577295373985518,RankSurprise
microVoSTN_L_1-3+,0,93722.58304,93887.52896,164.9459199999983,93722.58304,93887.52896,164.9459199999983,6,4.7485672976621025,RankSurprise
microVoSTN_L_1-3+,0,104047.57504,104275.5584,227.98335999999836,104047.57504,104275.5584,227.98335999999836,9,7.673174412551368,RankSurprise
microVoSTN_L_1-3+,0,104840.27392,104872.22272,31.9487999999983,104840.27392,104872.22272,31.9487999999983,3,3.926591134664889,RankSurprise
microVoSTN_L_1-3+,0,111697.46944,111736.6272,39.15776000000187,111697.46944,111736.6272,39.15776000000187,4,6.345025626624551,RankSurprise
microVoSTN_L_1-3+,0,114828.36992,114850.69312,22.323199999998906,114828.36992,114850.69312,22.323199999998906,3,5.142304207638917,RankSurprise
microVoSTN_L_1-3+,0,117730.05824,117747.17952,17.121280000006664,117730.05824,117747.17952,17.121280000006664,3,6.1502384288292635,RankSurprise
microVoSTN_L_1-3+,0,118915.11296,119398.1952,483.08224000000337,118915.11296,119398.1952,483.08224000000337,12,5.321382495440687,RankSurprise
microVoSTN_L_1-3+,0,120444.7232,120474.58304,29.859840000004624,120444.7232,120474.58304,29.859840000004624,3,4.054294198283872,RankSurprise
microVoSTN_L_1-3+,0,129462.59968,129598.42304,135.82335999999486,129462.59968,129598.42304,135.82335999999486,5,3.5695052367970135,RankSurprise
microVoSTN_L_1-3+,0,130640.0768,130711.51104,71.43424000000232,130640.0768,130711.51104,71.43424000000232,5,6.427549131778854,RankSurprise
microVoSTN_L_1-3+,0,131140.73088,131457.10592,316.37504000001354,131140.73088,131457.10592,316.37504000001354,8,3.6478268032560575,RankSurprise
microVoSTN_L_1-3+,0,132204.25728,132219.74016,15.48287999999593,132204.25728,132219.74016,15.48287999999593,3,6.497863537248078,RankSurprise
microVoSTN_L_1-3+,0,135478.35392,136173.19936,694.8454400000046,135478.35392,136173.19936,694.8454400000046,15,5.444076804952755,RankSurprise
microVoSTN_L_1-3+,0,137682.78016,137756.79488,74.01472000000649,137682.78016,137756.79488,74.01472000000649,4,3.903755685109104,RankSurprise
microVoSTN_L_1-3+,0,139785.46176,139893.59616,108.13439999998081,139785.46176,139893.59616,108.13439999998081,5,4.3541701724804405,RankSurprise
microVoSTN_L_1-3+,0,140170.0352,140446.55616,276.5209599999944,140170.0352,140446.55616,276.5209599999944,10,7.122320321405808,RankSurprise
microVoSTN_L_1-3+,0,144620.3392,144653.47584,33.13664000001154,144620.3392,144653.47584,33.13664000001154,3,3.88944983100105,RankSurprise
microVoSTN_L_1-3+,0,147329.96608,147630.12096,300.1548799999873,147329.96608,147630.12096,300.1548799999873,9,5.391176217336311,RankSurprise
microVoSTN_L_1-3+,0,148610.6624,148772.49536,161.83295999999973,148610.6624,148772.49536,161.83295999999973,6,4.395743309912713,RankSurprise
microVoSTN_L_1-3+,0,160454.28736,160539.2384,84.95104000001447,160454.28736,160539.2384,84.95104000001447,5,5.455599317692894,RankSurprise
microVoSTN_L_1-3+,0,168888.44288,169005.58848,117.14560000001802,168888.44288,169005.58848,117.14560000001802,5,4.121377147006218,RankSurprise
microVoSTN_L_1-3+,0,182106.43968,182312.42752,205.98783999998705,182106.43968,182312.42752,205.98783999998705,6,3.783785618363852,RankSurprise
microVoSTN_L_1-3+,0,183156.89984,183179.30496,22.405120000010356,183156.89984,183179.30496,22.405120000010356,3,4.902534618509531,RankSurprise
microVoSTN_L_1-3+,0,187211.32544,187303.28064,91.9552000000258,187211.32544,187303.28064,91.9552000000258,5,5.193418847134499,RankSurprise
microVoSTN_L_1-3+,0,187910.59456,187917.59872,7.004160000011325,187910.59456,187917.59872,7.004160000011325,3,8.986638663813999,RankSurprise
microVoSTN_L_1-3+,0,190363.68896,190399.36512,35.67616000000271,190363.68896,190399.36512,35.67616000000271,3,3.634150916427851,RankSurprise
microVoSTN_L_1-3+,0,202772.6848,202841.088,68.40320000000065,202772.6848,202841.088,68.40320000000065,4,4.170335783786239,RankSurprise
microVoSTN_L_1-3+,0,219910.51264,219938.93888,28.42624000000069,219910.51264,219938.93888,28.42624000000069,3,4.251519074266545,RankSurprise
microVoSTN_L_1-3+,0,231834.25536,231860.6336,26.37823999999091,231834.25536,231860.6336,26.37823999999091,3,4.264793475523884,RankSurprise
microVoSTN_L_1-3+,0,234930.70848,234966.75328,36.044800000003306,234930.70848,234966.75328,36.044800000003306,3,3.592482715864138,RankSurprise
microVoSTN_L_1-3+,0,241032.23296,241068.8512,36.6182400000107,241032.23296,241068.8512,36.6182400000107,4,6.6447405426068435,RankSurprise
microVoSTN_L_1-3+,0,241998.6432,242028.09344,29.45024000000558,241998.6432,242028.09344,29.45024000000558,3,4.177917609070407,RankSurprise
microVoSTN_L_1-3+,0,249359.72864,249429.72928,70.00064000001294,249359.72864,249429.72928,70.00064000001294,4,4.3744962721273914,RankSurprise
microVoSTN_L_1-3+,0,253085.696,253290.9056,205.20960000000196,253085.696,253290.9056,205.20960000000196,7,4.810061812444944,RankSurprise
microVoSTN_L_1-3+,0,273130.53696,273164.73856,34.20160000002943,273130.53696,273164.73856,34.20160000002943,3,3.730355266240716,RankSurprise
microVoSTN_L_1-3+,0,279081.00096,279164.60032,83.59936000005109,279081.00096,279164.60032,83.59936000005109,5,5.839076997256996,RankSurprise
microVoSTN_L_1-3+,0,280016.77312,280235.33568,218.5625599999912,280016.77312,280235.33568,218.5625599999912,9,8.72771768555907,RankSurprise
microVoSTN_L_1-3+,0,283749.90848,283960.97536,211.0668799999985,283749.90848,283960.97536,211.0668799999985,7,5.163260162774462,RankSurprise
microVoSTN_L_1-3+,0,288823.62368,288859.17696,35.55327999999281,288823.62368,288859.17696,35.55327999999281,3,3.618021786264295,RankSurprise
microVoSTN_L_1-3+,0,291034.48064,292008.5504,974.069759999984,291034.48064,292008.5504,974.069759999984,21,7.956276503134765,RankSurprise
microVoSTN_L_1-3+,0,298614.21056,298790.21568,176.00512000004528,298614.21056,298790.21568,176.00512000004528,7,5.444496272760123,RankSurprise
microVoSTN_L_1-3+,0,301682.31936,301743.7184,61.39903999998933,301682.31936,301743.7184,61.39903999998933,4,4.501256769502493,RankSurprise
microVoSTN_L_1-3+,0,302320.18944,302350.17216,29.982720000029076,302320.18944,302350.17216,29.982720000029076,3,4.111035650807844,RankSurprise
microVoSTN_L_1-3+,0,302896.82432,303168.47104,271.6467199999606,302896.82432,303168.47104,271.6467199999606,9,5.908216206579657,RankSurprise
microVoSTN_L_1-3+,0,306122.38336,306228.06016,105.67680000001565,306122.38336,306228.06016,105.67680000001565,5,4.6807549089567075,RankSurprise
microVoSTN_L_1-3+,0,307900.98944,307922.45248,21.463040000002366,307900.98944,307922.45248,21.463040000002366,3,4.80132232338617,RankSurprise
microVoSTN_L_1-3+,0,309387.96032,309581.0048,193.0444799999823,309387.96032,309581.0048,193.0444799999823,7,5.088072881596273,RankSurprise
microVoSTN_L_1-3+,0,313857.18784,313885.36832,28.18047999998089,313857.18784,313885.36832,28.18047999998089,3,4.24711378079863,RankSurprise
microVoSTN_L_1-3+,0,315185.07008,315375.69792,190.62784000003012,315185.07008,315375.69792,190.62784000003012,6,4.359747466173016,RankSurprise
microVoSTN_L_1-3+,0,315991.61344,316102.2464,110.63296000001719,315991.61344,316102.2464,110.63296000001719,7,8.547611379323364,RankSurprise
microVoSTN_L_1-3+,0,318477.96736,318563.40992,85.44255999999586,318477.96736,318563.40992,85.44255999999586,5,5.4582308981589485,RankSurprise
microVoSTN_L_1-3+,0,320221.75744,320420.4544,198.69695999997202,320221.75744,320420.4544,198.69695999997202,6,3.740052090322922,RankSurprise
microVoSTN_L_1-3+,0,322712.576,322832.09728,119.52127999998629,322712.576,322832.09728,119.52127999998629,5,4.072675993538159,RankSurprise
microVoSTN_L_1-3+,0,331606.6304,331768.54528,161.91487999999663,331606.6304,331768.54528,161.91487999999663,6,4.544163067955305,RankSurprise
microVoSTN_L_1-3+,0,335782.2976,336444.17024,661.872640000016,335782.2976,336444.17024,661.872640000016,15,6.7904378490539505,RankSurprise
microVoSTN_L_1-3+,0,344402.61632,344427.47904,24.862720000033733,344402.61632,344427.47904,24.862720000033733,3,4.61836901472333,RankSurprise
microVoSTN_L_1-3+,0,352202.99776,352237.32224,34.324480000010226,352202.99776,352237.32224,34.324480000010226,3,3.78548368969639,RankSurprise
microVoSTN_L_1-3+,0,355758.65344,355874.44736,115.79391999996733,355758.65344,355874.44736,115.79391999996733,6,5.9701811244832825,RankSurprise
microVoSTN_L_1-3+,0,361234.6368,361272.15616,37.519360000034794,361234.6368,361272.15616,37.519360000034794,3,3.5610107645165403,RankSurprise
microVoSTN_L_1-3+,0,368155.89376,368218.39872,62.504959999991115,368155.89376,368218.39872,62.504959999991115,5,6.946131936037219,RankSurprise
microVoSTN_L_1-3+,0,371812.7616,371896.03328,83.27167999994708,371812.7616,371896.03328,83.27167999994708,4,3.5446432484751362,RankSurprise
microVoSTN_L_1-3+,0,374272.28672,374307.47136,35.18464000005042,374272.28672,374307.47136,35.18464000005042,3,3.6866560179469,RankSurprise
microVoSTN_L_1-3+,0,374468.89472,374481.96096,13.066240000014659,374468.89472,374481.96096,13.066240000014659,3,7.112029288437565,RankSurprise
microVoSTN_L_1-3+,1,7231.0784,7256.55552,25.47711999999956,7231.0784,7256.55552,25.47711999999956,3,6.544036955035743,RankSurprise
microVoSTN_L_1-3+,1,19844.096,19938.7136,94.61759999999776,19844.096,19938.7136,94.61759999999776,3,4.555567191561634,RankSurprise
microVoSTN_L_1-3+,1,67878.58432,70261.02272,2382.438399999999,67878.58432,70261.02272,2382.438399999999,10,5.278526597154384,RankSurprise
microVoSTN_L_1-3+,1,75930.29632,81415.82336,5485.527040000001,75930.29632,81415.82336,5485.527040000001,17,5.225817469525276,RankSurprise
microVoSTN_L_1-3+,1,85811.24096,85953.69984,142.4588800000056,85811.24096,85953.69984,142.4588800000056,3,3.8691389612504334,RankSurprise
microVoSTN_L_1-3+,1,109608.26368,109811.34336,203.07967999999528,109608.26368,109811.34336,203.07967999999528,5,8.242128768840718,RankSurprise
microVoSTN_L_1-3+,1,118177.42336,118875.83232,698.4089600000007,118177.42336,118875.83232,698.4089600000007,5,4.353233128875885,RankSurprise
microVoSTN_L_1-3+,1,173783.12192,176239.32928,2456.2073600000003,173783.12192,176239.32928,2456.2073600000003,10,4.876839624865897,RankSurprise
microVoSTN_L_1-3+,1,267794.06336,267959.54176,165.4784000000218,267794.06336,267959.54176,165.4784000000218,3,3.960586448569014,RankSurprise
microVoSTN_L_1-3+,1,272549.888,274569.216,2019.3280000000377,272549.888,274569.216,2019.3280000000377,11,7.555150576898381,RankSurprise
microVoSTN_L_1-3+,1,284450.816,286252.68736,1801.87135999999,284450.816,286252.68736,1801.87135999999,8,4.812056021737499,RankSurprise
microVoSTN_L_1-3+,1,334868.60288,335523.2256,654.6227199999848,334868.60288,335523.2256,654.6227199999848,6,6.218343734779921,RankSurprise
microVoSTN_L_1-3+,1,350180.352,360391.02464,10210.672640000004,350180.352,360391.02464,10210.672640000004,30,7.471366429689116,RankSurprise
microVoSTN_L_1-3+,2,22120.32512,22368.09216,247.76703999999881,22120.32512,22368.09216,247.76703999999881,5,5.746387914013809,RankSurprise
microVoSTN_L_1-3+,2,26098.72896,26157.2608,58.53183999999965,26098.72896,26157.2608,58.53183999999965,3,4.562664357662017,RankSurprise
microVoSTN_L_1-3+,2,48429.50656,50089.41056,1659.903999999995,48429.50656,50089.41056,1659.903999999995,13,7.280972811875538,RankSurprise
microVoSTN_L_1-3+,2,52387.38944,52799.36512,411.9756800000032,52387.38944,52799.36512,411.9756800000032,5,3.879897512193846,RankSurprise
microVoSTN_L_1-3+,2,68984.25856,71850.43456,2866.175999999992,68984.25856,71850.43456,2866.175999999992,18,6.1561100109492815,RankSurprise
microVoSTN_L_1-3+,2,78056.57088,80635.0848,2578.5139199999976,78056.57088,80635.0848,2578.5139199999976,14,4.711186266405623,RankSurprise
microVoSTN_L_1-3+,2,114346.47552,115337.25696,990.7814399999916,114346.47552,115337.25696,990.7814399999916,11,9.138056762181927,RankSurprise
microVoSTN_L_1-3+,2,121675.93984,121786.5728,110.63295999998809,121675.93984,121786.5728,110.63295999998809,4,5.897263281361997,RankSurprise
microVoSTN_L_1-3+,2,135737.91744,136159.06816,421.1507200000051,135737.91744,136159.06816,421.1507200000051,6,5.99195943820861,RankSurprise
microVoSTN_L_1-3+,2,156181.17632,156427.42784,246.2515199999907,156181.17632,156427.42784,246.2515199999907,4,3.722273436290571,RankSurprise
microVoSTN_L_1-3+,2,186969.21088,187298.816,329.6051199999929,186969.21088,187298.816,329.6051199999929,6,6.27607330086245,RankSurprise
microVoSTN_L_1-3+,2,196693.89312,196827.50464,133.61152000000584,196693.89312,196827.50464,133.61152000000584,5,7.648114831996114,RankSurprise
microVoSTN_L_1-3+,2,264293.86752,264362.63936,68.77183999994304,264293.86752,264362.63936,68.77183999994304,3,4.135108291739661,RankSurprise
microVoSTN_L_1-3+,2,278607.872,279030.00576,422.133759999997,278607.872,279030.00576,422.133759999997,6,5.696122527004555,RankSurprise
microVoSTN_L_1-3+,2,304115.5072,304160.72704,45.21984000003431,304115.5072,304160.72704,45.21984000003431,3,5.080170320892757,RankSurprise
microVoSTN_L_1-3+,2,313566.208,313595.61728,29.40928000002168,313566.208,313595.61728,29.40928000002168,3,6.022934529434083,RankSurprise
microVoSTN_L_1-3+,2,315763.58912,316867.54304,1103.95392,315763.58912,316867.54304,1103.95392,8,4.264893893416773,RankSurprise
microVoSTN_L_1-3+,2,319325.51168,319348.57216,23.060479999985546,319325.51168,319348.57216,23.060479999985546,3,6.4532194552626265,RankSurprise
microVoSTN_L_1-3+,2,335004.91776,337083.92448,2079.006720000005,335004.91776,337083.92448,2079.006720000005,13,4.72740805858101,RankSurprise
microVoSTN_L_1-3+,2,351410.13504,351520.72704,110.59200000000419,351410.13504,351520.72704,110.59200000000419,3,3.62134580830036,RankSurprise
microVoSTN_L_1-3+,2,368564.59264,369105.63328,541.0406400000211,368564.59264,369105.63328,541.0406400000211,7,5.985404006127235,RankSurprise
microVoSTN_L_1-3+,2,374008.54528,374906.2656,897.720319999964,374008.54528,374906.2656,897.720319999964,10,7.693514327393824,RankSurprise
microVoSTN_L_1-3+,3,8846.5408,8935.34208,88.80127999999968,8846.5408,8935.34208,88.80127999999968,4,4.219268836810766,RankSurprise
microVoSTN_L_1-3+,3,10396.83584,11815.48544,1418.6496000000006,10396.83584,11815.48544,1418.6496000000006,21,8.071637449738551,RankSurprise
microVoSTN_L_1-3+,3,22406.43072,22514.4832,108.05247999999847,22406.43072,22514.4832,108.05247999999847,4,3.82599139357297,RankSurprise
microVoSTN_L_1-3+,3,25755.36128,25831.0144,75.65311999999903,25755.36128,25831.0144,75.65311999999903,4,5.071373927529997,RankSurprise
microVoSTN_L_1-3+,3,27881.472,27964.25216,82.78015999999843,27881.472,27964.25216,82.78015999999843,4,4.482629478063803,RankSurprise
microVoSTN_L_1-3+,3,32536.41216,32685.34272,148.9305600000007,32536.41216,32685.34272,148.9305600000007,7,8.772063047869459,RankSurprise
microVoSTN_L_1-3+,3,41211.94496,41262.81728,50.87232000000222,41211.94496,41262.81728,50.87232000000222,3,3.5795437143553066,RankSurprise
microVoSTN_L_1-3+,3,43719.51616,43733.03296,13.516799999997602,43719.51616,43733.03296,13.516799999997602,3,7.399261635537716,RankSurprise
microVoSTN_L_1-3+,3,45441.88416,45715.41504,273.53087999999843,45441.88416,45715.41504,273.53087999999843,7,5.133905250579497,RankSurprise
microVoSTN_L_1-3+,3,49949.81888,49971.6096,21.790720000004512,49949.81888,49971.6096,21.790720000004512,3,5.563531288576177,RankSurprise
microVoSTN_L_1-3+,3,67435.3152,67531.3664,96.0512000000017,67435.3152,67531.3664,96.0512000000017,4,4.122196164822366,RankSurprise
microVoSTN_L_1-3+,3,72394.83392,73210.10176,815.2678400000004,72394.83392,73210.10176,815.2678400000004,12,3.693329806359493,RankSurprise
microVoSTN_L_1-3+,3,74629.5296,75097.088,467.558400000009,74629.5296,75097.088,467.558400000009,9,4.994300931005221,RankSurprise
microVoSTN_L_1-3+,3,77502.01344,77856.64512,354.6316800000059,77502.01344,77856.64512,354.6316800000059,8,5.352160628578751,RankSurprise
microVoSTN_L_1-3+,3,78482.18624,79864.29952,1382.113280000005,78482.18624,79864.29952,1382.113280000005,20,6.715929362479521,RankSurprise
microVoSTN_L_1-3+,3,94001.27488,94331.04384,329.76896000000124,94001.27488,94331.04384,329.76896000000124,7,3.950902878258586,RankSurprise
microVoSTN_L_1-3+,3,102406.10304,102596.77184,190.66879999999946,102406.10304,102596.77184,190.66879999999946,5,3.611807850653072,RankSurprise
microVoSTN_L_1-3+,3,105191.30112,105455.53408,264.2329599999939,105191.30112,105455.53408,264.2329599999939,7,5.299549324250458,RankSurprise
microVoSTN_L_1-3+,3,108483.7888,108525.93664,42.14784000000509,108483.7888,108525.93664,42.14784000000509,3,3.9245368073370877,RankSurprise
microVoSTN_L_1-3+,3,110551.32672,110578.64704,27.3203199999989,110551.32672,110578.64704,27.3203199999989,3,4.834756163561014,RankSurprise
microVoSTN_L_1-3+,3,111554.31424,112319.2832,764.9689599999983,111554.31424,112319.2832,764.9689599999983,11,4.368938535338938,RankSurprise
microVoSTN_L_1-3+,3,115633.88928,115967.83616,333.94688000000315,115633.88928,115967.83616,333.94688000000315,7,4.427347819887785,RankSurprise
microVoSTN_L_1-3+,3,118920.72448,118967.54176,46.817279999988386,118920.72448,118967.54176,46.817279999988386,3,3.673568208301063,RankSurprise
microVoSTN_L_1-3+,3,119435.264,119684.05504,248.79104000001098,119435.264,119684.05504,248.79104000001098,6,4.1091661656575935,RankSurprise
microVoSTN_L_1-3+,3,120509.72672,120615.89504,106.16831999999704,120509.72672,120615.89504,106.16831999999704,4,3.7972830188865494,RankSurprise
microVoSTN_L_1-3+,3,123070.50496,123101.96224,31.457279999987804,123070.50496,123101.96224,31.457279999987804,3,4.502632784738381,RankSurprise
microVoSTN_L_1-3+,3,132240.5888,132281.7536,41.16479999999865,132240.5888,132281.7536,41.16479999999865,3,3.9190872025695214,RankSurprise
microVoSTN_L_1-3+,3,135468.76928,135709.98272,241.21343999999226,135468.76928,135709.98272,241.21343999999226,8,7.8146459571520195,RankSurprise
microVoSTN_L_1-3+,3,144767.87712,144797.12256,29.24543999999878,144767.87712,144797.12256,29.24543999999878,3,4.826172419869621,RankSurprise
microVoSTN_L_1-3+,3,154945.98656,155052.11392,106.12736000001314,154945.98656,155052.11392,106.12736000001314,4,3.8452840793394643,RankSurprise
microVoSTN_L_1-3+,3,177280.24576,177299.0464,18.800640000001295,177280.24576,177299.0464,18.800640000001295,3,6.132720398463025,RankSurprise
microVoSTN_L_1-3+,3,198845.11232,198995.3536,150.24128000001656,198845.11232,198995.3536,150.24128000001656,5,4.516792258931595,RankSurprise
microVoSTN_L_1-3+,3,230914.2528,230995.51744,81.26464000000851,230914.2528,230995.51744,81.26464000000851,4,4.596464412178516,RankSurprise
microVoSTN_L_1-3+,3,232385.29024,232413.88032,28.590079999994487,232385.29024,232413.88032,28.590079999994487,3,4.809114669623256,RankSurprise
microVoSTN_L_1-3+,3,245111.76704,245398.20032,286.43327999999747,245111.76704,245398.20032,286.43327999999747,6,3.577418377700355,RankSurprise
microVoSTN_L_1-3+,3,252079.47264,252115.51744,36.044800000003306,252079.47264,252115.51744,36.044800000003306,3,4.301771481877434,RankSurprise
microVoSTN_L_1-3+,3,269843.21024,269878.64064,35.430400000012014,269843.21024,269878.64064,35.430400000012014,3,4.143460629643508,RankSurprise
microVoSTN_L_1-3+,3,278921.74848,279883.9808,962.2323200000101,278921.74848,279883.9808,962.2323200000101,16,7.551800192738846,RankSurprise
microVoSTN_L_1-3+,3,283505.90976,283544.49408,38.58431999996537,283505.90976,283544.49408,38.58431999996537,3,4.107260463991256,RankSurprise
microVoSTN_L_1-3+,3,284993.08544,285341.85984,348.7743999999948,284993.08544,285341.85984,348.7743999999948,7,4.175031702593762,RankSurprise
microVoSTN_L_1-3+,3,287233.80224,287308.14464,74.34240000002319,287233.80224,287308.14464,74.34240000002319,4,4.860513985978368,RankSurprise
microVoSTN_L_1-3+,3,287915.90912,287994.0608,78.15167999995174,287915.90912,287994.0608,78.15167999995174,4,4.820063874438112,RankSurprise
microVoSTN_L_1-3+,3,291442.23744,291744.07168,301.8342399999965,291442.23744,291744.07168,301.8342399999965,7,4.678059062322833,RankSurprise
microVoSTN_L_1-3+,3,293932.93312,294066.29888,133.36576000001514,293932.93312,294066.29888,133.36576000001514,5,4.958664851212603,RankSurprise
microVoSTN_L_1-3+,3,294727.43424,294755.1232,27.688959999999497,294727.43424,294755.1232,27.688959999999497,4,8.486061097420656,RankSurprise
microVoSTN_L_1-3+,3,298339.69664,298555.96544,216.26880000001984,298339.69664,298555.96544,216.26880000001984,6,4.798350987193423,RankSurprise
microVoSTN_L_1-3+,3,298881.67936,299290.4192,408.73983999999473,298881.67936,299290.4192,408.73983999999473,9,5.959082979614857,RankSurprise
microVoSTN_L_1-3+,3,303272.26368,303353.28256,81.01888000004692,303272.26368,303353.28256,81.01888000004692,4,4.659272091316463,RankSurprise
microVoSTN_L_1-3+,3,306597.60128,306707.74272,110.14143999997759,306597.60128,306707.74272,110.14143999997759,4,3.6881800078171807,RankSurprise
microVoSTN_L_1-3+,3,316560.50688,316583.7312,23.224319999979343,316560.50688,316583.7312,23.224319999979343,3,5.341078106636989,RankSurprise
microVoSTN_L_1-3+,3,317172.9408,317366.4768,193.5360000000219,317172.9408,317366.4768,193.5360000000219,6,5.199923663191136,RankSurprise
microVoSTN_L_1-3+,3,320619.43808,320793.76384,174.3257600000361,320619.43808,320793.76384,174.3257600000361,5,3.8766564917611994,RankSurprise
microVoSTN_L_1-3+,3,321732.64896,321842.87232,110.2233600000036,321732.64896,321842.87232,110.2233600000036,5,6.121261482557777,RankSurprise
microVoSTN_L_1-3+,3,327044.34176,327282.688,238.3462400000426,327044.34176,327282.688,238.3462400000426,6,4.183031579026063,RankSurprise
microVoSTN_L_1-3+,3,327906.42688,328042.61888,136.19200000003912,327906.42688,328042.61888,136.19200000003912,5,4.914893331887452,RankSurprise
microVoSTN_L_1-3+,3,333595.72992,333707.79648,112.06656000000658,333595.72992,333707.79648,112.06656000000658,4,3.663789612773609,RankSurprise
microVoSTN_L_1-3+,3,336752.4352,336788.43904,36.00384000001941,336752.4352,336788.43904,36.00384000001941,4,7.310330502953644,RankSurprise
microVoSTN_L_1-3+,3,339236.4544,339262.42304,25.96864000003552,339236.4544,339262.42304,25.96864000003552,3,5.091402015810399,RankSurprise
microVoSTN_L_1-3+,3,340275.6096,340936.78592,661.1763199999696,340275.6096,340936.78592,661.1763199999696,12,5.562465242656478,RankSurprise
microVoSTN_L_1-3+,3,347608.14592,347699.28192,91.1359999999986,347608.14592,347699.28192,91.1359999999986,4,4.278311392473515,RankSurprise
microVoSTN_L_1-3+,3,349609.73824,349724.63104,114.89280000003055,349609.73824,349724.63104,114.89280000003055,4,3.5272674516901894,RankSurprise
microVoSTN_L_1-3+,3,351823.99488,351857.62304,33.62815999996383,351823.99488,351857.62304,33.62815999996383,3,4.517258127312067,RankSurprise
microVoSTN_L_1-3+,3,359964.22144,360385.20832,420.9868799999822,359964.22144,360385.20832,420.9868799999822,9,5.618858524524425,RankSurprise
microVoSTN_L_1-3+,3,364750.52032,365280.21504,529.6947199999704,364750.52032,365280.21504,529.6947199999704,8,3.7115214769959404,RankSurprise
microVoSTN_L_1-3+,3,367023.26784,367209.84064,186.57280000002356,367023.26784,367209.84064,186.57280000002356,5,4.005276565910577,RankSurprise
microVoSTN_L_1-3+,3,368256.77824,368291.14368,34.36543999996502,368256.77824,368291.14368,34.36543999996502,3,4.396224377700072,RankSurprise
microVoSTN_L_1-3+,3,369574.87104,369588.30592,13.434880000015255,369574.87104,369588.30592,13.434880000015255,3,6.931363586856332,RankSurprise
microVoSTN_L_1-3+,3,374662.63552,375220.06016,557.4246399999829,374662.63552,375220.06016,557.4246399999829,11,6.46458300575905,RankSurprise
microVoSTN_L_1-3+,4,553.00096,780.86144,227.86048000000005,553.00096,780.86144,227.86048000000005,5,4.084166316259658,RankSurprise
microVoSTN_L_1-3+,4,3996.01664,4631.9616,635.9449599999998,3996.01664,4631.9616,635.9449599999998,9,3.857126134537332,RankSurprise
microVoSTN_L_1-3+,4,10564.68992,10665.24672,100.55679999999847,10564.68992,10665.24672,100.55679999999847,5,6.792952259455841,RankSurprise
microVoSTN_L_1-3+,4,22623.232,22718.99648,95.76448000000164,22623.232,22718.99648,95.76448000000164,4,4.5209488374258555,RankSurprise
microVoSTN_L_1-3+,4,23400.20224,23508.41856,108.21631999999954,23400.20224,23508.41856,108.21631999999954,4,4.179671578524765,RankSurprise
microVoSTN_L_1-3+,4,33302.77376,33648.8448,346.07104000000254,33302.77376,33648.8448,346.07104000000254,7,5.039234742902706,RankSurprise
microVoSTN_L_1-3+,4,39334.25664,39441.57184,107.31519999999728,39334.25664,39441.57184,107.31519999999728,4,4.384676204814106,RankSurprise
microVoSTN_L_1-3+,4,45406.78144,45436.35456,29.573120000000927,45406.78144,45436.35456,29.573120000000927,3,4.732337498033276,RankSurprise
microVoSTN_L_1-3+,4,49043.37408,49671.45472,628.0806400000001,49043.37408,49671.45472,628.0806400000001,11,7.151610858222697,RankSurprise
microVoSTN_L_1-3+,4,51435.80672,51587.97312,152.1664000000019,51435.80672,51587.97312,152.1664000000019,5,5.44608220986931,RankSurprise
microVoSTN_L_1-3+,4,61535.76448,61678.14144,142.37696000000142,61535.76448,61678.14144,142.37696000000142,5,5.29267787424503,RankSurprise
microVoSTN_L_1-3+,4,67771.31008,68943.21664,1171.906560000003,67771.31008,68943.21664,1171.906560000003,15,6.51043578963121,RankSurprise
microVoSTN_L_1-3+,4,70838.84544,71149.73184,310.8863999999885,70838.84544,71149.73184,310.8863999999885,6,3.829562329662041,RankSurprise
microVoSTN_L_1-3+,4,73739.83744,74407.936,668.0985599999985,73739.83744,74407.936,668.0985599999985,12,7.292034084675506,RankSurprise
microVoSTN_L_1-3+,4,79314.61632,79609.40544,294.7891200000013,79314.61632,79609.40544,294.7891200000013,8,7.223119174575352,RankSurprise
microVoSTN_L_1-3+,4,82361.9584,82447.40096,85.44255999999586,82361.9584,82447.40096,85.44255999999586,4,5.118948996395268,RankSurprise
microVoSTN_L_1-3+,4,112386.29376,112399.27808,12.984320000003208,112386.29376,112399.27808,12.984320000003208,3,6.817905973540615,RankSurprise
microVoSTN_L_1-3+,4,115953.09056,116084.98176,131.8911999999982,115953.09056,116084.98176,131.8911999999982,9,15.562101061122085,RankSurprise
microVoSTN_L_1-3+,4,122310.4512,122356.65408,46.202879999997094,122310.4512,122356.65408,46.202879999997094,3,3.8647714874438073,RankSurprise
microVoSTN_L_1-3+,4,135996.70272,136039.34208,42.639360000001034,135996.70272,136039.34208,42.639360000001034,3,4.211224655477997,RankSurprise
microVoSTN_L_1-3+,4,147105.5872,147689.92256,584.3353599999973,147105.5872,147689.92256,584.3353599999973,10,5.581294063744551,RankSurprise
microVoSTN_L_1-3+,4,168996.33152,169042.49344,46.16191999998409,168996.33152,169042.49344,46.16191999998409,3,3.9976879262032003,RankSurprise
microVoSTN_L_1-3+,4,171393.67936,171405.312,11.632639999996172,171393.67936,171405.312,11.632639999996172,3,7.320570665974138,RankSurprise
microVoSTN_L_1-3+,4,179564.29824,179588.79232,24.494080000004033,179564.29824,179588.79232,24.494080000004033,3,5.309448368271779,RankSurprise
microVoSTN_L_1-3+,4,187139.85024,187193.38496,53.534719999996014,187139.85024,187193.38496,53.534719999996014,4,6.424909338091155,RankSurprise
microVoSTN_L_1-3+,4,193235.1488,193458.66752,223.51871999999275,193235.1488,193458.66752,223.51871999999275,5,4.0049898196866955,RankSurprise
microVoSTN_L_1-3+,4,195549.83936,195586.08896,36.249599999981,195549.83936,195586.08896,36.249599999981,3,4.496189862295859,RankSurprise
microVoSTN_L_1-3+,4,198051.71712,198825.7792,774.0620800000033,198051.71712,198825.7792,774.0620800000033,10,3.585507008258512,RankSurprise
microVoSTN_L_1-3+,4,200123.47392,200327.86432,204.39040000000386,200123.47392,200327.86432,204.39040000000386,5,4.1401847909311265,RankSurprise
microVoSTN_L_1-3+,4,226558.64832,226642.20672,83.55839999997988,226558.64832,226642.20672,83.55839999997988,4,4.842199051848741,RankSurprise
microVoSTN_L_1-3+,4,274077.20448,274112.55296,35.34847999998601,274077.20448,274112.55296,35.34847999998601,3,4.450316050237573,RankSurprise
microVoSTN_L_1-3+,4,276831.80544,276869.61152,37.80607999995118,276831.80544,276869.61152,37.80607999995118,3,4.251876629473937,RankSurprise
microVoSTN_L_1-3+,4,277952.02048,278836.06016,884.0396799999871,277952.02048,278836.06016,884.0396799999871,13,6.370969605666804,RankSurprise
microVoSTN_L_1-3+,4,291617.21856,291671.81824,54.5996799999848,291617.21856,291671.81824,54.5996799999848,3,3.6288288392107564,RankSurprise
microVoSTN_L_1-3+,4,297064.77568,297255.56736,190.7916799999657,297064.77568,297255.56736,190.7916799999657,5,4.265530893461193,RankSurprise
microVoSTN_L_1-3+,4,312156.61056,312347.4432,190.8326399999787,312156.61056,312347.4432,190.8326399999787,5,4.2041577858237105,RankSurprise
microVoSTN_L_1-3+,4,314624.12288,314650.4192,26.296320000023115,314624.12288,314650.4192,26.296320000023115,4,8.623606979061359,RankSurprise
microVoSTN_L_1-3+,4,315232.6656,315354.9312,122.26559999998426,315232.6656,315354.9312,122.26559999998426,4,4.013833744380317,RankSurprise
microVoSTN_L_1-3+,4,318050.87744,318065.70496,14.827519999991637,318050.87744,318065.70496,14.827519999991637,3,6.276133113897341,RankSurprise
microVoSTN_L_1-3+,4,325118.52544,325343.31392,224.78847999998834,325118.52544,325343.31392,224.78847999998834,7,7.079817011189569,RankSurprise
microVoSTN_L_1-3+,4,328714.48576,329120.768,406.28223999997135,328714.48576,329120.768,406.28223999997135,8,5.545540935772623,RankSurprise
microVoSTN_L_1-3+,4,334757.80608,334762.51648,4.710399999981746,334757.80608,334762.51648,4.710399999981746,3,10.038099611030892,RankSurprise
microVoSTN_L_1-3+,4,335241.46176,337095.0656,1853.6038399999961,335241.46176,337095.0656,1853.6038399999961,17,3.5626352782200454,RankSurprise
microVoSTN_L_1-3+,4,339121.5616,340999.41376,1877.8521600000095,339121.5616,340999.41376,1877.8521600000095,19,4.484381966797985,RankSurprise
microVoSTN_L_1-3+,4,349216.5632,349545.18528,328.622080000001,349216.5632,349545.18528,328.622080000001,6,3.912934812012418,RankSurprise
microVoSTN_L_1-3+,4,356358.59456,356625.6128,267.0182400000049,356358.59456,356625.6128,267.0182400000049,6,4.504592671785204,RankSurprise
microVoSTN_L_1-3+,4,358611.10784,358684.2624,73.1545599999954,358611.10784,358684.2624,73.1545599999954,4,5.274156500731724,RankSurprise
microVoSTN_L_1-3+,4,364723.52768,364748.30848,24.78080000000773,364723.52768,364748.30848,24.78080000000773,3,5.268067089620615,RankSurprise
microVoSTN_L_1-3+,4,369282.4576,370882.7648,1600.307199999981,369282.4576,370882.7648,1600.307199999981,18,6.040936780649926,RankSurprise
microVoSTN_L_1-3+,4,374485.8112,375679.95904,1194.1478399999905,374485.8112,375679.95904,1194.1478399999905,19,10.237274591054376,RankSurprise
microVoSTN_L_2-3+,0,20206.592,20321.4848,114.8927999999978,20206.592,20321.4848,114.8927999999978,3,3.537674135151784,RankSurprise
microVoSTN_L_2-3+,0,23602.33984,24762.368,1160.028159999998,23602.33984,24762.368,1160.028159999998,11,7.881744723717709,RankSurprise
microVoSTN_L_2-3+,0,29422.55104,29509.4272,86.8761599999998,29422.55104,29509.4272,86.8761599999998,4,6.7492204548259505,RankSurprise
microVoSTN_L_2-3+,0,42761.99424,42944.02048,182.02623999999923,42761.99424,42944.02048,182.02623999999923,4,4.444377541891679,RankSurprise
microVoSTN_L_2-3+,0,43697.72544,44347.51488,649.7894400000005,43697.72544,44347.51488,649.7894400000005,6,4.015105425056612,RankSurprise
microVoSTN_L_2-3+,0,73135.39072,73991.82336,856.4326399999991,73135.39072,73991.82336,856.4326399999991,8,5.152705510759519,RankSurprise
microVoSTN_L_2-3+,0,82848.11264,83321.77408,473.6614399999962,82848.11264,83321.77408,473.6614399999962,5,3.5628343132979445,RankSurprise
microVoSTN_L_2-3+,0,91667.82464,94142.17728,2474.3526399999973,91667.82464,94142.17728,2474.3526399999973,14,5.651858371006498,RankSurprise
microVoSTN_L_2-3+,0,112376.29952,112586.21952,209.91999999999825,112376.29952,112586.21952,209.91999999999825,5,6.708316919788068,RankSurprise
microVoSTN_L_2-3+,0,117621.9648,118846.70976,1224.7449599999964,117621.9648,118846.70976,1224.7449599999964,9,4.637273215790552,RankSurprise
microVoSTN_L_2-3+,0,122830.47936,123307.4176,476.93824000000313,122830.47936,123307.4176,476.93824000000313,5,3.5868404544049106,RankSurprise
microVoSTN_L_2-3+,0,134131.87584,134604.5952,472.71936000001733,134131.87584,134604.5952,472.71936000001733,5,3.99859736344602,RankSurprise
microVoSTN_L_2-3+,0,149015.01952,149158.21568,143.19615999999223,149015.01952,149158.21568,143.19615999999223,4,5.2167113908872125,RankSurprise
microVoSTN_L_2-3+,0,152496.78336,153733.98016,1237.1968000000052,152496.78336,153733.98016,1237.1968000000052,11,7.6378177358318124,RankSurprise
microVoSTN_L_2-3+,0,178255.21664,178328.08448,72.8678399999917,178255.21664,178328.08448,72.8678399999917,3,4.345799300440504,RankSurprise
microVoSTN_L_2-3+,0,219451.43296,219530.36288,78.92991999999504,219451.43296,219530.36288,78.92991999999504,3,4.231011773763919,RankSurprise
microVoSTN_L_2-3+,0,237196.24704,238390.55872,1194.3116800000134,237196.24704,238390.55872,1194.3116800000134,10,6.409032540609486,RankSurprise
microVoSTN_L_2-3+,0,252969.08288,253204.6848,235.60191999998642,252969.08288,253204.6848,235.60191999998642,4,4.091026163902622,RankSurprise
microVoSTN_L_2-3+,0,264753.02912,265011.36384,258.3347199999844,264753.02912,265011.36384,258.3347199999844,4,3.822689582385923,RankSurprise
microVoSTN_L_2-3+,0,286338.94912,286588.7232,249.77408000000287,286338.94912,286588.7232,249.77408000000287,4,4.099810993458355,RankSurprise
microVoSTN_L_2-3+,0,290161.17248,290242.9696,81.7971200000029,290161.17248,290242.9696,81.7971200000029,4,6.992905647396277,RankSurprise
microVoSTN_L_2-3+,0,310604.5952,310707.56864,102.97344000003068,310604.5952,310707.56864,102.97344000003068,3,3.7019907893867376,RankSurprise
microVoSTN_L_2-3+,0,325899.14112,326979.33824,1080.1971200000262,325899.14112,326979.33824,1080.1971200000262,9,5.461822106900646,RankSurprise
microVoSTN_L_2-3+,0,338928.2304,339381.08416,452.85376000002725,338928.2304,339381.08416,452.85376000002725,6,5.117446513898102,RankSurprise
microVoSTN_L_2-3+,0,362341.66272,362381.96736,40.30463999998756,362341.66272,362381.96736,40.30463999998756,3,5.531565406095636,RankSurprise
microVoSTN_L_2-3+,1,14953.55392,15848.61184,895.0579199999993,14953.55392,15848.61184,895.0579199999993,6,4.832360456115605,RankSurprise
microVoSTN_L_2-3+,1,31347.79392,32285.12256,937.3286399999997,31347.79392,32285.12256,937.3286399999997,6,4.7541457895645625,RankSurprise
microVoSTN_L_2-3+,1,37836.22656,38544.87552,708.6489599999986,37836.22656,38544.87552,708.6489599999986,7,7.966928347925148,RankSurprise
microVoSTN_L_2-3+,1,68522.51648,68835.45088,312.9343999999983,68522.51648,68835.45088,312.9343999999983,4,4.975905439890598,RankSurprise
microVoSTN_L_2-3+,1,122661.43744,122771.78368,110.34623999999894,122661.43744,122771.78368,110.34623999999894,3,4.870048769422294,RankSurprise
microVoSTN_L_2-3+,1,129896.98048,130261.48352,364.50303999999596,129896.98048,130261.48352,364.50303999999596,4,4.510678597240178,RankSurprise
microVoSTN_L_2-3+,1,163685.94944,163783.59808,97.64863999999943,163685.94944,163783.59808,97.64863999999943,3,4.981198013256366,RankSurprise
microVoSTN_L_2-3+,1,180530.83136,183685.28384,3154.452479999978,180530.83136,183685.28384,3154.452479999978,14,8.748241513547349,RankSurprise
microVoSTN_L_2-3+,1,222667.03872,224703.85664,2036.8179200000013,222667.03872,224703.85664,2036.8179200000013,9,4.573200434942256,RankSurprise
microVoSTN_L_2-3+,1,244488.72448,244908.40064,419.6761600000027,244488.72448,244908.40064,419.6761600000027,4,4.122534225279651,RankSurprise
microVoSTN_L_2-3+,1,261221.00736,261411.88096,190.87360000002082,261221.00736,261411.88096,190.87360000002082,3,3.8055619715193707,RankSurprise
microVoSTN_L_2-3+,1,264965.07904,265113.14944,148.07040000002598,264965.07904,265113.14944,148.07040000002598,3,4.33560808522547,RankSurprise
microVoSTN_L_2-3+,1,330720.256,331881.30816,1161.052160000021,330720.256,331881.30816,1161.052160000021,6,3.6911682149525755,RankSurprise
microVoSTN_L_2-3+,1,335570.20672,335953.83808,383.6313599999994,335570.20672,335953.83808,383.6313599999994,4,4.30259125994105,RankSurprise
microVoSTN_L_2-3+,2,3083.01824,3416.02304,333.00480000000016,3083.01824,3416.02304,333.00480000000016,5,5.9367355023790545,RankSurprise
microVoSTN_L_2-3+,2,11625.0624,11757.60896,132.54655999999886,11625.0624,11757.60896,132.54655999999886,3,3.8963962945198105,RankSurprise
microVoSTN_L_2-3+,2,13063.94624,13224.18176,160.23552000000018,13063.94624,13224.18176,160.23552000000018,4,6.062708075256253,RankSurprise
microVoSTN_L_2-3+,2,20740.62848,24667.42272,3926.7942399999993,20740.62848,24667.42272,3926.7942399999993,17,6.495599081936987,RankSurprise
microVoSTN_L_2-3+,2,30760.63232,32124.928,1364.2956799999993,30760.63232,32124.928,1364.2956799999993,8,4.517108585135072,RankSurprise
microVoSTN_L_2-3+,2,80790.528,81119.72352,329.19551999999385,80790.528,81119.72352,329.19551999999385,5,6.0353335719444345,RankSurprise
microVoSTN_L_2-3+,2,85822.6688,86351.62624,528.9574399999983,85822.6688,86351.62624,528.9574399999983,5,4.321820891243423,RankSurprise
microVoSTN_L_2-3+,2,114817.67936,115807.232,989.552640000009,114817.67936,115807.232,989.552640000009,6,3.9319493895982744,RankSurprise
microVoSTN_L_2-3+,2,125384.4992,126076.06784,691.5686399999977,125384.4992,126076.06784,691.5686399999977,6,4.992345464241673,RankSurprise
microVoSTN_L_2-3+,2,142005.61664,142511.3088,505.69216000000597,142005.61664,142511.3088,505.69216000000597,5,4.551276110651877,RankSurprise
microVoSTN_L_2-3+,2,179275.12064,179309.568,34.44735999999102,179275.12064,179309.568,34.44735999999102,3,6.559734027842124,RankSurprise
microVoSTN_L_2-3+,2,224126.32064,224339.02592,212.70527999999467,224126.32064,224339.02592,212.70527999999467,4,5.2489560501394426,RankSurprise
microVoSTN_L_2-3+,2,226105.79456,226218.72128,112.92671999998856,226105.79456,226218.72128,112.92671999998856,3,4.096567364690529,RankSurprise
microVoSTN_L_2-3+,2,233193.14432,233831.17824,638.0339200000162,233193.14432,233831.17824,638.0339200000162,6,5.458909741305703,RankSurprise
microVoSTN_L_2-3+,2,237519.0528,237884.12928,365.0764799999888,237519.0528,237884.12928,365.0764799999888,7,10.29432639322922,RankSurprise
microVoSTN_L_2-3+,2,239242.48576,242642.1248,3399.63903999998,239242.48576,242642.1248,3399.63903999998,13,4.094834913425896,RankSurprise
microVoSTN_L_2-3+,2,303134.39232,304189.2352,1054.842880000011,303134.39232,304189.2352,1054.842880000011,7,5.399762373204199,RankSurprise
microVoSTN_L_2-3+,2,319883.71456,320171.6224,287.90783999999985,319883.71456,320171.6224,287.90783999999985,4,4.28004986591354,RankSurprise
microVoSTN_L_2-3+,2,330273.75104,334844.80512,4571.054079999973,330273.75104,334844.80512,4571.054079999973,17,4.410916415234289,RankSurprise
microVoSTN_L_2-3+,2,340475.45344,340565.03296,89.57951999997022,340475.45344,340565.03296,89.57951999997022,3,4.521450558655795,RankSurprise
microVoSTN_L_2-3+,2,342313.984,343960.61696,1646.6329600000172,342313.984,343960.61696,1646.6329600000172,8,3.7121451122925566,RankSurprise
microVoSTN_L_4-5+,1,2272.29696,2455.7568,183.45983999999999,2272.29696,2455.7568,183.45983999999999,4,4.372374601673322,RankSurprise
microVoSTN_L_4-5+,1,11542.60992,12198.01088,655.400959999999,11542.60992,12198.01088,655.400959999999,8,6.430160190850953,RankSurprise
microVoSTN_L_4-5+,1,13252.608,14269.39904,1016.7910400000001,13252.608,14269.39904,1016.7910400000001,9,5.71850995016129,RankSurprise
microVoSTN_L_4-5+,1,16818.3808,17082.08128,263.7004799999995,16818.3808,17082.08128,263.7004799999995,5,5.702133349149282,RankSurprise
microVoSTN_L_4-5+,1,34091.6224,34566.43072,474.80831999999646,34091.6224,34566.43072,474.80831999999646,6,5.203173225375195,RankSurprise
microVoSTN_L_4-5+,1,35925.31968,35994.78784,69.46815999999671,35925.31968,35994.78784,69.46815999999671,3,4.168548067634113,RankSurprise
microVoSTN_L_4-5+,1,55393.32096,55884.96384,491.6428799999994,55393.32096,55884.96384,491.6428799999994,6,4.551018446931256,RankSurprise
microVoSTN_L_4-5+,1,60482.92864,60661.26848,178.33984000000055,60482.92864,60661.26848,178.33984000000055,5,6.992733220675273,RankSurprise
microVoSTN_L_4-5+,1,63545.18016,63925.6576,380.4774399999951,63545.18016,63925.6576,380.4774399999951,5,4.374637122073821,RankSurprise
microVoSTN_L_4-5+,1,83909.30432,85566.30016,1656.9958400000032,83909.30432,85566.30016,1656.9958400000032,15,9.29366287151347,RankSurprise
microVoSTN_L_4-5+,1,97164.45184,97415.86432,251.41247999999905,97164.45184,97415.86432,251.41247999999905,4,3.617304708391565,RankSurprise
microVoSTN_L_4-5+,1,99719.04512,100578.63168,859.5865600000106,99719.04512,100578.63168,859.5865600000106,8,5.857375315966124,RankSurprise
microVoSTN_L_4-5+,1,135788.17536,136085.74976,297.57440000001225,135788.17536,136085.74976,297.57440000001225,4,3.524513395237168,RankSurprise
microVoSTN_L_4-5+,1,141978.46016,142327.23456,348.7744000000239,141978.46016,142327.23456,348.7744000000239,6,6.514228874744681,RankSurprise
microVoSTN_L_4-5+,1,151362.47808,151810.58048,448.1024000000034,151362.47808,151810.58048,448.1024000000034,5,3.7040542630586195,RankSurprise
microVoSTN_L_4-5+,1,157622.31296,157701.7344,79.42143999997643,157622.31296,157701.7344,79.42143999997643,3,4.043014742824045,RankSurprise
microVoSTN_L_4-5+,1,161708.35968,162060.12416,351.76448000001255,161708.35968,162060.12416,351.76448000001255,5,4.744752077998118,RankSurprise
microVoSTN_L_4-5+,1,180675.7888,181948.53888,1272.750079999998,180675.7888,181948.53888,1272.750079999998,10,5.602165679047696,RankSurprise
microVoSTN_L_4-5+,1,210261.56544,210561.2288,299.6633600000059,210261.56544,210561.2288,299.6633600000059,4,3.795255303034171,RankSurprise
microVoSTN_L_4-5+,1,233064.48896,233675.28448,610.7955200000142,233064.48896,233675.28448,610.7955200000142,6,3.7217609402994887,RankSurprise
microVoSTN_L_4-5+,1,259040.4608,259468.82048,428.3596799999941,259040.4608,259468.82048,428.3596799999941,6,5.226447235162723,RankSurprise
microVoSTN_L_4-5+,1,263301.40672,263396.67968,95.27295999997295,263301.40672,263396.67968,95.27295999997295,3,3.5235519950586447,RankSurprise
microVoSTN_L_4-5+,1,304495.0016,304595.84512,100.8435199999949,304495.0016,304595.84512,100.8435199999949,3,3.707732864442784,RankSurprise
microVoSTN_L_4-5+,1,368939.99104,368955.76064,15.769599999999627,368939.99104,368955.76064,15.769599999999627,3,7.487465942334472,RankSurprise
microVoSTN_L_4-5+,3,15010.97984,17211.84256,2200.862720000001,15010.97984,17211.84256,2200.862720000001,13,9.595555334259162,RankSurprise
microVoSTN_L_4-5+,3,22154.07616,24780.75904,2626.6828800000003,22154.07616,24780.75904,2626.6828800000003,11,5.082232645872312,RankSurprise
microVoSTN_L_4-5+,3,27792.5888,30305.60768,2513.0188799999996,27792.5888,30305.60768,2513.0188799999996,11,5.738009247156485,RankSurprise
microVoSTN_L_4-5+,3,41792.7168,44534.70208,2741.985280000001,41792.7168,44534.70208,2741.985280000001,10,4.108118820807952,RankSurprise
microVoSTN_L_4-5+,3,47310.92992,47637.54496,326.61503999999695,47310.92992,47637.54496,326.61503999999695,5,6.387170528248898,RankSurprise
microVoSTN_L_4-5+,3,58003.12832,64710.2464,6707.11808,58003.12832,64710.2464,6707.11808,19,4.234814757772938,RankSurprise
microVoSTN_L_4-5+,3,83352.45312,85929.5744,2577.121279999992,83352.45312,85929.5744,2577.121279999992,14,8.9377693053304,RankSurprise
microVoSTN_L_4-5+,3,130693.48864,133111.07072,2417.582079999993,130693.48864,133111.07072,2417.582079999993,11,5.53796561746393,RankSurprise
microVoSTN_L_4-5+,3,182548.93056,182669.76256,120.83199999999488,182548.93056,182669.76256,120.83199999999488,4,7.323094887286473,RankSurprise
microVoSTN_L_4-5+,3,211162.43968,211880.79616,718.3564799999876,211162.43968,211880.79616,718.3564799999876,5,3.9327531961852316,RankSurprise
microVoSTN_L_4-5+,3,257240.51456,257341.19424,100.6796800000011,257240.51456,257341.19424,100.6796800000011,3,4.621214462532707,RankSurprise
microVoSTN_L_4-5+,3,292032.22528,292156.70272,124.47743999998784,292032.22528,292156.70272,124.47743999998784,3,4.190001968889247,RankSurprise
microVoSTN_L_4-5+,3,318951.95648,319099.16672,147.2102399999858,318951.95648,319099.16672,147.2102399999858,3,4.190001968889247,RankSurprise
microVoSTN_L_4-5+,3,336793.8048,336812.48256,18.677759999991395,336793.8048,336812.48256,18.677759999991395,3,8.515752153619834,RankSurprise
microVoSTN_L_4-5+,4,19240.26368,20973.73184,1733.4681600000004,19240.26368,20973.73184,1733.4681600000004,6,3.821998196683519,RankSurprise
microVoSTN_L_4-5+,4,51535.4624,52598.3744,1062.912000000004,51535.4624,52598.3744,1062.912000000004,6,5.2927080570042655,RankSurprise
microVoSTN_L_4-5+,4,62942.90432,63423.44704,480.54271999999764,62942.90432,63423.44704,480.54271999999764,5,6.54540506041198,RankSurprise
microVoSTN_L_4-5+,4,92249.25184,94408.94976,2159.697920000006,92249.25184,94408.94976,2159.697920000006,7,3.5652852648454068,RankSurprise
microVoSTN_L_4-5+,4,96975.99488,101344.09216,4368.097280000002,96975.99488,101344.09216,4368.097280000002,12,5.08813394214746,RankSurprise
microVoSTN_L_4-5+,4,118798.99136,120181.92384,1382.9324800000031,118798.99136,120181.92384,1382.9324800000031,6,4.356247138117046,RankSurprise
microVoSTN_L_4-5+,4,142008.1152,142080.65536,72.54016000000411,142008.1152,142080.65536,72.54016000000411,3,5.995884114243738,RankSurprise
microVoSTN_L_4-5+,4,181773.5168,181980.44672,206.92991999999504,181773.5168,181980.44672,206.92991999999504,3,4.07142391130243,RankSurprise
microVoSTN_L_4-5+,4,230106.27584,230514.56512,408.28928000002634,230106.27584,230514.56512,408.28928000002634,4,4.9297381887996,RankSurprise
microVoSTN_L_4-5+,4,342497.85344,345181.55264,2683.699200000032,342497.85344,345181.55264,2683.699200000032,8,4.694374190862666,RankSurprise
microVoSTN_L_4-5+,4,352808.79616,354369.7408,1560.9446400000015,352808.79616,354369.7408,1560.9446400000015,6,3.617064131144781,RankSurprise
microVoSTN_L_4-5+,4,368922.2144,369329.9712,407.75680000003194,368922.2144,369329.9712,407.75680000003194,4,4.828883606057342,RankSurprise
microVoSTN_L_4-6+,0,2866.42176,2915.28704,48.865279999999984,2866.42176,2915.28704,48.865279999999984,3,4.684573628717498,RankSurprise
microVoSTN_L_4-6+,0,41674.752,41745.89952,71.14751999999862,41674.752,41745.89952,71.14751999999862,3,4.026115686072728,RankSurprise
microVoSTN_L_4-6+,0,43778.8672,44015.73888,236.87167999999656,43778.8672,44015.73888,236.87167999999656,5,5.194628779846276,RankSurprise
microVoSTN_L_4-6+,0,47294.70976,47483.78112,189.07136000000173,47294.70976,47483.78112,189.07136000000173,4,4.025240117589544,RankSurprise
microVoSTN_L_4-6+,0,55275.97056,55343.9232,67.95263999999588,55275.97056,55343.9232,67.95263999999588,3,4.233954353293086,RankSurprise
microVoSTN_L_4-6+,0,63344.18944,64891.37152,1547.1820799999987,63344.18944,64891.37152,1547.1820799999987,13,5.617430258111183,RankSurprise
microVoSTN_L_4-6+,0,84956.11904,85294.81728,338.6982399999979,84956.11904,85294.81728,338.6982399999979,5,4.173513979858146,RankSurprise
microVoSTN_L_4-6+,0,88169.75872,88190.3616,20.602880000005825,88169.75872,88190.3616,20.602880000005825,3,7.095059562017719,RankSurprise
microVoSTN_L_4-6+,0,93506.31424,94030.06976,523.7555199999915,93506.31424,94030.06976,523.7555199999915,6,3.5190794235581273,RankSurprise
microVoSTN_L_4-6+,0,96842.01472,101212.16,4370.145279999997,96842.01472,101212.16,4370.145279999997,33,9.72845331678024,RankSurprise
microVoSTN_L_4-6+,0,125287.50592,125320.3968,32.89088000000629,125287.50592,125320.3968,32.89088000000629,3,5.8457869984621205,RankSurprise
microVoSTN_L_4-6+,0,133366.66112,133373.37856,6.7174400000076275,133366.66112,133373.37856,6.7174400000076275,3,10.04649157667513,RankSurprise
microVoSTN_L_4-6+,0,140204.35968,140381.63456,177.27488000001176,140204.35968,140381.63456,177.27488000001176,4,4.126090246863406,RankSurprise
microVoSTN_L_4-6+,0,154140.75392,154436.85376,296.09984000000986,154140.75392,154436.85376,296.09984000000986,5,4.301402372174472,RankSurprise
microVoSTN_L_4-6+,0,154987.7248,155143.86432,156.139519999997,154987.7248,155143.86432,156.139519999997,4,4.422295765693576,RankSurprise
microVoSTN_L_4-6+,0,161592.36096,162790.64576,1198.284800000023,161592.36096,162790.64576,1198.284800000023,12,6.28456835407659,RankSurprise
microVoSTN_L_4-6+,0,164235.75552,164280.68864,44.93312000000151,164235.75552,164280.68864,44.93312000000151,3,4.865832253595325,RankSurprise
microVoSTN_L_4-6+,0,190452.36736,190509.50656,57.139200000005076,190452.36736,190509.50656,57.139200000005076,3,4.545142667295821,RankSurprise
microVoSTN_L_4-6+,0,198645.51424,198699.25376,53.73952000000281,198645.51424,198699.25376,53.73952000000281,3,4.505140889344194,RankSurprise
microVoSTN_L_4-6+,0,207055.58528,207382.48704,326.9017600000079,207055.58528,207382.48704,326.9017600000079,6,5.670727795707606,RankSurprise
microVoSTN_L_4-6+,0,208224.0512,208291.84,67.78880000000936,208224.0512,208291.84,67.78880000000936,3,4.143797528662773,RankSurprise
microVoSTN_L_4-6+,0,211257.67168,211414.05696,156.3852799999877,211257.67168,211414.05696,156.3852799999877,5,6.606046022788092,RankSurprise
microVoSTN_L_4-6+,0,219315.6096,219386.71616,71.10656000001472,219315.6096,219386.71616,71.10656000001472,3,3.9446789723982825,RankSurprise
microVoSTN_L_4-6+,0,232865.21856,233486.82752,621.6089599999832,232865.21856,233486.82752,621.6089599999832,8,5.947663295252924,RankSurprise
microVoSTN_L_4-6+,0,256591.74912,257986.3552,1394.6060799999977,256591.74912,257986.3552,1394.6060799999977,13,6.835807878802199,RankSurprise
microVoSTN_L_4-6+,0,260153.26208,260210.15552,56.89344000001438,260153.26208,260210.15552,56.89344000001438,4,7.600239086645043,RankSurprise
microVoSTN_L_4-6+,0,261415.1168,261621.10464,205.98784000001615,261415.1168,261621.10464,205.98784000001615,5,5.692251600346079,RankSurprise
microVoSTN_L_4-6+,0,264937.59488,264986.29632,48.70144000003347,264937.59488,264986.29632,48.70144000003347,3,4.75811231883273,RankSurprise
microVoSTN_L_4-6+,0,291478.81472,291557.00736,78.19263999996474,291478.81472,291557.00736,78.19263999996474,3,3.90517127402277,RankSurprise
microVoSTN_L_4-6+,0,303979.80672,304897.59744,917.79071999999,303979.80672,304897.59744,917.79071999999,9,4.427086160456807,RankSurprise
microVoSTN_L_4-6+,0,348076.6464,348112.19968,35.55327999999281,348076.6464,348112.19968,35.55327999999281,3,5.366213918200234,RankSurprise
microVoSTN_L_4-6+,0,353284.42368,353758.74048,474.3167999999714,353284.42368,353758.74048,474.3167999999714,7,5.595830626291334,RankSurprise
microVoSTN_L_4-6+,0,365664.58368,365843.61984,179.03616000001784,365664.58368,365843.61984,179.03616000001784,5,6.226905492389367,RankSurprise
microVoSTN_L_4-6+,0,370564.096,371973.65248,1409.5564799999702,370564.096,371973.65248,1409.5564799999702,11,4.332818395863522,RankSurprise
microVoSTN_L_4-6+,0,377183.0272,377265.02912,82.0019200000097,377183.0272,377265.02912,82.0019200000097,4,6.544510706512632,RankSurprise
microVoSTN_L_4-6+,4,47359.1808,47437.45536,78.27455999999802,47359.1808,47437.45536,78.27455999999802,3,3.679421208476647,RankSurprise
microVoSTN_L_4-6+,4,56886.59968,56919.16288,32.563200000004144,56886.59968,56919.16288,32.563200000004144,3,5.323061314674291,RankSurprise
microVoSTN_L_4-6+,4,65069.62944,65265.17248,195.5430400000041,65069.62944,65265.17248,195.5430400000041,4,3.942674347745182,RankSurprise
microVoSTN_L_4-6+,4,76326.83008,76490.62912,163.79903999999806,76326.83008,76490.62912,163.79903999999806,4,4.296024622153748,RankSurprise
microVoSTN_L_4-6+,4,79351.68512,81149.3376,1797.6524800000043,79351.68512,81149.3376,1797.6524800000043,13,4.9411186372037,RankSurprise
microVoSTN_L_4-6+,4,87811.35872,89084.27264,1272.9139199999918,87811.35872,89084.27264,1272.9139199999918,13,7.263563506623315,RankSurprise
microVoSTN_L_4-6+,4,93839.64672,93982.84288,143.19615999999223,93839.64672,93982.84288,143.19615999999223,4,4.426166013205535,RankSurprise
microVoSTN_L_4-6+,4,97766.35904,98385.42848,619.0694400000066,97766.35904,98385.42848,619.0694400000066,7,4.318344747792664,RankSurprise
microVoSTN_L_4-6+,4,102891.06944,102939.648,48.57855999999447,102891.06944,102939.648,48.57855999999447,3,4.644190820471028,RankSurprise
microVoSTN_L_4-6+,4,120835.23584,120928.0512,92.81536000000779,120835.23584,120928.0512,92.81536000000779,4,5.5949193555846115,RankSurprise
microVoSTN_L_4-6+,4,126591.34464,126638.8992,47.55456000000413,126591.34464,126638.8992,47.55456000000413,3,4.61488587366018,RankSurprise
microVoSTN_L_4-6+,4,129202.50368,129266.8928,64.3891200000071,129202.50368,129266.8928,64.3891200000071,4,6.735921830612224,RankSurprise
microVoSTN_L_4-6+,4,133917.53216,134121.2672,203.73503999999957,133917.53216,134121.2672,203.73503999999957,4,3.7478792355090285,RankSurprise
microVoSTN_L_4-6+,4,141645.4144,142599.53664,954.122239999997,141645.4144,142599.53664,954.122239999997,8,3.586348305960743,RankSurprise
microVoSTN_L_4-6+,4,151362.47808,151466.1888,103.71072000000277,151362.47808,151466.1888,103.71072000000277,4,5.821444168699877,RankSurprise
microVoSTN_L_4-6+,4,153858.4576,154671.88224,813.424640000012,153858.4576,154671.88224,813.424640000012,8,4.472091072114559,RankSurprise
microVoSTN_L_4-6+,4,156798.07488,156995.1744,197.09951999998884,156798.07488,156995.1744,197.09951999998884,5,5.620729489531023,RankSurprise
microVoSTN_L_4-6+,4,166105.21088,168026.15296,1920.942080000008,166105.21088,168026.15296,1920.942080000008,14,4.906264904672972,RankSurprise
microVoSTN_L_4-6+,4,172654.91968,172677.69344,22.773760000010952,172654.91968,172677.69344,22.773760000010952,3,6.098078472723447,RankSurprise
microVoSTN_L_4-6+,4,178282.57792,178504.00768,221.42975999999908,178282.57792,178504.00768,221.42975999999908,4,3.5483750639032827,RankSurprise
microVoSTN_L_4-6+,4,181644.32896,182022.38976,378.06079999997746,181644.32896,182022.38976,378.06079999997746,6,4.828607268586566,RankSurprise
microVoSTN_L_4-6+,4,187064.44288,187278.41792,213.97504000001936,187064.44288,187278.41792,213.97504000001936,5,5.4221584688047955,RankSurprise
microVoSTN_L_4-6+,4,188825.14944,189289.55392,464.4044799999974,188825.14944,189289.55392,464.4044799999974,6,4.0868750876411735,RankSurprise
microVoSTN_L_4-6+,4,191865.2416,191915.4176,50.17599999997765,191865.2416,191915.4176,50.17599999997765,3,4.474475624102659,RankSurprise
microVoSTN_L_4-6+,4,203325.93152,203348.54144,22.60991999998805,203325.93152,203348.54144,22.60991999998805,3,6.128850131390202,RankSurprise
microVoSTN_L_4-6+,4,209076.59264,209227.9808,151.38816000000224,209076.59264,209227.9808,151.38816000000224,4,4.516173139288085,RankSurprise
microVoSTN_L_4-6+,4,210546.19648,210582.24128,36.0447999999742,210546.19648,210582.24128,36.0447999999742,3,5.0521099175407596,RankSurprise
microVoSTN_L_4-6+,4,236206.44864,236292.3008,85.85216000000946,236206.44864,236292.3008,85.85216000000946,3,3.6977280683159606,RankSurprise
microVoSTN_L_4-6+,4,240543.45728,240681.41056,137.953279999987,240543.45728,240681.41056,137.953279999987,4,4.531440413711312,RankSurprise
microVoSTN_L_4-6+,4,249016.48384,249106.71872,90.23488000000361,249016.48384,249106.71872,90.23488000000361,3,3.6254850831688046,RankSurprise
microVoSTN_L_4-6+,4,278083.62496,278166.20032,82.5753600000171,278083.62496,278166.20032,82.5753600000171,3,3.581623465200522,RankSurprise
microVoSTN_L_4-6+,4,297864.68352,297955.49184,90.8083199999528,297864.68352,297955.49184,90.8083199999528,3,3.6166354678918218,RankSurprise
microVoSTN_L_4-6+,4,302677.48352,303029.32992,351.84639999998035,302677.48352,303029.32992,351.84639999998035,5,3.667398563137276,RankSurprise
microVoSTN_L_4-6+,4,308800.02048,308891.07456,91.0540799999726,308800.02048,308891.07456,91.0540799999726,3,3.6166354678918218,RankSurprise
microVoSTN_L_4-6+,4,316996.97664,317061.5296,64.5529600000009,316996.97664,317061.5296,64.5529600000009,3,4.059616766302888,RankSurprise
microVoSTN_L_4-6+,4,335974.31808,336526.29504,551.97696,335974.31808,336526.29504,551.97696,8,6.262417243192223,RankSurprise
microVoSTN_L_4-6+,4,337494.6304,337699.71712,205.08671999996295,337494.6304,337699.71712,205.08671999996295,4,3.9998191033235777,RankSurprise
microVoSTN_L_4-6+,4,339479.9616,339798.09792,318.1363199999905,339479.9616,339798.09792,318.1363199999905,5,4.412913504189536,RankSurprise
microVoSTN_L_7-8+,0,965.18144,996.72064,31.53920000000005,965.18144,996.72064,31.53920000000005,4,7.9782422565317255,RankSurprise
microVoSTN_L_7-8+,0,1707.86816,1729.45408,21.585919999999987,1707.86816,1729.45408,21.585919999999987,3,5.3890199717590015,RankSurprise
microVoSTN_L_7-8+,0,3181.568,4264.87808,1083.3100800000002,3181.568,4264.87808,1083.3100800000002,13,4.348597853409891,RankSurprise
microVoSTN_L_7-8+,0,23251.23072,23303.7824,52.55168000000049,23251.23072,23303.7824,52.55168000000049,3,3.670654007888098,RankSurprise
microVoSTN_L_7-8+,0,24218.50112,24248.97536,30.474239999999554,24218.50112,24248.97536,30.474239999999554,3,4.811749248584858,RankSurprise
microVoSTN_L_7-8+,0,25741.47584,25813.77024,72.2944000000025,25741.47584,25813.77024,72.2944000000025,4,5.351809059825985,RankSurprise
microVoSTN_L_7-8+,0,28305.73568,28788.08064,482.34495999999854,28305.73568,28788.08064,482.34495999999854,7,3.6097901620884656,RankSurprise
microVoSTN_L_7-8+,0,32583.0656,32624.0256,40.95999999999913,32583.0656,32624.0256,40.95999999999913,3,4.189916742273022,RankSurprise
microVoSTN_L_7-8+,0,38502.93248,38632.12032,129.1878399999987,38502.93248,38632.12032,129.1878399999987,4,4.130652448634272,RankSurprise
microVoSTN_L_7-8+,0,39434.8544,39469.75232,34.89792000000307,39434.8544,39469.75232,34.89792000000307,3,4.525545541103531,RankSurprise
microVoSTN_L_7-8+,0,48351.27296,49270.08768,918.8147199999948,48351.27296,49270.08768,918.8147199999948,16,9.538595003301408,RankSurprise
microVoSTN_L_7-8+,0,58961.26464,58999.11168,37.84704000000056,58961.26464,58999.11168,37.84704000000056,3,4.301534200792835,RankSurprise
microVoSTN_L_7-8+,0,69820.04736,70526.19776,706.1503999999986,69820.04736,70526.19776,706.1503999999986,12,6.1707719407158335,RankSurprise
microVoSTN_L_7-8+,0,71724.31872,71934.89408,210.57536000000255,71724.31872,71934.89408,210.57536000000255,6,5.380954484919499,RankSurprise
microVoSTN_L_7-8+,0,79261.2864,79739.94496,478.6585599999962,79261.2864,79739.94496,478.6585599999962,10,6.717311035126128,RankSurprise
microVoSTN_L_7-8+,0,81837.4656,82353.39776,515.9321600000112,81837.4656,82353.39776,515.9321600000112,9,5.336290193035038,RankSurprise
microVoSTN_L_7-8+,0,93838.90944,93959.53664,120.62720000000263,93838.90944,93959.53664,120.62720000000263,4,3.946262334828077,RankSurprise
microVoSTN_L_7-8+,0,95021.2608,95070.49472,49.23391999999876,95021.2608,95070.49472,49.23391999999876,3,3.8315451909670504,RankSurprise
microVoSTN_L_7-8+,0,97242.19392,97418.73152,176.53759999999602,97242.19392,97418.73152,176.53759999999602,5,4.945711045466485,RankSurprise
microVoSTN_L_7-8+,0,104029.14304,104132.4032,103.26016000000527,104029.14304,104132.4032,103.26016000000527,4,4.276785489647743,RankSurprise
microVoSTN_L_7-8+,0,113496.80128,114049.31072,552.5094399999944,113496.80128,114049.31072,552.5094399999944,9,4.393460244715751,RankSurprise
microVoSTN_L_7-8+,0,123862.75328,123901.87008,39.11679999998887,123862.75328,123901.87008,39.11679999998887,3,4.257864135358419,RankSurprise
microVoSTN_L_7-8+,0,135175.168,136110.4896,935.3215999999957,135175.168,136110.4896,935.3215999999957,13,5.446898413435534,RankSurprise
microVoSTN_L_7-8+,0,147953.78688,149148.91776,1195.1308800000115,147953.78688,149148.91776,1195.1308800000115,13,3.8977904333148277,RankSurprise
microVoSTN_L_7-8+,0,155505.41824,156971.37664,1465.9584000000032,155505.41824,156971.37664,1465.9584000000032,18,6.677563109579903,RankSurprise
microVoSTN_L_7-8+,0,168790.79424,168894.42304,103.62880000000587,168790.79424,168894.42304,103.62880000000587,4,4.352611068070953,RankSurprise
microVoSTN_L_7-8+,0,174806.17984,175608.50432,802.3244800000102,174806.17984,175608.50432,802.3244800000102,10,4.009175432628032,RankSurprise
microVoSTN_L_7-8+,0,185721.97888,185834.86464,112.88576000000467,185721.97888,185834.86464,112.88576000000467,4,3.964199634715264,RankSurprise
microVoSTN_L_7-8+,0,196414.83264,196663.05024,248.21760000000359,196414.83264,196663.05024,248.21760000000359,5,3.8080042416359525,RankSurprise
microVoSTN_L_7-8+,0,198234.80832,199213.30176,978.4934399999911,198234.80832,199213.30176,978.4934399999911,14,6.202580859272702,RankSurprise
microVoSTN_L_7-8+,0,222900.30592,222927.17568,26.869759999972302,222900.30592,222927.17568,26.869759999972302,3,5.002941200092465,RankSurprise
microVoSTN_L_7-8+,0,269580.86144,271466.33216,1885.470719999983,269580.86144,271466.33216,1885.470719999983,26,11.207389753602653,RankSurprise
microVoSTN_L_7-8+,0,271921.60256,273330.70848,1409.1059199999436,271921.60256,273330.70848,1409.1059199999436,20,8.07279913788585,RankSurprise
microVoSTN_L_7-8+,0,286244.78208,286925.0048,680.2227200000198,286244.78208,286925.0048,680.2227200000198,12,6.871303144708324,RankSurprise
microVoSTN_L_7-8+,0,288301.056,288454.20544,153.14944000000833,288301.056,288454.20544,153.14944000000833,5,5.00035057206448,RankSurprise
microVoSTN_L_7-8+,0,289590.19008,290105.46688,515.2768000000506,289590.19008,290105.46688,515.2768000000506,8,3.5946411213117293,RankSurprise
microVoSTN_L_7-8+,0,290728.7552,291059.9168,331.1615999999922,290728.7552,291059.9168,331.1615999999922,7,5.5171315288561775,RankSurprise
microVoSTN_L_7-8+,0,291563.68384,291602.75968,39.07584000000497,291563.68384,291602.75968,39.07584000000497,4,7.374661315848982,RankSurprise
microVoSTN_L_7-8+,0,321374.28992,321413.48864,39.19871999998577,321374.28992,321413.48864,39.19871999998577,3,4.310383816069818,RankSurprise
microVoSTN_L_7-8+,0,331599.50336,331731.27168,131.76832000003196,331599.50336,331731.27168,131.76832000003196,5,5.513248230559938,RankSurprise
microVoSTN_L_7-8+,0,339448.05376,339615.86688,167.81312000000617,339448.05376,339615.86688,167.81312000000617,10,15.976497270151512,RankSurprise
microVoSTN_L_7-8+,0,356412.12928,356535.99232,123.86304000002565,356412.12928,356535.99232,123.86304000002565,4,3.7223417712706137,RankSurprise
microVoSTN_L_7-8+,0,357112.38144,358997.07392,1884.6924799999688,357112.38144,358997.07392,1884.6924799999688,25,9.981114246754931,RankSurprise
microVoSTN_L_7-8+,0,369419.264,369944.61696,525.3529599999893,369419.264,369944.61696,525.3529599999893,9,5.622796970840189,RankSurprise
microVoSTN_L_7-8+,0,374125.89568,374236.48768,110.59200000000419,374125.89568,374236.48768,110.59200000000419,4,4.097555131413433,RankSurprise
microVoSTN_L_7-8+,0,374857.27744,376865.50528,2008.2278400000068,374857.27744,376865.50528,2008.2278400000068,21,5.3106847551113745,RankSurprise
microVoSTN_L_7-8+,1,29359.39072,29482.22976,122.83903999999893,29359.39072,29482.22976,122.83903999999893,3,4.2628727968837214,RankSurprise
microVoSTN_L_7-8+,1,38183.5264,38306.65216,123.12575999999535,38183.5264,38306.65216,123.12575999999535,3,4.235473822695605,RankSurprise
microVoSTN_L_7-8+,1,72903.76192,72910.68416,6.922239999999874,72903.76192,72910.68416,6.922239999999874,3,8.12951799125575,RankSurprise
microVoSTN_L_7-8+,1,77268.04992,81275.65824,4007.6083199999994,77268.04992,81275.65824,4007.6083199999994,12,3.6508298435440683,RankSurprise
microVoSTN_L_7-8+,1,81968.61952,82224.70144,256.08192000001145,81968.61952,82224.70144,256.08192000001145,6,9.945067515181474,RankSurprise
microVoSTN_L_7-8+,1,170786.73408,171746.22208,959.4880000000121,170786.73408,171746.22208,959.4880000000121,6,5.036683211454648,RankSurprise
microVoSTN_L_7-8+,1,221618.54464,221688.17664,69.63199999998324,221618.54464,221688.17664,69.63199999998324,3,5.151209358849013,RankSurprise
microVoSTN_L_7-8+,1,247990.59968,248146.3296,155.7299199999834,247990.59968,248146.3296,155.7299199999834,3,3.77561028684587,RankSurprise
microVoSTN_L_7-8+,1,284998.57408,285179.45344,180.87936000002082,284998.57408,285179.45344,180.87936000002082,3,3.690939187076948,RankSurprise
microVoSTN_L_7-8+,1,286236.30336,286305.44384,69.14048000000184,286236.30336,286305.44384,69.14048000000184,3,5.239146233359586,RankSurprise
microVoSTN_L_7-8+,1,310594.02752,310763.15136,169.12384000001475,310594.02752,310763.15136,169.12384000001475,3,3.841552316985762,RankSurprise
microVoSTN_L_7-8+,1,312495.80032,324892.75392,12396.953600000008,312495.80032,324892.75392,12396.953600000008,30,5.049803713441347,RankSurprise
microVoSTN_L_7-8+,1,355733.05344,357194.99776,1461.9443200000096,355733.05344,357194.99776,1461.9443200000096,9,6.707450571469449,RankSurprise
microVoSTN_L_7-8+,1,374770.93376,376297.79968,1526.865920000011,374770.93376,376297.79968,1526.865920000011,8,4.9513968984902315,RankSurprise
microVoSTN_R_1-2+,1,8311.1936,8379.71968,68.52607999999964,8311.1936,8379.71968,68.52607999999964,3,3.705138194211262,RankSurprise
microVoSTN_R_1-2+,1,9605.69344,9654.43584,48.742400000001,9605.69344,9654.43584,48.742400000001,3,4.422531526443887,RankSurprise
microVoSTN_R_1-2+,1,31596.46208,32520.06912,923.607039999999,31596.46208,32520.06912,923.607039999999,10,4.289037118617187,RankSurprise
microVoSTN_R_1-2+,1,41588.736,41754.25536,165.5193600000057,41588.736,41754.25536,165.5193600000057,5,5.663178341757366,RankSurprise
microVoSTN_R_1-2+,1,49411.85024,49567.21152,155.36127999999735,49411.85024,49567.21152,155.36127999999735,4,3.8132700424548247,RankSurprise
microVoSTN_R_1-2+,1,54331.71968,54561.91488,230.19519999999466,54331.71968,54561.91488,230.19519999999466,6,6.211998176931914,RankSurprise
microVoSTN_R_1-2+,1,55572.52096,55855.96416,283.4432000000015,55572.52096,55855.96416,283.4432000000015,6,5.389920583451335,RankSurprise
microVoSTN_R_1-2+,1,61710.9504,61763.13344,52.183039999996254,61710.9504,61763.13344,52.183039999996254,3,4.266944822943639,RankSurprise
microVoSTN_R_1-2+,1,70533.07904,70623.15008,90.07104000000982,70533.07904,70623.15008,90.07104000000982,4,5.458498769738316,RankSurprise
microVoSTN_R_1-2+,1,72741.60128,72888.89344,147.29215999999724,72741.60128,72888.89344,147.29215999999724,4,4.272991754251002,RankSurprise
microVoSTN_R_1-2+,1,76757.77024,76976.90624,219.1359999999986,76757.77024,76976.90624,219.1359999999986,5,4.591645857241833,RankSurprise
microVoSTN_R_1-2+,1,79188.41856,79335.2192,146.8006400000013,79188.41856,79335.2192,146.8006400000013,5,6.248365898132114,RankSurprise
microVoSTN_R_1-2+,1,81910.08768,81969.31584,59.22815999999875,81910.08768,81969.31584,59.22815999999875,3,4.0244597926005845,RankSurprise
microVoSTN_R_1-2+,1,92092.86656,92139.56096,46.69440000000759,92092.86656,92139.56096,46.69440000000759,3,4.422531526443887,RankSurprise
microVoSTN_R_1-2+,1,98111.81568,98882.23232,770.4166399999958,98111.81568,98882.23232,770.4166399999958,9,3.8039959631910194,RankSurprise
microVoSTN_R_1-2+,1,101446.53312,101565.27616,118.7430400000012,101446.53312,101565.27616,118.7430400000012,4,4.714815117832501,RankSurprise
microVoSTN_R_1-2+,1,102948.90496,103031.15264,82.2476800000004,102948.90496,103031.15264,82.2476800000004,4,5.764354745138643,RankSurprise
microVoSTN_R_1-2+,1,106259.98848,107239.91552,979.927039999995,106259.98848,107239.91552,979.927039999995,11,4.601047757632696,RankSurprise
microVoSTN_R_1-2+,1,111021.38368,111074.83648,53.452799999999115,111021.38368,111074.83648,53.452799999999115,4,7.072461099327242,RankSurprise
microVoSTN_R_1-2+,1,111899.52512,112069.18144,169.6563199999946,111899.52512,112069.18144,169.6563199999946,4,3.6692422140319927,RankSurprise
microVoSTN_R_1-2+,1,117707.20256,118353.79712,646.5945599999977,117707.20256,118353.79712,646.5945599999977,8,3.7408671653434404,RankSurprise
microVoSTN_R_1-2+,1,127300.4032,128023.59296,723.1897599999938,127300.4032,128023.59296,723.1897599999938,8,3.7616253611030643,RankSurprise
microVoSTN_R_1-2+,1,137422.15168,137713.29536,291.1436799999792,137422.15168,137713.29536,291.1436799999792,5,3.5408150850148985,RankSurprise
microVoSTN_R_1-2+,1,149211.38176,149737.39008,526.0083200000226,149211.38176,149737.39008,526.0083200000226,8,5.142761066768153,RankSurprise
microVoSTN_R_1-2+,1,156338.83136,156633.21088,294.3795199999877,156338.83136,156633.21088,294.3795199999877,6,5.107402364491911,RankSurprise
microVoSTN_R_1-2+,1,159719.13728,159812.97664,93.83936000001268,159719.13728,159812.97664,93.83936000001268,4,5.333480233615713,RankSurprise
microVoSTN_R_1-2+,1,172786.03264,172920.6272,134.59455999999773,172786.03264,172920.6272,134.59455999999773,5,6.57329173335723,RankSurprise
microVoSTN_R_1-2+,1,179899.06432,180187.136,288.07167999999365,179899.06432,180187.136,288.07167999999365,5,3.633376167873976,RankSurprise
microVoSTN_R_1-2+,1,183143.46496,183410.97472,267.5097599999863,183143.46496,183410.97472,267.5097599999863,5,3.8878905497620444,RankSurprise
microVoSTN_R_1-2+,1,226619.63776,226965.95456,346.3168000000005,226619.63776,226965.95456,346.3168000000005,7,6.12283081684152,RankSurprise
microVoSTN_R_1-2+,1,231538.56512,231587.4304,48.865279999998165,231538.56512,231587.4304,48.865279999998165,3,4.395745278299579,RankSurprise
microVoSTN_R_1-2+,1,264996.70016,265371.68896,374.9887999999919,264996.70016,265371.68896,374.9887999999919,7,5.572031768962072,RankSurprise
microVoSTN_R_1-2+,1,274567.04512,274804.16256,237.1174400000018,274567.04512,274804.16256,237.1174400000018,6,6.093053667935855,RankSurprise
microVoSTN_R_1-2+,1,286576.76288,286685.184,108.42112000001362,286576.76288,286685.184,108.42112000001362,4,4.879785982387123,RankSurprise
microVoSTN_R_1-2+,1,302217.74848,303082.12736,864.3788799999747,302217.74848,303082.12736,864.3788799999747,12,7.3748982271679315,RankSurprise
microVoSTN_R_1-2+,1,312637.52192,312663.6544,26.13247999997111,312637.52192,312663.6544,26.13247999997111,3,5.7338583603066695,RankSurprise
microVoSTN_R_1-2+,1,315461.632,315500.38016,38.74816000001738,315461.632,315500.38016,38.74816000001738,3,4.775525389208497,RankSurprise
microVoSTN_R_1-2+,1,316736.43008,316789.43232,53.00224000000162,316736.43008,316789.43232,53.00224000000162,3,4.217660807215944,RankSurprise
microVoSTN_R_1-2+,1,324546.43712,324588.87168,42.43455999996513,324546.43712,324588.87168,42.43455999996513,6,15.25498643315456,RankSurprise
microVoSTN_R_1-2+,1,329004.40064,329440.17408,435.77344000001904,329004.40064,329440.17408,435.77344000001904,9,8.032966474546049,RankSurprise
microVoSTN_R_1-2+,1,346207.31392,346375.65952,168.34560000000056,346207.31392,346375.65952,168.34560000000056,5,5.5912430498011965,RankSurprise
microVoSTN_R_1-2+,1,350259.2,350372.08576,112.88575999997556,350259.2,350372.08576,112.88575999997556,4,4.731466447423461,RankSurprise
microVoSTN_R_1-2+,1,360765.80864,361050.03008,284.2214399999939,360765.80864,361050.03008,284.2214399999939,6,5.339118990185675,RankSurprise
microVoSTN_R_1-2+,1,368098.63168,368572.45696,473.82527999999,368098.63168,368572.45696,473.82527999999,7,4.241746963566943,RankSurprise
microVoSTN_R_1-2+,1,370067.74272,370128.56832,60.82560000004014,370067.74272,370128.56832,60.82560000004014,3,3.9169066531968113,RankSurprise
microVoSTN_R_1-2+,1,372827.87328,372885.62688,57.75359999999637,372827.87328,372885.62688,57.75359999999637,3,4.017106818295327,RankSurprise
microVoSTN_R_1-2+,1,374267.86304,375361.20832,1093.3452799999504,374267.86304,375361.20832,1093.3452799999504,13,6.099131297173104,RankSurprise
microVoSTN_R_1-2+,2,15376.22016,16124.88704,748.6668799999989,15376.22016,16124.88704,748.6668799999989,7,4.661165330525235,RankSurprise
microVoSTN_R_1-2+,2,35270.77888,37436.57984,2165.8009600000005,35270.77888,37436.57984,2165.8009600000005,13,4.847414198879331,RankSurprise
microVoSTN_R_1-2+,2,40938.78272,43087.4624,2148.679679999994,40938.78272,43087.4624,2148.679679999994,14,6.1759342806389235,RankSurprise
microVoSTN_R_1-2+,2,44691.16928,44819.21024,128.04095999999845,44691.16928,44819.21024,128.04095999999845,4,5.7765950617468285,RankSurprise
microVoSTN_R_1-2+,2,54324.55168,54558.47424,233.92256000000634,54324.55168,54558.47424,233.92256000000634,4,4.014852894146372,RankSurprise
microVoSTN_R_1-2+,2,64952.19712,65936.09728,983.9001600000047,64952.19712,65936.09728,983.9001600000047,9,5.9974654341611116,RankSurprise
microVoSTN_R_1-2+,2,120332.45184,120503.17312,170.72128000001248,120332.45184,120503.17312,170.72128000001248,4,4.924588167597165,RankSurprise
microVoSTN_R_1-2+,2,128810.92608,129699.18464,888.258560000002,128810.92608,129699.18464,888.258560000002,8,6.536841084802009,RankSurprise
microVoSTN_R_1-2+,2,147742.55616,148795.76064,1053.2044799999858,147742.55616,148795.76064,1053.2044799999858,10,7.5436861497684555,RankSurprise
microVoSTN_R_1-2+,2,156896.6656,156971.13088,74.46528000000399,156896.6656,156971.13088,74.46528000000399,6,14.563125806100672,RankSurprise
microVoSTN_R_1-2+,2,161217.20832,161351.02464,133.81631999998353,161217.20832,161351.02464,133.81631999998353,4,5.522919158921091,RankSurprise
microVoSTN_R_1-2+,2,169872.54784,170315.48928,442.94143999999505,169872.54784,170315.48928,442.94143999999505,5,4.253315401460785,RankSurprise
microVoSTN_R_1-2+,2,180782.73536,181091.86048,309.1251200000115,180782.73536,181091.86048,309.1251200000115,5,5.1145805212857915,RankSurprise
microVoSTN_R_1-2+,2,182576.00512,182868.5824,292.5772800000268,182576.00512,182868.5824,292.5772800000268,4,3.5676184853488273,RankSurprise
microVoSTN_R_1-2+,2,194984.42752,195029.15584,44.72831999999471,194984.42752,195029.15584,44.72831999999471,3,5.474753091164729,RankSurprise
microVoSTN_R_1-2+,2,196886.97856,196955.5456,68.56704000002355,196886.97856,196955.5456,68.56704000002355,3,4.54004152024797,RankSurprise
microVoSTN_R_1-2+,2,200380.2112,200766.09536,385.884160000016,200380.2112,200766.09536,385.884160000016,5,4.212740098767512,RankSurprise
microVoSTN_R_1-2+,2,233128.63232,233365.99552,237.3631999999925,233128.63232,233365.99552,237.3631999999925,5,6.061266503320208,RankSurprise
microVoSTN_R_1-2+,2,237963.8784,238076.23168,112.35328000001027,237963.8784,238076.23168,112.35328000001027,3,3.5398257114638785,RankSurprise
microVoSTN_R_1-2+,2,330809.09824,331060.79744,251.69919999997364,330809.09824,331060.79744,251.69919999997364,4,4.261802080555412,RankSurprise
microVoSTN_R_1-2+,2,352166.05184,352571.31008,405.2582400000538,352166.05184,352571.31008,405.2582400000538,5,4.48414955506728,RankSurprise
microVoSTN_R_1-2+,2,375825.28512,376038.11328,212.82815999997547,375825.28512,376038.11328,212.82815999997547,4,4.397983629211847,RankSurprise
microVoSTN_R_1-2+,4,8921.33376,12392.07936,3470.7456,8921.33376,12392.07936,3470.7456,20,3.8159824296167293,RankSurprise
microVoSTN_R_1-2+,4,23983.7184,24039.95648,56.23807999999917,23983.7184,24039.95648,56.23807999999917,3,4.481448608335869,RankSurprise
microVoSTN_R_1-2+,4,28905.8816,29165.93664,260.0550399999993,28905.8816,29165.93664,260.0550399999993,5,5.179870934661022,RankSurprise
microVoSTN_R_1-2+,4,32397.5168,32472.18688,74.67007999999987,32397.5168,32472.18688,74.67007999999987,3,3.9410371105780424,RankSurprise
microVoSTN_R_1-2+,4,33646.91968,33705.32864,58.40896000000066,33646.91968,33705.32864,58.40896000000066,3,4.341262429957924,RankSurprise
microVoSTN_R_1-2+,4,40714.73152,40767.11936,52.38783999999578,40714.73152,40767.11936,52.38783999999578,3,4.675374355011741,RankSurprise
microVoSTN_R_1-2+,4,61953.8432,61979.93472,26.09151999999449,61953.8432,61979.93472,26.09151999999449,3,6.011433846906396,RankSurprise
microVoSTN_R_1-2+,4,68217.61024,68434.16576,216.55552000000898,68217.61024,68434.16576,216.55552000000898,4,3.8563460452297313,RankSurprise
microVoSTN_R_1-2+,4,73089.2288,73401.91744,312.6886400000076,73089.2288,73401.91744,312.6886400000076,5,4.197242545282812,RankSurprise
microVoSTN_R_1-2+,4,74765.27104,75152.09728,386.82623999999487,74765.27104,75152.09728,386.82623999999487,5,3.9344461910245414,RankSurprise
microVoSTN_R_1-2+,4,84169.728,84724.65408,554.9260799999902,84169.728,84724.65408,554.9260799999902,6,4.0163314510000125,RankSurprise
microVoSTN_R_1-2+,4,98003.1488,98180.99712,177.8483200000046,98003.1488,98180.99712,177.8483200000046,4,4.181665404908411,RankSurprise
microVoSTN_R_1-2+,4,100142.8992,100287.61088,144.71167999999307,100142.8992,100287.61088,144.71167999999307,4,4.747191790575428,RankSurprise
microVoSTN_R_1-2+,4,113846.6816,113859.7888,13.107199999998556,113846.6816,113859.7888,13.107199999998556,3,7.560365501730864,RankSurprise
microVoSTN_R_1-2+,4,119544.25856,121859.64544,2315.386879999991,119544.25856,121859.64544,2315.386879999991,17,5.88292220686878,RankSurprise
microVoSTN_R_1-2+,4,146210.07872,146285.24032,75.16160000002128,146210.07872,146285.24032,75.16160000002128,3,3.871722818069081,RankSurprise
microVoSTN_R_1-2+,4,148800.79872,148919.17312,118.3744000000006,148800.79872,148919.17312,118.3744000000006,4,5.365207521236751,RankSurprise
microVoSTN_R_1-2+,4,157407.19104,157472.72704,65.53599999999278,157407.19104,157472.72704,65.53599999999278,3,4.198767692859027,RankSurprise
microVoSTN_R_1-2+,4,161974.51776,162303.67232,329.1545600000245,161974.51776,162303.67232,329.1545600000245,5,4.011977530942268,RankSurprise
microVoSTN_R_1-2+,4,177665.024,178074.37824,409.354239999986,177665.024,178074.37824,409.354239999986,7,6.78225885233023,RankSurprise
microVoSTN_R_1-2+,4,187800.53504,187890.44224,89.90720000001602,187800.53504,187890.44224,89.90720000001602,3,3.5323792973633203,RankSurprise
microVoSTN_R_1-2+,4,189006.52032,189075.53792,69.01759999999194,189006.52032,189075.53792,69.01759999999194,5,10.07635416293332,RankSurprise
microVoSTN_R_1-2+,4,210479.84128,210859.74528,379.90400000000955,210479.84128,210859.74528,379.90400000000955,5,3.6923707606619622,RankSurprise
microVoSTN_R_1-2+,4,214481.3056,214699.29472,217.98912000001292,214481.3056,214699.29472,217.98912000001292,4,3.5095909908085083,RankSurprise
microVoSTN_R_1-2+,4,233361.73568,233756.34432,394.6086399999913,233361.73568,233756.34432,394.6086399999913,7,7.014749413873446,RankSurprise
microVoSTN_R_1-2+,4,278910.40256,279744.02048,833.6179199999897,278910.40256,279744.02048,833.6179199999897,8,4.113594264939328,RankSurprise
microVoSTN_R_1-2+,4,284185.02656,284328.7552,143.72863999998663,284185.02656,284328.7552,143.72863999998663,4,4.8776477691124285,RankSurprise
microVoSTN_R_1-2+,4,295736.03328,295794.93376,58.90048000001116,295736.03328,295794.93376,58.90048000001116,3,4.341262429957924,RankSurprise
microVoSTN_R_1-2+,4,306931.3024,307015.76192,84.45952000003308,306931.3024,307015.76192,84.45952000003308,3,3.776692530185242,RankSurprise
microVoSTN_R_1-2+,4,312228.78208,312311.1936,82.4115200000233,312228.78208,312311.1936,82.4115200000233,3,3.842736634330942,RankSurprise
microVoSTN_R_1-2+,4,320423.48544,320827.22816,403.7427199999802,320423.48544,320827.22816,403.7427199999802,6,4.857497956899657,RankSurprise
microVoSTN_R_1-2+,4,324157.39904,324349.82912,192.4300800000201,324157.39904,324349.82912,192.4300800000201,4,3.97116399454751,RankSurprise
microVoSTN_R_1-2+,4,336705.37216,337284.096,578.7238399999915,336705.37216,337284.096,578.7238399999915,7,4.824309484227687,RankSurprise
microVoSTN_R_1-2+,4,341497.07776,341540.00384,42.92608000000473,341497.07776,341540.00384,42.92608000000473,3,4.98975040673365,RankSurprise
microVoSTN_R_1-2+,4,352648.56064,353742.60224,1094.0415999999968,352648.56064,353742.60224,1094.0415999999968,9,3.7152012682616933,RankSurprise
microVoSTN_R_1-2+,4,357752.34048,357870.34624,118.0057599999709,357752.34048,357870.34624,118.0057599999709,4,5.221638482915548,RankSurprise
microVoSTN_R_1-2+,4,366266.28608,366289.3056,23.019520000030752,366266.28608,366289.3056,23.019520000030752,3,6.350726959869251,RankSurprise
microVoSTN_R_1-2+,4,375452.4672,375523.40992,70.94271999999182,375452.4672,375523.40992,70.94271999999182,3,4.002423405064404,RankSurprise
microVoSTN_R_1-3+,0,786.75968,810.10688,23.347200000000043,786.75968,810.10688,23.347200000000043,3,4.727947593242183,RankSurprise
microVoSTN_R_1-3+,0,1542.51264,1641.92256,99.40992000000006,1542.51264,1641.92256,99.40992000000006,5,5.200774682397089,RankSurprise
microVoSTN_R_1-3+,0,18600.05888,18755.3792,155.3203199999989,18600.05888,18755.3792,155.3203199999989,5,3.5575119386450993,RankSurprise
microVoSTN_R_1-3+,0,19536.44544,19674.19392,137.74848000000202,19536.44544,19674.19392,137.74848000000202,8,9.71963081161985,RankSurprise
microVoSTN_R_1-3+,0,30326.04672,30346.52672,20.4800000000032,30326.04672,30346.52672,20.4800000000032,3,5.025104556382651,RankSurprise
microVoSTN_R_1-3+,0,57743.03232,57879.7568,136.7244800000044,57743.03232,57879.7568,136.7244800000044,8,10.169368724740636,RankSurprise
microVoSTN_R_1-3+,0,59635.17952,59660.45184,25.272320000003674,59635.17952,59660.45184,25.272320000003674,3,4.5398384534762375,RankSurprise
microVoSTN_R_1-3+,0,60686.62272,61060.38272,373.76000000000204,60686.62272,61060.38272,373.76000000000204,11,8.12192028552688,RankSurprise
microVoSTN_R_1-3+,0,61953.8432,61982.35136,28.508159999997588,61953.8432,61982.35136,28.508159999997588,3,4.284027361524046,RankSurprise
microVoSTN_R_1-3+,0,70392.29952,70449.11104,56.81152000000293,70392.29952,70449.11104,56.81152000000293,4,4.986995983116479,RankSurprise
microVoSTN_R_1-3+,0,71911.424,71986.5856,75.16160000000673,71911.424,71986.5856,75.16160000000673,4,4.019619587111087,RankSurprise
microVoSTN_R_1-3+,0,77942.90688,78232.12544,289.21856000000844,77942.90688,78232.12544,289.21856000000844,7,3.8069362230354433,RankSurprise
microVoSTN_R_1-3+,0,81483.81696,81573.6832,89.86624000000302,81483.81696,81573.6832,89.86624000000302,4,3.699901643050268,RankSurprise
microVoSTN_R_1-3+,0,102074.5728,102132.44928,57.87648000000627,102074.5728,102132.44928,57.87648000000627,4,4.928214812385573,RankSurprise
microVoSTN_R_1-3+,0,114565.03808,114736.61952,171.58143999999447,114565.03808,114736.61952,171.58143999999447,6,4.800626834996052,RankSurprise
microVoSTN_R_1-3+,0,121129.82016,121542.41024,412.5900799999945,121129.82016,121542.41024,412.5900799999945,15,13.644846097521706,RankSurprise
microVoSTN_R_1-3+,0,121965.7728,122074.27584,108.50303999999596,121965.7728,122074.27584,108.50303999999596,6,7.034695232675212,RankSurprise
microVoSTN_R_1-3+,0,154164.06016,154396.0576,231.99744000000646,154164.06016,154396.0576,231.99744000000646,7,4.8144187209994245,RankSurprise
microVoSTN_R_1-3+,0,166695.1168,168445.91104,1750.7942400000175,166695.1168,168445.91104,1750.7942400000175,52,33.090649006124956,RankSurprise
microVoSTN_R_1-3+,0,169178.48064,170866.11456,1687.633919999993,169178.48064,170866.11456,1687.633919999993,29,10.242900370523769,RankSurprise
microVoSTN_R_1-3+,0,171757.568,172365.74208,608.174079999997,171757.568,172365.74208,608.174079999997,13,6.177401982224771,RankSurprise
microVoSTN_R_1-3+,0,173473.71008,175074.59072,1600.8806400000176,173473.71008,175074.59072,1600.8806400000176,24,6.443960790319161,RankSurprise
microVoSTN_R_1-3+,0,175628.53376,177106.57536,1478.0415999999968,175628.53376,177106.57536,1478.0415999999968,20,4.350354622733961,RankSurprise
microVoSTN_R_1-3+,0,184746.72128,184875.45856,128.7372800000012,184746.72128,184875.45856,128.7372800000012,6,6.042192726626894,RankSurprise
microVoSTN_R_1-3+,0,185147.1872,185460.49024,313.303040000028,185147.1872,185460.49024,313.303040000028,7,3.7097964875065874,RankSurprise
microVoSTN_R_1-3+,0,187323.92448,187336.2944,12.369920000026468,187323.92448,187336.2944,12.369920000026468,3,6.578380646158887,RankSurprise
microVoSTN_R_1-3+,0,191644.71296,193880.80128,2236.08832000001,191644.71296,193880.80128,2236.08832000001,33,9.738201010816502,RankSurprise
microVoSTN_R_1-3+,0,194176.77824,196734.07488,2557.296639999986,194176.77824,196734.07488,2557.296639999986,48,15.919346019869623,RankSurprise
microVoSTN_R_1-3+,0,197020.01664,197143.18336,123.16672000000835,197020.01664,197143.18336,123.16672000000835,6,7.001908185886812,RankSurprise
microVoSTN_R_1-3+,0,197669.02784,198469.55008,800.5222399999911,197669.02784,198469.55008,800.5222399999911,16,8.24678479954874,RankSurprise
microVoSTN_R_1-3+,0,198760.61184,198795.18208,34.57024000000092,198760.61184,198795.18208,34.57024000000092,3,3.6780912344784262,RankSurprise
microVoSTN_R_1-3+,0,263955.74272,264350.14656,394.4038400000427,263955.74272,264350.14656,394.4038400000427,8,3.708654179063089,RankSurprise
microVoSTN_R_1-3+,0,266101.47328,268603.84256,2502.3692800000426,266101.47328,268603.84256,2502.3692800000426,36,8.676476634952936,RankSurprise
microVoSTN_R_1-3+,0,269382.94272,270070.82496,687.8822400000063,269382.94272,270070.82496,687.8822400000063,11,3.795361800127375,RankSurprise
microVoSTN_R_1-3+,0,273656.6272,273958.99392,302.3667199999909,273656.6272,273958.99392,302.3667199999909,7,3.6535723222755365,RankSurprise
microVoSTN_R_1-3+,0,277085.92128,277168.5376,82.61631999997189,277085.92128,277168.5376,82.61631999997189,4,4.07301369909349,RankSurprise
microVoSTN_R_1-3+,0,279986.09408,280061.99296,75.89887999999337,279986.09408,280061.99296,75.89887999999337,4,4.189733327643012,RankSurprise
microVoSTN_R_1-3+,0,283355.99616,283389.29664,33.30048000003444,283355.99616,283389.29664,33.30048000003444,3,3.9262409482862246,RankSurprise
microVoSTN_R_1-3+,0,285520.6912,286123.2128,602.5215999999782,285520.6912,286123.2128,602.5215999999782,14,9.004268841837193,RankSurprise
microVoSTN_R_1-3+,0,318343.94624,318781.07136,437.1251199999824,318343.94624,318781.07136,437.1251199999824,9,3.611257064910735,RankSurprise
microVoSTN_R_1-3+,0,320664.33024,320812.89216,148.56192000000738,320664.33024,320812.89216,148.56192000000738,5,3.8618504216572838,RankSurprise
microVoSTN_R_1-3+,0,337225.76896,338259.59936,1033.830399999977,337225.76896,338259.59936,1033.830399999977,17,5.394288598471918,RankSurprise
microVoSTN_R_1-3+,0,354556.19072,355451.45344,895.2627199999988,354556.19072,355451.45344,895.2627199999988,25,17.71426100111943,RankSurprise
microVoSTN_R_1-3+,0,356776.01792,356979.0976,203.07967999996617,356776.01792,356979.0976,203.07967999996617,9,9.311071060384421,RankSurprise
microVoSTN_R_1-3+,0,357758.07488,358121.71776,363.64288000005763,357758.07488,358121.71776,363.64288000005763,8,4.359886270280028,RankSurprise
microVoSTN_R_1-3+,0,358988.06272,359019.43808,31.375360000005458,358988.06272,359019.43808,31.375360000005458,3,4.023689359205203,RankSurprise
microVoSTN_R_1-3+,0,359161.69216,359178.52672,16.834560000046622,359161.69216,359178.52672,16.834560000046622,3,5.679830510612966,RankSurprise
microVoSTN_R_1-3+,0,359762.61632,359842.6112,79.99488000001293,359762.61632,359842.6112,79.99488000001293,6,8.484085204228826,RankSurprise
microVoSTN_R_1-3+,0,370223.9232,370619.43296,395.5097599999863,370223.9232,370619.43296,395.5097599999863,10,5.675149285432935,RankSurprise
microVoSTN_R_1-3+,0,375831.06048,375897.66144,66.60096000001067,375831.06048,375897.66144,66.60096000001067,4,4.5147745043694485,RankSurprise
microVoSTN_R_1-3+,0,377040.6912,377149.89056,109.19936000002781,377040.6912,377149.89056,109.19936000002781,5,4.931652374380498,RankSurprise
microVoSTN_R_1-3+,1,6862.39744,7236.4032,374.00576,6862.39744,7236.4032,374.00576,5,3.6088178760591276,RankSurprise
microVoSTN_R_1-3+,1,8402.57536,8421.94944,19.374079999999594,8402.57536,8421.94944,19.374079999999594,3,7.393701775438764,RankSurprise
microVoSTN_R_1-3+,1,8874.10688,9277.93152,403.8246400000007,8874.10688,9277.93152,403.8246400000007,5,3.539451860014246,RankSurprise
microVoSTN_R_1-3+,1,14447.86176,16385.8432,1937.9814399999996,14447.86176,16385.8432,1937.9814399999996,14,5.308157815840904,RankSurprise
microVoSTN_R_1-3+,1,20665.26208,20841.2672,176.005119999998,20665.26208,20841.2672,176.005119999998,5,6.4306990750322015,RankSurprise
microVoSTN_R_1-3+,1,33196.2368,33394.11456,197.87776000000304,33196.2368,33394.11456,197.87776000000304,4,4.1855432729508735,RankSurprise
microVoSTN_R_1-3+,1,39734.55872,39794.36032,59.80159999999887,39734.55872,39794.36032,59.80159999999887,3,4.583934049957229,RankSurprise
microVoSTN_R_1-3+,1,56324.42368,56352.1536,27.729919999997946,56324.42368,56352.1536,27.729919999997946,3,6.457293901405009,RankSurprise
microVoSTN_R_1-3+,1,58360.34048,58633.216,272.8755200000014,58360.34048,58633.216,272.8755200000014,5,4.97435012625585,RankSurprise
microVoSTN_R_1-3+,1,72033.85344,72836.7104,802.8569599999901,72033.85344,72836.7104,802.8569599999901,7,3.5579624041037423,RankSurprise
microVoSTN_R_1-3+,1,85240.13568,85310.464,70.32832000000053,85240.13568,85310.464,70.32832000000053,4,7.132718975219571,RankSurprise
microVoSTN_R_1-3+,1,99455.05792,99603.82464,148.76671999999962,99455.05792,99603.82464,148.76671999999962,4,4.820294308746483,RankSurprise
microVoSTN_R_1-3+,1,118161.69472,118374.93248,213.23776000000362,118161.69472,118374.93248,213.23776000000362,5,5.770478819987638,RankSurprise
microVoSTN_R_1-3+,1,137157.50912,137243.32032,85.81119999999646,137157.50912,137243.32032,85.81119999999646,3,3.785243888635403,RankSurprise
microVoSTN_R_1-3+,1,140698.13248,140982.76352,284.6310400000075,140698.13248,140982.76352,284.6310400000075,5,4.557174864502706,RankSurprise
microVoSTN_R_1-3+,1,156896.70656,156913.00864,16.30207999999402,156896.70656,156913.00864,16.30207999999402,4,12.381556284504239,RankSurprise
microVoSTN_R_1-3+,1,162249.15456,162341.2736,92.11903999999049,162249.15456,162341.2736,92.11903999999049,3,3.6521774451918567,RankSurprise
microVoSTN_R_1-3+,1,165143.83872,165212.03712,68.19839999999385,165143.83872,165212.03712,68.19839999999385,3,4.222953232890445,RankSurprise
microVoSTN_R_1-3+,1,182321.7664,184076.288,1754.5216000000073,182321.7664,184076.288,1754.5216000000073,13,4.721278136915,RankSurprise
microVoSTN_R_1-3+,1,199487.81568,200529.96096,1042.145279999997,199487.81568,200529.96096,1042.145279999997,12,9.068352970837259,RankSurprise
microVoSTN_R_1-3+,1,203286.07744,203423.78496,137.7075199999963,203286.07744,203423.78496,137.7075199999963,4,4.943479475888033,RankSurprise
microVoSTN_R_1-3+,1,218442.50624,218627.76832,185.26208000001498,218442.50624,218627.76832,185.26208000001498,4,4.199529362931806,RankSurprise
microVoSTN_R_1-3+,1,230134.45632,230791.70048,657.244160000002,230134.45632,230791.70048,657.244160000002,7,4.464461704806976,RankSurprise
microVoSTN_R_1-3+,1,232678.68672,232892.04736,213.36063999999897,232678.68672,232892.04736,213.36063999999897,4,3.739079219471879,RankSurprise
microVoSTN_R_1-3+,1,248547.24608,248681.10336,133.85727999999654,248547.24608,248681.10336,133.85727999999654,4,5.138294126412358,RankSurprise
microVoSTN_R_1-3+,1,279888.81408,279964.75392,75.93984000000637,279888.81408,279964.75392,75.93984000000637,3,4.081299892559741,RankSurprise
microVoSTN_R_1-3+,1,281533.07136,281623.3472,90.27584000001661,281533.07136,281623.3472,90.27584000001661,3,3.6338705853525433,RankSurprise
microVoSTN_R_1-3+,1,312873.65632,312972.6976,99.04128000000492,312873.65632,312972.6976,99.04128000000492,3,3.5447685490439707,RankSurprise
microVoSTN_R_1-3+,1,333756.04736,333819.65824,63.6108799999929,333756.04736,333819.65824,63.6108799999929,3,4.470022819524832,RankSurprise
microVoSTN_R_1-3+,1,343975.69024,344691.87584,716.185599999968,343975.69024,344691.87584,716.185599999968,6,3.5129415462614753,RankSurprise
microVoSTN_R_1-3+,1,349926.52288,350621.85984,695.336959999986,349926.52288,350621.85984,695.336959999986,8,5.356631843785008,RankSurprise
microVoSTN_R_1-3+,1,358543.31904,359005.14304,461.82400000002235,358543.31904,359005.14304,461.82400000002235,9,9.550518514165546,RankSurprise
microVoSTN_R_1-3+,1,360698.22464,361050.03008,351.80544000002556,360698.22464,361050.03008,351.80544000002556,6,5.4949549449953565,RankSurprise
microVoSTN_R_1-3+,2,40518.2464,40684.70784,166.46143999999913,40518.2464,40684.70784,166.46143999999913,4,3.9337349480805806,RankSurprise
microVoSTN_R_1-3+,2,44221.44,44263.2192,41.77919999999722,44221.44,44263.2192,41.77919999999722,3,4.879131937363054,RankSurprise
microVoSTN_R_1-3+,2,46776.48384,46828.544,52.060160000000906,46776.48384,46828.544,52.060160000000906,4,7.61610613847219,RankSurprise
microVoSTN_R_1-3+,2,51069.50144,51615.70304,546.2016000000003,51069.50144,51615.70304,546.2016000000003,8,5.659002499430563,RankSurprise
microVoSTN_R_1-3+,2,58936.36096,59074.3552,137.99424,58936.36096,59074.3552,137.99424,4,4.547370724292183,RankSurprise
microVoSTN_R_1-3+,2,66996.67456,67309.73184,313.0572799999936,66996.67456,67309.73184,313.0572799999936,5,3.7746793469435005,RankSurprise
microVoSTN_R_1-3+,2,68381.12256,68458.94656,77.82399999999325,68381.12256,68458.94656,77.82399999999325,3,3.6954849057186934,RankSurprise
microVoSTN_R_1-3+,2,70843.51488,71037.3376,193.82271999999648,70843.51488,71037.3376,193.82271999999648,4,3.696143331720844,RankSurprise
microVoSTN_R_1-3+,2,71860.18304,72065.67936,205.4963199999911,71860.18304,72065.67936,205.4963199999911,5,5.248358715066281,RankSurprise
microVoSTN_R_1-3+,2,72640.59392,73986.048,1345.4540799999959,72640.59392,73986.048,1345.4540799999959,14,6.857757009351285,RankSurprise
microVoSTN_R_1-3+,2,77860.29056,77876.0192,15.728640000001178,77860.29056,77876.0192,15.728640000001178,3,8.09832517216885,RankSurprise
microVoSTN_R_1-3+,2,79731.34336,80218.43968,487.0963199999969,79731.34336,80218.43968,487.0963199999969,7,4.554168317153782,RankSurprise
microVoSTN_R_1-3+,2,88430.87872,89126.54336,695.6646400000027,88430.87872,89126.54336,695.6646400000027,8,4.917893995845923,RankSurprise
microVoSTN_R_1-3+,2,116520.67328,117124.096,603.4227200000023,116520.67328,117124.096,603.4227200000023,8,5.165434021195947,RankSurprise
microVoSTN_R_1-3+,2,123231.15008,123281.65376,50.50367999999435,123231.15008,123281.65376,50.50367999999435,3,4.437208515032271,RankSurprise
microVoSTN_R_1-3+,2,157064.51968,157304.58624,240.06656000000658,157064.51968,157304.58624,240.06656000000658,5,4.538682376574084,RankSurprise
microVoSTN_R_1-3+,2,166393.40544,174120.5504,7727.144960000005,166393.40544,174120.5504,7727.144960000005,68,20.244730666799338,RankSurprise
microVoSTN_R_1-3+,2,184491.6224,184650.21952,158.59712000002037,184491.6224,184650.21952,158.59712000002037,4,4.109091589310246,RankSurprise
microVoSTN_R_1-3+,2,186723.04128,187271.00416,547.9628800000064,186723.04128,187271.00416,547.9628800000064,7,4.137118840615164,RankSurprise
microVoSTN_R_1-3+,2,194126.39744,198224.60928,4098.211840000004,194126.39744,198224.60928,4098.211840000004,41,14.997547178990708,RankSurprise
microVoSTN_R_1-3+,2,245450.3424,245514.89536,64.5529600000009,245450.3424,245514.89536,64.5529600000009,3,4.036924765666104,RankSurprise
microVoSTN_R_1-3+,2,264921.21088,264996.82304,75.61215999996057,264921.21088,264996.82304,75.61215999996057,3,3.6874527340214307,RankSurprise
microVoSTN_R_1-3+,2,266991.32928,267855.79008,864.4608000000007,266991.32928,267855.79008,864.4608000000007,10,5.2254087752799245,RankSurprise
microVoSTN_R_1-3+,2,268774.89152,269350.58432,575.6928000000189,268774.89152,269350.58432,575.6928000000189,7,4.119570276700988,RankSurprise
microVoSTN_R_1-3+,2,270049.28,270182.23616,132.95615999994334,270049.28,270182.23616,132.95615999994334,4,4.643269633875246,RankSurprise
microVoSTN_R_1-3+,2,271831.8592,272941.8752,1110.0160000000033,271831.8592,272941.8752,1110.0160000000033,12,6.041432202725269,RankSurprise
microVoSTN_R_1-3+,2,280265.03168,280303.65696,38.625279999978375,280265.03168,280303.65696,38.625279999978375,3,5.143084259969598,RankSurprise
microVoSTN_R_1-3+,2,284708.2496,288591.74912,3883.499520000012,284708.2496,288591.74912,3883.499520000012,26,4.967719990300658,RankSurprise
microVoSTN_R_1-3+,2,321891.98336,321905.62304,13.639679999963846,321891.98336,321905.62304,13.639679999963846,3,8.41281850207129,RankSurprise
microVoSTN_R_1-3+,2,325447.39328,325475.61472,28.22143999999389,325447.39328,325475.61472,28.22143999999389,3,6.025852299805109,RankSurprise
microVoSTN_R_1-3+,2,356737.55648,356807.51616,69.95967999997083,356737.55648,356807.51616,69.95967999997083,3,3.9075487250332266,RankSurprise
microVoSTN_R_1-3+,2,357455.62624,357532.95872,77.33247999998275,357455.62624,357532.95872,77.33247999998275,3,3.6165789017272303,RankSurprise
microVoSTN_R_1-3+,2,358967.62368,359004.5696,36.94591999996919,358967.62368,359004.5696,36.94591999996919,3,5.143084259969598,RankSurprise
microVoSTN_R_1-3+,2,362066.61632,362127.85152,61.23520000005374,362066.61632,362127.85152,61.23520000005374,3,4.2695112577805965,RankSurprise
microVoSTN_R_1-3+,2,375196.18048,376383.11936,1186.9388800000306,375196.18048,376383.11936,1186.9388800000306,15,9.238024317981544,RankSurprise
microVoSTN_R_1-3+,4,13238.43584,13648.896,410.46016000000054,13238.43584,13648.896,410.46016000000054,7,3.6079594248311793,RankSurprise
microVoSTN_R_1-3+,4,15674.5728,17497.45664,1822.8838400000004,15674.5728,17497.45664,1822.8838400000004,22,6.850299416254246,RankSurprise
microVoSTN_R_1-3+,4,18802.40128,18864.29184,61.89056000000346,18802.40128,18864.29184,61.89056000000346,3,3.8163767044178414,RankSurprise
microVoSTN_R_1-3+,4,19610.33728,19659.1616,48.824319999999716,19610.33728,19659.1616,48.824319999999716,4,7.020682291865857,RankSurprise
microVoSTN_R_1-3+,4,39613.07136,39695.5648,82.49343999999837,39613.07136,39695.5648,82.49343999999837,4,5.577544505778228,RankSurprise
microVoSTN_R_1-3+,4,47888.22016,47937.9456,49.72544000000198,47888.22016,47937.9456,49.72544000000198,3,4.048323542171779,RankSurprise
microVoSTN_R_1-3+,4,55559.94624,56219.36128,659.4150399999999,55559.94624,56219.36128,659.4150399999999,10,4.047876049460949,RankSurprise
microVoSTN_R_1-3+,4,61437.82912,61628.29312,190.46399999999994,61437.82912,61628.29312,190.46399999999994,5,4.533957545968928,RankSurprise
microVoSTN_R_1-3+,4,73681.46944,73746.30912,64.83968000000459,73681.46944,73746.30912,64.83968000000459,3,3.661500222287996,RankSurprise
microVoSTN_R_1-3+,4,85808.86528,86077.35808,268.49280000000726,85808.86528,86077.35808,268.49280000000726,8,8.054209130568957,RankSurprise
microVoSTN_R_1-3+,4,86525.82912,86979.62496,453.79584000000614,86525.82912,86979.62496,453.79584000000614,8,4.269325798278638,RankSurprise
microVoSTN_R_1-3+,4,91494.27712,92855.37792,1361.1008000000002,91494.27712,92855.37792,1361.1008000000002,21,9.651391165139065,RankSurprise
microVoSTN_R_1-3+,4,95282.54464,95763.456,480.9113600000128,95282.54464,95763.456,480.9113600000128,10,6.919866027697052,RankSurprise
microVoSTN_R_1-3+,4,97021.00992,97046.28224,25.272320000003674,97021.00992,97046.28224,25.272320000003674,3,5.474812249901785,RankSurprise
microVoSTN_R_1-3+,4,98011.09504,99943.54688,1932.4518399999943,98011.09504,99943.54688,1932.4518399999943,22,4.996631530806913,RankSurprise
microVoSTN_R_1-3+,4,125455.68768,125753.22112,297.53343999999925,125455.68768,125753.22112,297.53343999999925,6,3.60144840801223,RankSurprise
microVoSTN_R_1-3+,4,140066.16064,140648.6528,582.4921600000234,140066.16064,140648.6528,582.4921600000234,9,4.6823474573617325,RankSurprise
microVoSTN_R_1-3+,4,151845.96992,152074.8544,228.8844800000079,151845.96992,152074.8544,228.8844800000079,5,3.8745038611785176,RankSurprise
microVoSTN_R_1-3+,4,160724.66432,160826.44992,101.78560000000289,160724.66432,160826.44992,101.78560000000289,4,4.6595133558264585,RankSurprise
microVoSTN_R_1-3+,4,162027.43808,162518.6304,491.1923200000019,162027.43808,162518.6304,491.1923200000019,12,10.947840209376148,RankSurprise
microVoSTN_R_1-3+,4,164567.90016,164666.08128,98.18112000002293,164567.90016,164666.08128,98.18112000002293,4,4.92966883300781,RankSurprise
microVoSTN_R_1-3+,4,166148.75136,166791.7824,643.0310400000017,166148.75136,166791.7824,643.0310400000017,11,7.409058309992807,RankSurprise
microVoSTN_R_1-3+,4,167594.3936,167630.848,36.4543999999878,167594.3936,167630.848,36.4543999999878,3,4.711170058657238,RankSurprise
microVoSTN_R_1-3+,4,170807.25504,170848.58368,41.32864000002155,170807.25504,170848.58368,41.32864000002155,4,7.442870116170791,RankSurprise
microVoSTN_R_1-3+,4,178359.45984,178657.15712,297.69727999999304,178359.45984,178657.15712,297.69727999999304,6,3.8681174797891726,RankSurprise
microVoSTN_R_1-3+,4,180819.18976,183034.55232,2215.3625599999796,180819.18976,183034.55232,2215.3625599999796,37,18.48162162476209,RankSurprise
microVoSTN_R_1-3+,4,188862.54592,191348.49024,2485.9443200000096,188862.54592,191348.49024,2485.9443200000096,30,9.133303517863544,RankSurprise
microVoSTN_R_1-3+,4,192128.53248,192706.23232,577.6998400000157,192128.53248,192706.23232,577.6998400000157,17,17.991394654666234,RankSurprise
microVoSTN_R_1-3+,4,193368.55552,193413.5296,44.97408000001451,193368.55552,193413.5296,44.97408000001451,3,4.500951666206152,RankSurprise
microVoSTN_R_1-3+,4,204613.14048,210316.32896,5703.188480000012,204613.14048,210316.32896,5703.188480000012,52,5.726274117729523,RankSurprise
microVoSTN_R_1-3+,4,210648.2688,214447.55456,3799.285759999999,210648.2688,214447.55456,3799.285759999999,47,12.67610816612894,RankSurprise
microVoSTN_R_1-3+,4,217755.81184,218495.67232,739.860480000003,217755.81184,218495.67232,739.860480000003,11,4.991357876300251,RankSurprise
microVoSTN_R_1-3+,4,226689.26976,226940.64128,251.37152000001515,226689.26976,226940.64128,251.37152000001515,5,3.5979960812308605,RankSurprise
microVoSTN_R_1-3+,4,227375.3088,227414.75328,39.44448000000557,227375.3088,227414.75328,39.44448000000557,3,4.691119639469154,RankSurprise
microVoSTN_R_1-3+,4,232666.15296,232804.31104,138.1580799999938,232666.15296,232804.31104,138.1580799999938,4,3.8309337276908266,RankSurprise
microVoSTN_R_1-3+,4,237983.3344,238043.05408,59.71968000000925,237983.3344,238043.05408,59.71968000000925,3,3.8228283396993277,RankSurprise
microVoSTN_R_1-3+,4,259586.048,259684.9664,98.91839999999502,259586.048,259684.9664,98.91839999999502,4,4.363533605700976,RankSurprise
microVoSTN_R_1-3+,4,289428.84864,289494.6304,65.78176000004169,289428.84864,289494.6304,65.78176000004169,3,3.5513272114670755,RankSurprise
microVoSTN_R_1-3+,4,312173.568,312279.28576,105.71775999997044,312173.568,312279.28576,105.71775999997044,4,4.2556250024776325,RankSurprise
microVoSTN_R_1-3+,4,335007.78496,335102.27968,94.49471999995876,335007.78496,335102.27968,94.49471999995876,4,5.126363416666305,RankSurprise
microVoSTN_R_1-3+,4,337081.22112,337139.13856,57.917439999990165,337081.22112,337139.13856,57.917439999990165,3,3.895204854180175,RankSurprise
microVoSTN_R_1-3+,4,343852.032,343934.89408,82.86207999999169,343852.032,343934.89408,82.86207999999169,4,5.2650439775632805,RankSurprise
microVoSTN_R_1-3+,4,344585.09312,344809.472,224.37888000003295,344585.09312,344809.472,224.37888000003295,5,3.5354482258208684,RankSurprise
microVoSTN_R_1-3+,4,345460.28544,345526.64064,66.35519999999087,345460.28544,345526.64064,66.35519999999087,3,3.5513272114670755,RankSurprise
microVoSTN_R_1-3+,4,354429.50144,354506.91584,77.41439999995055,354429.50144,354506.91584,77.41439999995055,4,5.620814653366665,RankSurprise
microVoSTN_R_2-3+,0,15674.5728,15952.56832,277.9955200000004,15674.5728,15952.56832,277.9955200000004,6,5.201935334035348,RankSurprise
microVoSTN_R_2-3+,0,16925.12256,17031.08608,105.96352000000115,16925.12256,17031.08608,105.96352000000115,4,5.752781224111576,RankSurprise
microVoSTN_R_2-3+,0,19544.84224,19590.92224,46.07999999999811,19544.84224,19590.92224,46.07999999999811,3,5.767976702452447,RankSurprise
microVoSTN_R_2-3+,0,55641.82528,56219.36128,577.5360000000001,55641.82528,56219.36128,577.5360000000001,11,8.255719207699348,RankSurprise
microVoSTN_R_2-3+,0,83434.94656,85611.43808,2176.4915200000105,83434.94656,85611.43808,2176.4915200000105,25,6.028347056703175,RankSurprise
microVoSTN_R_2-3+,0,86457.50784,87977.20576,1519.6979199999914,86457.50784,87977.20576,1519.6979199999914,19,8.009592509590084,RankSurprise
microVoSTN_R_2-3+,0,91668.48,91886.10048,217.62047999999777,91668.48,91886.10048,217.62047999999777,5,4.785739887516968,RankSurprise
microVoSTN_R_2-3+,0,95479.84896,96096.29696,616.448000000004,95479.84896,96096.29696,616.448000000004,12,10.31131854848889,RankSurprise
microVoSTN_R_2-3+,0,96641.88416,96792.12544,150.241280000002,96641.88416,96792.12544,150.241280000002,4,4.480170974991207,RankSurprise
microVoSTN_R_2-3+,0,97945.68192,100095.01696,2149.335039999991,97945.68192,100095.01696,2149.335039999991,23,4.951237387275934,RankSurprise
microVoSTN_R_2-3+,0,162062.90944,162831.60576,768.6963200000173,162062.90944,162831.60576,768.6963200000173,16,14.551774160701799,RankSurprise
microVoSTN_R_2-3+,0,167907.00032,167995.92448,88.92415999999503,167907.00032,167995.92448,88.92415999999503,3,3.554815532853416,RankSurprise
microVoSTN_R_2-3+,0,179999.82592,180712.8576,713.0316799999855,179999.82592,180712.8576,713.0316799999855,11,6.034755030545454,RankSurprise
microVoSTN_R_2-3+,0,180992.2048,182491.70944,1499.5046399999992,180992.2048,182491.70944,1499.5046399999992,28,24.455902025019636,RankSurprise
microVoSTN_R_2-3+,0,188930.74432,191211.3152,2280.570880000014,188930.74432,191211.3152,2280.570880000014,37,20.534370141253373,RankSurprise
microVoSTN_R_2-3+,0,192107.39712,192706.23232,598.8352000000014,192107.39712,192706.23232,598.8352000000014,11,7.750191911465551,RankSurprise
microVoSTN_R_2-3+,0,203638.9888,204000.0512,361.06239999999525,203638.9888,204000.0512,361.06239999999525,7,5.325351083625804,RankSurprise
microVoSTN_R_2-3+,0,206851.072,215313.408,8462.33600000001,206851.072,215313.408,8462.33600000001,99,23.304955849286976,RankSurprise
microVoSTN_R_2-3+,0,217755.8528,218416.7424,660.889599999995,217755.8528,218416.7424,660.889599999995,9,3.950176185744156,RankSurprise
microVoSTN_R_2-3+,0,219290.25536,219509.59616,219.3407999999763,219290.25536,219509.59616,219.3407999999763,5,3.6032883394078468,RankSurprise
microVoSTN_R_2-3+,0,221472.60416,222313.39008,840.7859200000239,221472.60416,222313.39008,840.7859200000239,12,5.447667027420952,RankSurprise
microVoSTN_R_2-3+,0,223331.20512,223572.62336,241.41823999999906,223331.20512,223572.62336,241.41823999999906,5,4.006284358095222,RankSurprise
microVoSTN_R_2-3+,0,250849.23904,250893.9264,44.68736000001081,250849.23904,250893.9264,44.68736000001081,3,5.262674047506232,RankSurprise
microVoSTN_R_2-3+,0,261454.88896,262542.9504,1088.0614399999613,261454.88896,262542.9504,1088.0614399999613,13,3.8525824783557296,RankSurprise
microVoSTN_R_2-3+,0,265541.79584,265693.5936,151.79776000004495,265541.79584,265693.5936,151.79776000004495,4,4.132239410719986,RankSurprise
microVoSTN_R_2-3+,0,306448.91648,306606.81728,157.90080000000307,306448.91648,306606.81728,157.90080000000307,4,3.6680158011789885,RankSurprise
microVoSTN_R_2-3+,0,344585.09312,344694.33344,109.24032000004081,344585.09312,344694.33344,109.24032000004081,4,4.126047440472064,RankSurprise
microVoSTN_R_2-3+,1,1519.49312,1692.99968,173.5065599999998,1519.49312,1692.99968,173.5065599999998,8,3.9982873078614074,RankSurprise
microVoSTN_R_2-3+,1,6943.45728,6956.97408,13.51680000000033,6943.45728,6956.97408,13.51680000000033,3,5.155194770930654,RankSurprise
microVoSTN_R_2-3+,1,7396.47488,7434.60864,38.13376000000062,7396.47488,7434.60864,38.13376000000062,4,4.459222407410227,RankSurprise
microVoSTN_R_2-3+,1,10212.43392,10234.6752,22.241280000000188,10212.43392,10234.6752,22.241280000000188,3,3.742424187265362,RankSurprise
microVoSTN_R_2-3+,1,19604.56192,19745.05472,140.4928,19604.56192,19745.05472,140.4928,8,5.462737557967882,RankSurprise
microVoSTN_R_2-3+,1,22859.3664,22998.6304,139.2639999999992,22859.3664,22998.6304,139.2639999999992,7,4.2745983985477425,RankSurprise
microVoSTN_R_2-3+,1,26706.90304,26847.6416,140.73855999999796,26706.90304,26847.6416,140.73855999999796,8,5.460509673807399,RankSurprise
microVoSTN_R_2-3+,1,32489.14432,32505.32352,16.17920000000231,32489.14432,32505.32352,16.17920000000231,3,4.579250747785268,RankSurprise
microVoSTN_R_2-3+,1,33235.02592,33249.85344,14.827519999998913,33235.02592,33249.85344,14.827519999998913,3,4.8625142551048,RankSurprise
microVoSTN_R_2-3+,1,39595.17184,39767.32672,172.1548799999946,39595.17184,39767.32672,172.1548799999946,11,9.21730396488865,RankSurprise
microVoSTN_R_2-3+,1,44777.02144,44793.11872,16.097280000001774,44777.02144,44793.11872,16.097280000001774,3,4.555070815196581,RankSurprise
microVoSTN_R_2-3+,1,47857.664,47983.616,125.95200000000477,47857.664,47983.616,125.95200000000477,7,5.211913714517648,RankSurprise
microVoSTN_R_2-3+,1,50205.2864,50355.4048,150.11839999999938,50205.2864,50355.4048,150.11839999999938,7,3.7830458945979304,RankSurprise
microVoSTN_R_2-3+,1,51277.08672,51288.4736,11.3868799999982,51277.08672,51288.4736,11.3868799999982,3,6.0598292452238685,RankSurprise
microVoSTN_R_2-3+,1,53868.62592,53921.25952,52.633600000001024,53868.62592,53921.25952,52.633600000001024,4,3.6364205411173565,RankSurprise
microVoSTN_R_2-3+,1,56880.20992,56923.46368,43.2537599999996,56880.20992,56923.46368,43.2537599999996,4,4.155340002758891,RankSurprise
microVoSTN_R_2-3+,1,57378.77504,57426.1248,47.34975999999733,57378.77504,57426.1248,47.34975999999733,4,3.8674694502605007,RankSurprise
microVoSTN_R_2-3+,1,57822.04416,57831.05536,9.011200000000827,57822.04416,57831.05536,9.011200000000827,3,6.179940802657358,RankSurprise
microVoSTN_R_2-3+,1,57921.86368,58485.06368,563.1999999999971,57921.86368,58485.06368,563.1999999999971,17,4.261294241336341,RankSurprise
microVoSTN_R_2-3+,1,60940.00128,61109.20704,169.20576000000437,60940.00128,61109.20704,169.20576000000437,7,3.8241013697744344,RankSurprise
microVoSTN_R_2-3+,1,61544.73472,61562.0608,17.32607999999891,61544.73472,61562.0608,17.32607999999891,3,4.3311742451432895,RankSurprise
microVoSTN_R_2-3+,1,68288.9216,68547.584,258.66240000000107,68288.9216,68547.584,258.66240000000107,12,6.759030119651349,RankSurprise
microVoSTN_R_2-3+,1,70922.40384,71911.46496,989.0611199999985,70922.40384,71911.46496,989.0611199999985,28,6.769857667778061,RankSurprise
microVoSTN_R_2-3+,1,73417.56416,73498.70592,81.14175999999861,73417.56416,73498.70592,81.14175999999861,5,3.5728102022886326,RankSurprise
microVoSTN_R_2-3+,1,75401.46176,75443.32288,41.86112000000139,75401.46176,75443.32288,41.86112000000139,4,4.137331759570827,RankSurprise
microVoSTN_R_2-3+,1,79041.61792,79076.47488,34.85695999999007,79041.61792,79076.47488,34.85695999999007,4,4.819848755313355,RankSurprise
microVoSTN_R_2-3+,1,79462.1952,79976.77568,514.5804800000042,79462.1952,79976.77568,514.5804800000042,20,9.087132918698998,RankSurprise
microVoSTN_R_2-3+,1,81990.8608,82070.07744,79.21663999999873,81990.8608,82070.07744,79.21663999999873,5,3.6460134169177927,RankSurprise
microVoSTN_R_2-3+,1,82730.63936,82954.24,223.6006400000042,82730.63936,82954.24,223.6006400000042,9,3.821077543207351,RankSurprise
microVoSTN_R_2-3+,1,104709.28384,104757.98528,48.701439999989816,104709.28384,104757.98528,48.701439999989816,4,3.657210648069782,RankSurprise
microVoSTN_R_2-3+,1,115806.49472,115844.38272,37.887999999991735,115806.49472,115844.38272,37.887999999991735,4,4.613963176306498,RankSurprise
microVoSTN_R_2-3+,1,119597.71136,119614.58688,16.875520000001416,119597.71136,119614.58688,16.875520000001416,3,4.321985862186061,RankSurprise
microVoSTN_R_2-3+,1,120708.7104,120745.86112,37.150720000005094,120708.7104,120745.86112,37.150720000005094,4,4.664125130499354,RankSurprise
microVoSTN_R_2-3+,1,120867.06176,121520.20992,653.148159999997,120867.06176,121520.20992,653.148159999997,20,4.494408946487195,RankSurprise
microVoSTN_R_2-3+,1,121794.39616,122039.17312,244.77696000000287,121794.39616,122039.17312,244.77696000000287,12,9.051411394793275,RankSurprise
microVoSTN_R_2-3+,1,123113.30816,123304.05888,190.75071999999636,123113.30816,123304.05888,190.75071999999636,8,4.006082780072969,RankSurprise
microVoSTN_R_2-3+,1,123607.61344,123743.39584,135.78239999999641,123607.61344,123743.39584,135.78239999999641,7,4.389092336507142,RankSurprise
microVoSTN_R_2-3+,1,133384.6016,133399.47008,14.868480000004638,133384.6016,133399.47008,14.868480000004638,3,4.830735998108846,RankSurprise
microVoSTN_R_2-3+,1,134546.6368,134564.74112,18.104319999984,134546.6368,134564.74112,18.104319999984,3,4.238203931864259,RankSurprise
microVoSTN_R_2-3+,1,138188.63616,138226.31936,37.68319999999949,138188.63616,138226.31936,37.68319999999949,4,4.532800608083846,RankSurprise
microVoSTN_R_2-3+,1,142815.10912,142835.01568,19.906560000003083,142815.10912,142835.01568,19.906560000003083,3,3.894426147496615,RankSurprise
microVoSTN_R_2-3+,1,143051.20256,143071.10912,19.906560000003083,143051.20256,143071.10912,19.906560000003083,3,4.013902628827534,RankSurprise
microVoSTN_R_2-3+,1,144902.26688,144925.20448,22.937599999975646,144902.26688,144925.20448,22.937599999975646,3,3.5465090533289807,RankSurprise
microVoSTN_R_2-3+,1,146675.9168,146699.38688,23.470079999999143,146675.9168,146699.38688,23.470079999999143,3,3.5423661196126996,RankSurprise
microVoSTN_R_2-3+,1,147277.2096,147321.56928,44.359679999994114,147277.2096,147321.56928,44.359679999994114,4,4.033071046553108,RankSurprise
microVoSTN_R_2-3+,1,150845.52192,150859.24352,13.721599999989849,150845.52192,150859.24352,13.721599999989849,3,5.17382124046809,RankSurprise
microVoSTN_R_2-3+,1,156101.8368,156135.05536,33.21856000000844,156101.8368,156135.05536,33.21856000000844,4,4.936855266574845,RankSurprise
microVoSTN_R_2-3+,1,165145.3952,166121.472,976.0768000000098,165145.3952,166121.472,976.0768000000098,29,6.195525636803806,RankSurprise
microVoSTN_R_2-3+,1,166390.41536,166399.95904,9.543679999973392,166390.41536,166399.95904,9.543679999973392,3,6.516161656672923,RankSurprise
microVoSTN_R_2-3+,1,166726.36928,168298.33216,1571.9628799999773,166726.36928,168298.33216,1571.9628799999773,68,31.85129315225832,RankSurprise
microVoSTN_R_2-3+,1,168700.60032,168764.12928,63.528959999996005,168700.60032,168764.12928,63.528959999996005,9,14.86129166035753,RankSurprise
microVoSTN_R_2-3+,1,169257.24672,169475.6864,218.4396800000104,169257.24672,169475.6864,218.4396800000104,10,6.317328812413304,RankSurprise
microVoSTN_R_2-3+,1,169676.84096,170894.90944,1218.0684799999872,169676.84096,170894.90944,1218.0684799999872,40,11.043167137920095,RankSurprise
microVoSTN_R_2-3+,1,171144.64256,171837.35808,692.7155199999979,171144.64256,171837.35808,692.7155199999979,25,8.3532905501935,RankSurprise
microVoSTN_R_2-3+,1,172530.40128,173686.33344,1155.9321599999967,172530.40128,173686.33344,1155.9321599999967,30,5.111701819870604,RankSurprise
microVoSTN_R_2-3+,1,174035.968,174112.89088,76.92287999999826,174035.968,174112.89088,76.92287999999826,5,3.835106219759435,RankSurprise
microVoSTN_R_2-3+,1,174338.21184,174641.19296,302.9811199999822,174338.21184,174641.19296,302.9811199999822,22,22.92950475808155,RankSurprise
microVoSTN_R_2-3+,1,174795.89888,174909.60384,113.70496000000276,174795.89888,174909.60384,113.70496000000276,7,5.48781475670446,RankSurprise
microVoSTN_R_2-3+,1,175868.23168,176599.81824,731.5865599999961,175868.23168,176599.81824,731.5865599999961,29,13.161131019300603,RankSurprise
microVoSTN_R_2-3+,1,184545.56672,184687.90272,142.33600000001024,184545.56672,184687.90272,142.33600000001024,8,5.467195669763298,RankSurprise
microVoSTN_R_2-3+,1,185355.83744,185694.12608,338.2886399999843,185355.83744,185694.12608,338.2886399999843,16,9.165518592086821,RankSurprise
microVoSTN_R_2-3+,1,186193.96096,186723.08224,529.1212799999921,186193.96096,186723.08224,529.1212799999921,27,16.71448568395568,RankSurprise
microVoSTN_R_2-3+,1,187323.96544,187336.33536,12.369919999997364,187323.96544,187336.33536,12.369919999997364,3,5.706754669997114,RankSurprise
microVoSTN_R_2-3+,1,192412.30336,192461.25056,48.947199999995064,192412.30336,192461.25056,48.947199999995064,5,5.775304604394769,RankSurprise
microVoSTN_R_2-3+,1,193244.81536,193263.90272,19.087360000004992,193244.81536,193263.90272,19.087360000004992,4,7.47591151961306,RankSurprise
microVoSTN_R_2-3+,1,193575.07584,193879.90016,304.82431999998516,193575.07584,193879.90016,304.82431999998516,11,4.1582367727538365,RankSurprise
microVoSTN_R_2-3+,1,194104.85248,194963.78368,858.9311999999918,194104.85248,194963.78368,858.9311999999918,37,17.046663099940314,RankSurprise
microVoSTN_R_2-3+,1,195181.32224,195728.9984,547.6761600000027,195181.32224,195728.9984,547.6761600000027,20,7.827254194477135,RankSurprise
microVoSTN_R_2-3+,1,196080.51712,196254.5152,173.9980799999903,196080.51712,196254.5152,173.9980799999903,9,5.296280134306154,RankSurprise
microVoSTN_R_2-3+,1,196379.11552,197237.63712,858.5216000000073,196379.11552,197237.63712,858.5216000000073,31,10.668141730511977,RankSurprise
microVoSTN_R_2-3+,1,197570.47808,198451.73248,881.2544000000053,197570.47808,198451.73248,881.2544000000053,42,21.70257250343759,RankSurprise
microVoSTN_R_2-3+,1,198903.52128,199047.04512,143.52384000000893,198903.52128,199047.04512,143.52384000000893,7,3.892381894768833,RankSurprise
microVoSTN_R_2-3+,1,199762.61632,199785.84064,23.224320000008447,199762.61632,199785.84064,23.224320000008447,3,3.567353437349494,RankSurprise
microVoSTN_R_2-3+,1,200189.7472,200265.68704,75.93983999997727,200189.7472,200265.68704,75.93983999997727,6,5.921290934466711,RankSurprise
microVoSTN_R_2-3+,1,201699.61472,201715.3024,15.687679999973625,201699.61472,201715.3024,15.687679999973625,3,4.607247726829607,RankSurprise
microVoSTN_R_2-3+,1,266346.12736,267414.07744,1067.9500800000387,266346.12736,267414.07744,1067.9500800000387,35,9.76040052071345,RankSurprise
microVoSTN_R_2-3+,1,267535.27808,267594.62912,59.35103999997955,267535.27808,267594.62912,59.35103999997955,8,12.373978239844774,RankSurprise
microVoSTN_R_2-3+,1,269350.62528,269463.47008,112.84480000002077,269350.62528,269463.47008,112.84480000002077,6,4.264473281675852,RankSurprise
microVoSTN_R_2-3+,1,269793.93536,270319.16544,525.2300800000085,269793.93536,270319.16544,525.2300800000085,20,7.733923270739233,RankSurprise
microVoSTN_R_2-3+,1,270634.1888,270649.71264,15.523839999979828,270634.1888,270649.71264,15.523839999979828,3,4.70474003087371,RankSurprise
microVoSTN_R_2-3+,1,270875.4432,271579.05408,703.6108799999929,270875.4432,271579.05408,703.6108799999929,22,5.916252369669001,RankSurprise
microVoSTN_R_2-3+,1,272188.53888,272355.08224,166.54336000001058,272188.53888,272355.08224,166.54336000001058,8,4.215621418429039,RankSurprise
microVoSTN_R_2-3+,1,275084.41088,275214.62272,130.21184000000358,275084.41088,275214.62272,130.21184000000358,6,3.7103804657582797,RankSurprise
microVoSTN_R_2-3+,1,276516.90496,276585.39008,68.48511999996845,276516.90496,276585.39008,68.48511999996845,6,6.368571122386456,RankSurprise
microVoSTN_R_2-3+,1,278854.61504,278925.80352,71.18848000001162,278854.61504,278925.80352,71.18848000001162,5,4.183098426390504,RankSurprise
microVoSTN_R_2-3+,1,279370.09664,279416.46336,46.36671999999089,279370.09664,279416.46336,46.36671999999089,4,4.196674365758348,RankSurprise
microVoSTN_R_2-3+,1,283356.03712,283403.71456,47.67743999999948,283356.03712,283403.71456,47.67743999999948,5,5.972610283788956,RankSurprise
microVoSTN_R_2-3+,1,285468.30336,285672.32512,204.02175999997417,285468.30336,285672.32512,204.02175999997417,8,3.551236840840581,RankSurprise
microVoSTN_R_2-3+,1,285811.9168,286145.78176,333.86495999997715,285811.9168,286145.78176,333.86495999997715,16,8.719144604243878,RankSurprise
microVoSTN_R_2-3+,1,287443.02592,287485.952,42.92608000000473,287443.02592,287485.952,42.92608000000473,4,4.093582663575162,RankSurprise
microVoSTN_R_2-3+,1,287783.89504,289722.94144,1939.0464000000502,287783.89504,289722.94144,1939.0464000000502,49,6.357927871598211,RankSurprise
microVoSTN_R_2-3+,1,290048.16384,290069.34016,21.176320000027772,290048.16384,290069.34016,21.176320000027772,3,3.819356775063236,RankSurprise
microVoSTN_R_2-3+,1,290916.1472,290964.31616,48.16895999998087,290916.1472,290964.31616,48.16895999998087,4,3.659993580022835,RankSurprise
microVoSTN_R_2-3+,1,291638.64064,291677.34784,38.70720000000438,291638.64064,291677.34784,38.70720000000438,4,4.516087468666164,RankSurprise
microVoSTN_R_2-3+,1,292492.98432,292665.63072,172.64640000002692,292492.98432,292665.63072,172.64640000002692,8,4.653613116288579,RankSurprise
microVoSTN_R_2-3+,1,297678.47936,297727.50848,49.02912000002107,297678.47936,297727.50848,49.02912000002107,4,4.117808910272913,RankSurprise
microVoSTN_R_2-3+,1,302257.31584,302275.66592,18.3500800000038,302257.31584,302275.66592,18.3500800000038,3,4.09680223343055,RankSurprise
microVoSTN_R_2-3+,1,320349.88032,320368.88576,19.00543999997899,320349.88032,320368.88576,19.00543999997899,4,7.241902329645619,RankSurprise
microVoSTN_R_2-3+,1,320597.52448,320975.29856,377.77408000000287,320597.52448,320975.29856,377.77408000000287,12,4.282164529935705,RankSurprise
microVoSTN_R_2-3+,1,325019.32032,325071.50336,52.183039999974426,325019.32032,325071.50336,52.183039999974426,4,3.6281446726338302,RankSurprise
microVoSTN_R_2-3+,1,337048.1664,337264.68096,216.51456000003964,337048.1664,337264.68096,216.51456000003964,13,9.837458851221642,RankSurprise
microVoSTN_R_2-3+,1,337602.80576,337974.10816,371.30239999998594,337602.80576,337974.10816,371.30239999998594,16,7.764583751245122,RankSurprise
microVoSTN_R_2-3+,1,338341.56032,338392.35072,50.790399999998044,338341.56032,338392.35072,50.790399999998044,4,3.6474906659498814,RankSurprise
microVoSTN_R_2-3+,1,348975.18592,348998.69696,23.511039999953937,348975.18592,348998.69696,23.511039999953937,3,3.550660586814679,RankSurprise
microVoSTN_R_2-3+,1,354513.34656,354975.08864,461.74207999999635,354513.34656,354975.08864,461.74207999999635,16,5.112081987494056,RankSurprise
microVoSTN_R_2-3+,1,355585.14688,355744.11264,158.96575999999186,355585.14688,355744.11264,158.96575999999186,9,6.592932917044939,RankSurprise
microVoSTN_R_2-3+,1,356161.08544,356240.7936,79.70815999998013,356161.08544,356240.7936,79.70815999998013,6,5.4920931193856575,RankSurprise
microVoSTN_R_2-3+,1,356792.07424,357608.8576,816.7833600000013,356792.07424,357608.8576,816.7833600000013,24,5.873361803649731,RankSurprise
microVoSTN_R_2-3+,1,358756.1472,358798.62272,42.47551999997813,358756.1472,358798.62272,42.47551999997813,5,6.509740930399467,RankSurprise
microVoSTN_R_2-3+,1,359234.02752,359245.4144,11.386880000005476,359234.02752,359245.4144,11.386880000005476,3,6.187692779461674,RankSurprise
microVoSTN_R_2-3+,1,366031.21664,366047.31392,16.097279999987222,366031.21664,366047.31392,16.097279999987222,3,4.596702878793904,RankSurprise
microVoSTN_R_2-3+,1,370483.36384,370535.34208,51.97823999996763,370483.36384,370535.34208,51.97823999996763,4,3.5573609800333372,RankSurprise
microVoSTN_R_2-3+,1,371049.43104,371062.33344,12.902400000020862,371049.43104,371062.33344,12.902400000020862,3,5.427894118440607,RankSurprise
microVoSTN_R_2-3+,1,374966.92736,375409.00864,442.08128000004217,374966.92736,375409.00864,442.08128000004217,13,3.5815251516046622,RankSurprise
microVoSTN_R_2-3+,3,9877.42208,9945.33376,67.91167999999925,9877.42208,9945.33376,67.91167999999925,3,4.176396167639094,RankSurprise
microVoSTN_R_2-3+,3,18644.3776,20336.88576,1692.5081600000012,18644.3776,20336.88576,1692.5081600000012,16,7.153184906060508,RankSurprise
microVoSTN_R_2-3+,3,66058.97728,66095.7184,36.7411199999915,66058.97728,66095.7184,36.7411199999915,3,5.7657625680042095,RankSurprise
microVoSTN_R_2-3+,3,77377.65888,77498.7776,121.11871999999858,77377.65888,77498.7776,121.11871999999858,4,5.079504613347336,RankSurprise
microVoSTN_R_2-3+,3,81521.41824,82049.18784,527.7695999999996,81521.41824,82049.18784,527.7695999999996,7,4.811352571970239,RankSurprise
microVoSTN_R_2-3+,3,114414.87872,116856.99584,2442.11712000001,114414.87872,116856.99584,2442.11712000001,15,4.391031508526454,RankSurprise
microVoSTN_R_2-3+,3,121261.71136,122174.09536,912.3840000000055,121261.71136,122174.09536,912.3840000000055,11,6.925684673116819,RankSurprise
microVoSTN_R_2-3+,3,154200.22784,154270.67904,70.45119999998133,154200.22784,154270.67904,70.45119999998133,3,4.130591971648224,RankSurprise
microVoSTN_R_2-3+,3,167796.28544,167964.30336,168.01791999998386,167796.28544,167964.30336,168.01791999998386,6,8.833738787638698,RankSurprise
microVoSTN_R_2-3+,3,170203.25888,172404.40832,2201.149439999979,170203.25888,172404.40832,2201.149439999979,20,9.733788748240954,RankSurprise
microVoSTN_R_2-3+,3,173049.81504,175074.63168,2024.8166400000046,173049.81504,175074.63168,2024.8166400000046,14,5.265624733551759,RankSurprise
microVoSTN_R_2-3+,3,184617.86112,184800.41984,182.5587200000009,184617.86112,184800.41984,182.5587200000009,5,5.854398673270293,RankSurprise
microVoSTN_R_2-3+,3,186421.00224,187251.46624,830.4640000000072,186421.00224,187251.46624,830.4640000000072,8,3.8239736375086624,RankSurprise
microVoSTN_R_2-3+,3,192162.52928,192389.65248,227.12320000000182,192162.52928,192389.65248,227.12320000000182,4,3.537316315936785,RankSurprise
microVoSTN_R_2-3+,3,194835.08736,199101.97248,4266.885119999992,194835.08736,199101.97248,4266.885119999992,40,16.5622236970253,RankSurprise
microVoSTN_R_2-3+,3,266115.64544,271430.98368,5315.338240000012,266115.64544,271430.98368,5315.338240000012,39,11.647600224964599,RankSurprise
microVoSTN_R_2-3+,3,290726.33856,290782.24896,55.91039999999339,290726.33856,290782.24896,55.91039999999339,3,4.493732455351598,RankSurprise
microVoSTN_R_2-3+,3,310182.912,310242.01728,59.10527999995975,310182.912,310242.01728,59.10527999995975,3,4.405220702986734,RankSurprise
microVoSTN_R_2-3+,3,356658.13504,357069.94688,411.8118399999803,356658.13504,357069.94688,411.8118399999803,7,6.175059257569353,RankSurprise
microVoSTN_R_2-3+,4,956.6208,1021.952,65.33119999999997,956.6208,1021.952,65.33119999999997,3,3.561200903231896,RankSurprise
microVoSTN_R_2-3+,4,15874.62144,16016.384,141.7625599999992,15874.62144,16016.384,141.7625599999992,4,3.8249511532096783,RankSurprise
microVoSTN_R_2-3+,4,19070.19776,19659.20256,589.0048000000024,19070.19776,19659.20256,589.0048000000024,9,5.371911423141176,RankSurprise
microVoSTN_R_2-3+,4,39695.52384,39734.55872,39.03487999999925,39695.52384,39734.55872,39.03487999999925,3,4.64301134109877,RankSurprise
microVoSTN_R_2-3+,4,40111.80032,40179.54816,67.74783999999636,40111.80032,40179.54816,67.74783999999636,4,5.908573885649915,RankSurprise
microVoSTN_R_2-3+,4,41397.78048,41846.82496,449.04447999999684,41397.78048,41846.82496,449.04447999999684,9,7.585082176422578,RankSurprise
microVoSTN_R_2-3+,4,51582.60736,51620.90496,38.297599999998056,51582.60736,51620.90496,38.297599999998056,3,4.632858969634752,RankSurprise
microVoSTN_R_2-3+,4,57221.48864,57544.25344,322.7647999999972,57221.48864,57544.25344,322.7647999999972,8,7.583039131486699,RankSurprise
microVoSTN_R_2-3+,4,66802.76992,66961.12128,158.35136000000057,66802.76992,66961.12128,158.35136000000057,4,3.5691368351025297,RankSurprise
microVoSTN_R_2-3+,4,81285.98016,81416.43776,130.45759999999427,81285.98016,81416.43776,130.45759999999427,4,4.095483553235034,RankSurprise
microVoSTN_R_2-3+,4,82482.176,82789.66272,307.48671999998624,82482.176,82789.66272,307.48671999998624,6,4.472756793178156,RankSurprise
microVoSTN_R_2-3+,4,84634.74688,85310.464,675.7171200000012,84634.74688,85310.464,675.7171200000012,8,3.5600080426235845,RankSurprise
microVoSTN_R_2-3+,4,86006.53824,86077.39904,70.86080000000948,86006.53824,86077.39904,70.86080000000948,3,3.543501634173552,RankSurprise
microVoSTN_R_2-3+,4,89596.19072,89643.6224,47.43167999999423,89596.19072,89643.6224,47.43167999999423,3,4.2223305595700396,RankSurprise
microVoSTN_R_2-3+,4,93935.16544,93965.68064,30.515200000008917,93935.16544,93965.68064,30.515200000008917,3,4.962371937247262,RankSurprise
microVoSTN_R_2-3+,4,126407.18848,126486.60992,79.42144000000553,126407.18848,126486.60992,79.42144000000553,4,5.576655228955477,RankSurprise
microVoSTN_R_2-3+,4,131031.98208,131096.69888,64.71680000000924,131031.98208,131096.69888,64.71680000000924,3,3.6336071653708295,RankSurprise
microVoSTN_R_2-3+,4,160894.85312,161012.69504,117.84191999997711,160894.85312,161012.69504,117.84191999997711,5,6.602719695575246,RankSurprise
microVoSTN_R_2-3+,4,162854.42048,163389.39904,534.9785599999886,162854.42048,163389.39904,534.9785599999886,10,7.633589545072442,RankSurprise
microVoSTN_R_2-3+,4,165163.37664,165425.88928,262.51264000000083,165163.37664,165425.88928,262.51264000000083,7,7.034669970109938,RankSurprise
microVoSTN_R_2-3+,4,166266.51136,166793.87136,527.359999999986,166266.51136,166793.87136,527.359999999986,10,7.908015065299328,RankSurprise
microVoSTN_R_2-3+,4,167209.53344,168962.82624,1753.2927999999956,167209.53344,168962.82624,1753.2927999999956,20,8.463961875973391,RankSurprise
microVoSTN_R_2-3+,4,189636.1984,189673.71776,37.51936000000569,189636.1984,189673.71776,37.51936000000569,3,4.53407285610059,RankSurprise
microVoSTN_R_2-3+,4,192204.51328,195430.76864,3226.255359999981,192204.51328,195430.76864,3226.255359999981,37,14.477283334099928,RankSurprise
microVoSTN_R_2-3+,4,204042.89536,204084.8384,41.94304000001284,204042.89536,204084.8384,41.94304000001284,3,4.449153967842651,RankSurprise
microVoSTN_R_2-3+,4,217020.25216,217087.22176,66.96959999998217,217020.25216,217087.22176,66.96959999998217,3,3.543501634173552,RankSurprise
microVoSTN_R_2-3+,4,220712.01792,220729.05728,17.039359999995213,220712.01792,220729.05728,17.039359999995213,3,6.452855241926372,RankSurprise
microVoSTN_R_2-3+,4,227346.71872,228322.22208,975.5033600000024,227346.71872,228322.22208,975.5033600000024,12,5.952756163000341,RankSurprise
microVoSTN_R_2-3+,4,233688.4736,234019.0208,330.5472000000009,233688.4736,234019.0208,330.5472000000009,7,5.7624869864324815,RankSurprise
microVoSTN_R_2-3+,4,243958.25152,244098.78528,140.53376000002027,243958.25152,244098.78528,140.53376000002027,4,3.987848529825925,RankSurprise
microVoSTN_R_2-3+,4,244935.0656,244974.51008,39.44448000000557,244935.0656,244974.51008,39.44448000000557,3,4.592757123606994,RankSurprise
microVoSTN_R_2-3+,4,246002.56512,246068.75648,66.19135999999708,246002.56512,246068.75648,66.19135999999708,3,3.683376572409818,RankSurprise
microVoSTN_R_2-3+,4,250502.9632,250671.59552,168.63232000000426,250502.9632,250671.59552,168.63232000000426,4,3.646760915851427,RankSurprise
microVoSTN_R_2-3+,4,253802.57792,254566.89152,764.313599999994,253802.57792,254566.89152,764.313599999994,10,5.259806984641684,RankSurprise
microVoSTN_R_2-3+,4,256835.13344,256851.88608,16.752639999991516,256835.13344,256851.88608,16.752639999991516,3,6.556108275244634,RankSurprise
microVoSTN_R_2-3+,4,266505.0112,267349.85216,844.8409600000014,266505.0112,267349.85216,844.8409600000014,11,5.380234941017699,RankSurprise
microVoSTN_R_2-3+,4,268255.6416,268283.94496,28.303360000019893,268255.6416,268283.94496,28.303360000019893,3,5.150011286828564,RankSurprise
microVoSTN_R_2-3+,4,280230.912,280250.7776,19.865599999960978,280230.912,280250.7776,19.865599999960978,4,10.230717940401913,RankSurprise
microVoSTN_R_2-3+,4,281533.07136,281633.46432,100.3929600000265,281533.07136,281633.46432,100.3929600000265,4,4.981450005556358,RankSurprise
microVoSTN_R_2-3+,4,316171.264,316477.11232,305.84831999999005,316171.264,316477.11232,305.84831999999005,6,4.549601206963551,RankSurprise
microVoSTN_R_2-3+,4,318795.40736,319216.47616,421.0688000000082,318795.40736,319216.47616,421.0688000000082,9,7.932966936925714,RankSurprise
microVoSTN_R_2-3+,4,331553.30048,331820.4416,267.1411200000439,331553.30048,331820.4416,267.1411200000439,5,3.6976794911605353,RankSurprise
microVoSTN_R_2-3+,4,338255.50336,338346.72128,91.2179200000246,338255.50336,338346.72128,91.2179200000246,4,5.151843303824428,RankSurprise
microVoSTN_R_2-3+,4,347066.81856,347911.24992,844.4313599999878,347066.81856,347911.24992,844.4313599999878,9,3.8382386086387865,RankSurprise
microVoSTN_R_2-3+,4,352335.2576,352538.58304,203.32543999998597,352335.2576,352538.58304,203.32543999998597,5,4.603545678573937,RankSurprise
microVoSTN_R_2-3+,4,355160.84224,355843.52256,682.6803199999849,355160.84224,355843.52256,682.6803199999849,13,9.814561810492341,RankSurprise
microVoSTN_R_2-3+,4,356220.3136,357758.19776,1537.884160000016,356220.3136,357758.19776,1537.884160000016,17,6.8737882156657095,RankSurprise
microVoSTN_R_2-3+,4,359104.06144,360113.19296,1009.1315199999954,359104.06144,360113.19296,1009.1315199999954,13,6.343546399241747,RankSurprise
microVoSTN_R_4-5+,2,10916.94592,10939.02336,22.077439999999115,10916.94592,10939.02336,22.077439999999115,4,9.02831216520801,RankSurprise
microVoSTN_R_4-5+,2,32654.82752,32951.54176,296.71424000000115,32654.82752,32951.54176,296.71424000000115,5,3.526788152337197,RankSurprise
microVoSTN_R_4-5+,2,47208.448,47252.56192,44.11392000000342,47208.448,47252.56192,44.11392000000342,3,4.419383653047392,RankSurprise
microVoSTN_R_4-5+,2,55997.35808,56049.21344,51.85536000000138,55997.35808,56049.21344,51.85536000000138,3,4.125898054565054,RankSurprise
microVoSTN_R_4-5+,2,72876.68736,72878.77632,2.0889600000082282,72876.68736,72878.77632,2.0889600000082282,3,8.68502430205174,RankSurprise
microVoSTN_R_4-5+,2,79523.67616,79624.88832,101.21215999999549,79523.67616,79624.88832,101.21215999999549,5,7.297303737901938,RankSurprise
microVoSTN_R_4-5+,2,81337.79456,81480.78592,142.99136,81337.79456,81480.78592,142.99136,5,5.924323079408705,RankSurprise
microVoSTN_R_4-5+,2,87562.19904,87685.24288,123.04383999999845,87562.19904,87685.24288,123.04383999999845,4,4.547721082232144,RankSurprise
microVoSTN_R_4-5+,2,89880.90368,89901.83424,20.93055999999342,89880.90368,89901.83424,20.93055999999342,3,5.7996356997113185,RankSurprise
microVoSTN_R_4-5+,2,91299.59424,91307.49952,7.9052799999917625,91299.59424,91307.49952,7.9052799999917625,3,7.430758703671836,RankSurprise
microVoSTN_R_4-5+,2,93751.82848,93937.37728,185.54880000000412,93751.82848,93937.37728,185.54880000000412,5,5.088377305515873,RankSurprise
microVoSTN_R_4-5+,2,100327.6288,100490.19904,162.57024000000092,100327.6288,100490.19904,162.57024000000092,4,3.674052917469016,RankSurprise
microVoSTN_R_4-5+,2,115854.66368,116572.3648,717.7011199999979,115854.66368,116572.3648,717.7011199999979,9,4.330990390328614,RankSurprise
microVoSTN_R_4-5+,2,130251.20256,130542.14144,290.9388800000015,130251.20256,130542.14144,290.9388800000015,5,3.6057929063331535,RankSurprise
microVoSTN_R_4-5+,2,150912.8192,150946.24256,33.423360000015236,150912.8192,150946.24256,33.423360000015236,3,5.041913266393385,RankSurprise
microVoSTN_R_4-5+,2,157725.98272,157744.98816,19.005440000008093,157725.98272,157744.98816,19.005440000008093,3,5.899038875615558,RankSurprise
microVoSTN_R_4-5+,2,164956.03712,167134.6176,2178.580480000004,164956.03712,167134.6176,2178.580480000004,17,5.936572472787555,RankSurprise
microVoSTN_R_4-5+,2,169169.38752,170072.30976,902.9222400000144,169169.38752,170072.30976,902.9222400000144,10,5.5680678331631155,RankSurprise
microVoSTN_R_4-5+,2,172606.8736,172867.54304,260.66943999999785,172606.8736,172867.54304,260.66943999999785,6,5.3775919401078625,RankSurprise
microVoSTN_R_4-5+,2,180687.17568,180919.95136,232.77568000002066,180687.17568,180919.95136,232.77568000002066,5,4.251549019770334,RankSurprise
microVoSTN_R_4-5+,2,182587.14624,182833.7664,246.6201599999913,182587.14624,182833.7664,246.6201599999913,6,5.735084217326133,RankSurprise
microVoSTN_R_4-5+,2,184047.08352,184224.48128,177.39776000002166,184047.08352,184224.48128,177.39776000002166,5,5.477840638818183,RankSurprise
microVoSTN_R_4-5+,2,190189.1584,190316.87168,127.7132800000254,190189.1584,190316.87168,127.7132800000254,4,4.250848842834202,RankSurprise
microVoSTN_R_4-5+,2,192462.60224,192596.7872,134.18495999998413,192462.60224,192596.7872,134.18495999998413,6,8.61508738022648,RankSurprise
microVoSTN_R_4-5+,2,195195.82208,195225.55904,29.736959999980172,195195.82208,195225.55904,29.736959999980172,3,5.179308864764737,RankSurprise
microVoSTN_R_4-5+,2,196443.3408,196702.74048,259.39968000000226,196443.3408,196702.74048,259.39968000000226,5,4.021407249454846,RankSurprise
microVoSTN_R_4-5+,2,205720.49408,205900.26752,179.77343999998993,205720.49408,205900.26752,179.77343999998993,6,7.493280692924898,RankSurprise
microVoSTN_R_4-5+,2,222332.84608,222380.2368,47.390720000024885,222332.84608,222380.2368,47.390720000024885,3,4.233741672616135,RankSurprise
microVoSTN_R_4-5+,2,226104.36096,226390.75328,286.39232000001357,226104.36096,226390.75328,286.39232000001357,7,6.90193390091693,RankSurprise
microVoSTN_R_4-5+,2,229818.94144,230104.84224,285.9008000000031,229818.94144,230104.84224,285.9008000000031,5,3.6480097158316944,RankSurprise
microVoSTN_R_4-5+,2,246899.9168,247045.44768,145.5308800000057,246899.9168,247045.44768,145.5308800000057,4,4.040017711347609,RankSurprise
microVoSTN_R_4-5+,2,250912.48128,251014.22592,101.74463999998989,250912.48128,251014.22592,101.74463999998989,4,4.990147475925795,RankSurprise
microVoSTN_R_4-5+,2,256417.83296,257220.97664,803.1436800000083,256417.83296,257220.97664,803.1436800000083,10,4.856537090222781,RankSurprise
microVoSTN_R_4-5+,2,263419.904,263594.3936,174.4896000000299,263419.904,263594.3936,174.4896000000299,6,7.389026179070328,RankSurprise
microVoSTN_R_4-5+,2,306079.08864,306102.02624,22.93760000000475,306079.08864,306102.02624,22.93760000000475,3,5.570807484569874,RankSurprise
microVoSTN_R_4-5+,2,314728.6528,317118.42304,2389.7702400000417,314728.6528,317118.42304,2389.7702400000417,19,4.970687521943592,RankSurprise
microVoSTN_R_4-5+,2,332326.83008,332337.72544,10.895360000024084,332326.83008,332337.72544,10.895360000024084,3,6.989891668512756,RankSurprise
microVoSTN_R_4-5+,2,337759.10912,337805.1072,45.9980800000485,337759.10912,337805.1072,45.9980800000485,3,4.289925585810506,RankSurprise
microVoSTN_R_4-5+,2,343983.104,344049.29536,66.19135999999708,343983.104,344049.29536,66.19135999999708,3,3.693303608611428,RankSurprise
microVoSTN_R_4-5+,2,346585.94816,347146.60864,560.6604799999623,346585.94816,347146.60864,560.6604799999623,9,6.1945689077193595,RankSurprise
microVoSTN_R_4-6+,0,24934.6048,24990.5152,55.910400000000664,24934.6048,24990.5152,55.910400000000664,4,6.448611682525719,RankSurprise
microVoSTN_R_4-6+,0,35241.41056,35715.23584,473.82528000000457,35241.41056,35715.23584,473.82528000000457,7,4.167082957002947,RankSurprise
microVoSTN_R_4-6+,0,38017.4336,38038.65088,21.217280000004394,38017.4336,38038.65088,21.217280000004394,3,6.051305162612207,RankSurprise
microVoSTN_R_4-6+,0,41679.58528,41775.34976,95.764479999998,41679.58528,41775.34976,95.764479999998,4,4.983544826571311,RankSurprise
microVoSTN_R_4-6+,0,51622.99392,51644.2112,21.217279999997118,51622.99392,51644.2112,21.217279999997118,3,6.074294680836907,RankSurprise
microVoSTN_R_4-6+,0,58624.8192,58969.33376,344.51456000000326,58624.8192,58969.33376,344.51456000000326,6,4.213927655041451,RankSurprise
microVoSTN_R_4-6+,0,75092.7872,75199.65184,106.86463999999978,75092.7872,75199.65184,106.86463999999978,4,4.666780555572942,RankSurprise
microVoSTN_R_4-6+,0,77408.256,77568.2048,159.94880000001285,77408.256,77568.2048,159.94880000001285,5,5.378662121972486,RankSurprise
microVoSTN_R_4-6+,0,83085.1072,83853.96736,768.8601599999965,83085.1072,83853.96736,768.8601599999965,9,4.560280592405642,RankSurprise
microVoSTN_R_4-6+,0,99404.63616,99570.2784,165.64224000000104,99404.63616,99570.2784,165.64224000000104,5,5.239703282604882,RankSurprise
microVoSTN_R_4-6+,0,112615.13728,113500.16,885.0227200000081,112615.13728,113500.16,885.0227200000081,11,5.414972029001847,RankSurprise
microVoSTN_R_4-6+,0,120399.38048,120484.2496,84.86911999998847,120399.38048,120484.2496,84.86911999998847,4,5.337747703106114,RankSurprise
microVoSTN_R_4-6+,0,125525.27872,126185.51296,660.2342399999907,125525.27872,126185.51296,660.2342399999907,9,5.138409304608391,RankSurprise
microVoSTN_R_4-6+,0,127120.7936,127231.13984,110.34623999999894,127120.7936,127231.13984,110.34623999999894,6,9.568992900025158,RankSurprise
microVoSTN_R_4-6+,0,129441.5872,129508.10624,66.51903999999922,129441.5872,129508.10624,66.51903999999922,3,3.5572106177313643,RankSurprise
microVoSTN_R_4-6+,0,129751.73632,129770.78272,19.046400000006543,129751.73632,129770.78272,19.046400000006543,3,6.427424535580553,RankSurprise
microVoSTN_R_4-6+,0,133975.73632,134311.936,336.1996799999906,133975.73632,134311.936,336.1996799999906,7,5.7725051266416125,RankSurprise
microVoSTN_R_4-6+,0,138607.57504,139180.032,572.4569600000104,138607.57504,139180.032,572.4569600000104,9,6.013069538656829,RankSurprise
microVoSTN_R_4-6+,0,147726.9504,148685.04576,958.0953600000066,147726.9504,148685.04576,958.0953600000066,10,4.228943617537958,RankSurprise
microVoSTN_R_4-6+,0,150936.7808,151440.71168,503.9308799999999,150936.7808,151440.71168,503.9308799999999,6,3.604548726927639,RankSurprise
microVoSTN_R_4-6+,0,153627.8528,153633.05472,5.201919999992242,153627.8528,153633.05472,5.201919999992242,3,8.954295384467585,RankSurprise
microVoSTN_R_4-6+,0,159498.48576,159539.56864,41.08288000000175,159498.48576,159539.56864,41.08288000000175,3,4.363224122858995,RankSurprise
microVoSTN_R_4-6+,0,160440.85248,160605.30688,164.4543999999878,160440.85248,160605.30688,164.4543999999878,4,3.726513895955751,RankSurprise
microVoSTN_R_4-6+,0,162721.3824,164769.95584,2048.5734400000074,162721.3824,164769.95584,2048.5734400000074,16,3.5761141360055375,RankSurprise
microVoSTN_R_4-6+,0,167365.59104,167423.1808,57.58976000000257,167365.59104,167423.1808,57.58976000000257,3,3.7501317238405107,RankSurprise
microVoSTN_R_4-6+,0,178248.2944,178273.64864,25.35423999998602,178248.2944,178273.64864,25.35423999998602,3,5.6961988464461015,RankSurprise
microVoSTN_R_4-6+,0,179279.6672,179454.32064,174.6534399999946,179279.6672,179454.32064,174.6534399999946,6,7.199865861411908,RankSurprise
microVoSTN_R_4-6+,0,182214.49216,183931.74016,1717.2479999999923,182214.49216,183931.74016,1717.2479999999923,19,8.047340844256517,RankSurprise
microVoSTN_R_4-6+,0,189176.34048,189792.21504,615.8745599999966,189176.34048,189792.21504,615.8745599999966,7,3.578746541813988,RankSurprise
microVoSTN_R_4-6+,0,192299.95008,192737.32096,437.3708800000022,192299.95008,192737.32096,437.3708800000022,7,4.758819361710698,RankSurprise
microVoSTN_R_4-6+,0,204397.64992,207861.3504,3463.7004799999995,204397.64992,207861.3504,3463.7004799999995,27,6.149263238859481,RankSurprise
microVoSTN_R_4-6+,0,209160.47872,209222.08256,61.603839999996126,209160.47872,209222.08256,61.603839999996126,3,3.6444730263052243,RankSurprise
microVoSTN_R_4-6+,0,211435.19232,211478.28224,43.08991999999853,211435.19232,211478.28224,43.08991999999853,3,4.433231707776493,RankSurprise
microVoSTN_R_4-6+,0,223268.70016,223301.91872,33.218559999979334,223268.70016,223301.91872,33.218559999979334,3,4.914172376412122,RankSurprise
microVoSTN_R_4-6+,0,226569.70752,226696.43776,126.73024000000441,226569.70752,226696.43776,126.73024000000441,4,4.292373039989581,RankSurprise
microVoSTN_R_4-6+,0,227902.21824,228043.28448,141.06624000001466,227902.21824,228043.28448,141.06624000001466,5,5.956928159568282,RankSurprise
microVoSTN_R_4-6+,0,233418.58816,233460.57216,41.98399999999674,233418.58816,233460.57216,41.98399999999674,3,4.516361117855407,RankSurprise
microVoSTN_R_4-6+,0,245732.72064,246629.9904,897.2697599999956,245732.72064,246629.9904,897.2697599999956,9,4.028339736014844,RankSurprise
microVoSTN_R_4-6+,0,253907.23072,253937.99168,30.760960000014165,253907.23072,253937.99168,30.760960000014165,3,5.020510887257926,RankSurprise
microVoSTN_R_4-6+,0,256118.3744,257943.47008,1825.0956799999985,256118.3744,257943.47008,1825.0956799999985,18,6.507214454800162,RankSurprise
microVoSTN_R_4-6+,0,258852.70016,259290.07104,437.3708800000022,258852.70016,259290.07104,437.3708800000022,8,6.3212248081838105,RankSurprise
microVoSTN_R_4-6+,0,262292.80768,262386.31936,93.51167999999598,262292.80768,262386.31936,93.51167999999598,4,4.990370791641709,RankSurprise
microVoSTN_R_4-6+,0,297866.93632,297908.18304,41.24671999999555,297866.93632,297908.18304,41.24671999999555,3,4.474364534812331,RankSurprise
microVoSTN_R_4-6+,0,302871.10144,302943.10912,72.00767999998061,302871.10144,302943.10912,72.00767999998061,4,5.801481157240662,RankSurprise
microVoSTN_R_4-6+,0,306092.6464,306123.03872,30.392319999984466,306092.6464,306123.03872,30.392319999984466,3,5.1619142841808205,RankSurprise
microVoSTN_R_4-6+,0,310797.76256,310844.04736,46.2848000000231,310797.76256,310844.04736,46.2848000000231,4,7.304270171718425,RankSurprise
microVoSTN_R_4-6+,0,343905.11616,344053.63712,148.52096000005258,343905.11616,344053.63712,148.52096000005258,4,3.7716955411573387,RankSurprise
microVoSTN_R_4-6+,0,349345.792,349653.07392,307.28191999997944,349345.792,349653.07392,307.28191999997944,7,6.332630349640667,RankSurprise
microVoSTN_R_4-6+,0,361682.20672,361719.52128,37.31455999996979,361682.20672,361719.52128,37.31455999996979,3,4.788738194020219,RankSurprise
microVoSTN_R_4-6+,1,10608.35328,10931.73248,323.3792000000012,10608.35328,10931.73248,323.3792000000012,7,4.208192929359305,RankSurprise
microVoSTN_R_4-6+,1,11471.4624,11551.41632,79.95391999999993,11471.4624,11551.41632,79.95391999999993,4,4.807246226528097,RankSurprise
microVoSTN_R_4-6+,1,27120.55808,27162.13248,41.57440000000133,27120.55808,27162.13248,41.57440000000133,3,3.968710584307269,RankSurprise
microVoSTN_R_4-6+,1,37455.54432,37477.66272,22.118399999999383,37455.54432,37477.66272,22.118399999999383,3,5.40826558494698,RankSurprise
microVoSTN_R_4-6+,1,38444.19584,38535.90528,91.70943999999872,38444.19584,38535.90528,91.70943999999872,6,9.1456518697589,RankSurprise
microVoSTN_R_4-6+,1,45691.61728,45710.29504,18.67775999999867,45691.61728,45710.29504,18.67775999999867,3,5.723991844932913,RankSurprise
microVoSTN_R_4-6+,1,46608.42496,46642.29888,33.873920000005455,46608.42496,46642.29888,33.873920000005455,3,4.3714274941897155,RankSurprise
microVoSTN_R_4-6+,1,58344.57088,59496.0384,1151.4675199999983,58344.57088,59496.0384,1151.4675199999983,15,5.04158288417164,RankSurprise
microVoSTN_R_4-6+,1,64241.78688,64290.48832,48.70143999999709,64241.78688,64290.48832,48.70143999999709,3,3.6974013550765488,RankSurprise
microVoSTN_R_4-6+,1,81337.7536,81518.26432,180.51072000000568,81337.7536,81518.26432,180.51072000000568,6,5.712340805487095,RankSurprise
microVoSTN_R_4-6+,1,83289.94816,83339.264,49.31583999999566,83289.94816,83339.264,49.31583999999566,3,3.6599670402546547,RankSurprise
microVoSTN_R_4-6+,1,85950.42304,85973.89312,23.470079999999143,85950.42304,85973.89312,23.470079999999143,3,5.226320352011021,RankSurprise
microVoSTN_R_4-6+,1,89849.81504,89881.8048,31.98975999999675,89849.81504,89881.8048,31.98975999999675,3,4.520516676845164,RankSurprise
microVoSTN_R_4-6+,1,95699.39456,95724.91264,25.51807999999437,95699.39456,95724.91264,25.51807999999437,4,8.397920597842788,RankSurprise
microVoSTN_R_4-6+,1,97612.10368,97659.74016,47.63648000000103,97612.10368,97659.74016,47.63648000000103,3,3.6705912539619483,RankSurprise
microVoSTN_R_4-6+,1,100666.40896,100741.20192,74.79296000000613,100666.40896,100741.20192,74.79296000000613,4,5.032224272523834,RankSurprise
microVoSTN_R_4-6+,1,103953.03936,103994.85952,41.82016000000294,103953.03936,103994.85952,41.82016000000294,3,4.057192848945315,RankSurprise
microVoSTN_R_4-6+,1,104756.8384,104844.77952,87.94112000000314,104756.8384,104844.77952,87.94112000000314,4,4.454443949760858,RankSurprise
microVoSTN_R_4-6+,1,136239.43168,136255.16032,15.728639999986626,136239.43168,136255.16032,15.728639999986626,3,5.960491187428678,RankSurprise
microVoSTN_R_4-6+,1,138166.72256,138226.2784,59.55584000001545,138166.72256,138226.2784,59.55584000001545,4,5.721634630449913,RankSurprise
microVoSTN_R_4-6+,1,147379.52768,147568.18944,188.66175999998813,147379.52768,147568.18944,188.66175999998813,5,3.780061037713395,RankSurprise
microVoSTN_R_4-6+,1,148071.17824,148080.27136,9.093120000005001,148071.17824,148080.27136,9.093120000005001,3,7.2250886135710495,RankSurprise
microVoSTN_R_4-6+,1,148799.40608,148839.13728,39.73120000000927,148799.40608,148839.13728,39.73120000000927,3,4.063665363450934,RankSurprise
microVoSTN_R_4-6+,1,150147.76832,151889.34656,1741.5782400000026,150147.76832,151889.34656,1741.5782400000026,20,5.657012513335832,RankSurprise
microVoSTN_R_4-6+,1,157726.9248,157760.06144,33.136639999982435,157726.9248,157760.06144,33.136639999982435,3,4.512386550761914,RankSurprise
microVoSTN_R_4-6+,1,163456.98304,163582.19776,125.21472000001813,163456.98304,163582.19776,125.21472000001813,5,5.388672158513909,RankSurprise
microVoSTN_R_4-6+,1,164956.07808,165506.49856,550.4204800000007,164956.07808,165506.49856,550.4204800000007,9,4.6759853508620495,RankSurprise
microVoSTN_R_4-6+,1,169379.06176,169426.16576,47.103999999992084,169379.06176,169426.16576,47.103999999992084,3,3.7410593772316307,RankSurprise
microVoSTN_R_4-6+,1,180726.04672,180832.37888,106.33215999999084,180726.04672,180832.37888,106.33215999999084,4,3.929456770306544,RankSurprise
microVoSTN_R_4-6+,1,183808.32768,184717.5168,909.1891200000246,183808.32768,184717.5168,909.1891200000246,16,7.718045552874104,RankSurprise
microVoSTN_R_4-6+,1,192274.18624,192553.53344,279.34719999998924,192274.18624,192553.53344,279.34719999998924,10,10.537612644201788,RankSurprise
microVoSTN_R_4-6+,1,195212.0832,195225.55904,13.475839999999152,195212.0832,195225.55904,13.475839999999152,3,6.408881340253876,RankSurprise
microVoSTN_R_4-6+,1,203015.45472,203248.14848,232.69375999999465,203015.45472,203248.14848,232.69375999999465,6,4.689305273583898,RankSurprise
microVoSTN_R_4-6+,1,204248.63744,205069.59872,820.9612800000177,204248.63744,205069.59872,820.9612800000177,11,4.0382358663807825,RankSurprise
microVoSTN_R_4-6+,1,205652.5824,205900.8,248.21759999997448,205652.5824,205900.8,248.21759999997448,7,5.728498150537821,RankSurprise
microVoSTN_R_4-6+,1,218418.46272,218618.2656,199.80288000000292,218418.46272,218618.2656,199.80288000000292,6,5.253239194240528,RankSurprise
microVoSTN_R_4-6+,1,226104.36096,226257.26464,152.90368000001763,226104.36096,226257.26464,152.90368000001763,7,8.726007507466996,RankSurprise
microVoSTN_R_4-6+,1,227376.04608,227930.89024,554.8441600000078,227376.04608,227930.89024,554.8441600000078,11,5.800680937899111,RankSurprise
microVoSTN_R_4-6+,1,229254.10304,229288.59136,34.48832000000402,229254.10304,229288.59136,34.48832000000402,3,4.348870784411147,RankSurprise
microVoSTN_R_4-6+,1,233378.48832,234047.56992,669.081600000005,233378.48832,234047.56992,669.081600000005,11,4.773252157811201,RankSurprise
microVoSTN_R_4-6+,1,240732.52864,240747.02848,14.499840000004042,240732.52864,240747.02848,14.499840000004042,3,6.15362731396889,RankSurprise
microVoSTN_R_4-6+,1,248266.30144,248416.70656,150.40511999998125,248266.30144,248416.70656,150.40511999998125,5,4.629903037973872,RankSurprise
microVoSTN_R_4-6+,1,255842.7136,256686.4896,843.7760000000126,255842.7136,256686.4896,843.7760000000126,13,5.014263070136328,RankSurprise
microVoSTN_R_4-6+,1,259980.57472,260300.88192,320.3072000000102,259980.57472,260300.88192,320.3072000000102,9,8.146830399864252,RankSurprise
microVoSTN_R_4-6+,1,263419.86304,263534.1824,114.31935999996495,263419.86304,263534.1824,114.31935999996495,4,3.6927240141231223,RankSurprise
microVoSTN_R_4-6+,1,265235.82464,265269.78048,33.95584000000963,265235.82464,265269.78048,33.95584000000963,3,4.401904384984032,RankSurprise
microVoSTN_R_4-6+,1,293774.90944,294203.67872,428.7692800000077,293774.90944,294203.67872,428.7692800000077,8,5.039133913462118,RankSurprise
microVoSTN_R_4-6+,1,298117.57056,298278.87104,161.30047999997623,298117.57056,298278.87104,161.30047999997623,5,4.333594313016949,RankSurprise
microVoSTN_R_4-6+,1,301000.13056,301222.01088,221.88031999999657,301000.13056,301222.01088,221.88031999999657,6,4.751565224577672,RankSurprise
microVoSTN_R_4-6+,1,305935.60576,306185.70752,250.10175999999046,305935.60576,306185.70752,250.10175999999046,6,4.095661863973316,RankSurprise
microVoSTN_R_4-6+,1,322185.74848,322315.83744,130.08895999996457,322185.74848,322315.83744,130.08895999996457,5,5.228978274856068,RankSurprise
microVoSTN_R_4-6+,1,325109.02272,325445.18144,336.1587200000067,325109.02272,325445.18144,336.1587200000067,7,4.546091365246453,RankSurprise
microVoSTN_R_4-6+,1,328765.11232,328800.62464,35.51231999997981,328765.11232,328800.62464,35.51231999997981,3,4.2972072192676105,RankSurprise
microVoSTN_R_4-6+,1,343945.05216,344180.24448,235.19231999997282,343945.05216,344180.24448,235.19231999997282,9,9.973888895694502,RankSurprise
microVoSTN_R_4-6+,1,346604.01152,347146.6496,542.6380800000043,346604.01152,347146.6496,542.6380800000043,11,7.04572907929285,RankSurprise
microVoSTN_R_4-6+,1,349766.4512,350485.62688,719.1756799999857,349766.4512,350485.62688,719.1756799999857,12,8.282931637092817,RankSurprise
microVoSTN_R_4-6+,1,372732.64128,372779.008,46.36671999999089,372732.64128,372779.008,46.36671999999089,3,3.8026890242582905,RankSurprise
microVoSTN_R_4-6+,1,373323.89888,373428.96128,105.06239999999525,373323.89888,373428.96128,105.06239999999525,4,4.064818217977447,RankSurprise
microVoSTN_R_4-6+,1,376170.78272,376542.57664,371.79391999996733,376170.78272,376542.57664,371.79391999996733,9,6.9527570122389415,RankSurprise
microVoSTN_R_4-6+,2,38396.3136,38619.25888,222.9452799999999,38396.3136,38619.25888,222.9452799999999,3,3.9811053833987824,RankSurprise
microVoSTN_R_4-6+,2,124788.81792,141006.35648,16217.538559999986,124788.81792,141006.35648,16217.538559999986,39,10.878364439282668,RankSurprise
microVoSTN_R_4-6+,2,161309.16352,163968.86016,2659.696640000009,161309.16352,163968.86016,2659.696640000009,8,4.33795745418172,RankSurprise
microVoSTN_R_4-6+,2,183887.99488,184535.94112,647.9462399999902,183887.99488,184535.94112,647.9462399999902,4,3.8448033210030275,RankSurprise
microVoSTN_R_4-6+,2,204513.6896,204778.94656,265.2569599999988,204513.6896,204778.94656,265.2569599999988,4,6.357747143480532,RankSurprise
microVoSTN_R_4-6+,2,222207.91808,223544.5248,1336.6067200000107,222207.91808,223544.5248,1336.6067200000107,6,4.8171216546802,RankSurprise
microVoSTN_R_4-6+,2,225966.2848,238061.28128,12094.996480000002,225966.2848,238061.28128,12094.996480000002,26,5.715278577620528,RankSurprise
microVoSTN_R_4-6+,2,266159.63648,266489.6512,330.0147200000356,266159.63648,266489.6512,330.0147200000356,3,3.5195875402599928,RankSurprise
microVoSTN_R_4-6+,2,296227.55328,296878.24384,650.6905600000173,296227.55328,296878.24384,650.6905600000173,4,3.67429922213657,RankSurprise
microVoSTN_R_4-6+,2,315498.9056,315557.56032,58.65471999999136,315498.9056,315557.56032,58.65471999999136,3,6.621562293368465,RankSurprise
microVoSTN_R_5-6+,2,16906.56768,17130.74176,224.17408000000069,16906.56768,17130.74176,224.17408000000069,4,3.7210752276604566,RankSurprise
microVoSTN_R_5-6+,2,30645.37088,30714.51136,69.14048000000184,30645.37088,30714.51136,69.14048000000184,3,4.1116936814731115,RankSurprise
microVoSTN_R_5-6+,2,36649.65632,38311.89504,1662.2387200000012,36649.65632,38311.89504,1662.2387200000012,14,8.246980320331325,RankSurprise
microVoSTN_R_5-6+,2,54341.95968,55955.12832,1613.1686400000035,54341.95968,55955.12832,1613.1686400000035,11,4.37245416047397,RankSurprise
microVoSTN_R_5-6+,2,66031.86176,66123.93984,92.0780800000066,66031.86176,66123.93984,92.0780800000066,3,3.648613553405065,RankSurprise
microVoSTN_R_5-6+,2,76292.7104,76474.53184,181.8214399999997,76292.7104,76474.53184,181.8214399999997,4,4.2950775168250175,RankSurprise
microVoSTN_R_5-6+,2,96057.46688,100412.86656,4355.399679999988,96057.46688,100412.86656,4355.399679999988,30,12.064668906171049,RankSurprise
microVoSTN_R_5-6+,2,126915.1744,135086.44864,8171.274239999984,126915.1744,135086.44864,8171.274239999984,42,9.206253465431509,RankSurprise
microVoSTN_R_5-6+,2,140059.89376,140302.66368,242.76991999999154,140059.89376,140302.66368,242.76991999999154,5,5.382694403371666,RankSurprise
microVoSTN_R_5-6+,2,160097.36192,162948.5056,2851.1436800000083,160097.36192,162948.5056,2851.1436800000083,26,15.033908320824272,RankSurprise
microVoSTN_R_5-6+,2,191091.63008,191211.80672,120.17663999999058,191091.63008,191211.80672,120.17663999999058,5,7.739653984822201,RankSurprise
microVoSTN_R_5-6+,2,203066.90048,204160.24576,1093.3452799999795,203066.90048,204160.24576,1093.3452799999795,9,4.446601217889343,RankSurprise
microVoSTN_R_5-6+,2,209873.05984,210107.35104,234.29120000000694,209873.05984,210107.35104,234.29120000000694,4,3.619897869437814,RankSurprise
microVoSTN_R_5-6+,2,250987.35616,251079.72096,92.36480000001029,250987.35616,251079.72096,92.36480000001029,4,5.856465765436791,RankSurprise
microVoSTN_R_5-6+,2,252939.59168,253198.04928,258.4575999999943,252939.59168,253198.04928,258.4575999999943,5,5.094865318272884,RankSurprise
microVoSTN_R_5-6+,2,260034.19136,260250.78784,216.59648000000743,260034.19136,260250.78784,216.59648000000743,5,5.713712853986095,RankSurprise
microVoSTN_R_5-6+,2,282683.10528,282724.06528,40.95999999996275,282683.10528,282724.06528,40.95999999996275,3,5.0532570531931515,RankSurprise
microVoSTN_R_5-6+,2,294914.70336,294983.8848,69.18144000001485,294914.70336,294983.8848,69.18144000001485,3,4.12707860031259,RankSurprise
microVoSTN_R_5-6+,2,305876.3776,306113.90464,237.5270400000154,305876.3776,306113.90464,237.5270400000154,4,3.6584094789650194,RankSurprise
microVoSTN_R_5-6+,2,316019.58912,316074.43456,54.8454400000046,316019.58912,316074.43456,54.8454400000046,3,4.778531179706585,RankSurprise
microVoSTN_R_5-6+,2,332166.02112,332345.01632,178.99520000000484,332166.02112,332345.01632,178.99520000000484,4,4.392489356792446,RankSurprise
microVoSTN_R_5-6+,2,339710.73024,339769.91744,59.18719999998575,339710.73024,339769.91744,59.18719999998575,4,7.024894150370532,RankSurprise
microVA_L_1-2+,0,10471.0144,13193.4208,2722.4064,10471.0144,13193.4208,2722.4064,12,5.130702032655745,RankSurprise
microVA_L_1-2+,0,55291.65824,56493.62944,1201.9712,55291.65824,56493.62944,1201.9712,9,6.700490310749302,RankSurprise
microVA_L_1-2+,0,83613.24544,86610.1248,2996.8793600000063,83613.24544,86610.1248,2996.8793600000063,15,6.994001229772121,RankSurprise
microVA_L_1-2+,0,91763.05664,91862.6304,99.57375999999931,91763.05664,91862.6304,99.57375999999931,3,4.637244637867839,RankSurprise
microVA_L_1-2+,0,95822.27456,95875.80928,53.534719999996014,95822.27456,95875.80928,53.534719999996014,3,5.8129408900643025,RankSurprise
microVA_L_1-2+,0,99260.53888,99310.01856,49.47968000000401,99260.53888,99310.01856,49.47968000000401,3,5.9797363763293365,RankSurprise
microVA_L_1-2+,0,104111.26784,104229.35552,118.08767999999691,104111.26784,104229.35552,118.08767999999691,3,4.141189547526821,RankSurprise
microVA_L_1-2+,0,130443.14112,130520.55552,77.4143999999942,130443.14112,130520.55552,77.4143999999942,3,4.923464507982773,RankSurprise
microVA_L_1-2+,0,139291.32032,139444.06016,152.73983999999473,139291.32032,139444.06016,152.73983999999473,4,6.0577573916707195,RankSurprise
microVA_L_1-2+,0,157849.72288,157941.63712,91.9142400000128,157849.72288,157941.63712,91.9142400000128,3,4.66709760101752,RankSurprise
microVA_L_1-2+,0,180807.59808,180871.45472,63.8566400000127,180807.59808,180871.45472,63.8566400000127,3,5.3826559642357585,RankSurprise
microVA_L_1-2+,0,184369.60256,184429.69088,60.088320000009844,184369.60256,184429.69088,60.088320000009844,3,5.610203277447235,RankSurprise
microVA_L_1-2+,0,210925.07648,211307.06944,381.9929600000032,210925.07648,211307.06944,381.9929600000032,4,3.6969930277441065,RankSurprise
microVA_L_1-2+,0,219092.54144,219142.84032,50.29887999998755,219092.54144,219142.84032,50.29887999998755,3,5.9797363763293365,RankSurprise
microVA_L_1-2+,0,231434.19904,231902.45376,468.2547199999972,231434.19904,231902.45376,468.2547199999972,5,4.628409300918847,RankSurprise
microVA_L_1-2+,0,262040.65792,263280.72192,1240.063999999984,262040.65792,263280.72192,1240.063999999984,7,4.481078854342401,RankSurprise
microVA_L_1-2+,0,296752.20992,297117.16352,364.953600000008,296752.20992,297117.16352,364.953600000008,4,3.7798393885817703,RankSurprise
microVA_L_1-2+,0,307857.94048,308865.55648,1007.6160000000382,307857.94048,308865.55648,1007.6160000000382,6,4.03325007697936,RankSurprise
microVA_L_1-2+,0,350734.9504,351375.60576,640.6553600000334,350734.9504,351375.60576,640.6553600000334,6,5.459596733961426,RankSurprise
microVA_L_1-2+,0,365067.83744,365216.60416,148.76672000001417,365067.83744,365216.60416,148.76672000001417,3,3.615558272427478,RankSurprise
microVA_L_1-2+,0,366957.73184,367209.10336,251.37151999998605,366957.73184,367209.10336,251.37151999998605,4,5.026406451959183,RankSurprise
microVA_L_1-2+,1,13189.69344,13264.0768,74.38336000000163,13189.69344,13264.0768,74.38336000000163,3,3.7926683837182917,RankSurprise
microVA_L_1-2+,1,23849.04192,25642.14784,1793.1059200000018,23849.04192,25642.14784,1793.1059200000018,13,4.523780932613152,RankSurprise
microVA_L_1-2+,1,32725.07392,33020.55936,295.4854400000004,32725.07392,33020.55936,295.4854400000004,5,4.14893420382738,RankSurprise
microVA_L_1-2+,1,38114.26304,38171.27936,57.01632000000245,38114.26304,38171.27936,57.01632000000245,3,4.455568551276153,RankSurprise
microVA_L_1-2+,1,46508.97408,46911.85664,402.8825599999982,46508.97408,46911.85664,402.8825599999982,5,3.9159095069026897,RankSurprise
microVA_L_1-2+,1,55715.47136,55801.856,86.38463999999658,55715.47136,55801.856,86.38463999999658,4,6.025381407104032,RankSurprise
microVA_L_1-2+,1,85007.93344,85733.33504,725.401600000012,85007.93344,85733.33504,725.401600000012,8,5.6876393544376365,RankSurprise
microVA_L_1-2+,1,94230.40512,94301.88032,71.47520000000077,94230.40512,94301.88032,71.47520000000077,3,3.8644714390629087,RankSurprise
microVA_L_1-2+,1,95817.89184,95891.82464,73.93280000000959,95817.89184,95891.82464,73.93280000000959,3,3.8436918911691063,RankSurprise
microVA_L_1-2+,1,98223.5136,99291.87328,1068.3596799999941,98223.5136,99291.87328,1068.3596799999941,11,5.902189891603232,RankSurprise
microVA_L_1-2+,1,139054.40768,140848.128,1793.720319999993,139054.40768,140848.128,1793.720319999993,13,5.392170846479203,RankSurprise
microVA_L_1-2+,1,160002.37568,160339.27168,336.8960000000079,160002.37568,160339.27168,336.8960000000079,6,5.287634577222164,RankSurprise
microVA_L_1-2+,1,162231.41888,162456.65792,225.23903999998583,162231.41888,162456.65792,225.23903999998583,4,3.657602666217784,RankSurprise
microVA_L_1-2+,1,162830.49984,162899.5584,69.05856000000495,162830.49984,162899.5584,69.05856000000495,5,9.89262308482872,RankSurprise
microVA_L_1-2+,1,178053.85728,178162.52416,108.66688000000431,178053.85728,178162.52416,108.66688000000431,4,5.3245296730861185,RankSurprise
microVA_L_1-2+,1,179810.67264,179974.92224,164.2496000000101,179810.67264,179974.92224,164.2496000000101,6,8.788979177782778,RankSurprise
microVA_L_1-2+,1,180754.88256,180920.56576,165.6831999999995,180754.88256,180920.56576,165.6831999999995,4,4.066747538546906,RankSurprise
microVA_L_1-2+,1,188995.33824,189434.83904,439.5007999999798,188995.33824,189434.83904,439.5007999999798,6,4.43648257347461,RankSurprise
microVA_L_1-2+,1,207939.01056,208312.64768,373.6371199999994,207939.01056,208312.64768,373.6371199999994,6,4.782152713985717,RankSurprise
microVA_L_1-2+,1,211784.66304,211842.53952,57.876479999977164,211784.66304,211842.53952,57.876479999977164,3,4.386595378594469,RankSurprise
microVA_L_1-2+,1,212483.6864,213144.90368,661.2172799999826,212483.6864,213144.90368,661.2172799999826,8,4.8270747888787335,RankSurprise
microVA_L_1-2+,1,214764.544,214978.27328,213.72927999999956,214764.544,214978.27328,213.72927999999956,4,3.598428996680134,RankSurprise
microVA_L_1-2+,1,216805.33504,218712.14592,1906.8108800000045,216805.33504,218712.14592,1906.8108800000045,14,4.479621298806205,RankSurprise
microVA_L_1-2+,1,221787.46368,222374.17472,586.7110400000238,221787.46368,222374.17472,586.7110400000238,8,6.224495211284768,RankSurprise
microVA_L_1-2+,1,225452.2368,225667.03104,214.79423999998835,225452.2368,225667.03104,214.79423999998835,4,3.736315770661424,RankSurprise
microVA_L_1-2+,1,229906.92352,230710.8864,803.9628799999773,229906.92352,230710.8864,803.9628799999773,9,5.32084436735338,RankSurprise
microVA_L_1-2+,1,231298.49856,231444.8896,146.3910399999877,231298.49856,231444.8896,146.3910399999877,5,6.870062605340028,RankSurprise
microVA_L_1-2+,1,245920.39936,248049.4592,2129.0598400000017,245920.39936,248049.4592,2129.0598400000017,16,5.376305995130076,RankSurprise
microVA_L_1-2+,1,249164.14464,249323.02848,158.88383999999496,249164.14464,249323.02848,158.88383999999496,4,4.272259566948801,RankSurprise
microVA_L_1-2+,1,251610.56256,251840.67584,230.11328000001959,251610.56256,251840.67584,230.11328000001959,5,5.070930573740625,RankSurprise
microVA_L_1-2+,1,261390.29504,261622.9888,232.69375999999465,261390.29504,261622.9888,232.69375999999465,5,5.224930935202014,RankSurprise
microVA_L_1-2+,1,264842.28096,265923.82976,1081.5487999999896,264842.28096,265923.82976,1081.5487999999896,10,4.804931465381512,RankSurprise
microVA_L_1-2+,1,311508.13184,312570.4704,1062.3385600000038,311508.13184,312570.4704,1062.3385600000038,10,4.856713337934046,RankSurprise
microVA_L_1-2+,1,345840.80384,347283.41504,1442.6111999999848,345840.80384,347283.41504,1442.6111999999848,11,3.777924977992633,RankSurprise
microVA_L_1-2+,1,363746.7136,363975.72096,229.0073599999887,363746.7136,363975.72096,229.0073599999887,5,4.824595657387793,RankSurprise
microVA_L_1-2+,1,365137.42848,367167.20128,2029.772799999977,365137.42848,367167.20128,2029.772799999977,14,4.353204383144571,RankSurprise
microVA_L_1-2+,1,373227.02848,373897.99424,670.9657600000501,373227.02848,373897.99424,670.9657600000501,8,5.087292463924138,RankSurprise
microVA_L_1-2+,2,876.91264,939.74528,62.83263999999997,876.91264,939.74528,62.83263999999997,4,4.597260206569956,RankSurprise
microVA_L_1-2+,2,1403.45344,1878.34368,474.89023999999995,1403.45344,1878.34368,474.89023999999995,12,4.8749051097999105,RankSurprise
microVA_L_1-2+,2,2607.96416,2622.54592,14.581760000000031,2607.96416,2622.54592,14.581760000000031,3,5.8749433727524245,RankSurprise
microVA_L_1-2+,2,3470.82752,3845.5296,374.70208,3470.82752,3845.5296,374.70208,12,7.321101702420974,RankSurprise
microVA_L_1-2+,2,4903.03488,4918.51776,15.482879999999568,4903.03488,4918.51776,15.482879999999568,3,5.721641928538574,RankSurprise
microVA_L_1-2+,2,6115.61472,6287.85152,172.23680000000058,6115.61472,6287.85152,172.23680000000058,6,4.1070553051050105,RankSurprise
microVA_L_1-2+,2,7284.36736,7355.92448,71.55711999999949,7284.36736,7355.92448,71.55711999999949,4,4.071990901384048,RankSurprise
microVA_L_1-2+,2,9759.744,9766.5024,6.758399999998801,9759.744,9766.5024,6.758399999998801,3,7.9740201917155,RankSurprise
microVA_L_1-2+,2,10001.36704,10038.76352,37.39648000000125,10001.36704,10038.76352,37.39648000000125,3,3.625298070528059,RankSurprise
microVA_L_1-2+,2,20639.37536,21016.49408,377.1187200000022,20639.37536,21016.49408,377.1187200000022,11,5.82960866530762,RankSurprise
microVA_L_1-2+,2,25966.42816,26265.06752,298.63936000000103,25966.42816,26265.06752,298.63936000000103,8,3.754304979101664,RankSurprise
microVA_L_1-2+,2,28030.3616,28253.67552,223.3139200000005,28030.3616,28253.67552,223.3139200000005,7,4.139296159277273,RankSurprise
microVA_L_1-2+,2,30153.56416,30286.31552,132.75135999999839,30153.56416,30286.31552,132.75135999999839,5,3.707513324609277,RankSurprise
microVA_L_1-2+,2,31698.08384,31809.98656,111.90272000000186,31698.08384,31809.98656,111.90272000000186,5,4.42204666085156,RankSurprise
microVA_L_1-2+,2,34574.1312,34735.75936,161.62815999999293,34574.1312,34735.75936,161.62815999999293,6,4.524275292889285,RankSurprise
microVA_L_1-2+,2,38895.94368,39097.05728,201.11360000000423,38895.94368,39097.05728,201.11360000000423,9,8.568064214422376,RankSurprise
microVA_L_1-2+,2,41646.73536,41684.54144,37.80608000000211,41646.73536,41684.54144,37.80608000000211,3,3.5609924353174094,RankSurprise
microVA_L_1-2+,2,42206.24896,42399.17056,192.9216000000015,42206.24896,42399.17056,192.9216000000015,7,5.14220878319233,RankSurprise
microVA_L_1-2+,2,44597.73952,44773.08928,175.34975999999733,44597.73952,44773.08928,175.34975999999733,6,3.973317662542855,RankSurprise
microVA_L_1-2+,2,47352.17664,47966.53568,614.359040000003,47352.17664,47966.53568,614.359040000003,15,5.586475799792431,RankSurprise
microVA_L_1-2+,2,48962.23232,49077.32992,115.09759999999369,48962.23232,49077.32992,115.09759999999369,6,6.29658674671402,RankSurprise
microVA_L_1-2+,2,50451.12832,50701.35296,250.2246399999931,50451.12832,50701.35296,250.2246399999931,8,4.816551635567998,RankSurprise
microVA_L_1-2+,2,52861.37856,53025.01376,163.63520000000426,52861.37856,53025.01376,163.63520000000426,6,4.354288528616862,RankSurprise
microVA_L_1-2+,2,59782.144,59827.24096,45.09696000000258,59782.144,59827.24096,45.09696000000258,4,5.671749740517136,RankSurprise
microVA_L_1-2+,2,60451.14368,60686.66368,235.5199999999968,60451.14368,60686.66368,235.5199999999968,7,3.7734228180934464,RankSurprise
microVA_L_1-2+,2,61100.31872,61173.59616,73.27743999999802,61100.31872,61173.59616,73.27743999999802,4,3.9321559001891977,RankSurprise
microVA_L_1-2+,2,64383.50848,64573.72672,190.21824000000197,64383.50848,64573.72672,190.21824000000197,6,3.549571800269333,RankSurprise
microVA_L_1-2+,2,67160.18688,67263.03744,102.85056000000623,67160.18688,67263.03744,102.85056000000623,5,4.686210039929492,RankSurprise
microVA_L_1-2+,2,67623.1168,67675.5456,52.428799999994226,67623.1168,67675.5456,52.428799999994226,4,5.115063888595074,RankSurprise
microVA_L_1-2+,2,70612.13184,70639.12448,26.992639999996754,70612.13184,70639.12448,26.992639999996754,3,4.356818856086518,RankSurprise
microVA_L_1-2+,2,70804.48,70835.32288,30.842880000011064,70804.48,70835.32288,30.842880000011064,3,4.011569154255255,RankSurprise
microVA_L_1-2+,2,71122.00192,71289.20064,167.19872000000032,71122.00192,71289.20064,167.19872000000032,6,4.2375489843262635,RankSurprise
microVA_L_1-2+,2,72293.41696,72971.264,677.8470399999933,72293.41696,72971.264,677.8470399999933,16,5.5550715961823505,RankSurprise
microVA_L_1-2+,2,73821.26592,73867.8784,46.61247999999614,73821.26592,73867.8784,46.61247999999614,4,5.577040554925979,RankSurprise
microVA_L_1-2+,2,76711.1168,76784.96768,73.85087999999814,76711.1168,76784.96768,73.85087999999814,4,3.9786985402651354,RankSurprise
microVA_L_1-2+,2,77312.90112,77671.95648,359.0553599999985,77312.90112,77671.95648,359.0553599999985,11,6.543579851368408,RankSurprise
microVA_L_1-2+,2,80777.4208,80963.7888,186.36799999998766,80777.4208,80963.7888,186.36799999998766,7,5.289172324765119,RankSurprise
microVA_L_1-2+,2,84499.456,84522.3936,22.937599999990198,84499.456,84522.3936,22.937599999990198,3,4.703097483845598,RankSurprise
microVA_L_1-2+,2,84905.32864,84943.21664,37.887999999991735,84905.32864,84943.21664,37.887999999991735,3,3.547851777904434,RankSurprise
microVA_L_1-2+,2,92960.48128,93024.6656,64.18431999998575,92960.48128,93024.6656,64.18431999998575,4,4.4587920843699855,RankSurprise
microVA_L_1-2+,2,93258.21952,93326.90944,68.68992000000435,93258.21952,93326.90944,68.68992000000435,4,4.285024077235132,RankSurprise
microVA_L_1-2+,2,97072.37376,97221.26336,148.88959999999497,97072.37376,97221.26336,148.88959999999497,6,4.84756252535572,RankSurprise
microVA_L_1-2+,2,101450.1376,101659.36128,209.2236799999955,101450.1376,101659.36128,209.2236799999955,8,6.2637241815556965,RankSurprise
microVA_L_1-2+,2,102863.33952,102876.32384,12.984320000003208,102863.33952,102876.32384,12.984320000003208,3,6.1630826363004605,RankSurprise
microVA_L_1-2+,2,109140.50048,109254.61504,114.1145600000018,109140.50048,109254.61504,114.1145600000018,6,6.360745049974774,RankSurprise
microVA_L_1-2+,2,113026.8672,113703.89504,677.0278400000097,113026.8672,113703.89504,677.0278400000097,15,4.638430014473629,RankSurprise
microVA_L_1-2+,2,116797.52192,117179.88352,382.3616000000038,116797.52192,117179.88352,382.3616000000038,9,3.7059650707450618,RankSurprise
microVA_L_1-2+,2,117368.17664,117559.21408,191.03744000000006,117368.17664,117559.21408,191.03744000000006,7,5.1585204191427065,RankSurprise
microVA_L_1-2+,2,119245.90592,119498.1376,252.23167999999714,119245.90592,119498.1376,252.23167999999714,7,3.7665604765426655,RankSurprise
microVA_L_1-2+,2,120590.25408,121175.16288,584.9088000000047,120590.25408,121175.16288,584.9088000000047,13,3.8830850750185744,RankSurprise
microVA_L_1-2+,2,122255.1552,122661.76512,406.6099200000026,122255.1552,122661.76512,406.6099200000026,11,5.127028190525484,RankSurprise
microVA_L_1-2+,2,127756.24704,127821.74208,65.49503999999433,127756.24704,127821.74208,65.49503999999433,4,4.372878117270275,RankSurprise
microVA_L_1-2+,2,134735.42144,134820.6592,85.23775999998907,134735.42144,134820.6592,85.23775999998907,5,5.677354579035992,RankSurprise
microVA_L_1-2+,2,137376.768,137394.7904,18.0223999999871,137376.768,137394.7904,18.0223999999871,3,5.228527193129514,RankSurprise
microVA_L_1-2+,2,144126.48448,144285.696,159.21151999998256,144126.48448,144285.696,159.21151999998256,6,4.470896567975158,RankSurprise
microVA_L_1-2+,2,145095.0656,145327.67744,232.61183999999776,145095.0656,145327.67744,232.61183999999776,8,5.407872747586048,RankSurprise
microVA_L_1-2+,2,146730.5984,146905.12896,174.5305600000138,146730.5984,146905.12896,174.5305600000138,7,5.733828523078817,RankSurprise
microVA_L_1-2+,2,152189.62432,152462.90944,273.2851199999859,152189.62432,152462.90944,273.2851199999859,8,4.205891578875754,RankSurprise
microVA_L_1-2+,2,158256.66048,159175.18848,918.5280000000203,158256.66048,159175.18848,918.5280000000203,19,5.395567834680076,RankSurprise
microVA_L_1-2+,2,168315.2896,168442.01984,126.73024000000441,168315.2896,168442.01984,126.73024000000441,5,3.8566261752056654,RankSurprise
microVA_L_1-2+,2,176105.59488,176169.86112,64.2662399999972,176105.59488,176169.86112,64.2662399999972,4,4.528400803372389,RankSurprise
microVA_L_1-2+,2,177189.92896,177864.21248,674.2835199999972,177189.92896,177864.21248,674.2835199999972,14,3.9991027873239027,RankSurprise
microVA_L_1-2+,2,178726.05184,178800.59904,74.54720000000088,178726.05184,178800.59904,74.54720000000088,4,4.041900369334414,RankSurprise
microVA_L_1-2+,2,179474.10432,179854.90944,380.80511999997543,179474.10432,179854.90944,380.80511999997543,10,4.727853836106706,RankSurprise
microVA_L_1-2+,2,198723.91168,198810.33728,86.42560000001686,198723.91168,198810.33728,86.42560000001686,4,3.561537707589249,RankSurprise
microVA_L_1-2+,2,200194.58048,200530.7392,336.1587200000067,200194.58048,200530.7392,336.1587200000067,10,5.48429091074789,RankSurprise
microVA_L_1-2+,2,200968.56064,201098.24,129.67935999998008,200968.56064,201098.24,129.67935999998008,5,3.742101908202226,RankSurprise
microVA_L_1-2+,2,230764.1344,231120.24064,356.1062399999937,230764.1344,231120.24064,356.1062399999937,9,3.536734694397313,RankSurprise
microVA_L_1-2+,2,236111.99488,236204.72832,92.73343999998178,236111.99488,236204.72832,92.73343999998178,5,5.133700975908255,RankSurprise
microVA_L_1-2+,2,238908.12928,239031.7056,123.57631999999285,238908.12928,239031.7056,123.57631999999285,7,8.10021802030846,RankSurprise
microVA_L_1-2+,2,239350.00576,239438.0288,88.02304000000004,239350.00576,239438.0288,88.02304000000004,6,7.8228886634909856,RankSurprise
microVA_L_1-2+,2,241429.42208,241913.20064,483.7785600000061,241429.42208,241913.20064,483.7785600000061,12,4.654927472828231,RankSurprise
microVA_L_1-2+,2,243768.27904,244011.33568,243.05663999999524,243768.27904,244011.33568,243.05663999999524,8,5.143040164044061,RankSurprise
microVA_L_1-2+,2,245565.11232,245929.73824,364.6259200000204,245565.11232,245929.73824,364.6259200000204,10,4.90789200719182,RankSurprise
microVA_L_1-2+,2,246816.60416,246862.2336,45.6294400000188,246816.60416,246862.2336,45.6294400000188,4,5.644383506506031,RankSurprise
microVA_L_1-2+,2,263954.26816,264155.136,200.8678400000208,263954.26816,264155.136,200.8678400000208,7,4.904358010919754,RankSurprise
microVA_L_1-2+,2,266153.24672,266172.98944,19.74271999998018,266153.24672,266172.98944,19.74271999998018,3,5.021146911371554,RankSurprise
microVA_L_1-2+,2,274621.35808,274744.7296,123.37152000004426,274621.35808,274744.7296,123.37152000004426,5,3.999146487672352,RankSurprise
microVA_L_1-2+,2,275822.46912,275891.6096,69.14048000000184,275822.46912,275891.6096,69.14048000000184,4,4.197566734570643,RankSurprise
microVA_L_1-2+,2,276678.0416,276843.19232,165.150719999976,276678.0416,276843.19232,165.150719999976,6,4.337031334358498,RankSurprise
microVA_L_1-2+,2,283283.70176,283408.7936,125.09183999995003,283283.70176,283408.7936,125.09183999995003,5,3.8760364443715716,RankSurprise
microVA_L_1-2+,2,298468.18816,298509.312,41.123839999956544,298468.18816,298509.312,41.123839999956544,4,5.9790624368000955,RankSurprise
microVA_L_1-2+,2,314391.552,314617.93792,226.38591999997152,314391.552,314617.93792,226.38591999997152,7,4.048902302556641,RankSurprise
microVA_L_1-2+,2,315080.41728,315142.71744,62.30015999998432,315080.41728,315142.71744,62.30015999998432,4,4.606883314375921,RankSurprise
microVA_L_1-2+,2,319009.9968,319089.70496,79.70815999998013,319009.9968,319089.70496,79.70815999998013,5,5.847644159403398,RankSurprise
microVA_L_1-2+,2,320947.32288,320974.39744,27.0745599999791,320947.32288,320974.39744,27.0745599999791,3,4.333403932210112,RankSurprise
microVA_L_1-2+,2,323922.37056,323961.0368,38.666239999991376,323922.37056,323961.0368,38.666239999991376,3,3.5347968957020957,RankSurprise
microVA_L_1-2+,2,327282.688,327392.50176,109.81375999999,327282.688,327392.50176,109.81375999999,6,6.542663059517963,RankSurprise
microVA_L_1-2+,2,328781.74208,329179.50464,397.76256000000285,328781.74208,329179.50464,397.76256000000285,12,6.748337259424501,RankSurprise
microVA_L_1-2+,2,329587.95776,329754.33728,166.37951999995857,329587.95776,329754.33728,166.37951999995857,7,6.044706817295542,RankSurprise
microVA_L_1-2+,2,333405.71648,333424.31232,18.5958400000236,333405.71648,333424.31232,18.5958400000236,3,5.1746315954919435,RankSurprise
microVA_L_1-2+,2,334428.52864,334783.77472,355.2460800000117,334428.52864,334783.77472,355.2460800000117,10,4.954253046029399,RankSurprise
microVA_L_1-2+,2,340254.39232,340364.6976,110.3052800000296,340254.39232,340364.6976,110.3052800000296,5,4.454777255887166,RankSurprise
microVA_L_1-2+,2,348716.6464,349143.69536,427.0489599999855,348716.6464,349143.69536,427.0489599999855,11,4.629506206895164,RankSurprise
microVA_L_1-2+,2,350078.1568,350306.0992,227.9423999999999,350078.1568,350306.0992,227.9423999999999,8,5.531779801484533,RankSurprise
microVA_L_1-2+,2,350873.8048,351117.1072,243.30240000004414,350873.8048,351117.1072,243.30240000004414,9,6.798940769397722,RankSurprise
microVA_L_1-2+,2,358300.2624,358430.96576,130.70335999998497,358300.2624,358430.96576,130.70335999998497,5,3.661855607431985,RankSurprise
microVA_L_1-2+,2,360402.16576,360431.28832,29.12255999998888,360402.16576,360431.28832,29.12255999998888,3,4.162454842939026,RankSurprise
microVA_L_1-2+,2,365488.98816,365615.22688,126.23871999996481,365488.98816,365615.22688,126.23871999996481,5,3.8670661531179,RankSurprise
microVA_L_1-2+,2,367446.05696,367576.30976,130.25279999995837,367446.05696,367576.30976,130.25279999995837,5,3.6013123795937183,RankSurprise
microVA_L_1-2+,2,368064.02048,368306.01216,241.99167999997735,368064.02048,368306.01216,241.99167999997735,11,10.626594450086804,RankSurprise
microVA_L_1-2+,2,369485.98784,369519.32928,33.341439999989234,369485.98784,369519.32928,33.341439999989234,3,3.8589931176217807,RankSurprise
microVA_L_1-2+,2,372417.49504,372508.38528,90.8902399999788,372417.49504,372508.38528,90.8902399999788,5,5.407257563078428,RankSurprise
microVA_L_1-2+,2,373523.21024,373552.04608,28.835840000014286,373523.21024,373552.04608,28.835840000014286,3,4.180344064177545,RankSurprise
microVA_L_1-2+,2,374327.7056,374385.62304,57.917439999990165,374327.7056,374385.62304,57.917439999990165,5,7.33518599810731,RankSurprise
microVA_L_1-2+,2,374883.00032,374952.22272,69.22240000002785,374883.00032,374952.22272,69.22240000002785,4,4.278537585975421,RankSurprise
microVA_L_1-2+,2,376148.1728,376316.43648,168.26367999997456,376148.1728,376316.43648,168.26367999997456,6,4.098843489929514,RankSurprise
microVA_L_1-2+,3,13307.04384,15898.8288,2591.784959999999,13307.04384,15898.8288,2591.784959999999,24,8.036296709074367,RankSurprise
microVA_L_1-2+,3,16964.85376,17523.26144,558.4076799999966,16964.85376,17523.26144,558.4076799999966,7,4.05118803661076,RankSurprise
microVA_L_1-2+,3,21830.81984,21909.42208,78.60224000000017,21830.81984,21909.42208,78.60224000000017,3,3.725218889488202,RankSurprise
microVA_L_1-2+,3,31051.32544,31187.68128,136.35584000000017,31051.32544,31187.68128,136.35584000000017,5,7.762284473843575,RankSurprise
microVA_L_1-2+,3,33074.7904,33243.62752,168.83712000000378,33074.7904,33243.62752,168.83712000000378,4,4.110123720427772,RankSurprise
microVA_L_1-2+,3,37258.11712,37960.41728,702.3001599999989,37258.11712,37960.41728,702.3001599999989,8,4.211103102756242,RankSurprise
microVA_L_1-2+,3,51591.168,52267.86816,676.7001600000003,51591.168,52267.86816,676.7001600000003,8,5.082969930609042,RankSurprise
microVA_L_1-2+,3,68479.87712,68793.09824,313.221120000002,68479.87712,68793.09824,313.221120000002,5,3.644154929041701,RankSurprise
microVA_L_1-2+,3,69972.3776,70040.12544,67.74783999999636,69972.3776,70040.12544,67.74783999999636,3,4.103857349492454,RankSurprise
microVA_L_1-2+,3,86207.97952,87436.00128,1228.0217600000033,86207.97952,87436.00128,1228.0217600000033,14,7.696481675471166,RankSurprise
microVA_L_1-2+,3,91354.60352,91514.30656,159.70303999999305,91354.60352,91514.30656,159.70303999999305,4,4.104892671010219,RankSurprise
microVA_L_1-2+,3,95744.45056,97350.77888,1606.3283200000005,95744.45056,97350.77888,1606.3283200000005,15,4.688838675765014,RankSurprise
microVA_L_1-2+,3,97886.45376,97950.18752,63.7337600000028,97886.45376,97950.18752,63.7337600000028,3,4.358920895550131,RankSurprise
microVA_L_1-2+,3,103341.83424,103498.26048,156.4262400000007,103341.83424,103498.26048,156.4262400000007,5,6.699972194395137,RankSurprise
microVA_L_1-2+,3,112660.93056,112985.78432,324.8537600000127,112660.93056,112985.78432,324.8537600000127,5,3.6477781214111182,RankSurprise
microVA_L_1-2+,3,118190.16192,119629.57824,1439.416320000004,118190.16192,119629.57824,1439.416320000004,14,6.242700616860538,RankSurprise
microVA_L_1-2+,3,141302.5792,142257.68448,955.1052799999889,141302.5792,142257.68448,955.1052799999889,10,3.769961509096063,RankSurprise
microVA_L_1-2+,3,146132.7872,146314.89536,182.1081600000034,146132.7872,146314.89536,182.1081600000034,4,3.7690153399936257,RankSurprise
microVA_L_1-2+,3,152207.64672,152380.57984,172.9331200000015,152207.64672,152380.57984,172.9331200000015,4,3.9520579721490314,RankSurprise
microVA_L_1-2+,3,153073.90976,153233.57184,159.66207999998005,153073.90976,153233.57184,159.66207999998005,5,6.638254193144402,RankSurprise
microVA_L_1-2+,3,156228.56704,156275.712,47.144960000005085,156228.56704,156275.712,47.144960000005085,3,5.107856939404982,RankSurprise
microVA_L_1-2+,3,163127.78752,163365.02784,237.2403199999826,163127.78752,163365.02784,237.2403199999826,7,9.407996551131596,RankSurprise
microVA_L_1-2+,3,177971.11808,177991.59808,20.480000000010477,177971.11808,177991.59808,20.480000000010477,3,6.83699847258819,RankSurprise
microVA_L_1-2+,3,180028.45696,182994.7392,2966.2822400000005,180028.45696,182994.7392,2966.2822400000005,24,6.179000364543687,RankSurprise
microVA_L_1-2+,3,205482.76224,205738.47552,255.7132799999963,205482.76224,205738.47552,255.7132799999963,7,8.776218046343118,RankSurprise
microVA_L_1-2+,3,207619.80928,207677.31712,57.50784000000567,207619.80928,207677.31712,57.50784000000567,4,7.900026923818265,RankSurprise
microVA_L_1-2+,3,210027.60192,212036.32128,2008.7193600000173,210027.60192,212036.32128,2008.7193600000173,18,5.436772949490789,RankSurprise
microVA_L_1-2+,3,213706.3424,213957.71392,251.37152000001515,213706.3424,213957.71392,251.37152000001515,5,4.523623650251615,RankSurprise
microVA_L_1-2+,3,218193.38752,218253.80352,60.41599999999744,218193.38752,218253.80352,60.41599999999744,3,4.472942171284624,RankSurprise
microVA_L_1-2+,3,219544.41216,219547.52512,3.1129599999985658,219544.41216,219547.52512,3.1129599999985658,3,11.202823132685792,RankSurprise
microVA_L_1-2+,3,222291.27168,222484.8896,193.61791999998968,222291.27168,222484.8896,193.61791999998968,4,3.663418964169196,RankSurprise
microVA_L_1-2+,3,249263.75936,249439.47776,175.71840000001248,249263.75936,249439.47776,175.71840000001248,4,3.7550292781591494,RankSurprise
microVA_L_1-2+,3,259714.37568,259775.11936,60.74368000001414,259714.37568,259775.11936,60.74368000001414,3,4.328920145508878,RankSurprise
microVA_L_1-2+,3,261703.35232,261751.76704,48.41472000000067,261703.35232,261751.76704,48.41472000000067,3,4.899332393307958,RankSurprise
microVA_L_1-2+,3,319507.70176,319567.2576,59.55583999998635,319507.70176,319567.2576,59.55583999998635,3,4.526999911050943,RankSurprise
microVA_L_1-2+,3,324982.66112,325949.93152,967.2703999999794,324982.66112,325949.93152,967.2703999999794,11,5.820980624772592,RankSurprise
microVA_L_1-2+,3,346651.27936,346974.49472,323.21536000003107,346651.27936,346974.49472,323.21536000003107,5,3.5193675017822947,RankSurprise
microVA_L_1-2+,3,361496.24832,363512.25856,2016.0102399999741,361496.24832,363512.25856,2016.0102399999741,18,5.284919542945761,RankSurprise
microVA_L_1-2+,3,370582.20032,370667.84768,85.64736000000266,370582.20032,370667.84768,85.64736000000266,3,3.73257186379346,RankSurprise
microVA_L_1-2+,4,3206.51264,3257.83552,51.32288000000017,3206.51264,3257.83552,51.32288000000017,4,4.9545307537177905,RankSurprise
microVA_L_1-2+,4,5092.18816,5123.72736,31.539200000000164,5092.18816,5123.72736,31.539200000000164,3,3.698539084018517,RankSurprise
microVA_L_1-2+,4,5325.37344,5356.70784,31.334399999999732,5325.37344,5356.70784,31.334399999999732,3,3.828610669330894,RankSurprise
microVA_L_1-2+,4,7404.25728,7610.08128,205.82400000000052,7404.25728,7610.08128,205.82400000000052,6,3.721995507170703,RankSurprise
microVA_L_1-2+,4,11575.0912,11725.49632,150.40511999999944,11575.0912,11725.49632,150.40511999999944,6,5.299567604270528,RankSurprise
microVA_L_1-2+,4,15612.96896,15708.11904,95.15007999999943,15612.96896,15708.11904,95.15007999999943,4,3.5070556560642103,RankSurprise
microVA_L_1-2+,4,16767.83616,16785.73568,17.899520000002667,16767.83616,16785.73568,17.899520000002667,3,4.90888007345462,RankSurprise
microVA_L_1-2+,4,17913.2416,17981.56288,68.32128000000012,17913.2416,17981.56288,68.32128000000012,4,4.086725914992343,RankSurprise
microVA_L_1-2+,4,20572.32384,20608.8192,36.4953600000008,20572.32384,20608.8192,36.4953600000008,5,8.558532626693285,RankSurprise
microVA_L_1-2+,4,24262.8608,24306.31936,43.45856000000276,24262.8608,24306.31936,43.45856000000276,4,5.3874989010930925,RankSurprise
microVA_L_1-2+,4,25525.08416,25850.96192,325.87776000000304,25525.08416,25850.96192,325.87776000000304,11,7.5237138125890235,RankSurprise
microVA_L_1-2+,4,29292.544,29489.64352,197.09951999999976,29292.544,29489.64352,197.09951999999976,7,4.950423260233688,RankSurprise
microVA_L_1-2+,4,30461.25568,30471.74144,10.48576000000321,30461.25568,30471.74144,10.48576000000321,3,5.767416435531004,RankSurprise
microVA_L_1-2+,4,31560.78592,31756.0832,195.2972800000025,31560.78592,31756.0832,195.2972800000025,6,3.7234769628445252,RankSurprise
microVA_L_1-2+,4,33343.32416,33479.84384,136.51968000000488,33343.32416,33479.84384,136.51968000000488,6,5.2467430402247714,RankSurprise
microVA_L_1-2+,4,35747.06176,35819.02848,71.96672000000399,35747.06176,35819.02848,71.96672000000399,5,5.984711906742145,RankSurprise
microVA_L_1-2+,4,36748.288,36818.45248,70.16447999999946,36748.288,36818.45248,70.16447999999946,4,4.072496633376215,RankSurprise
microVA_L_1-2+,4,37346.01728,37508.01408,161.9968000000008,37346.01728,37508.01408,161.9968000000008,8,7.797713553148874,RankSurprise
microVA_L_1-2+,4,38919.7824,39058.10432,138.32192000000214,38919.7824,39058.10432,138.32192000000214,6,5.315934236475478,RankSurprise
microVA_L_1-2+,4,41152.38912,41164.51328,12.124159999999392,41152.38912,41164.51328,12.124159999999392,3,5.580613159510749,RankSurprise
microVA_L_1-2+,4,42267.72992,42327.61344,59.883520000003045,42267.72992,42327.61344,59.883520000003045,4,4.507081866556245,RankSurprise
microVA_L_1-2+,4,43131.37152,43154.71872,23.34719999999652,43131.37152,43154.71872,23.34719999999652,3,4.310131634082053,RankSurprise
microVA_L_1-2+,4,43468.51328,43749.13024,280.6169599999994,43468.51328,43749.13024,280.6169599999994,8,4.580793243865196,RankSurprise
microVA_L_1-2+,4,44164.13696,44344.27904,180.1420799999978,44164.13696,44344.27904,180.1420799999978,7,5.772144768380481,RankSurprise
microVA_L_1-2+,4,45301.10464,45380.608,79.50336000000243,45301.10464,45380.608,79.50336000000243,6,7.853016424217934,RankSurprise
microVA_L_1-2+,4,46382.53056,46396.6208,14.09023999999772,46382.53056,46396.6208,14.09023999999772,3,5.167722867587566,RankSurprise
microVA_L_1-2+,4,62664.94976,63167.81568,502.86591999999655,62664.94976,63167.81568,502.86591999999655,13,6.58916349351765,RankSurprise
microVA_L_1-2+,4,63523.4304,64506.59328,983.1628800000035,63523.4304,64506.59328,983.1628800000035,21,7.996075520104687,RankSurprise
microVA_L_1-2+,4,75746.42688,75916.04224,169.61535999999614,75746.42688,75916.04224,169.61535999999614,7,5.91103332777408,RankSurprise
microVA_L_1-2+,4,90795.78624,90903.83872,108.05247999999847,90795.78624,90903.83872,108.05247999999847,6,6.608939121069177,RankSurprise
microVA_L_1-2+,4,103198.63808,103304.47872,105.84063999999489,103198.63808,103304.47872,105.84063999999489,5,4.730824867233025,RankSurprise
microVA_L_1-2+,4,108896.50176,108924.23168,27.729919999997946,108896.50176,108924.23168,27.729919999997946,4,6.62228981618885,RankSurprise
microVA_L_1-2+,4,113581.30176,113593.67168,12.369919999997364,113581.30176,113593.67168,12.369919999997364,3,5.606254653448508,RankSurprise
microVA_L_1-2+,4,115433.2672,115749.39648,316.12927999999374,115433.2672,115749.39648,316.12927999999374,10,6.689536460314182,RankSurprise
microVA_L_1-2+,4,119086.8992,119108.28032,21.381120000005467,119086.8992,119108.28032,21.381120000005467,3,4.48886413363619,RankSurprise
microVA_L_1-2+,4,125123.87072,125207.83872,83.96799999999348,125123.87072,125207.83872,83.96799999999348,4,3.5149039296194147,RankSurprise
microVA_L_1-2+,4,125902.15168,126316.05248,413.9008000000031,125902.15168,126316.05248,413.9008000000031,10,4.649031407846085,RankSurprise
microVA_L_1-2+,4,129836.27776,129937.65376,101.37600000000384,129836.27776,129937.65376,101.37600000000384,5,4.668256146954388,RankSurprise
microVA_L_1-2+,4,131187.46624,131630.4896,443.02335999999195,131187.46624,131630.4896,443.02335999999195,11,5.432493671301373,RankSurprise
microVA_L_1-2+,4,132876.288,132920.85248,44.56448000000091,132876.288,132920.85248,44.56448000000091,4,5.233802252069935,RankSurprise
microVA_L_1-2+,4,140163.97312,140226.19136,62.21823999998742,140163.97312,140226.19136,62.21823999998742,4,4.2857346847857976,RankSurprise
microVA_L_1-2+,4,141014.67136,141030.07232,15.400959999999031,141014.67136,141030.07232,15.400959999999031,3,5.113204853372414,RankSurprise
microVA_L_1-2+,4,143103.13984,143183.54432,80.40447999999742,143103.13984,143183.54432,80.40447999999742,5,5.500543420486892,RankSurprise
microVA_L_1-2+,4,144972.5952,145047.7568,75.16159999999218,144972.5952,145047.7568,75.16159999999218,4,4.000034959024649,RankSurprise
microVA_L_1-2+,4,147169.60768,147271.18848,101.58080000002519,147169.60768,147271.18848,101.58080000002519,6,6.906923065523458,RankSurprise
microVA_L_1-2+,4,147771.14624,148104.6016,333.45535999999265,147771.14624,148104.6016,333.45535999999265,9,4.6976546877293535,RankSurprise
microVA_L_1-2+,4,149072.896,149146.13248,73.2364799999923,149072.896,149146.13248,73.2364799999923,4,3.9001013812709537,RankSurprise
microVA_L_1-2+,4,156296.31488,156322.85696,26.54208000001381,156296.31488,156322.85696,26.54208000001381,3,4.109107634393689,RankSurprise
microVA_L_1-2+,4,161046.28224,161299.61984,253.33759999999893,161046.28224,161299.61984,253.33759999999893,8,5.201488457836236,RankSurprise
microVA_L_1-2+,4,176794.70592,176827.63776,32.93184000000474,176794.70592,176827.63776,32.93184000000474,4,6.161418737576668,RankSurprise
microVA_L_1-2+,4,206557.88032,207402.92608,845.0457600000082,206557.88032,207402.92608,845.0457600000082,15,4.149052305724441,RankSurprise
microVA_L_1-2+,4,214270.64832,214537.13408,266.4857599999814,214270.64832,214537.13408,266.4857599999814,8,4.798792345563051,RankSurprise
microVA_L_1-2+,4,223453.7984,223512.33024,58.53184000001056,223453.7984,223512.33024,58.53184000001056,4,4.531795978938856,RankSurprise
microVA_L_1-2+,4,224287.00672,224316.74368,29.736960000009276,224287.00672,224316.74368,29.736960000009276,3,3.7590988418716496,RankSurprise
microVA_L_1-2+,4,225827.30752,225866.42432,39.11679999998887,225827.30752,225866.42432,39.11679999998887,5,8.232485888507032,RankSurprise
microVA_L_1-2+,4,233501.24544,234566.69696,1065.4515200000023,233501.24544,234566.69696,1065.4515200000023,20,6.067052674166151,RankSurprise
microVA_L_1-2+,4,235324.94848,235339.40736,14.458880000020145,235324.94848,235339.40736,14.458880000020145,3,5.238029093689903,RankSurprise
microVA_L_1-2+,4,236765.47072,236917.63712,152.16639999998733,236765.47072,236917.63712,152.16639999998733,7,6.420960618591411,RankSurprise
microVA_L_1-2+,4,240305.68448,240364.87168,59.187200000014855,240305.68448,240364.87168,59.187200000014855,4,4.452879820683414,RankSurprise
microVA_L_1-2+,4,247887.4624,247930.6752,43.21280000000843,247887.4624,247930.6752,43.21280000000843,4,5.398521582201404,RankSurprise
microVA_L_1-2+,4,248206.99136,248460.288,253.29663999998593,248206.99136,248460.288,253.29663999998593,8,5.210993352835546,RankSurprise
microVA_L_1-2+,4,250579.80416,250689.04448,109.2403200000117,250579.80416,250689.04448,109.2403200000117,5,4.401214342592969,RankSurprise
microVA_L_1-2+,4,251062.72256,251143.168,80.44544000001042,251062.72256,251143.168,80.44544000001042,4,3.5704243671388483,RankSurprise
microVA_L_1-2+,4,256524.04224,256710.20544,186.16319999998086,256524.04224,256710.20544,186.16319999998086,6,4.236474350270634,RankSurprise
microVA_L_1-2+,4,257049.76384,257058.36544,8.601599999994505,257049.76384,257058.36544,8.601599999994505,3,6.180189205542474,RankSurprise
microVA_L_1-2+,4,265377.5872,265411.29728,33.71007999998983,265377.5872,265411.29728,33.71007999998983,3,3.598356525350601,RankSurprise
microVA_L_1-2+,4,269500.33408,269576.43776,76.10368000000017,269500.33408,269576.43776,76.10368000000017,4,3.799066906463082,RankSurprise
microVA_L_1-2+,4,276111.19616,276183.94112,72.7449599999818,276111.19616,276183.94112,72.7449599999818,4,3.933796993327082,RankSurprise
microVA_L_1-2+,4,294518.74304,294602.83392,84.09088000003248,294518.74304,294602.83392,84.09088000003248,5,5.4481694854384095,RankSurprise
microVA_L_1-2+,4,296755.15904,296897.3312,142.17216000001645,296755.15904,296897.3312,142.17216000001645,6,5.050561681924421,RankSurprise
microVA_L_1-2+,4,297388.60544,297469.25568,80.65023999998812,297388.60544,297469.25568,80.65023999998812,4,3.8557546595995156,RankSurprise
microVA_L_1-2+,4,307801.82528,307809.6896,7.864319999993313,307801.82528,307809.6896,7.864319999993313,3,6.516385618137667,RankSurprise
microVA_L_1-2+,4,309013.74976,309043.52768,29.777920000022277,309013.74976,309043.52768,29.777920000022277,3,3.846372789428626,RankSurprise
microVA_L_1-2+,4,310068.55168,310116.7616,48.20992000005208,310068.55168,310116.7616,48.20992000005208,4,5.0513134150051116,RankSurprise
microVA_L_1-2+,4,316060.38528,316726.92736,666.5420799999847,316060.38528,316726.92736,666.5420799999847,14,5.3670101979710605,RankSurprise
microVA_L_1-2+,4,322902.46656,322946.37568,43.90912000002572,322902.46656,322946.37568,43.90912000002572,4,5.473059654663061,RankSurprise
microVA_L_1-2+,4,328647.22944,328698.59328,51.36383999994723,328647.22944,328698.59328,51.36383999994723,4,4.926094500825695,RankSurprise
microVA_L_1-2+,4,331056.45568,331139.60448,83.14879999996629,331056.45568,331139.60448,83.14879999996629,4,3.743430485621392,RankSurprise
microVA_L_1-2+,4,333870.40768,334113.3824,242.97471999999834,333870.40768,334113.3824,242.97471999999834,8,5.8897493967410215,RankSurprise
microVA_L_1-2+,4,335352.34048,335425.00352,72.663040000014,335352.34048,335425.00352,72.663040000014,4,4.072496633376215,RankSurprise
microVA_L_1-2+,4,339727.27808,339938.34496,211.0668799999985,339727.27808,339938.34496,211.0668799999985,7,4.797919086742329,RankSurprise
microVA_L_1-2+,4,343100.90752,343234.43712,133.52960000000894,343100.90752,343234.43712,133.52960000000894,6,5.320034279084098,RankSurprise
microVA_L_1-2+,4,343838.96576,343873.536,34.570240000030026,343838.96576,343873.536,34.570240000030026,3,3.53018567125182,RankSurprise
microVA_L_1-2+,4,344325.9392,344348.0576,22.118399999977555,344325.9392,344348.0576,22.118399999977555,4,7.416034414118151,RankSurprise
microVA_L_1-2+,4,347113.43104,347135.42656,21.99551999999676,347113.43104,347135.42656,21.99551999999676,3,4.503679038772685,RankSurprise
microVA_L_1-2+,4,347679.3344,347931.56608,252.23168000002624,347679.3344,347931.56608,252.23168000002624,7,3.927135122405683,RankSurprise
microVA_L_1-2+,4,349078.9376,349808.18944,729.2518399999826,349078.9376,349808.18944,729.2518399999826,19,10.015579086931421,RankSurprise
microVA_L_1-2+,4,353253.21216,353518.83776,265.6256000000285,353253.21216,353518.83776,265.6256000000285,7,3.8528503898681565,RankSurprise
microVA_L_1-2+,4,358819.88096,358884.72064,64.8396800000337,358819.88096,358884.72064,64.8396800000337,4,4.250380723580179,RankSurprise
microVA_L_1-2+,4,360473.72288,360529.3056,55.58272000000579,360473.72288,360529.3056,55.58272000000579,4,4.590266540861229,RankSurprise
microVA_L_1-2+,4,363929.3952,363947.29472,17.8995199999772,363929.3952,363947.29472,17.8995199999772,3,4.98307732202306,RankSurprise
microVA_L_1-2+,4,364413.05088,364422.84032,9.789440000022296,364413.05088,364422.84032,9.789440000022296,3,6.0579279798889925,RankSurprise
microVA_L_1-2+,4,366979.72736,367116.6976,136.9702399999951,366979.72736,367116.6976,136.9702399999951,8,8.934388169089296,RankSurprise
microVA_L_1-2+,4,367863.11168,368082.3296,219.2179200000246,367863.11168,368082.3296,219.2179200000246,6,4.1368224421626785,RankSurprise
microVA_L_1-2+,4,372428.43136,373063.4752,635.0438399999985,372428.43136,373063.4752,635.0438399999985,12,3.7244250203567337,RankSurprise
microVA_L_1-2+,4,373754.63424,373916.38528,161.75104000000283,373754.63424,373916.38528,161.75104000000283,8,7.981562040154615,RankSurprise
microVA_L_1-3+,0,5562.12224,5652.80768,90.6854400000002,5562.12224,5652.80768,90.6854400000002,4,3.7759554091153866,RankSurprise
microVA_L_1-3+,0,6283.96032,6323.93728,39.97695999999996,6283.96032,6323.93728,39.97695999999996,3,3.648543252908498,RankSurprise
microVA_L_1-3+,0,25593.15968,25648.37376,55.21407999999792,25593.15968,25648.37376,55.21407999999792,4,5.278387461328734,RankSurprise
microVA_L_1-3+,0,26116.01408,26199.94112,83.92703999999867,26116.01408,26199.94112,83.92703999999867,4,3.9718190743912842,RankSurprise
microVA_L_1-3+,0,27128.87296,27149.27104,20.398079999999027,27128.87296,27149.27104,20.398079999999027,3,5.094497450434725,RankSurprise
microVA_L_1-3+,0,30135.66464,30139.51488,3.850239999999758,30135.66464,30139.51488,3.850239999999758,3,9.638671221709645,RankSurprise
microVA_L_1-3+,0,36489.216,36517.2736,28.057600000000093,36489.216,36517.2736,28.057600000000093,3,4.413152201378892,RankSurprise
microVA_L_1-3+,0,38922.73152,39020.29824,97.56671999999526,38922.73152,39020.29824,97.56671999999526,5,5.537764541517394,RankSurprise
microVA_L_1-3+,0,41443.49184,41707.84768,264.35583999999653,41443.49184,41707.84768,264.35583999999653,10,9.173765420319016,RankSurprise
microVA_L_1-3+,0,44732.98944,44804.05504,71.06560000000172,44732.98944,44804.05504,71.06560000000172,4,4.440649910413338,RankSurprise
microVA_L_1-3+,0,47108.25984,47329.03424,220.77440000000206,47108.25984,47329.03424,220.77440000000206,7,5.276057372850588,RankSurprise
microVA_L_1-3+,0,49139.17952,49196.15488,56.975360000004,49139.17952,49196.15488,56.975360000004,4,5.162463848543986,RankSurprise
microVA_L_1-3+,0,51786.91584,51892.6336,105.71775999999954,51786.91584,51892.6336,105.71775999999954,5,5.2211156114505215,RankSurprise
microVA_L_1-3+,0,61954.17088,62456.13568,501.96480000000156,61954.17088,62456.13568,501.96480000000156,10,3.8475984834736967,RankSurprise
microVA_L_1-3+,0,63795.89632,63826.00192,30.105600000002596,63795.89632,63826.00192,30.105600000002596,3,4.209661670728455,RankSurprise
microVA_L_1-3+,0,64288.07168,64309.98528,21.91359999999986,64288.07168,64309.98528,21.91359999999986,3,4.979998489979533,RankSurprise
microVA_L_1-3+,0,71998.30016,72302.05952,303.7593599999964,71998.30016,72302.05952,303.7593599999964,8,4.778746471788123,RankSurprise
microVA_L_1-3+,0,73491.98848,74357.26848,865.2799999999988,73491.98848,74357.26848,865.2799999999988,17,6.408923932980619,RankSurprise
microVA_L_1-3+,0,76122.3168,76145.50016,23.183359999995446,76122.3168,76145.50016,23.183359999995446,3,4.831119927017616,RankSurprise
microVA_L_1-3+,0,80293.35552,80335.54432,42.18880000000354,80293.35552,80335.54432,42.18880000000354,3,3.528322095329642,RankSurprise
microVA_L_1-3+,0,80394.19904,80402.51392,8.314879999990808,80394.19904,80402.51392,8.314879999990808,3,7.4201692459261395,RankSurprise
microVA_L_1-3+,0,82822.67648,82847.70304,25.026559999998426,82822.67648,82847.70304,25.026559999998426,3,4.6397167872261456,RankSurprise
microVA_L_1-3+,0,86557.20448,86773.06368,215.85920000000624,86557.20448,86773.06368,215.85920000000624,6,3.8566989535951355,RankSurprise
microVA_L_1-3+,0,90144.11264,90180.44416,36.33151999999245,90144.11264,90180.44416,36.33151999999245,3,3.8594409470635824,RankSurprise
microVA_L_1-3+,0,90698.79296,90778.4192,79.62623999999778,90698.79296,90778.4192,79.62623999999778,6,8.770176478319009,RankSurprise
microVA_L_1-3+,0,96411.36128,96432.66048,21.299200000008568,96411.36128,96432.66048,21.299200000008568,3,5.042798152546112,RankSurprise
microVA_L_1-3+,0,99226.4192,99230.18752,3.768320000002859,99226.4192,99230.18752,3.768320000002859,3,9.57615086472831,RankSurprise
microVA_L_1-3+,0,102802.0224,102828.81024,26.787840000004508,102802.0224,102828.81024,26.787840000004508,3,4.528154102286246,RankSurprise
microVA_L_1-3+,0,103413.9648,103452.75392,38.789120000001276,103413.9648,103452.75392,38.789120000001276,3,3.73621968695851,RankSurprise
microVA_L_1-3+,0,113068.15488,113138.97472,70.81983999999647,113068.15488,113138.97472,70.81983999999647,4,4.47236828396586,RankSurprise
microVA_L_1-3+,0,119133.14304,119146.74176,13.598720000009052,119133.14304,119146.74176,13.598720000009052,3,6.01820876806185,RankSurprise
microVA_L_1-3+,0,124559.03232,124868.44416,309.41184000000067,124559.03232,124868.44416,309.41184000000067,7,3.6572347587961107,RankSurprise
microVA_L_1-3+,0,127369.37984,127526.46144,157.08160000000498,127369.37984,127526.46144,157.08160000000498,5,3.724833803930821,RankSurprise
microVA_L_1-3+,0,133292.6464,133590.50752,297.86112000001594,133292.6464,133590.50752,297.86112000001594,9,6.991303085901084,RankSurprise
microVA_L_1-3+,0,138456.35072,138480.0256,23.674880000005942,138456.35072,138480.0256,23.674880000005942,3,4.768967909056084,RankSurprise
microVA_L_1-3+,0,146339.71712,146421.67808,81.9609600000258,146339.71712,146421.67808,81.9609600000258,4,4.014854936338228,RankSurprise
microVA_L_1-3+,0,149958.32832,150048.84992,90.52160000000731,149958.32832,150048.84992,90.52160000000731,4,3.6907990934608925,RankSurprise
microVA_L_1-3+,0,152211.82464,152251.47392,39.649279999983264,152211.82464,152251.47392,39.649279999983264,4,6.358860615308696,RankSurprise
microVA_L_1-3+,0,152999.07584,153138.33984,139.26399999999558,152999.07584,153138.33984,139.26399999999558,5,4.0322126610725135,RankSurprise
microVA_L_1-3+,0,157743.55456,157913.66144,170.10688000000664,157743.55456,157913.66144,170.10688000000664,7,6.897436980545827,RankSurprise
microVA_L_1-3+,0,177608.62208,177808.1792,199.55712000001222,177608.62208,177808.1792,199.55712000001222,8,7.482818282360927,RankSurprise
microVA_L_1-3+,0,178543.616,178670.05952,126.44352000000072,178543.616,178670.05952,126.44352000000072,5,4.438029622698377,RankSurprise
microVA_L_1-3+,0,179303.05536,179840.86016,537.8048000000126,179303.05536,179840.86016,537.8048000000126,10,3.6223153282289386,RankSurprise
microVA_L_1-3+,0,184784.4864,184820.20352,35.71712000001571,184784.4864,184820.20352,35.71712000001571,3,3.8843080721102226,RankSurprise
microVA_L_1-3+,0,187279.93344,187368.16128,88.22784000000684,187279.93344,187368.16128,88.22784000000684,5,5.991445704339938,RankSurprise
microVA_L_1-3+,0,188352.14336,188791.6032,439.459840000025,188352.14336,188791.6032,439.459840000025,9,4.050898064698571,RankSurprise
microVA_L_1-3+,0,220206.65344,220232.86784,26.214399999997113,220206.65344,220232.86784,26.214399999997113,3,4.538042889086684,RankSurprise
microVA_L_1-3+,0,224248.79104,224442.32704,193.53599999999278,224248.79104,224442.32704,193.53599999999278,7,5.984505819617468,RankSurprise
microVA_L_1-3+,0,225014.49728,225206.8864,192.389119999978,225014.49728,225206.8864,192.389119999978,6,4.304224386722283,RankSurprise
microVA_L_1-3+,0,225672.68352,225705.00096,32.31744000001345,225672.68352,225705.00096,32.31744000001345,3,4.103188108217925,RankSurprise
microVA_L_1-3+,0,233594.75712,233718.74304,123.98592000000644,233594.75712,233718.74304,123.98592000000644,5,4.526408842081011,RankSurprise
microVA_L_1-3+,0,242222.77632,242454.528,231.75167999998666,242222.77632,242454.528,231.75167999998666,7,5.03640755290129,RankSurprise
microVA_L_1-3+,0,249172.13184,249411.66592,239.53408000001218,249172.13184,249411.66592,239.53408000001218,7,5.23079501349169,RankSurprise
microVA_L_1-3+,0,250083.61472,250107.4944,23.879679999983637,250083.61472,250107.4944,23.879679999983637,3,4.780125560814177,RankSurprise
microVA_L_1-3+,0,257422.09024,257514.37312,92.28288000001339,257422.09024,257514.37312,92.28288000001339,4,3.7299614619831836,RankSurprise
microVA_L_1-3+,0,265676.67712,265916.33408,239.65695999999298,265676.67712,265916.33408,239.65695999999298,7,5.081857844164572,RankSurprise
microVA_L_1-3+,0,271932.86656,272014.25408,81.38751999998931,271932.86656,272014.25408,81.38751999998931,4,4.121677409715716,RankSurprise
microVA_L_1-3+,0,273167.72864,273373.42976,205.70112000004156,273167.72864,273373.42976,205.70112000004156,6,4.035420120416277,RankSurprise
microVA_L_1-3+,0,273799.7824,273888.95232,89.16991999995662,273799.7824,273888.95232,89.16991999995662,4,3.778062891454951,RankSurprise
microVA_L_1-3+,0,276064.58368,276228.66944,164.0857600000454,276064.58368,276228.66944,164.0857600000454,5,3.554006670801993,RankSurprise
microVA_L_1-3+,0,278098.57536,278133.10464,34.52927999995882,278098.57536,278133.10464,34.52927999995882,3,3.9534059105897157,RankSurprise
microVA_L_1-3+,0,278907.37152,278945.83296,38.461440000042785,278907.37152,278945.83296,38.461440000042785,3,3.6935250976544793,RankSurprise
microVA_L_1-3+,0,280104.09984,280281.74336,177.64352000004146,280104.09984,280281.74336,177.64352000004146,7,6.575991195209276,RankSurprise
microVA_L_1-3+,0,280711.29088,280914.08384,202.79295999999158,280711.29088,280914.08384,202.79295999999158,7,5.785021402622266,RankSurprise
microVA_L_1-3+,0,281540.8128,281854.68928,313.87647999997716,281540.8128,281854.68928,313.87647999997716,8,4.85760682498477,RankSurprise
microVA_L_1-3+,0,283696.61952,283748.67968,52.06015999999363,283696.61952,283748.67968,52.06015999999363,4,5.431718658316115,RankSurprise
microVA_L_1-3+,0,284455.28064,284596.71552,141.43488000001526,284455.28064,284596.71552,141.43488000001526,5,4.154317845879781,RankSurprise
microVA_L_1-3+,0,286337.14688,286428.11904,90.9721600000048,286337.14688,286428.11904,90.9721600000048,4,3.846296132937365,RankSurprise
microVA_L_1-3+,0,288042.84416,288166.2976,123.45344000001205,288042.84416,288166.2976,123.45344000001205,5,4.717763301882734,RankSurprise
microVA_L_1-3+,0,289304.24832,289322.96704,18.718720000004396,289304.24832,289322.96704,18.718720000004396,3,5.315794427421487,RankSurprise
microVA_L_1-3+,0,291306.2912,291343.89248,37.60128000000259,291306.2912,291343.89248,37.60128000000259,3,3.7832411974443048,RankSurprise
microVA_L_1-3+,0,292200.93952,292289.86368,88.92415999999503,292200.93952,292289.86368,88.92415999999503,5,5.8447720961033305,RankSurprise
microVA_L_1-3+,0,294367.35488,294868.95104,501.5961600000155,294367.35488,294868.95104,501.5961600000155,12,6.7067465711879475,RankSurprise
microVA_L_1-3+,0,295612.70272,295912.8576,300.1548799999873,295612.70272,295912.8576,300.1548799999873,10,8.056604664515786,RankSurprise
microVA_L_1-3+,0,302882.2016,303275.45856,393.2569600000279,302882.2016,303275.45856,393.2569600000279,11,7.221334890407595,RankSurprise
microVA_L_1-3+,0,305747.39456,305774.05952,26.66496000002371,305747.39456,305774.05952,26.66496000002371,4,7.645851180234821,RankSurprise
microVA_L_1-3+,0,307748.94592,307879.7312,130.78527999995276,307748.94592,307879.7312,130.78527999995276,6,6.272635442974682,RankSurprise
microVA_L_1-3+,0,315012.95616,315330.02752,317.07136000000173,315012.95616,315330.02752,317.07136000000173,7,3.559103068914954,RankSurprise
microVA_L_1-3+,0,315688.22272,315913.29792,225.07519999996293,315688.22272,315913.29792,225.07519999996293,7,5.262093007495779,RankSurprise
microVA_L_1-3+,0,316244.25472,316271.90272,27.647999999986496,316244.25472,316271.90272,27.647999999986496,3,4.436571704838142,RankSurprise
microVA_L_1-3+,0,319250.75968,319550.01344,299.2537599999923,319250.75968,319550.01344,299.2537599999923,8,4.980894796017888,RankSurprise
microVA_L_1-3+,0,320240.55808,320275.78368,35.225600000005215,320240.55808,320275.78368,35.225600000005215,3,3.873612850961136,RankSurprise
microVA_L_1-3+,0,323359.98976,323364.61824,4.6284799999557436,323359.98976,323364.61824,4.6284799999557436,3,8.859605330795365,RankSurprise
microVA_L_1-3+,0,325862.48192,326010.22464,147.74271999998018,325862.48192,326010.22464,147.74271999998018,6,5.756331462373794,RankSurprise
microVA_L_1-3+,0,331115.06944,331752.2432,637.1737600000342,331115.06944,331752.2432,637.1737600000342,12,4.315839751014708,RankSurprise
microVA_L_1-3+,0,340069.376,340095.63136,26.255360000010114,340069.376,340095.63136,26.255360000010114,3,4.562980906820215,RankSurprise
microVA_L_1-3+,0,340469.76,340905.45152,435.69151999999303,340469.76,340905.45152,435.69151999999303,9,3.8555019034569558,RankSurprise
microVA_L_1-3+,0,349559.93088,349691.0848,131.15392000001157,349559.93088,349691.0848,131.15392000001157,6,6.36370371957711,RankSurprise
microVA_L_1-3+,0,350962.85184,351079.424,116.57215999998152,350962.85184,351079.424,116.57215999998152,5,4.912018673980683,RankSurprise
microVA_L_1-3+,0,351717.53984,351756.24704,38.70720000000438,351717.53984,351756.24704,38.70720000000438,4,6.439673735242945,RankSurprise
microVA_L_1-3+,0,352086.71232,352234.74176,148.02944000001298,352086.71232,352234.74176,148.02944000001298,6,5.621774680410574,RankSurprise
microVA_L_1-3+,0,353423.60576,353575.07584,151.47007999999914,353423.60576,353575.07584,151.47007999999914,7,7.372058790533451,RankSurprise
microVA_L_1-3+,0,354217.28768,354235.8016,18.513919999997597,354217.28768,354235.8016,18.513919999997597,3,5.32312046751356,RankSurprise
microVA_L_1-3+,0,357151.5392,357835.776,684.2368000000133,357151.5392,357835.776,684.2368000000133,12,3.5797630821685105,RankSurprise
microVA_L_1-3+,0,364072.91904,364431.44192,358.5228800000041,364072.91904,364431.44192,358.5228800000041,12,10.008740130119854,RankSurprise
microVA_L_1-3+,0,367992.38144,368156.30336,163.9219199999934,367992.38144,368156.30336,163.9219199999934,7,6.899730559532927,RankSurprise
microVA_L_1-3+,0,372495.07328,372559.91296,64.83967999997549,372495.07328,372559.91296,64.83967999997549,4,4.74477768059776,RankSurprise
microVA_L_1-3+,1,4835.49184,4937.97376,102.48192000000017,4835.49184,4937.97376,102.48192000000017,3,3.5734001557472883,RankSurprise
microVA_L_1-3+,1,25337.15968,27226.19392,1889.0342400000009,25337.15968,27226.19392,1889.0342400000009,13,5.103645057894197,RankSurprise
microVA_L_1-3+,1,34676.24448,35864.90368,1188.6592000000019,34676.24448,35864.90368,1188.6592000000019,12,7.5350402055990395,RankSurprise
microVA_L_1-3+,1,45169.8688,45477.76512,307.89631999999983,45169.8688,45477.76512,307.89631999999983,6,6.491300492451323,RankSurprise
microVA_L_1-3+,1,82395.5456,82482.5856,87.04000000000815,82395.5456,82482.5856,87.04000000000815,3,3.8436918911691063,RankSurprise
microVA_L_1-3+,1,83478.65088,83710.68928,232.0384000000049,83478.65088,83710.68928,232.0384000000049,5,5.701867821904965,RankSurprise
microVA_L_1-3+,1,84537.18016,84916.55168,379.3715200000006,84537.18016,84916.55168,379.3715200000006,5,3.8953834414432578,RankSurprise
microVA_L_1-3+,1,86292.93056,86360.8832,67.95264000000316,86292.93056,86360.8832,67.95264000000316,3,4.3596586390956045,RankSurprise
microVA_L_1-3+,1,89698.95936,89744.67072,45.71136000000115,89698.95936,89744.67072,45.71136000000115,4,8.950492385695709,RankSurprise
microVA_L_1-3+,1,91217.7152,91453.72672,236.01152000000002,91217.7152,91453.72672,236.01152000000002,4,3.639727690459921,RankSurprise
microVA_L_1-3+,1,96337.79712,96592.56832,254.77120000000286,96337.79712,96592.56832,254.77120000000286,5,5.362876207724312,RankSurprise
microVA_L_1-3+,1,102840.64768,102906.01984,65.37215999999898,102840.64768,102906.01984,65.37215999999898,3,4.586051310964654,RankSurprise
microVA_L_1-3+,1,111348.77696,111419.02336,70.24640000000363,111348.77696,111419.02336,70.24640000000363,3,4.469653291157892,RankSurprise
microVA_L_1-3+,1,132070.68672,132163.95264,93.26592000000528,132070.68672,132163.95264,93.26592000000528,3,3.6943679074711913,RankSurprise
microVA_L_1-3+,1,137090.6624,139707.02336,2616.360959999991,137090.6624,139707.02336,2616.360959999991,21,9.759393880468833,RankSurprise
microVA_L_1-3+,1,161171.57888,161293.76256,122.18368000001647,161171.57888,161293.76256,122.18368000001647,4,5.585566095783815,RankSurprise
microVA_L_1-3+,1,175220.57216,175347.95776,127.3855999999796,175220.57216,175347.95776,127.3855999999796,4,5.419776558412863,RankSurprise
microVA_L_1-3+,1,179131.71968,179237.35552,105.63584000000264,179131.71968,179237.35552,105.63584000000264,4,5.986164665982816,RankSurprise
microVA_L_1-3+,1,182650.51136,182912.36864,261.85727999999654,182650.51136,182912.36864,261.85727999999654,5,5.296940372336639,RankSurprise
microVA_L_1-3+,1,187350.87616,187461.4272,110.55103999999119,187350.87616,187461.4272,110.55103999999119,3,3.519944592701476,RankSurprise
microVA_L_1-3+,1,190391.82848,190421.27872,29.45024000000558,190391.82848,190421.27872,29.45024000000558,3,6.377923007340574,RankSurprise
microVA_L_1-3+,1,204614.57408,204963.88096,349.3068800000183,204614.57408,204963.88096,349.3068800000183,5,4.431338674203669,RankSurprise
microVA_L_1-3+,1,219629.69088,219885.07648,255.3855999999796,219629.69088,219885.07648,255.3855999999796,4,3.604294116132536,RankSurprise
microVA_L_1-3+,1,234376.51968,234927.39072,550.8710399999982,234376.51968,234927.39072,550.8710399999982,9,9.078602433976052,RankSurprise
microVA_L_1-3+,1,296206.58176,296798.37184,591.7900800000061,296206.58176,296798.37184,591.7900800000061,9,8.407670522213516,RankSurprise
microVA_L_1-3+,1,304998.89152,305590.19008,591.2985599999665,304998.89152,305590.19008,591.2985599999665,6,4.352459743958109,RankSurprise
microVA_L_1-3+,1,314776.41216,315379.9168,603.5046399999992,314776.41216,315379.9168,603.5046399999992,7,4.9035572568036665,RankSurprise
microVA_L_1-3+,1,319117.7216,319341.03552,223.31391999998596,319117.7216,319341.03552,223.31391999998596,4,3.8045712363034028,RankSurprise
microVA_L_1-3+,1,331576.56576,331623.8336,47.26783999998588,331576.56576,331623.8336,47.26783999998588,3,5.153949536307968,RankSurprise
microVA_L_1-3+,1,334146.23232,334540.3904,394.1580799999647,334146.23232,334540.3904,394.1580799999647,5,3.705466077336151,RankSurprise
microVA_L_1-3+,1,339901.89056,339962.4704,60.57983999996213,339901.89056,339962.4704,60.57983999996213,3,4.52700562815199,RankSurprise
microVA_L_1-3+,1,344438.25152,344601.76384,163.51232000003802,344438.25152,344601.76384,163.51232000003802,4,4.961932977605343,RankSurprise
microVA_L_1-3+,1,362755.76832,363002.14272,246.3744000000297,362755.76832,363002.14272,246.3744000000297,4,3.7609566355395074,RankSurprise
microVA_L_1-3+,1,366186.04544,366945.40288,759.3574399999925,366186.04544,366945.40288,759.3574399999925,7,3.8884316323157853,RankSurprise
microVA_L_1-3+,2,1721.30304,1935.07328,213.77024000000006,1721.30304,1935.07328,213.77024000000006,6,4.13242361530155,RankSurprise
microVA_L_1-3+,2,5485.60896,5509.36576,23.756800000000112,5485.60896,5509.36576,23.756800000000112,3,4.82920993909069,RankSurprise
microVA_L_1-3+,2,10001.32608,10038.80448,37.478399999999965,10001.32608,10038.80448,37.478399999999965,3,3.9131719169807173,RankSurprise
microVA_L_1-3+,2,17924.99712,18254.68416,329.6870400000007,17924.99712,18254.68416,329.6870400000007,8,4.813812425174075,RankSurprise
microVA_L_1-3+,2,27584.18432,27602.3296,18.14528000000064,27584.18432,27602.3296,18.14528000000064,3,5.481686743325293,RankSurprise
microVA_L_1-3+,2,29430.04672,29623.37792,193.33120000000054,29430.04672,29623.37792,193.33120000000054,6,4.585066463905825,RankSurprise
microVA_L_1-3+,2,31565.53728,32295.85408,730.3168000000005,31565.53728,32295.85408,730.3168000000005,15,6.749111857176317,RankSurprise
microVA_L_1-3+,2,35612.54912,35886.77632,274.2271999999939,35612.54912,35886.77632,274.2271999999939,8,5.774019360307094,RankSurprise
microVA_L_1-3+,2,36304.44544,36589.19936,284.75391999999556,36304.44544,36589.19936,284.75391999999556,7,4.0217990980211615,RankSurprise
microVA_L_1-3+,2,37318.0416,37346.01728,27.975680000003194,37318.0416,37346.01728,27.975680000003194,4,7.665287563932829,RankSurprise
microVA_L_1-3+,2,38949.888,39053.02528,103.13728000000265,38949.888,39053.02528,103.13728000000265,5,5.556070615013557,RankSurprise
microVA_L_1-3+,2,41152.43008,42337.60768,1185.1776000000027,41152.43008,42337.60768,1185.1776000000027,20,5.908538521161243,RankSurprise
microVA_L_1-3+,2,46304.09216,46469.77536,165.6831999999995,46304.09216,46469.77536,165.6831999999995,7,7.2397920013259025,RankSurprise
microVA_L_1-3+,2,47622.59456,47697.18272,74.58815999999933,47622.59456,47697.18272,74.58815999999933,4,4.485480799009654,RankSurprise
microVA_L_1-3+,2,51675.25888,52126.22848,450.9695999999967,51675.25888,52126.22848,450.9695999999967,11,6.274346270255415,RankSurprise
microVA_L_1-3+,2,52927.56992,53066.87488,139.3049600000013,52927.56992,53066.87488,139.3049600000013,5,4.402916191190226,RankSurprise
microVA_L_1-3+,2,55567.03232,55692.94336,125.91103999999905,55567.03232,55692.94336,125.91103999999905,5,4.743316616243639,RankSurprise
microVA_L_1-3+,2,62663.02464,62670.88896,7.864319999993313,62663.02464,62670.88896,7.864319999993313,3,7.629252566991587,RankSurprise
microVA_L_1-3+,2,64194.27328,64604.24192,409.96863999999914,64194.27328,64604.24192,409.96863999999914,9,4.659843517538057,RankSurprise
microVA_L_1-3+,2,67672.51456,67815.87456,143.36000000000058,67672.51456,67815.87456,143.36000000000058,5,4.386322954662067,RankSurprise
microVA_L_1-3+,2,69186.88768,69284.78208,97.89440000000468,69186.88768,69284.78208,97.89440000000468,4,3.7475422307230986,RankSurprise
microVA_L_1-3+,2,69769.78944,70066.54464,296.7551999999996,69769.78944,70066.54464,296.7551999999996,7,3.9360597433323297,RankSurprise
microVA_L_1-3+,2,70642.44224,70680.08448,37.64224000000104,70642.44224,70680.08448,37.64224000000104,3,3.860288713348613,RankSurprise
microVA_L_1-3+,2,73795.66592,73853.29664,57.63072000000102,73795.66592,73853.29664,57.63072000000102,4,5.328873891236263,RankSurprise
microVA_L_1-3+,2,77988.2496,78320.10752,331.85792000000947,77988.2496,78320.10752,331.85792000000947,7,3.6957452481852346,RankSurprise
microVA_L_1-3+,2,88398.31552,88457.09312,58.77760000000126,88398.31552,88457.09312,58.77760000000126,4,5.23701114146936,RankSurprise
microVA_L_1-3+,2,92923.86304,92976.128,52.26496000000043,92923.86304,92976.128,52.26496000000043,4,5.602144922066554,RankSurprise
microVA_L_1-3+,2,102200.48384,102297.68192,97.19808000000194,102200.48384,102297.68192,97.19808000000194,4,3.7321632094874424,RankSurprise
microVA_L_1-3+,2,103958.03648,103976.50944,18.472959999999148,103958.03648,103976.50944,18.472959999999148,3,5.456686309280938,RankSurprise
microVA_L_1-3+,2,104824.50432,104897.41312,72.9088000000047,104824.50432,104897.41312,72.9088000000047,4,4.5481017060238855,RankSurprise
microVA_L_1-3+,2,108648.28416,108771.16416,122.88000000000466,108648.28416,108771.16416,122.88000000000466,5,4.872100428669906,RankSurprise
microVA_L_1-3+,2,121025.08544,121126.83008,101.74464000000444,121025.08544,121126.83008,101.74464000000444,4,3.5721536730073815,RankSurprise
microVA_L_1-3+,2,134227.47648,134654.5664,427.08991999999853,134227.47648,134654.5664,427.08991999999853,9,4.186154971500117,RankSurprise
microVA_L_1-3+,2,143121.85856,143385.51808,263.6595200000156,143121.85856,143385.51808,263.6595200000156,6,3.5570620481530177,RankSurprise
microVA_L_1-3+,2,143708.73344,143788.60544,79.87200000000303,143708.73344,143788.60544,79.87200000000303,6,9.119900581445414,RankSurprise
microVA_L_1-3+,2,145041.69472,145095.0656,53.37088000000222,145041.69472,145095.0656,53.37088000000222,4,5.5615488538501445,RankSurprise
microVA_L_1-3+,2,146808.66816,146852.33152,43.66336000000592,146808.66816,146852.33152,43.66336000000592,3,3.6084278192522152,RankSurprise
microVA_L_1-3+,2,151277.3632,151333.23264,55.86944000000949,151277.3632,151333.23264,55.86944000000949,4,5.396801393151538,RankSurprise
microVA_L_1-3+,2,157809.78688,159175.18848,1365.401600000012,157809.78688,159175.18848,1365.401600000012,23,7.687573772934085,RankSurprise
microVA_L_1-3+,2,168293.21216,168317.58336,24.371199999994133,168293.21216,168317.58336,24.371199999994133,3,4.811137485971136,RankSurprise
microVA_L_1-3+,2,176839.31136,176882.688,43.376640000002226,176839.31136,176882.688,43.376640000002226,3,3.6084278192522152,RankSurprise
microVA_L_1-3+,2,178777.74336,179026.90304,249.15968000001158,178777.74336,179026.90304,249.15968000001158,7,5.007205315312385,RankSurprise
microVA_L_1-3+,2,183932.3136,183990.19008,57.87648000000627,183932.3136,183990.19008,57.87648000000627,4,5.3251448626763995,RankSurprise
microVA_L_1-3+,2,185008.08704,185280.9216,272.8345599999884,185008.08704,185280.9216,272.8345599999884,9,7.517313556182628,RankSurprise
microVA_L_1-3+,2,187312.20992,187348.04992,35.83999999999651,187312.20992,187348.04992,35.83999999999651,4,6.876316180361943,RankSurprise
microVA_L_1-3+,2,191891.08736,191934.70976,43.62239999999292,191891.08736,191934.70976,43.62239999999292,3,3.615012191799467,RankSurprise
microVA_L_1-3+,2,199266.38592,199288.54528,22.159359999990556,199266.38592,199288.54528,22.159359999990556,3,4.954055759269854,RankSurprise
microVA_L_1-3+,2,222810.15296,223939.95264,1129.7996799999964,222810.15296,223939.95264,1129.7996799999964,19,5.876707011975313,RankSurprise
microVA_L_1-3+,2,226938.59328,227591.94624,653.3529599999893,226938.59328,227591.94624,653.3529599999893,12,4.822199090356793,RankSurprise
microVA_L_1-3+,2,228502.97856,228550.57408,47.59552000000258,228502.97856,228550.57408,47.59552000000258,4,5.9209529424058935,RankSurprise
microVA_L_1-3+,2,230835.69152,230907.12576,71.43424000000232,230835.69152,230907.12576,71.43424000000232,4,4.635656613533332,RankSurprise
microVA_L_1-3+,2,234305.82272,234650.13248,344.30976000000373,234305.82272,234650.13248,344.30976000000373,8,4.267604009082548,RankSurprise
microVA_L_1-3+,2,235441.9712,235671.9616,229.99040000000969,235441.9712,235671.9616,229.99040000000969,6,3.916097140210992,RankSurprise
microVA_L_1-3+,2,238924.8,238972.80512,48.00512000001618,238924.8,238972.80512,48.00512000001618,4,5.844658514884923,RankSurprise
microVA_L_1-3+,2,239317.15584,239417.46688,100.3110400000005,239317.15584,239417.46688,100.3110400000005,4,3.721226263129619,RankSurprise
microVA_L_1-3+,2,242330.0096,242389.52448,59.51488000000245,242330.0096,242389.52448,59.51488000000245,5,7.842307463329295,RankSurprise
microVA_L_1-3+,2,244307.1488,244541.48096,234.33215999999084,244307.1488,244541.48096,234.33215999999084,6,3.825644043342255,RankSurprise
microVA_L_1-3+,2,245780.23424,246559.3344,779.1001600000018,245780.23424,246559.3344,779.1001600000018,13,3.756594402298299,RankSurprise
microVA_L_1-3+,2,246816.60416,246850.43712,33.83295999999973,246816.60416,246850.43712,33.83295999999973,3,4.196431645403896,RankSurprise
microVA_L_1-3+,2,251984.6912,252189.16352,204.47232000000076,251984.6912,252189.16352,204.47232000000076,6,4.318627156822228,RankSurprise
microVA_L_1-3+,2,255940.48512,255981.1584,40.673279999988154,255940.48512,255981.1584,40.673279999988154,3,3.76208708929053,RankSurprise
microVA_L_1-3+,2,260970.496,261127.90528,157.40927999999258,260970.496,261127.90528,157.40927999999258,5,3.9070345516294047,RankSurprise
microVA_L_1-3+,2,261472.37888,261522.8416,50.46272000001045,261472.37888,261522.8416,50.46272000001045,4,5.748719971740972,RankSurprise
microVA_L_1-3+,2,283046.912,283283.74272,236.830719999969,283046.912,283283.74272,236.830719999969,8,6.881284187979867,RankSurprise
microVA_L_1-3+,2,301661.06112,301748.75648,87.69535999995423,301661.06112,301748.75648,87.69535999995423,4,4.087704640492266,RankSurprise
microVA_L_1-3+,2,302491.4432,302586.88,95.43680000002496,302491.4432,302586.88,95.43680000002496,4,3.7453403949711586,RankSurprise
microVA_L_1-3+,2,305426.80064,305521.00864,94.20800000004238,305426.80064,305521.00864,94.20800000004238,4,3.8597468242100277,RankSurprise
microVA_L_1-3+,2,311657.96352,312074.52672,416.56320000003325,311657.96352,312074.52672,416.56320000003325,9,4.630897686591278,RankSurprise
microVA_L_1-3+,2,316515.9424,316678.59456,162.65215999999782,316515.9424,316678.59456,162.65215999999782,8,9.56549679540312,RankSurprise
microVA_L_1-3+,2,325035.70432,325062.98368,27.2793599999859,325035.70432,325062.98368,27.2793599999859,3,4.521340265175665,RankSurprise
microVA_L_1-3+,2,333315.35872,333870.40768,555.0489599999855,333315.35872,333870.40768,555.0489599999855,13,7.059786875515881,RankSurprise
microVA_L_1-3+,2,334529.41312,334544.73216,15.319040000031237,334529.41312,334544.73216,15.319040000031237,3,5.931123468721163,RankSurprise
microVA_L_1-3+,2,339521.41312,340765.4912,1244.0780800000066,339521.41312,340765.4912,1244.0780800000066,18,4.3533745208651,RankSurprise
microVA_L_1-3+,2,348716.6464,349216.768,500.1215999999549,348716.6464,349216.768,500.1215999999549,11,5.5250569697507546,RankSurprise
microVA_L_1-3+,2,349500.12928,349505.7408,5.611520000034943,349500.12928,349505.7408,5.611520000034943,3,8.626577665389508,RankSurprise
microVA_L_1-3+,2,350900.14208,350925.2096,25.067519999982323,350900.14208,350925.2096,25.067519999982323,3,4.734657413923696,RankSurprise
microVA_L_1-3+,2,351986.4832,352015.60576,29.12255999998888,351986.4832,352015.60576,29.12255999998888,3,4.42511902386059,RankSurprise
microVA_L_1-3+,2,353518.83776,353530.55232,11.714559999993071,353518.83776,353530.55232,11.714559999993071,3,6.470080604799369,RankSurprise
microVA_L_1-3+,2,362442.38336,362465.11616,22.73279999999795,362442.38336,362465.11616,22.73279999999795,3,4.941214590578644,RankSurprise
microVA_L_1-3+,2,364413.05088,364667.4944,254.44352000002982,364413.05088,364667.4944,254.44352000002982,7,4.723905791045499,RankSurprise
microVA_L_1-3+,2,369485.94688,369519.32928,33.382400000002235,369485.94688,369519.32928,33.382400000002235,3,4.1614580348498915,RankSurprise
microVA_L_1-3+,2,371408.15872,371520.34816,112.18943999998737,371408.15872,371520.34816,112.18943999998737,5,5.1880862356455175,RankSurprise
microVA_L_1-3+,2,373523.21024,373546.5984,23.38816000003135,373523.21024,373546.5984,23.38816000003135,3,4.960507394551341,RankSurprise
microVA_L_1-3+,3,3765.28896,3916.63616,151.34720000000016,3765.28896,3916.63616,151.34720000000016,6,5.3080163730339365,RankSurprise
microVA_L_1-3+,3,4189.75744,4382.47424,192.71679999999924,4189.75744,4382.47424,192.71679999999924,7,5.730185237554358,RankSurprise
microVA_L_1-3+,3,5835.20256,5870.22336,35.020800000000236,5835.20256,5870.22336,35.020800000000236,3,3.929873686713984,RankSurprise
microVA_L_1-3+,3,6617.37472,6711.33696,93.96223999999984,6617.37472,6711.33696,93.96223999999984,4,3.5246450572974055,RankSurprise
microVA_L_1-3+,3,8465.85856,8785.46944,319.6108800000002,8465.85856,8785.46944,319.6108800000002,8,4.124736453121083,RankSurprise
microVA_L_1-3+,3,9677.29152,9766.54336,89.25183999999899,9677.29152,9766.54336,89.25183999999899,4,3.680616424660503,RankSurprise
microVA_L_1-3+,3,13189.69344,13205.21728,15.523840000001655,13189.69344,13205.21728,15.523840000001655,3,5.802797693964694,RankSurprise
microVA_L_1-3+,3,13429.80096,13484.11392,54.31295999999929,13429.80096,13484.11392,54.31295999999929,4,5.363560735158352,RankSurprise
microVA_L_1-3+,3,17041.85856,17107.02592,65.16735999999946,17041.85856,17107.02592,65.16735999999946,4,4.7644479484985816,RankSurprise
microVA_L_1-3+,3,25642.14784,25661.68576,19.53791999999885,25642.14784,25661.68576,19.53791999999885,4,8.843474446581585,RankSurprise
microVA_L_1-3+,3,27038.9248,27111.8336,72.90880000000107,27038.9248,27111.8336,72.90880000000107,4,4.359613769042461,RankSurprise
microVA_L_1-3+,3,28008.12032,28788.20352,780.0831999999973,28008.12032,28788.20352,780.0831999999973,17,6.730066563984166,RankSurprise
microVA_L_1-3+,3,30461.25568,31187.68128,726.4256000000023,30461.25568,31187.68128,726.4256000000023,18,9.494403434611437,RankSurprise
microVA_L_1-3+,3,31707.5456,31756.04224,48.49663999999757,31707.5456,31756.04224,48.49663999999757,4,5.747351020039897,RankSurprise
microVA_L_1-3+,3,32369.4592,32475.83232,106.3731200000002,32369.4592,32475.83232,106.3731200000002,5,5.080620357756178,RankSurprise
microVA_L_1-3+,3,33206.76352,33354.05568,147.29215999999724,33206.76352,33354.05568,147.29215999999724,6,5.400293306098817,RankSurprise
microVA_L_1-3+,3,38895.90272,39097.05728,201.15456000000268,38895.90272,39097.05728,201.15456000000268,6,3.9115476387710224,RankSurprise
microVA_L_1-3+,3,39785.2672,40084.39808,299.130879999997,39785.2672,40084.39808,299.130879999997,8,4.458114109121711,RankSurprise
microVA_L_1-3+,3,42297.46688,42310.41024,12.943359999997483,42297.46688,42310.41024,12.943359999997483,4,10.550443444407588,RankSurprise
microVA_L_1-3+,3,42367.05792,42399.17056,32.112639999999374,42367.05792,42399.17056,32.112639999999374,3,4.157509461427342,RankSurprise
microVA_L_1-3+,3,43547.40224,43627.80672,80.40447999999742,43547.40224,43627.80672,80.40447999999742,4,4.04376025782134,RankSurprise
microVA_L_1-3+,3,44641.44384,44673.35168,31.90783999999985,44641.44384,44673.35168,31.90783999999985,3,4.157509461427342,RankSurprise
microVA_L_1-3+,3,46620.79488,46781.0304,160.235520000002,46620.79488,46781.0304,160.235520000002,6,5.092231211433202,RankSurprise
microVA_L_1-3+,3,50640.52736,50782.28992,141.76256000000285,50640.52736,50782.28992,141.76256000000285,5,3.8269897126691106,RankSurprise
microVA_L_1-3+,3,51852.57472,52267.90912,415.33439999999973,51852.57472,52267.90912,415.33439999999973,9,3.573975351301059,RankSurprise
microVA_L_1-3+,3,54201.5488,54460.25216,258.7033599999995,54201.5488,54460.25216,258.7033599999995,7,3.8838036066892374,RankSurprise
microVA_L_1-3+,3,55743.03744,55764.09088,21.05344000000332,55743.03744,55764.09088,21.05344000000332,3,5.072469995792755,RankSurprise
microVA_L_1-3+,3,59683.30752,59827.24096,143.9334400000007,59683.30752,59827.24096,143.9334400000007,5,3.784653267553086,RankSurprise
microVA_L_1-3+,3,64437.8624,64500.65408,62.79168000000209,64437.8624,64500.65408,62.79168000000209,4,4.876163042485999,RankSurprise
microVA_L_1-3+,3,66233.99936,66663.99744,429.99808000000485,66233.99936,66663.99744,429.99808000000485,10,4.298445426647802,RankSurprise
microVA_L_1-3+,3,67623.15776,68520.91904,897.7612799999915,67623.15776,68520.91904,897.7612799999915,16,3.876179389012633,RankSurprise
microVA_L_1-3+,3,70716.45696,70876.65152,160.19456000000355,70716.45696,70876.65152,160.19456000000355,6,5.0392845044922225,RankSurprise
microVA_L_1-3+,3,73620.0704,73769.5744,149.50400000000081,73620.0704,73769.5744,149.50400000000081,5,3.5851618488609667,RankSurprise
microVA_L_1-3+,3,74063.872,74203.91424,140.04223999999522,74063.872,74203.91424,140.04223999999522,6,5.8210934819291325,RankSurprise
microVA_L_1-3+,3,77385.1136,77480.38656,95.27296000000206,77385.1136,77480.38656,95.27296000000206,5,5.533727321950302,RankSurprise
microVA_L_1-3+,3,79604.08064,79747.03104,142.95040000000154,79604.08064,79747.03104,142.95040000000154,5,3.855975352022501,RankSurprise
microVA_L_1-3+,3,80777.4208,80963.7888,186.36799999998766,80777.4208,80963.7888,186.36799999998766,8,7.861076492550397,RankSurprise
microVA_L_1-3+,3,87698.8416,87861.53472,162.69311999999627,87698.8416,87861.53472,162.69311999999627,5,3.5142505674113345,RankSurprise
microVA_L_1-3+,3,90716.73344,90808.27904,91.54559999999765,90716.73344,90808.27904,91.54559999999765,4,3.6016172270728397,RankSurprise
microVA_L_1-3+,3,92343.13216,92424.72448,81.59232000001066,92343.13216,92424.72448,81.59232000001066,4,4.015149677900524,RankSurprise
microVA_L_1-3+,3,95851.1104,95891.8656,40.755199999999604,95851.1104,95891.8656,40.755199999999604,4,6.324906589547343,RankSurprise
microVA_L_1-3+,3,105815.6544,106023.15776,207.50336000000243,105815.6544,106023.15776,207.50336000000243,6,3.697517020030192,RankSurprise
microVA_L_1-3+,3,109049.36448,109242.9824,193.61791999998968,109049.36448,109242.9824,193.61791999998968,6,4.038971944172608,RankSurprise
microVA_L_1-3+,3,111918.77632,111987.46624,68.6899199999898,111918.77632,111987.46624,68.6899199999898,4,4.535789699151312,RankSurprise
microVA_L_1-3+,3,112985.78432,113023.95904,38.17471999999543,112985.78432,113023.95904,38.17471999999543,3,3.7883050849695135,RankSurprise
microVA_L_1-3+,3,119120.56832,119494.61504,374.04671999999846,119120.56832,119494.61504,374.04671999999846,10,5.525997394295589,RankSurprise
microVA_L_1-3+,3,119891.23072,120020.91008,129.67935999999463,119891.23072,120020.91008,129.67935999999463,5,4.222925912301061,RankSurprise
microVA_L_1-3+,3,122362.0608,122455.28576,93.22495999999228,122362.0608,122455.28576,93.22495999999228,4,3.5769111993895635,RankSurprise
microVA_L_1-3+,3,138136.41216,138335.72352,199.31135999999242,138136.41216,138335.72352,199.31135999999242,7,5.583942197638802,RankSurprise
microVA_L_1-3+,3,142738.88256,142869.66784,130.78528000001097,142738.88256,142869.66784,130.78528000001097,5,4.202837981190072,RankSurprise
microVA_L_1-3+,3,144912.384,145043.74272,131.35872000001837,144912.384,145043.74272,131.35872000001837,5,4.179528857113276,RankSurprise
microVA_L_1-3+,3,145508.80256,145540.5056,31.703039999993052,145508.80256,145540.5056,31.703039999993052,3,4.190659419726556,RankSurprise
microVA_L_1-3+,3,149279.82592,149310.99648,31.17055999999866,149279.82592,149310.99648,31.17055999999866,4,7.2011606921115465,RankSurprise
microVA_L_1-3+,3,149890.4576,149924.37248,33.91487999999663,149890.4576,149924.37248,33.91487999999663,3,4.057755849304096,RankSurprise
microVA_L_1-3+,3,152273.96096,152430.96064,156.99968000000808,152273.96096,152430.96064,156.99968000000808,6,5.1735901317765425,RankSurprise
microVA_L_1-3+,3,152958.5664,153110.9376,152.37119999999413,152958.5664,153110.9376,152.37119999999413,5,3.541048979287666,RankSurprise
microVA_L_1-3+,3,154667.17184,155005.29664,338.1247999999905,154667.17184,155005.29664,338.1247999999905,8,3.7028067533733413,RankSurprise
microVA_L_1-3+,3,156458.88512,156730.32704,271.44192000001203,156458.88512,156730.32704,271.44192000001203,8,5.0853072594591655,RankSurprise
microVA_L_1-3+,3,162362.24512,162396.20096,33.955839999980526,162362.24512,162396.20096,33.955839999980526,3,3.9462404011212744,RankSurprise
microVA_L_1-3+,3,162803.87584,163288.22784,484.3520000000135,162803.87584,163288.22784,484.3520000000135,10,3.90073038962435,RankSurprise
microVA_L_1-3+,3,177149.46048,177242.3168,92.85631999999168,177149.46048,177242.3168,92.85631999999168,4,3.5751542443255993,RankSurprise
microVA_L_1-3+,3,179148.67712,180373.9136,1225.2364799999923,179148.67712,180373.9136,1225.2364799999923,22,5.115080380006471,RankSurprise
microVA_L_1-3+,3,180560.4864,180588.9536,28.46720000001369,180560.4864,180588.9536,28.46720000001369,3,4.369245660262342,RankSurprise
microVA_L_1-3+,3,180958.33088,181155.55328,197.22239999999874,180958.33088,181155.55328,197.22239999999874,6,3.916958513123196,RankSurprise
microVA_L_1-3+,3,185642.06592,185727.71328,85.64736000000266,185642.06592,185727.71328,85.64736000000266,4,3.8663588110774434,RankSurprise
microVA_L_1-3+,3,187700.38784,187845.87776,145.4899199999927,187700.38784,187845.87776,145.4899199999927,5,3.825469955537695,RankSurprise
microVA_L_1-3+,3,195642.44992,195763.97824,121.52831999998307,195642.44992,195763.97824,121.52831999998307,5,4.49368643729683,RankSurprise
microVA_L_1-3+,3,198633.51296,198776.54528,143.03231999999844,198633.51296,198776.54528,143.03231999999844,6,5.6531088813439325,RankSurprise
microVA_L_1-3+,3,200461.23008,200501.4528,40.22271999999066,200461.23008,200501.4528,40.22271999999066,3,3.6475876474075246,RankSurprise
microVA_L_1-3+,3,204600.44288,204620.75904,20.31616000001668,204600.44288,204620.75904,20.31616000001668,3,5.197510987100893,RankSurprise
microVA_L_1-3+,3,207619.85024,207779.30752,159.45728000000236,207619.85024,207779.30752,159.45728000000236,8,9.085273556453132,RankSurprise
microVA_L_1-3+,3,211158.75328,211194.4704,35.71711999998661,211158.75328,211194.4704,35.71711999998661,3,3.910408800073606,RankSurprise
microVA_L_1-3+,3,211914.09664,212245.01248,330.9158400000015,211914.09664,212245.01248,330.9158400000015,8,4.09948215426659,RankSurprise
microVA_L_1-3+,3,212982.08768,213021.65504,39.56736000001547,212982.08768,213021.65504,39.56736000001547,3,3.7196415868043644,RankSurprise
microVA_L_1-3+,3,213867.43808,213957.75488,90.31680000000051,213867.43808,213957.75488,90.31680000000051,4,3.6679083844012155,RankSurprise
microVA_L_1-3+,3,214501.5808,214521.36448,19.783679999993183,214501.5808,214521.36448,19.783679999993183,3,5.279027172447703,RankSurprise
microVA_L_1-3+,3,218447.01184,218712.14592,265.134080000018,218447.01184,218712.14592,265.134080000018,7,3.743787720715042,RankSurprise
microVA_L_1-3+,3,223490.33472,223518.47424,28.139519999996992,223490.33472,223518.47424,28.139519999996992,4,7.590014309813338,RankSurprise
microVA_L_1-3+,3,225419.0592,225452.2368,33.17760000002454,225419.0592,225452.2368,33.17760000002454,3,4.089280168866404,RankSurprise
microVA_L_1-3+,3,225835.90912,225908.40832,72.4991999999911,225835.90912,225908.40832,72.4991999999911,4,4.428847638207355,RankSurprise
microVA_L_1-3+,3,228535.7056,228592.18944,56.48384000000078,228535.7056,228592.18944,56.48384000000078,4,5.184125690641988,RankSurprise
microVA_L_1-3+,3,230972.57984,231120.24064,147.6608000000124,230972.57984,231120.24064,147.6608000000124,6,5.446156784394795,RankSurprise
microVA_L_1-3+,3,236111.95392,236254.0032,142.04928000000655,236111.95392,236254.0032,142.04928000000655,6,5.635850949258554,RankSurprise
microVA_L_1-3+,3,237976.82176,238121.49248,144.67071999999462,237976.82176,238121.49248,144.67071999999462,5,3.7696410498784374,RankSurprise
microVA_L_1-3+,3,239350.00576,239386.09152,36.085759999987204,239350.00576,239386.09152,36.085759999987204,3,3.9331363323488002,RankSurprise
microVA_L_1-3+,3,241572.74112,241835.54048,262.7993600000045,241572.74112,241835.54048,262.7993600000045,7,3.7754673663751763,RankSurprise
microVA_L_1-3+,3,243799.53152,243930.112,130.58048000000417,243799.53152,243930.112,130.58048000000417,5,4.201168531720533,RankSurprise
microVA_L_1-3+,3,244919.45984,245026.11968,106.65984000000753,244919.45984,245026.11968,106.65984000000753,6,7.182625313733247,RankSurprise
microVA_L_1-3+,3,246710.59968,246820.74112,110.14143999997759,246710.59968,246820.74112,110.14143999997759,5,4.951708903327987,RankSurprise
microVA_L_1-3+,3,249320.52992,249381.84704,61.31711999999243,249320.52992,249381.84704,61.31711999999243,4,4.8897438788951035,RankSurprise
microVA_L_1-3+,3,254195.75296,254211.03104,15.278079999989131,254195.75296,254211.03104,15.278079999989131,3,5.827902735990731,RankSurprise
microVA_L_1-3+,3,265570.05824,265610.15808,40.09984000003897,265570.05824,265610.15808,40.09984000003897,3,3.6963006821923745,RankSurprise
microVA_L_1-3+,3,278368.58368,278449.7664,81.18272000004072,278368.58368,278449.7664,81.18272000004072,5,6.276311116769371,RankSurprise
microVA_L_1-3+,3,282033.52064,282179.09248,145.5718399999896,282033.52064,282179.09248,145.5718399999896,5,3.7666453555230213,RankSurprise
microVA_L_1-3+,3,288177.3568,288302.4896,125.13279999996303,288177.3568,288302.4896,125.13279999996303,6,6.3773387079787796,RankSurprise
microVA_L_1-3+,3,293897.46176,293987.7376,90.27584000001661,293897.46176,293987.7376,90.27584000001661,4,3.676980059688468,RankSurprise
microVA_L_1-3+,3,294973.48096,295068.8768,95.39584000001196,294973.48096,295068.8768,95.39584000001196,4,3.5263726707417824,RankSurprise
microVA_L_1-3+,3,297658.12224,297729.06496,70.94271999999182,297658.12224,297729.06496,70.94271999999182,5,6.887076732588305,RankSurprise
microVA_L_1-3+,3,298420.06016,298509.312,89.25183999998262,298420.06016,298509.312,89.25183999998262,4,3.7301437006585196,RankSurprise
microVA_L_1-3+,3,298857.2672,298895.40096,38.13375999999698,298857.2672,298895.40096,38.13375999999698,3,3.7462298806294623,RankSurprise
microVA_L_1-3+,3,307613.81888,307701.88288,88.06400000001304,307613.81888,307701.88288,88.06400000001304,4,3.7673650313495735,RankSurprise
microVA_L_1-3+,3,313016.81152,313034.79296,17.981440000003204,313016.81152,313034.79296,17.981440000003204,3,5.480879582215987,RankSurprise
microVA_L_1-3+,3,315103.10912,315321.50784,218.3987199999974,315103.10912,315321.50784,218.3987199999974,8,6.670627699961854,RankSurprise
microVA_L_1-3+,3,317020.40576,317059.03104,38.625279999978375,317020.40576,317059.03104,38.625279999978375,3,3.7079370848092292,RankSurprise
microVA_L_1-3+,3,322536.6528,322879.11936,342.46656000002986,322536.6528,322879.11936,342.46656000002986,8,3.8370693010035817,RankSurprise
microVA_L_1-3+,3,326940.34432,327615.2832,674.9388800000306,326940.34432,327615.2832,674.9388800000306,13,4.237740933315758,RankSurprise
microVA_L_1-3+,3,329701.74464,329768.3456,66.60096000001067,329701.74464,329768.3456,66.60096000001067,4,4.7126778719321045,RankSurprise
microVA_L_1-3+,3,332992.96256,333137.22368,144.26111999998102,332992.96256,333137.22368,144.26111999998102,5,3.7906739658983994,RankSurprise
microVA_L_1-3+,3,341291.008,341401.92768,110.91968000005,341291.008,341401.92768,110.91968000005,6,7.010857499394568,RankSurprise
microVA_L_1-3+,3,346303.32416,346813.19424,509.8700799999642,346303.32416,346813.19424,509.8700799999642,11,4.32572116163256,RankSurprise
microVA_L_1-3+,3,350945.28,350985.29792,40.017919999954756,350945.28,350985.29792,40.017919999954756,3,3.6334832095821223,RankSurprise
microVA_L_1-3+,3,360402.1248,360410.3168,8.191999999980908,360402.1248,360410.3168,8.191999999980908,3,7.450834106527749,RankSurprise
microVA_L_1-3+,3,362160.82432,362241.67936,80.85503999999491,362160.82432,362241.67936,80.85503999999491,5,6.27911616769698,RankSurprise
microVA_L_1-3+,3,365973.9136,366055.8336,81.9199999999837,365973.9136,366055.8336,81.9199999999837,4,3.917108246400879,RankSurprise
microVA_L_1-3+,3,368031.1296,368405.79072,374.6611200000043,368031.1296,368405.79072,374.6611200000043,9,4.210052891042522,RankSurprise
microVA_L_1-3+,3,372461.52704,372532.92032,71.39327999996021,372461.52704,372532.92032,71.39327999996021,4,4.417197133442599,RankSurprise
microVA_L_1-3+,3,372953.12896,372993.67936,40.55040000000736,372953.12896,372993.67936,40.55040000000736,3,3.625068045763747,RankSurprise
microVA_L_1-3+,3,373854.33088,374008.50432,154.1734399999841,373854.33088,374008.50432,154.1734399999841,6,5.26339711142905,RankSurprise
microVA_L_1-3+,3,374882.95936,374952.22272,69.26336000004085,374882.95936,374952.22272,69.26336000004085,4,4.560081340467196,RankSurprise
microVA_L_1-3+,4,16397.7216,16430.36672,32.64512000000104,16397.7216,16430.36672,32.64512000000104,3,4.807386436346956,RankSurprise
microVA_L_1-3+,4,27015.74144,27061.49376,45.7523199999996,27015.74144,27061.49376,45.7523199999996,4,6.926004011946912,RankSurprise
microVA_L_1-3+,4,28070.2976,28448.07168,377.77407999999923,28070.2976,28448.07168,377.77407999999923,10,9.644058999546372,RankSurprise
microVA_L_1-3+,4,44002.75456,44023.43936,20.684799999995448,44002.75456,44023.43936,20.684799999995448,3,6.147484668474462,RankSurprise
microVA_L_1-3+,4,45871.43168,45925.7856,54.35392000000138,45871.43168,45925.7856,54.35392000000138,3,3.8129280098154297,RankSurprise
microVA_L_1-3+,4,51085.9264,51205.44768,119.52128000000084,51085.9264,51205.44768,119.52128000000084,4,4.1159828890460695,RankSurprise
microVA_L_1-3+,4,58671.9232,58769.2032,97.28000000000611,58671.9232,58769.2032,97.28000000000611,4,4.592879643019742,RankSurprise
microVA_L_1-3+,4,60599.25504,60624.73216,25.477120000003197,60599.25504,60624.73216,25.477120000003197,3,5.381024955283049,RankSurprise
microVA_L_1-3+,4,70731.3664,70844.17024,112.80384000000777,70731.3664,70844.17024,112.80384000000777,5,6.493130190530778,RankSurprise
microVA_L_1-3+,4,81364.82816,81383.30112,18.472959999999148,81364.82816,81383.30112,18.472959999999148,3,6.294923913713733,RankSurprise
microVA_L_1-3+,4,84041.23648,85758.81216,1717.5756799999945,84041.23648,85758.81216,1717.5756799999945,22,9.03453522897138,RankSurprise
microVA_L_1-3+,4,86302.55616,86448.25088,145.69472000001406,86302.55616,86448.25088,145.69472000001406,8,12.611854818091032,RankSurprise
microVA_L_1-3+,4,87110.12352,87150.55104,40.42752000001201,87110.12352,87150.55104,40.42752000001201,3,4.312852124719283,RankSurprise
microVA_L_1-3+,4,89779.97824,89823.76448,43.78624000000127,89779.97824,89823.76448,43.78624000000127,3,4.194707086195834,RankSurprise
microVA_L_1-3+,4,114604.4416,115070.48448,466.0428799999936,114604.4416,115070.48448,466.0428799999936,7,3.524255511316083,RankSurprise
microVA_L_1-3+,4,116794.40896,116981.76,187.3510399999941,116794.40896,116981.76,187.3510399999941,6,6.538722533115902,RankSurprise
microVA_L_1-3+,4,118553.8048,118601.85088,48.046080000000075,118553.8048,118601.85088,48.046080000000075,3,3.8968114903640334,RankSurprise
microVA_L_1-3+,4,121367.63392,121412.15744,44.52352000000246,121367.63392,121412.15744,44.52352000000246,3,4.09767279322498,RankSurprise
microVA_L_1-3+,4,134308.49536,134415.72864,107.23327999998583,134308.49536,134415.72864,107.23327999998583,4,4.358994606655649,RankSurprise
microVA_L_1-3+,4,153622.97856,153629.16352,6.184960000013234,153622.97856,153629.16352,6.184960000013234,3,9.192007106197885,RankSurprise
microVA_L_1-3+,4,161902.55104,162163.99872,261.44768000001204,161902.55104,162163.99872,261.44768000001204,6,4.74122787983166,RankSurprise
microVA_L_1-3+,4,169589.18656,169627.72992,38.54336000001058,169589.18656,169627.72992,38.54336000001058,3,4.429796172047613,RankSurprise
microVA_L_1-3+,4,179637.69856,179860.56192,222.86336000001756,179637.69856,179860.56192,222.86336000001756,5,3.8331338143247784,RankSurprise
microVA_L_1-3+,4,180919.37792,181169.88928,250.51136000000406,180919.37792,181169.88928,250.51136000000406,14,22.57812637838626,RankSurprise
microVA_L_1-3+,4,182410.19904,182459.06432,48.865279999998165,182410.19904,182459.06432,48.865279999998165,3,3.9034121743953847,RankSurprise
microVA_L_1-3+,4,188764.73344,188927.67232,162.93888000000152,188764.73344,188927.67232,162.93888000000152,5,4.878370450813158,RankSurprise
microVA_L_1-3+,4,211121.31584,211162.35776,41.04192000001785,211121.31584,211162.35776,41.04192000001785,3,4.337342328645873,RankSurprise
microVA_L_1-3+,4,213030.83008,213051.43296,20.602879999991274,213030.83008,213051.43296,20.602879999991274,4,9.988598386999026,RankSurprise
microVA_L_1-3+,4,215107.25632,215156.77696,49.52064000000246,215107.25632,215156.77696,49.52064000000246,3,3.9774949278398495,RankSurprise
microVA_L_1-3+,4,223693.33248,223736.79104,43.458559999999125,223693.33248,223736.79104,43.458559999999125,3,4.164345862511702,RankSurprise
microVA_L_1-3+,4,228301.90592,228335.49312,33.587200000009034,228301.90592,228335.49312,33.587200000009034,3,4.666977035224672,RankSurprise
microVA_L_1-3+,4,232912.85504,233255.36256,342.50752000001376,232912.85504,233255.36256,342.50752000001376,6,3.7091439201441263,RankSurprise
microVA_L_1-3+,4,236154.30656,236248.18688,93.88031999999657,236154.30656,236248.18688,93.88031999999657,5,7.089002931988773,RankSurprise
microVA_L_1-3+,4,241604.77184,241672.15104,67.37919999999576,241604.77184,241672.15104,67.37919999999576,4,5.761518631273997,RankSurprise
microVA_L_1-3+,4,261724.44672,261824.9216,100.4748799999943,261724.44672,261824.9216,100.4748799999943,7,12.309557741291847,RankSurprise
microVA_L_1-3+,4,263140.18816,263227.96544,87.77727999998024,263140.18816,263227.96544,87.77727999998024,4,4.907835941839885,RankSurprise
microVA_L_1-3+,4,271722.82368,271861.80096,138.9772800000501,271722.82368,271861.80096,138.9772800000501,4,3.6858154117047697,RankSurprise
microVA_L_1-3+,4,281374.84288,281593.20064,218.3577599999844,281374.84288,281593.20064,218.3577599999844,5,4.3536509694404195,RankSurprise
microVA_L_1-3+,4,296944.4352,297083.24864,138.81343999999808,296944.4352,297083.24864,138.81343999999808,4,3.7964447221320405,RankSurprise
microVA_L_1-3+,4,314966.58944,315469.33248,502.7430399999721,314966.58944,315469.33248,502.7430399999721,11,9.23066586264715,RankSurprise
microVA_L_1-3+,4,316562.59584,316849.84832,287.25247999996645,316562.59584,316849.84832,287.25247999996645,6,4.585775296340606,RankSurprise
microVA_L_1-3+,4,329618.8416,330108.7232,489.88160000002244,329618.8416,330108.7232,489.88160000002244,8,4.737708100571935,RankSurprise
microVA_L_1-3+,4,333384.17152,333704.15104,319.9795200000517,333384.17152,333704.15104,319.9795200000517,8,7.073780237856041,RankSurprise
microVA_L_1-3+,4,335390.3104,335488.86016,98.54975999996532,335390.3104,335488.86016,98.54975999996532,4,4.685511540475915,RankSurprise
microVA_L_1-3+,4,340122.54208,340310.67136,188.12927999999374,340122.54208,340310.67136,188.12927999999374,6,6.321998520826348,RankSurprise
microVA_L_1-3+,4,346667.45856,346770.0224,102.56384000001708,346667.45856,346770.0224,102.56384000001708,4,4.592879643019742,RankSurprise
microVA_L_1-3+,4,349138.41152,349157.90848,19.49695999996038,349138.41152,349157.90848,19.49695999996038,3,6.107281294450271,RankSurprise
microVA_L_1-3+,4,351671.17312,351746.12992,74.95679999998538,351671.17312,351746.12992,74.95679999998538,4,5.395725190950955,RankSurprise
microVA_L_1-3+,4,352659.98848,352709.2224,49.233920000027865,352659.98848,352709.2224,49.233920000027865,3,3.916679257874547,RankSurprise
microVA_L_1-3+,4,357554.87232,357613.568,58.69568000000436,357554.87232,357613.568,58.69568000000436,3,3.6903779069640574,RankSurprise
microVA_L_1-3+,4,364089.63072,364142.55104,52.92031999997562,364089.63072,364142.55104,52.92031999997562,3,3.8447758972909067,RankSurprise
microVA_L_1-3+,4,366133.41184,366365.45024,232.03839999996126,366133.41184,366365.45024,232.03839999996126,5,3.6857081902525834,RankSurprise
microVA_L_1-3+,4,367092.9408,368283.27936,1190.3385600000038,367092.9408,368283.27936,1190.3385600000038,13,3.6285659812698,RankSurprise
microVA_L_1-3+,4,373796.37248,374074.44992,278.07743999996455,373796.37248,374074.44992,278.07743999996455,6,4.721529874413035,RankSurprise
microVA_L_2-3+,0,5472.41984,5539.26656,66.84672000000046,5472.41984,5539.26656,66.84672000000046,3,4.119950309621581,RankSurprise
microVA_L_2-3+,0,13350.74816,13359.80032,9.052160000001095,13350.74816,13359.80032,9.052160000001095,3,8.157064012609418,RankSurprise
microVA_L_2-3+,0,19733.95456,19991.22432,257.26976000000286,19733.95456,19991.22432,257.26976000000286,5,4.739039217396137,RankSurprise
microVA_L_2-3+,0,45289.84064,45378.1504,88.30975999999646,45289.84064,45378.1504,88.30975999999646,5,8.565081905240497,RankSurprise
microVA_L_2-3+,0,51983.68768,52140.8512,157.1635199999946,51983.68768,52140.8512,157.1635199999946,4,4.286963227610979,RankSurprise
microVA_L_2-3+,0,64740.88448,65036.12416,295.23967999999877,64740.88448,65036.12416,295.23967999999877,5,4.102268229445663,RankSurprise
microVA_L_2-3+,0,85642.73152,85709.16864,66.43712000000232,85642.73152,85709.16864,66.43712000000232,3,4.037746529455937,RankSurprise
microVA_L_2-3+,0,87630.68416,87815.70048,185.01631999999518,87630.68416,87815.70048,185.01631999999518,5,5.981016801928789,RankSurprise
microVA_L_2-3+,0,88307.38432,88354.28352,46.89919999999984,88307.38432,88354.28352,46.89919999999984,4,7.868188381919968,RankSurprise
microVA_L_2-3+,0,91307.29472,91372.544,65.24927999998908,91307.29472,91372.544,65.24927999998908,3,4.186307479804409,RankSurprise
microVA_L_2-3+,0,96433.88928,96592.56832,158.67904000000271,96433.88928,96592.56832,158.67904000000271,4,4.258144491276173,RankSurprise
microVA_L_2-3+,0,99228.83584,99302.52288,73.68704000000434,99228.83584,99302.52288,73.68704000000434,3,3.793745776532152,RankSurprise
microVA_L_2-3+,0,139162.50112,139194.53184,32.03072000000975,139162.50112,139194.53184,32.03072000000975,3,5.483085243417731,RankSurprise
microVA_L_2-3+,0,147741.20448,147921.1008,179.89631999999983,147741.20448,147921.1008,179.89631999999983,5,6.161134485782867,RankSurprise
microVA_L_2-3+,0,160217.4976,160385.31072,167.81312000000617,160217.4976,160385.31072,167.81312000000617,4,4.096244370592437,RankSurprise
microVA_L_2-3+,0,162589.85984,162606.53056,16.67072000002372,162589.85984,162606.53056,16.67072000002372,3,6.823879476803473,RankSurprise
microVA_L_2-3+,0,179131.76064,179302.93248,171.17183999999543,179131.76064,179302.93248,171.17183999999543,5,6.196722049981943,RankSurprise
microVA_L_2-3+,0,181948.66176,183071.04768,1122.3859200000006,181948.66176,183071.04768,1122.3859200000006,12,6.128923400205125,RankSurprise
microVA_L_2-3+,0,188539.41248,188850.62656,311.2140800000052,188539.41248,188850.62656,311.2140800000052,5,3.960807638497517,RankSurprise
microVA_L_2-3+,0,204529.13152,204614.57408,85.44255999999586,204529.13152,204614.57408,85.44255999999586,4,6.219492545184121,RankSurprise
microVA_L_2-3+,0,208644.05504,209285.3248,641.2697599999956,208644.05504,209285.3248,641.2697599999956,7,3.7837193402626434,RankSurprise
microVA_L_2-3+,0,209969.88928,210184.35584,214.46656000000075,209969.88928,210184.35584,214.46656000000075,6,7.447791195475212,RankSurprise
microVA_L_2-3+,0,223330.59072,223430.57408,99.9833599999838,223330.59072,223430.57408,99.9833599999838,5,8.113377722959825,RankSurprise
microVA_L_2-3+,0,233003.90912,233148.53888,144.62976000001072,233003.90912,233148.53888,144.62976000001072,4,4.559603531772215,RankSurprise
microVA_L_2-3+,0,246700.31872,247290.71616,590.3974400000006,246700.31872,247290.71616,590.3974400000006,7,4.2869805564745525,RankSurprise
microVA_L_2-3+,0,261456.32256,261510.79936,54.476800000004005,261456.32256,261510.79936,54.476800000004005,3,4.476221696040129,RankSurprise
microVA_L_2-3+,0,262641.8688,262830.8992,189.03039999998873,262641.8688,262830.8992,189.03039999998873,6,7.927922078923537,RankSurprise
microVA_L_2-3+,0,265493.25824,265546.3424,53.08416000002762,265493.25824,265546.3424,53.08416000002762,3,4.399709062203307,RankSurprise
microVA_L_2-3+,0,282646.48704,282684.45696,37.969920000003185,282646.48704,282684.45696,37.969920000003185,3,5.144721684489806,RankSurprise
microVA_L_2-3+,0,286485.66784,286568.8576,83.18975999997929,286485.66784,286568.8576,83.18975999997929,3,3.6193923893873734,RankSurprise
microVA_L_2-3+,0,291775.03744,291852.73856,77.70112000004156,291775.03744,291852.73856,77.70112000004156,4,6.219492545184121,RankSurprise
microVA_L_2-3+,0,298768.384,298837.64736,69.26335999998264,298768.384,298837.64736,69.26335999998264,3,3.933147033601326,RankSurprise
microVA_L_2-3+,0,311185.69472,313106.14528,1920.4505599999684,311185.69472,313106.14528,1920.4505599999684,16,6.2805474926486475,RankSurprise
microVA_L_2-3+,0,325445.46816,325505.31072,59.84256000001915,325445.46816,325505.31072,59.84256000001915,3,4.274992497352066,RankSurprise
microVA_L_2-3+,0,328856.576,328932.47488,75.89887999999337,328856.576,328932.47488,75.89887999999337,4,6.366415949908099,RankSurprise
microVA_L_2-3+,0,331122.76992,331655.7824,533.012480000034,331122.76992,331655.7824,533.012480000034,6,4.007461312240059,RankSurprise
microVA_L_2-3+,0,332855.13216,333456.1792,601.047040000034,332855.13216,333456.1792,601.047040000034,7,4.009722165281851,RankSurprise
microVA_L_2-3+,0,363731.47648,363922.92352,191.4470399999991,363731.47648,363922.92352,191.4470399999991,5,5.725191069674814,RankSurprise
microVA_L_2-3+,0,365111.25504,365318.26688,207.01183999999193,365111.25504,365318.26688,207.01183999999193,4,3.615215519987512,RankSurprise
microVA_L_2-3+,0,366155.07968,366935.20384,780.1241599999485,366155.07968,366935.20384,780.1241599999485,9,5.260916392960466,RankSurprise
microVA_L_2-3+,0,372977.664,373643.4688,665.8047999999835,372977.664,373643.4688,665.8047999999835,7,4.182902220164079,RankSurprise
microVA_L_2-3+,3,16534.1184,16602.03008,67.91168000000107,16534.1184,16602.03008,67.91168000000107,4,3.545422871647194,RankSurprise
microVA_L_2-3+,3,17068.68736,17124.88448,56.19712000000072,17068.68736,17124.88448,56.19712000000072,4,4.009127141052332,RankSurprise
microVA_L_2-3+,3,26785.9968,26840.2688,54.272000000000844,26785.9968,26840.2688,54.272000000000844,4,4.089084513250793,RankSurprise
microVA_L_2-3+,3,27015.74144,27069.93152,54.19007999999667,27015.74144,27069.93152,54.19007999999667,4,4.123494799258843,RankSurprise
microVA_L_2-3+,3,28127.27296,28237.53728,110.26432000000204,28127.27296,28237.53728,110.26432000000204,5,3.5333118133423334,RankSurprise
microVA_L_2-3+,3,34307.80928,34356.6336,48.824319999999716,34307.80928,34356.6336,48.824319999999716,4,4.43007923401202,RankSurprise
microVA_L_2-3+,3,39079.48544,39245.16864,165.68320000000676,39079.48544,39245.16864,165.68320000000676,7,5.009055629198063,RankSurprise
microVA_L_2-3+,3,41370.91072,41654.39488,283.48416,41370.91072,41654.39488,283.48416,9,4.2818334478363855,RankSurprise
microVA_L_2-3+,3,43996.28288,44049.408,53.125120000004245,43996.28288,44049.408,53.125120000004245,4,4.089084513250793,RankSurprise
microVA_L_2-3+,3,45346.6112,45413.86752,67.25632000000041,45346.6112,45413.86752,67.25632000000041,5,5.430076680620591,RankSurprise
microVA_L_2-3+,3,45856.23552,45883.10528,26.869760000001406,45856.23552,45883.10528,26.869760000001406,3,3.6880890602349794,RankSurprise
microVA_L_2-3+,3,46449.00864,46500.82304,51.814400000002934,46449.00864,46500.82304,51.814400000002934,4,4.13078963747715,RankSurprise
microVA_L_2-3+,3,46730.6496,46837.10464,106.45504000000074,46730.6496,46837.10464,106.45504000000074,5,3.5651600943438204,RankSurprise
microVA_L_2-3+,3,48061.31712,48223.31392,161.9968000000008,48061.31712,48223.31392,161.9968000000008,6,3.616882779370876,RankSurprise
microVA_L_2-3+,3,49041.32608,49352.86784,311.54176000000007,49041.32608,49352.86784,311.54176000000007,14,10.41540854420389,RankSurprise
microVA_L_2-3+,3,51029.8112,51194.14272,164.331520000007,51029.8112,51194.14272,164.331520000007,7,4.767567760771643,RankSurprise
microVA_L_2-3+,3,54250.37312,54269.50144,19.12832000000344,54250.37312,54269.50144,19.12832000000344,3,4.3025098946185025,RankSurprise
microVA_L_2-3+,3,58664.42752,58689.37216,24.944640000001527,58664.42752,58689.37216,24.944640000001527,4,6.431854245005294,RankSurprise
microVA_L_2-3+,3,59842.84672,59858.28864,15.44191999999748,59842.84672,59858.28864,15.44191999999748,3,4.761987550805928,RankSurprise
microVA_L_2-3+,3,60541.5424,61183.63136,642.088960000001,60541.5424,61183.63136,642.088960000001,19,8.427844810421357,RankSurprise
microVA_L_2-3+,3,67683.36896,67912.54016,229.17119999999704,67683.36896,67912.54016,229.17119999999704,10,6.812802268618569,RankSurprise
microVA_L_2-3+,3,70731.40736,70827.17184,95.764479999998,70731.40736,70827.17184,95.764479999998,5,4.162235950082618,RankSurprise
microVA_L_2-3+,3,74324.62336,74351.12448,26.50112000000081,74324.62336,74351.12448,26.50112000000081,3,3.6831046320441256,RankSurprise
microVA_L_2-3+,3,75730.61632,75825.84832,95.23200000000361,75730.61632,75825.84832,95.23200000000361,5,4.411120084282725,RankSurprise
microVA_L_2-3+,3,77518.47936,77527.12192,8.642560000007506,77518.47936,77527.12192,8.642560000007506,3,6.103956139896352,RankSurprise
microVA_L_2-3+,3,79420.25216,79561.3184,141.0662400000001,79420.25216,79561.3184,141.0662400000001,6,3.913300154914974,RankSurprise
microVA_L_2-3+,3,80383.26272,80402.55488,19.29215999999724,80383.26272,80402.55488,19.29215999999724,4,7.3437908916114765,RankSurprise
microVA_L_2-3+,3,82781.75744,82847.70304,65.94559999999183,82781.75744,82847.70304,65.94559999999183,4,3.5559571205062106,RankSurprise
microVA_L_2-3+,3,83617.792,84076.58496,458.7929599999916,83617.792,84076.58496,458.7929599999916,12,3.836560100744023,RankSurprise
microVA_L_2-3+,3,84226.08896,84884.02944,657.9404800000048,84226.08896,84884.02944,657.9404800000048,18,7.35834333165352,RankSurprise
microVA_L_2-3+,3,86238.65856,86332.0064,93.34784000000218,86238.65856,86332.0064,93.34784000000218,5,4.159381355394746,RankSurprise
microVA_L_2-3+,3,90554.20416,90775.3472,221.14304000000993,90554.20416,90775.3472,221.14304000000993,12,10.76150063636881,RankSurprise
microVA_L_2-3+,3,93061.89824,93067.4688,5.57056000000739,93061.89824,93067.4688,5.57056000000739,3,7.61517192516242,RankSurprise
microVA_L_2-3+,3,93706.0352,93855.78496,149.74976000000606,93706.0352,93855.78496,149.74976000000606,7,5.189172067659115,RankSurprise
microVA_L_2-3+,3,99226.37824,99288.30976,61.93151999999827,99226.37824,99288.30976,61.93151999999827,4,3.581695359964293,RankSurprise
microVA_L_2-3+,3,101354.53696,101550.85824,196.32128000000375,101354.53696,101550.85824,196.32128000000375,7,4.14047314585128,RankSurprise
microVA_L_2-3+,3,104358.05184,104377.1392,19.087360000004992,104358.05184,104377.1392,19.087360000004992,3,4.30930684744313,RankSurprise
microVA_L_2-3+,3,108428.65664,108437.7088,9.052159999992,108428.65664,108437.7088,9.052159999992,3,6.154699046246451,RankSurprise
microVA_L_2-3+,3,119119.74912,119144.2432,24.494080000004033,119119.74912,119144.2432,24.494080000004033,4,6.4794114388985875,RankSurprise
microVA_L_2-3+,3,120741.15072,120916.992,175.84127999999328,120741.15072,120916.992,175.84127999999328,9,7.607992925092133,RankSurprise
microVA_L_2-3+,3,121311.60064,121412.11648,100.51583999999275,121311.60064,121412.11648,100.51583999999275,5,3.7785945847788405,RankSurprise
microVA_L_2-3+,3,122658.65216,122757.07904,98.42687999999907,122658.65216,122757.07904,98.42687999999907,5,3.850586066458046,RankSurprise
microVA_L_2-3+,3,131270.73792,131278.0288,7.290879999985918,131270.73792,131278.0288,7.290879999985918,3,6.8191008233498405,RankSurprise
microVA_L_2-3+,3,133330.37056,133522.26816,191.8975999999966,133330.37056,133522.26816,191.8975999999966,7,3.9608728913515465,RankSurprise
microVA_L_2-3+,3,134351.50336,134353.67424,2.170879999990575,134351.50336,134353.67424,2.170879999990575,3,11.857051928093059,RankSurprise
microVA_L_2-3+,3,138456.30976,138478.87872,22.568960000004154,138456.30976,138478.87872,22.568960000004154,4,6.703272447285599,RankSurprise
microVA_L_2-3+,3,141394.04288,141417.92256,23.87968000001274,141394.04288,141417.92256,23.87968000001274,3,3.8356333619572016,RankSurprise
microVA_L_2-3+,3,149986.63168,150048.84992,62.21824000001652,149986.63168,150048.84992,62.21824000001652,4,3.612261090690474,RankSurprise
microVA_L_2-3+,3,156093.97248,156341.0432,247.0707199999888,156093.97248,156341.0432,247.0707199999888,8,3.821326644932138,RankSurprise
microVA_L_2-3+,3,157214.9248,157232.9472,18.0223999999871,157214.9248,157232.9472,18.0223999999871,3,4.479773904702535,RankSurprise
microVA_L_2-3+,3,159095.3984,159104.8192,9.420799999992596,159095.3984,159104.8192,9.420799999992596,3,5.875360255057158,RankSurprise
microVA_L_2-3+,3,162083.26656,162126.19264,42.92608000000473,162083.26656,162126.19264,42.92608000000473,4,4.76482452281876,RankSurprise
microVA_L_2-3+,3,164811.65312,164871.9872,60.33408000000054,164811.65312,164871.9872,60.33408000000054,4,3.827150099491199,RankSurprise
microVA_L_2-3+,3,169243.4432,169402.94144,159.49823999998625,169243.4432,169402.94144,159.49823999998625,7,5.032231348792609,RankSurprise
microVA_L_2-3+,3,169901.4656,169964.38016,62.91456000000471,169901.4656,169964.38016,62.91456000000471,5,5.699682334019215,RankSurprise
microVA_L_2-3+,3,175753.74848,175780.82304,27.0745599999791,175753.74848,175780.82304,27.0745599999791,3,3.6706976395902675,RankSurprise
microVA_L_2-3+,3,176944.04608,177025.024,80.97792000000481,176944.04608,177025.024,80.97792000000481,5,4.689534372280072,RankSurprise
microVA_L_2-3+,3,178066.59584,178078.63808,12.04224000000977,178066.59584,178078.63808,12.04224000000977,3,5.319643912560663,RankSurprise
microVA_L_2-3+,3,178543.65696,178670.14144,126.48448000001372,178543.65696,178670.14144,126.48448000001372,7,6.25890421846726,RankSurprise
microVA_L_2-3+,3,179673.12896,179860.52096,187.39199999999255,179673.12896,179860.52096,187.39199999999255,8,5.589315394900194,RankSurprise
microVA_L_2-3+,3,181096.2432,181188.44416,92.2009600000165,181096.2432,181188.44416,92.2009600000165,5,4.041291580092061,RankSurprise
microVA_L_2-3+,3,189491.15904,189502.30016,11.14112000001478,189491.15904,189502.30016,11.14112000001478,3,5.527546516591238,RankSurprise
microVA_L_2-3+,3,212300.67712,212488.84736,188.17024000000674,212300.67712,212488.84736,188.17024000000674,7,4.116444381246642,RankSurprise
microVA_L_2-3+,3,223594.7008,223789.50656,194.80576000001747,223594.7008,223789.50656,194.80576000001747,7,3.9725065904113714,RankSurprise
microVA_L_2-3+,3,229830.0416,229993.59488,163.5532799999928,229830.0416,229993.59488,163.5532799999928,7,4.9198130924245085,RankSurprise
microVA_L_2-3+,3,230917.40672,231100.29312,182.8863999999885,230917.40672,231100.29312,182.8863999999885,7,3.9534838366377034,RankSurprise
microVA_L_2-3+,3,231633.05984,231761.1008,128.0409599999839,231633.05984,231761.1008,128.0409599999839,6,4.413872858795706,RankSurprise
microVA_L_2-3+,3,233566.12608,233626.17344,60.04736000002595,233566.12608,233626.17344,60.04736000002595,4,3.7201695374673456,RankSurprise
microVA_L_2-3+,3,239512.576,239602.03264,89.45663999998942,239512.576,239602.03264,89.45663999998942,5,4.475452327088366,RankSurprise
microVA_L_2-3+,3,243674.03008,244088.29952,414.26944000000367,243674.03008,244088.29952,414.26944000000367,13,6.041111306958688,RankSurprise
microVA_L_2-3+,3,245244.14976,245262.09024,17.940479999990202,245244.14976,245262.09024,17.940479999990202,3,4.483484484099071,RankSurprise
microVA_L_2-3+,3,246886.27712,246909.82912,23.551999999996042,246886.27712,246909.82912,23.551999999996042,3,3.8599579972281415,RankSurprise
microVA_L_2-3+,3,250072.30976,250107.53536,35.225600000005215,250072.30976,250107.53536,35.225600000005215,4,5.397823451795855,RankSurprise
microVA_L_2-3+,3,251191.62368,251202.10944,10.485760000010487,251191.62368,251202.10944,10.485760000010487,3,5.643521333046108,RankSurprise
microVA_L_2-3+,3,263093.69856,263257.45664,163.7580799999996,263093.69856,263257.45664,163.7580799999996,8,6.162877931790706,RankSurprise
microVA_L_2-3+,3,268155.00288,268216.7296,61.72672000003513,268155.00288,268216.7296,61.72672000003513,4,3.822203683524563,RankSurprise
microVA_L_2-3+,3,268814.78656,269762.02752,947.2409600000246,268814.78656,269762.02752,947.2409600000246,20,4.138471744277029,RankSurprise
microVA_L_2-3+,3,271087.4112,271150.44864,63.037440000043716,271087.4112,271150.44864,63.037440000043716,4,3.6199514320606774,RankSurprise
microVA_L_2-3+,3,276205.60896,276263.40352,57.79456000000937,276205.60896,276263.40352,57.79456000000937,4,3.946661018393833,RankSurprise
microVA_L_2-3+,3,276619.8784,276933.0176,313.1392000000342,276619.8784,276933.0176,313.1392000000342,9,4.128938899755358,RankSurprise
microVA_L_2-3+,3,279284.49024,279383.28576,98.79551999998512,279284.49024,279383.28576,98.79551999998512,5,3.9158338604330005,RankSurprise
microVA_L_2-3+,3,282124.9024,282146.73408,21.83168000000296,282124.9024,282146.73408,21.83168000000296,3,3.9804426603622804,RankSurprise
microVA_L_2-3+,3,282608.92672,282778.58304,169.65632000000915,282608.92672,282778.58304,169.65632000000915,6,3.5667767376969555,RankSurprise
microVA_L_2-3+,3,283633.78688,283759.616,125.82911999995122,283633.78688,283759.616,125.82911999995122,9,10.057723897902843,RankSurprise
microVA_L_2-3+,3,285605.19168,285860.78208,255.5903999999864,285605.19168,285860.78208,255.5903999999864,10,5.834445106004415,RankSurprise
microVA_L_2-3+,3,287910.46144,288511.05792,600.5964800000074,287910.46144,288511.05792,600.5964800000074,18,7.474582910057909,RankSurprise
microVA_L_2-3+,3,292019.03616,292038.69696,19.66079999995418,292019.03616,292038.69696,19.66079999995418,3,4.2856178902615785,RankSurprise
microVA_L_2-3+,3,295537.74592,295719.19872,181.45279999997,295537.74592,295719.19872,181.45279999997,6,3.5721957925978858,RankSurprise
microVA_L_2-3+,3,296776.13056,297081.48736,305.35680000000866,296776.13056,297081.48736,305.35680000000866,10,4.75955839491563,RankSurprise
microVA_L_2-3+,3,298926.24384,298937.42592,11.182079999998678,298926.24384,298937.42592,11.182079999998678,3,5.502662776154869,RankSurprise
microVA_L_2-3+,3,301579.83744,301587.2512,7.413760000024922,301579.83744,301587.2512,7.413760000024922,3,6.669604733013818,RankSurprise
microVA_L_2-3+,3,306904.18688,307116.81024,212.62336000002688,306904.18688,307116.81024,212.62336000002688,12,10.969229167213246,RankSurprise
microVA_L_2-3+,3,307469.9264,307483.81184,13.885439999983646,307469.9264,307483.81184,13.885439999983646,3,5.03607628472289,RankSurprise
microVA_L_2-3+,3,307855.23712,308121.8048,266.5676799999783,307855.23712,308121.8048,266.5676799999783,9,5.083076867871998,RankSurprise
microVA_L_2-3+,3,309332.33664,309350.52288,18.186240000010002,309332.33664,309350.52288,18.186240000010002,4,7.576380179931437,RankSurprise
microVA_L_2-3+,3,313162.83392,313181.06112,18.227200000023004,313162.83392,313181.06112,18.227200000023004,3,4.319545785109769,RankSurprise
microVA_L_2-3+,3,315012.99712,315234.38592,221.38879999995697,315012.99712,315234.38592,221.38879999995697,10,7.065707656062088,RankSurprise
microVA_L_2-3+,3,316655.98464,316671.34464,15.360000000044238,316655.98464,316671.34464,15.360000000044238,3,4.6499249258762365,RankSurprise
microVA_L_2-3+,3,317279.76448,317655.8592,376.0947199999937,317279.76448,317655.8592,376.0947199999937,10,3.6667179716646854,RankSurprise
microVA_L_2-3+,3,320240.51712,320721.34656,480.82944000000134,320240.51712,320721.34656,480.82944000000134,15,7.2392000211272345,RankSurprise
microVA_L_2-3+,3,320865.85344,320891.82208,25.96864000003552,320865.85344,320891.82208,25.96864000003552,3,3.6002164441982956,RankSurprise
microVA_L_2-3+,3,322496.55296,322509.08672,12.533760000020266,322496.55296,322509.08672,12.533760000020266,3,5.286076625386817,RankSurprise
microVA_L_2-3+,3,323359.98976,323474.55488,114.56511999998474,323359.98976,323474.55488,114.56511999998474,6,4.93189630288078,RankSurprise
microVA_L_2-3+,3,323795.72224,323869.65504,73.93280000000959,323795.72224,323869.65504,73.93280000000959,5,5.106363702748457,RankSurprise
microVA_L_2-3+,3,327068.672,327224.7296,156.0576000000001,327068.672,327224.7296,156.0576000000001,6,3.5993906362653467,RankSurprise
microVA_L_2-3+,3,334986.4448,335072.74752,86.30271999997785,334986.4448,335072.74752,86.30271999997785,5,4.484727695295096,RankSurprise
microVA_L_2-3+,3,336266.19904,336398.00832,131.80928000004496,336266.19904,336398.00832,131.80928000004496,6,4.352106497925475,RankSurprise
microVA_L_2-3+,3,338727.936,338790.27712,62.34111999999732,338727.936,338790.27712,62.34111999999732,4,3.6633854973448337,RankSurprise
microVA_L_2-3+,3,340159.24224,340250.17344,90.9311999999918,340159.24224,340250.17344,90.9311999999918,5,4.12953046587613,RankSurprise
microVA_L_2-3+,3,340849.17248,340859.0848,9.912320000003092,340849.17248,340859.0848,9.912320000003092,3,5.882822976258748,RankSurprise
microVA_L_2-3+,3,348125.14304,348186.50112,61.358079999976326,348125.14304,348186.50112,61.358079999976326,5,5.862315115984007,RankSurprise
microVA_L_2-3+,3,350145.45408,350165.52448,20.070400000025984,350145.45408,350165.52448,20.070400000025984,3,4.152235052937039,RankSurprise
microVA_L_2-3+,3,350903.21408,351079.424,176.20991999999387,350903.21408,351079.424,176.20991999999387,9,7.228148131129672,RankSurprise
microVA_L_2-3+,3,351238.30784,351456.62464,218.3167999999714,351238.30784,351456.62464,218.3167999999714,8,5.159559604038714,RankSurprise
microVA_L_2-3+,3,351623.24992,351821.78304,198.53312000003643,351623.24992,351821.78304,198.53312000003643,10,8.047059879628891,RankSurprise
microVA_L_2-3+,3,356567.81824,356588.70784,20.88959999999497,356567.81824,356588.70784,20.88959999999497,3,4.12100879459148,RankSurprise
microVA_L_2-3+,3,357395.08736,357554.87232,159.78496000001905,357395.08736,357554.87232,159.78496000001905,6,3.699796432717543,RankSurprise
microVA_L_2-3+,3,358707.07712,358860.88192,153.80480000004172,358707.07712,358860.88192,153.80480000004172,6,4.025600729685724,RankSurprise
microVA_L_2-3+,3,364137.472,364161.88416,24.412160000007134,364137.472,364161.88416,24.412160000007134,4,6.597553122806374,RankSurprise
microVA_L_2-3+,3,368061.2352,368156.30336,95.06816000002436,368061.2352,368156.30336,95.06816000002436,7,7.865802496804548,RankSurprise
microVA_L_2-3+,3,368857.94816,368912.71168,54.7635199999786,368857.94816,368912.71168,54.7635199999786,4,4.010881014638429,RankSurprise
microVA_L_2-3+,3,372496.95744,372543.44704,46.48959999997169,372496.95744,372543.44704,46.48959999997169,4,4.568390665290469,RankSurprise
microVA_L_2-3+,3,374930.8416,374951.69024,20.848640000040177,374930.8416,374951.69024,20.848640000040177,3,4.096374134436223,RankSurprise
microVA_L_2-3+,4,11053.71136,11104.41984,50.708480000001146,11053.71136,11104.41984,50.708480000001146,3,4.004270991119409,RankSurprise
microVA_L_2-3+,4,17275.20768,17473.20832,198.00064000000202,17275.20768,17473.20832,198.00064000000202,5,4.196884394563838,RankSurprise
microVA_L_2-3+,4,25593.11872,25633.83296,40.714240000001155,25593.11872,25633.83296,40.714240000001155,3,4.469061982423334,RankSurprise
microVA_L_2-3+,4,27079.22944,27279.44192,200.21248000000196,27079.22944,27279.44192,200.21248000000196,5,4.1143797606385455,RankSurprise
microVA_L_2-3+,4,38922.73152,38975.20128,52.46975999999995,38922.73152,38975.20128,52.46975999999995,4,6.681677600442839,RankSurprise
microVA_L_2-3+,4,44252.32384,44732.94848,480.6246400000018,44252.32384,44732.94848,480.6246400000018,8,4.357291047337447,RankSurprise
microVA_L_2-3+,4,49462.92736,50421.88288,958.9555199999959,49462.92736,50421.88288,958.9555199999959,13,5.453058471530565,RankSurprise
microVA_L_2-3+,4,60550.79936,61606.46144,1055.6620800000019,60550.79936,61606.46144,1055.6620800000019,13,4.60005346872629,RankSurprise
microVA_L_2-3+,4,62020.93568,62345.29792,324.3622399999949,62020.93568,62345.29792,324.3622399999949,6,3.576567486887132,RankSurprise
microVA_L_2-3+,4,63823.21664,63869.91104,46.694400000000314,63823.21664,63869.91104,46.694400000000314,3,4.145572958229224,RankSurprise
microVA_L_2-3+,4,64823.25504,64880.96768,57.712640000005194,64823.25504,64880.96768,57.712640000005194,3,3.7677952302647846,RankSurprise
microVA_L_2-3+,4,71184.95744,72098.44736,913.4899200000073,71184.95744,72098.44736,913.4899200000073,15,7.723740143794135,RankSurprise
microVA_L_2-3+,4,73652.55168,73909.37088,256.8191999999981,73652.55168,73909.37088,256.8191999999981,6,4.738231592272892,RankSurprise
microVA_L_2-3+,4,76143.77984,76193.5872,49.807359999991604,76143.77984,76193.5872,49.807359999991604,3,4.042839752636912,RankSurprise
microVA_L_2-3+,4,77872.61952,78157.29152,284.67200000000594,77872.61952,78157.29152,284.67200000000594,6,4.1775883949666,RankSurprise
microVA_L_2-3+,4,112490.7008,112886.33344,395.6326399999962,112490.7008,112886.33344,395.6326399999962,7,4.01123655557992,RankSurprise
microVA_L_2-3+,4,114586.33728,115010.10944,423.77215999999316,114586.33728,115010.10944,423.77215999999316,8,5.624005841614759,RankSurprise
microVA_L_2-3+,4,124597.90336,124806.02112,208.11776000000827,124597.90336,124806.02112,208.11776000000827,7,7.897437966937602,RankSurprise
microVA_L_2-3+,4,127369.37984,127552.02048,182.64064000001235,127369.37984,127552.02048,182.64064000001235,7,8.665058936645636,RankSurprise
microVA_L_2-3+,4,130079.04768,130198.48704,119.43936000000394,130079.04768,130198.48704,119.43936000000394,4,4.140918280307464,RankSurprise
microVA_L_2-3+,4,135732.71552,135777.11616,44.400640000007115,135732.71552,135777.11616,44.400640000007115,3,4.260062303808279,RankSurprise
microVA_L_2-3+,4,137090.78528,137178.03008,87.24479999998584,137090.78528,137178.03008,87.24479999998584,4,5.114293581777062,RankSurprise
microVA_L_2-3+,4,141072.50688,141200.50688,128.0,141072.50688,141200.50688,128.0,4,3.9232402338958323,RankSurprise
microVA_L_2-3+,4,146872.07424,147380.30592,508.23168000002624,146872.07424,147380.30592,508.23168000002624,8,3.81254347219555,RankSurprise
microVA_L_2-3+,4,151309.18912,151599.02208,289.83295999999973,151309.18912,151599.02208,289.83295999999973,8,7.745818065055721,RankSurprise
microVA_L_2-3+,4,177523.34336,177820.95872,297.61535999999614,177523.34336,177820.95872,297.61535999999614,8,7.498946013843021,RankSurprise
microVA_L_2-3+,4,179025.38752,179742.76096,717.3734400000249,179025.38752,179742.76096,717.3734400000249,10,3.982239485372037,RankSurprise
microVA_L_2-3+,4,182873.04704,182927.23712,54.19008000000031,182873.04704,182927.23712,54.19008000000031,3,3.8825400898332063,RankSurprise
microVA_L_2-3+,4,190225.69472,190257.11104,31.416319999989355,190225.69472,190257.11104,31.416319999989355,3,5.029566896406482,RankSurprise
microVA_L_2-3+,4,224248.832,224337.1008,88.26879999999073,224248.832,224337.1008,88.26879999999073,4,5.044142181305105,RankSurprise
microVA_L_2-3+,4,225891.40992,225951.66208,60.25216000000364,225891.40992,225951.66208,60.25216000000364,3,3.622871840097986,RankSurprise
microVA_L_2-3+,4,227918.11072,227947.76576,29.655040000012377,227918.11072,227947.76576,29.655040000012377,3,5.11330050838181,RankSurprise
microVA_L_2-3+,4,231454.59712,231496.9088,42.31168000001344,231454.59712,231496.9088,42.31168000001344,3,4.394728890451599,RankSurprise
microVA_L_2-3+,4,236198.99392,236223.61088,24.61695999998483,236198.99392,236223.61088,24.61695999998483,3,5.523108139259232,RankSurprise
microVA_L_2-3+,4,240026.78784,240344.55552,317.7676799999899,240026.78784,240344.55552,317.7676799999899,6,3.8999606720549895,RankSurprise
microVA_L_2-3+,4,249581.44512,249639.7312,58.286080000019865,249581.44512,249639.7312,58.286080000019865,3,3.68237287378399,RankSurprise
microVA_L_2-3+,4,280530.57536,280590.5408,59.965439999999944,280530.57536,280590.5408,59.965439999999944,4,6.265166550900805,RankSurprise
microVA_L_2-3+,4,289577.20576,289798.06208,220.8563200000208,289577.20576,289798.06208,220.8563200000208,5,3.7399696023206346,RankSurprise
microVA_L_2-3+,4,292268.31872,292289.86368,21.544960000028368,292268.31872,292289.86368,21.544960000028368,4,9.776974250640059,RankSurprise
microVA_L_2-3+,4,305064.26368,305332.87936,268.61568000004627,305064.26368,305332.87936,268.61568000004627,9,10.31195503154477,RankSurprise
microVA_L_2-3+,4,307626.3936,308085.47328,459.0796799999662,307626.3936,308085.47328,459.0796799999662,8,4.470790845705635,RankSurprise
microVA_L_2-3+,4,309943.82848,309994.00448,50.17599999997765,309943.82848,309994.00448,50.17599999997765,3,4.087848773511382,RankSurprise
microVA_L_2-3+,4,311957.74976,312020.41856,62.66880000004312,311957.74976,312020.41856,62.66880000004312,3,3.534654566262855,RankSurprise
microVA_L_2-3+,4,312716.65664,312791.28576,74.62911999999778,312716.65664,312791.28576,74.62911999999778,4,5.612447141509701,RankSurprise
microVA_L_2-3+,4,315268.3008,315330.02752,61.72671999997692,315268.3008,315330.02752,61.72671999997692,3,3.5826918672600794,RankSurprise
microVA_L_2-3+,4,318530.60096,319341.1584,810.5574400000041,318530.60096,319341.1584,810.5574400000041,14,8.265511757769508,RankSurprise
microVA_L_2-3+,4,321193.49248,321413.7344,220.2419200000004,321193.49248,321413.7344,220.2419200000004,5,3.8052673337142053,RankSurprise
microVA_L_2-3+,4,322310.22592,322434.82624,124.60032000002684,322310.22592,322434.82624,124.60032000002684,4,3.9264232604559517,RankSurprise
microVA_L_2-3+,4,322770.45248,322878.0544,107.60192000004463,322770.45248,322878.0544,107.60192000004463,4,4.4429698825547455,RankSurprise
microVA_L_2-3+,4,325759.50848,325867.3152,107.80671999999322,325759.50848,325867.3152,107.80671999999322,5,6.705443830998046,RankSurprise
microVA_L_2-3+,4,331243.7248,331293.40928,49.684479999996256,331243.7248,331293.40928,49.684479999996256,3,4.116502617570761,RankSurprise
microVA_L_2-3+,4,331576.81152,331697.47968,120.66816000000108,331576.81152,331697.47968,120.66816000000108,4,4.113676299000499,RankSurprise
microVA_L_2-3+,4,334496.84992,334540.51328,43.66336000000592,334496.84992,334540.51328,43.66336000000592,3,4.2725040536515575,RankSurprise
microVA_L_2-3+,4,340069.376,340307.80416,238.4281600000104,340069.376,340307.80416,238.4281600000104,7,7.011888330510132,RankSurprise
microVA_L_2-3+,4,349417.92256,349766.32832,348.4057599999942,349417.92256,349766.32832,348.4057599999942,7,4.644242802229243,RankSurprise
microVA_L_2-3+,4,350756.94592,350808.76032,51.81439999997383,350756.94592,350808.76032,51.81439999997383,3,4.004270991119409,RankSurprise
microVA_L_2-3+,4,352086.71232,352103.6288,16.916480000014417,352086.71232,352103.6288,16.916480000014417,3,6.366379482567911,RankSurprise
microVA_L_2-3+,4,352878.67392,353540.62848,661.954560000042,352878.67392,353540.62848,661.954560000042,10,4.604031824154746,RankSurprise
microVA_L_2-3+,4,363815.1168,364409.69216,594.5753599999589,363815.1168,364409.69216,594.5753599999589,10,5.3283567087677985,RankSurprise
microVA_L_2-3+,4,372453.21216,372559.91296,106.70079999999143,372453.21216,372559.91296,106.70079999999143,4,4.435413195505301,RankSurprise
microVA_R_1-2+,3,25313.03424,25315.98336,2.9491199999974924,25313.03424,25315.98336,2.9491199999974924,4,4.309786646115677,RankSurprise
microVA_R_1-2+,3,31481.52832,31482.96192,1.4336000000002969,31481.52832,31482.96192,1.4336000000002969,3,4.58772327238437,RankSurprise
microVA_R_1-2+,3,59692.6464,59695.43168,2.785280000003695,59692.6464,59695.43168,2.785280000003695,4,4.5809463806509765,RankSurprise
microVA_R_1-2+,3,60346.24512,60347.67872,1.4336000000039348,60346.24512,60347.67872,1.4336000000039348,3,4.276730121064142,RankSurprise
microVA_R_1-2+,3,85968.03584,85973.4016,5.365760000000591,85968.03584,85973.4016,5.365760000000591,5,3.945951664699841,RankSurprise
microVA_R_1-2+,3,95186.944,95188.33664,1.3926399999909336,95186.944,95188.33664,1.3926399999909336,3,4.743155928961994,RankSurprise
microVA_R_1-2+,3,97743.54432,97747.27168,3.72736000000441,97743.54432,97747.27168,3.72736000000441,4,3.6182015951148756,RankSurprise
microVA_R_1-2+,3,148752.46592,148755.29216,2.8262400000239722,148752.46592,148755.29216,2.8262400000239722,4,4.812648050417906,RankSurprise
microVA_R_1-2+,3,178646.46656,178701.96736,55.500800000008894,178646.46656,178701.96736,55.500800000008894,18,7.036859679207015,RankSurprise
microVA_R_1-2+,3,224923.40224,224924.95872,1.5564799999992829,224923.40224,224924.95872,1.5564799999992829,3,3.9798736723363213,RankSurprise
microVA_R_1-2+,3,260661.248,261058.68288,397.43488000001526,260661.248,261058.68288,397.43488000001526,10,3.819527112091851,RankSurprise
microVA_R_1-2+,3,283130.01984,283135.75424,5.734399999957532,283130.01984,283135.75424,5.734399999957532,6,5.643460877655844,RankSurprise
microVA_R_1-2+,3,291265.20832,291357.4912,92.28288000001339,291265.20832,291357.4912,92.28288000001339,6,4.091793215637677,RankSurprise
microVA_R_1-2+,3,309427.89632,309433.38496,5.488639999995939,309427.89632,309433.38496,5.488639999995939,5,3.6472089505308887,RankSurprise
microVA_R_1-2+,3,331248.35328,331249.95072,1.597440000041388,331248.35328,331249.95072,1.597440000041388,3,3.8987777786781255,RankSurprise
microVA_R_1-2+,3,332164.25984,332168.92928,4.669439999968745,332164.25984,332168.92928,4.669439999968745,4,3.5599464222077906,RankSurprise
microVA_R_1-2+,3,338546.03264,338551.11168,5.079039999982342,338546.03264,338551.11168,5.079039999982342,6,5.707157298717785,RankSurprise
microVA_R_1-3+,3,51620.2496,52104.3968,484.14719999999943,51620.2496,52104.3968,484.14719999999943,8,6.658196427755314,RankSurprise
microVA_R_1-3+,3,55546.22464,56207.93344,661.7088000000003,55546.22464,56207.93344,661.7088000000003,19,20.136785905356575,RankSurprise
microVA_R_1-3+,3,82985.82016,84890.78784,1904.9676800000016,82985.82016,84890.78784,1904.9676800000016,18,5.485053143417011,RankSurprise
microVA_R_1-3+,3,97950.63808,99249.64352,1299.0054399999935,97950.63808,99249.64352,1299.0054399999935,11,3.8146114717661086,RankSurprise
microVA_R_1-3+,3,125607.97696,125672.16128,64.1843200000003,125607.97696,125672.16128,64.1843200000003,3,3.541445156320421,RankSurprise
microVA_R_1-3+,3,139326.83264,139380.5312,53.69855999998981,139326.83264,139380.5312,53.69855999998981,3,3.9335802323588567,RankSurprise
microVA_R_1-3+,3,161873.55136,162866.74944,993.1980800000019,161873.55136,162866.74944,993.1980800000019,20,15.816384112837945,RankSurprise
microVA_R_1-3+,3,167621.67296,167671.27552,49.60255999999936,167621.67296,167671.27552,49.60255999999936,3,3.9191914949067588,RankSurprise
microVA_R_1-3+,3,177888.70656,179045.94944,1157.2428800000052,177888.70656,179045.94944,1157.2428800000052,13,4.982920699641294,RankSurprise
microVA_R_1-3+,3,180805.26336,182418.26816,1613.0047999999952,180805.26336,182418.26816,1613.0047999999952,18,9.046469783147229,RankSurprise
microVA_R_1-3+,3,188080.16896,191328.41984,3248.2508799999778,188080.16896,191328.41984,3248.2508799999778,26,6.536393847249305,RankSurprise
microVA_R_1-3+,3,192984.30976,193075.24096,90.9311999999918,192984.30976,193075.24096,90.9311999999918,4,4.978204371370374,RankSurprise
microVA_R_1-3+,3,202855.0144,203295.08864,440.0742400000163,202855.0144,203295.08864,440.0742400000163,10,9.361068812431467,RankSurprise
microVA_R_1-3+,3,210855.07584,215955.00544,5099.929600000003,210855.07584,215955.00544,5099.929600000003,32,3.7691033973820525,RankSurprise
microVA_R_1-3+,3,260268.8512,262100.45952,1831.6083199999994,260268.8512,262100.45952,1831.6083199999994,18,7.996943056384718,RankSurprise
microVA_R_1-3+,3,316685.27104,316743.10656,57.83551999996416,316685.27104,316743.10656,57.83551999996416,3,3.767392719735575,RankSurprise
microVA_R_1-3+,3,331047.03488,331135.01696,87.98207999998704,331047.03488,331135.01696,87.98207999998704,6,10.22382416866499,RankSurprise
microVA_R_1-3+,3,334466.33472,334531.21536,64.88063999998849,334466.33472,334531.21536,64.88063999998849,3,3.589495948921975,RankSurprise
microVA_R_4-5+,0,15481.11872,16314.40896,833.2902400000003,15481.11872,16314.40896,833.2902400000003,6,4.0333307343669205,RankSurprise
microVA_R_4-5+,0,27757.07648,28653.11744,896.0409600000021,27757.07648,28653.11744,896.0409600000021,6,3.90911738570741,RankSurprise
microVA_R_4-5+,0,49542.3488,49640.16128,97.8124800000005,49542.3488,49640.16128,97.8124800000005,3,4.2930437067286995,RankSurprise
microVA_R_4-5+,0,54310.62528,54671.11424,360.4889600000024,54310.62528,54671.11424,360.4889600000024,4,4.052476162440584,RankSurprise
microVA_R_4-5+,0,57408.47104,58010.2144,601.7433600000004,57408.47104,58010.2144,601.7433600000004,5,3.6954709934609298,RankSurprise
microVA_R_4-5+,0,66309.69344,67796.1728,1486.4793599999975,66309.69344,67796.1728,1486.4793599999975,8,3.82699876036441,RankSurprise
microVA_R_4-5+,0,68371.29216,68489.74848,118.4563199999975,68371.29216,68489.74848,118.4563199999975,4,6.449200075651078,RankSurprise
microVA_R_4-5+,0,96260.3008,97344.512,1084.2112000000052,96260.3008,97344.512,1084.2112000000052,7,4.012596416632893,RankSurprise
microVA_R_4-5+,0,118701.17888,118795.83744,94.65855999999621,118701.17888,118795.83744,94.65855999999621,3,4.141308788832669,RankSurprise
microVA_R_4-5+,0,130270.8224,130295.35744,24.535040000002482,130270.8224,130295.35744,24.535040000002482,3,6.979203632828419,RankSurprise
microVA_R_4-5+,0,150320.37376,150342.53312,22.15936000001966,150320.37376,150342.53312,22.15936000001966,3,7.219588990577135,RankSurprise
microVA_R_4-5+,0,157816.58624,158601.25696,784.6707199999946,157816.58624,158601.25696,784.6707199999946,7,5.520564535125571,RankSurprise
microVA_R_4-5+,0,210642.7392,212299.07968,1656.3404799999844,210642.7392,212299.07968,1656.3404799999844,9,4.522148497368074,RankSurprise
microVA_R_4-5+,0,219975.10656,220668.3136,693.2070400000084,219975.10656,220668.3136,693.2070400000084,8,8.334019982340394,RankSurprise
microVA_R_4-5+,0,232376.32,232489.45152,113.13151999999536,232376.32,232489.45152,113.13151999999536,3,3.9498547484754436,RankSurprise
microVA_R_4-5+,0,241132.21632,241215.56992,83.35360000000219,241132.21632,241215.56992,83.35360000000219,3,4.636138484110406,RankSurprise
microVA_R_4-5+,0,245301.37088,245715.72224,414.35136000000057,245301.37088,245715.72224,414.35136000000057,4,3.5561054217131556,RankSurprise
microVA_R_4-5+,0,258299.904,258721.66912,421.7651199999964,258299.904,258721.66912,421.7651199999964,5,4.749756195658204,RankSurprise
microVA_R_4-5+,0,261761.18784,261815.78752,54.599680000013905,261761.18784,261815.78752,54.599680000013905,3,5.36125503072641,RankSurprise
microVA_R_4-5+,0,298183.80288,298280.91904,97.11616000003414,298183.80288,298280.91904,97.11616000003414,3,4.332847000731549,RankSurprise
microVA_R_4-5+,0,313977.15968,314106.59328,129.43359999998938,313977.15968,314106.59328,129.43359999998938,3,3.836919686476021,RankSurprise
microVA_R_4-5+,0,330465.97632,331311.18592,845.209600000002,330465.97632,331311.18592,845.209600000002,6,3.8280847108359524,RankSurprise
microVA_R_4-5+,0,337169.6128,337701.84704,532.2342400000198,337169.6128,337701.84704,532.2342400000198,5,4.217437043129312,RankSurprise
microVA_R_4-5+,0,354543.77984,357055.61088,2511.831040000019,354543.77984,357055.61088,2511.831040000019,13,7.161161538242807,RankSurprise
microVA_R_4-5+,0,370804.65408,371604.11136,799.4572799999733,370804.65408,371604.11136,799.4572799999733,6,4.146507260916143,RankSurprise
microVA_R_4-5+,1,7280.64,7964.75392,684.1139199999998,7280.64,7964.75392,684.1139199999998,6,4.857218441650957,RankSurprise
microVA_R_4-5+,1,15231.09888,15778.4064,547.3075200000003,15231.09888,15778.4064,547.3075200000003,6,5.84586556533246,RankSurprise
microVA_R_4-5+,1,26682.20416,26729.51296,47.30879999999888,26682.20416,26729.51296,47.30879999999888,3,6.508224906393787,RankSurprise
microVA_R_4-5+,1,39515.79136,39873.69984,357.90847999999824,39515.79136,39873.69984,357.90847999999824,4,3.7182528963850423,RankSurprise
microVA_R_4-5+,1,105426.16576,105528.60672,102.44095999999263,105426.16576,105528.60672,102.44095999999263,3,4.508032736368092,RankSurprise
microVA_R_4-5+,1,122375.90528,123719.31136,1343.4060800000007,122375.90528,123719.31136,1343.4060800000007,8,4.037929858102065,RankSurprise
microVA_R_4-5+,1,138407.56736,138931.03616,523.4688000000024,138407.56736,138931.03616,523.4688000000024,8,10.618419364517294,RankSurprise
microVA_R_4-5+,1,169060.43392,169121.95584,61.52191999999923,169060.43392,169121.95584,61.52191999999923,3,5.803243268186839,RankSurprise
microVA_R_4-5+,1,183929.07776,184871.3216,942.2438400000101,183929.07776,184871.3216,942.2438400000101,6,3.6581222643181324,RankSurprise
microVA_R_4-5+,1,187487.76448,187779.80928,292.0447999999742,187487.76448,187779.80928,292.0447999999742,4,4.361487088326044,RankSurprise
microVA_R_4-5+,1,190540.8,191938.06848,1397.2684799999988,190540.8,191938.06848,1397.2684799999988,8,5.014071196755959,RankSurprise
microVA_R_4-5+,1,214317.6704,214873.37472,555.7043199999898,214317.6704,214873.37472,555.7043199999898,5,4.1131705051354395,RankSurprise
microVA_R_4-5+,1,219790.09024,219858.86208,68.77184000000125,219790.09024,219858.86208,68.77184000000125,3,5.252744544921919,RankSurprise
microVA_R_4-5+,1,243797.1968,247443.21024,3646.0134399999806,243797.1968,247443.21024,3646.0134399999806,17,5.775981804191825,RankSurprise
microVA_R_4-5+,1,262902.33344,263052.41088,150.07743999996455,262902.33344,263052.41088,150.07743999996455,3,3.84397732794997,RankSurprise
microVA_R_4-5+,1,274825.29792,275305.0624,479.76448000001255,274825.29792,275305.0624,479.76448000001255,7,8.805676800290279,RankSurprise
microVA_R_4-5+,1,287583.39584,287840.41984,257.0239999999758,287583.39584,287840.41984,257.0239999999758,4,4.780777149132945,RankSurprise
microVA_R_4-5+,1,310036.0704,310180.2496,144.17919999995502,310036.0704,310180.2496,144.17919999995502,3,3.7005448643427368,RankSurprise
microVA_R_4-5+,1,312204.45184,312304.88576,100.4339199999813,312204.45184,312304.88576,100.4339199999813,3,4.658645866276906,RankSurprise
microVA_R_4-5+,1,317508.68992,317798.85056,290.16064000001643,317508.68992,317798.85056,290.16064000001643,4,4.307625214455996,RankSurprise
microVA_R_4-5+,1,351126.28224,351226.51136,100.22912000003271,351126.28224,351226.51136,100.22912000003271,3,4.614443822773421,RankSurprise
microVA_R_4-5+,1,355876.16768,356497.69472,621.5270400000154,355876.16768,356497.69472,621.5270400000154,5,3.609772817764661,RankSurprise
microVA_R_4-5+,2,11887.69792,12015.8208,128.122879999999,11887.69792,12015.8208,128.122879999999,4,5.9272622584538315,RankSurprise
microVA_R_4-5+,2,25755.648,26219.47904,463.8310399999973,25755.648,26219.47904,463.8310399999973,5,3.881321298357708,RankSurprise
microVA_R_4-5+,2,58040.5248,58197.72928,157.20448000000033,58040.5248,58197.72928,157.20448000000033,4,5.273406569685669,RankSurprise
microVA_R_4-5+,2,90243.19488,90407.40352,164.20864000001166,90243.19488,90407.40352,164.20864000001166,4,5.115153135192347,RankSurprise
microVA_R_4-5+,2,106359.35744,110553.37472,4194.01728,106359.35744,110553.37472,4194.01728,20,6.060127731630447,RankSurprise
microVA_R_4-5+,2,113977.42592,114057.17504,79.74912000000768,113977.42592,114057.17504,79.74912000000768,3,4.476989200571513,RankSurprise
microVA_R_4-5+,2,116774.58432,118532.21888,1757.6345600000059,116774.58432,118532.21888,1757.6345600000059,10,4.317274884602272,RankSurprise
microVA_R_4-5+,2,128016.50688,128516.87424,500.3673600000038,128016.50688,128516.87424,500.3673600000038,5,3.71666342628874,RankSurprise
microVA_R_4-5+,2,136650.5472,136722.06336,71.51615999999922,136650.5472,136722.06336,71.51615999999922,3,4.529624830033693,RankSurprise
microVA_R_4-5+,2,165066.83392,165101.89568,35.061759999982314,165066.83392,165101.89568,35.061759999982314,3,6.2541629074231775,RankSurprise
microVA_R_4-5+,2,180290.27328,180787.65056,497.37728000001516,180290.27328,180787.65056,497.37728000001516,5,3.7047319897857385,RankSurprise
microVA_R_4-5+,2,184078.82752,184353.71008,274.8825599999982,184078.82752,184353.71008,274.8825599999982,4,3.7185024499229726,RankSurprise
microVA_R_4-5+,2,191644.8768,191925.82144,280.9446400000015,191644.8768,191925.82144,280.9446400000015,4,3.703650873780404,RankSurprise
microVA_R_4-5+,2,197644.77952,198363.21792,718.4383999999845,197644.77952,198363.21792,718.4383999999845,6,3.7176980450853834,RankSurprise
microVA_R_4-5+,2,199990.272,200096.23552,105.96351999999024,199990.272,200096.23552,105.96351999999024,4,6.546609132825015,RankSurprise
microVA_R_4-5+,2,202747.20768,203718.57408,971.366399999999,202747.20768,203718.57408,971.366399999999,7,4.0254415559126615,RankSurprise
microVA_R_4-5+,2,211481.10848,211598.82752,117.71903999999631,211481.10848,211598.82752,117.71903999999631,3,3.698049526488205,RankSurprise
microVA_R_4-5+,2,232242.05312,232528.73216,286.67904000001727,232242.05312,232528.73216,286.67904000001727,4,3.6088674042041333,RankSurprise
microVA_R_4-5+,2,233350.79936,233809.3056,458.5062399999879,233350.79936,233809.3056,458.5062399999879,6,5.57787752424538,RankSurprise
microVA_R_4-5+,2,248671.10912,249139.24096,468.1318399999873,248671.10912,249139.24096,468.1318399999873,5,3.9251403370681075,RankSurprise
microVA_R_4-5+,2,250465.73056,252247.36768,1781.6371199999994,250465.73056,252247.36768,1781.6371199999994,10,3.990330732191126,RankSurprise
microVA_R_4-5+,2,259388.78464,259816.12032,427.3356799999892,259388.78464,259816.12032,427.3356799999892,5,4.377827274531892,RankSurprise
microVA_R_4-5+,2,274639.74912,274693.20192,53.45280000002822,274639.74912,274693.20192,53.45280000002822,3,5.199035730694806,RankSurprise
microVA_R_4-5+,2,278997.52448,279280.64,283.1155199999921,278997.52448,279280.64,283.1155199999921,4,3.6304762241325506,RankSurprise
microVA_R_4-5+,2,288605.14304,288685.056,79.91295999998692,288605.14304,288685.056,79.91295999998692,3,4.232779746384395,RankSurprise
microVA_R_4-5+,2,300679.24992,301038.34624,359.0963200000115,300679.24992,301038.34624,359.0963200000115,5,4.746753743894946,RankSurprise
microVA_R_4-5+,2,311817.95328,312123.55584,305.60255999997025,311817.95328,312123.55584,305.60255999997025,5,5.492309096009141,RankSurprise
microVA_R_4-5+,2,312912.24064,314002.59584,1090.355200000049,312912.24064,314002.59584,1090.355200000049,8,4.1370483416687875,RankSurprise
microVA_R_4-5+,2,324886.56896,325326.97088,440.4019199999748,324886.56896,325326.97088,440.4019199999748,5,4.307956235860946,RankSurprise
microVA_R_4-5+,2,355225.23136,355427.1232,201.8918399999966,355225.23136,355427.1232,201.8918399999966,4,4.47670661419194,RankSurprise
microVA_R_4-5+,2,364399.37024,364694.48704,295.11679999995977,364399.37024,364694.48704,295.11679999995977,4,3.5661111752471726,RankSurprise
microVA_R_4-5+,2,377393.80736,377490.96448,97.15712000004714,377393.80736,377490.96448,97.15712000004714,3,3.960929919999412,RankSurprise
microVA_R_4-5+,3,17011.63008,17383.424,371.79392000000007,17011.63008,17383.424,371.79392000000007,3,3.5154674561524573,RankSurprise
microVA_R_4-5+,3,30931.47648,31712.29696,780.8204799999985,30931.47648,31712.29696,780.8204799999985,4,3.834651923246856,RankSurprise
microVA_R_4-5+,3,69781.38112,72569.89696,2788.5158399999927,69781.38112,72569.89696,2788.5158399999927,7,3.754893562798161,RankSurprise
microVA_R_4-5+,3,130865.84832,132832.62464,1966.77631999999,130865.84832,132832.62464,1966.77631999999,6,3.853682524829554,RankSurprise
microVA_R_4-5+,3,150505.71776,152045.44512,1539.7273599999899,150505.71776,152045.44512,1539.7273599999899,6,4.959165846877347,RankSurprise
microVA_R_4-5+,3,181548.60544,181897.4208,348.8153599999787,181548.60544,181897.4208,348.8153599999787,3,3.872594581875969,RankSurprise
microVA_R_4-5+,3,206383.96416,206529.536,145.5718399999896,206383.96416,206529.536,145.5718399999896,3,5.789969580403678,RankSurprise
microVA_R_4-5+,3,222573.52704,224526.00832,1952.4812800000072,222573.52704,224526.00832,1952.4812800000072,6,3.969192357244413,RankSurprise
microVA_R_4-5+,3,247805.29664,248518.12352,712.8268800000078,247805.29664,248518.12352,712.8268800000078,4,4.100655961570721,RankSurprise
microVA_R_4-5+,3,273273.97888,274032.4352,758.4563199999975,273273.97888,274032.4352,758.4563199999975,4,4.140657739522348,RankSurprise
microVA_R_4-5+,3,332618.1376,335415.0912,2796.953600000008,332618.1376,335415.0912,2796.953600000008,8,5.016070322294086,RankSurprise
microVA_R_4-5+,4,27772.39552,28297.05216,524.6566400000011,27772.39552,28297.05216,524.6566400000011,5,7.2729735902397366,RankSurprise
microVA_R_4-5+,4,40892.416,42945.57696,2053.160960000001,40892.416,42945.57696,2053.160960000001,6,3.666833607888761,RankSurprise
microVA_R_4-5+,4,99480.04352,101497.36448,2017.3209599999973,99480.04352,101497.36448,2017.3209599999973,7,4.638847943268443,RankSurprise
microVA_R_4-5+,4,123222.13888,124459.95008,1237.8111999999965,123222.13888,124459.95008,1237.8111999999965,5,4.207079445113553,RankSurprise
microVA_R_4-5+,4,148598.784,148847.65696,248.87295999997878,148598.784,148847.65696,248.87295999997878,3,4.71154969449144,RankSurprise
microVA_R_4-5+,4,182154.4448,182925.88544,771.4406400000153,182154.4448,182925.88544,771.4406400000153,4,3.8712448695952073,RankSurprise
microVA_R_4-5+,4,282195.47648,282773.38112,577.9046399999643,282195.47648,282773.38112,577.9046399999643,4,4.662344267085295,RankSurprise
microVA_R_4-5+,4,289002.0864,290618.20416,1616.117760000052,289002.0864,290618.20416,1616.117760000052,6,4.359402755976008,RankSurprise
microVA_R_4-5+,4,300901.62176,301246.83264,345.2108799999696,300901.62176,301246.83264,345.2108799999696,3,3.8119834055584807,RankSurprise
microVA_R_4-5+,4,311596.40064,311947.91936,351.51871999999275,311596.40064,311947.91936,351.51871999999275,3,3.60282609621901,RankSurprise
microVA_R_4-5+,4,315488.54272,316515.28704,1026.744319999998,315488.54272,316515.28704,1026.744319999998,5,4.737549779033433,RankSurprise
microVA_R_4-5+,4,325546.8032,325836.88192,290.0787199999904,325546.8032,325836.88192,290.0787199999904,3,4.010506936928715,RankSurprise
microVA_R_4-6+,1,1662.07488,3778.10944,2116.03456,1662.07488,3778.10944,2116.03456,13,3.6340067905820943,RankSurprise
microVA_R_4-6+,1,31365.5296,31909.888,544.3583999999973,31365.5296,31909.888,544.3583999999973,6,3.8835090474814282,RankSurprise
microVA_R_4-6+,1,51623.81312,51693.85472,70.04160000000411,51623.81312,51693.85472,70.04160000000411,3,4.255798807650059,RankSurprise
microVA_R_4-6+,1,53644.73856,53818.04032,173.3017600000021,53644.73856,53818.04032,173.3017600000021,4,4.441557894122344,RankSurprise
microVA_R_4-6+,1,62248.3456,62324.03968,75.69408000000112,62248.3456,62324.03968,75.69408000000112,3,4.054443705002434,RankSurprise
microVA_R_4-6+,1,76333.58848,76404.81792,71.22943999999552,76333.58848,76404.81792,71.22943999999552,3,4.218760359237388,RankSurprise
microVA_R_4-6+,1,97430.60992,97517.64992,87.0399999999936,97430.60992,97517.64992,87.0399999999936,3,3.8008043824080673,RankSurprise
microVA_R_4-6+,1,157905.05984,158004.87936,99.81951999999,157905.05984,158004.87936,99.81951999999,3,3.558081341432505,RankSurprise
microVA_R_4-6+,1,166121.39008,166132.9408,11.550719999999274,166121.39008,166132.9408,11.550719999999274,3,6.866987238256526,RankSurprise
microVA_R_4-6+,1,177635.28704,177696.11264,60.825600000011036,177635.28704,177696.11264,60.825600000011036,3,4.609262409479008,RankSurprise
microVA_R_4-6+,1,185731.31776,185762.73408,31.416319999989355,185731.31776,185762.73408,31.416319999989355,3,5.737838225728334,RankSurprise
microVA_R_4-6+,1,198635.27424,198705.64352,70.36928000001353,198635.27424,198705.64352,70.36928000001353,3,4.243376287651502,RankSurprise
microVA_R_4-6+,1,216808.52992,216905.68704,97.15711999998894,216808.52992,216905.68704,97.15711999998894,4,6.203409841232709,RankSurprise
microVA_R_4-6+,1,252914.56512,254087.82336,1173.2582399999956,252914.56512,254087.82336,1173.2582399999956,10,4.929674759239927,RankSurprise
microVA_R_4-6+,1,282775.9616,283331.95264,555.9910399999935,282775.9616,283331.95264,555.9910399999935,6,4.199248159212289,RankSurprise
microVA_R_4-6+,1,296574.32064,296911.0528,336.7321600000141,296574.32064,296911.0528,336.7321600000141,5,4.717871374517802,RankSurprise
microVA_R_4-6+,1,300447.98976,300489.3184,41.32863999996334,300447.98976,300489.3184,41.32863999996334,3,5.172283657742819,RankSurprise
microVA_R_4-6+,1,307639.0912,307834.4704,195.37919999996666,307639.0912,307834.4704,195.37919999996666,4,4.278554177899899,RankSurprise
microVA_R_4-6+,1,310093.49632,310979.87072,886.3744000000297,310093.49632,310979.87072,886.3744000000297,8,4.1324958403316145,RankSurprise
microVA_R_4-6+,1,316761.57952,317153.44384,391.8643199999933,316761.57952,317153.44384,391.8643199999933,8,9.325830617510789,RankSurprise
microVA_R_4-6+,1,331057.72544,333510.90176,2453.1763199999696,331057.72544,333510.90176,2453.1763199999696,19,8.762244807417012,RankSurprise
microVA_R_4-6+,1,335439.33952,336000.53248,561.1929600000149,335439.33952,336000.53248,561.1929600000149,6,3.728974761463004,RankSurprise
microVA_R_4-6+,1,338244.28032,339670.8352,1426.5548799999524,338244.28032,339670.8352,1426.5548799999524,12,5.5603819141139486,RankSurprise
microVA_R_4-6+,1,343396.88448,343716.94592,320.0614400000195,343396.88448,343716.94592,320.0614400000195,6,6.475113083390831,RankSurprise
microVA_R_4-6+,1,347706.44992,348129.28,422.8300800000434,347706.44992,348129.28,422.8300800000434,7,6.613988758744085,RankSurprise
microVA_R_4-6+,1,350891.33568,350943.88736,52.55167999997502,350891.33568,350943.88736,52.55167999997502,3,4.7477813436145695,RankSurprise
microVA_R_4-6+,1,356396.2368,358186.14784,1789.9110399999772,356396.2368,358186.14784,1789.9110399999772,12,4.2622526985624365,RankSurprise
microVA_R_4-6+,1,360077.18912,361882.58304,1805.3939200000023,360077.18912,361882.58304,1805.3939200000023,12,4.1308972587168915,RankSurprise
microVA_R_4-6+,1,364343.45984,364442.54208,99.08223999995971,364343.45984,364442.54208,99.08223999995971,3,3.657201226643725,RankSurprise
microVA_R_4-6+,1,371867.15648,372897.66912,1030.5126399999717,371867.15648,372897.66912,1030.5126399999717,10,6.161571613681608,RankSurprise
microVA_R_4-6+,1,374346.09664,374869.89312,523.7964800000191,374346.09664,374869.89312,523.7964800000191,7,5.480740120357229,RankSurprise
microVA_R_4-6+,4,37945.05728,37977.41568,32.358399999997346,37945.05728,37977.41568,32.358399999997346,3,4.981416540498941,RankSurprise
microVA_R_4-6+,4,58346.65984,58353.37728,6.717440000000352,58346.65984,58353.37728,6.717440000000352,3,7.273187063746729,RankSurprise
microVA_R_4-6+,4,90380.41088,91254.70208,874.2912000000069,90380.41088,91254.70208,874.2912000000069,9,5.683581560302675,RankSurprise
microVA_R_4-6+,4,109011.88608,109076.48,64.59391999999934,109011.88608,109076.48,64.59391999999934,3,4.008261922240324,RankSurprise
microVA_R_4-6+,4,126783.16032,127035.71968,252.5593599999993,126783.16032,127035.71968,252.5593599999993,6,6.957228528886688,RankSurprise
microVA_R_4-6+,4,127859.58912,128065.20832,205.619200000001,127859.58912,128065.20832,205.619200000001,4,3.8712056757723623,RankSurprise
microVA_R_4-6+,4,129426.39104,129640.8576,214.46656000000075,129426.39104,129640.8576,214.46656000000075,4,3.581153840693993,RankSurprise
microVA_R_4-6+,4,181067.40736,181381.7344,314.32703999997466,181067.40736,181381.7344,314.32703999997466,5,4.683908596690461,RankSurprise
microVA_R_4-6+,4,182717.93152,182884.02432,166.09279999998398,182717.93152,182884.02432,166.09279999998398,5,6.471230182377635,RankSurprise
microVA_R_4-6+,4,189824.12288,189862.42048,38.29759999999078,189824.12288,189862.42048,38.29759999999078,3,4.72242972887485,RankSurprise
microVA_R_4-6+,4,191477.43232,191830.05696,352.62463999999454,191477.43232,191830.05696,352.62463999999454,5,4.148601573522988,RankSurprise
microVA_R_4-6+,4,196347.16672,196444.7744,97.60767999998643,196347.16672,196444.7744,97.60767999998643,4,5.637169058870192,RankSurprise
microVA_R_4-6+,4,202659.6352,203162.05056,502.4153600000136,202659.6352,203162.05056,502.4153600000136,8,8.015064372341733,RankSurprise
microVA_R_4-6+,4,215690.97728,215817.70752,126.73024000000441,215690.97728,215817.70752,126.73024000000441,5,7.04136839980163,RankSurprise
microVA_R_4-6+,4,219951.104,219977.07264,25.968640000006417,219951.104,219977.07264,25.968640000006417,3,5.481427594518674,RankSurprise
microVA_R_4-6+,4,232105.82016,233500.83584,1395.0156800000113,232105.82016,233500.83584,1395.0156800000113,11,5.107254492434807,RankSurprise
microVA_R_4-6+,4,239537.5616,239572.00896,34.447360000020126,239537.5616,239572.00896,34.447360000020126,3,4.90900895984487,RankSurprise
microVA_R_4-6+,4,242876.37504,242921.22624,44.851199999975506,242876.37504,242921.22624,44.851199999975506,3,4.422237720016396,RankSurprise
microVA_R_4-6+,4,244298.01472,244459.84768,161.83295999999973,244298.01472,244459.84768,161.83295999999973,4,4.317504203884308,RankSurprise
microVA_R_4-6+,4,247388.9792,248032.74752,643.7683200000029,247388.9792,248032.74752,643.7683200000029,8,5.919422228931066,RankSurprise
microVA_R_4-6+,4,264995.51232,265648.57856,653.0662400000147,264995.51232,265648.57856,653.0662400000147,7,4.517526945507662,RankSurprise
microVA_R_4-6+,4,283648.2048,283791.93344,143.72863999998663,283648.2048,283791.93344,143.72863999998663,5,6.777896216504761,RankSurprise
microVA_R_4-6+,4,289044.39808,289161.0112,116.61311999999452,289044.39808,289161.0112,116.61311999999452,4,5.065013775698681,RankSurprise
microVA_R_4-6+,4,290934.04672,290946.17088,12.124160000006668,290934.04672,290946.17088,12.124160000006668,3,6.71959176359289,RankSurprise
microVA_R_4-6+,4,293015.30624,293081.82528,66.51903999998467,293015.30624,293081.82528,66.51903999998467,3,4.08919849787897,RankSurprise
microVA_R_4-6+,4,305119.4368,305505.15712,385.720319999964,305119.4368,305505.15712,385.720319999964,5,3.647300256955262,RankSurprise
microVA_R_4-6+,4,309034.72128,309945.344,910.6227199999848,309034.72128,309945.344,910.6227199999848,10,6.858096398173406,RankSurprise
microVA_R_4-6+,4,310940.22144,310977.37216,37.1507200000342,310940.22144,310977.37216,37.1507200000342,3,5.056544400553408,RankSurprise
microVA_R_4-6+,4,322888.704,322920.12032,31.41631999996025,322888.704,322920.12032,31.41631999996025,3,5.037496205582714,RankSurprise
microVA_R_4-6+,4,339983.44192,340895.25248,911.8105600000126,339983.44192,340895.25248,911.8105600000126,9,5.8127693004739065,RankSurprise
microVA_R_4-6+,4,346893.312,347100.28288,206.97088000003714,346893.312,347100.28288,206.97088000003714,4,3.7195940203303586,RankSurprise
microVA_R_4-6+,4,349218.57024,352839.10656,3620.536320000014,349218.57024,352839.10656,3620.536320000014,22,5.567457457852656,RankSurprise
microVA_R_4-6+,4,356096.77824,356118.03648,21.258239999995567,356096.77824,356118.03648,21.258239999995567,3,5.578419860505983,RankSurprise
microVA_R_4-6+,4,358996.45952,359297.024,300.5644800000009,358996.45952,359297.024,300.5644800000009,5,4.311545852841537,RankSurprise
microVA_R_4-6+,4,361462.29248,361618.06336,155.7708799999673,361462.29248,361618.06336,155.7708799999673,4,4.378266034267071,RankSurprise
microVA_R_4-6+,4,362959.79008,363272.31488,312.5248000000138,362959.79008,363272.31488,312.5248000000138,5,4.463500249408092,RankSurprise
microVA_R_4-6+,4,368300.60544,368539.648,239.04255999997258,368300.60544,368539.648,239.04255999997258,4,3.534460173232791,RankSurprise
microVA_R_4-6+,4,371365.19168,371417.04704,51.85535999998683,371365.19168,371417.04704,51.85535999998683,3,4.340314049810589,RankSurprise
microVA_R_4-6+,4,376638.21824,377107.78368,469.56543999997666,376638.21824,377107.78368,469.56543999997666,8,7.319851700481678,RankSurprise
microVA_R_5-6+,1,2275.1232,2316.4928,41.36959999999999,2275.1232,2316.4928,41.36959999999999,3,4.775366668100199,RankSurprise
microVA_R_5-6+,1,5256.3968,5502.27968,245.8828799999992,5256.3968,5502.27968,245.8828799999992,5,4.346191666135642,RankSurprise
microVA_R_5-6+,1,15466.00448,15628.41088,162.40639999999985,15466.00448,15628.41088,162.40639999999985,4,3.9860164646968776,RankSurprise
microVA_R_5-6+,1,21705.27744,21888.32768,183.05023999999685,21705.27744,21888.32768,183.05023999999685,4,3.55098628128545,RankSurprise
microVA_R_5-6+,1,49475.74784,49640.16128,164.41343999999663,49475.74784,49640.16128,164.41343999999663,5,5.871738202786823,RankSurprise
microVA_R_5-6+,1,51411.64032,51543.73632,132.096000000005,51411.64032,51543.73632,132.096000000005,5,6.703917118621678,RankSurprise
microVA_R_5-6+,1,53453.6192,53520.13824,66.51903999999922,53453.6192,53520.13824,66.51903999999922,3,3.8479304814733197,RankSurprise
microVA_R_5-6+,1,54654.27968,54705.68448,51.40480000000389,54654.27968,54705.68448,51.40480000000389,3,4.3516220373912535,RankSurprise
microVA_R_5-6+,1,55450.0096,55849.53344,399.52384000000166,55450.0096,55849.53344,399.52384000000166,7,5.521941572916318,RankSurprise
microVA_R_5-6+,1,56854.56896,56878.85824,24.28928000000451,56854.56896,56878.85824,24.28928000000451,3,6.030394643226419,RankSurprise
microVA_R_5-6+,1,57610.19904,57697.77152,87.57248000000254,57610.19904,57697.77152,87.57248000000254,5,8.540517830252856,RankSurprise
microVA_R_5-6+,1,59611.01312,59800.69888,189.6857600000003,59611.01312,59800.69888,189.6857600000003,4,3.7873292386185966,RankSurprise
microVA_R_5-6+,1,68371.29216,68489.78944,118.49727999999595,68371.29216,68489.78944,118.49727999999595,4,4.792280457079826,RankSurprise
microVA_R_5-6+,1,79943.2704,79946.79296,3.522560000012163,79943.2704,79946.79296,3.522560000012163,3,9.435261753777537,RankSurprise
microVA_R_5-6+,1,90243.19488,90407.44448,164.2496000000101,90243.19488,90407.44448,164.2496000000101,4,3.7918035190135164,RankSurprise
microVA_R_5-6+,1,92071.48544,92115.02592,43.54047999999602,92071.48544,92115.02592,43.54047999999602,3,4.71722254693549,RankSurprise
microVA_R_5-6+,1,94456.0128,94486.15936,30.14656000000832,94456.0128,94486.15936,30.14656000000832,3,5.441252229743535,RankSurprise
microVA_R_5-6+,1,101783.1424,101831.80288,48.66048000000592,101783.1424,101831.80288,48.66048000000592,3,4.500206102446459,RankSurprise
microVA_R_5-6+,1,105223.08608,105366.07744,142.99136,105223.08608,105366.07744,142.99136,4,4.1834564771201315,RankSurprise
microVA_R_5-6+,1,110478.5408,110553.37472,74.83392000000458,110478.5408,110553.37472,74.83392000000458,3,3.577622760202214,RankSurprise
microVA_R_5-6+,1,130078.72,130273.56672,194.84672000000137,130078.72,130273.56672,194.84672000000137,4,3.613619117247861,RankSurprise
microVA_R_5-6+,1,136650.58816,136722.06336,71.47519999998622,136650.58816,136722.06336,71.47519999998622,3,3.725589793494061,RankSurprise
microVA_R_5-6+,1,144298.8032,145021.91104,723.1078400000115,144298.8032,145021.91104,723.1078400000115,10,6.683502874502459,RankSurprise
microVA_R_5-6+,1,147226.4192,147292.44672,66.02752000000328,147226.4192,147292.44672,66.02752000000328,3,3.9158617817353125,RankSurprise
microVA_R_5-6+,1,149414.0928,150458.40896,1044.3161599999876,149414.0928,150458.40896,1044.3161599999876,10,3.717354913131655,RankSurprise
microVA_R_5-6+,1,158890.47552,158950.6048,60.12927999999374,158890.47552,158950.6048,60.12927999999374,3,4.117646500903765,RankSurprise
microVA_R_5-6+,1,165066.83392,165101.89568,35.061759999982314,165066.83392,165101.89568,35.061759999982314,3,5.237949241684193,RankSurprise
microVA_R_5-6+,1,173422.63296,173714.35008,291.7171200000157,173422.63296,173714.35008,291.7171200000157,5,3.6440187536462965,RankSurprise
microVA_R_5-6+,1,180727.97184,180787.65056,59.67871999999625,180727.97184,180787.65056,59.67871999999625,3,4.126157190571673,RankSurprise
microVA_R_5-6+,1,187258.75712,187275.79648,17.039359999995213,187258.75712,187275.79648,17.039359999995213,3,6.77079470863691,RankSurprise
microVA_R_5-6+,1,193109.1968,193171.16928,61.97247999999672,193109.1968,193171.16928,61.97247999999672,3,4.026343947513194,RankSurprise
microVA_R_5-6+,1,197711.0528,197766.38976,55.33695999998599,197711.0528,197766.38976,55.33695999998599,3,4.15190873788543,RankSurprise
microVA_R_5-6+,1,199990.272,200024.14592,33.87392000001273,199990.272,200024.14592,33.87392000001273,3,5.223134155899052,RankSurprise
microVA_R_5-6+,1,206661.67296,206732.53376,70.86079999999492,206661.67296,206732.53376,70.86079999999492,3,3.6841374087881835,RankSurprise
microVA_R_5-6+,1,210642.7392,211770.44992,1127.7107200000028,210642.7392,211770.44992,1127.7107200000028,11,4.1842369356267275,RankSurprise
microVA_R_5-6+,1,219975.10656,220178.47296,203.36640000002808,219975.10656,220178.47296,203.36640000002808,4,3.694878649923197,RankSurprise
microVA_R_5-6+,1,221608.30464,221783.49056,175.1859200000181,221608.30464,221783.49056,175.1859200000181,4,3.6305444314149042,RankSurprise
microVA_R_5-6+,1,223911.28064,224421.56032,510.2796799999778,223911.28064,224421.56032,510.2796799999778,7,4.578366751963385,RankSurprise
microVA_R_5-6+,1,233350.79936,233423.29856,72.4991999999911,233350.79936,233423.29856,72.4991999999911,3,3.623526537949788,RankSurprise
microVA_R_5-6+,1,245120.65536,245715.72224,595.0668799999985,245120.65536,245715.72224,595.0668799999985,8,5.216030816093165,RankSurprise
microVA_R_5-6+,1,261735.87456,261796.94592,61.07136000000173,261735.87456,261796.94592,61.07136000000173,3,4.042637384235604,RankSurprise
microVA_R_5-6+,1,272756.85888,272762.38848,5.529600000008941,272756.85888,272762.38848,5.529600000008941,3,8.814527150786068,RankSurprise
microVA_R_5-6+,1,288685.01504,288758.784,73.76895999995759,288685.01504,288758.784,73.76895999995759,3,3.656972226946774,RankSurprise
microVA_R_5-6+,1,311987.89632,312123.55584,135.65951999998651,311987.89632,312123.55584,135.65951999998651,4,4.3948118976189114,RankSurprise
microVA_R_5-6+,1,313838.7968,314106.59328,267.79647999996087,313838.7968,314106.59328,267.79647999996087,5,4.01923770121903,RankSurprise
microVA_R_5-6+,1,316074.63936,316472.56576,397.92640000005485,316074.63936,316472.56576,397.92640000005485,7,6.112809395726834,RankSurprise
microVA_R_5-6+,1,337577.08288,337701.84704,124.76416000002064,337577.08288,337701.84704,124.76416000002064,5,7.035514983777393,RankSurprise
microVA_R_5-6+,1,355225.23136,355488.68608,263.4547200000379,355225.23136,355488.68608,263.4547200000379,5,4.321639127260166,RankSurprise
microVA_R_5-6+,1,356957.184,357342.16704,384.9830399999628,356957.184,357342.16704,384.9830399999628,6,4.0548862168201305,RankSurprise
microVA_R_5-6+,1,370963.98848,371613.57312,649.5846400000155,370963.98848,371613.57312,649.5846400000155,10,8.116527568295117,RankSurprise
microVA_R_5-6+,4,7243.28448,7964.75392,721.4694399999998,7243.28448,7964.75392,721.4694399999998,8,5.8574642522824,RankSurprise
microVA_R_5-6+,4,11631.53408,11817.08288,185.54880000000048,11631.53408,11817.08288,185.54880000000048,4,4.557931132138002,RankSurprise
microVA_R_5-6+,4,26682.24512,26729.51296,47.26784000000043,26682.24512,26729.51296,47.26784000000043,3,5.2416875637948,RankSurprise
microVA_R_5-6+,4,27684.08576,28556.32896,872.2431999999972,27684.08576,28556.32896,872.2431999999972,9,5.987885663849013,RankSurprise
microVA_R_5-6+,4,41122.48832,41155.87072,33.382400000002235,41122.48832,41155.87072,33.382400000002235,3,5.9281157941060005,RankSurprise
microVA_R_5-6+,4,62862.86848,62975.87712,113.00864000000001,62862.86848,62975.87712,113.00864000000001,3,3.559876730890519,RankSurprise
microVA_R_5-6+,4,75739.99616,76053.46304,313.4668800000072,75739.99616,76053.46304,313.4668800000072,5,4.831077312621556,RankSurprise
microVA_R_5-6+,4,90452.95104,90489.52832,36.5772799999977,90452.95104,90489.52832,36.5772799999977,3,5.635609069504643,RankSurprise
microVA_R_5-6+,4,103910.27712,105426.16576,1515.8886400000047,103910.27712,105426.16576,1515.8886400000047,11,5.836306680439333,RankSurprise
microVA_R_5-6+,4,119708.99968,123719.31136,4010.3116800000134,119708.99968,123719.31136,4010.3116800000134,20,3.909819573208302,RankSurprise
microVA_R_5-6+,4,127040.96256,127050.67008,9.707519999996293,127040.96256,127050.67008,9.707519999996293,3,8.749494680515213,RankSurprise
microVA_R_5-6+,4,138544.04608,138843.46368,299.4175999999861,138544.04608,138843.46368,299.4175999999861,6,6.981369160584819,RankSurprise
microVA_R_5-6+,4,186223.65696,186572.22656,348.5696000000171,186223.65696,186572.22656,348.5696000000171,5,4.334922980641128,RankSurprise
microVA_R_5-6+,4,201875.16928,201926.98368,51.814400000002934,201875.16928,201926.98368,51.814400000002934,3,5.050046275052043,RankSurprise
microVA_R_5-6+,4,219790.09024,219858.86208,68.77184000000125,219790.09024,219858.86208,68.77184000000125,3,4.441944675684539,RankSurprise
microVA_R_5-6+,4,222617.64096,222868.11136,250.47040000002016,222617.64096,222868.11136,250.47040000002016,4,4.0560996140286285,RankSurprise
microVA_R_5-6+,4,245262.66368,245357.07648,94.41279999999097,245262.66368,245357.07648,94.41279999999097,3,3.8948636348955397,RankSurprise
microVA_R_5-6+,4,246896.18944,247347.48672,451.29727999999886,246896.18944,247347.48672,451.29727999999886,5,4.096579300775918,RankSurprise
microVA_R_5-6+,4,262717.44,262919.04512,201.605120000022,262717.44,262919.04512,201.605120000022,4,4.332511032842451,RankSurprise
microVA_R_5-6+,4,271145.1648,271410.7904,265.6255999999703,271145.1648,271410.7904,265.6255999999703,5,5.511320132305265,RankSurprise
microVA_R_5-6+,4,274785.44384,274948.95616,163.5123199999798,274785.44384,274948.95616,163.5123199999798,4,4.946166820650941,RankSurprise
microVA_R_5-6+,4,276031.24224,276129.30048,98.05823999998393,276031.24224,276129.30048,98.05823999998393,3,3.7625830241726685,RankSurprise
microVA_R_5-6+,4,299599.13472,299618.34496,19.210240000043996,299599.13472,299618.34496,19.210240000043996,3,7.091266603911681,RankSurprise
microVA_R_5-6+,4,327046.38976,327283.46624,237.0764799999888,327046.38976,327283.46624,237.0764799999888,4,3.926892549094152,RankSurprise
microVA_R_5-6+,4,332333.6704,332638.0032,304.33279999997467,332333.6704,332638.0032,304.33279999997467,5,4.929587509657189,RankSurprise
microVA_R_5-6+,4,351073.32096,351288.23808,214.91711999999825,351073.32096,351288.23808,214.91711999999825,6,8.610552948966493,RankSurprise
microVA_R_5-6+,4,357962.91584,358001.00864,38.09280000004219,357962.91584,358001.00864,38.09280000004219,3,5.776519394083838,RankSurprise
microVA_R_5-6+,4,360340.64384,360638.464,297.82016000000294,360340.64384,360638.464,297.82016000000294,5,5.156755727954412,RankSurprise
microVA_R_5-6+,4,370490.1632,370553.2416,63.07839999999851,370490.1632,370553.2416,63.07839999999851,3,4.714369477953085,RankSurprise
microVA_R_5-6+,4,373230.63296,373312.83968,82.2067199999583,373230.63296,373312.83968,82.2067199999583,3,4.16274308005114,RankSurprise
microVA_R_7-8+,0,7625.19552,10344.61184,2719.4163199999994,7625.19552,10344.61184,2719.4163199999994,21,6.984857567826849,RankSurprise
microVA_R_7-8+,0,58831.99488,59134.68928,302.6944000000003,58831.99488,59134.68928,302.6944000000003,5,4.357824046699665,RankSurprise
microVA_R_7-8+,0,70996.3776,71040.8192,44.44159999999101,70996.3776,71040.8192,44.44159999999101,3,4.819755231737034,RankSurprise
microVA_R_7-8+,0,82007.12192,82073.76384,66.64191999999457,82007.12192,82073.76384,66.64191999999457,4,6.77597509931655,RankSurprise
microVA_R_7-8+,0,83697.50016,83716.58752,19.087360000004992,83697.50016,83716.58752,19.087360000004992,4,10.584949998800656,RankSurprise
microVA_R_7-8+,0,84851.95776,84956.32384,104.36607999999251,84851.95776,84956.32384,104.36607999999251,4,5.559567177154097,RankSurprise
microVA_R_7-8+,0,92303.40096,92481.37216,177.97119999999995,92303.40096,92481.37216,177.97119999999995,4,4.209672561675593,RankSurprise
microVA_R_7-8+,0,115031.73632,115247.43168,215.6953599999979,115031.73632,115247.43168,215.6953599999979,4,3.6214929804147182,RankSurprise
microVA_R_7-8+,0,124841.1648,125307.53536,466.37055999999575,124841.1648,125307.53536,466.37055999999575,6,4.6448835281152565,RankSurprise
microVA_R_7-8+,0,130850.73408,131592.51968,741.7856000000029,130850.73408,131592.51968,741.7856000000029,7,3.7829820953278595,RankSurprise
microVA_R_7-8+,0,165465.33376,165532.01664,66.68287999997847,165465.33376,165532.01664,66.68287999997847,4,6.819141973718628,RankSurprise
microVA_R_7-8+,0,170380.288,170645.38112,265.093120000005,170380.288,170645.38112,265.093120000005,5,4.8207688150017525,RankSurprise
microVA_R_7-8+,0,171732.86912,171948.07296,215.20384000000195,171732.86912,171948.07296,215.20384000000195,6,7.617329498906209,RankSurprise
microVA_R_7-8+,0,174191.32928,174242.48832,51.15903999999864,174191.32928,174242.48832,51.15903999999864,3,4.60405573212666,RankSurprise
microVA_R_7-8+,0,205738.76224,205858.69312,119.93087999999989,205738.76224,205858.69312,119.93087999999989,4,5.175683858806277,RankSurprise
microVA_R_7-8+,0,208940.52352,209493.6064,553.0828800000018,208940.52352,209493.6064,553.0828800000018,6,4.446758341803048,RankSurprise
microVA_R_7-8+,0,213112.46336,213292.72832,180.26496000000043,213112.46336,213292.72832,180.26496000000043,4,3.981714263007209,RankSurprise
microVA_R_7-8+,0,218688.7168,218707.88608,19.16928000000189,218688.7168,218707.88608,19.16928000000189,3,6.472149295506103,RankSurprise
microVA_R_7-8+,0,222442.86464,222568.07936,125.21471999998903,222442.86464,222568.07936,125.21471999998903,4,4.996768182545335,RankSurprise
microVA_R_7-8+,0,227154.98496,228890.0096,1735.0246399999887,227154.98496,228890.0096,1735.0246399999887,14,5.053549035005202,RankSurprise
microVA_R_7-8+,0,241583.39072,241899.9296,316.53888000000734,241583.39072,241899.9296,316.53888000000734,5,4.224080006298337,RankSurprise
microVA_R_7-8+,0,242754.72384,242833.03936,78.31552000000374,242754.72384,242833.03936,78.31552000000374,3,3.821002462536402,RankSurprise
microVA_R_7-8+,0,248462.99136,248885.20704,422.2156799999939,248462.99136,248885.20704,422.2156799999939,6,4.7920186783601295,RankSurprise
microVA_R_7-8+,0,262422.89664,262664.27392,241.37728000001516,262422.89664,262664.27392,241.37728000001516,5,4.93695983470797,RankSurprise
microVA_R_7-8+,0,278142.23872,278267.41248,125.17375999997603,278142.23872,278267.41248,125.17375999997603,4,5.052546944143401,RankSurprise
microVA_R_7-8+,0,296814.51008,296850.67776,36.167680000013206,296814.51008,296850.67776,36.167680000013206,3,5.194393418820386,RankSurprise
microVA_R_7-8+,0,303970.63168,305014.08768,1043.4560000000056,303970.63168,305014.08768,1043.4560000000056,9,4.5276427311875,RankSurprise
microVA_R_7-8+,0,308987.65824,309046.14912,58.49087999999756,308987.65824,309046.14912,58.49087999999756,4,7.288857737570829,RankSurprise
microVA_R_7-8+,0,309762.4576,310029.02528,266.5676799999783,309762.4576,310029.02528,266.5676799999783,5,4.831690348936892,RankSurprise
microVA_R_7-8+,0,316964.0448,317013.85216,49.80736000003526,316964.0448,317013.85216,49.80736000003526,3,4.62977982539163,RankSurprise
microVA_R_7-8+,0,321911.72608,321980.45696,68.73087999998825,321911.72608,321980.45696,68.73087999998825,3,3.9735435015749925,RankSurprise
microVA_R_7-8+,0,326341.75488,326412.0832,70.32831999997143,326341.75488,326412.0832,70.32831999997143,4,6.74753844161739,RankSurprise
microVA_R_7-8+,0,327512.6784,327654.4,141.72160000004806,327512.6784,327654.4,141.72160000004806,5,6.9153040221364535,RankSurprise
microVA_R_7-8+,0,341372.1088,341837.86496,465.7561599999899,341372.1088,341837.86496,465.7561599999899,7,5.3236979969878995,RankSurprise
microVA_R_7-8+,0,350871.1424,350900.10112,28.958719999995083,350871.1424,350900.10112,28.958719999995083,3,5.933681755378185,RankSurprise
microVA_R_7-8+,0,356042.3424,356356.01408,313.67167999997037,356042.3424,356356.01408,313.67167999997037,6,5.691877349724585,RankSurprise
microVA_R_7-8+,0,360162.75456,360207.07328,44.31872000003932,360162.75456,360207.07328,44.31872000003932,4,7.7456767364212595,RankSurprise
microVA_R_7-8+,0,361529.1392,361920.79872,391.6595200000447,361529.1392,361920.79872,391.6595200000447,5,3.6598265765621107,RankSurprise
microVA_R_7-8+,0,372491.50976,372503.83872,12.328960000013467,372491.50976,372503.83872,12.328960000013467,3,7.164767795112683,RankSurprise
microVA_R_7-8+,1,11112.2432,11205.4272,93.18399999999929,11112.2432,11205.4272,93.18399999999929,3,3.663025639899141,RankSurprise
microVA_R_7-8+,1,17812.64384,18528.70656,716.0627199999981,17812.64384,18528.70656,716.0627199999981,7,4.352849060671912,RankSurprise
microVA_R_7-8+,1,20679.80288,20773.92896,94.12608000000182,20679.80288,20773.92896,94.12608000000182,3,3.620288775926502,RankSurprise
microVA_R_7-8+,1,35833.11872,36054.30272,221.1840000000011,35833.11872,36054.30272,221.1840000000011,4,3.6126172849598284,RankSurprise
microVA_R_7-8+,1,51654.0416,52384.44032,730.3987200000047,51654.0416,52384.44032,730.3987200000047,9,6.306714087352836,RankSurprise
microVA_R_7-8+,1,83631.75936,83700.736,68.97664000000805,83631.75936,83700.736,68.97664000000805,3,4.28648357011391,RankSurprise
microVA_R_7-8+,1,93235.56864,93915.62752,680.0588799999969,93235.56864,93915.62752,680.0588799999969,7,3.825156357286835,RankSurprise
microVA_R_7-8+,1,95810.19136,96729.33376,919.142399999997,95810.19136,96729.33376,919.142399999997,11,7.833507017528225,RankSurprise
microVA_R_7-8+,1,111372.94336,111680.512,307.5686399999977,111372.94336,111680.512,307.5686399999977,5,4.36548395922248,RankSurprise
microVA_R_7-8+,1,117152.11264,117298.09408,145.98143999998865,117152.11264,117298.09408,145.98143999998865,4,4.807549538490246,RankSurprise
microVA_R_7-8+,1,119970.73408,120045.44512,74.71104000000923,119970.73408,120045.44512,74.71104000000923,3,3.9807099626547213,RankSurprise
microVA_R_7-8+,1,130456.24832,130664.36608,208.11776000000827,130456.24832,130664.36608,208.11776000000827,4,3.661487250639478,RankSurprise
microVA_R_7-8+,1,132556.06272,133291.78624,735.7235199999996,132556.06272,133291.78624,735.7235199999996,7,3.767864975768736,RankSurprise
microVA_R_7-8+,1,137425.55136,137508.90496,83.35360000000219,137425.55136,137508.90496,83.35360000000219,3,3.778613929481656,RankSurprise
microVA_R_7-8+,1,141662.37184,142206.5664,544.1945600000035,141662.37184,142206.5664,544.1945600000035,6,4.052049835428686,RankSurprise
microVA_R_7-8+,1,170523.27936,170592.21504,68.93568000002415,170523.27936,170592.21504,68.93568000002415,3,4.28648357011391,RankSurprise
microVA_R_7-8+,1,171323.14624,171479.90016,156.75391999998828,171323.14624,171479.90016,156.75391999998828,4,4.6741936426194854,RankSurprise
microVA_R_7-8+,1,174260.75648,174348.65664,87.90015999999014,174260.75648,174348.65664,87.90015999999014,4,6.4964553261157185,RankSurprise
microVA_R_7-8+,1,196659.36384,196755.94752,96.58367999998154,196659.36384,196755.94752,96.58367999998154,3,3.545590975610155,RankSurprise
microVA_R_7-8+,1,219072.34816,219284.11136,211.7632000000158,219072.34816,219284.11136,211.7632000000158,4,3.813063340307526,RankSurprise
microVA_R_7-8+,1,232882.42176,232922.23488,39.813120000006165,232882.42176,232922.23488,39.813120000006165,3,5.433955639018867,RankSurprise
microVA_R_7-8+,1,257189.84704,258673.17248,1483.325440000015,257189.84704,258673.17248,1483.325440000015,11,4.040409259635751,RankSurprise
microVA_R_7-8+,1,259751.07584,260736.57344,985.4976000000024,259751.07584,260736.57344,985.4976000000024,9,4.398420982328769,RankSurprise
microVA_R_7-8+,1,271883.71456,272090.68544,206.97087999997893,271883.71456,272090.68544,206.97087999997893,5,5.970269719963987,RankSurprise
microVA_R_7-8+,1,274170.88,275087.31904,916.4390399999684,274170.88,275087.31904,916.4390399999684,9,5.032738255539191,RankSurprise
microVA_R_7-8+,1,283780.75136,284334.85824,554.1068799999775,283780.75136,284334.85824,554.1068799999775,6,3.853827820423683,RankSurprise
microVA_R_7-8+,1,293658.29632,293731.69664,73.40031999995699,293658.29632,293731.69664,73.40031999995699,3,4.052883221880128,RankSurprise
microVA_R_7-8+,1,300880.11776,301030.23616,150.11839999997756,300880.11776,301030.23616,150.11839999997756,4,4.6741936426194854,RankSurprise
microVA_R_7-8+,1,311931.16672,311981.91616,50.74944000004325,311931.16672,311981.91616,50.74944000004325,3,4.903585419179906,RankSurprise
microVA_R_7-8+,1,314501.61152,314573.49632,71.88479999999981,314501.61152,314573.49632,71.88479999999981,3,4.116889139399936,RankSurprise
microVA_R_7-8+,1,316304.384,317007.09376,702.7097599999979,316304.384,317007.09376,702.7097599999979,7,3.5217048306385816,RankSurprise
microVA_R_7-8+,1,319137.91488,319206.64576,68.73087999998825,319137.91488,319206.64576,68.73087999998825,3,4.358564093456284,RankSurprise
microVA_R_7-8+,1,322185.50272,322686.52544,501.0227200000081,322185.50272,322686.52544,501.0227200000081,6,3.861923271709949,RankSurprise
microVA_R_7-8+,1,330092.544,330117.40672,24.862720000033733,330092.544,330117.40672,24.862720000033733,3,6.414200267635106,RankSurprise
microVA_R_7-8+,1,342297.51808,342324.10112,26.58303999999771,342297.51808,342324.10112,26.58303999999771,3,6.188138710165182,RankSurprise
microVA_R_7-8+,1,353384.73472,354391.08096,1006.3462399999844,353384.73472,354391.08096,1006.3462399999844,9,3.7151878597414383,RankSurprise
microVA_R_7-8+,1,364459.86816,364554.19904,94.33087999996496,364459.86816,364554.19904,94.33087999996496,3,3.620288775926502,RankSurprise
microVA_R_7-8+,1,375030.3744,375375.0528,344.67840000003343,375030.3744,375375.0528,344.67840000003343,5,4.140216044991735,RankSurprise
